,open,high,low,Close,vclose,vopen,vhigh,vlow,VIX,SPY,TNX,rsi14,rsi9,rsi24,MACD5355macddiff,MACD5355macddiffslope,MACD5355macd,MACD5355macdslope,MACD5355macdsig,MACD5355macdsigslope,MACD12269macddiff,MACD12269macddiffslope,MACD12269macd,MACD12269macdslope,MACD12269macdsig,MACD12269macdsigslope,lowTail,highTail,openTail,IntradayBar,IntradayRange,CloseOverSMA5,CloseOverSMA10,CloseOverSMA12,CloseOverSMA20,CloseOverSMA30,CloseOverSMA65,CloseOverSMA50,CloseOverSMA100,CloseOverSMA200,VolOverSMA5,VolOverSMA10,VolOverSMA12,VolOverSMA20,VolOverSMA30,VolOverSMA65,VolOverSMA50,VolOverSMA100,VolOverSMA200,Ret1day,Ret4day,Ret8day,Ret12day,Ret24day,Ret72day,Ret240day,RSC,bands_l,bands_u,ADX,cloudA,cloudB,closeVsIchA,closeVsIchB,IchAvIchB,CondVol_1,CondVol_4,CondVol_8,CondVol_12,CondVol_24,CondVol_72,CondVol_240,CV1vCV4,CV4vCV8,CV8vCV12,CV12vCV24,CV8vCV24,CV24vCV240,RSC_VIX,RSC_VIX_IV,RSC_VIX_real,RSC_VIX_IV_real,RSC_IV_gar,close_spy_corr22,close_tnx_corr22,vclose_VIX_corr22,garch_IV_corr22,close_spy_corr65,close_tnx_corr65,vclose_VIX_corr65,garch_IV_corr65,close_spy_corr252,close_tnx_corr252,vclose_VIX_corr252,garch_IV_corr252
3069,-1.448036449511135,-1.345547999410647,-1.3555087350981359,-1.3358475912882275,-0.4562199720483735,-0.5283221310410445,-0.6176020457015218,-0.6914540100111464,0.614545103858278,-0.1481651400524883,2.5054553597494627,-0.6308835017686397,-0.37298657253089973,-0.9151401503718124,-0.2509896560138632,1.335615125337717,-0.9639613609557574,0.642806783343555,-0.9418150053997569,-0.2509896560138636,-0.1174493587121627,0.6173071994720336,-0.9296407102368138,0.3336902913002136,-0.9486420798862795,-0.11744935871216351,1.9155441137049032,1.5835837228438747,1.3895541784110585,0.8774361771004696,-0.060991138866563425,0.4076215594365623,-0.4797842528789859,-0.43812425947631334,-0.4007246881198478,-0.6887120568628353,-1.1368775935610071,-0.9229843282845823,-0.8602771481813349,-0.7295300956550117,-0.24089088440511974,0.6466865458638372,0.8653043388122479,1.246174354549999,1.220615036568028,1.2483152847078094,1.0768642707043146,1.1688721251361536,1.087527417679959,0.8333556099468002,-0.7693717572984385,-0.15960855568101515,-0.17606954682398243,-0.6778890440926588,-1.5120784961021596,-1.186647855465389,1.7009073146102471,-1.1447193788416403,-1.2866273765419747,0.9315207654850531,-1.2538430308121005,-0.9906894290465783,-0.6328342718943563,-0.923883274287593,-0.8963116833823366,0.47383604338088486,1.5900628718789744,0.09372982939555166,-0.32908917574177493,0.4913546124753908,1.8586474263240222,0.2986234857446925,-1.6072252999034469,1.2196439282261566,0.4851652443389157,-1.0127453898577696,-0.4682970138363431,-0.19209354518633337,0.27840969174297087,-0.6077637076790509,-0.6055463821131636,-0.6232322140979576,-0.6345662944165154,0.38112913782593577,-1.0671979251913155,-0.967832915309836,-1.8117231642738496,1.275574199127754,-2.521269992962149,1.095445406774388,-1.9868569885362368,-0.8798883707449655,-2.1912246957856314,-1.222762518326864,-3.1850403932288183
3070,-1.3661724430559925,-1.4256020061359644,-1.5506778916875685,-1.5891621933256124,-0.18896426083808127,-0.45773155736059096,-0.4778259618237302,-0.49567047323679003,0.7983649702900705,-0.24317574443558268,2.467093528856883,-1.0594237045762531,-0.8774810990753774,-1.2912553600389969,-0.4858644582462509,-0.5132222021678684,-1.057237241468958,-0.6415776616870195,-0.990201248977979,-0.4858644582462534,-0.2653225272228894,-0.5927086625434637,-0.9906821301108164,-0.5791367485013508,-0.9676377488224439,-0.26532252722289007,-1.3766272738355974,-0.6524079443403163,0.5127181632741461,-1.5494897253636406,1.2310042830510763,-0.7409813128715501,-1.3526432075854065,-1.2322035917123442,-0.9901523516640607,-1.1138255471272227,-1.428145334867361,-1.2484459282318634,-1.1439555230404248,-1.0089582320502781,-0.9222064977527277,-0.09451555527814255,0.10511119358083461,0.5064338274408283,0.6580310268592768,0.5609000266480043,0.39891458598071455,0.4933212835666287,0.43137901513556126,-1.6900868264257918,-1.1426506716269615,-0.879752924340344,-0.551650083864015,-0.9086393919684927,-1.6013685077942859,-1.3578696402666104,-1.3565648416193263,-1.2000392313765238,-1.303931253546772,0.9502294007427019,-1.2674911824023025,-1.1057615732044246,-1.388036208964772,-1.1881525031340925,-0.7468724410610247,0.36108037567350526,0.41311778108712455,-0.7615569197595643,-0.8566241686285391,0.05017867655566189,1.8522703327372423,0.33641306806715343,-0.39190613539271446,1.2926885499107865,0.2395346868840444,-1.0036396352932178,-0.6441661320857165,-0.32232625164396095,0.15040246687262157,-0.5317942356289238,-0.7970018997144739,-0.805746808608376,-0.44317935481777965,0.7012829647654254,-0.989083060939586,-1.2825367927313343,-1.867557728177139,1.2755054874246956,-2.4789069740958243,1.0502441980397825,-1.829098664310923,-0.8456444817994445,-2.2339756047939883,-1.2932317308014578,-3.252298405891929
3071,-1.5310569225260944,-1.429637441680248,-1.4422907908818225,-1.377321733118479,-0.6530160532886456,-0.20852885522090325,-0.43400984142059457,-0.4362013137779998,0.37409424970975635,-0.02756565362513304,2.502018710274963,-0.5091344721327088,-0.254604518109401,-0.8191836371499303,0.03748919277947196,1.15064339832332,-0.958743990986895,0.7341357031452129,-0.9886810895003627,0.037489192779471346,-0.0787069443509036,0.7561154215892884,-0.9461131955724844,0.45987647285670996,-0.9732476846344532,-0.07870694435090618,0.7726040146598578,-0.0242304220947255,-1.0728915352992776,1.199732295091216,-0.021584600828033252,0.7430633464319949,-0.34486861043388917,-0.43313217279130967,-0.3974078380909221,-0.6420548865911785,-1.1207730137331628,-0.9037244620393015,-0.9113187591858816,-0.7653036553357148,-1.3731735576028028,-0.624318677509649,-0.45554264239724146,-0.06453131179925703,0.10091059112145262,-0.02222432151347705,-0.15324249180089655,-0.05243136819585304,-0.11381062149694654,1.42830593096439,-0.3106943166678047,-0.806025915509009,-0.4545229345096642,-0.4060290883390276,-1.492951596038238,-1.303147688887017,0.6352978238282999,-1.202110878186554,-1.3430175949282792,0.9670184685896096,-1.3208248174601296,-1.0969357511682012,-0.5696292903538489,-0.8751910731551392,-0.8698533014451781,0.7476456240323475,0.850253524643772,0.45174032150155263,-0.24882751697294983,0.5015758692804823,2.0398210007808464,0.6021991722160996,-0.8061759091732799,0.15229257625107126,0.7521302484014696,-0.9387019928846555,-0.20027441869441248,-0.48936287708841014,1.1168590184328362,0.7734934158609227,-0.3487494938163636,-0.3830975362548801,-0.983454729952752,0.8022996024024199,-0.8912131742221976,-1.4556042958456858,-2.000680365730578,1.2635061969083,-2.4384093324112213,1.0046755393583158,-1.661439474886203,-0.8162241743503337,-2.2623586362067325,-1.3634888472654159,-3.351404509184296
3072,-1.3569942741032688,-1.3812960416706659,-1.291695501615156,-1.3457926441109362,-0.8981317648797315,-0.5799768839234063,-0.834935353298541,-0.7127370252584184,-0.08772890000722199,0.08932466638940705,2.4635105737793372,-0.4438462897981477,-0.1808134425986426,-0.7619290124453443,0.4030352522520681,0.7861864295624532,-0.8583589683951682,0.754850592243466,-0.9534621650449009,0.4030352522520663,0.11470366942909652,0.7674702244380592,-0.8884424624124316,0.6025314293636547,-0.965471795459807,0.11470366942909427,1.062541579148094,0.3977805077323823,1.135502254215029,0.1572376893425695,-1.134306227643164,0.49855309294508465,-0.02304157252906775,-0.263775042797715,-0.2857031988301568,-0.5204999858013678,-1.0491867917907847,-0.8201677401738284,-0.8798488568552769,-0.7222927894457724,-1.0601388855752631,-0.938907072468441,-0.7970403871272935,-0.419295848887833,-0.24645577401041593,-0.35430389543364527,-0.48693183039550847,-0.3903221526244496,-0.45141819076726575,0.21596516368184596,1.1572918686534939,-0.9572835796335141,-0.469063068156653,-0.29081364905649915,-1.3339419584381071,-1.3151063053529872,-0.21709923301310063,-1.2029729300741931,-1.3727719386998405,0.953465752606644,-1.3718596945855526,-1.0994194614159967,-0.31215919907990247,-0.8220566820950022,-0.9706727861590433,0.836963642059861,-0.2658271711791034,0.3369528526228411,-0.3633832449300683,-0.4266026396236386,1.846716070935059,0.5821223346241928,0.36530882644661855,-0.6382600995456252,0.7706379603305012,0.16289724680192993,0.7277498732841965,-0.6604417714333944,1.2644545167919623,0.8059814110535285,0.12436329041107391,0.07947464416687065,-1.1429597180730109,0.8842355060188898,-0.7547666432852319,-1.3654603778648984,-2.1161428268434426,1.25573418311087,-2.4007744917487086,0.9909656501599783,-1.5793868958794386,-0.7954186810153654,-2.2936930108365696,-1.4089287543306446,-3.4355295881459083
3073,-1.3020510022623202,-1.341496843985767,-1.2969895675770897,-1.3681497759963437,-1.140030707696074,-0.874055105902361,-1.043587703631122,-0.9715652095766716,-0.45541625440741484,0.2833847233816086,2.2222696814712015,-0.49283148937655824,-0.2439642293948546,-0.8016471883179888,0.5341016421372684,0.2676726146421111,-0.7929330940504563,0.52106601319333,-0.907770669707432,0.5341016421372665,0.247351619923073,0.5110753376613627,-0.8412487722299417,0.5203527254393868,-0.9492590794805714,0.2473516199230736,-0.013450915235245695,0.3588111785804086,0.36406376150340225,-0.3822649273037645,-0.6323670036608996,0.26206086656274435,0.06181573639847657,-0.21989010630332867,-0.31538723227012544,-0.4966766447139561,-1.0453927748124636,-0.8188818067717639,-0.906797912719378,-0.7391477609008619,-0.40827763160135344,-0.6887648580232923,-0.5294484976667895,-0.14525652859094468,0.06673141177190613,-0.03750636607701677,-0.19406786604802595,-0.07359086986412351,-0.1391716660096956,-0.11982407478326217,0.3132613103688264,-0.8185371861844678,-0.4019358023129201,-0.255108594828344,-1.3499858401504001,-1.3924698507426883,-0.8506997981515051,-1.217221051325753,-1.3780469021567356,0.916054304168173,-1.379693576418021,-1.0937896449486917,-0.34261950249497375,-0.8563947285791846,-0.9967139211809848,0.5949328922194321,-0.10678683879560145,0.6416860131628302,-0.330374496103313,-0.7085575627296439,1.5392815626876446,0.6154860826747863,0.17366956654993732,-0.8800848714048736,1.0212545784490656,0.5586520790091699,1.2359887411703472,-0.7451377982089896,0.9746085907037936,0.49934363897292877,0.48744220979446595,0.4472654614369565,-0.940655988771875,0.8906739398511562,-0.6661885155082413,-1.0079422360793995,-2.143975162147252,1.2437146521531313,-2.361511878726772,0.9824927849336761,-1.5357500563929996,-0.7726571716302011,-2.3303059300619218,-1.4601644556752253,-3.5298154299382984
3074,-1.3578638005339783,-1.2840646581416297,-1.3067669028351099,-1.2079244914286016,-1.5484861981046607,-1.0977055622355674,-1.3227218148806126,-1.3624636278495001,-0.8099440225707913,0.6406329819099561,1.908430379078995,-0.06327927893051284,0.26120279347654357,-0.4405282301847266,0.9797981188858369,0.9247340988522083,-0.6275980519706857,1.2220674663879587,-0.8215637997417687,0.9797981188858363,0.5454901048274395,1.127942056625931,-0.7312476617447813,1.1522191078650579,-0.9133696170322382,0.5454901048274367,-0.03108912048739762,0.5029340071746077,-0.3287193642993663,1.1713720635333689,0.09586944114669982,1.153283817223263,0.8276782450743412,0.515697465344419,0.13607389820749224,-0.10989645997072958,-0.8048179227796519,-0.5494677274369107,-0.7275758293910909,-0.5472599336412763,0.08660028397122899,-0.5578024249391581,-0.41947052050866945,-0.034003779065229355,0.22368663660362983,0.12768829478721164,-0.047796179477815934,0.0968105654439358,0.02904447768195085,1.0908126704804733,0.44348807266820367,-0.26280396418301466,0.1063474220786064,0.04293503744525909,-1.20332097082216,-1.3569748569143871,-0.19847051385593795,-1.2130839052730649,-1.3804525121378044,0.8427729754852812,-1.4043981193886046,-1.1137396293302766,0.2809349902611935,-0.5844461131606165,-1.0170577290390521,0.3736202867974681,-0.8214624394508082,0.41283913150608015,-0.4278784008898192,-0.7804831844064698,1.5631298741547208,0.7513631887399801,0.891688332754464,-1.1830879094626625,0.8933525990002529,0.5316765540629141,1.1116598747404043,-0.885424215538251,0.789624578502087,0.3116796518130586,0.8375298467793162,0.8001010266713687,-0.8077123037192708,0.9237642848044454,-0.6245207575500643,-0.6022760972477716,-2.115505708973874,1.2208621210026833,-2.3196150865537644,0.9868791280057464,-1.5648227814809514,-0.7531195799181447,-2.355516378825439,-1.495798460577314,-3.614657508305428
3075,-1.1121695538906613,-1.1162963861055597,-1.05831250496633,-1.127456418585829,-1.6543998804585056,-1.5485106626743288,-1.7480597603678223,-1.6796650938540443,-1.030038058315609,0.8197302275745194,1.6250815824411189,0.13466099278118837,0.4868326089026273,-0.27028355740461324,1.2897730739056719,0.6562347765665716,-0.45332737919950195,1.2500166329298898,-0.7053971500015188,1.2897730739056694,0.838396791650347,1.090806010729081,-0.6032000389352985,1.310643625768819,-0.8582720680679565,0.8383967916503469,1.7298454349959065,1.3758729920102695,1.591036490271059,-0.022275936736837317,-0.7264167473526045,1.0645584182677545,1.1441862339446727,0.8861444146388293,0.35101985742355635,0.09318699191131485,-0.6689127307913898,-0.4026201312787578,-0.6367826493367131,-0.4464229478472455,-0.09204251245237877,-0.7815479543702437,-0.6733380178440205,-0.29166416488027264,-0.07191834713125225,-0.14837729923538093,-0.2980986713479875,-0.16459798869196893,-0.22797404747735087,0.5422481431742289,1.5810210564545544,0.23599543510299315,0.10380100327691584,0.21350456213027172,-1.1571427474105704,-1.2656136799179876,-0.07342496981731048,-1.2049085916644255,-1.3758402526871623,0.6610969346483997,-1.4106659405234874,-1.1885817087240644,0.5897284321905952,-0.37326485800710046,-0.9147876126563723,0.34041358865862525,-0.9078166382720556,-0.5390507864959359,-1.144038912609752,-1.2588210247689382,1.2925229119935782,0.7430681085653275,0.9763417848355955,-0.11697063162202039,0.8074037021909527,0.36174085583080906,0.9080342307851932,-0.9678761388198244,0.6067082502512087,-0.11783345622421638,1.0588286045255848,1.02056933743895,-0.8003080146534305,0.9124554553188815,-0.5780880494571484,-0.23053680985030578,-2.0777775325068735,1.1902339206811128,-2.2782154129451766,0.9972451945392552,-1.5954625236214008,-0.7281221739266414,-2.37134711859904,-1.5238531131444868,-3.6844679630106962
3076,-1.1254837120388412,-1.1591624623084136,-1.0943739754076387,-1.1744084730374558,-1.5230715334692169,-1.6232476863043797,-1.6329690922901274,-1.4869810701919939,-1.030638306515679,0.8494136542662744,1.860271900590958,0.01710308535215874,0.3190766248859494,-0.3582479795208097,1.1941620839066813,-0.19940584283971421,-0.3615715679691753,0.6601627612616536,-0.5967315538239892,1.19416208390668,0.9635689402647284,0.4502999326475747,-0.5113479987511726,0.9416494919194305,-0.795414730021842,0.9635689402647262,-0.21899770425816037,-0.29912752807526954,-0.06487686745998039,-0.2446945551123729,-0.7952415837645265,0.5123308341291314,0.9122021355553568,0.7529741883239917,0.24289639628776047,0.042882649867599966,-0.6964678179985204,-0.4390640765193124,-0.6910585433018308,-0.49295738988922283,0.38409660938260015,-0.4521789022119603,-0.3541928321122139,0.0369627585475297,0.28606451967020013,0.26015298010865484,0.0777323819431558,0.2272847741256436,0.16821662002028046,-0.2717664714524097,0.7222631992644672,0.28286246617567257,-0.2871238127171541,-0.07354918129923828,-1.2471172214114514,-1.293555202730038,-0.35824843796563743,-1.198694649399458,-1.3703125010414883,0.5138765341345692,-1.4100598151249957,-1.179112262658431,0.46089931690612673,-0.44770150235120426,-0.9293994442508731,0.15702575241191594,0.4406111231418556,-1.1069541696246816,-1.2118935361161183,-1.4695412896264697,1.1987757822543477,0.6333090229530947,-0.43979888072962503,1.677259976100714,0.3468367524407483,0.5668427934064555,0.7210090782624735,-0.9032912765150528,0.14392629426552128,-0.7764578702401875,1.0511670346234903,1.022423075566728,-0.5696648673226278,0.8754526489493425,-0.543291665137735,0.0016032043994992436,-2.0329702669768888,1.160403869221072,-2.23820080299471,1.0197676952699364,-1.6079364544371464,-0.6975964843634266,-2.3971776228357706,-1.5455318035409493,-3.715221640603915
3077,-1.200965393690798,-1.2615151037351986,-1.1594797936207957,-1.2362432248983262,-1.582856340114648,-1.5798929555765544,-1.6372172451772997,-1.5189937486820926,-1.0485920833057827,0.9007056587638287,1.6296859510169401,-0.13969636441125324,0.09566937355041068,-0.47502391826198237,0.8982794885347527,-0.6313537139910819,-0.33523872799897114,0.20431982870754245,-0.5148061057384314,0.8982794885347506,0.9522586244942641,-0.05510671647325468,-0.4552630602545638,0.5829567973145668,-0.7336800277426958,0.9522586244942602,-0.40620501717050433,-0.7490873990255676,-0.4315414880041571,-0.16910320825388378,-1.1882264120352195,-0.019820646446628364,0.4514428326843343,0.5276184978771197,0.10114126783605062,-0.0510585530092722,-0.7386740990551035,-0.4972736860719197,-0.7604896781759307,-0.5585911185297889,-0.3834021161809504,-0.5603907607097963,-0.8022880330981963,-0.45468694107647906,-0.25767229388503615,-0.26375859265385593,-0.4142526213418112,-0.29300967693441576,-0.34415060947524667,-0.3747792872999868,0.42649756814825235,1.1715639604842518,-0.5655499207858528,-0.21488045978558584,-1.4478515965376124,-1.2694766428125188,-0.548953174997292,-1.1961604273844253,-1.3645039278228257,0.411988898548232,-1.3836394959585234,-1.1697898651168952,0.19354140692910618,-0.5464783404362953,-0.8912325106238262,-0.027105093681653043,-0.5514226290588067,-1.1221034902356488,-0.6378037179579651,-1.0868408223273167,1.3776581292996428,0.6762762913120891,0.5684415646613926,0.8706550009099568,-0.31712368521877327,0.6942788693074625,0.31791403124356576,-0.8655806998460546,0.008458985327464365,-0.7444504226503589,1.0612365566279867,1.0398305049787282,-0.38898214390294544,0.7869322929245585,-0.4572468383389603,0.21116670526486964,-1.9708884007334881,1.1142521182934755,-2.1946674777389195,1.0295831434074845,-1.619487183923658,-0.6747058033864187,-2.4205369711435885,-1.5622851709887942,-3.7122373853144803
3078,-1.241954251377548,-1.2755669081916445,-1.2131719518366566,-1.2423041851931913,-1.5624689904979563,-1.5470150790727706,-1.69798266279747,-1.4741529297023224,-1.1517128182196676,0.9146838818775956,1.506549378128393,-0.16406624875151427,0.05785274169901597,-0.4916750636335161,0.6857309307198476,-0.4558601527356747,-0.31284193600346943,0.17258843914640107,-0.45212778158546774,0.6857309307198459,0.9185743694800049,-0.13277539567572455,-0.40596379920158654,0.5074353386100833,-0.6741880209859159,0.9185743694800047,-0.3356173083183036,-0.0894896532618886,-0.23961534648423236,0.08362913806622276,-0.7837632929180854,-0.21958484485729737,0.3369072585425342,0.49962248035557927,0.10854860802101665,-0.023851172811667716,-0.7087837954065729,-0.46838645025607245,-0.7646572054529315,-0.5574132149754619,0.4511334514451874,0.24389137595789692,-0.2076914499820502,0.14093065491343273,0.42930956904922185,0.42901614369095054,0.22818464860420318,0.4216607846680012,0.3483609779233746,-0.01458234433154523,0.4788268580052688,0.578855452355467,-0.4120144138034614,-0.13026494106561656,-1.374830320220784,-1.2827846903147955,-0.044179538146848545,-1.1932665533380276,-1.373852926780522,0.34595743348937086,-1.3734846033056238,-1.1605687056619352,0.15818888145987553,-0.5595559614528745,-0.8840930633429994,-0.18222965767207586,-0.8772004130440372,-0.27246472100007335,-0.08843415161107399,-0.7984423000494509,1.7797877654290168,0.6683354398605468,0.890438843184513,-0.42113513113411416,-0.1573430189763298,0.9205678168983781,0.622298202042262,-0.798120621676191,-0.003971477244052337,-0.43744826727036107,1.1588532053296074,1.143838087728465,-0.2179076804328167,0.6877809962471363,-0.3863250591883167,0.3815702634569951,-1.8938897785033282,1.0687095253658,-2.1387249915914452,1.0414342563412857,-1.6199788100782575,-0.6534701723080503,-2.4477992830900894,-1.5824340688873333,-3.6963089944711696
3079,-1.1827472636825334,-1.2568148145104598,-1.1740084416686127,-1.2162999073369765,-1.4306159485652532,-1.544235903342662,-1.6368287610109313,-1.4837101957394916,-0.888869903008883,0.7428962296285454,1.7478493133010917,-0.09108524883565194,0.15245824476920203,-0.4339853620229944,0.6095569872448253,-0.16311693847715295,-0.2702502642550482,0.3020552148048962,-0.395638146608517,0.6095569872448251,0.909231587864522,-0.03620869565416036,-0.34922271255918086,0.5667412403398159,-0.6149478705679245,0.9092315878645225,0.29450188943836253,0.18339868966078185,0.39567891486780354,-0.14297851056550437,-0.9983237839434839,-0.042628652207023075,0.4035710637145616,0.4494845520632975,0.1869626609448327,0.06938870319170301,-0.636975540439336,-0.3938965445216717,-0.7337043883172674,-0.5172821399456934,0.6520624743336011,0.6063236717918574,0.36597281840122275,0.337437029805116,0.684309095381218,0.690715964207875,0.5000244149450191,0.7051115812931775,0.6327005230117284,0.19840156605690323,0.0401400873390783,0.3519454659112405,-0.19214813294205657,0.10819159736938788,-1.296105358475483,-1.3005064878026547,0.8329235596030858,-1.1845301289008614,-1.390068403200724,0.27532235619869755,-1.337806950140334,-1.1677592098364715,0.1485426523004928,-0.5039665014282525,-0.7976960820272676,-0.37277998243011856,-0.8971530355001583,-1.0535039208418786,-0.3024711392787017,-0.9116715272416962,1.6706070683472185,0.7066968807931676,0.8917369138397463,0.4983080740717185,-0.6594274076762303,0.8414398901667689,0.18461223947278388,-0.856076827661654,-0.713899137104353,-1.6522063676021996,0.8844322469141326,0.880409393862835,0.02106830268099174,0.6260906434342443,-0.29035720694774775,0.5094755856027542,-1.8151740937499514,1.0464648145879103,-2.0938232516819935,1.0486913652694083,-1.6105994214519679,-0.6290821142369657,-2.4713765864723913,-1.6260482890822048,-3.648943724353559
3080,-1.1923200231849942,-1.152192385166385,-1.1360980250439405,-1.1560996001753734,-1.7389404207019121,-1.4086001071203986,-1.5374614074524242,-1.5489912410135906,-1.2325359742845226,1.055839923134833,1.7294481274065654,0.08496462295331042,0.38375823832626654,-0.29580282306963496,0.6675569859624934,0.12095478635403151,-0.19382512931659254,0.5185273727978316,-0.33175077764623656,0.6675569859624922,0.9458918776491774,0.1496993491713969,-0.27440054371112843,0.7213930135572478,-0.552102143902596,0.9458918776491761,0.26568340149785163,0.85088026131075,-0.03421954138687023,0.32085094880671355,-0.2719510950614057,0.35061007948380546,0.45828358365513794,0.5724014879279935,0.3528782601593771,0.2161383498944359,-0.5236160907655416,-0.2802546513427278,-0.666455325758554,-0.4391632546157166,5.501051030525984,6.469724823110492,6.428396460863915,6.420767710778396,7.608095432791713,8.108019433934052,7.556413089456725,8.349276450888501,8.427038746531604,0.39235146806969023,-0.035536869197540434,1.1199316275006193,0.17173155367228585,0.0699674375840321,-1.25152402707999,-1.1491516437074867,-0.6827894131970391,-1.1750485728872841,-1.3968315311698716,0.13325598529359547,-1.2981314945968914,-1.158586274741338,0.2242628055502394,-0.41930980329097756,-0.7287513353301592,-0.5520603939258963,-0.8263879657086999,-1.1157290053308688,-0.6717919345496948,-1.264573572173441,1.5249576942356233,0.759612076747735,0.8001908050128648,0.6370027429901564,-0.3097077012821932,0.9029189098311085,0.49778795278567695,-0.9753596499821019,-0.007943560442750545,0.23913167983718847,1.2246194822024539,1.2232140452550875,0.13219458900623207,0.5389977595339269,-0.20072685173422677,0.7220597085813131,-1.6853537964101282,1.000693842000313,-2.0546493296380315,1.0634876172602026,-1.596273183502252,-0.6092601041471618,-2.485274849574455,-1.6750138335560985,-3.582564757960949
3081,-1.1593364693056716,-1.1692970057664633,-1.0731373762807577,-1.0666964835416717,-1.4267662155047642,-1.6000723426995918,-1.4783125794584457,-1.3257976120541488,-1.0408863949609193,1.030239058188672,1.7211712252054818,0.3555058958218098,0.7297776780022558,-0.08214269152715324,0.8398035428287769,0.36818656620267354,-0.07580623253908252,0.7835772819760968,-0.24879663115518075,0.839803542828776,1.042352861283547,0.3872910904254645,-0.1736350761114193,0.9452951516761218,-0.48098536436028017,1.0423528612835455,0.43789474143036705,-0.10219292571875736,0.22726452234980937,0.7002754396868494,-1.0978709817741816,0.7632144283562791,0.6911991829458356,0.8209595538094656,0.619192847774149,0.40947601349403173,-0.37402164401019194,-0.12018956808185138,-0.5655899804493193,-0.3251554183786953,-1.2345317499467596,-0.4372603061569017,-0.33889181949133307,-0.2678806128871533,0.09870916653508231,0.27049621157285775,0.1525584203741526,0.35923426645717327,0.3636551808145048,0.5851547409246183,0.38288813230194213,0.8058298391224744,0.4521605485250252,-0.06838901054306838,-1.0740177377944249,-1.164001202879894,0.7059307344739733,-1.1649887395555194,-1.385423249529026,0.0014084532480569537,-1.2895792507170103,-1.2218995088170435,0.49594916091033914,-0.20495362780590884,-0.606563600197427,-0.7018684283601678,-0.7580713534538133,-0.3749860101310612,-1.174293485918929,-1.2221103572796386,1.4397292793892986,0.567942097206203,0.7143100040962974,-0.20156933146823972,0.967122020869742,0.3284761958335069,0.9849686754585113,-0.7863285712027952,-0.8980478408449177,-1.3980780719951786,1.0239946300555525,1.0334097707281997,0.3721598279616159,0.542009161626807,-0.22580381201681196,0.8619726597972684,-1.5616249051471118,0.9603939835266975,-2.0232773236628474,1.0682250921308736,-1.5813914598483854,-0.6040332203725396,-2.476437192989927,-1.6896552591478435,-3.5484264348185417
3082,-0.9978478540254289,-0.8823708413098855,-0.8880334868380795,-0.8615259301443351,-1.579489191923363,-1.4585751371102968,-1.6460274283577678,-1.8554506866565286,-1.2199130217479042,1.4152858480589274,1.262389154697016,0.9178251919965422,1.3797836827533128,0.3881764807870703,1.293975009403117,0.9725878722802265,0.14626233721101084,1.455269584269649,-0.11764644209879545,1.293975009403116,1.2954039256013206,1.0129043038308412,-0.006913228973133677,1.5310634458744703,-0.38962215727228916,1.2954039256013181,1.2260440933386052,2.2112004085213286,1.0076911921257945,0.967106322990844,-0.004207908408658007,1.5322073835079242,1.3148320605434072,1.3394441208184547,1.1867218934095318,0.8242835553852905,-0.07447212740080572,0.2026544640951714,-0.33314636784871027,-0.07315750827348617,-1.3120607329987841,-0.5053360466766842,-0.355877415359022,-0.31670578996079546,0.047790763227236986,0.22655128804029637,0.14226001000410116,0.3344759216941879,0.34868943996156165,1.2934756089362947,1.2062135757601269,1.190143260951115,1.668549731083975,0.0755125467242718,-0.929045631493286,-1.0426704902490296,-0.023778439584981083,-1.1631819363718565,-1.357581418937668,-0.16241845069744948,-1.231734056252362,-1.2122481524139421,0.9805242123859714,0.10120849693532907,-0.5001072514613589,-0.8089754054741457,-0.8977950401675171,-0.826446672335976,-1.3334594673704447,-0.9914051416472202,1.1144057267415728,0.5773274454090661,0.848993112628719,0.2229219749619273,0.7245106204088143,-0.13195961927067307,0.43098788911335595,-0.7491569651222385,-0.444160150230189,-0.18107159796840008,1.2005614054005689,1.2120965725589048,0.44363440251121583,0.6298652081851897,-0.39989230078714266,0.9019256312296788,-1.3835974861778622,0.889134877649508,-1.9855334971325538,1.0770618269701302,-1.5567457977273087,-0.603906344969384,-2.45835466964021,-1.6836562699839253,-3.4936999291738986
3083,-0.8002439099147017,-0.7656633682051509,-0.7012213055340295,-0.7960824555483946,-1.690927117721607,-1.5450329208176863,-1.6879308444239336,-1.8293860731351195,-1.2059467260509686,1.4366075243637573,1.4700661138896065,1.0680196331750262,1.5323975827637761,0.524280947617104,1.4747877922156585,0.3917578328369737,0.3339544217243735,1.2146965318190543,0.03437111752285471,1.4747877922156565,1.4735906783233508,0.7234112365679283,0.1541635427899786,1.4549246967996656,-0.28293127425324954,1.473590678323349,1.217767018009502,0.8898641908565692,1.19552678220915,0.06743367787420866,-0.6934971670572535,1.3699794323770969,1.3300819283320302,1.3857316598789349,1.3411573910260315,0.9377682777022935,0.03404234828343884,0.31020290158144836,-0.26002582424874005,0.01349002169736006,-1.1459591964652924,-0.3544777836946326,-0.19114397007922354,-0.1613673633531095,0.22221841532372807,0.4377169680968067,0.385388665193444,0.5710300715567667,0.6048405417104293,0.4177254075364335,1.4175967530476805,1.3833599719760419,1.3004786883078256,0.3148016755179976,-0.6579149293335502,-1.066740035419777,0.36160222031298,-1.1565822195730942,-1.345149272565293,-0.25582439468039786,-1.1754660160275099,-1.2027094667464204,1.0183077489963595,0.1966273439311554,-0.39612070928161963,-0.6436877494580749,-0.10339245195955796,-0.24024746739862365,0.4651725060754268,-1.1772312279684654,0.8359796152252215,0.4195956323678139,0.041803651189323866,0.20185732336815135,-0.7571617680696836,1.9903322212177041,1.040872079890678,-0.6379868049738859,-0.5797119529900496,-0.9060027940450495,1.1930663613441723,1.1968258025279346,0.23584703518172104,0.7127344119034028,-0.5346407377199968,1.0032782885511184,-1.2310950113348311,0.8375811940558402,-1.9543436129286795,1.0912092336733927,-1.5439115414937425,-0.5971930399607536,-2.445705719114244,-1.6960643197278016,-3.455357011654137
3084,-0.8684219422594286,-0.9228993747000814,-0.8101808396716318,-0.840810822137942,-1.6001644698846373,-1.7004844190458768,-1.6938816417739557,-1.4792787234664952,-1.1558040531891078,1.4488060251992212,1.2503142982561948,0.8934536297891293,1.2498034453076454,0.4134952397457042,1.258980533769641,-0.46250166624891925,0.420693375783031,0.550655228407552,0.1660857958419349,1.25898053376964,1.4719675880471508,0.011546564395916815,0.26469405556777714,0.981864306952767,-0.17409670932569235,1.4719675880471497,-0.666763770510672,-1.11485531913358,-0.3802259751770545,0.2279881458311966,-1.1922074117343686,0.6603225452345065,0.9990989851144394,1.0601231551345733,1.1872459605774137,0.8223451938099502,-0.0022882525280011824,0.26085198963018696,-0.3127961201256734,-0.03137340093240271,-1.4422651077182251,-0.7077392557354784,-0.5841017439445417,-0.5113890393231638,-0.19316611218763205,0.011956549725696578,-0.019882542954698976,0.13647612875228618,0.1840544824164524,-0.248725374455116,1.1895287571417095,0.8909642725853021,0.9787004123277712,0.4031325851301915,-0.662186891470477,-1.1029820650777844,-0.31141354503112295,-1.1330842328249746,-1.3606147952878893,-0.41688795823653974,-1.1678402560832273,-1.1932808379506403,0.8599566022312288,0.12643370423439562,-0.3906004165238201,-0.7833798810603629,0.2960707485206382,0.11700043145250769,-0.09668076142735234,-1.4239760310221286,0.33305421750064357,0.44716569162201203,-0.3867979379774847,0.11549731876787404,0.22138956550242406,1.7150425743592728,1.549407145269358,-0.7155140005536074,-0.758897000496377,-0.990452182466774,1.1361517154092635,1.1472097354870576,0.40812120307332517,0.8057046760049918,-0.8463986643074626,1.0988713116585656,-1.0426762387060073,0.7962736753047853,-1.9184209668242436,1.1067706601861897,-1.5163438430540601,-0.5947097627190774,-2.429139994937559,-1.727437354068145,-3.4096162818494027
3085,-0.773843559426648,-0.8531880830884722,-0.786605714038468,-0.8291706634089728,-1.7508438053976754,-1.6560034372046424,-1.8059073157275891,-1.8919749703512074,-1.3132231423007923,1.4630656307866423,1.2309683993490632,0.9141011969104713,1.2685213685344583,0.4344859186853876,1.028423210544247,-0.4964988371710907,0.4816959516254284,0.3790984319833939,0.27533048636207336,1.0284232105442466,1.4176594880963291,-0.1988743495627745,0.35715022972064614,0.8081441148889328,-0.06719243113411165,1.417659488096328,0.1733451492671888,0.5421747217682014,0.5723057137003474,-0.31406324390062823,-0.7182120669099822,0.34643606399404747,0.9265914421836912,0.9333474367890197,1.1671361705724257,0.8227186654173935,0.03823031118012425,0.2980773655616451,-0.299781755404179,-0.007831978820952745,-0.1610589309806504,-0.6790941868998019,-0.5472951593183566,-0.47197183750884986,-0.14923956874591188,0.05792622018249234,0.04138707937714549,0.19839787076269783,0.2709111684821985,0.0970918405420998,1.0431830264158406,0.7282044375534739,1.5178468882181426,0.6477325459661486,-0.691642433409769,-1.1216207139964207,0.04834193951954052,-1.1233326512684711,-1.3550797989019097,-0.5311845811038783,-1.1603347236093935,-1.1839597428589264,0.8838770970255481,0.14273793374771448,-0.3850674109662184,-0.90939340602908,0.015979645293989275,-0.6742718581242413,-0.6812948033244778,-1.4624489371447325,0.3168911751801553,0.5220172277618049,-0.10880775081880782,0.8324305733207874,0.12908953097019146,1.1582480602107181,1.0299660153065457,-0.7950779972013466,-0.56032742566321,-0.341207701606284,1.2898476762770783,1.3041007810794747,0.501574355720616,0.9424309156335414,-1.1623339528168148,1.144043727647834,-0.7821233519903632,0.7796720738959177,-1.8916115404990674,1.1359561803725935,-1.480154596372633,-0.5867060320171079,-2.405713407194884,-1.7410520085688255,-3.337412451506729
3086,-0.8788238549322848,-0.9011464430744409,-0.7912649481300712,-0.8798771403593371,-1.96826226470178,-1.8519826595026954,-1.8107605885135871,-1.8378101139344099,-1.4287887331791234,1.604582391747957,1.177875363516526,0.7091799802621713,0.9329018037176859,0.30598866181308687,0.6786927087583592,-0.7589352291067172,0.4818865032533734,-0.012988630804089287,0.3487678462397181,0.678692708758359,1.2640257301922755,-0.6030279810450264,0.4088879887647643,0.44002200815146797,0.029846543285919038,1.2640257301922742,-0.003690297367431656,-0.31652781421721315,-0.5869361722376517,0.05094124010867454,-1.1516801706163313,-0.16202631883828952,0.611962739178594,0.6540552646724305,0.9765927137711802,0.7083283269291485,-0.0021443254462396705,0.24302572056908547,-0.35763889217766814,-0.06076420646057361,0.4103547299310538,-0.30489769089659813,-0.15804377958408203,-0.08252683218389983,0.274509251580521,0.5268940415633702,0.5287064662875259,0.7114664987150638,0.818366498885969,-0.27824087795586566,0.6184965696156814,0.7265854205362362,1.007014195076321,0.6799860594542512,-0.7590785988407012,-1.1104651298032688,-0.8009980864934201,-1.1178951244249018,-1.3418921203471093,-0.6439551779381216,-1.1526981350821914,-1.1747437456260197,0.711785327126401,0.06459112523737108,-0.37973509383782184,-1.0516700179250948,-0.21776500665001441,-0.8913937636158243,0.2139962484589535,-1.341404229762887,0.3784212093359074,0.5784767612374309,0.11939917393737566,0.8929396856699046,-1.091324701627281,1.943742041912852,0.75672306137212,-0.823424828217864,-0.7409775949023173,-0.5845264036032515,1.4006002006509588,1.4181322300672752,0.5947514886904038,1.0464607568543118,-1.4676511655255966,1.1348451940042652,-0.3905741882338747,0.754750106755226,-1.8561355918878732,1.1625409901573887,-1.4273265462328264,-0.5788229456016456,-2.388966665509679,-1.7456372781844607,-3.2432086257300647
3087,-0.8556824551648593,-0.9221044137596319,-0.8046406824458906,-0.856760305214828,-2.0024652070359155,-1.9211607225370735,-2.0629226950895347,-2.057039782437724,-1.4376996530134674,1.5473927630031294,1.1600849049407038,0.7699436328072399,1.0079233028387546,0.35714206029271417,0.4869156045464905,-0.4164678056659303,0.4949553727545979,0.06890885970830836,0.4025360031283437,0.4869156045464905,1.133204206795008,-0.5160014704986996,0.4579070234925241,0.41191068727833974,0.11836414976308121,1.1332042067950066,-0.05459657473240227,-0.11573094839012257,0.15958414976709578,0.05172096937734686,-1.2245871469193343,-0.03161593917793115,0.5525940512056239,0.6567275267457241,0.9200195230991122,0.7485288689766894,0.05465670848894302,0.3030773079211169,-0.3279625487878192,-0.022251839839562564,-0.04750112936942378,-0.6205963615954575,-0.4768484084923539,-0.23649528868231331,-0.052050255479059525,0.17954485285621827,0.196481638230925,0.35895761692355527,0.4507165244581646,0.16750829195478523,0.07615374251306593,0.9217106028462045,0.9899384259367858,1.42954515976167,-0.7042075090889571,-1.1210131505072896,0.3705986243837558,-1.1162558988532472,-1.311366129119812,-0.7613040844214933,-1.1362459556270073,-1.1656304945526306,0.7462717947859427,0.098411829586381,-0.35622684374231905,-1.150211061251638,-0.7027016843800524,-0.8891242778157505,-0.5958084032694562,-1.296525250773028,0.5132344046617836,0.5885646945130821,0.6130657269836028,0.46921988340181153,-0.17651938422255736,1.0518773827695236,0.7160274269504099,-0.824654759753746,-0.9882329068951908,-0.9825851314774294,1.4054465756537613,1.426689893434051,0.6898712473225448,1.1162731399489265,-1.5988877958535859,1.1333490300042712,0.18920802203066794,0.7253384788680881,-1.8357588842107293,1.1907965110998477,-1.3687261765636751,-0.5716366563120211,-2.3762656393046937,-1.7311951598709299,-3.1327070361926426
3088,-0.9069834608556688,-0.857282704970426,-0.8471702137551312,-0.7534971342589838,-2.1237693316967188,-2.0557891964322446,-2.109410709414687,-1.9953581483248792,-1.6000170944298806,1.6182908654726638,1.1471238449364736,1.0783065587075793,1.38974517218957,0.6074108591610539,0.5600239056984269,0.1598871299778591,0.5715474432877043,0.46945534464603883,0.4647642099660498,0.560023905698427,1.1050550010452442,-0.1039937763635773,0.5367665104766234,0.6676694973803075,0.20614835859491562,1.105055001045243,-0.23105110979187404,0.516814937914214,-0.26602808953743295,1.0599526713682823,-0.15627184019112683,0.5109594553132011,0.7575411178879095,0.8930609701777925,1.0950801177729665,0.9407631166968865,0.21098069303649689,0.4806830525327366,-0.20316748918226643,0.11693087833454606,-0.6997144434879055,-1.092311440061934,-0.980531182760242,-0.7351937737274417,-0.6240403356542519,-0.42919229243840706,-0.41410621681213355,-0.2942835855463543,-0.22551347320712914,0.6434117457530126,0.184295327213981,1.155410322522584,1.2092512370309352,1.1800138551361494,-0.4285655994608784,-1.124149682858832,0.4192643661999149,-1.1183793371566262,-1.2642506655703518,-0.8322340375215619,-1.1211986136174523,-1.1566177190966138,1.032318278835607,0.2535658870506183,-0.3340355784742503,-1.2707871203990035,-0.8348198051495526,-0.6244071649483369,-0.7078407697059463,-0.05135373490125473,0.42916796822544045,0.6236277686343502,0.7381525852203827,0.030920154033590126,0.2014866292682592,-0.6734933417393564,-0.39120844846718655,-0.5899433471998545,-0.8502987270909612,-0.46987532979312674,1.564731875642485,1.5888567770294866,0.7862229759224789,1.162512561744773,-1.6452525812216907,1.3590398619578448,1.0937569530830156,0.6984766933653104,-1.8083012915900227,1.211551426969947,-1.293443692149986,-0.5587971880223865,-2.3646937610930276,-1.7054584534900277,-3.0081974700534313
3089,-0.7329260872248604,-0.704926315083981,-0.6773677715618093,-0.7552160551536585,-2.1467751351840727,-2.147768048568048,-2.245175667636428,-1.990025801987279,-1.6856824227183596,1.6151651304934682,1.2658074784546927,1.0632150729618515,1.3568836575027914,0.6030783953907422,0.507196346625079,-0.11606621354001745,0.617576298150122,0.26700307978882953,0.522203581768147,0.5071963466250788,1.031896659046071,-0.2868117376270162,0.5976012761374947,0.5006027331229487,0.2895916230268322,1.0318966590460705,1.086039026020804,1.1232433982210839,1.0316133007172936,-0.07388786212575613,-0.31405117771418484,0.41825678321196286,0.5834953654154574,0.7550302099381554,1.0198297627394874,0.9146652498700164,0.23384590805497185,0.5121898995523714,-0.19661499158351614,0.1300049896628763,-1.5834659827027144,-1.6478515345326221,-1.5888992793134977,-1.3585882781718222,-1.2913281784650457,-1.1559386114178867,-1.1494054856185316,-1.0689545074275635,-1.0463398202665386,0.03430511274772099,0.3230425848019849,1.0933989991988589,0.897444667480635,0.9820590482611681,-0.4679326792777051,-1.1835981581564887,0.03299342203103119,-1.037870431989429,-1.2516816674085887,-0.8160753611824919,-1.1044943004978445,-1.1477032270629302,0.9950508650032663,0.25594497493941604,-0.30711049842837784,-1.3140701500141843,-0.8934433595281447,-0.2428292415721382,-0.3340484510997296,-0.44658888437086347,-0.059426210512150725,0.6527839910123874,0.7947475739025399,-0.48635711103007795,0.14398583481095117,0.23192479883344647,0.29367036519460304,-0.7015143023343499,-0.9993737402997983,-0.7469694736760086,1.6499441116425988,1.674908053843583,0.8263588002960871,1.2388743064920809,-1.6474703480999446,1.3607647363258946,1.5453280722262202,0.6591689064060963,-1.7746526003050556,1.2295677988413753,-1.2131158891541014,-0.5537092751599463,-2.3509847784918536,-1.661911898147456,-2.88204876377543
3090,-0.8071141139648808,-0.9094135826168251,-0.8286165280268744,-0.9378344533864393,-1.8921881724264058,-2.1531099866522214,-2.0319536297640397,-1.887220273528971,-1.6029931160296251,1.5588477027270222,1.067121307514938,0.3560748350663493,0.265520893906711,0.14839102824913622,0.02172193077919046,-1.0587759106128884,0.5211470402950797,-0.6316435718648715,0.5279307226571618,0.021721930779191084,0.7488639493888376,-1.139942304610445,0.5720765120138241,-0.25346078761993457,0.35168247287005283,0.7488639493888372,-0.854385977606171,-1.345321023632739,-0.3722903602276475,-0.7416340346994814,-0.8439678599471887,-0.46152835381030977,-0.17101531943007603,0.05756720904490346,0.4723226246532809,0.5462466574184182,0.021419190978882327,0.2759844457874328,-0.39877656014343726,-0.08303882813715059,-0.07254045641905756,-0.26305514132067653,-0.787370947278499,-0.5087128507895989,-0.47910654056165114,-0.26669861264460104,-0.17258576474703163,-0.11955022406942557,-0.03415977903210615,-0.9977691356002869,-0.20982005285802002,0.5972049678479191,0.4549313381454748,1.1645557160113942,-0.509173251191192,-1.2018807275714405,-0.8648983064333872,-0.9971623102160073,-1.2410069934644818,-0.9104805470572217,-1.0510217686179781,-1.1389350783721388,0.2931248862107367,-0.010127558257221746,-0.20444736877601874,-1.4186595603441008,-0.9127836435241449,-0.34188420195807234,-0.8179799396740919,-0.8122253820198118,-0.009835289022886443,0.7657141179587671,0.8041618868506699,-0.3861494595988128,0.5913168883123446,0.2056138975860107,0.6073949655440631,-0.8853884846610509,-1.3718506066139804,-1.2807320506191193,1.5621967031836568,1.5943703016728716,1.0074264418463956,1.2049833133280081,-1.60832321805721,1.3528293820282735,1.561832017334099,0.6292286215585191,-1.7259095793334638,1.2472172076645784,-1.139284510039789,-0.5560459157067308,-2.3334474214724192,-1.6163083744139544,-2.765683675582759
3091,-0.9481636465125838,-0.8773548192700278,-0.8829575430632559,-0.790846781309383,-1.8771680029158175,-1.862243181073924,-1.9153981482904767,-1.726647599818335,-1.5875438392349406,1.5644093926032165,0.9386758842258615,0.8216574841116723,0.8793860554249219,0.5145776023059669,0.11820296224190786,0.21017890573685596,0.5582151194884548,0.2068634085593782,0.5444788087256643,0.11820296224190832,0.6824720160087173,-0.265964315075516,0.6085956186231751,0.2811842327158516,0.4093889663646031,0.6824720160087169,-0.26513434953514126,0.27917404946454527,-0.7316003275562506,1.063404343862754,-0.038888573217405596,0.2501459437140757,0.2719648674856566,0.43279650517141544,0.7697000747438357,0.8360585779250138,0.23773332077875475,0.5194561207914641,-0.2184944091636441,0.11633164759668571,0.304138173283858,-0.13939103352712812,-0.7012759516272038,-0.4452998612539569,-0.4240945173395186,-0.18419821473464992,-0.08303073598575028,-0.03841275576247944,0.05614522808261561,0.8925022643191305,0.3560498828449679,0.7057762268309892,0.7851787358530007,1.0253655891922029,-0.4539290591172517,-1.1780300072961383,0.9064668495929316,-0.9778177452160711,-1.211570840584474,-1.0330659006771916,-1.053025872532428,-1.1558746570668108,0.756309785410484,0.24339920934541107,-0.1695986727583081,-1.2384185231938725,-0.5964156670978024,-1.018002624616653,-1.3217349841147517,-0.5293813980440402,0.07569409324501576,0.829205705014853,0.4933406887902979,0.7158136820610997,0.5132939109624292,-0.69710031792738,-0.17265997559646393,-0.8826736339212515,-1.1002612697393819,-1.0077526280357971,1.55458179171317,1.579002929473647,0.8190962646929385,1.23668143185992,-1.6115812177417075,1.3444175322807124,1.5589103085559743,0.6109960792220419,-1.6806664036681902,1.2596654391466702,-1.08456798880808,-0.5549322643296519,-2.3135710830529397,-1.5750735275534868,-2.661332697217013
3092,-0.7980087177558536,-0.8952802141772143,-0.8483419883709393,-0.934497456146258,-1.5770655708183485,-1.8730656947392117,-1.7900451831914421,-1.6997697798203817,-1.4837037369966388,1.5307332270142004,0.7841838664759745,0.33617643146054815,0.21908741637857895,0.17805279626827206,-0.16219168790112812,-0.6122436252312784,0.48418695380289895,-0.4810640269651488,0.5304606682759043,-0.1621916879011275,0.46226519957937523,-0.8902752200809895,0.5796122972632259,-0.2799675205438607,0.45001668871958295,0.4622651995793752,0.25774730461475137,-0.062456602744295354,0.8723917237783423,-0.7522182584451345,-0.537160994883705,-0.4405670298718767,-0.21422232817208206,-0.09878853916598067,0.36464083035348727,0.5704084285708508,0.08000037175949815,0.34103146349215674,-0.3720181932899905,-0.048090361584383304,0.6176783494708034,0.023366111716151376,-0.023859273583088612,-0.3557686890075981,-0.33434065956351405,-0.07235339949642632,0.04011556772031558,0.09093078479469359,0.19076822967052956,-0.7553315400475491,-0.09483613993993115,-0.012137204514979516,0.6770352282937158,0.7842817345567169,-0.5602890106773202,-1.1742757339597538,-0.6802252400348604,-0.8859952676443248,-1.2316439676197266,-1.1452994026692687,-1.0478217982047897,-1.2024395257593012,0.32439785894155515,0.10566288675811766,-0.0682286970483426,-1.2097648436082344,-0.8701173617709267,-0.9134279142943348,-1.0712192656437187,-0.748058900351333,-0.008437479342541514,0.8232315899804358,0.7811336875658323,0.348696062364769,0.3297474764981305,-0.1452650532312319,0.130144966901027,-0.9272672606884821,-1.2291488555124417,-1.214892916445681,1.450948769011297,1.4776183568013106,0.8712196969661096,1.1765724693672248,-1.499896512072678,1.2921261829773123,1.645650348745046,0.5732047481922872,-1.611207168896355,1.265404816200991,-1.0465730713666412,-0.5450947030334145,-2.294192215056696,-1.5552422392837402,-2.5622670371606406
3093,-0.8882607424285142,-0.8948760760475535,-0.8060725033448544,-0.8389513538275034,-1.6201458588187583,-1.6102619980370412,-1.6342623219631855,-1.5484384943318565,-1.490093708937094,1.59519730006521,0.962506523955157,0.6244420375558135,0.59075168957172,0.4088587325713919,-0.06846121041330204,0.2047814146538757,0.49999827192309443,0.07924917240452209,0.5265109069007305,-0.06846121041330147,0.392666738500877,-0.28150225017941766,0.5920875105986514,0.07690524485748339,0.48546747769129245,0.3926667385008771,0.29859574327790356,0.06834529629030808,-0.4400939637975106,0.37582745416773755,-0.9143612128419426,0.16569308022181442,0.15108207468485263,0.15085737168664778,0.5318789284160428,0.755118577772821,0.23127734920876444,0.508668159789745,-0.24664931657065298,0.0876484464672453,1.9144445825008662,1.3408394967290291,1.2394545104316006,0.6902439887135589,0.6977355110945144,1.1115623358096258,1.2762638008881821,1.3706917310303688,1.562890257225163,0.5811529327945287,-0.12469444037954713,0.044073723448331034,0.8460750579406389,0.9544490237572785,-0.572081665632495,-1.1513020120951518,0.37415975468970125,-0.8408337140409188,-1.2227180336714412,-1.2476114937946445,-1.0432709122626485,-1.1932814208574545,0.6008144637951549,0.2502465543334479,-0.060610374848027566,-1.1572082854252614,-0.7011490491318664,-0.8738947454555108,-1.1892147307796461,-1.1271072885356703,0.18110620286506485,0.8380387324784407,0.6105454110228337,0.45055054294566,0.4998116999794831,0.22750801207136576,0.5553643334105097,-1.0297669276477062,-1.000007597092158,-0.8030040918306731,1.4599636208811009,1.4836011843158636,0.8043052061418723,1.1580462006316392,-1.4492816530732482,1.239414239157503,1.6098971875206292,0.5189339657641872,-1.5518156483541043,1.27056020292394,-1.0197226903545349,-0.531645992970474,-2.28053322849876,-1.5311637043508621,-2.4689116279601953
3094,-0.8361536438243448,-0.6873765910093358,-0.723566978855944,-0.596121542954008,-1.7602263427003488,-1.6956023146136756,-1.6392864804779712,-1.644476604691627,-1.566723255568513,1.700423271813361,0.6697730744567081,1.2486883125833417,1.3236128919375045,0.944001066534108,0.46203522968986205,1.1565578984368325,0.6687938105896383,1.0121978968205423,0.5815270196812887,0.4620352296898621,0.5599571136876026,0.6782542971216264,0.6933269580777731,0.8246946605029897,0.5351928478202901,0.5599571136876026,0.5137693384773669,1.425613917940535,0.32687696399843924,1.4860391795299726,0.2528033354619877,1.2714280229404376,0.9209733005380566,0.8569913765301551,1.0377326913097726,1.1909206916720292,0.5626554542006121,0.8774399354482993,0.042870432501876846,0.41221897768350363,-0.3349141422897765,-0.11995163460517592,-0.1507585820918954,-0.4601509316590265,-0.43106813605455463,-0.13978891089309134,-0.06747471543588053,0.025526894650112337,0.12457844290723706,1.3645622251759693,0.5194061856469832,0.6098269249846514,1.1775031365356945,1.0148333584260056,-0.29529591727925236,-1.123196601528698,1.0404537411738053,-0.8110591488361784,-1.184311701451043,-1.2223834622994125,-1.022405041791928,-1.1842317899764025,1.2490743302400868,0.6096513142229594,-0.019281682786459545,-1.222978952599949,-0.6550630035577374,-0.9319568965893099,-0.9737365679815662,-0.8991110061943486,0.21963020378714534,0.8268870394894294,0.5554769847785094,0.5629556144688327,0.1983216463935761,0.15453201874994915,0.27203662274734536,-0.9708081052822678,-0.9405038533335427,-0.5990738919326525,1.5352098853054443,1.559321145280552,0.8371443843323211,1.1503271073369639,-1.4523457114083054,1.1755323259815138,1.5400951999868033,0.47876226759990054,-1.4931356969968281,1.2773386313259047,-0.9875992445190397,-0.5361746415129659,-2.2612396938486032,-1.4837682156642953,-2.3766902874191334
3095,-0.6891945628634387,-0.6331227312677201,-0.5895100969975763,-0.6712025523093725,-1.47449429669276,-1.7469576644273832,-1.5919142306681948,-1.4991516081066756,-1.4122995838266919,1.5716140081184837,0.8047648237512788,0.9742693608747065,0.9612182408555399,0.7504491557088557,0.4537569166259507,-0.028517108881245916,0.7162148236571271,0.2930314463415056,0.6346999029931979,0.45375691662595086,0.554827797047134,-0.026643225841383775,0.7375205253313536,0.3631378581060651,0.5846294108111243,0.5548277970471336,0.7805911954431333,0.39712822622712174,0.8173219910770173,0.1410653218981549,-0.4432307963146548,0.5821332960209699,0.5922722970702631,0.578001820665247,0.7937566127710106,1.0060358421573143,0.4764584222412876,0.771105465218607,-0.03714896268032327,0.324830263085887,-0.22940454730183543,0.03471052669116164,0.03083609390440804,-0.3618947256265005,-0.32881522439699956,-0.012699270858000227,0.051766077442975206,0.1605490113400914,0.26793556314655537,-0.39900761504602567,0.8295150761119522,0.4388285437329375,0.9505774143185072,0.7855218121132359,-0.1738879999062822,-0.867243151658625,0.039449635524736876,-0.7540886300408173,-1.1716310887646533,-1.173824634261086,-0.9967066936339191,-1.2379555547647596,0.9451089460500061,0.5764203883787178,0.14350621411530434,-0.9789597161065786,-0.8301156519423649,-1.0128218964330884,-0.39631151500724476,-0.7833663256978438,-0.25693192797130493,0.8076064041490267,0.7630852686951496,0.5097158109645964,-0.5347789575439532,0.6075212611850268,0.08899217456312218,-0.9306351890863668,-1.1060905085584907,-1.3655171859409618,1.3894796711394475,1.4068883918606896,0.6545198009606134,1.1126423026577446,-1.392714072517697,1.0309284844321802,1.4135361312114072,0.44198291653857985,-1.4419134201768753,1.2804036647612598,-0.9791478631767101,-0.5383914317542182,-2.228197578771816,-1.4469450739857186,-2.275583843269759
3096,-0.7345081864826888,-0.7828662770762451,-0.667790565238599,-0.7544866434634867,-1.5059064078560687,-1.5060594346693041,-1.4664261237514387,-1.3338790390081168,-1.4710079967379572,1.5449167003145214,0.5322498820603822,0.6888145880557991,0.5905340445331801,0.5451579472724466,0.19950042686106806,-0.5824137939572516,0.681997352235333,-0.2205546098070921,0.6584529029835213,0.19950042686106875,0.43435424487182966,-0.5196769031857232,0.7337820826941802,-0.04173316320112436,0.6237480999329932,0.4343542448718295,-0.4272344912106823,-0.9672597478693592,-0.23038800694564407,-0.08000034651079392,-1.1315912260284182,0.09470804084320962,0.24465354750865934,0.2831743295345344,0.5376459483157334,0.810358850193666,0.3848573612866764,0.659463897635457,-0.12671487524188738,0.22823933523648893,-0.2804811559479858,0.09885411868099393,0.027027328161637387,-0.3638249553115916,-0.3306270188022078,0.008148477576036482,0.03026862490513217,0.1513114349179936,0.26348248192004253,-0.4391319486881172,0.1825996076805764,0.38751979067843917,0.6622702270852907,0.7492099577169254,-0.29403928506857063,-0.9124949587173965,-0.3827748539157191,-0.7226448158946451,-1.1581626861046501,-1.1917705763232564,-0.9632024577896245,-1.2881582814015762,0.6022944410697962,0.5287985020562144,0.31806492460120206,-1.0699193022983458,-0.5822754709941081,-1.1013647656902443,-0.7340141403872658,-1.1135685435958407,-0.4976892373017843,0.4403959245043384,0.4960120170090638,0.8426961583900372,-0.24460177873262973,0.6893523000928716,0.3726733404961908,-0.6732020175151571,-0.831313630521924,-0.5364016323389053,1.4460428196232906,1.4657359067456028,0.7359577564010695,1.1053304928396892,-1.3190698074832117,0.9593727199588842,1.3615382373968528,0.39490113353805706,-1.3636216939309451,1.281617135531602,-0.9545491303572278,-0.5413722555796602,-2.192807839440632,-1.4078340240987521,-2.229561262512152
3097,-0.7874288486926275,-0.8693351931106944,-0.823826099068765,-0.9200968600509353,-1.3316405580662252,-1.5086913102536903,-1.4131226455488675,-1.311381875126832,-1.4209050682900828,1.4511590568621449,0.4135202882141336,0.19556249877931847,-0.017983421878843515,0.17259504739224785,-0.3022495933825642,-1.1040084460790216,0.5446896185938268,-0.8890328323620499,0.6268673981181739,-0.3022495933825632,0.16657072724890493,-1.137477093569881,0.6617278715913038,-0.641299190817976,0.6400429764419221,0.16657072724890565,-0.8603224107093463,-0.5473616510970623,-0.2703812224902862,-0.7531597323076492,-0.4660916217698445,-0.8087164471661518,-0.3254087577750826,-0.22464581658704594,0.10260564965793723,0.4438293872613153,0.19019462351021435,0.43108857060312505,-0.30588028056046035,0.026241103811942713,0.5460953070499215,0.9535198679543188,0.8399841349898223,0.28640349326939657,0.4567377455824795,0.7989260185920564,0.8092224507810436,0.9723605030266141,1.1403592021501894,-0.8914769082858148,0.13184791769888973,0.02512905000377344,0.062087542569081604,0.6323826112841617,-0.30310312212814605,-0.9204012614165386,-0.5973978388372535,-0.7052628695174744,-1.152849862531191,-1.3152020706088376,-0.9248735452755401,-1.4363943912655246,0.017995426253208675,0.4910300529335481,0.6870678209395187,-1.1439876558838964,-0.8467875631110774,-1.1041185183413957,-1.1625020166960551,-1.17431240565941,-0.29988432470679594,0.4659587940526108,0.7630473108665552,0.6294881375138281,0.2366960570871272,0.3232642655670019,0.43583572468477055,-0.7149651696119294,-1.0720644015677487,-0.8764216473860689,1.3926270483967964,1.4171487407204337,0.858677521144207,1.0796339339594117,-1.121138685697222,0.8125784156541532,1.3170840590541844,0.3443062699274168,-1.2673461004286046,1.2813744605796755,-0.9340755353320082,-0.5381794735321385,-2.1629124004497804,-1.3903344454421054,-2.23057112427788
3098,-0.8554602348691297,-0.7968084245531345,-0.7761757954095281,-0.797842391184352,-1.3456914754374014,-1.3274454677829792,-1.470941677521895,-1.2559314638521653,-1.3820724721278848,1.6006053405232317,0.4268990319808399,0.5144585732758516,0.3899932910882076,0.43182402741399645,-0.25445094197658025,0.11310820056526863,0.5290699742072692,-0.09995618173442733,0.6001544511136226,-0.25445094197657914,0.09167031407739583,-0.3179942298774873,0.6448360015698018,-0.14987892987561185,0.6494150948209388,0.0916703140773964,0.2834725179909433,0.5039248524562495,-0.349278754555832,0.39708864241045655,-0.21778908865666122,-0.226109218611929,0.10362477751956987,0.12300241162849425,0.319318019472563,0.6151718523333979,0.34730433088175205,0.6028473234162359,-0.15738769346725126,0.18833252020678842,0.31008529781841027,0.4386896488015061,0.47252319265242543,-0.026002315845443442,0.16394112430398772,0.4730516641570647,0.4451333748632674,0.6093789463881351,0.7629573767711466,0.6890316308384528,0.17394066180608436,0.032296997466340516,0.12911178151089908,0.7952761136629165,-0.037526045133364244,-0.8822172748134274,0.15784599598152163,-0.6718516693079936,-1.1467027935615726,-1.3885375335802452,-0.9205615817830385,-1.4444585099322549,0.33900455702773424,0.6863603697331353,0.7328752513893825,-1.0645005871482809,-0.8598647532211031,-0.9000727097072045,-1.1674359515575545,-1.300939145622493,-0.27131370354241896,0.500752461004835,0.7840504062310595,0.3733836000130121,0.44524506965317767,0.4881714905464768,0.7218606882310551,-0.781773260613656,-0.9811770320005866,-0.8486391567048728,1.356555868000329,1.3778769067370011,0.763575047031002,1.0428239454117354,-1.0143538090512096,0.6611290293302453,1.2183631329221707,0.31098170349424653,-1.200825334459603,1.2838523336964132,-0.9150762346838257,-0.5260933467036075,-2.1287537812414565,-1.385198074119578,-2.2354734660040196
3099,-0.7452940547597328,-0.7674268637559011,-0.6982402864045975,-0.808419805941919,-1.5319974580788323,-1.3657378895581251,-1.5279552801005538,-1.3862892860686267,-1.5912671689443667,1.6699785672036436,0.6866371560481508,0.4696996979582377,0.3332785439299016,0.40027652862176993,-0.2388478523886818,0.03638835726321679,0.5078708247184239,-0.1371213588330552,0.5749703442073344,-0.23884785238868075,0.01836898678861641,-0.3053241899977039,0.6232931968698461,-0.1914482875519552,0.652254034045533,0.018368986788617078,0.45754192394294374,0.22506465574180484,0.6007826176738227,-0.31814413963970006,-0.6695497517935619,-0.044966705081272824,0.08478064370293867,0.07265762936776182,0.24006410011587842,0.5585859195604922,0.3470778216786889,0.5925450821961171,-0.15583854580118123,0.18746313982379045,0.0004278993916680948,0.11163824574007479,0.30992783643604394,-0.14253832352581813,0.055213527758284954,0.33685859823006464,0.2962415782584761,0.46347562580509427,0.6138044654743892,-0.027237363848787933,-0.5132057792944655,0.011068706110196495,0.19069937131295472,0.7393918960819749,-0.1783621202126189,-0.9992093853936426,-0.30233002006845583,-0.6167197271424943,-1.1527497108836011,-1.4416209578592574,-0.9163649147396294,-1.4329976584603026,0.29549849888101165,0.6689104791338847,0.7421497724244588,-1.1189418019893942,-0.8747357686442527,-0.9042214894361225,-1.2396089863494664,-1.0944079200345174,-0.7277591454029395,0.465588874572103,0.793023666839723,0.37210312374595034,0.5300911119574806,0.1404529185107138,0.504002228109446,-0.7010281948793087,-0.6080536211677232,0.021257738804412396,1.5660942140913663,1.5866274083383909,0.764219290949025,0.9497301926039775,-0.9345987870534833,0.545163020318906,1.2079935081122033,0.2793942310227921,-1.145687791282654,1.2878499561403585,-0.8787145246504704,-0.5086558675301448,-2.088893859469981,-1.3675636976049923,-2.220423149755345
3100,-0.791850455248341,-0.6682113968972903,-0.7065585156915757,-0.5545783438600322,-1.3750205649418528,-1.5116905891008636,-1.3608431471012077,-1.2805481788579578,-1.4920440290027055,1.734208101804125,0.6669014896838908,1.0873826304644014,1.0889663283158777,0.9207664885912294,0.29681110255122695,1.1659489287537967,0.6471531920651976,0.9104379333746635,0.6061109454491828,0.29681110255122717,0.2015564336077206,0.7491631466528645,0.694151849041034,0.6387584963967654,0.6694001963670806,0.20155643360772085,-0.021228128165404623,0.6793720860833676,-0.21322508662338965,1.4509187531661094,0.35156105555787137,1.145171292826365,0.8095767710699477,0.7973652214050178,0.7331451040737241,0.9342890747676269,0.6648533725820466,0.9303059337655719,0.14191173101332594,0.5186497449599833,-0.08804339963352291,0.044841485561433324,0.23091321571198276,0.20800050462640976,0.04816361767334296,0.32833049688043275,0.273308197794685,0.4601131739065292,0.6100012849592963,1.3888252408128654,0.33806865327897767,0.8407012849416887,0.5320302706242828,0.9636658343668439,-0.03230351927652922,-0.876496866419766,1.2292284052902152,-0.5573989316035999,-1.1414496246387893,-1.4376929879967055,-0.8825519686377352,-1.4217229148874115,0.889117355104225,1.0246226261239244,0.8122365685085743,-1.2470422037656395,-0.22984530381438603,-0.8788139390065788,-1.3009849317739028,-1.1485673640230352,-0.5046521579643893,0.6619560955993475,0.11270173750043035,0.8948148951033489,0.6308997801663362,0.1481570076056811,0.5830910161999193,-0.8975524066613334,-1.2464771026812473,-1.1189140112268796,1.460553754641466,1.4883534543982215,0.943129660396644,0.8977242699639219,-0.9363567634480143,0.36195537992939925,1.0951990065157764,0.27593350701000013,-1.110180983035252,1.2887864365504793,-0.838263699930706,-0.489717302476193,-2.053668358395996,-1.357175265513488,-2.2090536372606873
3101,-0.5735508186029753,-0.6820608365965101,-0.6274116240625082,-0.6434225731029882,-1.399605632156469,-1.388589432000007,-1.4743483227679355,-1.2641516445966277,-1.6540552740072643,1.8116988349210914,0.585664050417617,0.7991629198015527,0.7168295333526047,0.707918880464363,0.27816964096388064,-0.04137460958556886,0.6710625642033515,0.15948315791390555,0.6350813822401035,0.2781696409638811,0.20907050155072662,0.025350873138248596,0.7113140350838069,0.15931379864870435,0.6866711407928604,0.20907050155072732,0.4566403287482912,-0.058446032769681765,1.163785872854573,-0.36898771852238016,-0.5144255467325971,0.5760530702004014,0.45103705820152545,0.4905735848210764,0.4752457154011638,0.7219644333263582,0.5640725914354241,0.7956828619365235,0.05477694333090409,0.4151556458579422,-0.46572090479555145,-0.2678784715472837,-0.17725766075004468,-0.06772519133189044,-0.21620519841181288,0.04573756132276038,-0.015353952827474555,0.16119592743502054,0.29517076158210015,-0.4486605234781411,0.3339261739440459,0.3675940918100087,0.4887964343587712,0.7160229374233712,-0.08710576059125791,-0.8791671769783969,-0.7909651847587509,-0.482876526280716,-1.1506635618010244,-1.435035694806478,-0.8771695091819315,-1.4905519071935596,0.6233917841271468,1.0009189807187202,0.9787382893072424,-0.9967122863784154,-0.7984007209853264,-0.6835195844415708,-1.3161223719487847,-0.8073195998243058,-0.7393178522896764,0.5200911684376177,0.7275809556250354,0.16694034516648854,0.8482236586515728,-0.32573259082916944,0.36248059194179433,-0.6840388388425659,-0.5624285175816358,-0.07050295207345247,1.6342276327983714,1.6513170073528436,0.6613969548072061,0.741023403038409,-0.7937430050557795,-0.07299086383280509,0.9252331132305568,0.25291536402249115,-1.069937380886154,1.2867587736748192,-0.8172731930834224,-0.46927175802086346,-2.02406706039302,-1.3350096032097316,-2.189662940109294
3102,-0.6792828233462831,-0.6151272823973062,-0.9071208568651546,-0.509303176963096,-1.3488747347591847,-1.379789522359243,-0.9450908133007204,-1.2264228175406748,-1.610793848263066,2.0698904962472273,0.18373505571451876,1.0891564491835861,1.0623691595138003,0.9606241858203021,0.47694088509809407,0.43413876413267727,0.7594216979824772,0.5817424062438549,0.6848347849429177,0.4769408850980935,0.3169029582304841,0.436130394756515,0.7668152032999106,0.5052035398000063,0.7122109344332498,0.3169029582304847,-1.4745721575285415,0.45312963596684325,-0.52257298004193,1.02572895543178,2.6885503827429327,0.825667599774458,0.7472449575845704,0.7758280967887893,0.7261599143719928,0.8943642301496811,0.735572860138955,0.9563799212477261,0.21787416588858477,0.5945707816582751,0.7968049890687205,0.6506149237081232,0.7522371810830563,0.9123256727060945,0.6637747804093098,1.0663313918333601,0.9626832959453125,1.2241209773643877,1.4663217071782912,0.7244842731736828,1.1277018670046421,0.8901144087439261,0.635765499059237,0.5726563054979849,-0.11459308705132963,-0.9097104260372325,-0.2544250355986094,-0.42392825495510555,-1.1416876662972364,-1.4971088248500093,-0.8994842715023477,-1.5052823141421496,1.0352987400594957,1.2206778563432834,0.9873619173356932,-1.071308388747134,-0.8770887958806262,-1.0657339608963363,-1.3366029082560593,-1.1469012898449453,-0.6614514209712047,0.521169060202103,0.8032108343114529,0.5794801495419676,0.49987677840585426,0.09914039712532603,0.44990829562307755,-0.7778727292887362,-1.0024381515845417,-0.913472333357507,1.586957573983948,1.60827845560978,0.7538368319905249,0.6818833807826855,-0.7379853378440746,-0.27055911046309,0.9551494606599077,0.25975355913401227,-1.0276136281384707,1.2868908494220326,-0.8020478216767979,-0.45005523753659826,-1.9947490534025558,-1.3165448312329373,-2.177946714757675
3103,-0.46836199853811844,-0.24349787178093474,-0.33000196741085897,-0.27929414829112226,-1.0421049639002182,-1.3328460972114373,-1.2542239515738578,-1.2043517812487468,-1.5083840000133872,2.0983723335845212,-0.057720771045826805,1.5198811973274595,1.539650214021205,1.3583089021695436,0.9175129811367155,0.9639900634766121,0.9414953917923282,1.1963479643907413,0.7807843092897581,0.9175129811367151,0.5679942224091585,1.0197066456328667,0.8838046829131625,1.0602627922505572,0.7574722739366192,0.567994222409158,3.098289569644775,2.31282699805531,1.1048691785927067,1.081342466442631,0.753068496200686,1.41862231139696,1.3012679225578656,1.3146229264158484,1.1575256028525158,1.2058144117370941,1.0118834995199046,1.2281848514874336,0.48756075729581333,0.8921118101674806,0.6091470102945611,0.661894369142282,0.6215924069446631,0.864665110546688,0.6130598779638073,1.0459702193139704,0.9077510047805856,1.2382566122030143,1.4588230728984493,1.186273111216305,1.3688341616993565,1.0903674007938322,0.7740826936002388,0.7431000441095224,0.04950683171496145,-0.82850770935632,1.1135418474594228,-0.42283223688945776,-1.0768263616677447,-1.4872849061448585,-0.7267866226994081,-1.3180187714367033,1.155244807562438,1.2862091433171023,0.9940489655677076,-1.1155476203260313,-0.17099910189382914,-0.5888757600694461,-1.2057042920662355,-1.3273854541954835,-0.610506514629408,0.5897912460214415,0.06754584774493629,0.5913764586117327,0.8257685230111572,0.4756901925755739,0.9987177163375374,-0.8953312832926482,-1.1385684575900339,-0.9663305304006119,1.4815109983390689,1.5084190965776698,0.8910169240043196,0.7495493495362587,-0.8838800351069119,-0.9725995038766299,0.6022641422899069,0.30148142571830716,-1.012409694704172,1.2772712513791633,-0.7913006648670255,-0.42740713331559904,-1.9563334105694792,-1.3112841126823511,-2.1624413747810762
3104,-0.2801078454660583,-0.37665216230233345,-0.3024654279766779,-0.4022550191691571,-1.158350683434002,-1.10965836914006,-1.2495178332728718,-1.0507950878481525,-1.5572835322484355,2.0711621086735867,-0.06638063965140807,1.1284572399596893,1.0364059993503012,1.0659812500712629,0.7007810587416132,-0.4716873715197437,0.9674103249343055,0.1789951715996612,0.8536490184306958,0.7007810587416131,0.5643592723360193,-0.017430814851510282,0.9234961648490189,0.3690404524653189,0.802104678092882,0.5643592723360192,0.1485749340875258,-0.7736745277412125,0.9467903670176235,-0.6562459645150102,-0.6358396653267454,0.4109555614879741,0.835840549881157,0.8080933609838375,0.8345445904506353,0.9388117910633764,0.874963551477203,1.039057511064169,0.3720201004415396,0.7461996268843928,1.2891370873445716,1.3621920317645508,1.3605341460176987,1.702847255098669,1.4248098975882864,2.029264318399265,1.8056565687745292,2.2734481718816517,2.5892761996490186,-0.6000712133484338,1.0805009348445336,0.3911374553632181,0.6005783625415134,0.6631288595188859,-0.1583838316719762,-0.8469131303304486,-0.5810902065734896,-0.42468889774146523,-1.0378847090622203,-1.4793924833994256,-0.711688301045469,-1.3084825003632328,0.788359932307559,1.1099089492507752,1.0202144778084326,-0.9745176076191797,0.2436547510904268,-0.2626910388852683,-1.0074275492369198,-1.144096661839423,-0.8842646615273251,0.49292417542282513,-0.34817541571055577,0.5399712582687289,0.9208007751718486,0.4424796373204423,1.0437346284007727,-0.7633498036197868,-0.7366059046216423,-0.39081661868943796,1.5365087500512973,1.556455308673704,0.7026869469607131,0.8474937268206436,-1.0169783489024757,-1.3951376500959423,0.5152288826399284,0.32327379478310236,-1.0042786680309435,1.267968554079532,-0.7955793756764751,-0.4047330178631675,-1.918106165122133,-1.2849030273907946,-2.123527585476687
3105,-0.4750019118171406,-0.5691001644602895,-0.9760330305664598,-1.0688728663063705,-0.6422670122028472,-1.2353647774920569,-0.3778827359714315,-0.9975155552035299,-1.4593582331238586,2.140692575631214,-0.010851428793950521,-0.2925946494554008,-0.5557403766568941,-0.14314679385497,-0.8003019968078171,-3.214989164596395,0.5802100554312786,-2.499878105011813,0.7686599999438162,-0.8003019968078156,-0.09493847884387556,-2.6448558695848194,0.7181118806475274,-1.8301858483613294,0.7940617036077132,-0.09493847884387512,-3.256592242073664,-1.1144216639322488,-0.9357955886147175,-3.161098818969228,3.540282786759628,-2.251578984716153,-1.1599708659083374,-1.0526208894999658,-0.5514289150916173,-0.17355376260513344,0.11706190372480177,0.17843665975781475,-0.32638426304704404,-0.07917095890704065,2.2049887956622456,2.5367885009540614,2.778691460551898,3.1899411020208523,2.921309466057587,3.9389267237407366,3.5213452707469926,4.212949181811515,4.700984270601183,-3.204059131856373,-1.1743897776298886,-0.6016573959687608,-0.014785486063947396,-0.11374912901909733,-0.44251666933744116,-1.0521085915151205,-3.713342072195838,-0.47496255822739986,-1.0168621827258175,-1.439766528963964,-0.7150362585529656,-1.3002280434107798,-0.8980742679790376,0.209530595791032,1.0064471358803069,-1.00729122869107,-0.11125765782055212,-1.0403578035014744,-1.191378517586037,-1.2280714539890696,-0.5323925204710641,0.5258153460715124,0.016692583572301942,1.213169286320096,0.36155054499366507,0.35732066520186334,0.5606208869864693,-0.8220793920606282,-1.0382950027195015,-0.7355195014963395,1.436073070612944,1.463392435075628,0.8930129154319311,0.1639411428582588,-0.595576282117944,-1.676223700154057,0.4996029993888144,0.26310128102515096,-0.9010678630260195,1.2465498548307747,-0.800390625578928,-0.38770573700536004,-1.874389268658153,-1.276638673167389,-2.100903011220636
3106,-1.009773668091616,-0.8479869071670186,-0.8953557362578192,-0.746485332098069,-0.8097901716284001,-0.6258124303116004,-0.8395741567255148,-0.6586293339584433,-1.4585070340393098,2.2373581334584878,-0.08940583806078584,0.32133855224384766,0.15449672152578658,0.4030997881254548,-0.7342332215123438,0.14002584924699876,0.5185385888052028,-0.39739737292230376,0.6908239055707989,-0.7342332215123422,-0.22473885648779696,-0.5187831465494878,0.6620690937918638,-0.49672282999635053,0.7756682849220143,-0.2247388564877952,0.4374015550534688,-1.6103245999743772,-2.5494406007250254,1.5117685747805703,0.42854680291497976,-0.637677310305858,-0.1385199059604113,-0.09113255845424015,0.10777458119247532,0.32775704816361323,0.5047310250445721,0.5798795569181046,0.04639154654117843,0.33886393350645727,-0.7510130482236853,-0.11358388510426247,0.037754849953826754,0.4047235120264432,0.2965151555327491,0.8711739492290977,0.6060001449106386,1.008219921554358,1.2554530207593162,1.6456948211846663,-0.18063419179192197,0.10598276274946111,0.18354549974390516,0.3235973689573962,-0.20513350620959886,-0.9358207234787859,1.3796553785648538,-0.46871287073844925,-1.0124583925612816,-1.4034466892878477,-0.6928005714148572,-1.2921345899049204,-0.1392414076508345,0.6353318777408554,1.0426591825335265,1.178178397722921,0.845051580725206,0.01013993186244724,-1.0611355060509868,-0.864861881697721,8.642239786736811e-05,0.8775137987628779,-0.7617292567436095,0.7174292220103431,1.2627911618476104,0.010383769876738043,0.9484889222273022,-1.043377723639556,1.0295359434268203,-0.4220712019454623,1.5195941530304946,1.460746648290557,-1.5119110953765127,0.0037017674489095496,-0.5001550007369264,-2.0490555251637828,0.7738263149682542,0.2640486311711462,-0.859789673453967,1.2346743317899613,-0.818434761996091,-0.3536364286099796,-1.8335762260267312,-1.2532964616327158,-2.131322206567589
3107,-0.8705492106583984,-0.9890732186256204,-1.286878812154778,-1.3997158452656813,-0.09201962052487708,-0.8327271538610516,-0.3086780137327284,-0.5878035888757063,-1.0916992376887873,1.9171037708112428,-0.1971476718966263,-0.59574455550288,-0.7670023272828947,-0.48832419185407216,-1.841194509402547,-2.3747737430889053,0.10174590340223295,-2.6560088177763292,0.4955007777074586,-1.8411945094025441,-0.8939893604715883,-2.6437614587198,0.39520909623233713,-2.3611874157026977,0.7042251469081104,-0.8939893604715867,-1.901420678809649,-0.782484302009785,0.7299358204348204,-2.7552718962585305,2.6148780992893697,-2.8112062804882627,-2.0176670560282735,-1.745270224456166,-1.185311081437966,-0.7243484562010485,-0.21812027181380766,-0.22829268767063757,-0.6255310395195389,-0.46944555184706743,0.1623952681403643,0.7858734809766641,0.917730331240185,1.4153347726712702,1.2663640684450805,2.081987999661345,1.720211911232934,2.2879546871362098,2.6508893176401602,-3.0604311236252486,-2.0116585251326446,-0.6883187365807155,-0.4674001162349321,-0.4377560332494384,-0.6239611626200382,-1.1774372969171036,-2.128821344631886,-0.6041167852162468,-0.9474433284324991,-1.2616811774822534,-0.8324255444018634,-1.2842018685872207,-1.4181088088650808,-0.22708909408102254,0.7693853553241548,1.3619419924702965,-0.39367934117482956,-0.9640153645669768,-1.2534211414618657,-1.346891899258467,-0.3829073667438379,0.7623078462177937,0.5429355473558107,0.8693184935298328,0.5228735158528528,0.4508251103712455,0.7511272442364617,-1.0798427101302297,0.5350003870130241,-1.5177639017421123,1.155989971966239,1.0989422997764275,-1.491538429057658,-0.4715477500586231,0.07623004750405439,-0.9397353645936207,1.2484998105979936,0.1800504778553872,-0.7016028154552963,1.2094972864885398,-0.773058470840094,-0.3285600303874346,-1.7939414502142514,-1.281973598311985,-2.1365889174575385
3108,-1.3961478454624217,-1.4351075390409775,-1.3948208417526577,-1.3464289747713978,-0.1858188338731317,-0.10732851566847036,-0.2703125565306497,-0.03769397603963743,-1.0897546860090095,2.1081926978940424,-0.15959706650684363,-0.49860690115791606,-0.6560166266386394,-0.39979493081213513,-1.9456660078853842,-0.2549177316917718,-0.12382944386731354,-1.4312439271836837,0.28771501817171613,-1.9456660078853814,-1.2229416439433085,-1.3081982999061292,0.2044689768611462,-1.679138029282247,0.6066261003671707,-1.222941643943306,-0.485955834950906,-2.550336790168053,-2.4751658987266976,0.3602674274183576,-0.27117489303988335,-1.5621391069750066,-1.6657773157902516,-1.441771715108327,-1.004474089821703,-0.6307458595742209,-0.12747063669799438,-0.14974749095586923,-0.5376645487503986,-0.38826181747986477,-1.1396843315803042,-0.4909297805115164,-0.40574166757325925,-0.02015660159394827,-0.05926551828333394,0.48456325480913615,0.22787891268451865,0.6400266940410568,0.8660431943214807,0.3191310735543143,-2.3587759837219644,-0.8041881369122951,-0.5365276364303687,-0.5092584147824972,-0.6170779230652295,-1.1786661528020044,-0.3758830353032543,-0.6972142080821357,-0.9080455332608593,-1.1064074975553926,-0.8830245109246663,-1.2764298503347764,-1.151362937190555,-0.1547853397483883,0.6708051667518992,2.9244893389098436,2.2810017520496797,0.16732420705634646,-0.32430949553304383,-0.29605480560919956,0.35026785198329957,1.1497538185050773,-2.082529072467362,1.7655840824452056,0.5535500619269141,0.04554751662586214,0.44624801625520644,-1.1298959648363658,2.556640322348317,-0.0836624783350078,1.2166088964821575,1.0959652593462779,-3.187100794689143,-0.8599998755985269,0.3864496898930175,-0.22671860739308025,1.3714560750020892,0.1260882018721935,-0.572111557074319,1.1984190081610928,-0.7117033917581441,-0.3024854616338519,-1.764306148635832,-1.2816639241221743,-2.1864758576425856
3109,-1.3123822935863552,-1.2515480877911154,-1.1786624908228158,-1.2410587566746973,-0.3404486652338413,-0.1516228740231208,-0.23507451732085746,-0.13826786236632158,-1.2753162917357108,2.1199006963968996,-0.14539577028712045,-0.299888136232038,-0.4241022343033543,-0.221865267366392,-1.5159937548350622,0.9134977341495902,-0.19359930429842578,-0.44294490992274094,0.1252010595391972,-1.5159937548350602,-1.2701641324214152,-0.20353921152055107,0.09371971087144058,-0.9748507581409516,0.5051285717797672,-1.270164132421413,1.1519166095669673,1.1831185138010776,0.4719864107315044,0.48635159229721636,-0.5438791897926203,-0.2625170597759734,-1.1893934032474511,-1.0575725940331926,-0.7236581461888636,-0.45393220906286996,0.022749606283227038,-0.010189046708405938,-0.39240313215765854,-0.2386428917929798,-1.2955028982442152,-0.8053697655136257,-0.7030758406634254,-0.41533633259244396,-0.3898645696385539,0.07761760272205394,-0.1554614737084058,0.22227882596911924,0.4160714240376924,0.5872619658035403,-1.8135973379481078,-0.5938780072796763,-0.7398615351925237,-0.38522612189969,-0.48091543294129696,-1.218083444001474,0.5734274603496139,-0.7576260498539777,-0.8891625798171668,-1.0524120475504173,-0.8802388995274626,-1.2688187572440315,-0.8806413599674116,-0.01047282007728449,0.6750163886544082,2.5017133000371863,3.072189052821674,0.38495315826219306,-0.1432248345840497,-0.11684639410692545,0.3803440375744829,1.2290767531715274,-2.9540686844937727,2.2065450461382694,0.5559597688822212,0.0012691577744822294,0.4122059173471605,-1.1483491311696998,2.4940468596065775,0.5399489293642026,1.3872967083207108,1.2812433029322974,-2.7703085693270455,-1.0838439991355333,0.5659528589999866,0.08020089240994394,1.4246527535522775,0.13776606852036116,-0.5113084331933911,1.2014751768325074,-0.6880403103837637,-0.27705876035153604,-1.7368531193347585,-1.2712230555647714,-2.224159263014619
3110,-1.2235178759800338,-1.1563759950857526,-1.0851333529115639,-1.046449116812047,-0.06190797655896566,-0.220775272725095,-0.14200324944676207,0.03541019868101993,-1.278681287269962,2.185742768958807,-0.18257879353101425,0.038389163783949486,-0.029914559853964604,0.08291272075870128,-0.7642308930461091,1.6168181175284002,-0.11708264642958821,0.4865416222269493,0.04319026617144393,-0.7642308930461083,-1.065610328349615,0.8035874396879518,0.07424192924798972,-0.17157586906896505,0.41986505370500615,-1.0656103283496132,0.5113439111305618,0.6332719776410303,0.5013626632812345,1.0191182309065638,-0.5151005333001333,0.6175282514778186,-0.43385774422503914,-0.45760668607222876,-0.31502947848508955,-0.15161467499448056,0.2584277374887707,0.23014446106511133,-0.1579270928910785,0.02023085312251545,-1.7441998258712594,-1.5270503875128418,-1.4424956978068715,-1.2168064803611942,-1.0638289835781796,-0.8701736691572869,-1.0355976988496445,-0.7696115081415518,-0.6617763520973757,0.9831658712125939,0.17182932859154293,-0.7091963960476626,-0.3754969771411621,0.06777269880869928,-0.10699823422130086,-1.113773709276474,0.8115603339319697,-0.7853194051809183,-0.8915123341986786,-1.0470797014081479,-0.8777178482038777,-1.2613690731489031,-0.40692024775633506,0.24283920439810575,0.6792575073867554,2.15285110717642,2.253445827269176,0.021418320401261844,0.24418433827650182,-0.3286781568548704,0.14792677070978003,1.3275188909288087,-2.1378986461188467,1.9450695863367318,-0.26926885598558,0.7099147565868926,0.37304390036558455,-1.2991153635047086,1.899013579601576,0.00525969308293738,1.3768708867769375,1.2876477379295568,-2.31345425398785,-1.157571341914696,0.6228495506069701,0.14588601609168939,1.4885627010466298,0.15186121282777132,-0.4650853471641425,1.1771139757640663,-0.635769638760369,-0.23682108890141254,-1.7085119030912248,-1.2893575207602603,-2.228387258779971
3111,-1.1137206299223035,-1.2078242043080822,-1.043661879609028,-1.0972356945748436,-0.20202277428647325,-0.08817040565053588,-0.29912579204638445,-0.05399182255046311,-1.4436320921018206,2.1927059101028266,-0.40961183881615415,-0.02742538613432597,-0.10492548130420913,0.02352661740521713,-0.40212492916774845,0.7802640108005496,-0.08357185362186616,0.21360853979671435,4.5169537322999985e-05,-0.4021249291677477,-0.9200039253443506,0.575412334933994,0.04829787150596774,-0.22875501665646245,0.34619076474384824,-0.9200039253443489,0.2735997147838372,-0.203859112101454,0.5867115796957941,0.1854040861054778,-1.2659665158444187,0.7447508987026289,-0.4214843046402967,-0.5072352977090897,-0.3668874425878328,-0.21814418104724434,0.22634436106082234,0.1844856173332986,-0.17546671254401364,-0.02393471618252438,-0.8378085474538114,-1.0630765280989884,-0.9587894421305538,-0.7449286404669386,-0.5519411237940791,-0.33157532889359204,-0.5334723360055373,-0.1861613898312125,-0.024103436591900403,-0.15844351877675883,-0.6779256216683275,-0.6161075545129737,-0.3042042739773861,-0.1724850012019146,-0.17394694443129863,-1.199346216899197,-0.2122919746338359,-0.8182378860741188,-0.8937686221809913,-1.0438747952339273,-0.8754835079785186,-1.2540815557104674,-0.5159014967432854,0.18755266925203626,0.6835289803337224,1.9342070815825632,-0.2632521473306753,0.22424528005552544,-0.36492563448821447,-1.061187841254299,-0.5056163794966089,1.201054717145505,0.46807495039344255,-0.5032701055187512,0.6569678506498764,1.0344652379671828,1.3163830023288001,-1.408627710453697,1.980272551762109,0.5755857429994944,1.5339786264356314,1.4522839819207218,-2.116606113706947,-1.2269482520575425,0.702974230145305,-0.17794634057814243,1.5281014503642851,0.16742684738750174,-0.432989080998684,1.144178852758353,-0.6013083275741549,-0.19581830081469231,-1.685432778514311,-1.300994476036883,-2.2330857631544148
3112,-1.137312812907247,-1.187877923084878,-1.0111514436115348,-1.0819036090549106,-0.24065935487640217,-0.1599167256560555,-0.37607496067120144,-0.11388016720801455,-1.419894625749599,2.1791293076663196,-0.2669794217044769,0.01712877083942913,-0.05072786844754694,0.0633079962483077,-0.12575828979465645,0.5960600161152748,-0.03912726179648343,0.2839136206678782,-0.0134277166579802,-0.12575828979465628,-0.7574124042602836,0.6514734905830553,0.040162368510901755,-0.07223395199534204,0.28555895694674677,-0.7574124042602824,0.24548724128055877,0.23299107506753483,-0.0263458250450187,0.40113419376924414,-1.3492109877975529,0.5411587268132503,-0.16364809037548586,-0.3114025847751257,-0.2999523532501212,-0.16416194175462548,0.26755268362226003,0.22592101489059055,-0.11620104769436805,0.02386177614519187,-0.3331933917261972,-1.0594593213145238,-0.9954493986238904,-0.8041717598438742,-0.6127319967268283,-0.4096693151606543,-0.6080579595146937,-0.2620839525537597,-0.10878462382738893,0.16722903684269608,0.9378113503311228,-0.7948670182488892,-0.02301006375740618,0.040174001691127996,0.012697056995480108,-1.2721042589967806,0.22373102985981455,-0.8378310535985201,-0.8881436542623755,-1.0541619057530722,-0.9129680243686606,-1.2469572502365234,-0.3686565344298723,0.2217902088749782,0.6180288355431338,1.6049039596327777,0.08778570430103728,0.06970264408680461,-0.5401051538970745,-0.7575088058650126,-0.42565890712793397,1.3411257878898903,0.06978118474955394,-0.008192491697585928,0.7098270533658138,0.43498449290339264,0.8723123112186217,-1.442232576158073,1.3784408789985911,-0.1962366055447661,1.4963455368091139,1.4278586692731725,-1.7746669848401846,-1.3464098571342775,0.846181140685009,-0.3538052935481805,1.5306845258034518,0.18683213716138325,-0.4065320986999754,1.1054388881261425,-0.5640891730539681,-0.14308509121061633,-1.6807013228433627,-1.3470706610578633,-2.220964045247118
3113,-1.1112483981040093,-1.2104673765044753,-1.0500673041544983,-1.0958354496801224,-0.2217214189453489,-0.17041229889651252,-0.33152480474582297,-0.06297859180639526,-1.4160049577023937,2.104463957379019,-0.22939061003662925,0.0008232716514363363,-0.0715182305193339,0.05049196525770809,0.018055594184686698,0.31056944682509247,-0.007402071904983651,0.2022543070295303,-0.011507777647571698,0.018055594184686264,-0.6193446066402178,0.5536358423195316,0.03503684558899118,-0.045527831704015045,0.23597698949852852,-0.6193446066402166,-0.10533658731154771,-0.002897074357808541,0.21757790945068345,0.16948410468110797,-1.1818407164378892,0.243411468147298,0.07117758057553361,-0.2272024514813063,-0.28755939264497943,-0.15795241359979642,0.2714433118858122,0.22292419762898602,-0.09383970451511452,0.025136326712659578,-0.5635809265471086,-1.2775122418141003,-1.2624627756599778,-1.0596345604957216,-0.914071719305495,-0.7513295338605207,-0.9255261104425749,-0.625624078701052,-0.5067964042318203,0.009300738885177545,0.7820890894540076,-1.1705051686661592,-0.2017041347022046,-0.09092269241832732,-0.025391700696126347,-1.1497242225197737,0.3018094126524739,-0.867389800967954,-0.890181746465593,-1.0531856697260982,-0.9674076136334571,-1.2399975054135928,-0.2657146949958516,0.21209104182353636,0.5244713242807889,1.2893755595366585,-0.36610480545384977,0.392612096756559,-0.9676153099638489,-1.0674802608403666,-0.7166381644872509,1.50334789501378,0.5118934307455771,-0.7983025397611889,1.5342866843850056,0.3875668378443805,1.4404421240253722,-1.6915081447358211,1.1350804008335127,-0.10851979626014797,1.4792566098695181,1.4239997511500104,-1.4327929658913636,-1.3872329849758953,0.8959159367517192,-0.5040129439184444,1.5293463158108997,0.22513072232993725,-0.4026698960630967,1.0680680020686506,-0.5338607037982295,-0.08691338629891171,-1.675322686208011,-1.4129985408464802,-2.1858817162177195
3114,-1.0689180119942217,-1.0301242467693992,-0.9598797612327072,-0.9748717709978892,0.46804405209328187,0.14590347463389564,0.4480289385311106,0.41610832180185703,-1.1696674532754163,1.9713447834354951,-0.04351048098440689,0.2316112335125522,0.22624375701345148,0.24495733082632506,0.3067140661311643,0.6248772205920847,0.08457079863278169,0.5853442776203249,0.02140587412988413,0.3067140661311642,-0.39646205869424855,0.8953147936691018,0.07249897991260926,0.3304369653627119,0.20425314858063723,-0.39646205869424767,0.4811813919408968,1.066405363267841,0.26188227312546186,0.5363327443081778,-0.49936208826459577,0.5079429948832348,0.6101341660374274,0.2044639416394441,-0.009229723184773749,0.032694426256167135,0.411804964259231,0.36434992133726674,0.059824551341435925,0.19333624262220467,0.8320564026197824,-0.502602220110235,-0.5911105706708344,-0.43515021970633455,-0.24885565449488928,-0.046371686721244185,-0.27496243953139543,0.11944490808946229,0.3310520264603716,0.5939127293304384,0.7824152568268319,-0.7753732186445447,-0.03260817881681182,-0.2654958442148838,0.10658626322189295,-1.0810860669966087,1.1486510545965811,-0.8758897598071554,-0.8865539351638193,-1.1436749450997226,-1.046921521728279,-1.2341391763600802,0.19263739789006754,0.3617469056248943,0.3881077391396117,1.000004048654991,-0.5926178328826879,1.091909258186295,-0.7393156097700077,-0.8920237069998421,-0.6525009903614032,1.3517062824523356,0.7191164258999854,-1.8370882067006709,1.94286268130001,0.4005514609663389,1.7522428699893804,-1.5006955946051834,0.46744383329930883,-0.7320298509120888,1.2190086503060715,1.1830927021974276,-0.9353182130998176,-1.4649335971192137,0.9666941291291189,-0.24338826519037704,1.423271456639773,0.2769769906184072,-0.41864479606817445,1.0125465135275273,-0.4639691117821221,-0.037900903343791544,-1.6679372381342894,-1.5031836533540526,-2.1525779534551988
3115,-1.0392153878436377,-0.8502429790484434,-0.958465567615265,-0.8907595271001428,0.7160540238393723,0.6091447836439625,0.4277045603317328,0.7482254266983017,-0.89630092849733,1.7948465285932105,-0.13491434739977393,0.3857532039417768,0.42287925595089215,0.3759213853531938,0.5489386060558882,0.5247971845631167,0.19222268733925785,0.6845708341037202,0.08042086311549472,0.548938606055888,-0.16298802388605627,0.938069329660515,0.1309232566188182,0.5151314871403018,0.19125852702541227,-0.16298802388605546,0.06793796150717789,1.0104173604990048,0.18617783254782752,0.7920879076179279,0.8053586299411483,0.7118383401145181,0.791528239828956,0.5738293569416035,0.1780087485319872,0.1621033505930074,0.5067262102882376,0.4536429883217284,0.17383673621789048,0.31157175475036564,1.1279805796519116,0.3476073543190648,-0.10311591778545856,-0.0032577288850317403,0.218448476229857,0.45218269653442894,0.1860896030502155,0.6534883714860701,0.9481069478159848,0.4163531873822091,0.5014409969547208,0.48934323447020134,-0.28066243300732086,-0.08308630288500203,0.25670144860094574,-1.0388334626075895,1.1339695726866181,-0.8845287527627086,-0.8861691212958172,-1.306798669685734,-1.0572179535726247,-1.2296498032512428,0.3974673434205166,0.4627147015692742,0.37752686566355276,0.7762116894184662,-0.6138197881747863,0.37506673596491896,-0.9724294279858325,-0.5881901725079894,-0.8450412819055121,1.2368101856857712,0.7185528090719377,-0.9863078489574232,1.5023756053870543,-0.26515480820089615,0.9037343706940669,-1.2970103870986287,0.25015650174772974,-0.6533823529162694,0.9345285437012965,0.9102430669026506,-0.631714608318335,-1.4805161980520467,1.0298846976026683,0.23291135017025674,1.2916420093084864,0.3334481405985487,-0.43531319096483034,0.9618473728729573,-0.3910114817903537,0.019017226836120425,-1.6646688719698424,-1.5985908938670197,-2.101823800378904
3116,-0.8874043880706639,-1.0277249790997387,-1.0656233225047087,-1.2100731197091845,0.7621322162229334,0.8485563065527995,0.6398307074345888,0.7967289330246172,-0.8617142124383301,1.714323973828162,0.059574719487504715,-0.15069663054338278,-0.2714869781029463,-0.0704680074332477,0.07833553912339693,-1.033789569681702,0.10223247539984141,-0.5815300216387893,0.08883315950198592,0.07833553912339689,-0.25113484329306845,-0.358900231894112,0.08527804075792492,-0.40701961445908,0.1711647739534423,-0.2511348432930683,-0.43634366992019924,-0.8404348847934091,0.7078901638561841,-1.4566400155138228,0.33787358697533276,-0.5371944883945287,0.03641298783017191,-0.041178187846753755,-0.3586641229699414,-0.2739387656115844,0.18533467064154185,0.099623603586791,-0.11165445623097536,-0.07548340816771702,-0.01697585541443928,-0.27295369454849,-0.5823963128651197,-0.5812303877556435,-0.38576210420846907,-0.2106438293784647,-0.4218088380903035,-0.05051475772622225,0.17054606792130364,-1.3128767465937736,-0.0608669314297128,-0.5313524793606441,-0.5178887869890503,-0.28521742971782693,0.23384181048008504,-0.9438351050829077,-1.0871997632287056,-0.9230808165821638,-0.9094083262208378,-1.4129412798974472,-1.0582639440144959,-1.2261691862025643,-0.31447402188255635,0.08615756746526736,0.37876163531672796,0.5397428444756578,-0.8289610190129142,-1.0683360585334376,-0.6100369803272407,-0.8699417051273804,-1.0756337682782995,1.1697675602632236,0.9187831999457784,0.5699034069562186,-0.3344991155022813,0.5146950197036017,0.1591038761102828,-1.3354846125378241,0.4281333063736818,0.29339029352781065,0.890011881513349,0.8756787288403247,-0.37121863969047464,-1.3872998365105005,0.9544285550461561,0.4716826156590648,1.1600354961362247,0.31920802092162226,-0.4076686760721933,0.9113337227213317,-0.3161010628728215,0.057054714296994206,-1.6496713013094149,-1.7244016056700937,-2.02639493054012
3117,-1.2972048381023182,-1.315194265631629,-1.3937048047953124,-1.4200465642489175,1.2639838154340768,0.8312945853172521,0.996393296810134,0.9028413710770745,-1.1037926279340355,1.738632004802537,0.17582487425143487,-0.4688082172360019,-0.6491170264982219,-0.349463607019333,-0.47689068363974724,-1.211606713740639,-0.05893541645698243,-1.07720505230274,0.038947233053401635,-0.47689068363974635,-0.45840607603262623,-0.8620784958160377,-0.011291715278646142,-0.884782039319964,0.13456301185978173,-0.45840607603262573,-1.444996088055952,-1.4558496686638969,-1.6973866565157347,-0.5558128175733593,0.7136969541059685,-1.1950972215583613,-0.5962987795015929,-0.5283945317436718,-0.7130319716027727,-0.5557683942388947,-0.029065536198074463,-0.15115102618104037,-0.29472174073070084,-0.3343526890717947,0.14389081005690255,0.18898613976114328,-0.1283541629524961,-0.41143495622698034,-0.21942137951433535,-0.04657913019286042,-0.20976972831388058,0.12496481729471916,0.37568483429345084,-0.9036441457672313,-0.5837476259863853,0.2565438880909794,-0.9386056705618666,-0.2909784412106406,0.15485182629856212,-0.7918260592433686,-1.0647931811094222,-0.9962499669739735,-0.9163063811036248,-1.3925004377025063,-1.0439674620408252,-1.2223060577818858,-0.8294948052635489,-0.1696275714265259,0.40055072056616714,0.6873854238819982,-0.7344515871419076,-0.0713799312462524,-0.16808282155456555,-0.5511664613236705,-1.0373934487959668,1.0224189142350824,0.834951752888736,-0.552013078566848,0.12588460190665476,0.5638737675418772,0.5397017098158394,-1.0983096374094594,0.9741520580673522,1.5597531020497941,1.1394919154017664,1.1242708004601183,-0.3987704099703112,-1.273236781453784,0.8097881678372068,0.5475228163478146,1.0157287752596054,0.2725518419593477,-0.36127288217174613,0.7810808691919471,-0.22194123713665734,0.06784266804465613,-1.6290945980350402,-1.8856733086691122,-2.0286741130309394
3118,-1.5258825252659367,-1.5209277136643573,-1.5023180046007267,-1.3510777783960524,0.9072375554241584,1.1018198829455208,1.1133262939190824,1.1798527635227984,-1.183100586589391,2.0095834234241408,0.07968899460347713,-0.3577343411475358,-0.4971406060937923,-0.2600072602511031,-0.5573890985616683,-0.1309821509675661,-0.1257368807048957,-0.46096875749027383,-0.0171866447123632,-0.5573890985616685,-0.5214585431446941,-0.24295264083835025,-0.06709386802108011,-0.5302403166655454,0.09342424209838625,-0.5214585431446929,-0.5116956708603619,-1.1010423717421767,-0.996440315754693,0.8954956218345232,0.00843390865717646,-0.7611752628639435,-0.4682446043195026,-0.26017616158965196,-0.5647893099453235,-0.44926819189886236,0.03227534037768509,-0.09644943895305168,-0.21601447384041306,-0.25358508876360536,-0.07844375972588016,0.2867842643134971,-0.03746983305002355,-0.3935322632138425,-0.2217260013535284,-0.04580392336510363,-0.18526537847965177,0.13398642213354536,0.3944184527834012,0.29067542506548116,-0.46023396579961257,0.2454281263904293,-1.1639533160009636,-0.3772401862576188,0.24537876720738658,-0.6015975651896572,-0.7322483050858104,-1.0520897759049854,-0.9237010570778809,-1.333684681663984,-1.0877346544835487,-1.2167634799076132,-0.6145002137809573,-0.10648382279539963,0.3216583377088466,0.6351492161032636,-0.12181761803596686,-1.0740601981264999,0.647889554105732,-0.5221511045349173,-0.9012976188711445,0.7732231604293671,0.19377640218400471,1.204525267018407,-1.7896291400010533,1.4130142150185714,-0.21667385917181345,-0.8662025228637521,0.68935670396752,0.7893196720871979,1.2161386279574933,1.1999537737975028,-0.43809432142562127,-1.2759663134167043,0.733739293288028,0.5461456276431074,0.9254200759192305,0.20889204562255997,-0.3126254326665873,0.682591289832107,-0.14023137361699783,0.066235204500345,-1.6085401065270593,-2.0355722841102657,-2.121920328500059
3119,-1.3758889773716922,-1.531008397208155,-1.4162216605461055,-1.4328264338974923,0.9868512103395825,1.0007169985528301,0.8513206601655232,0.9584980762407154,-1.2764691852147751,1.9611670873758134,0.11550098073846056,-0.4975831501579287,-0.6669180693352578,-0.37979404969608466,-0.6577514921086403,-0.17794645650526708,-0.20551163944945292,-0.5481891848250756,-0.08181574198321899,-0.6577514921086394,-0.6029496255650325,-0.30994921187794744,-0.133186338108117,-0.6324044369992093,0.046538666563421684,-0.6029496255650317,0.3878020491296965,-0.060682114256132805,0.6516943236245653,-0.23804070873898836,-0.7341187628349826,-0.7419670928895663,-0.6953660278604182,-0.5103093560897844,-0.676783844500722,-0.5459923813175606,-0.05582763099877088,-0.1970533737607152,-0.28057702865708084,-0.3582605350509981,-0.1507231061631427,0.24377035456957738,0.12700491756862387,-0.43060979450599546,-0.2985997640813162,-0.10452971180746917,-0.21866665965249413,0.0774724699478674,0.33966568952363796,-0.36013131296168166,-0.9428160809115675,-0.08899242026426468,-1.1045684614731122,-0.45077710575688956,0.2377420702491994,-0.7641143342515094,-0.20578912487790046,-1.11628789719249,-0.9164149848583153,-1.276570559428437,-1.085117668126051,-1.211426539518642,-0.8235950560664212,-0.21428805009342247,0.32156798469026365,0.40894897536283575,-0.25457391458839435,-1.0839874562613445,1.13657912485794,-0.36917472984193195,-1.036358438000225,0.4513291054158096,0.31014300029017994,1.0960053294003824,-2.3134898852136385,1.7241825077694224,-0.37802118612410757,-0.5269924465100817,0.5231183663805051,0.9046849561902346,1.2996022493376236,1.294406236713208,-0.1770072922978978,-1.390597278051223,0.6742274542465919,0.4690092725477804,0.8103102669695752,0.1307127382985695,-0.2539386710179288,0.5676289991354451,-0.05714219531074469,0.06759009358772755,-1.5798162859171812,-2.171028825827189,-2.2038371903381795
3120,-1.4258957886449017,-1.5420677978152841,-1.5914655053475064,-1.7324943463637568,0.8424924789136138,0.9506602521610966,0.7011029838817644,0.8629246885940713,-1.2903052381262883,2.0573083134592203,0.13682424598754717,-0.9272736255973326,-1.157592832885403,-0.7638111132982145,-1.1396031533730298,-0.9654372173931436,-0.40333577264739706,-1.3533468366855226,-0.19236847013563538,-1.1396031533730282,-0.868747789207471,-1.0603688617989264,-0.2711103244325454,-1.3224738348904514,-0.02004669702331835,-0.8687477892074704,-0.8049554868025346,-0.057691979191540364,-0.21966427774949912,-1.474345280125221,0.5498268078896005,-1.3425562992467688,-1.423388542257645,-1.2678149015783164,-1.1456319789459781,-0.9570141631148389,-0.3646913011663081,-0.5428671975797162,-0.5568967461292649,-0.7335037844778255,0.7167368710194435,0.7833288974720193,0.8565739076680349,0.0929490641687261,0.2139901274799914,0.4417686532579394,0.32401795204862244,0.6579842398746444,1.0052805989835114,-1.3374217018039334,-1.8198544839562385,-0.9006084991463182,-0.6001746155299367,-1.0324278524962658,0.07229144453359417,-0.8395053383463312,-1.818622215405971,-1.239551028368004,-0.9006959211012796,-1.165975585152551,-1.1392176948763826,-1.1647437938779153,-1.4085619081899583,-0.6268998690175361,0.15529735239390444,0.2247364460385475,0.46409691756855825,-0.784059627052356,1.0615539615798697,-0.22932048956210282,-1.0352791640538368,0.6627277269751592,-0.4569413993934613,1.2721710530829815,-1.9220026224202469,1.4457776788054422,-0.3069775118290286,-0.6656781239253315,0.22906931760315188,0.5075547867231655,1.30492987259203,1.3065085416905908,-0.020319191267111066,-1.4738291447324985,0.5187187135976821,0.46772052141106024,0.6866765270622276,-0.007037444352410498,-0.16386821281169947,0.4762605421594346,0.017006949875373198,0.05609053633184024,-1.5487884793129005,-2.314160705492023,-2.3051800670234726
3121,-1.7406957074080047,-1.792991282191896,-1.6492618334996862,-1.6883989804079576,0.7806126727743512,0.7925494292581363,0.6025512699261856,0.8483066345455064,-1.3599831338763273,2.0232877439056045,0.008964703711558896,-0.8544052055517505,-1.05275965461904,-0.7079823168125443,-1.0958661252253512,0.10125256758661644,-0.4991110345468297,-0.6447326874267715,-0.2987494337867214,-1.09586612522535,-0.958199427006484,-0.32591543113920846,-0.3636665160872534,-0.8803645486334791,-0.09271929917954971,-0.9581994270064829,-0.2754830337195482,-1.3709830098313212,-1.3919218114741,0.3027596091714239,-0.9500286842240825,-0.7314010800959105,-1.1524012624764328,-1.091210693086872,-0.9841104009639506,-0.8660613315189394,-0.32038361083231265,-0.5040515169040428,-0.49691208494743566,-0.6793188405604966,-0.4287511768736019,-0.20008149893281071,-0.07925290704897542,-0.6062623958037227,-0.49118543894141253,-0.30028736683374097,-0.39897837913534556,-0.13254573905441006,0.1215050689793183,0.1907158202453234,-1.0698204834515557,-0.7865928994488937,-0.9800478247135039,-0.8976125172650169,-0.05663948304549602,-0.8882220401111751,0.3226684084226143,-1.3399340474825556,-0.8977663773069864,-1.0425995626322455,-1.1723783666066023,-1.1882235738886155,-1.263183850013481,-0.55760944492519,0.1466496760479486,0.4160359111629245,2.1146010381722493,0.5679789613582323,0.1268222942793041,0.8727796980040406,-0.7727315102616921,0.8172079783459852,-2.14636345028815,0.8933869018442449,0.37632258156467596,-1.0356163560384193,-0.5472550569211756,-0.42593727127505826,0.497403834583327,0.7166059092538702,1.381865138096195,1.3756324219694955,-0.23700864665975788,-1.5441247549881278,0.42163942731055026,0.2577077909993746,0.5497290037243079,-0.10113366907146,-0.10136397603482739,0.376573083336621,0.11234928848068684,0.049478856176164265,-1.5186011057659474,-2.4178383451464556,-2.3809091899135186
3122,-1.5599593151805273,-1.6047308767558637,-1.5495066672070528,-1.6554453730513696,0.6312060317241358,0.7940892676831975,0.4544799675009659,0.7902739188219587,-1.090075625759278,2.0167977686418572,-0.05838391153491991,-0.8006657078049556,-0.9731305778323995,-0.6676191374418953,-0.8437627351129032,0.5240108962834915,-0.532818028590061,-0.21954223547661106,-0.38131345291088203,-0.8437627351129025,-0.9329314060462521,0.13241986900785466,-0.4221622802315452,-0.5496214471032288,-0.16307459496446813,-0.9329314060462506,0.4682000578110396,1.02582830908078,0.8097438983932453,-0.437315649236815,-0.29276856180259814,-0.37072410484103013,-0.9019029080531826,-0.8920777686932958,-0.8250510286540715,-0.7974686173933117,-0.28500081589350806,-0.4748473040976914,-0.4469712176722373,-0.6361390470919802,-0.5777576710602191,-0.407464659172694,-0.33437391816576684,-0.7117207724235589,-0.6338071022630438,-0.4555361217678103,-0.5530226108048922,-0.30080417202957305,-0.06541057703392622,0.1482470044915499,-0.5409176981616596,-0.8026418054753407,-0.08980747727768161,-1.016602400683767,-0.07487850921804291,-0.9103114817681693,0.1610734082939395,-1.403835728873352,-0.9433355782054761,-1.0219616121851978,-1.1691912355406104,-1.1835726248493605,-1.2115923198851577,-0.5321157644519869,0.14609888419033154,0.1882665101357644,0.9607595272183617,0.36041210446443805,0.7439179350499728,0.6782623375448767,-0.5494587152444435,0.9207257594962996,-0.9743085363296878,0.2942248211663019,-0.5133373521835292,-0.11884856532796506,-0.4884368587103507,-0.58368882324263,-0.29572963783833844,-0.7798500459458313,1.1011968970054593,1.1024415713768565,-0.03743733952161235,-1.4696530203151952,0.13912766506372135,0.293482857655648,0.37355085967571916,-0.17794416116231193,-0.04308528410676216,0.3180821175126135,0.18403848026865902,0.04125753279959643,-1.4825812337832303,-2.5056876241421637,-2.441760391664093
3123,-1.6025740459966658,-1.7502405259772125,-1.6655757392651884,-1.7538221887430356,1.2981768006979912,0.6617239203795477,0.9062636651371366,0.9693155311910504,-0.8921553756699095,1.9206203896287892,0.2099772407340545,-0.9552328739898884,-1.1552392966512548,-0.801984110701632,-0.7638693115962045,0.16542191006037907,-0.5915243912163475,-0.3936482663530714,-0.456572767972559,-0.763869311596205,-0.9380708914672486,-0.008424891757757732,-0.49083879436769146,-0.6449250694098173,-0.23376261131652493,-0.9380708914672471,-0.5287768925249816,-0.7834573818761711,-0.18429264296008635,-0.7086215035358444,-0.5192851711464942,-0.4419617646765052,-1.006327522907795,-1.0229179122231151,-0.8735231238083198,-0.9031597871879338,-0.38109528249439517,-0.5862363780898905,-0.5260007774937685,-0.75356756207151,-0.25090188083377557,-0.2625039239186491,-0.139119631458173,-0.5142064847116726,-0.45143677716835695,-0.30455333493892783,-0.3987384296660611,-0.1357556404967956,0.12328872527215222,-0.43287009419901257,-0.9036328020798047,-0.9582744039762636,-0.29497582321423327,-1.3465086937199549,-0.07730750797005494,-1.0045517820171215,-0.11179397646279057,-1.4825304939902322,-0.9782763406929477,-0.9619183380053987,-1.1847037424719493,-1.1963979612982216,-1.4071845146431974,-0.6361897184235193,0.1448504854690264,-0.028728183921676743,-0.0176255779744289,0.3835681445684913,-0.711668243628374,0.8898018006969697,-0.5086782388544095,0.9753393947709194,0.014994910583760294,-0.4590531421587969,1.1449885020867845,-1.9373892900528873,-0.7112791833112385,-0.5592269059634232,-0.33897497761502776,-0.09751871566413674,0.8937372425539758,0.909689525293008,0.35451951915898716,-1.3677311902140086,-0.42760412487234484,0.2663009412719482,0.08665048671751634,-0.25976271143527485,0.005605149496678591,0.2601239313652302,0.2566713870894999,0.03457699424462949,-1.444838464663257,-2.567914207749748,-2.487960336366217
3124,-1.8879989660707694,-1.8203666392175524,-1.7754215815283083,-1.787060016587681,1.1889212197187422,1.2412593080785472,1.354736885571747,1.475125242379291,-0.5793739289890293,1.7891741162477828,0.29966452822232875,-1.00962190596107,-1.2173402297241591,-0.8496294810671313,-0.6425356579496986,0.2575698955692248,-0.6298867673597118,-0.2600561997085972,-0.5200241680368985,-0.642535657949698,-0.903429013966571,0.14524442192967035,-0.5464350725427602,-0.5220484932286481,-0.30203626493354124,-0.9034290139665684,-0.49467099859592095,-0.3635952960168044,-1.261355595352148,0.5853775586997904,-0.20214944020362668,-0.2537330894606016,-0.8579760360504729,-0.955306385382433,-0.8021204906787919,-0.8930530765977828,-0.41020392959108515,-0.6159078457234511,-0.5372970555115658,-0.786148901638631,-0.15539295675251405,-0.20702791588145114,-0.12287880175939225,-0.40208844186762616,-0.4231568156310817,-0.281052144755044,-0.3694806091276432,-0.10770028354853076,0.1594342239394047,-0.12666596385207424,-0.7885446842441282,-1.2097569109959192,-0.49030963901890784,-1.246201771221872,0.03501557211609773,-1.094607536312197,0.36364443183152245,-1.532879484892486,-1.050419546160043,-0.870272697813733,-1.2915725149346022,-1.2489723048112618,-1.2660508971607956,-0.616333502503957,0.06700554613153802,-0.1746160458210194,0.4361496035459705,0.6766878708152899,-0.5805195028105776,1.5333076092258116,-0.5040818196380193,1.1284871644793901,-0.4720951151515217,-0.45132680154064936,1.249707528596319,-2.6283414708923423,-1.2227448243479715,-0.47268643575778135,-0.6364262954628003,-0.5623993658844714,0.5740663015579012,0.5940529964781069,0.4782722073889018,-1.1769242539446805,-0.8209891240147763,0.21513502983403285,-0.2784699708623762,-0.3389626292460504,0.05555015557883074,0.22233590725927777,0.3299499314104804,0.032685523292088896,-1.4110281881398343,-2.6235195460866336,-2.505082872245845
3125,-1.8384394723189927,-1.9663584116399002,-1.812783142680871,-1.8218858402758835,1.2084280442089026,1.3090430420734804,1.1501254154988494,1.3218349019583093,-0.7867310896601106,1.945535026572212,0.3847467853782558,-1.0692656532043079,-1.2862203825835927,-0.9012279282137834,-0.5205809663472695,0.2597571941939222,-0.656027789985393,-0.17872124678502246,-0.5713699834582749,-0.5205809663472702,-0.8466414976865991,0.2355654424029028,-0.5918274035628663,-0.42630123186845925,-0.3662777379650689,-0.8466414976865985,-0.14157472923270184,-0.7722972355810773,0.24404316021294153,0.1554339045996759,-1.0643121958721187,-0.32060260173422084,-0.6776629084870736,-0.8873178423046486,-0.8050333899664386,-0.8896272215209636,-0.43940881386014324,-0.6449796313567384,-0.5524182500697196,-0.8212949076462055,0.04506233624288052,-0.1606150570566294,-0.21302488570049546,-0.2503191859651827,-0.4480061090385121,-0.31719802379145523,-0.40026005487462607,-0.14057798560177906,0.1285423676060061,-0.13835870697885488,-0.17935174283061228,-1.4000558814780983,-0.793043501201118,-0.5759839251479352,-0.07047752330453004,-1.0875325166078476,-0.7841187758913205,-1.5104439683373132,-1.2032931041741275,-0.7728182843571395,-1.3879273330723436,-1.2659673773446067,-1.149446883848667,-0.6404527436372028,-0.058641751409362404,-0.3591150899250619,0.303973451995921,1.165829722410531,-0.23069963567248566,1.3821971212158652,-0.6905068025263109,1.2860325252540086,-0.3559469025029135,-1.1224782424229076,1.2803967200102262,-2.0574111151252765,-0.7350556514759886,-0.6633343401468919,0.005092705909105149,1.36949725267104,0.7745841365901611,0.8026361864197046,0.6728848863887935,-1.1457480889190956,-1.029898323240172,0.23175363313898795,-0.6993920097567347,-0.41639349228351463,0.08714022314885969,0.10767233135006431,0.41147333322562296,0.027066043374788046,-1.3812857301556236,-2.69106160795404,-2.5256572401338793
3126,-1.8119793374869992,-1.9633663851886183,-1.8367197807755358,-1.9331348917190696,1.2025479538472679,1.137493171385767,0.9852482641118091,1.210981108502352,-1.047473414098202,2.1703497548358315,0.38371596847026124,-1.2553650724595067,-1.4988336219667528,-1.063039339300678,-0.5642739849205927,-0.09398858691576086,-0.7186283110384056,-0.42837863708091056,-0.6270772279987645,-0.5642739849205922,-0.8490702272409195,-0.011582129588658742,-0.6546309283206212,-0.5899650496273968,-0.4309353982024135,-0.849070227240918,-0.13136533527340433,0.02178290205305304,0.13326992474862878,-0.5922226396517715,-0.8309126862900584,-0.6399437723630593,-0.8158023136606938,-0.9966354491233668,-0.9295198942925539,-1.0128584406480154,-0.5511659300501515,-0.7694855872298612,-0.6498473305740377,-0.9605100865665166,2.0413930790640773,1.6504320325558905,1.579988912829713,1.4952079759089099,1.0421921733929522,1.2204856925129162,1.1219004529702843,1.5355767845518113,2.035602308469559,-0.5379719763062798,-0.5448534987669303,-1.122113848439561,-0.8932498755121183,-1.0404304623676959,-0.32519480038559145,-0.8968316362923953,-1.4732691169660477,-1.5042600728858624,-1.3439654091566933,-0.6703039159047725,-1.4615213903225324,-1.2810380360094584,-1.276213526902155,-0.7682097753665648,-0.15169787944352991,-0.5299559392699398,-0.535214576106516,1.5429263270154576,0.3535957016913787,0.14372881455734152,-0.5271727704327246,1.299664662173396,0.4948271439001797,-2.1953796831063355,0.9561193006434786,0.1755381992838166,0.8792392459852858,-1.1044488774474397,-0.0462575385163564,1.5874034367428904,1.0291532168053958,1.0645201105107243,0.8448020341809034,-1.2834182739425948,-1.2460561705218345,0.06626411843934371,-1.2711117829990428,-0.4987652744766244,0.09611641675685195,0.015797757805917464,0.4605812153312644,0.006885561755085837,-1.349997114394281,-2.794944818324485,-2.5457828898218544
3127,-4.441819727471251,-4.4241006325125705,-5.450874807976168,-5.502478146119851,7.2523216635906715,0.8999956143221045,7.494139261499939,1.2153665130314455,-1.0748339676049254,2.192018752661581,0.25412041028772486,-3.0689988763572944,-2.804957600049499,-3.3995234373093792,-6.638300210410799,-10.654209608189726,-2.663442868604554,-10.343484381054287,-1.3377713329993177,-6.638300210410791,-3.828716552771317,-10.067666855884118,-1.820858726161535,-9.137634220124317,-0.7294125212615442,-3.8287165527713114,-12.041533448794297,-10.65458788463368,-9.822252222226352,-6.739496572369565,10.085160828270038,-11.021361386573439,-9.314382400405721,-8.806912890143309,-7.183872327899349,-5.984071477611981,-4.278207983867405,-4.750923923273273,-4.229373149508032,-5.451917237636794,9.288814758830359,11.565483479319749,12.12039689667294,13.20515220599459,13.402904942470743,14.165129599792582,13.960897273037927,14.550225945080337,14.964133018607743,-11.853159802721054,-8.13442043617734,-6.330103305384041,-5.256096977791097,-4.0691576457736875,-2.8620699027305063,-2.556019527103313,-12.180468726591096,-3.1961633202721575,-0.4004857248410518,-0.17997426340165226,-3.4922336200184074,-3.1466724993427455,-5.938776883048631,-3.3818933129192628,-0.24191606851453876,-0.6150766004796074,-0.17005507844540618,1.0013087373243978,0.5830432118040623,0.9082344227848518,-0.08385020174834852,1.0330914927517252,0.10706833026384299,-1.2905018599093199,0.23251817835610594,-0.6033103344405658,-0.3237532050204669,-0.6041055946647835,-0.4782774594135627,4.025333973704074,1.0530382500420281,1.157566731118192,2.607126886807723,-1.6662219799522353,-0.830846333589883,-0.9718654813155037,-1.3822858066595092,-0.7688842123785131,0.19183140581250627,-0.5791703707961627,0.18875987918093623,-0.09722678025438283,-1.2807137632783077,-3.8350738472760924,-2.8891625754425734
3128,-5.201596347488476,-4.9776945691370305,-5.089127440456777,-5.077009710748897,3.8631475667450808,8.093389825414532,6.629551484779939,2.268776575968982,-1.2720766962740453,2.224287904377984,0.36370589813328125,-2.8144569399949484,-2.5567861024779845,-3.1320086566962044,-7.106511779700389,-2.2608824990969345,-3.6648197185016946,-5.440584078034317,-2.174536205572231,-7.106511779700383,-5.074409413808569,-4.8579541862707005,-2.635638539192011,-6.093097456107493,-1.145614004182943,-5.074409413808561,0.38878158764861614,-3.9020731336643593,-4.410127079311946,0.19571030058928893,2.615156418863495,-7.267133787352575,-7.165346618681981,-6.963512353530367,-6.120805469128441,-5.289538230591971,-3.9432705752973436,-4.348627170229523,-3.906906324051139,-4.97108448669363,1.5866872339098859,3.2672517051872068,3.6318803151489454,4.527298931855907,4.941975665027407,5.666913776665339,5.467037183062125,6.015562209900141,6.421187070977465,0.6656530490618491,-6.900715566146491,-5.73772003212452,-4.849101892225151,-3.85193893424586,-2.650334898020874,-2.4401575580684964,0.5769218314913569,-4.02377258763074,-0.05488794556685012,0.2739987946968545,-3.4308645647710825,-3.1013768746554913,-5.263016582142351,-3.128372584389792,-0.25266231863288596,13.96630822691161,11.703184474045214,9.963441398478764,8.576521505537501,6.540563626161336,4.361423574959799,3.383533074774527,-10.772728598398285,-1.5413839267765423,0.1178581810505154,0.7957257657991867,0.7478065056215472,-0.5967041964799253,13.546544106192519,2.879614633145847,2.427186605560079,1.3201465668689227,-13.893870639292373,-1.9139369506734107,-0.9416305704768968,-1.402751084852419,0.33742028437562693,-0.9156592670531926,0.2210122712578844,-0.8266471948980731,0.7994697192832271,-0.19950417010818602,-1.2357066466537123,-4.137264979942038,-2.1257246157101517
3129,-4.923624306610932,-4.727552865536922,-4.814095265919821,-4.767458107034179,3.706830454911738,3.8968610036267126,3.5765062045320932,4.206864011773447,-1.072176889427609,2.2123085836280567,0.44480554208906997,-2.6621500210239475,-2.4080761520373293,-2.968166569749067,-5.9107130918146,1.4133319306460417,-4.085820959584117,-2.774758827655367,-2.8912325430962094,-5.9107130918145945,-5.28554306761596,-1.7659304097534358,-3.1736148001778175,-4.179625391837583,-1.6011740858013581,-5.285543067615955,0.19663438988929224,0.1869901420286332,0.16656934701327328,0.5595612268708908,2.4679837060753735,-4.559773440562877,-5.739570548277971,-5.746246634094633,-5.369477309200579,-4.787255506506088,-3.7042393252364123,-4.056932822407625,-3.6758596432006985,-4.6303612812840536,-1.0452550091217288,0.29839478756549703,0.5701093668635513,1.2280400263933315,1.5264668154572698,2.0451435870047208,1.897432800742571,2.3081047986047167,2.5984636203743974,0.3857422704123393,-6.171231545853687,-5.212391430950052,-4.6582058972352876,-3.7587374164678757,-2.487315443232377,-2.3700897029679586,0.3947284066749547,-4.540811176192878,0.1921346237146889,0.6882736437437507,-3.430253015527466,-3.0574811449790045,-4.735834828601468,-2.9732254635236592,-0.37662606892475664,10.110917279430547,9.410410272365484,8.279699338044736,7.634512523536508,6.0956754184314,4.1043265527767145,3.4244716060967875,-8.987406972218126,-1.1525441764645667,-0.2941273828358869,0.8125801488411132,0.4670423612586582,-0.6889740118408771,9.763508557939184,1.299115317296229,2.144451422195059,1.1183465203337373,-10.067758943157326,-2.056582043878376,-1.0645582895359194,-1.3707317558671577,0.6039529557421801,-1.022836322913729,0.2300414910121893,-1.063251357935336,1.1359097084800212,-0.2950401285295638,-1.2047798191535628,-4.328896849300196,-1.614882513519597
3130,-4.63632737763938,-4.740860836851692,-4.8140346959831,-4.787632998389621,3.2381575631565367,4.0184712040063895,3.374796453817985,3.7851205027240837,-0.9639707826345734,2.2877585867970067,0.3288443926122721,-2.682285898131263,-2.4208151395381288,-3.003222589767987,-4.796528212792409,1.8068638345500632,-4.311442349493748,-1.9891177571476482,-3.4514652923098046,-4.7965282127924045,-5.1674414892205185,-0.6420154380957368,-3.583878751720663,-3.469612413691069,-2.063094002358225,-5.16744148922051,-1.080985970341339,-1.2777819093414629,0.43513251519961327,-1.6745157117574399,2.6355519533153062,-2.962027129284997,-5.275867701265835,-5.352074620585982,-5.2069471611352425,-4.741049359306929,-3.8047669283274677,-4.123800639885711,-3.7724819025576553,-4.689628553539019,-1.3502219197604226,-0.026822121505162683,0.22881291107113755,0.8574342879010186,1.1817337707395308,1.7050642017347781,1.6428534602613185,1.9737671822002323,2.2709030064752453,-1.08693581502938,-6.0786899237752845,-4.99994271248556,-4.786740919859334,-4.02633893310665,-2.5254514777531942,-2.572086046147184,-1.3384704303814563,-4.9360906731391685,0.3875849681737021,1.0797810637118284,-3.510731475747607,-3.0984461029410864,-4.841202620565121,-3.173127160897873,-0.4954581699035163,8.140265953835968,7.9108868515929744,7.09164115793393,6.914283617168254,5.717006148589285,3.770838728892793,3.285752210034187,-7.680158771967608,-0.9560102666376789,-0.8177013201082741,0.8139348260331756,0.10102906880419109,-0.6201785253848305,7.971652409467188,1.4521149668920135,1.9592148914421763,1.0049193539506722,-8.12608267623912,-2.133928089401745,-1.0934100787081693,-1.2352180494815344,0.7260708878258743,-1.1297370640797417,0.2623985306965913,-1.2990688848949068,1.3419432600792502,-0.38688907457018334,-1.1605005544521467,-4.4070528878379625,-1.2999549315340417
3131,-4.553649102851305,-4.645670403740257,-4.525582776061493,-4.464823147915036,2.6287240063869373,3.086660387811865,2.5503953571139757,3.264752200552,-1.0174956751139452,2.245342215841151,0.390870127894411,-2.4147719360630067,-2.1323473077487947,-2.7430206769394876,-3.317987925689305,2.9820271943966903,-4.227966163444582,-0.37237166702082436,-3.7869992617508137,-3.3179879256893026,-4.616803265329034,1.275652512576651,-3.7679061874008335,-2.0387053888017057,-2.479005930460334,-4.616803265329032,0.5067598015374238,-0.6404932965520823,-0.5625641404039333,0.16160329057816322,0.6569065852752898,0.19526336292980206,-4.024383773966631,-4.264508250600331,-4.484955069517936,-4.217756068140824,-3.512650639924454,-3.7794782625918324,-3.4919622419788534,-4.317954466755069,-1.695818737969,-0.4636556420373447,-0.2183787614982058,0.371522521860919,0.6737290824819202,1.1690318582855916,1.0935418828940087,1.4319068401561785,1.7062686138603618,0.7197334059110473,-5.333674001326351,-4.606639366337179,-4.228001916549809,-3.7463690320049907,-2.3417810250145576,-2.4847625450426967,0.8114195769935713,-5.138810046309544,0.47389433892332156,1.4371593592285699,-3.5580118964473777,-3.05450112617905,-4.137102422371469,-2.9226555458637957,-0.7301189417799009,6.923118187619004,7.416977466683802,6.54225756805426,6.759810403249685,5.923909965182792,3.7717593157131146,3.4739257453274677,-7.37215364212889,-0.32888706862558603,-1.670039966586061,0.5272868533208548,-0.7475645032381737,-0.584051138113823,6.873777361770401,1.7211375066977972,1.9451037646753548,1.0517467944584244,-6.940495414116691,-2.1706485307037715,-1.1307738525689075,-1.2552160490949404,0.7652701944783383,-1.2180064545826994,0.28188610628690197,-1.5078570673300897,1.4643429084155384,-0.4668113206691365,-1.1254226726617498,-4.429329671073415,-1.1182390371178532
3132,-4.048932696181008,-3.993297171994487,-4.017017764191802,-3.7974646454815733,2.9582965509378076,2.5892683306476463,2.550505089448825,3.2862568269934735,-0.9002760196082209,2.3619201889712635,0.21885311370556987,-1.5038938581004233,-1.1264172832819317,-1.8968078195362315,-1.225223551125933,4.361728348265003,-3.773816114742361,1.9066682198703153,-3.835186432524946,-1.225223551125935,-3.5630019179679016,3.6595073268363896,-3.6582197821374605,0.11188716625592922,-2.7873402815130057,-3.563001917967902,1.9217276116714033,3.3135317191487084,2.082615700380536,1.5244619194688498,1.9082388914544095,2.074772541067039,-1.859297014547388,-2.4216851638790042,-3.16771640575974,-3.187580763286145,-2.811890115683272,-3.003279438118811,-2.8147105448995724,-3.511346447973159,-0.6879865883213717,-0.3661072272659218,-0.10056088308633433,0.5014261160553343,0.8536605243491057,1.4151157410469017,1.3015218436457467,1.677661237187535,1.979326504580614,2.7610360046605975,1.6467486453173488,-3.702819208338218,-3.3179023992261523,-3.1261916170703747,-1.559364043891381,-2.145534592243216,2.5040013036509463,-5.130642206919714,0.41801599501695,1.5633648150851174,-3.509540210189709,-3.011947257488215,-2.6683241604985395,-2.0832702337381077,-0.7820109022333089,6.011759227204048,6.38089405575207,5.8368632278441055,5.781550344466459,5.3521888423799675,3.4435310701466277,3.3333898505739294,-6.350581407425139,-0.5833996921413577,-1.0633618564121987,0.06658606001982166,-0.7133021033159815,-0.6305290094037901,5.90525546188579,1.2992168579542704,1.7637358825908023,0.9383266860976249,-5.988478430139382,-2.177239438255619,-1.1095889751622017,-1.2186888107211629,0.8127604795322183,-1.3239044387280323,0.3398735561584246,-1.5273574936206762,1.5523988508432986,-0.5431885253223314,-1.0889014407038204,-4.422392351333709,-0.9078756744957484
3133,-3.715273790869843,-3.6928648805544815,-3.6069358303233767,-3.5040096894652963,2.642533192422536,2.9426872647666604,2.3751757813072056,3.236288695666956,-0.9865472263419732,2.3167170412456897,0.1363814648349662,-1.2085801347698368,-0.8104270699135142,-1.6117366032063243,0.34260527849215777,3.217223569030822,-3.3053325682399834,2.233096668392258,-3.6937772921440097,0.3426052784921521,-2.5205847027933226,3.8349239906025185,-3.4547527431713085,0.9366890807312883,-2.9846671591613223,-2.5205847027933186,1.6028103080992522,1.2464888319528522,1.2836121644538538,1.3030040444643731,0.6769115619332852,2.278395446240842,-0.6635086724830772,-1.4473286441054605,-2.5284963125163484,-2.6967387761638535,-2.517582094543671,-2.6631475534269295,-2.5299259965176186,-3.168418353754804,-1.118699841279476,-1.0702200804039015,-0.8429648510702868,-0.32583188436378757,-0.05595019425368766,0.3839405734116631,0.27704349527325867,0.5966661360619671,0.8309463789153584,0.9919847391356541,1.8058740490929874,-3.2379165881724035,-3.052558294709474,-2.865071296414056,-1.5741065605198095,-1.938554664975137,1.0895744147973572,-5.052046787009941,0.31344810839875886,1.6109989760595036,-3.473102456749073,-2.9714717413132625,-2.0843576869981524,-1.7751618192621468,-0.8528818791550342,5.552559333869905,1.9475675094681446,4.514430143408008,4.388061404440465,4.31042181756729,2.172014743190121,2.8534720033377146,-1.1886385888720419,-6.381722721786516,-0.6453766132684028,-0.41249001277897135,-0.8255690051898463,-0.6398271681467584,5.546773537967751,1.8764894600597286,1.8256559566063035,1.0214780915438921,-5.549200759917419,-2.1802392493327614,-1.1088713583876766,-1.3769199016536093,0.8307773305338733,-1.408470710827241,0.38641720590780887,-1.5524620336968946,1.605469233294288,-0.6119601462475392,-1.0550286283093415,-4.392310511004136,-0.7548664342286874
3134,-3.4637205395416686,-3.5678856900159155,-3.4204645213195475,-3.4801118540630394,2.2052379401166213,2.650534651178869,2.218122353657585,2.144147175460197,-0.6440180735660704,1.9760953445202791,-0.0916561092411952,-1.2581746265144589,-0.8759877023261691,-1.6518780229674448,1.043861885373417,1.4394310482758559,-2.981664844454867,1.5690893641003727,-3.484603201675573,1.0438618853734167,-1.7290071156673348,2.956685720905936,-3.2743524565028945,0.8848539097358745,-3.0975329253689803,-1.7290071156673368,0.5244536514828865,0.2014436381915451,0.9153230271771233,-0.4114069133427854,-0.05160848806032941,1.421130633422416,-0.19638339419829337,-1.1260054038035967,-2.3836333663922424,-2.6198203852360114,-2.531494234720206,-2.652780784788432,-2.538661308234994,-3.1639197436010336,-1.0568839885016854,-1.1828725247041696,-0.964992956219769,-0.46065139825594603,-0.19527048384496257,0.21933372264001685,0.10987884912395217,0.4226162237389453,0.6489382485127478,-0.30441421952982356,1.4542445222513716,-3.240194062916466,-3.0119386372417303,-2.977379027156261,-1.7133750950854176,-1.8695769004597849,0.5269470016621511,-4.962211614640724,0.17463803349684298,1.6468645226505305,-3.401374397193974,-2.9307459738555277,-2.2569892401182496,-1.8801857133315572,-0.8550462571264743,4.96094938817478,1.1171051477264378,3.836581984308931,3.8754240770662123,3.8101692297102585,2.105728972438764,2.5060110840952117,-0.27958754759277255,-6.17371504501125,-0.9010994243973021,-0.3701965212704668,-0.9689453131805582,-0.5275187037048468,4.789943433818274,0.05387608281361383,1.4398398155848906,0.6727557259748954,-4.975047996953256,-2.1826973122587443,-0.9614771549260132,-1.4882511150649165,0.8180474128277092,-1.4679257866163944,0.4395293934691233,-1.5286477518329367,1.632973686545246,-0.663378442923457,-1.0141699530589516,-4.312934436442033,-0.6562823093411895
3135,-3.4155690524395816,-3.3802699832699816,-3.2778172554777516,-3.1947575461736886,1.859415988397569,2.1659601559492816,1.813014920791008,2.3308838516807593,-0.7898690841325176,2.189318004317109,-0.34934649405296164,-0.9237395947220506,-0.5009536378757875,-1.341253769384305,1.7382143675551973,1.439008110965039,-2.6014517852440036,2.007721011916932,-3.2128252727163744,1.7382143675551964,-0.8910178342899087,3.121656509353601,-3.022631430385267,1.5677642370432527,-3.1270347516179533,-0.8910178342899033,0.3519526649569266,0.6848002314001744,-0.19263600010879023,1.5201613951695767,0.28867834095313283,1.4659403518241854,1.0923908120854429,-0.08957187675285795,-1.7134616661089177,-2.151997614425158,-2.2309051254347194,-2.306973435599938,-2.244684898359619,-2.8234064664470884,-1.0661006401179647,-1.315676773788866,-1.1077160162698665,-0.6202837377317234,-0.3618738037636552,0.009733323953087892,-0.0971710630370219,0.20158406183957123,0.4131486042632492,1.082923898780743,2.5295108008974387,-2.840428163950886,-2.47860125887349,-2.766537462584437,-1.3192506968837956,-1.7730050179950534,0.531133729057454,-4.829154593563701,-0.00874761432688346,1.6424933870596723,-3.9068798207411035,-2.88999735900962,-0.46321784783617304,-1.5450172651732612,-2.070580445306036,4.4506777101399395,0.6343115192166493,3.811910426728814,3.75212741927298,3.9063180528241497,2.316433888980353,2.356974559302939,0.2217594813014659,-6.583661934638922,-0.6961105401566179,-0.8598002134715377,-1.2071893508020288,-0.29362369215108663,4.484892542128104,1.6155909430072208,1.5219558229453807,0.8150639237389591,-4.474401418981534,-2.1754103102317943,-0.640317558455835,-1.7335908152023818,0.7830767558603847,-1.5690023063418372,0.5228137602374323,-1.5671091613806394,1.6483439512579754,-0.718432599813775,-0.9618079491664415,-4.22625425273166,-0.5931011948957154
3136,-3.1799206673442364,-3.289247199476947,-3.1819038904897723,-3.2950105583954383,1.7841806705230334,1.8114929330399065,1.465400905796701,2.1449944071935794,-0.7938293627719775,2.3617914567677203,0.060312241074106744,-1.0695052793470927,-0.6965299059400417,-1.4668062566261197,1.6739233646628402,-0.11276911575750251,-2.4041321022832842,1.0048345408726929,-2.9656725927998,1.6739233646628366,-0.38294245495602175,1.885392737782944,-2.8476701553064334,1.0524869820649472,-3.1088795662295627,-0.38294245495602514,0.16198429655528906,0.13015289834590718,0.9647258352130107,-1.0993933541099592,0.16019736383791622,0.04378947596040699,1.2064736384006316,-0.07912403856441022,-1.8131442051521338,-2.272960409943081,-2.3805248233727636,-2.4424863726309916,-2.38254482380324,-2.9697202113529024,-0.9836963282883736,-1.377686829235407,-1.1836741937391484,-0.7097495848546782,-0.4626623293432256,-0.10717148075246284,-0.20960667841845648,0.07887947101793653,0.2814861645029082,-0.8463305047079209,1.7243855121417593,-2.9377861301518995,-2.685957663262709,-2.718135767591192,-1.6274932001287126,-1.9080275493154863,-1.3597997519042264,-4.70510397352814,-0.23792709893349703,1.6349090846566552,-3.84241277310951,-2.8511148904817345,-0.8731479760168606,-1.8257729458658165,-2.1486165497632106,4.050156126601802,1.8532180920141228,3.2568954629176505,3.0158573700291713,3.5753217509819315,1.7022160235208712,2.210854299255703,-1.2848454150366173,-3.564877554964511,-0.12654175740651807,-1.7843754431180165,-1.5165991252174666,-0.2981050332139309,4.0331432069678215,1.09906282640561,1.4757786138305389,0.8181874940484328,-4.067488198043263,-2.1350211310523215,-0.5405099317269897,-1.7684743338792572,0.7435681486241584,-1.656291932330568,0.5588390401923005,-1.5250174623784918,1.657320189910422,-0.7810252207637117,-0.9243061185344805,-4.134872355904014,-0.5355782012090008
3137,-3.3930829390495587,-3.502503540145619,-3.548654371804745,-3.6434606889582466,2.487913178863676,1.8254330109972017,2.1308635730768595,2.377275936036087,-0.8455172024232487,2.2663085627800577,0.3760802627073929,-1.4016366350433134,-1.118536264394476,-1.7681746681181896,0.8222774599487855,-1.7482925106686724,-2.4740794681181812,-0.5632900981330723,-2.8283788450624137,0.8222774599487797,-0.34473518976882056,0.14159497748785618,-2.8231432984738194,-0.12273699846486137,-3.0877796272051548,-0.344735189768824,-2.3960408471916104,-1.9426848288001386,-1.652419772782618,-2.368111292882398,1.9924881261108112,-1.7777673434475207,-0.3895400690843409,-0.7954307724000462,-2.451019137989659,-2.8347058616748453,-2.8432322044017764,-2.9090051539947823,-2.8169708909941686,-3.4376308111198277,1.9587125124281988,0.07130682377878587,-0.3336126801011748,0.26219886234342354,0.722502635508764,1.213858469630059,1.0839465447729648,1.4894708751240915,1.7966768857704658,-2.2753274310518936,-0.668464818059417,0.6847418241954782,-3.2099497515211697,-3.030843046660288,-2.023566336043302,-2.1021724569412252,-2.152531027876484,-4.621394567642504,-0.4957278510924236,1.6997871120712142,-3.73596609671995,-2.8139383443762442,-2.1837675606014844,-2.5414301283061413,-2.1246531431043,3.700446128862726,1.0678813634486881,3.3774273719513093,3.221776412939259,3.46001302631925,2.1472194029794998,2.3368201324752427,-0.41207639666928286,-4.931879483723553,-0.35315948715593054,-1.1085728354228468,-1.1398156957963987,-0.4720256239341263,3.7031359145544025,1.6942784959737287,1.477400490027781,0.8788771032227818,-3.663039374404728,-2.1165158516725326,-0.4921205139173511,-1.6348314031383355,0.7306299099760662,-1.7376879105218908,0.5589602883657376,-1.4353709483447765,1.6798265636324057,-0.8462749753646184,-0.9062531705004224,-4.086214547730336,-0.4271306577860311
3138,-3.5820094320418288,-3.561394164249168,-3.4612717738247407,-3.476446526133083,2.2871599880503712,2.517936144751797,1.9910509784336767,2.7876162404800304,-1.0351563682642502,2.2777268127631056,0.18866257133154835,-1.2782239501549777,-0.9746037433952842,-1.6522839358461179,0.6534850599220091,-0.34619509616543054,-2.4152014203105288,0.20405151797937057,-2.716972569797172,0.6534850599220091,-0.14975447904177278,0.7232424312820859,-2.737226507099204,0.40228263206208215,-3.0506228116690886,-0.14975447904178052,0.012796598177447091,-1.0233970506111378,-1.6713623653166603,0.5741137651882475,0.3674637550007684,-1.0499180467075222,-0.2196587140336294,0.024606238919351438,-2.0135834613914647,-2.5516966224660247,-2.6761387082687893,-2.7064878142995257,-2.6555430290496957,-3.246745859248018,-0.3644266626315233,-0.6715134881746112,-1.0585246936074475,-0.573163383444464,-0.2807773648957496,0.09457068255273696,-0.015462192668045773,0.30303482403616455,0.5268437140004655,0.4364793529246561,-0.9094482715950489,0.6074820566406286,-2.986094003501521,-2.9256607476884677,-1.9275658906136606,-2.0354710173223047,0.3729541094033105,-4.51985617529449,-0.7510385394595438,1.7590559651967286,-3.637181539260716,-2.7784132373065247,-1.9689824242554312,-2.4002157851653845,-2.101487865050319,3.576195283412931,0.3650009308776147,-0.40365416686183575,3.9188601428743373,3.871756166328709,2.783724653360335,2.5706901064541765,0.41527717117242147,1.319964878088796,-9.026308751857448,-0.5394424731252121,-7.415466131502465,-0.4445908733760867,3.6280336532668356,2.0692320717742083,1.6464794898827024,1.066780460507043,-3.551565499734626,-2.0972106376733235,-0.43926764800722723,-1.5204832821185659,0.7076312435133397,-1.8127471170522063,0.5758968940661505,-1.3615662486525746,1.6947295831198748,-0.9052930948450495,-0.8823084097011765,-4.040067797139786,-0.33796227053496675
3139,-3.466697440372812,-3.517651900138085,-3.375189740176033,-3.3830509118534535,2.0474969930288958,2.1581193046570966,1.8225379104614432,2.493772214164757,-1.1007886480272595,2.3985491694672327,0.2338309646517257,-1.2705649879711123,-0.9688385239267461,-1.6386612460122518,0.6743304622902565,0.044156596538267236,-2.3162348527094285,0.4615167424784814,-2.608368460598431,0.6743304622902506,0.07610604609125456,0.8369447037589655,-2.628832485841609,0.62496564898337,-2.996035034743946,0.07610604609125486,0.041255310502280707,-0.3248506846876701,0.18407168228737017,0.4448797013519472,-0.21912712263871165,-0.6983401434399275,-0.25457540343767754,-0.04229629724928178,-1.7218023144529582,-2.3782234613246294,-2.5902312602285944,-2.593737061617407,-2.572521379916789,-3.1477706918122785,-1.2084416892763836,-1.057935228396476,-1.143528724157054,-0.891349172660014,-0.6669112967885252,-0.33797334407988006,-0.4410755269513779,-0.1571008014182956,0.03160815904546673,0.07593414460660246,-0.7381356349801155,0.49727592888102856,-2.8993542133816077,-2.8141392373457665,-2.01952615931806,-2.0345930903206697,-0.2881751797494733,-4.410088372536503,-1.0109431648240277,1.8124255933245597,-3.5231190961267003,-2.7444465416438972,-1.9925534935513334,-2.3681727946077253,-2.034727421049667,3.256169530051665,0.5301600236949421,-0.5653863490875212,3.651084191031343,3.722449774352134,2.6538530634044863,2.5155345433553324,0.15986978304259666,1.8648506781490708,-7.812748305228983,-0.822571887316163,-6.836102148169016,-0.44091106981584244,3.264293336775568,1.5039905667290474,1.6572001217673968,1.1297083091827362,-3.238605425255739,-2.0571850215659984,-0.4515471174115465,-1.527423547707842,0.687668964069455,-1.8648933380927617,0.5730794408105431,-1.2879753717702658,1.7023837540671811,-0.9641355867266767,-0.8637593804910975,-3.985966112670077,-0.268371918397377
3140,-3.334176518376007,-3.4421022416524885,-3.2854388042743436,-3.3248281529615786,1.999061842285483,2.0594259052676556,1.660332267173938,2.4342258388064293,-1.1048572308025388,2.3725594982720013,0.3779911492891399,-1.2906456769302095,-1.0004032698174419,-1.6492489707394846,0.7117899869637243,0.07846359323748724,-2.212895120695372,0.5073214183523398,-2.5001092929795337,0.7117899869637185,0.2813291370720737,0.760074811657045,-2.515732814378894,0.7028936517157405,-2.926957029096858,0.28132913707206764,0.09758421666139637,-0.06196186123068555,0.36048778952994,-0.19003074620375093,-0.5134219396345686,-0.28313018785629296,-0.45404965036377165,-0.17402642699342902,-1.515619851888065,-2.2519506416853967,-2.543068997835227,-2.5276041679606602,-2.5295122156506618,-3.092083949326638,-1.3513797732687012,-1.0821030248802204,-1.090076195105146,-0.9632662704911292,-0.7604142035374135,-0.4421205875746537,-0.5420048346079548,-0.2646404139184432,-0.08872672026427499,-0.09774474629956036,-1.25155544745887,0.8590812252324607,-2.853053880398079,-2.6161380140783557,-2.075679894928922,-2.041289059827714,-0.09174312580688818,-4.284677437200859,-1.3207678028933103,1.8596548416893959,-3.360003143156183,-2.711954008055898,-2.2288069473735685,-2.3870426813507417,-1.8458734619503767,2.965953855870274,0.3620798449506437,-0.6356297871688613,3.497389516423318,3.535543371180137,2.7742023513569825,2.493623882161885,0.30221986471325807,1.7409717186133788,-7.0126364751667944,-0.7356920371489147,-6.225068710238157,-0.505911616865289,2.9529406100014612,1.2578135620949353,1.6111527695880596,1.133213109038013,-2.943385911906625,-2.0191820904628326,-0.4382174226316824,-1.5841489293244988,0.6473159906427828,-1.903168305237752,0.5490390428780869,-1.2356675382503328,1.707033660993141,-1.0202270489169392,-0.8541522057140969,-3.9318269565998154,-0.20512261789142
3141,-3.281517064113114,-3.31986224742296,-3.2030142862608746,-3.192156597405193,2.0900624732705486,2.0617991086263667,1.705200102343456,2.3325773027906087,-1.0512597615376555,2.4425273606595184,0.41542517001643886,-1.1677636271060166,-0.8404700783730185,-1.5432203786919414,0.8982230403147357,0.38748838775740413,-2.0625640448433114,0.820024854035624,-2.375728817793196,0.8982230403147352,0.5383377285506933,0.9511784898026623,-2.3728907217319333,0.9978319804540489,-2.8401471124280464,0.5383377285506933,0.08787061361347565,0.36249567135121397,-0.12856833607682266,0.5707114487554473,-0.14630722609431787,0.34292933536164266,-0.3412164006558779,-0.03472158309418667,-1.1224437151116684,-1.9917748519351357,-2.398653441227219,-2.3544339257663927,-2.394235304790036,-2.9423825025969284,-0.5091420882364291,-0.49366203137556725,-0.6074386574500322,-0.729206984174834,-0.479319527837701,-0.12437636645297549,-0.23374636263976545,0.07960477834162044,0.285204442598121,0.37837091289373004,-0.7053193613562784,0.7395773222438828,-2.648204448898905,-2.5299440253233194,-1.9736840126915627,-1.9444565169939125,0.14787916402900356,-4.143067319043935,-1.6578017942340977,1.8809170104761117,-3.3192360548803843,-2.680859259547308,-1.9637449037968442,-2.2699942237667967,-1.912792533020623,2.705643965556715,0.9315564389877283,-0.30874244974914017,3.4094605353254073,3.2356177224358564,2.850311623267293,2.4853056685607875,-0.43001131435203155,1.9433246700307272,-6.033239391172263,-0.13498641300857162,-5.176064645693424,-0.6720375234262148,2.6731705860178168,1.1012140973686826,1.5148183010228635,1.0807230374681767,-2.66985045291186,-1.9550655504746322,-0.4292755647960496,-1.7196232520421648,0.5987786588386947,-1.9406421481281868,0.519820973183021,-1.1712724636554832,1.709044684937162,-1.0737188035268328,-0.8470090977701663,-3.8780387736834303,-0.1421731298889264
3142,-3.127267073759194,-3.150543456287332,-3.012341926392905,-3.017942501858534,2.3336394267313287,2.1682147548784583,1.9071624475150144,2.712486370345224,-0.7215974676738861,2.3887816666857895,0.37378473250195676,-0.9266871547676148,-0.5217488204632806,-1.3443485690249608,1.2121459475867964,0.6559982020068263,-1.8573097696438035,1.1888936848285592,-2.221789073464216,1.212145947586793,0.8614272250174813,1.1965645161015495,-2.1920908700043307,1.3704699376532092,-2.7313617186397208,0.8614272250174727,0.8147603285870372,0.8013700601345282,0.608464169737322,0.7979883806123245,-0.5290311755663842,0.6932214974606307,0.08091831657655671,0.1977231713525934,-0.6079422932241253,-1.6468204858211655,-2.1971351380580177,-2.1218750402966946,-2.20414385642229,-2.7364395162398027,-0.648660984552558,-0.8181909504537758,-0.8948804796592411,-0.9484183038839463,-0.7459475052448774,-0.4259642497070479,-0.525823665880887,-0.24626668796802142,-0.06447866414176433,0.68262135369716,0.6967849003866327,0.016167054386755746,0.9707296759423932,-2.384088182895856,-1.8156207050046371,-1.7828720242298381,0.792586626483927,-3.9973773764185756,-1.9734884488928546,1.845650414754176,-3.298386316876347,-2.6499187108345232,-1.4909789185796198,-2.070218757661448,-2.0319897285744704,2.4707299763689248,0.38635621849742546,-0.4269892964423717,3.1300806094735294,3.085841462177648,2.6844304768830476,2.365641197279903,0.16712423416293756,1.3672174916409177,-5.477760850853614,-0.44406767535985653,-4.922020608013816,-0.6219538560799661,2.3407658428626097,0.2345399256341263,1.1641078016956257,0.7536070116975131,-2.4126143177817245,-1.9006155338151558,-0.4088215583968879,-1.8707281253390031,0.5244481573412149,-1.9738123503999947,0.49648671251669313,-1.0052072627087825,1.7082169507042142,-1.1214398283653586,-0.8404040492895727,-3.820562330981569,-0.0738721035749951
3143,-3.0163968855485983,-3.0339360820146446,-3.04396619043092,-3.1342705503040205,2.341638195449931,2.3940142137479197,2.0022409780283184,2.6891102332337793,-0.09315491782628427,2.10682296368604,0.7259837841053874,-1.1362579593794042,-0.8399904515299805,-1.504655781939758,0.9673325390717962,-0.5045089528544525,-1.7967121192585576,0.3110441307901509,-2.0988496938932637,0.9673325390717916,0.9236685024550871,0.2355039342886895,-2.0879657322272513,0.7494708629988376,-2.6224395432523253,0.9236685024550786,-0.5499656757944618,0.45919675186297393,0.36368219466050167,-1.330309275778538,1.2473174496149435,-0.2735679294815785,-0.46124323869882916,-0.4898416190514985,-0.7929691869652188,-1.825468035088277,-2.3707389082179375,-2.289493822131513,-2.367539616835205,-2.9054487981952697,0.6145497452488642,-0.2173887435952557,-0.3775840074483571,-0.740027376562774,-0.4973972243825934,-0.1413192938072434,-0.24611274590173915,0.060000280224147266,0.2699543907526993,-1.0608968778108292,-0.016963641175519982,-0.7028476901798689,0.46307401228197825,-2.507861566134612,-1.9674616821753166,-2.0020773051162193,-0.3826569662870054,-3.855015022933247,-2.3277397429131,1.8356251014782061,-3.262961566050441,-2.6202694176516257,-1.969899625434794,-2.37321658330729,-2.113472236663421,2.267408476421487,-0.19252812020238672,-0.489988030658516,0.32281580119173914,2.8673629239797718,2.4248411347018024,2.1628144880614393,0.8091422257772404,0.6441847791053109,-1.1283038626172088,-6.62753520007659,-4.544670356234331,-0.5237651054585755,2.0517357616184886,-0.6760837457817066,0.5393155887734231,0.12406804063666303,-2.202513255401068,-1.8645897589569909,-0.3279577824560177,-1.8815934240892545,0.4204854054043599,-2.001329123093856,0.43155322176427263,-0.7340174791843884,1.703689443678641,-1.156971703857676,-0.8502482453613353,-3.71619662951718,-0.015649192563041855
3144,-3.0867915021754664,-3.089332422084804,-2.9815717067118688,-2.9522510986467863,2.248662234916503,2.276767040505516,1.8971795965250784,2.5969631871649534,-0.5659667166677379,2.24992455492122,0.5990489597359062,-0.8500731535174443,-0.46145739719234363,-1.2725138671761564,1.111772794974573,0.3045528110146362,-1.6418507966423521,0.9078715356214649,-1.96346697284735,1.1117727949745724,1.1166115620739117,0.7232089404557305,-1.9338641124006,1.2064461782076206,-2.502500453020583,1.1166115620739092,0.049253819448928295,-0.900487886961584,-0.8843541467754333,1.08926106150005,-0.24610785811949437,0.3178648575154458,0.08991407184526176,-0.02818505261169974,-0.22076993345451784,-1.4383218745527673,-2.1468073534184255,-2.0263090030446214,-2.158586903930515,-2.6837935482290782,-0.7200541895547061,-0.8453377291907099,-0.8216912955341179,-1.001590513444725,-0.8147655358883503,-0.5027890476816284,-0.5990038320788084,-0.3332850507126643,-0.15576174124325365,0.7945659917117931,0.317985905782883,-0.32263943000345946,0.5846550752213872,-2.3105816202667735,-1.85424739037179,-1.886640091262661,0.3881810663070427,-3.681999823248136,-2.727855956411173,1.8258950211752396,-3.192282175135576,-2.591849747286793,-1.5678634875859712,-2.1420160810990567,-2.1069590448966986,2.124097937750837,-0.4032031767379323,0.35926562303575466,-0.6123324554111906,3.0131582510513715,2.627326443566074,2.372782811779323,1.0259693561141732,-1.2603710519883962,1.4130119322284918,-8.066466466322394,-3.828592541506741,-0.649946066947425,2.257515136285713,2.814566777657801,0.9588267123301583,0.5972744310700739,-2.0607658497871153,-1.8035343477759895,-0.13817901630363472,-1.9687833133283086,0.2673019597757318,-2.0403342918472314,0.374956724711854,-0.5032326662031156,1.6966100566804925,-1.1952716471559035,-0.8524471396486016,-3.6499905513418436,0.03646962192594546
3145,-2.921458816786869,-2.8251816043224034,-2.8093240859886874,-2.748977195836499,2.301111702990637,2.215057293149315,1.8564265605007664,2.4896402479936763,-0.6810000187656048,2.3219571517787996,0.5273557191793344,-0.5006607639591041,-0.01585788430503232,-0.9867806633307743,1.4551871718833105,0.7251203716117949,-1.4119352352912165,1.3900685176712102,-1.793899917706831,1.4551871718833087,1.4094054175430109,1.1021612984877687,-1.7316990301362845,1.6493550781121167,-2.363565679740789,1.4094054175430117,0.8144387017453106,1.7474679659983416,0.8080248985168016,1.5083901934543738,0.800898754203345,0.892105388739146,0.7807805989277693,0.5533108652760474,0.4306770667977941,-0.9904817059757374,-1.8862896682506618,-1.7252685381091317,-1.9185856228451124,-2.43166209216044,-0.5561741054079242,-0.7153655140940497,-0.6887804428478186,-0.9730513950612655,-0.7800183029083891,-0.45198825409055093,-0.5628109252621708,-0.29507081930493845,-0.1140600262961452,0.9869797538994499,0.8326373454269895,-0.3498183950804888,1.1951467441918289,-2.0789331703328378,-1.7311906792612028,-1.7544368706864115,0.7749124755674717,-3.485768302003113,-3.1385134448189733,1.6892838726051613,-3.1942884523536037,-2.5646036496587508,-0.8914344808553386,-1.8599737371881324,-2.260978922747219,1.9546706877971893,-0.5219561957393122,-0.1118441566770452,-0.7050615786870109,2.747737821766082,2.4585313257488024,2.2663481138661483,1.1246693155797993,-0.5469648989931555,0.9633877401796681,-6.9784181791518805,-3.877550901818733,-0.7029862197501913,1.9862691509106263,1.8308809064864848,1.034667055809734,0.7135985695648108,-1.8821541915344862,-1.6606967643029555,-0.07005350890872064,-1.9214119362755302,0.11041206850778289,-2.060083228214487,0.318812915219293,-0.3740702503568833,1.6867272229143415,-1.231426004856019,-0.8522008095512588,-3.5905050552067133,0.08170567226679074
3146,-2.720822620083742,-2.800231367655774,-2.7408105986145355,-2.7886272988359777,2.12232772404395,2.293374112336572,1.977063088958656,2.5590558432220076,-0.4478314981366796,2.2037075386840583,0.6591704653584585,-0.636259893668276,-0.2328795284309162,-1.0821642261184028,1.3407957276606342,-0.23011945980861165,-1.2909345309312523,0.7262465072856596,-1.639597829198898,1.3407957276606335,1.5012788388737424,0.36334627932082725,-1.5842794191749503,1.2031735473709235,-2.221740380916089,1.501278838873738,0.167142015781805,-0.15804480786560965,1.1190812461856705,-0.790032381329392,0.21927135910660508,0.260496565605067,0.4932626482414672,0.273676504627649,0.4439702123777837,-1.020432284715234,-1.9508963008814846,-1.7782809769707653,-1.9842131723215155,-2.4994109528289785,-0.4053247946079412,-0.7246932264341914,-0.6758858825861842,-0.9849405788682973,-0.801209362519329,-0.47766702721265863,-0.586938435445601,-0.32460564700238737,-0.1442993823172556,-0.5159873468077696,0.4029249206985758,-0.23541028088688004,0.8281799475570975,-2.0929233266031613,-1.8595155995777255,-1.806071503106264,-0.25958702266424794,-3.2667747171993025,-3.589412463486697,1.5643489009994545,-3.1396981133799597,-2.5384801635920557,-1.1541811100912276,-2.010837529068929,-2.2787211961452916,1.8127784957995607,-0.18515418916627005,-0.08269792706729791,-0.02125984439974741,2.4147251624503996,2.2573050612301273,2.098786498780894,0.6917244102867817,-0.11323492806530781,-0.07064555540206975,-4.848673296763165,-3.3564561954491827,-0.7385921514313372,1.7328600652323025,0.5835452626575717,0.789325165458596,0.47769609763217585,-1.7467475790402702,-1.4086870586621367,-0.07311214117103575,-1.6667282676364723,-0.11092659448168507,-2.0795568592681284,0.23402351928426385,-0.17021293217750547,1.6752667343096226,-1.263979217683799,-0.8591146350008234,-3.515331046591264,0.11859446481822104
3147,-2.7757000024904634,-2.8381537708446896,-2.774323366291738,-2.768926843351393,2.2365771920794857,2.199022653951863,2.18309344633916,2.6313824736092464,-0.2101381547361772,2.0699470264733653,0.6049967852528402,-0.6868783550333485,-0.31475381361242355,-1.1152204518048088,1.1623250144391735,-0.3677404838151918,-1.2030631582172735,0.526851386061665,-1.506822632334397,1.1623250144391704,1.519628757055323,0.0915583121250381,-1.4587525201554596,1.0313274445446352,-2.0823876372036456,1.519628757055319,-0.5007035114102322,-0.6807888000525275,-0.6914015876214235,-0.08335918033028288,0.14896517992873726,0.11713478310054064,0.30122166049901944,0.26873728953036047,0.30575989701290074,-0.9390846460103638,-1.9317319167311147,-1.7470844157513568,-1.9761197172054141,-2.489069171833188,0.17391227865190168,-0.0904615199057413,-0.3519545310676195,-0.7125533232250806,-0.6772023647487168,-0.3338386975739637,-0.4486677824374502,-0.17472180585275857,0.02048438712323154,-0.15341963706354644,0.011999710411557184,0.5523906775499331,0.0189868823208278,0.836475366327835,-1.9963284437024023,-1.7942651081957257,0.1768148256983631,-2.9897830464864636,-4.111866597874731,1.479080878210502,-3.0719064525390793,-2.510289269468156,-1.2610960395195185,-2.0522310665329893,-2.2545300149076213,1.6603792625600184,-0.46691740860231273,-0.21905430970537587,-0.3995120460951565,2.4105874833681766,2.4279050252171372,2.124444909090571,0.9860184931456053,-0.2658478889702109,0.35056809724856347,-5.245829921816057,-3.4349700762597504,-0.7688905671770413,1.5848151659898,0.6956195651077128,0.5383318468188015,0.24137388861115647,-1.5811705687393296,-1.0054861048358046,-0.18799769900916902,-1.5099531433787898,-0.43890931496771135,-2.078985139891188,0.15794921125178216,-0.007218565835660441,1.66023554887964,-1.2907692914420512,-0.864613767013071,-3.427163538700963,0.15145367461362882
3148,-2.7534677377812646,-2.7721427397137566,-2.676729228766059,-2.6513856494789794,2.168970126537884,2.2728904172996245,1.9152897268761988,2.5361501758569087,-0.23003242119995745,2.067095967690704,0.7239916507272962,-0.5029136756151312,-0.06764786504659716,-0.9701574356129943,1.1845437242940047,0.052640030688526004,-1.0718296053916239,0.8024617220372744,-1.3732460989796789,1.184543724294003,1.5926327000435239,0.2999215508200329,-1.312689659616224,1.2212422413416537,-1.940511657666516,1.5926327000435219,0.3852519708997204,0.18251023596743046,-0.15017306944016784,0.8974195570526063,-0.3355924057102692,0.2861529902540901,0.5222888870558028,0.5801641553657979,0.45584810305579937,-0.6475627471327758,-1.7725521329390082,-1.5621504095457277,-1.8379904499449817,-2.348189818858138,-0.10451016693777972,-0.305744708862566,-0.5755517658692478,-0.7253222329933188,-0.7869577657335323,-0.4622514470436792,-0.570281741653409,-0.31128796166312805,-0.1282433552016712,0.5049786573430404,0.7587993438548276,0.5781659004083707,-0.11058153551753391,0.8007022246858055,-1.9479879242283915,-1.738481563224281,0.5018276184866193,-2.530461420011535,-4.847018440365961,1.39294796620528,-3.0342687134286583,-2.483184523710721,-0.9517110691876273,-1.9090705482465782,-2.293827262075666,1.5033004660703415,-0.4597723016203682,-0.5983334430603198,-0.5490064965735499,-0.12364109026793979,2.628804803696442,2.1107084544791577,0.9368511642918148,0.4564047579354411,0.10864816381090256,-0.6729380229815027,-0.39353776913269295,-2.550970740933668,1.5075680065377626,1.4768330930147011,0.5273886818614506,0.26084277609612505,-1.4222166386137176,-0.19453125152317535,-0.5889067741444592,-1.6437589205305272,-0.9376817169966696,-2.076122011052608,0.04924909519814013,0.14276744062867247,1.6438559622560527,-1.3150639937421496,-0.8737925341348551,-3.333779355763202,0.17743586899136485
3149,-2.6650917951256785,-2.7230063512059046,-2.6469778860852724,-2.6318041949263145,1.9833813962979232,2.1287044875185432,1.7941100256746665,2.3436980391208513,-0.4880037628794969,2.40713132180116,0.7245862505034737,-0.5519921966320166,-0.15154478306009775,-1.0006677186629638,1.0809716373612948,-0.21309895919854632,-0.978331945013933,0.5719274166073934,-1.252182832527125,1.0809716373612932,1.592366453254225,0.02578962293544713,-1.189168718730887,1.037344745212516,-1.8014771310451911,1.592366453254221,-0.055454485364108186,0.06525684213784466,0.3603011077318731,0.23170394437385,-0.1362677157114882,0.054362857469985544,0.36061764806610136,0.42000091160994424,0.34624730365337003,-0.5562168983153006,-1.7493161846847989,-1.5242653076389394,-1.8264196623471844,-2.335372738024634,0.2236482702439853,-0.030844215833425972,-0.1321947262809647,-0.55335949656971,-0.7083731873525126,-0.37141689138172357,-0.4829894626329625,-0.2165181870611449,-0.023595790688422748,-0.1175550135051867,0.32622764913888774,0.5061580887481011,-0.05957318694598471,0.6750697186553798,-1.9265887705376026,-1.7323677519054688,-1.1135125024715793,-2.456790234682477,-4.628606157839219,1.3203013485487713,-2.9852671028794053,-2.4571171158298837,-1.0070381635045031,-1.9422566603712481,-2.299951733996381,1.3621726108938292,-0.2503199174280174,-0.582316562566517,-0.4230345160163695,-0.5886872463292664,2.5577431462447144,2.043628941941964,0.6535627155067114,0.7295413572721934,-0.06871465413915695,0.4192295710455385,0.24447800627722538,-2.7772833319289814,1.4351976401285618,2.065971508476961,0.7423440327515863,0.5173811522536484,-1.2874667683173342,-0.37692154242282666,-0.6434980970106241,-1.4740124254074167,0.6048734760323619,-2.069991792693959,-0.04840834924737883,0.2795892068136637,1.626708708166976,-1.3462359304422915,-0.8866093446317399,-3.262514461739199,0.20043632303192047
3150,-2.6291128065823974,-2.6724150385569843,-2.596090853663832,-2.6181589104291128,1.6135993861401483,2.016183379289342,1.6252915011041722,1.9832581071666777,-0.7458538461575748,2.3807970867810515,0.5547195905621765,-0.6121231191081025,-0.25593515065779293,-1.0378753662228244,0.9216524238716293,-0.3329590736037157,-0.9136432677759335,0.39487384719497093,-1.1493482449643335,0.9216524238716266,1.5379619854776092,-0.18189585718772378,-1.086517545249708,0.8646886173052317,-1.6691097360155505,1.5379619854776074,0.10425681999868401,0.10199813384600548,-0.006197478946689226,0.010280968144813715,-0.1945259922895792,-0.004086419349064315,0.18125073763819172,0.2685573016171704,0.20335363293931852,-0.485198490037967,-1.7330979262444302,-1.4893072380398897,-1.8225033649365727,-2.3301256261271126,-0.6258771064771577,-0.5708340453088543,-0.5206572296811539,-0.7403714698706667,-0.8728660861265172,-0.566866564730397,-0.6679755766896689,-0.42301150195130993,-0.2509133873557857,-0.15289863050567967,-0.2027597195306914,0.4853172215276916,-0.3929919585978955,0.9079031470541775,-1.9442705819323325,-1.7582268409208244,-0.12658482363273213,-2.3982070253940138,-4.432545077626496,1.2517779021619344,-2.9475436454329844,-2.4320423970423617,-1.055592287214829,-1.9837019334487753,-2.3277932778089583,1.2230852729123456,-0.4992496164518055,-0.6284358539371927,-0.46981743063219417,-0.7567092293698207,2.5120726738796386,2.022894063618438,0.9099036769731954,0.45558799170198183,-0.05393920359830388,0.6619244514725322,0.42683305621434464,-2.8425364648317397,1.2987350629805066,1.851751307207426,0.9557727045644399,0.7709333720420917,-1.1670065969663945,-0.5470673268758298,-0.6849654150095652,-1.0073206504580936,0.4366302853142416,-2.063320528474486,-0.13646347919121582,0.3461003220186056,1.6112703967164603,-1.3752627049318125,-0.8909888383133738,-3.1983032839966103,0.21771740461612135
3151,-2.5921811769345195,-2.6677690352050005,-2.5487059200407725,-2.6102362667493892,1.887694608950962,1.6458679589391132,1.5309948994321507,2.0288837864114595,-0.7430285622437951,2.2833739146683714,0.6469920839455122,-0.682750475612889,-0.3795634690908369,-1.081318930186134,0.7445711855581644,-0.3726633694453775,-0.8715421417816562,0.25524630022764533,-1.0663904882263786,0.744571185558163,1.444580746851784,-0.3360663119281844,-1.0031895336965386,0.7031622285749717,-1.546083485100616,1.4445807468517828,0.09474068541941943,-0.2845050859730158,0.015206389501255088,-0.2929634211462296,-0.8257985307014831,-0.1546572426158946,0.01594090483922719,0.11029948536294504,0.06462938633622252,-0.4209429074336585,-1.7244236683032803,-1.4634214374639074,-1.8266406244954871,-2.3319546911071,-0.6121668104297735,-0.5075783755328603,-0.5168344267255086,-0.7061260126448679,-0.8812468955799202,-0.578101436434992,-0.6786423423450234,-0.43698043883224036,-0.2669206233100129,-0.18805881995375998,-0.04937280032949025,0.2779937041830502,-0.21356551851511574,0.681419941134894,-1.9299425594614947,-1.8032234853941285,0.038895815766040655,-2.3491024291587728,-4.257652010904229,1.1878082783294965,-2.8915000144583143,-2.40791953464037,-1.1768273706729349,-2.0326306408893693,-2.3056122836278856,1.0933106503867214,-0.3024258133024003,-0.6388246570702352,-0.07693317330532513,-0.5005603404711412,2.5250300297593857,2.042746571789022,0.644212973960965,0.7597457494894666,-0.6822470474485859,0.8235496384902714,0.07403936245278751,-2.670407037744468,1.0904845851487668,1.2276614873384506,0.9266004201580279,0.7723475906676401,-1.0136558797589368,-0.7366066335868623,-0.7050561237784726,-0.5961151514838496,0.057304586651409924,-2.0559794235316646,-0.23196411118588212,0.3857334833835396,1.5910989902597592,-1.4004714211648552,-0.8972549908141683,-3.1408529741287556,0.22995146520787565
3152,-2.551385702025947,-2.59748307707247,-2.5482427956994513,-2.6134005264400417,1.9155639278854815,1.8728676111906626,1.5880887323663835,2.0272561154931417,-0.841804946458697,2.2848891076826976,0.6824928515895203,-0.7789216437035562,-0.5453553833595042,-1.1412650760660725,0.5530807223265254,-0.40362867160205224,-0.8525998815806178,0.11123323899240047,-1.0046401228437947,0.5530807223265227,1.3156655353602091,-0.4768481005166459,-0.940713721238633,0.5266394379969439,-1.4348733948502133,1.3156655353602063,-0.23299953874941004,0.3041691020608001,0.05557993241049566,-0.7749046668004903,0.08846990483923468,-0.3589300105261093,-0.14186000508532529,-0.08686274413919542,-0.047736210315912644,-0.3788736447085259,-1.7324116788200248,-1.4535196958774594,-1.8469967699904513,-2.3490519192361186,0.2142246352235095,-0.060978145810976214,-0.13368923767295549,-0.41620092113656176,-0.7619279094584892,-0.4395086989700158,-0.5446361149819136,-0.2941039314170423,-0.10868855425149097,-0.2713265849539663,-0.1045358428695681,-0.06494023256572289,0.36511762826124433,-0.03672075597814599,-1.9702247111482185,-1.787211399818454,-0.31555801301786185,-2.273554881896218,-4.126551725986953,1.1479370153895354,-3.267044681583426,-2.384711208601001,-0.09025911460869097,-2.102360269492623,-3.3172054250168346,0.9723475334142129,-0.4041304755977081,-0.6679826417104636,-0.2642413757721208,-0.7315629305355988,2.4953027895082336,2.0884747681149705,0.7316582964037646,0.6671215093518537,-0.4261333682669681,0.9533296846736253,0.3570252282961662,-2.8533672229059204,1.0016769537227204,1.5735537450024595,0.9938332339625011,0.8721125592244857,-0.8854252178327318,-1.1147238782197992,-0.9231886697897101,-0.3584036692116191,-0.32584588426974187,-2.048966955698795,-0.3357339275161805,0.40778621679373483,1.568129972468766,-1.4262532024024888,-0.9072235604166874,-3.097594943237987,0.24031348718727033
3153,-2.587352379903771,-2.5905689209355165,-2.5128710992326604,-2.541940026199654,1.7723709906357512,1.862972171786549,1.5396624839334203,2.0314946385098747,-0.696349636757785,2.22859308260024,0.5771706474628279,-0.674601058231862,-0.3827003537586801,-1.0666984486372337,0.5445544922426306,-0.017500843355954587,-0.7966242142313112,0.3445647123265418,-0.9441901580641835,0.5445544922426306,1.2503568272341112,-0.23716779089208953,-0.8645403429448801,0.6483874152786282,-1.3300653712932673,1.2503568272341077,0.019911765150653023,-0.2526040747162198,-0.5467802783788561,0.358030754694468,-0.3495928677672478,-0.04269235768716034,-0.05139054933563427,0.02544579271488395,0.08135754205232283,-0.1664251260348384,-1.6280724149074557,-1.316413921227275,-1.7658063677311644,-2.2650580559504703,-0.18668835473932177,-0.2259380901823377,-0.2964413730439461,-0.516322574347088,-0.8355759379730142,-0.5275995630874128,-0.6258143147254299,-0.3870474928223922,-0.21055367633972896,0.25598060393746147,-0.21908512114538378,0.41659543110592295,0.3140699537206189,-0.20529247607666098,-1.980130242897386,-1.7338637462126252,0.39552519550550586,-2.2138706240466286,-3.9960081675333243,1.1136528553909593,-3.2178541764089448,-2.3623833453798495,0.1011390379676259,-2.030001935552609,-3.309707229981335,0.8616292082603753,-0.37554973024491667,-0.41781548337631935,-0.7408453488420418,-0.5270736425889669,2.5415367330704477,2.0705754881378318,0.6686065001596345,0.239634889375411,0.6325863771116348,-0.217724165642043,0.31676933465431195,-2.6762808919195633,0.8137684733530557,0.6953865076393063,0.8351718046900761,0.7244638798709628,-0.7792195481154436,-1.4950608133308847,-1.0727858514475679,-0.3081336407661821,-0.3214475716828317,-2.038692402039179,-0.4401922312285869,0.4047698805330225,1.5458838946397673,-1.4498521639483335,-0.9116334655941489,-3.0441654813088443,0.2464448537552878
3154,-2.451252608794267,-2.496975116977901,-2.4526370667247352,-2.486909978662478,1.8340431785396847,1.8664790402594884,1.5121378024483183,2.012580196906901,-0.8400689413019483,2.291101407868348,0.5192119083866227,-0.6260704572997924,-0.3051384396811176,-1.0314381484223842,0.5769415993889885,0.069234208970209,-0.7290951838812525,0.4198027823587958,-0.8806297757294231,0.5769415993889886,1.208146355292837,-0.14899642680571404,-0.7848214166210623,0.6827539632628302,-1.2295796888907642,1.2081463552928338,0.20357269466396608,0.5512712951949948,0.827317873700145,-0.5170366591186473,0.08494724515792719,0.1320154130560636,0.012991220002277778,0.10296475895265535,0.15623344269866582,0.0116692992779595,-1.5479774519610114,-1.207291304664289,-1.7076411027949636,-2.203133924179883,-0.14647551723667507,-0.3026630875044269,-0.3505442378053659,-0.5256737437614207,-0.8554135948169999,-0.555255123882166,-0.6465562273472679,-0.4163059218723807,-0.24355577768890338,0.15107117551883664,-0.09465444465595003,0.18394663407456613,0.3356919072475513,-0.09843812749572525,-1.9502897934271641,-1.5963380937881262,-0.050983335506730884,-2.1905027212889685,-3.871623505349453,1.028965550286575,-3.1512644803408576,-2.3387793317152576,0.17564066093808214,-1.987901232563785,-3.25731469393792,0.7511299652663729,-0.2755514135625243,-0.6650890693832409,-0.7968696966558406,-0.3053616357599996,2.548337060018457,2.005819491672276,0.5218797836533012,0.84674285581956,0.4098969388912424,-0.7303627050637059,-0.21173631888688282,-2.443081739473408,0.7948330259412824,1.666599325181821,0.9457085210056645,0.8696817394528478,-0.6594227784461162,-1.4644376606913678,-1.0623586671818384,-0.12229817373559529,-0.6693755332332079,-2.026545140649505,-0.5684524791582003,0.3598795795997951,1.5202922398745309,-1.4773374574945517,-0.9138662988474245,-3.01211030361814,0.25269393683700014
3155,-2.27673465210422,-2.3482862622173384,-2.3209115980536503,-2.3079277115569994,2.046819665163966,1.6529130907565963,1.8628696504343358,1.9710233783453435,-0.9326191484487781,2.399203700263722,0.33909222697954144,-0.0851819674409948,0.49160122666904216,-0.6561244716975044,0.9067785535362743,0.7003152268970051,-0.5655073775489656,1.0245454953762607,-0.781859431397717,0.9067785535362736,1.320987200489357,0.45127159503320785,-0.6500308899763628,1.161462393578157,-1.1207621721693999,1.3209872004893564,0.7558687719103644,1.0955131357018268,1.1642415163273856,-0.4632838274839391,0.2700907402786279,0.9126412721147201,0.647060206448411,0.6049169563348007,0.6261165629241477,0.4915897517062825,-1.2792821054605108,-0.8964509353973904,-1.4753756702020289,-1.9714112471781708,3.276380725656786,2.5126655929398396,2.366807542091559,1.2230410846725104,0.0008724304347238738,0.44871735448597444,0.3463529555793222,0.6349556704381739,0.9299349415226104,1.064220579383944,0.4739267052614,0.2121379609299132,0.6708782286532731,-0.09840723301209389,-1.6964471696377657,-1.4362856876392134,0.7616780040495686,-2.1510725905314554,-3.7785894644144182,0.8447649547975543,-3.0718116716945776,-2.38738709498078,0.7000363323636141,-1.6328035905546525,-3.0602058289577374,0.6456933642109206,-0.36799797807668017,-0.6279690711664428,-0.8047755574009366,-0.4256083142112086,2.497731523202531,1.851858703175415,0.6022084902085774,0.6440733935207643,0.46942119709166635,-0.5169336265026475,-0.016488439780687668,-2.3367772546487244,0.6746929267970022,1.6555750648179055,1.009314050243967,0.9659366485430602,-0.5342734552471606,-1.170109406887938,-1.0134633641950581,-0.19761788407796116,-1.0290080650054163,-2.0108975604873756,-0.6551459448736693,0.3049954940917737,1.4856408262436402,-1.504673787336362,-0.9109486931929948,-2.9861095234328827,0.24908804068016854
3156,-2.2925754694241753,-2.3581599443876513,-2.3637944806571527,-2.398328836430917,1.9595712897062538,2.1692674156621123,1.8677081942353917,2.2823783403973907,-0.7952366870220973,2.3476588929550153,0.43401830109879286,-0.4226083972742976,-0.11147498994927105,-0.8577563986953031,0.707177298098029,-0.4217397851056585,-0.5330332543540022,0.20268930059776052,-0.704904195635958,0.7071772980980277,1.2257675420558125,-0.35321284376171436,-0.5849646966990991,0.5599682677231393,-1.0201637149676517,1.225767542055811,-0.5146030714496361,-0.33545114385176406,-0.32393501484180487,-1.287681932650461,0.7668541297753755,0.08175580835333697,0.0989884237550995,0.08269383749909562,0.2706973593954642,0.3254655540098742,-1.4151607557365002,-1.033358904890014,-1.6131268467347737,-2.1058251952910685,-0.10598137359141542,0.1818465587892969,0.20953736537021986,-0.08900928781449326,-0.6407699689077329,-0.30805152290205884,-0.39438872521966717,-0.15735852574853093,0.048768304886033134,-0.829083061246502,0.1664578107743901,0.09643308823083166,0.31775752310023175,-0.09739951344678545,-1.8889776053285903,-1.6274084921386596,-0.7491984778859563,-2.12008809165691,-3.6916250141357017,0.7248165237483818,-2.9899449317762583,-2.4625413034074852,0.1445947778399535,-1.7607778746337481,-2.8138050755198165,0.6072096431826197,-0.4598204607833745,-0.6409898128722049,-0.6329684229338477,-0.43414675195901575,2.1307549041491227,1.6614759724840014,0.6993470149431079,0.5364375497169704,0.18452169401645663,-0.21896794802147931,-0.01765445415017966,-2.12183380796104,0.5625261332849473,0.8617728894232493,0.8731703736369442,0.8271512032552956,-0.4992189578724507,-0.9221977455001539,-0.9057863511759748,-0.21720712367826248,-1.0319564161598034,-1.9976733112969913,-0.7425810481524487,0.27411614070744783,1.4530207048037058,-1.52852201642117,-0.9138251904079813,-2.9468220588493645,0.2425212002053188
3157,-2.414741454154102,-2.403030203756157,-2.3322002351088758,-2.3325281350315286,2.1419195686582535,1.9203933870430832,1.7909265883987309,2.3216602793319905,-0.45591353013523495,2.14483261788433,0.22945097533020642,-0.305755677088999,0.054194928575664235,-0.7739037601850991,0.6649998373179322,-0.0886101731547563,-0.4721851004566037,0.3810594755078981,-0.6326548018102803,0.6649998373179322,1.177944892346276,-0.17324301938149156,-0.5093580535938931,0.6518611384719305,-0.9238138504099632,1.1779448923462736,0.03585956041543989,-0.6740869014112657,-1.1913606722588865,0.7711037129209849,-0.35986606368451435,0.1719856569611918,0.23287158486483364,0.24468624420924157,0.34512818392476013,0.37645707340084605,-1.311738461425148,-0.9121560545922669,-1.5309135208211857,-2.026790765816522,-0.30686264287390475,0.08828207641405596,0.09502773424072113,-0.014277073090849982,-0.5096978553136459,-0.3414142365872989,-0.42153263344163727,-0.19252251369031942,0.011214696174520594,0.27959110311697155,0.427356606935298,0.2538083106360184,0.2045016447753764,0.5384378445859538,-1.7679124478013317,-1.6211634640889006,0.8362367829474586,-2.052087297372295,-3.6716682583616405,0.6160330177836112,-2.8701108910923865,-2.575837141373279,0.0691692303206127,-1.5429244865077965,-2.4076947878732784,0.5636570545930624,-0.5262364982003834,-0.5670594581436549,-0.7833295504713425,-0.4360246719345279,2.374442452644711,1.835577288606619,0.7651383505681362,0.30227758992982573,0.5129429084937646,-0.46330417725075723,0.05384968303629345,-2.303814279785283,0.45697864394254795,0.3666365171432377,0.5478016785375445,0.490198069667479,-0.4401999489482817,-0.3368607763113946,-0.22705735760679022,-0.05817423018849662,-0.9290873863864754,-1.9904789518795722,-0.7920053684237878,0.301141239844123,1.4134640966960959,-1.5464407856375362,-0.9057604758731289,-2.8987388348749517,0.22958448053222463
3158,-2.2826136506055197,-2.287046806802345,-2.2127521318182293,-2.2158570756268285,1.890677453104296,2.033493391839245,1.7291780253008855,2.220523081351887,-0.43714327311015666,2.2042944638825634,0.14662601198493105,0.01687324794468527,0.4951159113559886,-0.5429084372840808,0.8160092322185433,0.3225014220251469,-0.3552749012608486,0.7335431776496539,-0.54419010863445,0.8160092322185406,1.2205741114103068,0.1776452739337518,-0.40311844024984683,0.9169483013472717,-0.8242867566789427,1.2205741114103037,0.7208529012689929,0.8555765759722913,0.8721047478534705,0.6228977754086293,-0.4711188544050172,0.5438291980267089,0.6061825997024597,0.5782932997226262,0.5855435929643183,0.5632856390062638,-1.1235247162840385,-0.6954520907980817,-1.3741761305019358,-1.8768963834574786,-0.8375724569531006,-0.29610607377666065,-0.26025645756600924,-0.22628375751061974,-0.557041917208956,-0.4694922953610776,-0.5492357642650361,-0.32999316847435534,-0.14131493772438672,0.6739823412715752,0.6254123984709256,0.31522426867204184,0.70905589850294,0.598095792221723,-1.7181737062490055,-1.5581697795668408,0.4917853175620711,-2.007976673503809,-3.600556654001094,0.4354407621104345,-2.8143218131346224,-2.559915392521355,0.4071862375897093,-1.3518098468727882,-2.3575784295858053,0.47071770972051097,-0.4991772423866842,-0.6567802966839006,-0.7468134462479232,-0.8351827043251971,2.2118941086126744,1.8551730091418002,0.708466552669887,0.5094603566681561,0.34287579980173205,0.35266283012175514,0.5053062130993753,-2.5600150683644354,0.46572072673842296,1.2274527407154983,0.51018489777203,0.4677121273900311,-0.3597918504649953,0.23564122502971144,0.18504825832790373,0.1795662783762002,-0.6151251127237828,-1.977743388064346,-0.8763500003558091,0.31421373735159824,1.3784514782434634,-1.5630206319975959,-0.895757719634266,-2.8468401233245615,0.21772473777409337
3159,-2.1763005260144443,-2.0819957417597106,-2.206486930898857,-2.1743254770692624,2.541830220745805,1.8814180482238925,2.428132481223697,2.2223140078866663,-0.4522220828916242,2.3488492518694697,0.11579474866560503,0.05672264763124824,0.5473341633243488,-0.5131577287227035,0.8506544308935367,0.0763847544136946,-0.25885941169880294,0.605138152622086,-0.4520057278283013,0.8506544308935351,1.230405311707886,0.05189770642133399,-0.30574642074039793,0.8400126583403562,-0.7241014767888545,1.2304053117078828,-0.12551357060813167,1.7303246281944993,0.6857322380516135,-0.0938851269410496,2.4207965539159026,0.43014249219669987,0.6226290158665456,0.5853333846342231,0.5910601323294321,0.5666564973288298,-1.0490807177503734,-0.6076634911599282,-1.3255093733147634,-1.8298191056475548,2.5898140883772105,3.0901826621049855,2.996201001935928,2.5128276524233395,1.4251678412738134,1.0314517575611815,0.9356070921757579,1.2392224802886997,1.6408189966769011,0.1363264278021192,0.6180337738946033,0.408457924400374,0.5180830165896269,0.6130477048873657,-1.8163906016972635,-1.4166803693499563,-0.3137349957635469,-1.9748025082623721,-3.4857145758679655,0.23811387570837456,-2.722839665009678,-2.5308165802495206,0.3184795927734607,-1.3244044438104086,-2.237350810636344,0.4038131837764224,-0.36465698836993987,-0.6704501794325455,-0.5880915385693336,-0.8325278467884459,2.1276301203368297,1.792711608742148,0.5331199598619035,0.729077343258081,0.07695867165060986,0.6087016000245786,0.48890678539728344,-2.469330677715123,0.40891024128685066,1.774669103855192,0.5098656560531809,0.4936468335342333,-0.2425426454885423,0.25520947642502045,-0.16390124558947156,-0.026413373535925353,-0.9844212650214756,-1.9569606304092093,-0.922327329597763,0.32047087944792463,1.3194668682113064,-1.5843137962845992,-0.8848122408172409,-2.810644637618115,0.18719549926706333
3160,-2.1673423296999306,-2.125252569549589,-2.111222463030347,-2.078987864775493,2.937910163729699,2.7354494810228895,2.6054631236239687,2.391051948085017,-0.34302231446176035,2.2107461476399357,0.1072673558127994,0.31394243193618326,0.8807288759675076,-0.3267534029395278,0.9574019979561834,0.23158075857922789,-0.13592321385978556,0.770848260318572,-0.34819048351845694,0.9574019979561835,1.2800700193704695,0.20969791450826936,-0.1920811359086574,0.9790907208899546,-0.619897181044322,1.280070019370466,0.5612326962401233,-0.5815061634660688,-0.10342168334617606,0.8848875799492668,0.3959338901288208,0.7806525119095825,0.8539736868716422,0.8287250962153047,0.7607487788283925,0.6938519935748843,-0.8869133426810357,-0.4153464558330215,-1.1964910654179794,-1.707465800652631,-0.6833038865317806,-0.22577462231545922,-0.11854900407395028,-0.022010334308757647,-0.2655871621853024,-0.3106925233560782,-0.39601151308808796,-0.16309144414740695,0.05429889223928229,0.544339969980069,0.37377747118340765,0.6658666212791758,0.39187870134800423,0.7748154031094177,-1.694296705415976,-1.3580540851115028,0.9321616034955046,-1.956315580349968,-3.3608915853372547,0.055453782681522644,-2.6734546930389933,-2.5028443913655876,0.5882232127444318,-1.1851621750621197,-2.2170904142982586,0.3179083455043399,-0.3560569861646239,-0.660340650345919,-0.7330803546038955,-0.8157803575150792,2.2549486977540556,1.6348421725078635,0.5002735316672609,0.7227493175293773,0.31671927386985754,0.3390862435439953,0.4762628812398475,-2.272810416720004,0.2869800434997324,1.7023293263134553,0.389471564092038,0.3914386354824984,-0.1214309781050535,0.29612544032329385,-0.5945944885085689,-0.11841648990655047,-1.135229752431832,-1.9408067702081904,-0.9977498537505414,0.3822531514594957,1.2397856140803962,-1.6016239138458548,-0.8741200857265696,-2.7762266136993587,0.13629063664607022
3161,-2.0809317114369446,-2.060245958826575,-1.9986907477027178,-2.040353876792622,2.6806638860428986,2.7296192520229674,2.6549202864862256,3.0293245256486947,-0.16786886010778135,2.1690311048997093,0.14264023170504683,0.3563714891352429,0.9336175473285965,-0.2957870667614871,0.9434411265630946,-0.02720989795582873,-0.03965328646149845,0.6044154898442882,-0.24581775761896818,0.9434411265630933,1.285067631761868,0.036357941039733846,-0.09119563446488917,0.8687985083534475,-0.5151850737566356,1.2850676317618654,0.7070018854652061,0.4316530960867274,0.546809499996461,0.3576525199583889,-0.32564954834913906,0.5838742105101679,0.8054642286481515,0.8217541810919297,0.7578188649788293,0.6855444982720625,-0.8163039881397696,-0.3249335336633658,-1.1476447695060636,-1.6625254567546393,-0.21168988001086778,0.10662535866020273,0.25514869607016816,0.3326399632578424,0.046525857940483695,-0.12418180507266156,-0.21332548888674832,0.031142504328648676,0.2779912363756337,0.13802889298920396,0.8405693361611754,0.7879994918367422,0.5825716069417652,0.7136628947033948,-1.6266611439582155,-1.1935321026523287,0.25059744399324296,-1.9356080503509718,-3.24705486599846,-0.08449381019800721,-2.6259243484088963,-2.474197064741666,0.6332705507348453,-1.1590684062470729,-2.197462219195717,0.25183277257920694,-0.5002745928038979,-0.4881612563684509,-0.795158867489286,-0.6444072564775074,2.087645666902206,1.5496945453130442,0.6512923372807325,0.19305107630102744,0.6310057846763449,-0.08814550980689684,0.4076586010637809,-2.06304527035638,0.20307524855704542,1.387378501918,0.2122827867736948,0.21289227441175287,-0.06801394722853744,0.3206599852231942,-0.9134631203596837,-0.0265061089284415,-1.196016972618705,-1.9260246206210017,-1.0300601331785209,0.4273024213020476,1.1681180760514178,-1.62454228448605,-0.8642695699106522,-2.734441597027759,0.0967263529641524
3162,-1.7744800990940781,-1.6940353048842753,-1.7395196809245714,-1.761972497731041,0.46675667059313775,2.675642183167584,2.2751448397476417,0.6645188620065068,-0.6508645340487125,2.3324923070989856,0.2646803189553267,1.1998306655813291,1.84066102757477,0.3762670473527477,1.448138820448083,1.090690713062474,0.21938462073300305,1.6213648552551527,-0.08829421806857206,1.4481388204480825,1.5365385994755656,1.0191367032075194,0.10556114098813364,1.6880330407766122,-0.3896404517950601,1.5365385994755625,1.8253619895114808,3.25202037477874,2.371334159179007,0.055901576987296475,1.1009328347879928,1.6934505791603531,1.7424067292745762,1.7489562134274679,1.5043547593689155,1.3055911879665782,-0.35235228951590675,0.2140994910033547,-0.7439809400827165,-1.2849973886468413,1.4642000872528744,1.6200210066618943,1.7517800976263074,1.7656223039796477,1.388098844290792,0.7563272582410585,0.6434659161858853,0.9495707173851456,1.3344670427790208,1.9060590519946563,1.6225879935019638,1.6091650168235472,1.1873517478581963,1.021609576433193,-1.2687052107985255,-0.8439527595763622,1.4773460513369103,-1.960112033261353,-3.0590223547543687,-0.01898868903233867,-2.411637545001639,-2.4447093211178985,1.0617571822414393,-0.6385319779632944,-1.7482364538262802,0.17506652627351263,-0.15627039557062625,-0.353908281100586,-0.6961127117261937,-0.694966836313644,1.9802081817039139,1.3641111604881178,0.22879464094773977,0.43732016977190785,0.6455823747932948,0.17057621357760755,0.6021239945750511,-1.887742067923708,0.30654087650787726,1.6457032854415772,0.6446131502120144,0.6601615096977815,-0.14878475552018375,0.4567018925286003,-0.8711404052917857,-0.219419141806731,-0.46490514465196575,-1.8984898080692318,-1.0502372357729381,0.40456302086759405,1.152755758984133,-1.6506856821497247,-0.8573688732344716,-2.702637273181642,0.10672513649499753
3163,-1.7070576036576643,-1.5754050471057897,-1.6311657310373813,-1.603360561552416,0.6207879993128501,0.5687547388764524,1.2264372828171397,0.5710308430916106,-0.6855224252546936,2.2771246340803595,0.3508423878987225,1.5439055259194743,2.122548666859965,0.6989873336740033,1.8145608301932232,0.8079676228608863,0.49063494000948515,1.687284691265844,0.11028002542941803,1.8145608301932226,1.7896253349615723,1.043673851967402,0.32474304529949577,1.8672906524929125,-0.242613833129475,1.7896253349615707,0.6997088306479373,0.9553710240027599,0.4322559491705809,1.0550432562247785,1.2113763117952416,1.9363415885742743,2.0670177791541393,2.098380576210821,1.8208864067207884,1.6226555372385607,-0.0766603353635654,0.5363740837975604,-0.511360544983053,-1.0704614017994736,1.3317370204705046,1.7996825177272284,1.9653689909480438,2.193518220134833,1.9028247277842179,1.1407302191632378,1.004860180664885,1.355230179334502,1.8170562700188764,1.0294810966077979,1.7928603793569244,1.9016854626061948,1.3435979859293166,1.5727138258097548,-1.1786804479524413,-0.7518601818354813,1.213071665739659,-1.9946463038702482,-2.8599828204208837,0.0829637541712859,-2.312397267659679,-2.41490563459801,1.3946276579823478,-0.3509134286923203,-1.5811266034095182,0.345505164075821,0.7729617321850433,0.6914554397001468,0.014771156243113549,-0.31703276538395236,1.4791310945545546,0.9707440329518218,-0.8135306973334189,-0.1812321213771618,0.8460233573373309,0.6253311107642769,1.0733023118657186,-1.2317766168375597,0.3524820811912618,0.5099574417482313,0.7155891878811464,0.6978164403729619,-0.31549624534853093,0.512071707676049,-0.7053049186975323,-0.18259265920916648,-0.12871476417788683,-1.8624013529715044,-1.0746401527495004,0.3942907593557854,1.1354695732193778,-1.671798616076408,-0.8503811627935577,-2.676562914877638,0.11822027858400214
3164,-1.5852467258338965,-1.5281494234488697,-1.588919275211839,-1.5947952505486538,0.29766701469521145,0.7826082612144304,0.5630658153692514,0.4127124688972026,-0.43922048401458097,2.2053198002249506,0.6086665731754818,1.4986691643469263,2.0447284170551043,0.6765224089136803,1.7124732233214301,-0.1996411450747793,0.653240188631821,1.012199163369664,0.2989290751125187,1.7124732233214293,1.8560122612164396,0.3150460770155019,0.4933837489205096,1.4317733473024112,-0.08904502067122172,1.856012261216438,0.2329145108890234,0.33854182303412583,0.8789120151549381,-0.1570798795136534,1.2722806620670388,1.2600778334316358,1.726219848911037,1.8098192176784857,1.6818832598478533,1.5561476814151451,-0.047021854595738814,0.5820974403968888,-0.49924750590874356,-1.064348499336037,-0.4261165957500568,-0.100731542938582,0.09244101307966292,0.4139556120906181,0.378610219764965,0.08533156703733334,-0.023841854426721674,0.25210919840821744,0.5487142045585965,-0.00899955559786982,1.710503839781302,1.826595608870043,1.3723057475127778,1.3542909210963123,-1.1741300014865756,-0.891869253975181,0.18486104770311057,-2.0068851672605557,-2.7064985753564814,0.18967239380210568,-2.259953909607107,-2.3858251101925445,1.2914771397146216,-0.36691832990505924,-1.5281423379740489,0.32790089122924704,1.0678146094322012,1.1096044077434366,0.26695133596325654,0.4564025609868496,1.322469065730878,0.8112538522041166,-1.163600977792928,-0.5421491967834527,0.9783980103448415,-0.42561335395992383,0.4289636512482503,-0.5834955070985083,0.25671121591022816,-0.5005210252469441,0.4838711123890518,0.4454513942458039,-0.32063648576431614,0.5523251300954464,-0.36908383812869167,-0.36932612272668747,0.09037458456209883,-1.82855261887871,-1.1359433550394085,0.2840482008923142,1.1194972364701017,-1.6846184299502793,-0.8475570861691587,-2.6295574011902847,0.1246807578529428
3165,-1.6419333091669108,-1.4926818628513219,-1.5702315596600713,-1.4522572602611812,0.17732414702035215,0.2563572065650588,0.16218260564646844,0.37652889287715674,-0.4316846463797702,2.0777067201849806,0.6175289668493749,1.7815836529288498,2.2590965065449087,0.9601460868375586,1.7358554369133823,0.07306432463151116,0.8455736473162924,1.1969916497405255,0.49129215953427174,1.7358554369133818,1.9516041055304099,0.4417346240078101,0.6801612133395863,1.5807350687690418,0.0737435070405167,1.9516041055304083,0.06318471232263079,0.2381818930580825,-0.5206954407613719,1.9976216003406846,1.5071223079569709,1.376102033242258,1.9985471734449822,2.046745870200939,1.9649752639969882,1.830241981032573,0.21168589306448404,0.8831473916359401,-0.28815693426000916,-0.8712962143253177,-0.49500786112353223,0.00855141176925483,0.06970975576937538,0.4220223964332015,0.4308125963611558,0.12257249738275705,0.012158572010833337,0.291420960177353,0.5982001323180588,0.9268041424588707,1.8882745648082098,1.7639341161340032,1.6975516986606713,1.335471523204471,-1.1658388549371084,-0.5916406487749101,1.3197803775238408,-2.0093334167485133,-2.5434059659799537,0.297164660524058,-2.214519273479614,-2.3558356886077165,1.7364894128131827,-0.10366056122977783,-1.4872436142568954,0.24638161098653139,1.015981456858553,1.0297799412693522,0.33421127320622174,0.21699797814866234,1.3063382079901913,0.9368120234315868,-1.1239228038282827,-0.46742437276536947,0.7739934688605007,0.139152466821974,0.6763584745724621,-0.8653879951083947,0.24333233160416695,0.0986559692493369,0.4578836976002071,0.4358001753379804,-0.24433931352506877,0.42179639999967683,0.01765131086491153,-0.5056991065492615,0.26537989109766447,-1.7919162514361464,-1.1986009733039968,0.18162612394795496,1.1029903747473164,-1.7024061916526505,-0.8469492885721563,-2.6243819685037417,0.14179071745183863
3166,-1.4733126265142338,-1.3257865194371288,-1.3943985659673985,-1.3124507163193195,0.29050786044756344,0.17232370509237957,0.30897235518085314,0.3217228257656881,-0.457039258069902,2.159334589158395,0.7012046553568546,2.017370856991956,2.413351798080535,1.2211489430973974,1.7935705738538816,0.1507092278894675,1.0518958748220104,1.2857034937264062,0.6910663074030613,1.7935705738538819,2.052876917070611,0.4768342650655638,0.8783218264170605,1.673257045192881,0.24649135870582722,2.0528769170706096,1.2135058254032975,1.396874000136471,1.2598099391145787,1.6654300442510488,1.3053846602029848,1.3391378325979297,2.141776241471899,2.2282378927609363,2.2006830059259763,2.071222593170917,0.46665411524059347,1.1719196957187332,-0.07935996722278206,-0.6811589779950081,-1.0406408189951875,-0.45349144685952,-0.3857168842189702,-0.01160245132950741,0.04414401746216744,-0.1435912906270929,-0.2471630703456905,0.013289166676621406,0.2774565334415261,0.9045037475232921,2.248601981683493,2.426643360536403,2.027764057003862,1.7082665014771752,-0.9850616400734862,-0.43727337171122166,0.6743198249733134,-2.025493041233028,-2.3681447337656945,0.45284977455850567,-2.078603650956863,-2.3256028090394065,1.8347831581665728,0.15946404970860215,-1.2027804219464038,0.2238657158490858,1.238716751090344,0.9643976159127506,0.7806674635783721,0.1890517140822756,1.29358426179566,0.6396564213623108,-1.3896217344864918,-0.020330126248467854,-0.004314353276719043,0.9275402198745087,0.6534931966878901,-0.5656039025757801,0.2306948139483568,0.27949979362813365,0.475739880360806,0.4633693580322803,-0.21261768518861285,0.43627910131618486,0.3661247373011718,-0.6022540770179391,0.4018025604536423,-1.744553366299654,-1.2296875978131978,0.04006923589399435,1.0873365090585607,-1.7152686283196963,-0.8482163990309315,-2.58964043861928,0.14819698645914553
3167,-1.3371411069565415,-1.2998094530564184,-1.2597077398786987,-1.2308619737240396,-0.2272872500202133,-0.01914616329419402,-0.07849879408874846,-0.07287862411635866,-0.6610355198395904,2.229920251730359,0.587534029154915,2.1254549575664883,2.4687092354675086,1.35650093769725,1.71540399427596,-0.1576995385287517,1.2200069896247099,1.0539265019878317,0.8825373053197403,1.71540399427596,2.0837208242617242,0.19205595792963362,1.0574333447312032,1.516202846078856,0.42325882407818693,2.083720824261723,0.9086569522800405,0.17175889906891156,0.9983448887874515,1.0918609823359346,-0.19010448735003624,1.191403046479603,2.0227119887530445,2.2043393946633842,2.242031641519004,2.1313273174183567,0.6266868702758673,1.3441525478750358,0.03842966206254835,-0.5723646036724587,-1.1819728191724064,-0.7674037228038673,-0.6193132518865944,-0.30279648382250357,-0.18013463543436317,-0.33245001459144297,-0.4320156002509456,-0.18154827683679534,0.04465791795291295,0.5081094705166376,1.5651723669464042,2.4950911627313306,2.259348715037643,1.878498308135686,-0.977889147443096,-0.16406597720537133,0.3013194609440945,-2.0426837457497733,-2.2030686473017154,0.6024428058241321,-2.039508533398859,-2.366265707317514,2.0450804297959544,0.397431248657919,-1.0423279410115274,0.20080805473324026,1.7168619772586313,1.90046904005004,1.2734860632072489,0.7165484672550615,1.04415010550457,0.4303822267488652,-1.9514601233448956,-1.1008592533808177,0.4163899790484814,0.745118101623286,0.8375278914146056,-0.01393620005016412,0.2510629930383962,0.3552342075152835,0.6566416636064212,0.6578616650457092,-0.22617243363898448,0.5438756392152762,0.5000476265250992,-0.48801908354168333,0.5234307907881682,-1.6903985999957731,-1.2084348885489895,-0.09162683388101346,1.0715837927099539,-1.7362433237123107,-0.8527634734636783,-2.5813286009061143,0.16042745480555223
3168,-1.2271561938704614,-1.2268592810435963,-1.16680948524087,-1.188323591043121,-0.4184993547329972,-0.24061778110124576,-0.31643045191484376,-0.31322769132875783,-0.9849245766104728,2.3502149540016917,0.521257018710417,2.1556114704122784,2.4683389806499187,1.4106050559495422,1.489869116793914,-0.48929613084710105,1.330899921719927,0.7086491599443048,1.0487298141976455,1.4898691167939138,2.021063379289916,-0.19340883959302063,1.2018298510653822,1.231276023054992,0.5959629152320141,2.0210633792899153,0.6102123842787729,0.5806956259403444,0.7944195532785454,0.39513299045539274,-0.4836998036574915,0.9473998649970881,1.766269140987596,1.976322053344134,2.1677973169586875,2.094889479660847,0.7235696256529571,1.4398641097236817,0.10044083300163108,-0.5166925033588468,-0.621725326990105,-0.763395486016573,-0.6016870153541817,-0.2949726765512155,-0.14719994816342688,-0.3196450061121212,-0.42125394527301585,-0.16893769026016797,0.05726767844333151,0.2493324706719423,1.187928281340223,2.3062443871935643,2.2361920994371993,1.798379949810154,-1.053319554322137,-0.37127667791855795,-0.12478482826768392,-2.0401566238126914,-2.0551673311616554,0.7615367919980394,-1.9606421168311292,-2.4466770301855654,1.954911810329861,0.6166292269216131,-0.6873897542769117,0.14257073336436016,0.9856695374836159,2.0366394570653026,1.647607086123204,1.0064163654277747,1.0189553535369178,0.11176090174537517,-1.11278105776742,-2.4341771674486457,0.007294273906768327,0.8221901318510733,0.5877235443926835,0.5090833760792782,0.22357323511524876,0.5333404628351516,0.9361921842199984,0.9784368204417819,-0.17924354878910925,0.681609404488127,0.6009004502711727,-0.20124823038836848,0.6706820619163839,-1.6253421983998604,-1.1666290610322319,-0.14489369805460003,1.0557166815107262,-1.7452358209241219,-0.8481295245111897,-2.5500596390813053,0.1637257012808321
3169,-1.162374864030366,-1.0760306589702726,-1.0897115420157073,-1.0454618060086038,-0.26108501226540337,-0.418574847812137,-0.4114034581299507,-0.29682864216482846,-1.0319157163211745,2.3733901236545067,0.5106661842043743,2.345329409404399,2.5695307897876263,1.6557132888953499,1.4610598152688892,-0.05125925873784274,1.4790120858135045,0.9562504952799097,1.2109937310946954,1.4610598152688894,2.011471480459257,0.027947738277948584,1.3617825328452753,1.3745709496112806,0.7688889255510583,2.0114714804592557,0.5041137100990589,1.2465596871646938,0.4565525384850402,1.1986709750328752,0.46093321650461166,1.1448576361009104,1.887143505570481,2.1093220272069098,2.36633979285278,2.288612653387465,0.9898538021203216,1.720844968203455,0.3176054079282952,-0.31854335222641905,0.03428637415004854,-0.36736149103092613,-0.3662526191153611,-0.06939160825784224,0.09534070808654556,-0.1555672428188399,-0.2680274107062013,0.00111298329320074,0.25275724291822294,0.9269625942250802,1.6234652144234873,2.5792763216671464,2.4518203169526367,2.064566481886906,-0.8526481522180568,-0.3064984145316966,0.844364162631452,-2.0369192642592586,-1.8962877815941825,0.9497937434841507,-1.8341188596193538,-2.4932051565476923,2.0678848351316894,1.0143071049741599,-0.2451101568405559,0.07585346408079982,0.46889511075834556,1.8076641981344168,1.6740097079820895,0.9361940676075472,1.1214954560150785,0.2816224439034251,-0.5273006455072315,-2.7394000261254656,-0.3270538572571978,1.0095082365677286,0.47272990408031185,0.285507643024363,0.08814341207667321,-0.058173838672949854,0.9601990651219036,1.0286390199493844,-0.09815586131130301,0.8388745453743184,0.6846438092018607,-0.011816912934057254,0.771346598648745,-1.548791207000814,-1.1171360939289843,-0.2168532465752758,1.0413985193102764,-1.746475822968063,-0.8418187627346779,-2.496757244644809,0.16453819781914575
3170,-0.981524882094675,-1.056121584832531,-1.0674047167101184,-1.0916114296067088,-0.17971572809793313,-0.15981179747290303,-0.3204565958649459,-0.09441644593272146,-0.972170213165528,2.323091647028466,0.37086980616447157,2.0501328052295307,2.1420656258384083,1.483135489071529,1.0718581750947733,-0.8730931417450717,1.5055269076841875,0.20270573353976123,1.328249655256154,1.0718581750947744,1.8238324228316491,-0.7360918840581409,1.4476794285424353,0.7642903118110241,0.9260692133615106,1.8238324228316485,0.12461637447993791,0.1371699527898201,1.3342757579439166,-1.1110521061972127,0.42391174451036423,0.4433563003493306,1.2888739605197934,1.5771891687948427,2.0183104001471945,2.033859044844857,0.9199957299871093,1.6324705423554284,0.242607884693014,-0.38772614786335097,-0.4136585050442912,-0.7481889911663622,-0.7178397618966844,-0.4052259047558045,-0.24922281727800819,-0.3689901686404166,-0.47823892855117545,-0.23086413690813162,-0.016154879978759182,-0.3330835439516497,1.0243577671750093,2.2189511334668075,2.000162354910301,2.0007705628190853,-0.5643722263708978,-0.2917894102572475,-0.21593043446734078,-2.0171471065237614,-1.7727605707557446,1.125364253541811,-1.7355256171226512,-2.4628085507926114,1.5759484341517063,0.9032874308278391,-0.012630398507678454,0.06793849346499482,0.9259733989791228,2.216477581272178,1.993658161659985,1.3286850783979354,0.851836306637763,0.2369963104461589,-1.0619807988228362,-2.846569880643984,-0.3038961810772655,0.8133337347644962,0.3514262987466236,0.5828553886209913,0.05059548052635518,-0.3046791371987359,0.9015876805051452,0.9704288099791519,-0.08398454773764301,1.0084959017718012,0.7199141333162697,0.11234474242416949,0.8528158429464138,-1.4830522593718944,-1.082761235058368,-0.2637825733229246,1.027509930506096,-1.7548969019319038,-0.8340867582598522,-2.44521483708657,0.16581114568077854
3171,-1.0783016808423247,-1.0495131787417151,-1.012098747086523,-1.0256649101427673,0.38879795757527674,-0.0017439947929625513,0.16041484115512694,0.2207335919806726,-0.916917038780482,2.2473596402927405,0.45360546967539617,2.1260361107811603,2.1991036759066636,1.5827255115312426,0.8385916026584785,-0.5255217096399845,1.540066290194146,0.25443258417370046,1.4181949489245462,0.8385916026584784,1.656277818454862,-0.6696075198789593,1.5247844193165716,0.6989936954655446,1.0686527710062088,1.6562778184548612,0.354197638680667,0.025943156169312177,-0.7395845162787357,0.5335874607237798,-0.23039978918047407,0.4963322352432986,1.1462208360617498,1.468248673166111,1.9921366400976863,2.0503017721065437,1.0490910848874146,1.7586500502336095,0.34252087793744534,-0.2968620411412638,-0.5262354552728578,-0.8623557008165742,-0.7436956373855582,-0.5305031539117743,-0.36542444772966004,-0.44994102581700735,-0.5564313298331843,-0.3173025127713265,-0.11544780686587357,0.4105035304395766,0.7932228989705938,2.299019922415093,2.3648509219532112,2.147117906318101,-0.6708737228754882,-0.06627427333900704,0.625450686512677,-1.9896469643390196,-1.6538426847521175,1.2859990362586107,-1.6923459537160204,-2.4334882473559736,1.6881258394552636,1.0335883860022048,0.07140426236242174,0.01394612141972562,0.29909363198225225,1.745463727476113,1.4444779655217306,1.2893935917947343,0.44108887390992846,0.21473270085151705,-0.345120237148625,-2.8265896672999946,-0.03393774453266293,-0.029660037369453524,-0.04630369479786377,0.5846971982586796,-0.0020235489726574117,0.11323700155073742,0.8346204483083376,0.9266470914914964,0.013656597550806457,1.0257863130360942,0.8560679243469421,0.1396379058001558,0.9157358850881929,-1.421223828835053,-1.03148738265203,-0.3376601068279979,1.023038186819857,-1.7680539431461215,-0.8323512773878943,-2.4329545325794864,0.1705400023779706
3172,-1.0116276274606832,-1.0958959189135624,-1.0404308705172876,-1.0974938525041589,0.5586439014421879,0.39792634914503155,0.29594675722303726,0.5025360190182653,-0.8932374007434223,2.1774388269974287,0.39885666494688654,1.7182051965502514,1.6195188653082482,1.335079228015296,0.37666071818739966,-1.0455974273519055,1.4758292678902545,-0.37111599478474167,1.4555248967983925,0.37666071818739977,1.3558318721477889,-1.25144414923235,1.5330774977633093,0.1220412561445251,1.1845463393208058,1.3558318721477896,-0.22350944776829612,-0.42047582901217667,0.47275390980947973,-0.89027995961851,-0.46600774502368136,-0.08277368524088756,0.5923407904609945,0.9031303782527261,1.5840909272381476,1.7610627776085692,0.9291570121111496,1.6229746866119559,0.23000427794297032,-0.40312856612530934,-0.4029579748523107,-0.7172174809878262,-0.7166120771273984,-0.5165920195163094,-0.34925837150091926,-0.43564103767783674,-0.5467281598060668,-0.3072322819558985,-0.10301851465287447,-0.5056750056491911,0.3295629718098376,1.4102372998739892,2.1049893077735558,2.0678362493964664,-0.4110212656492128,-0.27812898450113027,-0.3263755912146605,-1.9419689167609901,-1.5678648101233412,1.3876998945523389,-1.6678350657698002,-2.430411919622606,1.3597515932896174,0.9032964266350234,0.15636203484552405,-0.03738516660219471,-0.028785753354439402,1.8807640019785494,1.9140502333340217,1.522438292908956,0.5605490123090942,-0.026186027682532417,0.023913771082445877,-3.4732115732798357,-0.6145710246969767,0.32580305743858745,-0.2261512503073724,0.9918571941648199,-0.043938351997381275,0.33035380597865244,0.7971825985890251,0.9065137912886387,0.07958857497660374,1.0264582609599997,0.9071478104692201,0.178490954414568,1.0209494628103633,-1.361631813150529,-0.9849629618097278,-0.312596298118462,1.0171411539828785,-1.7784318829114814,-0.8253759089462839,-2.417634342425694,0.17132636204119997
3173,-1.062229206039004,-1.0233091117579611,-0.9907204632771183,-0.9553376935821926,0.44581300491334463,0.4139915321097819,0.35055345286036654,-0.41997169078863533,-1.0933120344809732,2.291743800394156,0.29561123526680955,1.9545005557893504,1.8678608439278817,1.5860872745480716,0.3800391886805846,0.0072974386599172535,1.5108722037216005,0.26267123384737545,1.4923595716219262,0.38003918868058467,1.2207454414418721,-0.5600009031771409,1.5821794615195834,0.47822537769458473,1.2878216243640608,1.220745441441873,0.32098666394330694,0.5867185182879414,-0.40901727154783096,1.099818835432796,-0.1786753452047656,0.4826451086747927,0.907568349778829,1.0989562569562423,1.7727067238418124,1.9485136691509721,1.1804411536467627,1.8891868083593994,0.44903145157541785,-0.20273713732355553,-0.18357448393725195,-0.4105598307497639,-0.6338667216434457,-0.4728854812524078,-0.2861734060739069,-0.39944457523032373,-0.5137473444487065,-0.27147954087989645,-0.06132319000388904,0.9288138884335325,0.6341281909235951,1.3652364018382472,2.1606625153857113,2.2257344479433137,-0.29380096778061654,-0.24928890968102144,0.5836107395286502,-1.8918818154896266,-1.471366568715483,1.5018079946736433,-1.6448428566427837,-2.3941266054577404,1.8134644248054694,1.185993239729906,0.17105606038015841,-0.07134995338868783,-0.44655241843217175,0.6620611525951453,1.62679317497734,1.4523533742989279,0.21243840945801185,0.16257099755709986,0.5022179357517355,-1.807346465296222,-1.7607927881418755,-0.023295226305764843,-1.3296085824139787,0.7495275953040726,-0.02105267962915385,0.8346445878760205,0.9671083039066288,1.104535725615528,0.10685785102367044,1.0367545540075787,0.9689231773215958,0.22676195873755406,1.0713085002179312,-1.287169528192753,-0.9385078820755819,-0.27270602104090325,1.022448096932888,-1.7805128813000781,-0.8140411773621234,-2.4024882452800846,0.17293788038870572
3174,-0.9415513424215395,-0.9875236803699703,-0.919185803777595,-0.9690699750189443,0.19606493750332846,0.3820133741808475,0.35817873692908875,0.31960379762573937,-0.9850340065141014,2.2835231316611413,0.3158826015428609,1.8348989758867813,1.7119042092377617,1.509932925470434,0.2127209102577587,-0.38070520797508306,1.4912673022719292,-0.0838341962351246,1.5097803813115573,0.21272091025775886,1.0227993223784837,-0.8390144180349185,1.593774284227772,0.1650282831906314,1.37275309140914,1.0227993223784833,0.47488063385218005,0.2766013217836628,0.8935075027349151,-0.28511051839442736,-0.670425775527404,0.3158693534697777,0.608163201122168,0.8130903066111769,1.5320671980466873,1.7876095331490776,1.1614441748876794,1.8555321905451947,0.42773466526696935,-0.22468966123407672,-0.24968907380313565,-0.4921568955092152,-0.6613015010628609,-0.5845575449975405,-0.4063781858773619,-0.4760416397378684,-0.5855815635433645,-0.35098421027274357,-0.15357075742138732,-0.11327537912342335,0.16594467565081006,1.3236515814572405,2.0678543894663797,2.1355037707556384,-0.3773480480828326,-0.3382724856698626,-0.11503677361787773,-1.8233592801380964,-1.3983471669824195,1.6133772106596922,-1.568475708666863,-2.416662986459618,1.5196072831802736,1.2181380968274478,0.4591565135017853,-0.06662660195599909,-0.27578120520928373,0.5970621178769706,1.7010825380283798,1.7000265911752277,0.029624023456521754,0.1584586806078966,0.30436788476817134,-1.4526616642343468,-1.9684333744112943,-0.3744273480009669,-1.7329752693748983,0.9157946415037277,-0.093629228795954,-0.13953415478802966,0.8695169096266824,0.9907562399995621,0.08379425837550375,1.0327276585192224,1.1477225606957113,0.3472666364910961,1.121865213308391,-1.2125463860125598,-0.8869482670716614,-0.2840648982049716,1.0303488359352475,-1.7812582381955469,-0.801472351806766,-2.379835521840582,0.17618141718000374
3175,-0.9331558449068639,-0.9892973769546084,-0.9551888688375442,-1.0139212444572874,0.6850809898046809,0.3983931338266726,0.5905781186855193,0.6635450540290331,-0.6903921802266832,2.223856092174661,0.6279244218444073,1.570400062524695,1.351287365707014,1.341863781914542,-0.07898823108387808,-0.6602888922553384,1.4154105631270086,-0.45092039390777855,1.4947105426792087,-0.0789882310838764,0.7596409193121076,-1.1255606132766107,1.5628733798021852,-0.20172522892704833,1.4336605325408371,0.7596409193121071,-0.2691445873741178,-0.03793531957614909,0.04325053481141394,-0.8315742870192669,-0.2158199964411406,-0.03690604067691057,0.2612172964828971,0.4783916921303443,1.240749197177997,1.5764494751880365,1.0925724115272162,1.7651498197608455,0.3591179836629486,-0.29045597789133554,-0.5856348234312861,-0.6398919719360714,-0.7029233462461253,-0.7013286607963832,-0.567786740159445,-0.5829163206150457,-0.6843489525295972,-0.46054269124387853,-0.2813022536336015,-0.3205783387251652,0.17217771917364869,0.8867492564225911,1.8000895174630336,1.7628099360422196,-0.5370303527544107,-0.42298954128155397,-0.17705843669312557,-1.746110710616426,-1.347121897378551,1.654909533832922,-1.5195601678357824,-2.4098323272048523,1.2106322547324273,1.1403673757961563,0.614414807467689,-0.12105726265055416,-0.5318291183863735,0.5484769710755244,1.6031437772401695,1.612513230208969,0.13222794627895945,0.25318766540468823,0.5888901985197317,-1.700272120373816,-1.8721047821025714,-0.3735943675758794,-1.6615596834207367,0.7628561804804735,-0.19328717014230898,-0.2575939293740048,0.5882837766530393,0.7060806222981357,0.176131679600721,1.0227947164536968,1.3781055072895485,0.35778364220156955,1.112494240226637,-1.1437743331725603,-0.800137180364713,-0.32380163666952694,1.0275960036390228,-1.7813460176026379,-0.7925831578650103,-2.3618398904674223,0.1746851630678902
3176,-0.9990743697685448,-0.9875388726121003,-0.9396692241611863,-0.9666102166735894,0.7015634451856324,0.6154448345670374,0.5964516828577482,0.9009873015802622,-0.24881865259866362,2.08271106775511,0.7149525029456372,1.6452216476112822,1.4502336798927362,1.4140240524188286,-0.16601899007704576,-0.19552435409953978,1.3745210775895513,-0.2305120886886656,1.4702520201975529,-0.16601899007704404,0.5689184337423329,-0.8184597797762951,1.539902976740144,-0.1359333531168637,1.4770119138296514,0.5689184337423328,0.08717754711073424,-0.008111166629950834,-0.517038538014719,0.3276449721017901,-0.40663441464062844,0.17476187115593111,0.3165475163000686,0.46663683087390023,1.186115062932846,1.5680189885906386,1.1834532522594112,1.8458065190549182,0.43409267386298894,-0.22435158933355723,-0.1411784303583682,-0.3399829257143232,-0.4457571050097441,-0.5820138654379663,-0.44924576356072654,-0.5064218636278447,-0.6093027898976521,-0.3818880023421817,-0.18979704821838592,0.2940019167096438,0.12074676194777346,0.6769835143106766,1.8334433632700562,2.0414460249346327,-0.47119974192515446,-0.42296295840285675,0.7062815568063731,-1.6637999901994467,-1.3023463706567031,1.6906522509661353,-1.482551727211586,-2.4298945610702813,1.2706568355193888,1.303151027744751,0.7965034822115782,-0.16281943159231238,-0.5660320389485735,-0.039356774577189446,1.2514223287826216,1.0970725493595512,0.3577215794888928,0.3578649128795569,0.6179473085300126,-0.6878402261941104,-2.052979250036156,0.02494979101989673,-1.5245840640202057,0.32250219468248514,-0.26558207613398976,-0.5616538826433694,0.17857676377000228,0.2642940286787173,0.2209607754864836,0.9951654368319898,1.5580305199431652,0.3618144055858992,1.0563977460750575,-1.0790185361157514,-0.6806416054140241,-0.4525734733196584,1.0241892977438394,-1.7806990029875838,-0.7830142333430735,-2.3375355633363224,0.1719593177662529
3177,-0.986646489937135,-1.0240857155702272,-0.9730441953171596,-0.9637572684393808,0.7186241018941639,0.6901468871294031,0.5231906450123709,0.7855474946668439,-0.37042567372501645,2.0757787852817637,0.6827124839639036,1.6090080237929818,1.4080829864295252,1.3894071340832028,-0.2587113192758426,-0.20726746680478203,1.3236671712193193,-0.3003099920996636,1.4361445547165406,-0.2587113192758408,0.38309320288532117,-0.7968582826297819,1.504213098508657,-0.25186993025872156,1.5035349567295757,0.38309320288532167,-0.25245349485313656,-0.3310947538386065,0.07335902209625476,0.22932865405990374,-0.4443625404287664,0.03603892773757716,0.22607060940442456,0.33563975782244154,1.0187600490588662,1.460428378531652,1.1969495369334346,1.7637444070623076,0.43880155726431164,-0.22106009442588542,0.28287184747617616,-0.05977934413779234,-0.135738080927459,-0.45360767439915234,-0.3157198253578203,-0.42213477458460313,-0.4322536611763543,-0.29538944777889964,-0.08842698999898391,-0.0020612457749978044,0.34943264315130074,0.5052772449613819,1.2909959625097744,1.9534040984460992,-0.48924874425989984,-0.4397435988509906,-0.00809192250049634,-1.5938617035502256,-1.2590301260603205,1.6646651460965534,-1.45040867559076,-2.3966524038228045,1.1882604756861015,1.2898460600055237,0.8527010399371361,-0.20878794645085114,-0.5645040171813951,-0.30996183730108956,1.2795392941679138,1.4830810619054349,0.27976124308305456,0.37324130752176204,0.6044168923463156,-0.19973941079572938,-2.42345957013244,-0.6806795656374445,-2.2927737771675676,0.5563347451433083,-0.17985543903020973,0.8087106647854688,0.27475854715957765,0.3865039720334111,0.2702232504931748,0.9954478335776384,1.5936762809103764,0.5558777304797518,0.9329993105962504,-1.0099566880524047,-0.5596827920902928,-0.5744869516601814,1.0193462478739521,-1.7793046153871146,-0.7711904066721469,-2.315102480429988,0.16865731457716585
3178,-0.8932975962806422,-0.926437741681224,-0.858562436960066,-0.888959662321907,0.9158643487998216,0.6681991443759173,0.6243005177744774,0.8248273859372461,0.5616567628793316,1.8587272562967394,0.5565016384832434,1.7511573408784027,1.5929072257805013,1.5226841592252303,-0.16780209143930327,0.20531735683676988,1.3208721434783115,0.010502067806122893,1.4123384911861336,-0.16780209143930086,0.28904067895238555,-0.4042736619784892,1.490452447492778,-0.06274039746188007,1.521375868319411,0.28904067895238705,0.7807723861990158,0.8111866095577996,0.6899184862126422,0.040001713835387684,-0.692485958361409,0.4011899787768108,0.4079894055131078,0.4830098825482832,1.0515337669516303,1.5139841099590858,1.3344779539346996,1.8179420096985344,0.5562027678497226,-0.11292599888937178,0.192064998272143,-0.10398980993054271,-0.1452186901296948,-0.4973232495775053,-0.361193769267592,-0.45165667744822324,-0.4056666451175785,-0.32470411593164344,-0.12175520967129605,0.47988358981627627,0.1496593682122999,0.5827403788040025,1.1352272409311113,1.8894576025027465,-0.41101145480557955,-0.4374709521263989,1.138746089652021,-1.497188592617155,-1.2320238303760958,1.6827651648564703,-1.4168920631114437,-2.734121300925243,1.3554909626750318,2.034324989695315,1.7721224838044356,-0.2562673688396953,-0.5119136283734462,-0.5068215515831704,0.5646687355574654,1.4012571502119773,0.29951854493826674,0.39368666351427933,0.5308738309052644,0.2258720396268736,-1.5370715268746864,-1.7528026799875285,-2.358190583410083,0.48470044489366304,-0.4616945840288255,-1.4630360765615504,-0.5767547541286102,-0.5424538960048368,0.3342079518703393,0.8859702543623481,1.6971261934950066,0.35289095540325577,0.7530233688204558,-0.9406930753156661,-0.4378917315344879,-0.7934748625880846,1.0075638931384814,-1.7769141041783103,-0.7534360566220075,-2.280125591729277,0.15987273830822335
3179,-0.9140887147448509,-0.9250292518685581,-0.8449290488113592,-0.8577631074240547,0.7606575465213385,0.9021743092919625,0.8023125310885043,0.9923185510902589,0.42234775762253823,2.011179531623012,0.7318742596548771,1.7890116922214938,1.6457387725339252,1.5612214370865987,-0.11439745710707944,0.1201517852807145,1.3157768867301785,-0.004838250249571054,1.3946248551429747,-0.11439745710707772,0.20821828706268625,-0.34601779838988544,1.4748936775068597,-0.08113003888546987,1.5319252436526174,0.20821828706268827,0.07646443410662077,-0.005927747366885864,-0.1730490737747552,0.5727880729598167,-0.8567772120862709,0.4545773379885905,0.4596927681859038,0.48644669611846986,0.9657228086170737,1.4674876154178287,1.3957672497789946,1.7911922728928285,0.6048243636118571,-0.06898972801612467,-0.19899321414092258,-0.26151193287751096,-0.33676780889436503,-0.5599822390642946,-0.48931330985586924,-0.5359646357238915,-0.4832795067878622,-0.4118564209251783,-0.22468382156336608,0.18776384777463867,0.28539224434772503,0.3359124089824883,1.1861066111436704,1.8891594596296213,-0.4445911722602332,-0.3246369530679417,-0.30398173005595447,-1.3941155724714767,-1.2157430752393001,1.6976228464517218,-1.396092803190243,-2.6842032134062412,1.4071450673644232,2.0648035370819406,1.7783860408827716,-0.2855443568509876,-0.5556942941380385,-0.4253691469835918,0.2873631880432211,1.3233428468913835,0.19343008147774984,0.39449569899276504,0.5743926536738192,0.019765278381949004,-0.9929807048578321,-2.067537594999189,-2.1639941560570364,0.4356422846575481,-0.2551748877935666,0.8477632825227005,-0.45986889261213115,-0.4062120230344403,0.35349347796817215,0.8073012863690938,1.695512383447807,0.17622150788423108,0.5410653938111506,-0.8449283978518449,-0.3016734967749652,-0.9227674367226809,1.0016856828532639,-1.7743936829040665,-0.7387008159195556,-2.2557606318813472,0.157622576998032
3180,-0.824872488554615,-0.8819283942931277,-0.8163357767696269,-0.8824248495504617,0.8188858500958696,0.751261561109192,0.7268474463275839,1.0492396708232725,0.04084402516726607,1.983669502958021,0.8482367445168366,1.5958848337702813,1.362520436294499,1.4428937286192403,-0.2165233730598398,-0.22874996743564036,1.2686288170224551,-0.2840866752365994,1.3664033915549414,-0.21652337305983801,0.07734893273952752,-0.5567995178452554,1.434269832777041,-0.3090007772029334,1.531253190324523,0.07734893273952785,0.17944336207196276,0.3440284777594217,0.656078832388072,-0.588889704686126,-0.6768574024139944,0.15583332949612627,0.28207737898489854,0.30968087080791473,0.7479647058115592,1.3025361295235665,1.3615862084779864,1.6600359122408197,0.5665054362673233,-0.10623824687643084,-0.42785652835463445,-0.34035389724789533,-0.40426731965433704,-0.615344859621273,-0.553904832736848,-0.5756861579883767,-0.5123705327017887,-0.44668553139287354,-0.2746921681451041,-0.18049302741095288,0.34925440521262274,0.3877400974017043,0.8837930056968979,1.6971909081224856,-0.5187167804796846,-0.35407138842517943,-0.11801554249332741,-1.2923965135601534,-1.2112189809838774,1.7266945201347808,-1.3644868809920152,-2.6151474594851654,1.2267050683569094,1.9368483974563864,1.7652925214815558,-0.3266280566335441,-0.5385681118761413,-0.650278522523468,0.33615198328330476,1.3371809532299717,0.23285754298559153,0.27457790588987563,0.5438430492359715,0.44893254560056434,-1.350159458310338,-2.00123897863029,-2.3721897121095648,0.572959153228087,-0.2482549567808014,1.3767205975270962,-0.1293674754315903,-0.022789611604038248,0.4006467642719231,0.72363586985389,1.6293800964865353,0.13950852191040977,0.33075412656420156,-0.7281378601995576,-0.1226793095581999,-0.9469338961552872,0.9959378132106862,-1.7732532982754121,-0.7243074218234039,-2.235765814800711,0.15263245655270063
3181,-0.8786703800692055,-0.8589455767269748,-0.8054584859354234,-0.7946146449388001,0.8699973443747876,0.8520681920302592,0.7415008549836842,1.0262954124910175,-0.05096321903391619,1.9846564847471626,0.6882087632309776,1.7739197126839439,1.6004562249719172,1.6055197839868485,-0.10057636811336834,0.26016258759882716,1.278039194210902,0.0887141008453699,1.350830942015299,-0.10057636811336665,0.046854480463054675,-0.12976207278927418,1.4227555134508256,-0.0520452332626709,1.5280062383549373,0.04685448046305592,0.05743395170232459,0.17498147310601306,-0.41811605062900564,0.8540654343402273,-0.5233500772153239,0.46822518055257906,0.5381855387488285,0.5504017460306668,0.8197167791487548,1.37348322859907,1.5158630723026736,1.7342148317694124,0.705482742636562,0.018924699380466193,-0.11934386037934143,-0.13045810962767912,-0.1634829454582162,-0.5082695673696962,-0.47134946647018866,-0.5208259715756921,-0.42124347190272055,-0.38934302646233654,-0.20918761587057996,0.562778966200317,0.47031687127104604,0.43857541021117835,0.7902282690791752,1.7910087862836104,-0.27942252324741296,-0.21846120783684633,0.5519463348303733,-1.1808665954862496,-1.2133113357691478,1.7593076262445508,-1.3355364688792328,-2.559055756442337,1.444445216619489,2.0709588556577625,1.7703177980079121,-0.36172492001769513,-0.5085960099492803,-0.6157289005253102,-0.05578942013472696,1.0748417685344358,0.3369630296438921,0.28783147110121443,0.499855402519577,0.42726173657162514,-0.6887242854726588,-2.1421694180943924,-1.981250213985467,0.39003951343138255,-0.3398492726986004,0.8354276017518245,-0.05742047721557028,0.07036487976538217,0.4410347951495774,0.7501217897235628,1.547838750611782,0.20872910749546686,-0.021231726886988697,-0.5954553106569549,0.01197815541038353,-0.9550893468846161,0.9891989353489822,-1.7709155210622787,-0.7092880658067328,-2.217079385617917,0.14740158496548048
3182,-0.8453653030401025,-0.8545961520060039,-0.8130969214759525,-0.7882945179847071,0.821147606827203,0.9019191603800851,0.7022470900003177,0.9590851812618746,0.3411761542838332,1.8175647891628945,1.202368455375041,1.7586668213659058,1.5894547220031223,1.5925798840364034,-0.10148260161263258,-0.0019807733041941706,1.2636726021574498,-0.06975530792968895,1.3354146625566257,-0.10148260161263221,-0.00931354285591665,-0.23829117899812727,1.3994127127324392,-0.16144973301281995,1.520157986709006,-0.009313542855914467,-0.06855569834591355,0.020526010744126872,0.23329293635699588,0.5816590698218254,-0.36682172353164694,0.30108224731249145,0.44318169591212936,0.48529074282137935,0.7131805146753978,1.2683289894130794,1.5248980637023755,1.675561510362679,0.7184611231907435,0.026288049979116664,0.09087546531256205,-0.029287222596684447,-0.05994164510116647,-0.4006993612565034,-0.4351265433844042,-0.49764078435338177,-0.3641035756153711,-0.36525733575413266,-0.18165877078927956,0.026279730907087552,0.4830315338714267,0.6196624419619148,0.6628721410694784,1.3320452515863672,-0.17272975145003533,-0.3287559848414284,0.5358322632844983,-1.0656454992396727,-1.227797163713642,1.7652127815706429,-1.324109349057766,-2.482831540757389,1.4364012787081022,1.9900027275590393,1.670269252605458,-0.37583615061217746,-0.425863479379748,-0.5727406905806761,-0.21475383304410153,1.2110975155678592,0.01700524022371441,0.14556048748696995,0.3997408498457045,0.46161236839294784,-0.38550703782884577,-2.635389106886846,-2.1095310078545415,0.6288708029416119,-0.45454464222422475,-0.22872549668018974,-0.41354724311873436,-0.3231748033862325,0.4522167132472192,0.5413879966577191,1.3764884465002407,0.3471788682127092,-0.5405581832004521,-0.46692062021633235,0.17785203276378064,-1.032913007427976,0.9920947453302797,-1.767716256263683,-0.696802544127241,-2.196979797723748,0.14406258383917026
3183,-0.7784991854820079,-0.8465910511563846,-0.8866704776467083,-0.9325214270048603,0.7559042929371811,0.8024548730016449,0.6380076752254364,0.9614822491755307,-0.07103332961272676,1.9132367948624773,1.2379126432698317,0.9376856004560766,0.43646012520003935,1.0759158585937705,-0.5096169080489884,-0.9149299006768946,1.1263117918414427,-0.8956099380059479,1.2775432353050142,-0.5096169080489877,-0.24662962548848724,-1.0030313715931116,1.3037569634314394,-0.8237446855761295,1.4930202959355843,-0.24662962548848572,-0.5210466561246334,0.05493031506572438,0.4887238080921608,-1.5557948347769113,0.7295088702833527,-0.4875308538369208,-0.12913900104824388,-0.05282775518573096,0.25556627822481576,0.8624828455514167,1.2797920422385387,1.3637742555875936,0.4967537636386375,-0.18370467163593096,-0.5071311756036271,-0.44970510435387573,-0.45449426053673836,-0.5542768992208861,-0.6465214699995812,-0.6341207411431229,-0.5442766795417712,-0.508829247533192,-0.3491307014096676,-0.9585833764794232,-0.16688154987984163,-0.010090153943508179,0.34591958626984365,0.863951594006996,-0.36577095891575223,-0.5751947878895953,-1.2949373088187652,-0.9246847342667472,-1.2903277564713205,1.6494195131390292,-1.2970212261199003,-2.3170859411680884,0.8586804228818313,1.4421746059407072,1.3962380339203877,-0.4122640914318358,-0.40713572595451236,-0.38487570342648547,-0.3899897590042329,0.5590508441904112,-0.148754839684707,0.24208428160425666,0.3684968196492968,0.1477870732493387,0.1280418740115147,-1.6929709587457453,-1.0829326914195216,0.10552038354649393,-0.32805625217506423,1.3862907750288798,-0.055381437330063524,0.08816651025560161,0.48548398354051153,0.3445582707575901,1.0954820138928336,0.6185016509779646,-1.4657129618444573,-0.34328549549249393,0.34286814501048374,-1.1025232427112481,0.9914137364616303,-1.764959217874779,-0.6831394554487833,-2.1772010832320974,0.13740370959405385
3184,-0.9549883440449973,-1.0199221532065061,-1.0594120042170552,-1.1079650278069657,1.158978839044101,0.7624248188604972,0.9201942509933195,0.9384814497318396,1.0772971114586312,1.6710555953938608,1.0229483205533985,0.1928328940661842,-0.4160752595793423,0.5355191964136647,-1.1049719496738806,-1.3335066580128523,0.8917074592172991,-1.5471727713448702,1.1580221238866089,-1.1049719496738795,-0.620709170925358,-1.5709930994959553,1.139847792341146,-1.4515193689613701,1.4359087626653846,-0.6207091709253549,-1.2160300671172,-1.4659810574585772,-1.3261013545956295,-1.583913044661636,0.7899738993700239,-1.2296303213911721,-0.7665485662434446,-0.6758561292877028,-0.26073174218191514,0.4085972566158689,0.9846085806402721,1.005577944619361,0.22610314650376762,-0.43945935589185453,-0.017880265329063866,-0.1413176644223931,-0.17892946108502772,-0.35169026434629713,-0.5278498396675777,-0.5566183492150071,-0.42564273530047203,-0.4283432485618715,-0.2571165901104761,-1.1901416759459447,-0.7752799856467607,-0.3643767156688833,-0.1908030260429058,0.59289250493442,-0.5239339629097141,-0.7165699829929834,-0.46053653053183047,-0.8400574334159941,-1.3284567585657012,1.3409214138073344,-1.3223326035333476,-2.2834919405152743,0.33955329591559047,1.049113675365712,1.281847131281423,-0.3528596255023416,-0.4043202091065428,-0.6097331493450415,-0.7337932484382855,-0.15446245890404303,0.1060196269451452,0.5230423443439375,0.380528649643882,0.5588416913651955,0.3861132154938077,-0.9187394963589814,-0.3584702705013978,-0.6516067046189622,-0.5869597943452265,-1.5636620827171708,-1.0663081304984432,-1.052124805122537,0.4530369216530927,0.38172682863495727,0.7669394680656267,0.7607899870242062,-1.5522130476699074,-0.2199102377875527,0.46959630875334085,-1.1907712518329394,0.9746831688710703,-1.7673070890104714,-0.6693387042403045,-2.144403810186655,0.12406882442195852
3185,-1.061853592664513,-1.1174042407872464,-1.1228066034390962,-1.1499423638573498,1.2603218474290765,1.0839522503068297,0.9567730535549283,1.2652134510858235,1.9819679997897568,1.4737517219783622,1.365546040243991,0.019204841657857536,-0.5932071286439499,0.39783911395337046,-1.371025512357756,-0.6038453619800135,0.6968591186540551,-1.285982816755904,1.0114172360648144,-1.371025512357754,-0.9101349676099628,-1.2128756029508418,0.981075346395704,-1.4137631396908275,1.356222752071926,-0.9101349676099604,-0.474817373933439,-0.8579074608468491,-0.833978217179585,-0.9328264017311694,0.3499845203540544,-1.1735291623371265,-0.8822996949757786,-0.7718211867352283,-0.4074168412359183,0.2510471817183507,0.9183187386053153,0.8932426840398481,0.16680154716084372,-0.5012993666295505,-0.4950469223600616,-0.4608055019730815,-0.4253495370709793,-0.49134974500080086,-0.6438939830112,-0.6456057286029255,-0.5487209276652317,-0.5230046693613203,-0.36768054775306847,-0.31167245577973596,-0.8313839995559537,-0.3617119991647797,-0.18543875356742812,0.3200126934281022,-0.42965692449323467,-0.7669353283185263,0.3091606781777045,-0.7870529800345277,-1.347501369046741,1.0519757996461616,-1.3135782243336114,-2.250653861408633,0.17190714681351002,0.9398376147367363,1.2678284245170646,-0.25388616248408163,0.22907009939673698,-0.23250197555867472,-0.5618021223371441,-0.5829139839129316,0.3386616885205092,0.715054333348145,-0.33262111806963324,0.7278025659871117,0.591911924027605,0.16796144196545806,0.5470324691111655,-1.1282964984816244,-0.41356961046850926,-0.7340379823298865,-1.8483835277725158,-1.9558512169398996,0.35740881862911483,0.41728995564662347,0.28027327584977174,0.8672762848565592,-1.7127295847003332,-0.11036816186825123,0.5860387677897296,-1.2731333164654033,0.9509190303604754,-1.769780936691911,-0.6615764215699652,-2.0897976674047527,0.10974107871434488
3186,-1.1296357857145072,-1.2058280656493965,-1.1474628701316334,-1.1695933774182157,1.226008214354778,1.209099099305472,1.0546030061442875,1.4418160843633065,1.5800915437487473,1.4306430806283588,1.4398156385345664,-0.0768536948776493,-0.6899003954206584,0.32090501666243715,-1.4010672324612465,-0.07695848312033089,0.5468059223318631,-0.9911268769479757,0.8622702667069105,-1.4010672324612445,-1.1034226790693749,-0.8124987569637936,0.8375120184966273,-1.2827687418307756,1.261965482476046,-1.1034226790693722,-0.1992941853265823,-0.7938715242911253,-0.5460657996555783,-0.43664586294737756,-0.5243972956002569,-0.8588733526608139,-0.8845112838053852,-0.7862405899995125,-0.4764057620087698,0.13567144249202331,0.8924784105358072,0.8182443869604319,0.1428445702496437,-0.5299255115671044,-0.3829742429106573,-0.43757509734378014,-0.4045913901598841,-0.4642313214725301,-0.6438099924694968,-0.6494638309381968,-0.5499052570366041,-0.5273445187916174,-0.3744999036302519,-0.15954970954335057,-1.135750854476848,-0.5060874882556889,-0.32568751153432357,0.0908379236466759,-0.47481040460568696,-0.8324554494549966,-0.02254453883187317,-0.7300669000937474,-1.3734791112092877,0.812602743324142,-1.2892423463780411,-2.2189037178856013,0.03115927410675523,0.878612767861637,1.3001618388425429,-0.2868912220594626,0.3504533235346237,-0.23042652939543806,-0.5501202787053098,-0.9111943692935801,0.22239708636479313,0.79680186653745,-0.48254223788140854,0.8858768386563233,0.5762535911295927,0.8048226035158844,0.9770101599143496,-1.421353569741809,-0.22016331469143613,1.541560661395059,-1.4985454554126443,-1.5544810543163226,0.38957508042433153,0.5446191905126908,-0.11753107772646186,0.9360603297491507,-1.7810847597162063,0.017573056687087488,0.7301180767792977,-1.3576898765788186,0.9270683850737094,-1.7711383118202195,-0.6555167145884951,-2.0410312667811636,0.09388728128667159
3187,-1.1575517956462114,-1.1520960512402814,-1.0990096657830157,-1.1429593524142032,1.230932932530126,1.2341670521330337,1.0443070260509932,1.3735190256083012,1.4835510613965492,1.332435741064117,1.228361962444411,-0.0012144174636995238,-0.5709704679993414,0.3718681964740621,-1.2104846386090375,0.42302596015620614,0.46156683052530467,-0.5641705125662426,0.7337045000587106,-1.2104846386090358,-1.171618183366781,-0.2907780292050618,0.7271099514845074,-0.9890117608787866,1.1632816010834304,-1.1716181833667787,0.33081861316761213,0.44977258365596445,-0.241121547687649,0.14339879440987816,-0.47144461818910555,-0.27977400989933476,-0.7112213553593939,-0.6539977772420165,-0.417416391544464,0.11962674454120675,0.9478078592422898,0.8141494598845986,0.19320268121851292,-0.4899641588797464,-0.5860378411279571,-0.615428494231265,-0.6104424665350294,-0.5933950029490862,-0.7436271688750097,-0.7146878412944309,-0.6262227392503494,-0.595870541989722,-0.4544965583408789,0.16280974757436184,-1.0762220258452995,-0.453694247223777,-0.16049493401275672,0.01756847286509232,-0.4625673982569108,-0.8424962186934918,0.48758037630391565,-0.6990540032313871,-1.379214481110117,0.548416840073328,-1.2166641068092618,-2.188179214767607,-0.1014924903907706,0.9162465043983717,1.4716644952738283,-0.3255322733852958,0.7276052938924517,-0.04363023097832884,-0.36941976316750086,-0.9389977867055073,0.2780874162399028,0.8794232211244607,-0.9314790908974385,1.055171351507002,0.5281427466494992,1.1571502634086377,1.1831710648687537,-1.5211483031972135,-0.30693649024989605,1.0561560098831404,-1.4235253932603331,-1.457899629926401,0.4304962541870499,0.5894491446355751,-0.4250748188736322,0.9935154175123023,-1.8033077896415628,0.16187007915973245,0.9051905973800038,-1.4046785060637248,0.8987977074163285,-1.7707680071010592,-0.6467695426633512,-1.9937288089331568,0.0752000194662566
3188,-1.1310245143181805,-1.0549254525777048,-1.0811159194118074,-0.9861109153464566,1.12113721617162,1.188852382565618,0.9664814372096923,1.1524012549458806,1.3788317982066316,1.2889193767070173,1.3877529795070076,0.5550743475612807,0.2502502525668819,0.7700701272469177,-0.6372024155508917,1.287370487991768,0.5141693427891645,0.34436642865359374,0.6662084371705203,-0.6372024155508911,-1.0098668340127805,0.6759033874487825,0.6994287615167563,-0.24903295185261884,1.0787625950888382,-1.009866834012778,0.11136164511569045,0.8340531329703532,0.18779828973028143,1.5295248311693226,0.6104111051237606,0.7401772447633729,-0.046702918308619626,-0.08080099777293774,-0.030507343902772793,0.3729185859303325,1.2255690924092753,1.036281539260089,0.45222670281954164,-0.2579204479742906,0.0913047713197793,-0.1646254639992473,-0.2465276521222871,-0.33868816575372857,-0.5877871024771002,-0.6213385268924128,-0.4740930205847512,-0.49888979911982134,-0.34352691211212566,1.0664246018615964,-0.20315038870089244,-0.2675428428032905,-0.12606392715577638,0.19095112571155298,-0.2389458560259708,-0.7321318643148682,1.2351743695415311,-0.6747309843543253,-1.3748364792391137,0.34942428423574823,-1.1828896160906044,-2.1584005209167896,0.34336033153271134,1.2303914585910494,1.5312781692067121,-0.36541388158735877,0.7011885982361699,-0.10587068766680681,-0.5440651458140188,-0.8670622232392883,0.26491347098497386,0.9024213747042489,-0.9102042876163927,1.1301101161075058,0.7255741672705314,0.735057296095534,1.0330609270503934,-1.4954374172534064,-0.3449488737846418,0.9954871497933324,-1.3413003204039344,-1.3557063590192164,0.4641502335419789,0.5369989565020158,-0.5191757663422808,1.0128193905122047,-1.8617830321749582,0.32811641459625873,1.0401600229038026,-1.430660127856545,0.8831202227670587,-1.7672331783710076,-0.635323660452293,-1.9478001763247077,0.054900644000297545
3189,-0.9697681923728262,-0.9294995721225919,-0.9242080760347539,-0.8776510012266693,1.157337671123765,1.0358429922755683,0.9331722046197497,1.2632879802552697,1.7006409149433883,1.1486945635372565,1.290364881049247,0.8683207865962833,0.6643189685653417,1.013757730787626,-0.0905114587442325,1.2246923339427223,0.6173119804843935,0.6771364414871828,0.6567328784033161,-0.0905114587442315,-0.7642097636826094,1.0278159118483958,0.7161514858343575,0.14946223738297748,1.014960372368486,-0.7642097636826084,1.1098802447020426,1.071497415687443,1.2517880674760082,0.9484779722426342,0.1330175105166412,1.1144575859367387,0.39698311422478927,0.28751826664661767,0.23446626492364075,0.5174498175130229,1.4134248934455442,1.1673379654986769,0.6326768774491216,-0.09622722333888915,0.9206189873514474,0.3660833512148466,0.24851272752001838,0.02624009690604446,-0.3213793345399456,-0.4942379461388273,-0.2738910957014229,-0.3674612427959089,-0.19099661707168436,0.7177044043982251,0.6601033640060886,-0.0962860278985657,0.08266428137864633,0.14687225248850524,-0.10246718112429232,-0.5915431430292487,1.1939529441003718,-0.6556343959900406,-1.361385780763695,0.24963903899153392,-1.166403025031972,-2.1295381498821446,0.6743528676262995,1.4396063572825222,1.5414497671962701,-0.31441416674101447,-0.1789131966778798,-0.3333080298111346,-0.592851235718862,-0.9670471752816299,-0.04224800606888777,0.7879232273436182,0.1274849489738002,0.35889098788090507,0.5159989397865284,0.8442771828076109,0.9564663492328196,-1.4357434594494813,-0.36861069072291125,0.27089295203243313,-1.6160357971063413,-1.6775843909097814,0.413816692709785,0.35803047228080054,-0.5365552592000885,1.0652724620546787,-1.8099463805629596,0.5225678480818737,1.171299930562625,-1.4228027458885708,0.8631734019793749,-1.7620152928998492,-0.6228532218615224,-1.8987828178532768,0.0357938641296607
3190,-0.8880922381658225,-0.9163208024221445,-0.9226646096511035,-0.8822127764133871,0.9909510184312357,0.9927913475525404,1.0191083062296864,1.0091153925055008,0.8717054102242471,1.2686292976858362,1.3032284393303804,0.8159085824364549,0.5981228876918309,0.9742583531012997,0.10309036701114159,0.4342487403209821,0.6676332846456597,0.3311078012182118,0.6677404303035643,0.10309036701114216,-0.6031598140468353,0.6740633960558504,0.7192427255624689,0.027777215209925245,0.9647183117299012,-0.6031598140468337,-0.004287793990953342,0.09826510267282751,0.6132001646721595,0.05674699409392166,0.28845336599160615,0.7617229782791913,0.38049985800302466,0.2707344345884926,0.1974264044783504,0.43160036895064374,1.4029176382619022,1.0999830854613408,0.630086882841002,-0.1009453080766056,-0.521785700084376,-0.4918379026821194,-0.47755215554575847,-0.49227939164855083,-0.6817151492055729,-0.7036938822408645,-0.5998183312889543,-0.5870270600243893,-0.44578429676738246,-0.04506294899143462,0.7823126205938747,-0.05201865567733792,0.15314207966872534,0.2096446700164136,-0.09356617611498196,-0.5241283103235632,-0.43183901904680483,-0.6401088386876328,-1.3482530227829377,0.15605217208852404,-1.1563449768082554,-2.1015137225130953,0.6317388723768227,1.4089464263213838,1.534147759560718,-0.318195312029305,-0.26228109557786067,-0.519454546638373,-0.7769742454248156,-0.9570122626022318,-0.24862314447203593,0.6207956864987765,0.22354145008980833,0.5814565783188552,0.5724807160090526,0.5232655381785036,0.7746454677279174,-1.2526413995150132,-0.17621010483908475,2.1155632681593204,-0.8732989855927239,-0.850883516088196,0.4055547679476065,0.36364956586368163,-0.5859499821678829,1.1230751310405398,-1.7292855211709106,0.7284847759874178,1.2881020109832135,-1.448430456205724,0.849468875997455,-1.7571478679672237,-0.6106225655643323,-1.8671868101210778,0.024825453871200217
3191,-0.9388388771960912,-0.9856492368361695,-0.9211361671692813,-0.9562516120048459,0.918771667851726,0.9325606228253409,0.754506510563406,1.0982155928960047,0.2878426505415373,1.4363619230680167,1.2258256715560099,0.4708334930399628,0.16110373376536027,0.7229862374371525,-0.04374781436561516,-0.32963838093661835,0.6329345519503692,-0.22805423056331955,0.6631260719517367,-0.04374781436561452,-0.579992674389148,0.09602285896927387,0.6820026675930528,-0.33410222891869845,0.9166683239299094,-0.5799926743891464,-0.004541848436229944,-0.6045272858669257,-0.39844199923874735,-0.18618037768040158,-0.6697566596335782,0.06448711636851608,0.14976485385941063,0.03318328979243429,-0.004211287472841761,0.20911507480864627,1.2726621554355615,0.9179414024209783,0.5185990383939579,-0.20726948412461288,0.16338295867135397,-0.00298926882432341,-0.05527495850583883,-0.20034059765924633,-0.48401723951446973,-0.5990676101400308,-0.43243830706982184,-0.480660895921993,-0.32322639433344813,-0.5096744212722955,0.6195160224919616,-0.3992818283283847,-0.05146824202964943,0.011744425308266424,-0.12091383408777483,-0.5562677613596148,-1.058458624123418,-0.6391852067893692,-1.3389431002826584,0.06150111230679873,-1.1042543857388933,-2.072058889558229,0.21068972028570032,1.2289858510129035,1.641562469297281,-0.35875397069661724,-0.14883040925362673,-0.5615174069523707,-0.8266305250675686,-0.9699729654946782,-0.2739404054824354,0.5232107686608563,0.0810196224872674,0.8079586625826221,0.5982103811619184,0.4675134731908379,0.7541603045764332,-1.1575035843751307,-0.24753519980752461,1.7460230124484788,-0.3609090759404912,-0.2674824432524251,0.4425836307975131,0.39324797208673407,-0.609042469952296,1.1609394549283394,-1.6350638052488495,0.9254013442314332,1.398894855529259,-1.492678461881381,0.8375403083948403,-1.7527954832909656,-0.6005890015789952,-1.8428946724854056,0.013144394815748152
3192,-1.0424028866457895,-1.0323704010143098,-1.038010361516293,-0.9753063779336951,0.8746230900326084,0.861743608899107,0.8905005283909239,1.0582364160535112,0.4214670781233579,1.4279300819904222,1.3655444594687152,0.3622591367412554,0.02768586794948448,0.6413455226202026,-0.1831764486467398,-0.3127738542090763,0.5854960157151295,-0.31212302017108823,0.6437062984295465,-0.1831764486467391,-0.5817992636792868,-0.009140627587401627,0.6369948557723698,-0.4040283305620104,0.868704403800146,-0.581799263679285,-0.837395590627547,-0.4191039915389914,-0.8095374004759498,0.698369779245277,0.30957279557363165,-0.24832241439444633,0.14885586141661108,-0.007733307650065446,-0.06913581208667773,0.12006492498384377,1.1860400081785656,0.8363964378114425,0.494055558139953,-0.23229255770431612,0.33664763279272797,0.30616758564889496,0.18310564290398326,-0.014397051741689027,-0.31438149552841543,-0.464918892916253,-0.33142035093106925,-0.41545474716241343,-0.2477925467697404,-0.14567751283413855,0.4787240453201109,-0.45420348764172724,-0.08767728129689914,0.0890986371208001,2.406730455821034,-0.6019536078675981,-0.11798691389079888,-0.6379890592171047,-1.3274071304011874,-0.15536663762602,-1.1057382996544876,-2.0442095819425767,0.15245943655919644,1.1668013932049288,1.5986382027442196,-0.36833371707701423,-0.28989937375465,-0.16660379986788415,-0.6865929731664514,-0.839060860896007,-0.23814106024834278,0.5429446717756828,0.24277338384202912,-0.08884503668860735,0.8739430676005345,0.45424507525958313,0.9423070079003332,-1.093396378142213,-0.39179246664717143,0.37625119701924487,-0.4837378480229405,-0.40233889084977714,0.44935737857973496,0.4675233060015459,-0.71805801364007,1.2922666237753357,-1.4750192828076634,0.8925223183056503,1.387633410423497,-1.3303948610989953,1.2753267333057947,-1.7472709712280603,-0.5896800297700991,-1.816755279345905,0.0014200797691955116
3193,-0.9453322350427563,-1.0081186733469474,-1.0082627065235419,-1.0317846194339682,0.9674937334523808,0.8420160817046748,0.8135624705672634,1.1374359388719648,0.14668134005313874,1.348599784365132,1.5068927573404418,0.10448930269895619,-0.2843250702216855,0.44679904863880254,-0.3943169039249278,-0.47653416226309214,0.5022000072931425,-0.5561732223075184,0.6019829793444903,-0.39431690392492735,-0.6417872797971896,-0.257432208271861,0.5695465307737081,-0.610021064852881,0.8159817256924726,-0.6417872797971887,0.1893283598995649,0.18713170780796634,0.7351085456201403,-0.9149152292821043,0.23424185221065058,-0.5416631314574669,-0.043325904393177905,-0.146712228072787,-0.21048032694512472,-0.0345954419892195,1.0383254584938326,0.6865629670409333,0.40943674103343586,-0.3128702843895826,-0.8470942903771758,-0.5331459699806139,-0.5211434054081474,-0.5103236838771492,-0.6216753602580947,-0.6530095642925522,-0.6242653885613638,-0.6093077298926178,-0.47525016858137675,-0.41488879283254876,-0.17866052174605904,-0.2766988064830475,-0.30851566248458995,-0.19251168573876157,2.156995848166602,-0.25012497289409197,-0.15186825997369172,-0.6465347199739055,-1.3164036566472916,-0.34306405079847874,-1.0969514841632348,-2.01048143298885,-0.07182417627118505,1.0119369244236363,1.566469465761042,-0.40274520048277956,-0.4196726055798442,-0.09311466434836396,-0.6388347946859323,-0.8977646920988157,0.6962352909166424,0.5950850486404445,0.3850147380172804,-0.3948421894636028,0.8895945289278031,0.6462315335090492,1.084328468888091,-1.1823595002195135,-0.34560171144620316,1.2484738067984487,-0.24747986062599792,-0.1247180684439786,0.49225116997785084,0.5138684790843233,-0.7971386035312578,1.2363816235618323,-1.3761677161341208,0.8582532157393239,1.3735707756773876,-1.220267925272844,1.1918164305189158,-1.7552502268627714,-0.5956923740158466,-1.7894818450612986,-0.014705894226995165
3194,-1.0607989088226437,-1.1091921232168442,-1.060996159302128,-1.1253565826427867,0.9125739353234148,0.8913936224632478,0.7930539187419104,1.1516674396018602,-0.00696783786935417,1.4918208740676335,1.3967293988987484,-0.2630236003375503,-0.6982061794468543,0.1555084865391114,-0.6956590540010186,-0.6749747238514094,0.3708416196571057,-0.8805986274267096,0.5288727570740425,-0.6956590540010176,-0.7756066565800733,-0.5737774645822226,0.4695897658685202,-0.9078066567729809,0.7525155811806031,-0.7756066565800718,-0.41157761532329185,-0.9098583515041543,-0.9218171119370793,-0.7028399494327826,-0.42701242865533845,-0.8205220992723163,-0.4234704020512118,-0.3951556415652182,-0.44102483845147694,-0.25971118709766394,0.8318986405230857,0.4804940450659497,0.26772052472221236,-0.4498220771728497,-0.060891793808063234,-0.11550965818844389,-0.14160519303805919,-0.2633195717043804,-0.4185796227563266,-0.5379426320471948,-0.4950335494804758,-0.5264945598018703,-0.3805767215396271,-0.6800171989022236,-0.7868119141113776,-0.10455240735238558,-0.5189283012249721,-0.30920201225613647,1.9204820845066979,-0.4445030491387707,-1.139899833543668,-0.6670697563812038,-1.2938198308457505,-0.5205668950239313,-1.08825430418205,-1.9858196119188887,-0.42641852398053737,0.7939139897385148,1.5551296130873309,-0.4162600137116561,-0.3952906061435201,-0.3139299115640777,-0.3748370763667043,-0.5810845583792922,0.4300725875986275,0.23089275057663852,0.35316922529167116,0.035286683514737016,0.19667213247952667,0.4826558544683322,0.47410861292868584,-0.6057089864562427,-0.3820109860546531,0.9805277917163494,-0.11408478183356088,0.028153246098112965,0.5022484697125149,0.5226072114477537,-0.9649413155506495,1.1751438276332495,-1.295987248950152,0.8365915167532304,1.3579510093608533,-1.1353363904535314,1.10003863020023,-1.7618361368494508,-0.5980940890057094,-1.7612609888601698,-0.027525034792092076
3195,-1.1102334444995696,-1.1235182720684105,-1.0378229619970518,-1.049701424957432,0.8921170196232618,0.7855910845580661,0.75793219188766,1.0276279280751495,-0.17411883129228706,1.5275988649440893,1.2355945073412606,0.0156541509882092,-0.29270071252893365,0.3487524618173921,-0.5811334621028996,0.26186881266278994,0.33549799667888275,-0.23670809911165028,0.4679628366504815,-0.5811334621028986,-0.7570952641366218,0.08075114275303155,0.4175674043214885,-0.47244192359294523,0.6906836144436227,-0.7570952641366212,0.1430259672128004,-0.1583709318735944,-0.4213496484875385,0.6464458294901941,-0.961558067660831,-0.16399150697183812,-0.15849080710437036,-0.08284142768599055,-0.23908665783750022,-0.1310138373831212,0.91172193710048,0.5679390574396712,0.39853678533979375,-0.3353976940044073,-0.15973566599839814,-0.12538075884824199,-0.146417018309225,-0.26284969093257,-0.3845942638628277,-0.5245159767978728,-0.49634952994102605,-0.5282858815265422,-0.38423520933108013,0.5076087378668406,-0.5518281593364281,0.16305096269265557,-0.35366856625434323,-0.13883479056008693,2.2325118166545797,-0.46079313145204626,0.39914105076130124,-0.6769769180355846,-1.2900507027234775,-0.6852365380502787,-1.0734198618730522,-1.961813421885601,-0.21166132850283847,0.930833983867784,1.5613308431441106,-0.39973295673903125,0.24525765906435018,-0.5066923282108303,-0.08518275143883053,-0.40812350076352616,0.11114654940778748,0.38072353141649595,-0.38922553405520594,1.2350236527059428,-0.503688037705946,0.6327047319378716,0.07317848493427215,-0.6504612647672481,-0.36247666606287693,0.9974022793807076,0.040240743017031025,0.19525003646180447,0.4834666648212535,0.470388684805593,-0.9746756838266424,1.0696249571163852,-1.1308741979919306,0.8068035278368861,1.3455538147253276,-1.0757593693065817,1.0319831540891842,-1.7619805398162758,-0.5946006683525015,-1.7367203981121366,-0.036435029156565796
3196,-1.037212126985397,-1.1158194098052534,-1.354172588994503,-1.2710971775565734,-0.11918609162189162,0.8563627263603809,0.6111763853692448,-0.0726537658960306,0.29329216832919847,1.2764169457423775,1.4289758242167705,-0.681206025005305,-1.0327963487009015,-0.24675057709678905,-1.0202857164805224,-0.9912132283370341,0.14330108864133978,-1.285641651001145,0.361226379364964,-1.0202857164805212,-0.9755626696804597,-0.9380055726505785,0.2766303567908647,-1.279526114870165,0.6112352228478732,-0.9755626696804588,-2.339282812023993,0.036443749552461754,0.5555914763438349,-2.4980405447676994,3.770740911029737,-1.1470445571139796,-1.0318574224271257,-0.863481827864367,-0.7927806900865333,-0.5938679406141495,0.4903864592278671,0.15021219625357105,0.04723378251808995,-0.6635680206989197,1.5711076865345341,1.131557424171605,1.0579437790090105,0.6046761100087104,0.34832917835014543,-0.10226742594983104,-0.010486748393979747,-0.21458840457274325,-0.022256604143040967,-1.5787021049651895,-1.0148609849418262,-0.30670072574732354,-0.8676408846596756,-0.5260528521077956,1.7445230402529963,-0.6825595249336766,-0.791983222661376,-0.7286823960309984,-1.2583220176737062,-0.6111856285110563,-1.2256766166299984,-1.923892775036267,-0.5088699986065506,0.4202139370118995,1.064017082287171,-0.4150333140500876,0.041463623036800276,-0.6891037130803875,-0.27400099850803905,-0.6209101686829445,0.5804970496095285,0.4198447101229022,-0.15571270500775108,1.288037888400876,-0.4369429465852155,0.723394075904344,0.18500997664670873,-0.8239113681842257,-0.5103825086362254,-1.0416661487804024,-0.38287916906641034,-0.29670989490425176,0.4237305873495219,0.4856200488968606,-1.0289241130996263,0.4110363653269674,-0.030202371584098827,0.7710458026539074,1.3098932561593006,-1.0990331597430218,1.047728914437774,-1.7627626623624406,-0.5965046448743156,-1.7157218892385582,-0.02802357078634309
3197,-1.2811687915288277,-1.2218781478460647,-1.2416542718255557,-1.2925139460099493,-0.29794246884947767,-0.09194331040422601,0.5525574852157584,-0.2858995072646554,0.17072685086258896,1.2151439186968767,1.1657168969696288,-0.7600797197149735,-1.1066372736601733,-0.32162596513257175,-1.1446737907997082,-0.28545024767573796,0.0016504726540998934,-0.9458814755683859,0.24135763203732408,-1.1446737907997073,-1.1050622576254636,-0.5601311504073672,0.15260829687681637,-1.1240107730949405,0.521323145051527,-1.1050622576254623,0.8199075033695756,-0.9819747239667365,-1.9544850614876403,-0.1492290044450768,0.5975228419831963,-0.9047196806931639,-1.0688590712861128,-0.9089276041384295,-0.8148157742943378,-0.638524732514994,0.4212442506544452,0.0752467689179585,0.018639634702631906,-0.6939625468465266,1.0407987699528802,0.748248040866176,0.7680335012782518,0.48623219738667106,0.2625055366463842,-0.13084544090592456,-0.07382507668945565,-0.2554424250105,-0.07086205982605977,-0.1957873620637211,-1.0343105163443782,-0.4220879723369143,-0.9176322954316921,-0.5643973324697757,1.1800758482255715,-0.6869674914975269,0.006951368052995174,-0.7781338983817576,-1.2274243730087728,-0.5425927753886887,-1.2155930671972992,-1.901466097929723,-0.621583134896556,0.3518250897258204,1.0595585244759043,-0.21457790459370304,0.5487213563097153,-0.2823333207401207,0.39673837302751025,-0.10217532721936161,-0.06248321918503076,0.6656578581825817,-0.6947875264401427,1.230527759419144,-0.9843891369031146,0.8459927255561964,-0.12408757586876501,-0.7502341967053352,-0.18791117746706856,0.04841732517558249,-0.21505540063138262,-0.17803220907492995,0.20142560286244993,0.5567003190526248,-0.9685836579474469,0.16596156817279037,-0.28888461138697896,0.7537362665047134,1.2815059556336565,-1.101373748545368,1.0056262222807473,-1.7630600850322025,-0.5969341024041509,-1.6941239794410732,-0.020118942244320325
3198,-1.2499678008006903,-1.2463959615997298,-1.2294217378308852,-1.1724166078509295,-0.277067638496292,-0.22552910293616776,-0.38874598657811815,-0.17182142994909919,-0.16257198073524196,1.3422868848572038,1.092483069991137,-0.31071389620405443,-0.501208019052468,0.002977360525525213,-0.7742090800300978,0.8391068692118194,-0.001512671033259159,-0.02118576360801233,0.1603804690447767,-0.7742090800300973,-1.0120193421999473,0.3999030235346036,0.10388024881528297,-0.44303988623665264,0.43906164473333453,-1.012019342199946,0.051348541807457654,-0.26757473083563355,0.21354016679323765,0.8361377675915356,0.07524361632532507,0.01470329831651711,-0.5065676037723261,-0.46566682049574065,-0.46331991124338945,-0.39429581364535987,0.5958233227587744,0.24218963265961607,0.22257910923763846,-0.512340228298476,0.00888699758610925,0.19577291518180095,0.24578231624520905,0.15442033896470614,-0.0022680642694226077,-0.28466032361185584,-0.2629853275225469,-0.3765378737074615,-0.21252274531148832,0.8384948151605702,-0.503523016626009,-0.4987577513230955,-0.4944768534388254,-0.4949476751660124,1.1491122591217824,-0.387192187929245,0.442753678922187,-0.7994334427676001,-1.2221465709958996,-0.478372232291987,-1.2056287827446568,-1.8795920880324457,-0.22920337601928348,0.5810464749712628,1.0548570318605601,-0.2552535174440872,0.6197244140662537,-0.13774881669677289,0.5102690505570627,-0.02055631675370993,-0.8620855355494702,0.7050980108242041,-0.7876531439282409,1.0648214873537494,-0.9817528061910364,0.8777779524865369,-0.09923903663658087,-0.7395189092315256,-0.18599512037255472,0.4888083529271185,0.07133325409071027,0.15648137626056244,0.24539043116083106,0.5322023190240984,-0.9072594945003357,0.23002488497732515,-0.4347421136026495,0.7469434117156298,1.2697724865854287,-1.0553894418174758,0.9920998986502071,-1.770203458773578,-0.6000335542322524,-1.6716094245406123,-0.015651355324289382
3199,-1.1749688932295925,-1.2123913264650727,-1.1522874899544782,-1.1839310600838366,-0.581911195997639,-0.2711295261969786,-0.4312441471121482,-0.4797695090693528,-0.7257409253412962,1.5212686185823443,0.8863479717352344,-0.3742627825213364,-0.5733070909170683,-0.05182730831933745,-0.5588951839249565,0.4888863402444541,-0.014153766384631407,-0.08478189878385758,0.10206120498463297,-0.5588951839249557,-0.9302228638145397,0.3555910933418224,0.05830564966996009,-0.41551410090277907,0.3635805992282518,-0.9302228638145384,0.5485425127086405,0.2684154399804222,0.5753948132775321,-0.12047055222451569,-0.559193214370988,0.013596879104505938,-0.4368390750931443,-0.5035778351163736,-0.45815968861560125,-0.41330567264987805,0.5440200847460666,0.18327482065531112,0.21077788287189628,-0.5274544632831086,-0.5062181582502434,-0.08905992390330995,-0.09565471434893207,-0.06532362492762206,-0.15880401676615952,-0.38617480409819493,-0.3845137865507323,-0.4561137367412345,-0.3057317084266261,-0.12017910716329208,-0.2597309582883203,-0.7651221165391231,-0.22929520762515515,-0.5564493729578129,1.181090859433114,-0.36204279977668463,-0.6897408136480543,-0.8205537645865588,-1.2186181340809508,-0.44706404898692387,-1.216132467692121,-1.858246356805677,-0.23960088037974167,0.534042345340359,0.9929480267622087,-0.24742114836118537,0.04980093120921392,-0.040500979669217965,-0.03221208555681964,-0.11349942933951525,-0.9609781170862163,0.3929088441639017,-0.1219381377937774,0.13918629831987006,-0.00017440832221468335,0.16104709194309885,0.1123272340612448,-0.4760266957491572,-0.127487940608775,0.777207783151429,0.5769330663995274,0.713820033671103,0.21443590826906672,0.39873677206690755,-0.7549082427418233,0.4790015151171717,-0.6613938273990407,0.7555308534167426,1.2586894855713053,-0.9713690129122015,1.0205352613316443,-1.7808907139172732,-0.601480446268405,-1.644909927556835,-0.010976698677965652
3200,-1.1478295050052294,-1.1380148795141867,-1.136853130341073,-1.0602077863520594,-0.6126544366666341,-0.5724895656979587,-0.6865242592091244,-0.5795251025933064,-0.7210912085245189,1.6669997157082044,0.850624444901698,0.06433895066615244,-0.0017743097917331026,0.27574891756121894,-0.10280686905684791,1.0263859847162888,0.0678533700582417,0.5504160563161113,0.09138806862326126,-0.10280686905684756,-0.70420531354856,0.9761487699831397,0.07418451183609893,0.1449975792156724,0.30659678035815763,-0.7042053135485592,0.08043203827780375,0.6428115751971705,0.18375956853076295,0.9439042294262114,0.2665863199034029,0.8146200581484659,0.15494248574729802,-0.014319152964970949,-0.10250785201682501,-0.1590175913585686,0.7261793136720146,0.3532068176057796,0.42520411159649424,-0.3374872749314206,-0.2173199372529478,0.15141523440041485,0.16194154454793344,0.15620229954967763,0.04932503635200155,-0.2678897160351227,-0.2599934652681247,-0.37470981501450146,-0.21270047242794607,0.8623932419705453,-0.1059411035439272,-0.4825035656836702,0.06105507826661637,-0.3484339833043059,1.1380586381989413,-0.1741968304941709,0.4157779070381551,-0.8210790717399958,-1.2339479639694146,-0.4926367057256832,-1.216345034619435,-1.8373859794419443,0.20768506043309598,0.7731558556144215,0.9596018497106039,-0.28859742111080205,-0.26602703996724825,0.3099918486688006,-0.4153306470066231,-0.03235642825277631,-0.9088657867842757,0.31627099492667426,0.23528106765049078,-0.9154271057025545,1.0484631505221955,-0.6230983168311864,0.32721230215288827,-0.34611997674713646,-0.2883696226832219,-0.4432674382052111,0.5586813553913368,0.7083090788764556,0.25504865406750016,0.2552204055332835,-0.5848399876373994,0.6174708140224179,-0.7716251764712942,0.770878913491383,1.2789746461266076,-0.8933876325472486,1.088902703243253,-1.7935415550686689,-0.6043388852978394,-1.6243106627591393,-0.006146752958016552
3201,-0.9904263129863772,-0.9755361029317089,-0.9266774230981272,-0.8964974114330303,-0.7321325810289979,-0.5022411307189072,-0.6432762830078214,-0.7156572277446047,-0.8405320412228047,1.6731881731607892,0.7702421399582791,0.5624226476379505,0.5909628250050376,0.6774103996534169,0.4957727404984501,1.3421628847926639,0.23872969803467065,1.1434082947781896,0.14301574800493713,0.4957727404984497,-0.3490256723428789,1.5176001113054491,0.15591621860648028,0.7459210448543807,0.27840779516580744,-0.34902567234287835,1.5538778463169007,1.4451543306841892,1.2471529534277759,0.9994211360657701,-0.4553650227144928,1.3711167944444058,0.8236320639499813,0.6176198671154935,0.35821806131853823,0.1758980311628455,0.969792302409049,0.5862319491620387,0.7051662651936159,-0.08594188245579933,-0.028678655832634462,0.1292260786916614,0.18507331275070155,0.17009898703144258,0.06806558823697552,-0.25568811247377543,-0.2540190431190043,-0.36931238835597324,-0.20756475444339714,1.1421219534189633,1.1316268180847877,0.052476176417525076,0.3901488088855113,-0.2332641302630415,1.5109562055461705,-0.17603684754638896,1.131141910031768,-0.8084870841382711,-1.2513457877811438,-0.6819490112575252,-1.2064466030001748,-1.817010086459056,0.7709522588352458,1.0970749271382332,0.9543890774414958,-0.27381670577432876,-0.42970398431986123,-0.060359181969858254,-0.7397524070843452,-0.3164990711170498,-0.9475624975994822,0.10514677585806621,0.42980987562437295,-0.4691631497355841,1.093524427903573,-0.6224712967434121,0.36315731990579964,-0.3068066766099954,-0.24457260449204796,-0.23970885646521442,0.6696077827101787,0.825256753259314,0.2306753322925651,0.14318800003462276,-0.4260937882599025,0.727948066122218,-0.8741812330459953,0.7713702696719481,1.274208495911975,-0.8023017380018422,1.1586983328311993,-1.7922590657554016,-0.5968881910537202,-1.5956608612740728,-0.0015057594593663036
3202,-0.9330968814704375,-0.8726943279416307,-0.8823621587696275,-0.8401241565130878,-0.6974981849301969,-0.7041025791950295,-0.7483104786898903,-0.6492434123359264,-0.9448309527069065,1.658665250227836,0.8488326357703505,0.7008623213289721,0.7473330269415268,0.7936277154366993,0.8062867087302323,0.6977550264247085,0.38311691378818885,0.9638277005882478,0.2270920352860162,0.8062867087302321,-0.051948042024853834,1.2610889769794897,0.24217045635395976,0.7860007785786806,0.27419749410538735,-0.05194804202485349,0.3017367207698209,0.890163319698603,0.43281924446029374,0.9847339375990105,0.3322234515964142,1.1492049806388829,1.0063049559068125,0.8216465612641134,0.5208275187317787,0.2772347974897273,1.0190129201680234,0.6317692041198116,0.8076091027702543,0.004464149785502458,0.2989203748223716,0.2620634394498927,0.25531077031786986,0.28961261641290076,0.1782305653173728,-0.16851983257486386,-0.18686108034000964,-0.32490355387188125,-0.1580698110516147,0.37191121587133613,1.3928148010539692,0.22525240077789527,0.44430282864432946,-0.16245762748546672,2.040505349203455,-0.0750591371647138,0.42021776742503475,-0.7969947080028745,-1.2596125751640461,-0.7890845897980835,-1.180729971980083,-1.7970983435166215,0.8915594008666832,1.194345216424447,0.9939033338715437,-0.21630516701989105,0.2599768046255487,-0.628249629696414,-0.7485711533115507,-0.493542500228019,-0.4009900599394992,0.07393556225955597,-0.3587461742677653,1.4762511360805446,0.39461874651550244,-0.3046921070086119,0.07603278351397802,-0.38562012639358995,-0.18998774356973214,-0.24339970366110045,0.7797705112215513,0.930704708591121,0.17327425164031324,0.06607850628623647,-0.3133636529608242,0.8368140212418005,-1.037088704842643,0.7499691091099276,1.2628418706861038,-0.6785790267401585,1.1404583892172768,-1.7909711362563117,-0.5921186247127345,-1.5689666466263699,0.002201109668743087
3203,-0.8198681185241838,-0.8450897896614864,-0.7738008899854383,-0.7888694955385788,-0.8992548429978852,-0.7025629734574025,-0.7981318958805693,-0.820986120905916,-1.087280268755622,1.7226613318194681,0.7171017757772473,0.8234393216370904,0.8854679121146869,0.8968276291740523,0.9360784799376424,0.29449201108023615,0.5044255640249831,0.8087888780589723,0.32489648107640723,0.9360784799376423,0.18756882668965918,1.011606756500446,0.3288600299893324,0.7888587686037554,0.28924999011363034,0.18756882668965938,0.7696178309681063,0.22145132252902308,0.87507166628119,0.3196565434380887,-0.792127172485782,0.9862578224995766,1.1199975929495338,0.9655825354935107,0.6432971874741539,0.3744701922781969,1.059488309045012,0.668026905554525,0.9033018469859451,0.08956801344979766,-0.3197864337137329,-0.2557187247394427,-0.176260317675883,-0.06530771598728731,-0.10843743568092054,-0.3375446029412552,-0.3764611186240593,-0.44595327539260676,-0.29806219844111675,0.33543717348356694,1.1581034161898724,0.47811921353901504,0.2556032538375224,0.11254988531073931,2.0039041231025765,0.004808421473219379,0.1370454285190652,-0.7775377720727196,-1.2803334270747064,-0.8713040572177891,-1.1654302459171937,-1.777627287648097,1.028601370995286,1.2803733269956104,1.0045831597347648,-0.25350594178659325,0.6347945528037535,-0.6752241787601836,-0.6925208493548723,-0.5988482329466589,0.43836976058586796,-0.03836956857018381,-0.8045342131705032,2.0501870994926916,0.24729999429255925,-0.011962263458376973,0.1729078130847708,-0.3361718878869238,-0.218021794939977,-0.2987803812660247,0.8959572418061241,1.068807616799467,0.19686393178457084,-0.03376535132527911,-0.057198013733874335,0.9475572807033852,-1.0925173895245435,0.7332720912115005,1.238203204909145,-0.5239302991775135,1.143045069680842,-1.7895564484382505,-0.5864169512889381,-1.5374870232607307,0.004880051620403995
3204,-0.7653679132470996,-0.7960304455054976,-0.7388816965114122,-0.7233655844779403,-0.9339708361123426,-0.82346839583925,-0.8604240112113811,-0.8903392873776598,-1.1461660364551551,1.7328286732803428,0.8745264339253032,0.9821159152573656,1.0619854726655893,1.0322281984238755,1.0017514739497488,0.15173953760983508,0.6196050155616952,0.7677441190203249,0.42977067340817066,1.0017514739497488,0.39439937113089363,0.8704494900907432,0.4211465208955711,0.8387239782148533,0.3208961295066692,0.3943993711308936,0.23244709469115257,0.4105137295352608,0.40693174934044957,0.4333642046920302,-0.6111487209643598,0.8174823102502103,1.2234614675425284,1.1353060193370392,0.7715658670216193,0.4966137142355658,1.1223976881171047,0.7269847211203836,1.0207225114728173,0.1972247274454682,-0.5678463241900006,-0.4457680205393121,-0.3266125140733763,-0.19579796712751268,-0.22065040986625356,-0.40676859398959325,-0.45208927821519024,-0.49292978179412367,-0.3552368076984521,0.4329082681068102,1.409593478839823,0.860450246726892,0.18163288330353886,0.4701477262224721,2.0595915929759685,0.10255645869689681,0.4025520487830277,-0.7604100069642936,-1.292556150308997,-0.9147688041636233,-1.144501425333753,-1.7585832687852856,1.1963353768231875,1.3954092021191136,1.0314003761880377,-0.28993717634885147,0.40762500573236343,-0.5285214880533344,-0.805335898881817,-0.8932846343430113,0.4574987775589281,-0.14064713364296338,-0.5493496920143452,1.4797865005050435,0.6135879785516033,0.36298281609742805,0.7005572892692217,-0.41635813396820676,-0.2730381313918186,-0.5134110307719452,0.9383724410111067,1.1271499794081123,0.23215864708639058,0.02175420401295038,-0.1427838238623276,1.0013176642483248,-1.063197199657815,0.7228384794332564,1.2198048917938324,-0.3746829672500084,1.1716477745446519,-1.7864461185172793,-0.582943890310753,-1.506566714661414,0.00798956323070441
3205,-0.7081756784315443,-0.7201405376373552,-0.7043072008561494,-0.7569996766005822,-0.7819816229552068,-0.9138336435098611,-0.8504385883479917,-0.9278896937110118,-0.6295257183589225,1.7140505167736888,0.8017092779595841,0.8107002159811095,0.8273335423935011,0.9043889185357271,0.7839644453211153,-0.48799291883614365,0.6550533054517543,0.23722667673298753,0.5119293458708235,0.7839644453211158,0.4550782186961778,0.2547573008390101,0.47381683064801355,0.47834106311670666,0.3573980776377836,0.4550782186961778,0.22985313031753785,0.6435243690281253,0.4266140034940798,-0.5135326238454557,-0.06788371527759042,0.2477358731367669,0.9609539080727497,0.92114995355184,0.6265284407081839,0.40866620075589877,1.0183865211458902,0.623716080003595,0.9662978654827379,0.15304424338204836,0.2947888969852981,0.04512236794941096,0.12697999666940638,0.2111378648085184,0.15414216480727014,-0.1816868482141586,-0.19455921023345984,-0.3348184407760687,-0.17993593798140792,-0.24746418284761315,0.8991153812618552,0.6013533412644527,0.13022891789391564,0.4855803237630517,2.014364281084616,0.04050762286924813,-0.1912338142880577,-0.7553379083139974,-1.2805555285072556,-0.9054868126690336,-1.0896366625353848,-1.7295523351182787,0.891722692130548,1.2846286959825655,1.1269079872644803,-0.3180458405374306,0.6849679298060588,-0.08411653788631444,-0.8195288258787778,-0.7920172690142281,0.5781165331266712,-0.26027546896036335,-0.8789677753399572,1.056525559269305,1.1978232118956964,0.14723836850570107,0.9749372921199478,-0.23052726214185623,-0.439712293652121,-1.7938260524470158,0.46845588166507623,0.6126693100583701,0.27284633718284085,0.045880661337893626,-0.25375720628971254,1.041489085134621,-0.9983033870832796,0.7075615753461334,1.2035472612371638,-0.2887494432501944,1.206348776291345,-1.7840001039294893,-0.5779083496733197,-1.4825655885343463,0.012137902734278614
3206,-0.7169026556349033,-0.7936480525607326,-0.8322870791946905,-0.8593268728147572,-0.550959251258233,-0.6804914245884389,-0.6430255658942353,-0.6672939588286155,-0.7110621822985878,1.7735271189270096,0.6881499325106332,0.3771432447361394,0.25423648796275594,0.5750386005642532,0.3041543668322755,-1.0791603839483135,0.5884194796860154,-0.4431586925007772,0.5437832786021602,0.3041543668322756,0.3405385704979962,-0.4832175089157831,0.4649372442164887,-0.08100332735971076,0.3847081185697799,0.3405385704979963,-0.9285441025289617,-0.6503954529109929,-0.0830997488600726,-1.487232331839971,0.7076290439949138,-0.41182939131469776,0.3667701233155089,0.4512102044083378,0.30451841909621324,0.1852960474217137,0.803842876067156,0.4046175032264953,0.8014144731019349,0.004076696243055855,-0.10363556494548189,-0.16529090221671935,-0.16401101461554207,-0.023019531800998198,-0.03813815687149225,-0.29198992365268694,-0.3150605696983566,-0.41341991073085105,-0.2720164903924722,-0.7225004396776955,0.0685967093056259,0.9042055922574278,0.0770337860245252,0.361391489179797,1.7841399955912423,-0.10934990144274236,-0.9160564044144213,-0.748231926511762,-1.2642082892469084,-1.0205073176035295,-1.080556183950626,-1.7053137604807367,0.49925990425252387,1.0401995608105956,1.1051657826473005,-0.3498980477237648,0.14332435559931941,-0.385582943512833,-0.8068492677140602,-0.75947006791799,0.5521596210374288,-0.2123611798751922,-0.2570808485886254,0.8732184504177902,0.7978651711555881,0.1064270760659006,0.6550165793151687,-0.2602666570066094,-0.32922491054826725,-0.19781011301164403,0.5318747472308157,0.7000174744592441,0.32343560180356473,0.07715649608018066,-0.2962967696366958,1.035395329720037,-0.8775853783173582,0.6926668410801085,1.1849037409237897,-0.19363884624688293,1.2300405830908054,-1.7824971814902466,-0.5704013898227025,-1.4578012757279089,0.016898081414899045
3207,-0.8611876800117215,-0.9184583477069577,-0.941884767962976,-0.9751974327995477,-0.5452405518205878,-0.6396911212309416,-0.6273056836526625,-0.5542050612863338,-1.1746884813457668,1.9372291103799348,0.4114833647054229,-0.045394284074928404,-0.259354237749822,0.23315481719613174,-0.25713647552118457,-1.2598134281848878,0.44837683534071576,-0.9323780691145219,0.5168167729046549,-0.257136475521184,0.10521574120234038,-0.992097875956854,0.4018419604037402,-0.5736503163446822,0.3931482035927597,0.10521574120234067,-0.8167209503899644,-1.107398496853786,-1.1306118980977158,-1.2207364874392028,0.5410827317801278,-0.952195583622322,-0.2416170620758523,-0.010026423548877119,-0.03612396019847006,-0.06003914763850369,0.572819509437835,0.16829855414628397,0.6087708335626795,-0.16736456794453972,0.46188391507980187,0.2122866849012077,0.0888478844826976,0.1955847181542246,0.20268652442556936,-0.15275192490364667,-0.16339347246415667,-0.3160194219691665,-0.16457880005931694,-0.8316748762696605,-0.45585614047862943,0.6808587031828737,-0.09792770885802514,0.14413033357845387,1.4855972970270666,-0.28852827306351314,-1.3553161539674323,-0.7424620543266849,-1.2535940539601138,-1.1204742285904663,-1.0545411403083704,-1.6877801135795436,0.0005978350059676978,0.7795914756711071,1.1469869547157914,-0.3350080948326207,-0.45732028900265226,-0.011904988259038714,-0.7800777304349203,-0.8720563294865629,0.2319625777258056,-0.043603438581059834,0.44559478818227877,-0.583943725974802,1.2248710117666113,0.3674739538895322,1.1469389292436594,-0.506363204502517,-0.22810099255468574,0.6731365913834682,0.9513557653105114,1.1653214042860918,0.3083429061028856,-0.06458750691197722,-0.124838171313649,1.0283478123822185,-1.0034876445186949,0.6558905594178673,1.1583086093841002,-0.09223043588464344,1.2214819503420125,-1.7799310199597727,-0.5568538060851036,-1.4298317933998834,0.0211945824647925
3208,-0.9668072466785156,-0.8224189808116765,-0.8946532072644667,-0.7991915391150386,-0.5009900150833623,-0.6653669889113197,-0.5871693288084737,-0.5115387526368393,-1.1807623062465726,1.8868593473322104,0.4695415720510486,0.48880100584187525,0.4095018133722754,0.6615437255258104,-0.05950012272708849,0.44469768787280034,0.4824543786389633,0.22715331415742396,0.5105693584005687,-0.05950012272708803,0.14258471864989797,0.15747050246019012,0.4239461121922989,0.20037590869846192,0.4045947732029302,0.14258471864989825,0.3259146369688575,0.8313686206448098,-0.8548430627355595,1.7986346138541975,1.2027715890353161,0.12297741426680311,0.33301578133655463,0.5102954084624637,0.4229264940764752,0.3079460587511729,0.8253326936432644,0.42296842115182365,0.9055672675298251,0.10992944732269055,0.7019469075781942,0.4928665960460168,0.3938846623622299,0.4001680337998143,0.4279914828062891,-0.011655554272361849,-0.01985705032074667,-0.22236487285824685,-0.06030160906923408,1.2322571436966239,-0.0749145543174061,0.8134379914521631,0.31855440155502984,0.17665324005570507,1.916347710145909,0.11045628319361192,1.386889851059949,-0.7302203205435237,-1.2315165082419834,-1.2369969508000564,-1.0446216213486712,-1.6705842758525427,0.5985447563256037,1.126125080867103,1.1441686302377239,-0.3052609173710873,-0.16936918510990306,-0.28207574235623734,-0.6333101949138993,-0.9268443905239224,-0.2173156215061438,0.17452957107965564,0.1182008920220091,0.2758994082270941,0.6522891386908913,0.7191950880525217,0.9726736096663389,-0.7666931660121697,-0.30141482014378274,-0.3296297360561344,0.9658410878730752,1.172559256796686,0.28064305554172536,-0.012583704355590468,-0.16440303438791062,0.9965427978213492,-1.1208689606538091,0.6156754911269806,1.1575823193267474,-0.060363157437432126,1.2028037104930647,-1.7821801324800512,-0.5529105374417475,-1.4054349830459236,0.02543971173743382
3209,-0.7785881364225355,-0.8398654677678864,-0.7813496505009926,-0.7907122264278594,-0.7565110960572016,-0.5296555178773222,-0.6662218881593412,-0.6808030474112244,-1.3788048686567174,1.8865349224211434,0.5963599505400727,0.4937996923428245,0.4166946263652592,0.664234553520856,0.02007056007221659,0.17909163981352025,0.5007088916835524,0.12128037700057621,0.51268620487159,0.020070560072216845,0.15581682349503606,0.055604693681066644,0.43978909556198,0.1431501739814051,0.41711543251689825,0.15581682349503645,0.8134352047583926,-0.17408668263153967,1.4865956516900465,-0.1373091537423224,-0.6253404638614222,0.2566554198338125,0.20751660875215772,0.38625357411749073,0.43579943384141,0.32211645844500203,0.7986323870700915,0.3951743418954137,0.9213905757042332,0.12940146186707696,-0.9007378993170788,-0.5673755474488771,-0.5078130336352447,-0.36503813893959486,-0.3076991749995018,-0.4514723948214882,-0.4619858141848702,-0.5220958965043795,-0.4005064046687147,0.03934719212769622,-0.24485319749074488,0.8677045399056663,0.5074362590902572,0.030718421281635253,1.7593056523720798,0.12268962815342713,0.031088236131712892,-0.7186983797118357,-1.2103685396556267,-1.3423369025008467,-1.0078457606784739,-1.6196114956001206,0.5081930851088934,1.0626385185916036,1.1284611257858115,-0.22574841920140995,-0.46292267078875093,-0.11538899971479248,-0.7434431853465535,-0.935835110905467,0.44533459251457835,-0.2156887789273915,0.48033591023202754,-0.40764725551105796,1.035999713368886,0.5562893324073217,1.13808053787678,-0.3720228225643891,-0.17455930475384251,-0.0376385070649954,1.1676886968528404,1.365279159365204,0.17845841525037143,0.02068509777337242,-0.20446984642763116,0.9676392442919712,-1.2178990800189216,0.5880061262881546,1.147891296409833,0.034311780451171794,1.1795637015087999,-1.7813032062408354,-0.5506626552134231,-1.377836920391662,0.028271330328522803
3210,-0.8042199446556502,-0.8743246898916043,-0.8093964987716872,-0.8703188213230919,-0.651824197490985,-0.7995495181142481,-0.6564143817924379,-0.6578511504424599,-1.28986838962317,1.8816479346682695,0.6431754379290813,0.18969168174063733,0.0360547142828553,0.4208713965093636,-0.17796046311801453,-0.44541352250063493,0.44266361926140524,-0.3883194597153164,0.49413007412940674,-0.17796046311801386,0.05077631185659267,-0.4427410925948055,0.4120536403697405,-0.2536240972538619,0.4212402055468885,0.050776311856593113,-0.2235367866310625,-0.32683167138793995,-0.21916864688160065,-0.710643650375133,-0.7111171217872915,-0.09163019384572191,-0.19687378960186236,-0.006691748530816383,0.21561743533678476,0.15151465828793828,0.6302078274525551,0.2241182620535927,0.7916482598139335,0.012531037049342563,-0.9469439238281123,-0.6642824963218052,-0.6036174882749662,-0.4716644133420833,-0.39986890971528594,-0.5073180496662437,-0.5207320940221889,-0.5611961983652021,-0.4456846198261874,-0.5752781605995303,-0.3874492952374474,0.37768820043801915,0.22578401349798888,-0.08235448109415706,1.457717822691862,0.059883053274466004,-0.5757175252228944,-0.7143854101157521,-1.2035109767868446,-1.4518599831914922,-1.0003166845661102,-1.6036582584820427,0.200967779854589,0.8800256583587127,1.1207351051862913,-0.2711395170285091,-0.3775655630359558,-0.0393466371158091,-0.577602939192293,-0.8454571624158868,0.2655928322660991,-0.2940185922348524,0.36929712849466034,-0.4294321353481174,0.8673835912804132,0.6633134799542443,1.0884733245580398,-0.2345443139464133,-0.28996922690585036,-0.6676720133748688,1.0758397715436177,1.2786842073212905,0.23365331675286893,0.07324995897667594,-0.2578093049302261,0.927756762009931,-1.2017885375784625,0.5606213115041287,1.1335144603935203,0.12923746103428904,1.1485688736167345,-1.7811314247736019,-0.550343292090937,-1.3550741128006865,0.0320250646830061
3211,-0.8744712896670246,-0.8698294705430324,-0.8052888741957,-0.8195500941674904,-0.7080855855579423,-0.6737867420313387,-0.7516037611133154,-0.633180064538064,-1.418319017229973,1.9012663301100479,0.5651271392141588,0.3344619511045274,0.22418588228540853,0.5338272527667769,-0.14359549625334045,0.07732768095041051,0.43522519588425174,-0.05063664681003713,0.47920388988043683,-0.14359549625334014,0.027850841972686596,-0.09662545587094842,0.40739072391890985,-0.043837029964206346,0.42355117455502705,0.027850841972687123,0.00987360464281885,0.01788883955660995,-0.5724521294891357,0.5768172348302755,-0.7103587064436383,0.1710480894446911,-0.019841519212198396,0.07172442416524993,0.33844730302454495,0.2624539210290602,0.6773632009429662,0.2720162580406203,0.8810614589000473,0.09839147610567706,-0.7583033699312643,-0.5719375171261415,-0.546217651200662,-0.43608759619088916,-0.3626058485392072,-0.4893981129470504,-0.4931816604534089,-0.5496907219766812,-0.43316594351611093,0.3371028776192097,0.07476476135626849,0.11321891133989107,0.7373583109015914,0.10003982265078631,1.6119165317812425,0.06507759350611426,0.2645022455930347,-0.7069765133228264,-1.2054123455562553,-1.5493648319567348,-0.9928642676132752,-1.551467970692288,0.35960570216451193,0.9012051549314771,1.0192062633454222,-0.2809173054091703,-0.23405395959705036,-0.581434985019258,-0.7690283285881316,-0.7200014110708934,-0.18359269729662242,-0.23846495997824246,0.19977595223550165,0.7199111545070402,0.49357725200249425,0.09664722144056999,0.42711193374515416,-0.21230964225250815,-0.2455018448687805,-0.1630838150777015,1.189483753974194,1.4064225751738453,0.2395866679965173,0.336880036747557,-0.3959841026559469,0.8946351176894854,-1.2954599645675975,0.5251065717178753,1.1271608131813606,0.1973351744589605,1.13006382026499,-1.7778381733959525,-0.5469140989770797,-1.327102927013111,0.03554111856023867
3212,-0.8899120404406151,-0.8167699865972062,-0.8191405068524794,-0.743254526211969,-0.5387984612839304,-0.6457080363466511,-0.6654112767507936,-0.6616305344995954,-1.200053784248195,1.8408120978663645,0.6218877151499169,0.5559947232161371,0.5055111240063695,0.709996121122415,0.048261087361464984,0.43166236523397383,0.4791516316866313,0.29221557071951954,0.4843627536715467,0.0482610873614652,0.08754089579067346,0.2514827016740751,0.43215581559997157,0.22379243313263406,0.43065989925054665,0.08754089579067394,-0.12161000719320497,0.45340978070065424,-0.14495413925735792,1.5612715639616956,0.20985351076267467,0.3547167733246383,0.25473157911501354,0.26014523460521405,0.5191967558658649,0.42410575140218976,0.764652488703816,0.36897779413943715,1.0128065037277452,0.2257048347312022,-0.25440293174119266,-0.334249544137466,-0.35864129462181177,-0.3071356209721423,-0.23890953428399192,-0.42078459549664216,-0.38920323755357483,-0.5054082269806836,-0.38351313191309155,0.5160598645457275,0.6778373085328834,0.16090668731369703,0.9288195974027292,0.24385865315725824,1.729481332886031,0.11879443954045944,0.6958671541769744,-0.7014731733645323,-1.197357672534776,-1.6094752668580719,-0.9854709760800594,-1.4888368974308712,0.6105413753814061,0.9543708774684313,0.8906130846946214,-0.3154791560735958,-0.5283820265491623,-0.6693597776312283,-0.28660357001468173,-0.8764988825964644,0.0479609201893621,-0.23593300216153426,0.5333597372727649,0.4869730661119858,-0.3843548709868244,1.2155220962266802,0.5563010099350689,-0.315462308753941,-0.36824555931610475,-0.9293111843338574,0.9841265568862835,1.1915696134013325,0.2883959130502414,0.6061686901060963,-0.5751799350178596,0.8092268871601463,-1.359453126438031,0.4841445601134018,1.116712729330886,0.22422991765254333,1.0941616618212084,-1.7721327381198992,-0.5428036680606498,-1.300660667358373,0.03952105906288836
3213,-0.76599841106874,-0.754638544048589,-0.8146818207468122,-0.8694343139620783,-0.4310621907117912,-0.5706063123018341,-0.5336601815716575,-0.5174178919591226,-0.9607346211977635,1.7113626558976882,0.7451600328755792,0.08290368784237465,-0.09157375908022308,0.3330841992037889,-0.21957773788579796,-0.6038304864902327,0.40251808913247544,-0.5117363069706936,0.4614319982848317,-0.2195777378857973,-0.03918626791404612,-0.5354592943881122,0.390986706737066,-0.3750409386394621,0.42760974573933913,-0.0391862679140456,0.012601424860661318,0.5362435029799749,0.9682701957050883,-1.0981572548602303,1.0051656209304447,-0.33070608354787867,-0.23187018348463428,-0.2210104171213126,0.1493141265576543,0.1486474919679115,0.5194298177776704,0.13420180518429514,0.8032066241951371,0.03624854460014724,0.6967768747117715,0.017913408460225662,-0.027123949431578906,-0.09408918557981653,-0.0193431185227854,-0.2898783324735252,-0.18455597357373935,-0.4186202932546105,-0.28578055015481535,-0.8967643070434219,-0.2598689688767905,-0.24595397863220586,0.46423254706046424,0.1372513196325689,1.459515403027764,-0.162983089712789,-0.4974240472682826,-0.6973758535802923,-1.1929711936751215,-1.617681180199378,-0.9781355580550337,-1.3424774199323868,0.1357227677433809,0.4498542257328622,0.5541825927539535,-0.3356977352411924,-0.22657683360026534,-0.6740046888436847,-0.004591680810482676,-0.9049618109489849,0.27091754864007406,-0.2930670612620152,0.1769634057813543,0.8941034770832993,-0.8382230715656623,1.7400770186901455,0.5916712342142679,-0.27593331856318165,-0.39278421355987986,-0.896866742610791,0.7627240863221363,0.9540391629584948,0.31760661942451945,0.6813920225825161,-0.6347104475252695,0.7292600646274311,-1.333780712922071,0.43288399392347093,1.119343954441728,0.2387428436233647,1.055642403617849,-1.768830162868481,-0.5360760278960497,-1.2727734959769552,0.04317506489509534
3214,-0.8469148126372832,-0.8855250937193934,-0.8441527044999348,-0.8895902169838171,-0.4616595828621253,-0.4209316869520089,-0.5626886673190731,-0.40199188857610557,-1.1582381241388577,1.8036229039243792,0.713543242873584,-0.005971076057053059,-0.19823128914312377,0.25899339994896214,-0.382256052735831,-0.3673763166554043,0.33076823558919705,-0.4795312882777667,0.42146358944128104,-0.38225605273583024,-0.1536021586469006,-0.483319367776499,0.34491574456337604,-0.4197024210326231,0.41539208376134795,-0.15360215864690024,-0.23777434390098282,-1.1744247484944592,-0.6543970307655336,-0.4713023666981055,-0.3853083760462801,-0.336167017348837,-0.24905102911805263,-0.28279184985299527,0.062037448506799646,0.08989569383938956,0.45148067314974055,0.07817896874568844,0.7749632855616302,0.011742106762295411,-0.3385841346976761,-0.5402304094997047,-0.4851510868237115,-0.46596536919133713,-0.37492065800353525,-0.49748011613203824,-0.431072426615697,-0.5586714363817892,-0.44566246266605686,-0.1663928428315064,-0.3484303277490363,-0.43805376547408764,0.45208658485152986,0.24968576843329063,1.4461374221062318,0.016060022140768213,-0.4584440464378413,-0.6940704550792799,-1.1879204843026967,-1.6583116251508823,-0.9916627315356792,-1.2865456949927112,0.10922662277274528,0.31893604397963904,0.38655760300296244,-0.2961174182175807,-0.3384898468192345,-0.39351167247831514,-0.5211195193305909,-0.9042442962065284,-0.11618365455223105,0.004379180841221853,0.31741993561300924,0.24953079104014728,0.3340373932299499,0.8718785839857984,0.8482609360169238,-0.5824243902991766,-0.24944405094067879,0.1305244225377771,0.9498353604780553,1.1515176146015877,0.27402783415213133,0.7195781173858227,-0.7330562276327655,0.5820068206008896,-1.3176679229742163,0.40949489597270805,1.1219976673999958,0.2817114881856645,1.0251500590021385,-1.7745065353143117,-0.5362567731420456,-1.2583235842418485,0.05058947253595448
3215,-0.8887310278842809,-0.8907357018336117,-0.8399216376835995,-0.8397928414191835,-0.31877100670584363,-0.48504716512696766,-0.4145218987709492,-0.3150717760090806,-0.8771260900648882,1.791357416991546,0.9452748774076326,0.15077381638820875,0.015187626020987091,0.3767857052798005,-0.30282364354198826,0.17930485365921658,0.316196181948722,-0.09758222765840438,0.3898015347982404,-0.3028236435419876,-0.1723317786996384,-0.07917114935483473,0.32631129953834476,-0.16981114670983216,0.40166896545589414,-0.17233177869963764,0.009807136549093013,-0.06977720694473376,-0.35822001887562027,0.5256758831336432,-0.5208952108550134,-0.06699339963870712,-0.008861778458317864,-0.08002215183797956,0.17234491131298055,0.17600253465035887,0.4985480992106813,0.1429013285706007,0.8657878989237289,0.09741892694758202,-0.0702873146298056,-0.2961552328004006,-0.30214277161217945,-0.3522113698619168,-0.2633401797883808,-0.4324818760676259,-0.32705183148009137,-0.5145492087379263,-0.3979122451077469,0.33511473070227826,0.0476319004997832,-0.25117431353024766,0.3158484783129296,0.21260975236461455,1.5296855782232452,-0.021485091019061053,0.37362206953654437,-0.6874497214427081,-1.176601700916109,-1.6952280963360062,-0.9843198072384809,-1.275747754557193,0.2656535308295871,0.4042570379087189,0.38404651179034904,-0.33247075632766687,-0.2699106663258423,-0.16332672514483557,-0.5936542595222408,-0.8990920292168902,-0.14241527342879395,-0.14638840458099342,0.2282151064011122,-0.06756388540945862,0.7372942327770696,0.7420881981476284,1.0518146472966974,-0.4245442301091363,-0.39889376866816684,-0.9107048448223749,0.6852545479853737,0.872767302470574,0.3227278690379814,0.7707363541897106,-0.8395650535374688,0.42099305696902467,-1.2172789715911323,0.3900171513916848,1.1075111629541061,0.32613257193763484,1.0302245289821776,-1.7734217930591614,-0.53653598252697,-1.2451737323667542,0.05601395421352491
3216,-0.8825935878811964,-0.9474661491231969,-0.8804008200236784,-0.9294976529322243,-0.14426727959609217,-0.39451688126187046,-0.2970490981617823,-0.21647625226208628,-0.19583405549532432,1.6624972814265946,1.1980861290734068,-0.1803508271728714,-0.39466328048113397,0.10818555437698921,-0.4767356921878324,-0.39321333899024274,0.23249906299731207,-0.5589888145366705,0.33990575823628266,-0.4767356921878317,-0.29249301262470084,-0.5077390922314606,0.26795727666583735,-0.5308170564826574,0.37830599128412046,-0.2924930126247001,-0.3227176854243543,-0.5377471858273835,0.02772316654249338,-0.5254123863544551,-0.7444219390402995,-0.4890682784859706,-0.3548704333284716,-0.3570371566202275,-0.12246329815622511,-0.03507176556580441,0.3152504201525624,-0.020683698681496977,0.7174798627680362,-0.037975419676502094,-0.08940411068884398,-0.23577313440365283,-0.2763932253544974,-0.30649714594145644,-0.25098421295481527,-0.424775650478523,-0.30224028782121787,-0.5091703552184368,-0.39307813482562454,-0.6627481372429883,-0.3867892903245936,-0.2305983650244057,-0.14102827408564342,0.4204626296339821,1.438633237582751,-0.02685301468722045,-0.2631922878725364,-0.6780225171586851,-1.1683688974171487,-1.7685437102582435,-0.9740535038893536,-1.265083731265364,-0.092457802444894,0.20903814234364854,0.38954698104447355,-0.36299685476789995,-0.5282877979917202,-0.38433571266163685,-0.7189282783152847,-0.904496815443417,0.009350422279378563,-0.12952300626527552,0.5210861953037241,-0.017914540675232103,0.6591217631439291,0.5458014522656666,0.8576797932890641,-0.4460721336502294,-0.5161093178235342,-1.6608959070400584,0.06514338486947507,0.19305658634130224,0.3677312197359031,0.712860980557698,-0.819227168930114,0.31504696329452614,-1.053916082302995,0.35158422444281634,1.0929606570214643,0.36237690533674993,0.994258345585587,-1.7758573329429388,-0.5442951157663357,-1.2360259445503028,0.060747630444405745
3217,-0.949602768802629,-0.9493074056862975,-0.9343981827865514,-0.9115121745805956,0.01599459857075123,-0.1957647957957417,0.4835670620656645,-0.02274914125030714,-0.09552433457248113,1.5577034774336265,0.9676214567367998,-0.13473832858411147,-0.3289691845331188,0.14035992557270313,-0.4641408197063404,0.028330399327396866,0.18799370497617124,-0.2979641027622825,0.29134092882676543,-0.46414081970633975,-0.3439583546439292,-0.21792265370545216,0.22647759920259217,-0.3778195775497759,0.3508165583369788,-0.3439583546439284,-0.42943649592167427,-0.04352858352477228,-0.5715635001023789,0.4129049401150081,0.002214771707154823,-0.17240450468605806,-0.3072561347821976,-0.24263051486843057,-0.12409783363512707,-0.012613044359715777,0.3101740109731917,-0.0007833742569654196,0.7514346298262413,-0.003082212556284012,1.6005632259447786,1.107769409675676,0.8978155371608938,0.5685029469158881,0.5368073477884417,0.0515391936853444,0.3475148637679515,-0.1911644292350576,-0.03638912302696975,0.10591735412302097,-0.5615610201959067,0.0791894092311655,-0.20725137403271968,0.48831763482260987,1.503273332616344,0.11105275690345236,0.4430465994546722,-0.6735560853135217,-1.1599198735761111,-1.7784162924660833,-0.9828899578061324,-1.2545780171426937,0.0023797572944703207,0.23052602905627642,0.34390410893043777,-0.3544720303542069,-0.24740514571136424,-0.4088530338627436,-0.603088720608779,-0.7529231552593685,-0.10452653446523397,-0.12124993226063456,0.19631361478497297,0.39716030257074925,0.44500701432073686,0.44767867314451687,0.633342473546883,-0.35794689463293744,-0.3725218171319818,-0.17801731126380352,-0.022525108576481694,0.09629224304947902,0.37092424339311836,0.7086270120977942,-0.8467013275863166,0.5353588425659325,-0.9722544824212617,0.3170206938551428,1.0909423767854827,0.4172805496098461,0.9403055591773334,-1.78251946996734,-0.5533232271568259,-1.2324418474128083,0.06742821873752625
3218,-0.8959850209562499,-0.7301565547967213,-0.8371743478960909,-0.6517833498547361,-0.18051277209123134,0.06040860947123771,-0.11846478112338675,-0.056556561281275536,-0.8649720095983711,1.6657698306806734,0.8333884874372002,0.7042158484355872,0.7305959160197494,0.8075896310467061,0.23006247816061787,1.5645704186947065,0.3527291069214061,1.0967928433617673,0.31560441610597234,0.23006247816061784,-0.06582671897683941,1.1746115392466565,0.30586298119780675,0.7190230102588713,0.3456717576934404,-0.06582671897683899,0.7132675029252373,1.9842223596955801,0.419535169597463,2.6556359404788816,1.6793936565595071,1.176767118907809,0.7181948243149161,0.6824637519387734,0.5260343870654012,0.5289416602074126,0.7018385475692167,0.4225122249927943,1.1965502763818678,0.41561332618534813,0.8039847382779327,0.7680953893706383,0.5162654386402518,0.315883174009239,0.2946055575776856,-0.0813405794182771,0.17752152849767383,-0.27807043132580256,-0.13551616857015614,1.8514376430793287,0.6334025904581172,0.2798368783056587,0.16815076603368026,0.7120520805311025,1.7834649293844314,0.45968652478089794,1.5248385512977287,-0.6357751906908197,-1.143344122149539,-1.724049606331048,-0.9759743639515778,-1.2442300216561657,0.9267952049005667,0.7414167560948606,0.3408998209207168,-0.39014361622266747,-0.0370017227028563,-0.6554881980801212,-0.5226525627287911,-0.6596606964669844,0.014029221384955218,-0.2669483892981693,-0.05788603078585487,1.1111377160060998,0.008739217183936417,0.4025385682566458,0.28400723109976134,-0.14856115942982515,-0.2322679430769672,1.452833864060564,0.6546876263550521,0.8638608621952535,0.39333958232859917,0.5775709923966267,-0.5227507622434664,0.24857383622726367,-0.91378826836955,0.29167119703701433,1.0828108263469605,0.4675867201569626,0.8979380254790695,-1.7858422599277182,-0.5611656840903185,-1.226259780337146,0.07417544586001788
3219,-0.6946623246577165,-0.687344645159586,-0.7152747116726538,-0.6987762271908552,-0.04094260170797366,-0.3121593359265084,-0.07195640002620174,-0.17817921296478142,-0.7639055178755176,1.6679336156836415,0.4651129680731607,0.5122685163279868,0.4844541678034381,0.655233301009631,0.3535695242703852,0.2776419461603145,0.4140592080172968,0.4064011410444827,0.3528681115818774,0.35356952427038507,0.04652289710434297,0.47421575000135263,0.3436418887897221,0.34064017588231543,0.3495734468223002,0.04652289710434335,0.8911017548216909,0.3639404724371314,1.6289952390113516,-0.04684974867708137,0.5348235929246787,0.6470396280538493,0.48514795632615676,0.4174686836435442,0.33072676901256887,0.41577117439735684,0.5857208523582871,0.3328568982578565,1.115903315078134,0.3459390611478112,-0.5111606775987522,-0.13421176973213708,-0.18063207427638836,-0.22840880266765232,-0.20107310167113293,-0.3801716541231741,-0.2161232330074975,-0.4770558139389902,-0.3607739194777599,-0.3428317519609982,0.5532898618959906,0.1517412938790309,-0.029418784760743992,0.6608566696805365,1.6829575767000173,0.4129489358574061,-0.35606527312751896,-0.579105393699105,-1.1502183267004256,-1.648175521868533,-0.9596296638109384,-1.2340299524340355,0.7036544582223044,0.6340740622835157,0.36376485169081946,-0.14420374902754848,-0.21857125787593423,-0.6380523231642753,-0.7609848149394869,-0.3603594753577164,0.5020775210754348,-0.6523832562639164,0.21721156561176466,0.8428931738790356,0.40973292578430986,-0.5785057006279524,-0.1007209214125895,0.4404071933507538,-0.16469781862401914,-0.2407046008590719,0.639742697636336,0.7658552552960148,0.14732735176968978,0.2937849555119825,-0.33851988180392556,0.10341834419254704,-0.4947570510367808,0.27752351012241677,1.0531772576038754,0.5380608406868319,0.8243758440577691,-1.7872606774304822,-0.566906493166256,-1.2168054975879286,0.07819599462019257
3220,-0.7476575793991577,-0.7159499432295953,-0.6866169772452637,-0.7124896157646357,-0.15257722392995554,-0.0701873803305984,-0.13217844733384,-0.060119286998585125,-0.7351243744365528,1.6750607435548746,0.24329589864786832,0.4411441211991198,0.3934587552474264,0.5978872077326364,0.3007107433877148,-0.11920184185039347,0.4341380064301627,0.13217655113954202,0.3846346088755939,0.300710743387715,0.08777938861445324,0.174221003676667,0.36300311501512167,0.17359870784032547,0.3568076016098369,0.08777938861445357,0.1933632914596181,-0.26892520170629347,-0.4385871107783823,0.37388348616763745,-0.25804141103644695,0.4048603950159593,0.3627383626048229,0.3388246364048322,0.24604820667258295,0.375034782261193,0.5285701588695846,0.2980554649239637,1.0893996083780035,0.3293382069937929,-0.6303150125528462,-0.23247409956826576,-0.16372999111241493,-0.25921508576762164,-0.24893902272129423,-0.39152897947934134,-0.24198376575430908,-0.4925967760269897,-0.3802898437347655,-0.11365373619905829,0.35344219569070995,0.3074037087212844,0.00464012926200425,0.4425066659351146,1.461400095689873,0.2467558491958384,-0.14570470833655727,-0.5410554610221147,-1.1486196785087395,-1.578368218684942,-0.9530001985144351,-1.2239491462316785,0.6340724235512185,0.5932811919106818,0.36056269071521135,-0.18334656867339272,-0.3099995789071089,-0.6665695708912953,-0.7077253253763292,-0.40408978969205167,0.3926334091565747,-0.6694134144300202,0.31358649373620745,0.7730601414619368,0.28966822259528174,-0.40522912361602315,-0.06865188129954303,0.43027177134453926,-0.18736086781206793,-0.1560944504548095,0.6022840659358061,0.7342042566476178,0.179748443965607,-0.02303211314231562,-0.204237913103509,0.00593753273163678,-0.31865459275807273,0.2871152509493901,0.9866765833336724,0.6479405925156911,0.7194749965045376,-1.780168739953916,-0.5629240643192542,-1.2060488291956861,0.08115010639298902
3221,-0.7108450064532129,-0.7542644942687157,-0.7919305114236023,-0.7920330540720267,-0.2536321268257698,-0.18741056185805277,-0.08736075045624014,-0.10447692011886868,-0.9949081167312277,1.8376678522125731,0.08186982774508787,0.12954547233765687,-0.006165866375828796,0.35089226869898343,0.014533496602985911,-0.6454249424171349,0.37761537686339663,-0.3778448934172698,0.3863988252303174,0.014533496602986114,0.0046518202587051164,-0.3510275267020147,0.3383857832923002,-0.2251340598301079,0.35738099452185235,0.00465182025870542,-0.7899317828181932,-0.3578201223445184,0.2788245210514069,-0.8696518115557965,0.7000558747406975,-0.25570549241389995,0.0190059492271751,0.036696248626243315,0.012143190850139957,0.19100440011332998,0.3620756638771561,0.15579354818441454,0.9520693620167308,0.2072518585665049,-0.2514879141967506,0.06172759515134098,0.1296187323588286,-0.02187992497765761,-0.04492527443327329,-0.2629634287138342,-0.06421853821287415,-0.41081891915891205,-0.290015645038227,-0.5785229075728069,0.39060878813231553,0.0017478010539029541,0.042022984387379045,0.06762763020231742,1.5048975644992169,0.22688911051975405,-1.1136871771677104,-0.49204889326053014,-1.1654541796055131,-1.617509614214299,-0.9464189642333041,-1.2139845409461458,0.3246252884243466,0.41920060955974947,0.3573633349490617,-0.22942913613992394,-0.4697710616041472,-0.617210863217395,-0.7272084819455037,-0.668119325282063,0.05081843874389968,-0.49258235819449947,0.48775368328937957,0.4751711694757355,0.3832985105033405,0.07316689259738618,0.3298655697428134,0.07873809307095433,-0.16896200538629097,0.4246423679344388,0.82151038182756,0.9925199066168484,0.22020577119577403,-0.6226757205371551,-0.05368019176454135,-0.025694953535337284,-0.22192395420642816,0.28460564237333313,0.9287903416105046,0.7404890325292004,0.6089872274211119,-1.7752206071090813,-0.5594234283811056,-1.1940134446892117,0.08467210925246671
3222,-0.7970090266707704,-0.74868223985258,-0.7538184381763795,-0.7759488097376339,-0.3567186473728261,-0.22230863079577684,-0.2862326702283474,-0.2894111219573707,-1.0153247106550336,1.815968500882827,0.04813687648073028,0.16743830344594662,0.04617475170358589,0.3782957883988125,-0.09231072132981738,-0.24129033496421046,0.3465997938361707,-0.20745697695356202,0.37691312446117387,-0.09231072132981713,-0.039974215990504165,-0.18870048691889296,0.3219911173545487,-0.1501015047766927,0.3543671328888716,-0.0399742159905036,0.2646633336475408,0.03236314435227068,-0.708539650845779,0.22526965558422493,0.23629090746883036,-0.32273543672427013,0.10022356882576665,0.0686501925190513,0.04814499672319314,0.21284342152340507,0.3544982175007213,0.17309665066738544,0.9786067495577004,0.2385124628949142,-0.6232422027237682,-0.429845420031777,-0.3501315773942075,-0.33270986674171665,-0.3379143191528846,-0.44199778614901014,-0.3096126094886365,-0.5291171350347429,-0.4232586570131092,0.09522906568764909,0.3860170324958329,-0.1358913808220307,0.2828315643659268,0.008457020035109307,1.4660911202408495,0.125966298828725,0.14984990867568543,-0.46619338833197915,-1.1663788198450749,-1.6512046241187994,-0.9136910468131646,-1.204133174538532,0.2731932028523842,0.4383683516271298,0.4255116275614555,-0.24248611230248548,-0.46268305021038914,-0.616909532169527,-0.7491479393715511,-0.8446009076954698,0.12153961033675863,-0.4465102820406043,0.4761157690344805,0.48428550016896527,0.4192953241851012,0.37942421584629527,0.5671800848913542,-0.082743950909988,-0.2349916976206464,-0.1896492051604108,0.8364184303866617,1.0104942678357889,0.2260710701806746,-1.0116106396680815,0.06522607400885007,0.012415471188145406,-0.18705716605247588,0.2379516199313257,0.822352023278324,0.8028365941631668,0.45704331018553407,-1.7659636263773408,-0.5509457827560051,-1.1828931194758374,0.08859343374472967
3223,-0.7942830054430331,-0.8149231767081296,-0.8025746688797888,-0.7596602515884358,-0.5025776520623204,-0.2891502960459734,-0.21382894271795894,-0.3648105525596384,-1.1887525395056693,1.7811915497843946,0.5379465556855597,0.20846360063866037,0.10419585434049793,0.40738033582167865,-0.10797044922938252,-0.03515231345814257,0.3324822931282361,-0.09441018206964223,0.36571982554634463,-0.10797044922938226,-0.05760407988559361,-0.07471350210972715,0.31237089526446016,-0.0881525188354246,0.349914504477004,-0.05760407988559296,-0.3816490372343242,-0.614376124406111,0.0028591715835055457,0.37540847381612646,0.00827103212640866,-0.09067122276523686,0.12357327371384179,0.11249886573401487,0.08972509402264481,0.23006815757451185,0.34918431993718857,0.19492092219098742,1.0042131711003577,0.26876471635181304,-0.20543681511248676,-0.31102735882015986,-0.28125694006747354,-0.26571038211058046,-0.2922094468696766,-0.40857524863017725,-0.2579145197696539,-0.5080044037685879,-0.4011334121360135,0.09745394107223229,-0.3699430547041121,0.19561826826083903,-0.004791383096544378,-0.04224732678199622,1.358209451943722,0.04253075087424387,0.1973895398980208,-0.4614836060182213,-1.1575477894788384,-1.7118894327290006,-0.9070712885927495,-1.1943921806683488,0.3119395788373649,0.4580065937525837,0.42308412899493625,-0.28634032620526406,-0.46499958378671946,-0.5088637552862167,-0.7295571658301562,-0.8158804426486583,0.08387643318346148,-0.3311040158680662,0.4674705215026233,0.28945784832820926,0.5245917820386304,0.35701823068244787,0.6280425328320893,-0.1837643267450703,-0.24275510624296096,0.06983199218638692,0.9795468408495194,1.1810633737825686,0.26083832893889064,-1.0916517008037605,0.06921176099299883,0.10400289746373288,-0.16178229724044152,0.2109150693078455,0.6950222271675096,0.858109723684753,0.32378927539797897,-1.7546290012305148,-0.5454893243959491,-1.1693999897393161,0.09279851242688765
3224,-0.7579291851116288,-0.7307181751352914,-0.7054498128811386,-0.679479801702444,-0.26718624963178456,-0.34535046186668783,-0.33091709478338316,-0.1676518288609303,-0.9265344054069956,1.8023687523557406,0.6623205957544045,0.48484369037732566,0.47715876574053967,0.6163470554405638,0.07792141677341373,0.4200142615918368,0.3782047453260176,0.3051230389924629,0.3739771173584869,0.07792141677341399,0.017993044287422683,0.32041175058266586,0.3367389510144094,0.2204796125591173,0.3515212058013629,0.017993044287422967,0.7083330819061783,0.7478173160500591,0.27868189739875454,0.8520514582623406,-0.1989343967279873,0.3831093375823786,0.3728933008375626,0.39949659225446527,0.3071102085608434,0.37452876949832864,0.448038198015667,0.32306034981604076,1.1380127547803407,0.4029539688398047,0.04369898680351515,-0.1957196637955811,-0.15592440356322407,-0.16774275719960421,-0.20843358959104094,-0.3309454202497007,-0.1788403241661255,-0.4734409589125344,-0.3638865395248964,0.5546468777092353,0.019641521734956528,0.4364637317867618,0.12551973289233256,-0.01684096152054057,1.4264220592323555,0.23367546889906696,0.4773455987346711,-0.4583822222524138,-1.144636986518453,-1.7184469139207905,-0.8836161497562086,-1.1847587845539864,0.5250828357969659,0.6077052515111888,0.4668313829232148,-0.32718786766532065,-0.2661421262881778,-0.6566853331024591,-0.7202436049206963,-0.7675897218025939,-0.07489046137174353,-0.22475273247198702,0.22527748131387684,0.814572084503783,0.32410413215506656,0.27905878856546207,0.42831247228078984,-0.26255395735606557,-0.38753335277441775,-0.8150946585662343,0.7322662795346029,0.9236163224211457,0.3211615115183079,-0.9213484949877245,0.08016971360307593,0.1334179583646238,-0.11011606823731852,0.2491581636716984,0.5281574660629615,0.9700965990831016,0.09220568356812754,-1.7422523370628156,-0.5451222593512164,-1.1583777593457927,0.09711782773605736
3225,-0.7277960045439616,-0.7928081352106837,-0.7377209981103654,-0.7262523734984003,-0.2254840486004282,-0.12724235682400034,-0.2734065757360267,-0.21202125525009582,-0.8687695616326925,1.8249880760785386,0.4374790066362318,0.26312970149096565,0.1702352706690722,0.450182045908336,0.004522065227797233,-0.16577842352301955,0.36372019795309757,-0.09652938752461548,0.3744949894083651,0.0045220652277977716,-0.001299991734725035,-0.08177117599176285,0.33082771512410736,-0.05401574497734733,0.351551211687539,-0.0012999917347246267,-0.25648377979017095,-0.576627515683916,0.22804103701581993,0.015898761361264047,-0.6090323437782701,0.11041895447440252,0.13009247958090164,0.17606589730967537,0.17343952923475303,0.2503451287688592,0.34047218199200974,0.23423770134196414,1.054100903613369,0.3306043969472381,-0.5049857717223911,-0.5464104194776249,-0.4562732966433057,-0.3930166036432515,-0.42383387977113196,-0.464262596661648,-0.36282424417910897,-0.5580104958940743,-0.4593120525290712,-0.347896943312746,-0.08326152116499537,0.20731648198292038,0.18488831256367438,-0.03824429542022447,1.2653238007586334,0.14455977259860547,-0.438409458390607,-0.45457011048496926,-1.141713386565827,-1.7570272094081127,-0.8761054140786364,-1.175230299045408,0.3315663084877263,0.4996449695962184,0.467330569882661,-0.3423925286924859,-0.5152739197893272,-0.507250752551349,-0.7722991770291923,-0.7879738976549121,0.0465042954460611,-0.4118356453219534,0.5115539419924282,0.22034391550542143,0.5950764363639411,0.23141833070927137,0.5926576421893246,-0.08280244569774396,-0.3529772225154623,-0.27930255906223633,0.6762060760557647,0.8666578756143577,0.3401609326438388,-0.7478964765775885,0.05585385145025118,0.1887136656428955,-0.05252034524413057,0.2448746254075444,0.309646435742008,1.1448321388771252,-0.22142227305236764,-1.7296843241824786,-0.5408981548364611,-1.1480445075738974,0.10119263357373201
3226,-0.6899692975327688,-0.7532301890845546,-0.7762697502954887,-0.8333425599972881,-0.29598152589979276,-0.22310995110389437,-0.28025557170235593,-0.8625145635311702,-1.2617976625880474,1.9332269144564382,0.061906823863355186,-0.17193964396692055,-0.3905527888470791,0.11026620626603757,-0.32038371050514897,-0.7321846308668511,0.26522301636139767,-0.6572892727435334,0.34094086063151374,-0.32038371050514847,-0.15057940752429635,-0.6320759452675929,0.27417105049109347,-0.5145066382288076,0.3395421720608458,-0.15057940752429583,-0.3056955150174329,0.34171695626727294,0.2909755967196987,-1.5466648674581867,0.49718300432756773,-0.5058897287037608,-0.35921030548707783,-0.2514164440021613,-0.12843033912375193,-0.013889287246328834,0.13666614943576805,0.0466013217550148,0.8674650901511552,0.16023050119694898,-0.10323725248589116,-0.41293230890317395,-0.3454675338007406,-0.29078776436233245,-0.328226213073359,-0.4090085785227306,-0.29310662798600695,-0.5265072750111296,-0.42650895408628103,-0.782046361364146,-0.17297188712102113,0.16653402521992264,-0.10138389865503782,-0.05072354355544841,1.1034911725400711,-0.03274285633795105,-1.1565213557644825,-0.4545585216920245,-1.1507423879374612,-1.800305519796959,-0.8194388264970516,-1.1658041208961192,-0.2471013788522077,0.2683449070309304,0.602706972380406,-0.36628726723230526,-0.5023341504934693,-0.6522254014713615,-0.7732298290060876,-0.7687944564070991,-0.19261728320235194,-0.3461006591529183,0.49030920024442426,0.4952547758406397,0.41449368597449876,0.19311115243367377,0.4346416629366189,-0.13855719699471467,-0.2726581793342881,0.7315165348919846,1.0234422891304307,1.259553923303639,0.3597821564930942,-0.7358203043233492,0.09282563302447128,0.14723112442406802,-0.05903072436601225,0.19516947563914996,0.03231535557247894,1.299826279603747,-0.5581826763500559,-1.7156026362627195,-0.5287820795087737,-1.1346493438589467,0.1050145938566338
3227,-0.836873694155304,-0.8411731403081291,-0.8030335454075762,-0.7986664159966198,-0.2848471409876592,-0.32482760991652515,-0.3806251802273473,-0.23159084807269492,-1.3016880880442616,1.9466450019985007,-0.138120338855914,-0.05047336023507488,-0.21813962433696482,0.19737078781727627,-0.34843781467755863,-0.06201740040696189,0.224307507885261,-0.27349689997306825,0.30447631380518986,-0.3484378146775581,-0.20597600891979037,-0.23409419587195107,0.24182577641839986,-0.2941809276490921,0.3230518723838624,-0.20597600891978976,-0.2202981161161705,-0.8154021859875261,-1.2047307168323504,0.4200477419555663,-0.35904531884608626,-0.26232578145250146,-0.2607722207256851,-0.1316145452563393,-0.05547438152257184,0.02773792643092805,0.1720551310798118,0.10091128292926085,0.892357909109768,0.22105285024163782,-0.03368347028380211,-0.24279006014808444,-0.3032721695800924,-0.2335698447143638,-0.2829259964977104,-0.37041430626506594,-0.26257190329875896,-0.4753632110729162,-0.4156024707075912,0.23176815895224445,-0.11380731755123503,0.20859181948701314,-0.1725454327761353,0.18025941804214698,0.822008192191148,-0.10534383100312732,0.162231041684099,-0.4525791844989513,-1.1555029911905346,-1.812091643426749,-0.8162490787092691,-1.156477727222448,-0.1323842183540257,0.32543048795522217,0.5920316744663318,-0.34170588090447346,-0.4377393281443374,-0.660565739412064,-0.6439363013527934,-0.7549622249585012,-0.4583618855683921,-0.1450017133845858,0.4214401775290019,0.5955199626944576,0.19738946430679175,0.3849956122904944,0.4087812446085196,-0.337631672089724,-0.3282881473608048,-0.07807989949868509,1.068321615029392,1.2999153693663243,0.3349853970608239,-0.6505856793299178,0.14703469731069815,0.4999103298680498,-0.12439953066422739,0.18132231787517453,-0.17246897464768052,1.3040698587545103,-0.5888542613171446,-1.6971792893696196,-0.5097837382140972,-1.1224233012811284,0.10861601364505757
3228,-0.8285614952881448,-0.8506446575331692,-0.8894188384299175,-0.9280980250255394,-0.14613696779400395,-0.38505430388518785,-0.12860151901307726,-0.20965903883664772,-0.9421032300629056,1.9187016051390362,-0.2304884238080922,-0.5188093510240542,-0.7791975512512065,-0.18772792388067172,-0.6603941245442236,-0.7022976427574233,0.09416691296131116,-0.8691119821862069,0.2353834631953961,-0.660394124544223,-0.39376172914301544,-0.7935384802501687,0.15520987506437342,-0.7871926548567169,0.2914517002930672,-0.3937617291430149,-0.6735828039355165,-0.1073373251363286,0.049750444461769884,-1.1101071005091419,0.7692946735580928,-0.8682125140286787,-0.6944286925232759,-0.630514030116543,-0.4008028708906457,-0.2723834952452578,-0.056925659050190064,-0.12081319119175696,0.6393442059989947,0.013683560848086147,-0.5633254545403593,-0.5035812593238195,-0.6037141080162022,-0.4412073233955096,-0.48243683644344093,-0.48042634227574643,-0.43302633836168186,-0.544386663186821,-0.5037375045113442,-0.9579499316478185,-0.5733570581748534,-0.6960906547290227,-0.18757125712839104,-0.2850137830642697,0.4989802430354061,-0.13813586664090025,-0.9010202292794023,-0.4743353139645901,-1.1372623397228347,-1.7518700331918398,-0.8463695967808722,-1.1472486721389057,-0.5031475917934533,0.047398205542534044,0.48977342341398616,-0.37611633863582805,-0.46972296103416317,-0.651500751783771,-0.5629282704482066,-0.873106631135383,-0.9102950665226692,-0.03870025656102669,0.44980610061422577,0.5375399761394691,0.07854247711334025,0.7522565208496458,0.5759900878466055,-0.5238484986179311,-0.4625208605930745,-0.9953209301014928,0.7347863601568697,0.9422842679105434,0.3813033424448576,-1.0351006012040462,0.5652722552905991,0.6486000531077096,-0.2837747706848265,0.08728384542920758,-0.26414418575023557,1.317799288456905,-0.6918516119046708,-1.6851739814624178,-0.4911585732772102,-1.1130296315363504,0.11252342544918786
3229,-0.9805680465364504,-0.9153510912631678,-0.9726302997966898,-0.849635320802933,-0.24816741489286975,-0.08451374001127762,0.04067289323574573,-0.1140502615359262,-0.8928538246915517,2.0105638481159955,-0.011211924541330407,-0.21160824494868108,-0.35488856420266585,0.0361636413188528,-0.5200278129009905,0.31722484465683265,0.07007366168047112,-0.1611303543758639,0.1810288934362874,-0.5200278129009901,-0.4074943962980826,-0.0563162108342625,0.12036696662944218,-0.31715338456325187,0.2587546359176481,-0.4074943962980819,-0.6624119958850636,-0.6192511890090928,-1.2867867798818835,1.4884982138130158,1.078039782348623,-0.16303426740119192,-0.3014164661895693,-0.3491681637879492,-0.17344152089488635,-0.12421929465189194,0.055430422397930494,0.013971812645419478,0.743125861364048,0.1467489229506336,-0.05227178508613556,-0.24717045831562207,-0.32392943461653895,-0.29549455495628246,-0.3580754555690002,-0.3893384147127654,-0.32998734914299765,-0.4825385010827794,-0.45557218707718883,0.5581825933274216,-0.5720027890128281,-0.4105414140027423,-0.006282534445151609,-0.1773453990696799,0.5877141877185176,-0.19100786529002667,0.22989468422818615,-0.4692436331365596,-1.1303430513363812,-1.6387317322619994,-0.8974381675038184,-1.1381145835592175,-0.044428913896774294,0.19366381936818308,0.32934844607915165,-0.3221969164371738,-0.03919152426040814,0.16375677265000704,-0.5406060170179923,-0.4809916428389937,-1.3297520317406333,0.011845601615684192,-0.03781077068235435,-0.34264949490120394,1.068016321745214,0.02572129325989862,0.7951068735849183,-0.32246547830717115,-0.33094736127054736,-0.27749761126433714,0.7073094050081604,0.8903774354966342,0.3173984187009062,-1.2739176103770988,0.6405656083175395,0.6458470731522524,-0.33757850208717316,0.00249925129392703,-0.3453470712178092,1.3152787106661938,-0.740508977846662,-1.6659537655923402,-0.4708126817703003,-1.102405119498116,0.11698352775863216
3230,-0.8621352571747287,-0.891965182194059,-0.878230126033975,-0.8708524593301415,-0.15372286116581751,-0.2192025374808518,-0.2714728642918173,-0.13021151314388602,-1.0204328815257195,2.023991408596662,-0.2334970199607282,-0.3042414880123432,-0.46783141720389165,-0.04066724212527563,-0.4572593570819699,0.1433696599970874,0.03677880259614774,-0.2231795100474625,0.133335769351288,-0.4572593570819694,-0.42853534498146684,-0.08601941761109193,0.0818715243919019,-0.35133077135778484,0.22440403601028908,-0.4285353449814661,0.7114266034422553,0.19687735022457659,0.9880293920376405,-0.09742424157392149,0.014399237742562477,-0.11529706892458275,-0.32642604430678646,-0.36339782739927684,-0.23312622694920385,-0.1837550981028102,0.007246245083039893,-0.022885641326160545,0.6745126450212118,0.11502661142821993,0.13027664291322202,-0.09094411963714202,-0.11930423379580005,-0.21328097270449317,-0.27401203368899124,-0.32508499038977445,-0.2665438158560179,-0.4392398470227207,-0.42614444368038684,-0.17576898160371307,-0.49835802545939695,-0.4306689910314974,-0.13460490447692883,-0.09198306119475863,0.4127109194744058,-0.29870041976745637,-0.25607368921823664,-0.4796246998709365,-1.1247441534589466,-1.5521411982854583,-0.8912923690297382,-1.1290731601532589,-0.1426513876397459,0.1367694175923562,0.3260157114706161,-0.3385505762904862,0.0020959099414595062,-0.18815843871980067,-0.6997815468437064,-0.5944993288271451,-1.282534380134568,0.07616101375500442,-0.09015474304511074,0.3371055075839965,0.880653139029261,-0.022412871755231527,0.6261618280337495,-0.46150731509645093,-0.305800193410889,0.21507999146180865,0.8181100636285359,1.0207548116822485,0.34155158608328307,-1.4172921867272605,0.848058854060487,0.5658180037963954,-0.3752077671949157,-0.11386947761009795,-0.3589560839546203,1.307657706148207,-0.7642406578454856,-1.6463651748414414,-0.44251443329948975,-1.0935684775357666,0.12001957402622311
3231,-0.8788943823226372,-0.8126721768856392,-0.825669491775787,-0.7445439596967679,-0.23447429881150328,-0.11265267548129489,-0.2088304573255656,-0.11397710897121165,-0.6256784874516511,1.9625227391914153,-0.11268329471239837,0.17913695795172624,0.17329086975495162,0.3223087552173181,-0.05726112213608422,0.8987128920768586,0.11184594367753813,0.5027854286791282,0.12736706395053007,-0.057261122136084,-0.27603233694977236,0.645784541594741,0.10723641570505839,0.2315308318439441,0.2023026637894492,-0.2760323369497718,0.38280414342266744,0.7197594928099489,-0.16139322398061198,1.5085465437770278,0.3823061632382159,0.5780207532927694,0.19324355923297484,0.14126193214837215,0.11255972160841038,0.0823865185347485,0.20288321633912085,0.19417918509985696,0.8572977578616796,0.32682383917694935,-0.023568281081122154,-0.13445587972547646,-0.19392296004353834,-0.2836188129217576,-0.3204488660490774,-0.35511845792900476,-0.3104304683624043,-0.45729469419791274,-0.4492246076847698,0.9101893078839843,0.23867143946941963,0.05299152997682344,0.2645790951423399,0.028103996326673243,0.41008068088439464,-0.04354791441336416,1.080432293424301,-0.4762544616740342,-1.1229941710071405,-1.5456362913501625,-0.8960675693622746,-1.1201221684508489,0.34143871968237205,0.38160069780178374,0.2925812613753347,-0.37128407981960004,-0.06574409879361552,-0.16036165858545642,-0.6028563811354793,-0.6974398961306858,-1.3791391193498894,0.20200939757700836,-0.019622286402658524,0.19818454304106617,0.7613517372548302,0.34157464786460245,0.7902071438009176,-0.6569035286722272,-0.46291257559195503,-1.1122854247075695,0.4523815643672083,0.6224871047356154,0.369625605209247,-1.3214094207842142,0.8241488768740493,0.5324534101640297,-0.17412704155741326,-0.14537589734611603,-0.3769850666425933,1.303911917916567,-0.8120022798831081,-1.626065744568615,-0.4215749249621231,-1.0842198581242157,0.1240708727296714
3232,-0.7254580090906184,-0.7627900732014472,-0.722012805145545,-0.701982676620208,-0.35762237835814054,-0.18191993791227232,-0.012110601553510908,-0.27704512454355135,-0.6649795571105562,1.9172981432209495,-0.1104546554924201,0.3155058910578854,0.3444283558137757,0.42811848870672353,0.21798347808041557,0.6184105187534878,0.18941339748861316,0.5194723779253058,0.1500734589851811,0.2179834780804155,-0.12130094658891728,0.6532141623885043,0.14478632766669652,0.34270117701213,0.19259361303832745,-0.12130094658891694,0.7724744318583435,0.44264546507616226,1.2734802607024245,0.2592171443753525,-0.4127658592371402,0.7258996522244843,0.34434455958910337,0.30400430049272853,0.2274833402883971,0.1663756680728458,0.26124252052636593,0.2656153222491482,0.9016310297660763,0.39974976972774645,3.0920839524276134,2.328550476253195,2.0749805681143556,1.4107104879151973,1.2267427824732475,0.7298530801581328,0.9785265248033199,0.2853620533735714,0.17925894711648,0.290272056123781,0.2643465453896313,0.11729169819493611,0.3122171354347053,-0.020289500129344617,0.3749330382252443,0.05849854044605678,0.41182292945645643,-0.471024506616281,-1.112026910924122,-1.5807441329889358,-0.8898964460649814,-1.1112594400838909,0.4793432748020466,0.4556150411750771,0.28940543903005156,-0.34128008849776736,-0.48703178834284727,-0.6250824593872365,-0.7296743958627874,-0.8172871466802323,-1.3818521917428872,-0.05160327978733512,0.4789358034065102,0.46848099921738445,0.37837897345857174,0.3608939482893026,0.5249831374802539,-0.47378965265632383,-0.32991779763840545,-0.1530776850491121,0.49690692933314246,0.6589574106870075,0.32909337819389817,-1.2253565269355609,0.775195977365303,0.44712251610693377,-0.03392120887819071,-0.15118350387736013,-0.39849441350956827,1.3021770963375845,-0.7387315218860021,-1.6069420987102292,-0.40299931214830303,-1.0778423104794848,0.12897703040395497
3233,-0.7257730923821724,-0.6737185929014184,-0.7149546884143082,-0.6124545092824177,-0.3476172343751408,0.5889740911191707,0.41168874155755625,-0.2507708912681274,-0.6022830824807057,1.8511411807849463,-0.14949385822986247,0.6074441157892405,0.6980737606595241,0.6616169271508443,0.5215836270266155,0.6828053678609385,0.3033863299162507,0.763046085244849,0.20442789150990856,0.5215836270266154,0.08329237955756076,0.8617994436730666,0.21264035031445075,0.6189422703645845,0.19923837012773998,0.08329237955756097,0.035509806520167504,0.8009593902204284,-0.018843379459871613,1.2464686440942798,0.7452954505695633,0.8881734015759688,0.6641965004616649,0.5943739701916572,0.44479081676878496,0.3507311936050633,0.39606223479549,0.41080342279610327,1.0260253678728886,0.5490593919694885,-0.4791925707266101,-0.11392583897177584,-0.08488509652255735,-0.16247473265399157,-0.18247198860754343,-0.2438145884169949,-0.1937039634374461,-0.37187853223886636,-0.38785547265367665,0.6276766821587747,0.9814698183215972,0.2930272135872088,0.004200613424724203,0.3115707365796434,0.43230545852177255,0.18878149332316016,0.8217077861590463,-0.47050215095225795,-1.092356563042004,-1.6196732931844435,-0.8819571528934638,-1.1031319412885683,0.7841930373123657,0.6270174903610667,0.2928916660116578,-0.3731492954537802,-0.5437066769801903,-0.6516555347858751,-0.7112637307800255,-0.7853336510601441,-1.3676900123168618,-0.20139266791986665,0.5367199249085967,0.4409626737104222,0.31553094374535245,0.3292509704124678,0.45737239394612794,-0.30057258001180986,-0.38477613843927266,-0.3805889971779078,0.43060040145115264,0.5962424641184864,0.3630910083734102,-1.0265291474614509,0.608501381840327,0.23276285669496044,0.17142095638543373,-0.12354616252349045,-0.4367520263412486,1.294968391490418,-0.6023843463719187,-1.5866153989255014,-0.3858366436045273,-1.071863599975863,0.133279877271905
3234,-0.633086479952402,-0.6958521863794702,-0.7079275275676663,-0.7690753441938988,-0.25366398503871074,-0.4116094505896907,0.030174982950860157,-0.32787611989462184,-0.8412845124268681,1.8887679394443884,-0.1936165532600375,-0.013040903561754708,-0.10459721058574437,0.1754531962577979,0.1661037023216505,-0.7983975764266632,0.24833558671580797,-0.3682603348466907,0.22172047648607796,0.16610370232165061,0.013476457544027536,-0.2942284410698394,0.1926269855633285,-0.1824074988006096,0.20030044551377027,0.013476457544027803,0.035494989094410824,-0.21640193177789346,0.7505176534024178,-1.4677465896008115,0.3322358426402024,-0.20014085557202982,0.03417017217430653,-0.015765034523849628,-0.013016256987659864,0.010757067474312518,0.13121380770324104,0.12871234908774473,0.7351219938293527,0.2918526526336119,-0.6999464139880692,-0.23227212040028256,-0.21431738108433057,-0.25856060080302595,-0.2611505485899637,-0.2894117639877161,-0.2572177253039897,-0.40543948839060595,-0.4203560066730555,-1.1274889799795236,0.216803879272498,-0.26653844334136345,-0.19640609128847408,0.09874239768046106,0.11634580106248378,0.03765348469864783,-1.275434476619369,-0.46847223192549564,-1.0958965271357752,-1.6558148568106752,-0.8758126206890433,-1.0944328748915657,0.18630245257129432,0.29367954220460424,0.28988705842184387,-0.3778352314812968,0.10064809365215571,-0.6239921327832539,-0.719696887372746,-0.8167410583047096,-1.3757547607429232,-0.36399496846441537,-0.21520976679331258,1.238805821212591,0.36433407781452853,0.3766094967015007,0.525527893901588,-0.15583278602818362,-0.32166918983818854,0.3798412683339305,0.6450540782065131,0.8384476533521054,0.3750294826305912,-0.9962353882674655,0.6040011103955382,0.1724137033604877,0.20079272366414574,-0.15627607533542456,-0.39745646518403555,1.2898019510953787,-0.501714748596647,-1.5722003221632328,-0.3670543952410016,-1.065068049238129,0.13672591042443052
3235,-0.803411024670133,-0.7847521079448415,-0.750314470555968,-0.7615212752885037,-0.2981597044614978,-0.3149862911497983,-0.0871098829967035,-0.20418148023082777,-0.9785677947966983,1.891572151520332,0.07832074105082096,-0.004379658196551718,-0.09301575307572897,0.18108387024891026,-0.0011355883025108305,-0.37559357503468677,0.2144333302614079,-0.22681086236265716,0.22158233832367769,-0.0011355883025106147,-0.028414138377825676,-0.1764456800830179,0.17787945156960627,-0.13443143832990648,0.19801563531653002,-0.028414138377825374,-0.3371529782666629,-0.8274288445912474,-1.4021953137142484,0.46774809067032014,-0.3179721617975051,-0.2894626641300688,0.08177772958315858,0.014362531284723618,-0.0022918808523731634,0.027946205106855214,0.1362529711688354,0.12944737914462895,0.7254525343073538,0.3071353010251323,-1.102146688403516,-0.5663493980312857,-0.5051802404360279,-0.47412109161018473,-0.44537765952734626,-0.424217074951512,-0.4202275400676114,-0.49679257192869186,-0.49957183512152015,0.03627665044085699,0.31113752670832845,-0.14095762424272582,-0.1588381719808491,0.03480728995758916,0.1724898940968826,-0.025253492243071836,0.006652478238218818,-0.46514058068577047,-1.0886636513351027,-1.7096865699233736,-0.8696797192152378,-1.1104101018468684,0.19425128524880736,0.3393073211111257,0.3494360718478496,-0.2928499770749005,-0.45814556706013415,-0.3519707203641539,-0.5317720833562027,-0.8685079559040766,-1.0561485981445335,-0.22629675854570142,0.4577903016928467,0.02082175933131742,0.4069950339057658,0.7945713700404924,0.8448444726544845,-0.3309698839334523,-0.2581419707325609,0.13088689256411667,0.795235820574124,0.9752152901082901,0.28306119797919316,-1.067289437823998,0.6558174931112725,0.221156681879973,0.17829049617514814,-0.18621608365370412,-0.3826689129965018,1.2869991638873,-0.42375341373519637,-1.5566019873848174,-0.348926432890229,-1.0547946538784965,0.1397662571356623
3236,-0.7540535998317599,-0.7749604316041353,-0.7231909799145019,-0.7627281466631523,-0.17052508492887236,-0.22939944349447386,0.2199982531950932,-0.09870064010401439,-1.1251133157916173,1.8840472409196298,-0.030655573372453008,-0.028547183716857747,-0.12364128723011895,0.1609400157555586,-0.08883496337834547,-0.19698931764171107,0.1877488955499803,-0.17858551197873127,0.21230868121997862,-0.08883496337834522,-0.06097814582559353,-0.13708151516923497,0.1635001260986873,-0.13113140415474947,0.1931320715177723,-0.0609781458255932,0.18798130088662612,0.0723147900936426,0.3940666458293075,-0.09294189882369498,-0.5733320961097491,-0.2749507782727088,0.046871316326183465,0.036653603960724965,-0.028503069310681257,0.01876848689857091,0.12838972839332988,0.11441071251103185,0.699274510056449,0.30785279188283715,-1.110913430452336,-0.5801527605045108,-0.506272491642483,-0.48961990055338267,-0.4563307581699756,-0.4349845984645095,-0.4362829564878673,-0.5044822586357529,-0.5082400227810278,-0.027207956532859005,-0.0977851636591254,0.11023033056525981,-0.01883988754589411,0.17285203470767926,0.1064981695376783,-0.05058846904581031,-0.02679162987232192,-0.4602031265769097,-1.0814444377378871,-1.7630603573024954,-0.8635849340150908,-1.1016256115729364,0.16994086010236303,0.32349696502772246,0.3462570382295114,-0.33372188436788175,-0.5162598798994154,-0.4814143436430072,-0.5568865215032515,-0.8349862470439676,-1.1216241921999721,-0.1377939862042793,0.5149296758110032,0.17366591457736597,0.2838920150015709,0.6868198232773854,0.6808403582747409,-0.4012668386337212,-0.2957676196979316,0.2569991450777037,0.9160651329052866,1.1254029910172074,0.33524899898411303,-1.1540127165580112,0.7463594865127345,0.02830352294450361,0.2494353393617513,-0.21301610287030717,-0.3471047416125127,1.295384554665384,-0.47870469718524866,-1.539578045857212,-0.3276744711670272,-1.0472612863366342,0.14228334214774227
3237,-0.7421641945137645,-0.8003464878722297,-0.7367496808682705,-0.7748738297169206,-0.08397829913741138,0.000703569623208313,0.859016855038985,-0.12702791920723147,-1.0238164048893106,1.804760012975292,0.1620877853812862,-0.09724996258123147,-0.21383786052084455,0.10675969981461894,-0.15863824568136972,-0.15678851106570468,0.15764003844881436,-0.20157118167071852,0.195767743955482,-0.15863824568136942,-0.09900127602844502,-0.1599914046919761,0.1446319361139156,-0.1721329555672086,0.18521674556819734,-0.09900127602844469,-0.12033001889430588,-0.2534607183001803,0.08168447044381838,-0.3588178070765384,-0.7425739692243459,-0.26108750876926917,-0.015210261593052223,0.0050389190238076306,-0.08160812616204999,-0.02193034077590044,0.10090336769438081,0.08163933362731364,0.6500673588998342,0.2911828707648978,0.45698517339088607,-0.012461058795147497,0.00479497404261981,-0.06900115252846994,-0.10098196107633771,-0.19422667169037694,-0.16768377232459927,-0.3338846443862299,-0.3786230945032604,-0.10711875124469952,-0.27003217456337486,-0.0018744426958603063,-0.07003508847282422,0.12676168621258532,0.16725458555689907,-0.06842548626973946,0.13450503582884552,-0.4601124289471617,-1.0747247365231773,-1.7941752573202931,-0.8575275516504725,-1.0929251760720526,0.10506993364306837,0.2851597746567751,0.34308038032310956,-0.37139271110521443,-0.4883643123062497,-0.6501811990168066,-0.6833693940760067,-0.8835150911247894,-1.0306748968115753,-0.0979902828297496,0.4726773803966191,0.5104750747505471,0.2738747400078375,0.5681008788249615,0.5912831468964533,-0.4750684713771245,-0.39326299451814606,-0.2925564473999116,0.8137566309731709,1.0257808824365306,0.38101706742588237,-1.201162254627653,0.7915532069568827,-0.12799860583413394,0.1389759285601998,-0.24395071637566543,-0.33590088979290883,1.31097361496761,-0.5751505023698846,-1.524271819296511,-0.3082492640630012,-1.039950204499175,0.14557325996942788
3238,-0.7325044198331262,-0.7416729889753676,-0.703882567119698,-0.748345405701411,0.09433022079454717,0.28900610279925193,1.074457596597132,0.16653577900872346,-1.1263718020191897,1.8241356164014475,0.6560683474911562,-0.0003459748397506076,-0.07485497415497815,0.17530046795071547,-0.11136844681174538,0.10627858370010634,0.15595510175680877,-0.011323781545719353,0.1841612513993729,-0.11136844681174511,-0.09159385002846966,0.03132115693040859,0.13999124782791683,-0.04239835684700585,0.17789829633422446,-0.09159385002846934,0.23318309950289476,0.5310234439311984,0.06355176578845494,-0.1726868606639378,-0.38223796458544673,0.07886227858940617,0.022639911156607965,0.08203589652567961,0.007163862638833347,0.03344724440924805,0.1404785751282428,0.12052611021439379,0.6669849041613287,0.33914319672456267,-0.3079880344236203,-0.5336584450643116,-0.45260169992492083,-0.3779976438190519,-0.3835097414863605,-0.40018680381024246,-0.4072749064035125,-0.4735653116817673,-0.4941294500635866,0.17621394336694593,-0.4625972230052266,0.38024327409907166,-0.05016146322633877,-0.22378032214565183,0.054796359815011714,-0.10566791742334891,0.09035817693278723,-0.44862421262232877,-1.0695384842783664,-1.8178250608202944,-0.828431168459753,-1.0843068036609262,0.10355349908677446,0.3266035811219731,0.40457321831513016,-0.40487196077931703,-0.35099223639569993,-0.5988193428880887,-0.6517278275684828,-0.8808292586680696,-1.1124186105078553,-0.07316247247709638,0.3039601925559364,0.6005324752594716,0.2879320660296136,0.6169267974569475,0.6351543478815406,-0.5004090073040011,-0.3769854435262625,0.34683765066888805,0.8972302981481698,1.132973730804389,0.42928420202180656,-1.4529403383385884,1.1444237011951734,-0.6707238861721077,-0.11671080923429623,-0.26699921905302854,-0.29505565579291676,1.3148094610597747,-0.6650509641145865,-1.5066549454959295,-0.2954655540214868,-1.0347666555820048,0.1475378047797432
3239,-0.7346972884518698,-0.6547813833788585,-0.6821714885444976,-0.5812754513490499,0.05504890992590683,-0.06620935800432784,0.20248348769563773,0.012895022872869378,-1.2128861538465667,1.8927236931040603,0.4910673663909792,0.6422774506379372,0.7586087434989983,0.6656471369208523,0.3396486738969872,1.0114954203906568,0.28121739144504426,0.8390141603667064,0.21951317437335346,0.33964867389698716,0.11366963719554724,0.8629400361860418,0.21020541333310586,0.6410515134356455,0.18695327584496624,0.11366963719554739,0.14844107438486365,0.7894727723558548,-0.03406256994435549,1.6931866053137081,0.5395832798716593,0.900848682549133,0.6247897856556016,0.6662434673307134,0.4655888414203177,0.3884323889994016,0.40942036260987247,0.40216167479573156,0.9177345047446647,0.6227168377939775,0.6530881082766022,-0.006124964321287077,0.05845598990471448,0.01989621131265019,-0.038933660491057245,-0.16118170244899643,-0.1349259908660199,-0.3119728068102728,-0.3672116586323331,1.2009598996998487,0.5626844260557194,0.5959911885692427,0.11238013703235437,0.10288094878373169,0.25019235383208105,-0.01834088674418122,0.9470121157316121,-0.4380922254415399,-1.0495454028089062,-1.768668658393158,-0.8103775381881233,-1.0757685579632548,0.659802285029607,0.6575956766519737,0.43546855789245614,-0.4367630966084886,-0.14565146517237815,-0.572717864259115,-0.6657493412592178,-0.5494323585158201,-0.9509629749607634,-0.0292566317118401,0.05646985072271446,0.8245036902362488,0.34312196969813463,-0.051933069616040155,0.21370015886974372,-0.3302911073864259,-0.4120812429207554,0.2848429860759599,0.9670271180300676,1.2188266650172348,0.45957127974189027,-1.5725151368666161,1.6369749989408027,-1.7750196350614798,-0.33585558130924603,-0.23046890405520615,-0.2558391363749327,1.2964883466791224,-0.7063899573964693,-1.4813007042250583,-0.27335499241304934,-1.0307327730462572,0.14733941599016
3240,-0.5526740204036873,-0.5911199529008548,-0.5195698820224816,-0.5146532852496221,0.17263517925466496,0.05049392033909509,0.3664079849946424,-0.5014869281343113,-1.1780573171161082,1.943857305009914,0.18373562051208597,0.8480800970226143,0.9953711309779305,0.8350992605354771,0.6416905758268575,0.6757230350055686,0.40669957024418396,0.8411510792733289,0.2862324899589012,0.6416905758268575,0.31187518367644407,0.8318497285561782,0.2930755292703675,0.7573742488899204,0.2117873358857852,0.31187518367644396,1.214557885679186,0.571682337805213,1.4966123164777199,0.41174078000297054,-0.8903293329478049,1.0066825001161974,0.7577499804803044,0.7920019329467833,0.6284328258681106,0.5113308848415483,0.5089506856375998,0.5070433933144938,0.9972444585820498,0.7366043611946705,0.21253865804076696,-0.1596391402789097,-0.10936586568538194,-0.07927105918324331,-0.132672344318627,-0.22045022346968488,-0.20655261887448245,-0.35228287003691894,-0.3989785702812662,0.46105193558747337,0.7547483381122068,0.8141552114749829,0.3217424924413021,0.22803143272000567,0.37029233075438855,-0.05795345425593796,0.25914509697566507,-0.43776033093653066,-1.036208025969563,-1.6786343698892852,-0.7776971774527692,-1.0673085557298512,0.7927795755510956,0.7818461594112265,0.507626016851464,-0.3488552038654332,-0.3049596305230815,-0.363666547389067,-0.7589049897466265,-0.8354624297645297,-1.210746349969291,-0.1182901572638767,0.2648560614376112,0.2435121797907861,0.7562500766746753,0.3495314101085175,0.7908225238862244,-0.43138512103571786,-0.3543945941107571,0.0635625349767834,0.9627464431271042,1.1866076440898436,0.37670070848038695,-0.9708528907846276,1.4398930614760328,-2.0691325369804243,-0.34400712115198384,-0.16851144159487888,-0.26539933389084874,1.2845314905907077,-0.8584412692370468,-1.4520457491744279,-0.24322039304309523,-1.0275460652936983,0.14769113316448268
3241,-0.5839828676032244,-0.5969541426229904,-0.6686645375968667,-0.6548685811040904,0.28608268419154587,-0.011788382005374834,0.3700600054392093,0.20710001984125412,-0.9837746241620491,1.9988918052845297,-0.1317084748874174,0.22493767557322109,0.16006809386596763,0.36613524510750123,0.3077138086420756,-0.749540999272541,0.3703741079052655,-0.245654072437768,0.3181917428784283,0.3077138086420757,0.2459618595406228,-0.2789258437623424,0.2916958587195653,-0.013673362837620023,0.2313463166675861,0.24596185954062286,-1.1091883495597883,-0.06270851895877062,-0.26389093722447243,-0.758741940336113,1.1594168533897042,-0.00775747035146462,0.12491121382753945,0.18616438615297895,0.21428981602437386,0.19218575130914192,0.270475137564328,0.2554309454527001,0.7349566961955863,0.505430317894553,0.6212502442872568,0.22084618471107634,0.25218999183436314,0.251569882239495,0.13817569166118962,-0.0234804709677203,0.012238079927152076,-0.21659032957059174,-0.29472963952948716,-0.9970457519483107,0.3126185851648771,0.16498917812756114,0.26424587977622355,0.13505683972853777,0.17113676422704951,-0.26446735874637284,-1.219192290342707,-0.43233441233261033,-1.036924526614624,-1.7289527162126983,-0.7720174794090533,-1.0590038707326213,0.26121413176221336,0.48277141974039794,0.5048846337887392,-0.37122406122090906,-0.1370036220157955,-0.10042628435139493,-0.7133661190601364,-0.8660103926360607,-1.3379768172881021,-0.08908660565205732,0.06343188607143274,-0.0026339251649750927,1.0143214951388193,0.4870198775984891,1.0721939981773525,-0.48473903297490817,-0.41679334476216684,-0.26301353423931506,0.7808088406582814,0.9942399250048215,0.4085115036844113,-0.6949411119832769,1.3578787612567196,-2.164561331905989,-0.7487349994019972,-0.15485683813049855,-0.25836862375760755,1.2535791446943716,-1.0105520820160394,-1.426569946767753,-0.20975017509204472,-1.0243077769256366,0.14655246789078868
3242,-0.6523705687438525,-0.49600729817535644,-0.5893553266907704,-0.42921049189117005,0.4244847467956055,0.13668351834506118,0.2805057444450355,0.3697038829178299,-1.0293558227040767,1.9899130917363266,-0.14663707686239658,0.8976023622905065,0.937380145082782,0.9363325902252789,0.6857943016338215,0.841480233483756,0.515386682272326,0.9706999673790199,0.38933609754083,0.6857943016338214,0.45761379334960184,0.8838062318609491,0.3893050462062793,0.8924984572217102,0.26769214867454477,0.4576137933496017,0.5838804497675679,0.905452220987392,-0.5663032082921344,2.4128354296038395,1.4224468760841689,0.9654737846104798,0.969672774567505,0.9186900707840223,0.8055467113748426,0.6687239608170494,0.6322999391101587,0.630006961237219,1.0798202754901793,0.8844444596090998,1.1314943293916127,1.0124052792593023,0.6589025310858775,0.6144283706874805,0.47257748704625596,0.2290089714261642,0.28989732378301863,-0.04680812595373639,-0.161910606096398,1.598236423265445,1.0812158540476668,0.6037442200103972,0.621153533501271,0.46467889813053226,0.4135294997936483,0.00589785475893723,1.5996887259192933,-0.44802569531740855,-0.9935691344900061,-1.7120101412208326,-0.7246858604606623,-1.0321865609370944,0.9251580544496159,0.8987480966127085,0.5707321931372759,-0.31014171732731405,-0.47140678766110744,-0.6543324140640667,-0.7418763604141402,-0.8660656899370767,-1.1305289500949884,0.14428000033065852,0.4689687113391654,0.541709966590069,0.3647390022984777,0.4401149616452992,0.5676095355483032,-0.724033413713246,-0.29624620939805885,0.45063450940870703,0.8412945745134666,1.0432096144851057,0.35520204491882257,-0.07761892439167856,1.0710774240094634,-2.188312254051353,-0.6242389211035224,-0.0594741330479329,-0.3025695081320898,1.2129674404325965,-1.1196525592676356,-1.3937090977600124,-0.18340243057867583,-1.0228981447755485,0.14598497551188006
3243,-0.4296075339945452,-0.4060689664240142,-0.4034384517900635,-0.4508649203413727,0.40226461071510927,0.29068907853785714,0.39978807848449577,0.5083750038912718,-0.9555484774067678,1.9773646267477325,-0.03395359471470717,0.7950586217686022,0.8076856382027386,0.854800848248333,0.6749369473402359,-0.02606765492203821,0.5811887019537244,0.4385432282438933,0.4593703375938946,0.6749369473402353,0.5339222859051653,0.3153716822545843,0.45202598717117554,0.5724169699310707,0.3100522127888615,0.5339222859051652,1.3647166040001368,0.796043343243736,1.8036043069374277,-0.21729086165342226,0.03255368768537576,0.4593717018606366,0.8106655002048715,0.7415096319290415,0.702558085363785,0.5924501962440193,0.5871456118059194,0.5746231848776825,1.0110226903867754,0.8501831002161278,0.3818875312298166,0.6506858505362794,0.35985845418885104,0.4055119026455379,0.3145462522327625,0.12548496601023698,0.1581054760823392,-0.11489461395059197,-0.21948197627738472,-0.16017087736421604,0.9261181864011878,0.337966625001868,0.8385947441965359,0.40706710539238883,0.3140962223918018,-0.10258031341275015,-0.1498559828318044,-0.4536782201965644,-0.9558360111449027,-1.640886201142786,-0.6743189123287425,-0.9748731562267678,0.6720184585815078,0.7531744642011418,0.5657138171885391,-0.1479616701005335,0.21758125403326056,-0.35627683147465794,-0.4091536849291888,-0.6710225340517219,-1.3392579200366166,-0.11441666190247535,-0.29184394939392416,0.9222332309778255,0.20693633527510621,0.6217333024117152,0.5776933865378628,-0.3363201710809074,-0.16352864297079406,0.13442994039978148,0.8233116115529238,0.9685431116609645,0.18445640492088342,0.1679586581110346,0.9900980553899607,-2.0749699688030105,0.29143614243273613,0.0453385901653962,-0.3124577863203937,1.154512016255412,-1.0993003662905543,-1.3616276602885027,-0.15619809446852806,-1.0205296757932258,0.14689515543023507
3244,-0.4093822897935742,-0.39564099075995507,-0.41508174836303696,-0.3254053763753046,0.4264518521361429,0.3274575611845036,0.229043879688418,0.5034334688250709,-0.7864287615085246,2.0979467353969046,-0.11362614224314867,1.1114087668241508,1.1550977067041905,1.1367230203261485,0.8742807106667079,0.4421808040303688,0.7094076834274552,0.8553474388348067,0.5501182335500973,0.8742807106667069,0.6973082415146353,0.6771682333571493,0.5529757866310124,0.9211984984598979,0.3653222684631993,0.6973082415146348,-0.09374130277332203,0.08522167273378485,0.15104414199437718,0.8778395457663764,0.33527747899602467,0.9092039594140381,1.1488147520468708,1.101972980806021,1.0067876293431515,0.8283239568474471,0.7821300887010703,0.7655531791297089,1.1840665919586368,1.059366072217441,0.313833192193295,0.6337787711745593,0.6121515042779953,0.4516139789489586,0.35598695631794175,0.17381457331301461,0.20370900523915084,-0.08159351900340198,-0.19396488150091648,0.8567294744220993,0.774370257884526,1.0293896790448536,0.920541143754104,0.476441374409496,0.4169578524584691,-0.019982561932777594,0.41662926638169395,-0.4733101346467733,-0.8936948560403745,-1.5886370851698421,-0.6652461195248595,-0.9643891439011631,1.098158775000332,0.9910224189611367,0.5669226518673888,-0.19577626039425586,0.10081097358892994,-0.5989898701680277,-0.12181117617052073,-0.7212648344043269,-1.301197003600165,-0.03262260229806257,-0.16816005644768517,1.1971950224999557,-0.5587138660844934,1.2038011253139205,0.42461414569508,-0.4540911551977945,-0.23449165304864106,-0.08583984286708947,0.6559773618779283,0.7993465214457645,0.2361478643014062,0.5110557305699434,0.812073145651994,-1.7948036310407025,0.7989557300662656,0.17869905813665796,-0.3605075877724137,1.1073913090977043,-1.070424061621983,-1.3217688393245814,-0.12339015246705845,-1.0172401904474488,0.14720757567240067
3245,-0.29967367325101046,-0.2940279825012456,-0.2904117563021728,-0.3179756144884212,0.3061082301013053,0.31456676930178323,0.22564851845183168,0.4028254242797037,-0.7482307046097225,1.9481697643500606,-0.4463696346247574,1.1244628876549032,1.1707079473541926,1.1458706606250835,0.8295052558123513,-0.1041736400237001,0.7842249722505231,0.4951114202734917,0.6362864908867492,0.8295052558123511,0.763989786144345,0.27034588168096674,0.6299491433258023,0.7007225337883211,0.4258087666770656,0.7639897861443445,0.8887226755840906,0.8883085417852755,0.8538436280294965,-0.1858251569423157,-0.011948630323511442,0.71340039296475,0.9920331658194087,1.0383123506846137,0.9724003023178674,0.8092676713349995,0.7821722687480941,0.7557436391055071,1.1652562651707072,1.070472993802961,-0.3449221886559514,0.09769018216276706,0.1683176390737153,0.11021921677941944,0.06761106205903716,-0.027377814195895758,-0.021900545363335574,-0.21739455213460168,-0.30103968183376273,0.04105747043263065,0.5854223542165052,1.0341321614872152,0.9797610556333405,0.5661472766792633,0.45177233634887826,-0.18397075372317012,0.5091486274092297,-0.4856583385583497,-0.8403131092923587,-1.4826766656117987,-0.609004859503809,-0.9013808031186887,0.9300027153619929,0.8944838920753008,0.5635078773063513,-0.18996285358254908,-0.07352411658519839,0.16649038008274258,0.002599203691859336,-0.6501804574711995,-1.3497182487448265,-0.10814944144578958,0.03653949583625875,-0.3931890977992788,0.2056464322288301,1.2721286798234719,1.027103475782267,-0.33348246273619025,-0.19666216014249463,0.15396644769858972,0.6233888261658288,0.7581336362800623,0.22106371761791893,0.6911183120696328,0.5036248367704469,-1.795568291939507,1.1106440731641847,0.27560552458615445,-0.45085522073576745,1.0778397648218447,-1.0228247303636981,-1.2859863323044438,-0.07922927972494197,-1.0125011179048256,0.14848564241123818
3246,-0.27009141330391806,-0.33670520035187684,-0.2767094623710371,-0.30989669559719907,0.13807679499246486,0.2899853705779288,1.67456612264655,0.24506275535184086,-0.9661824519480945,2.0022653853503827,-0.4689546114507762,1.133016209132757,1.1792244024215697,1.1526339357990147,0.6816583028871643,-0.32982112029543315,0.8238192521669957,0.259122162559743,0.7073653903477857,0.6816583028871646,0.7640616897566387,-0.004876322332033769,0.6872592831130051,0.5187318433180361,0.48631392121949646,0.764061689756638,0.0867453092395367,-0.37549602787220665,0.22163843264201072,-0.40935365602363394,-0.7618223868789152,0.33933052044300666,0.8313440977150155,0.918772718386307,0.9203485107040905,0.7823343942439036,0.7843493076403778,0.7379160187675611,1.1453682546507,1.0819590394951317,-1.2306513821494993,-0.6970180541110557,-0.566737053248874,-0.4576610371515376,-0.4396628821183072,-0.39526145886693886,-0.41894300159823117,-0.4682747805476167,-0.4971682223478847,0.04449181433444883,1.0667445126360875,1.05997273613637,0.7472755424211868,0.7577297546839094,0.3709151149375719,-0.012485189935912376,-0.1775023130470413,-0.4958126040963444,-0.7959413427208955,-1.3844461467075297,-0.5964193914631382,-0.8945303352872944,0.9153332751881503,0.9003039143520091,0.5832566288478915,-0.2384832072513951,-0.277111246066659,0.17300800946779343,0.08803402403676756,-0.5414025517377693,-1.3476117400235554,0.06455005530325944,0.26133585661026804,-0.6748400969100248,0.07668412202061069,1.2020542427719598,0.88530031244403,-0.4345566618048855,-0.18448811311463242,0.6530052299240067,0.8073860102289209,0.9728534655440789,0.2590331901298478,0.9499337451718856,0.1792945804734578,-1.7657765388421327,1.1549048315085462,0.38487578275841067,-0.5192049680129269,1.0540123911333108,-0.985199112182186,-1.2504657938777621,-0.029549166512006397,-1.007364895587948,0.15098046680019178
3247,-0.3196641614607297,-0.3586112617514555,-0.347548474649924,-0.40292809260442586,0.25584519119052507,-0.016141221821597804,0.17397579273814562,0.12886766018731136,-0.6476839415775711,2.017258051603029,-0.32664681337062473,0.6891329106463704,0.5741358522402205,0.8246517152016445,0.24929459093562756,-0.9612779955242823,0.7630342755907179,-0.41409855832348735,0.7339371764407923,0.24929459093562764,0.5991184802944721,-0.6895676762658092,0.683289654437565,-0.04455599246427052,0.5338691977485635,0.5991184802944715,-0.5085270618676518,-0.19763595586454552,-0.3909982740463615,-0.8572981493211415,-0.09467198107891803,-0.2491716975229225,0.29025742084461226,0.4513838587262679,0.6065429504063844,0.5440471132088243,0.6240563060859048,0.5502327731893862,0.9641431381160123,0.9268145033211719,-0.7567618222993989,-0.4992256349724583,-0.40877100588952403,-0.32420035231671657,-0.29703905571114675,-0.306807367314602,-0.31564809268961835,-0.4094526581497609,-0.45348177729615385,-0.6397803431172131,0.05871258982739283,0.8710769488149296,0.498121414580054,0.5566102809895341,0.267643507025122,-0.14758966552862965,-0.735067604727505,-0.4925059893567462,-0.7699962754875723,-1.3633958398983705,-0.586791968991235,-0.8877244620048772,0.5499946949824777,0.705271703086965,0.5949039949860904,-0.28347982389521736,0.21246475414576663,0.20623750369605276,-0.1918403919641711,-0.29095584959829063,-1.3406859273634197,-0.09043006661547005,-0.32099070666960794,-0.08567416788290019,0.5687352907989126,0.2447399817523431,0.578508657952552,-0.10893703031861389,-0.35916663518627334,-0.5939705796192905,0.504640000492802,0.6559965892669404,0.31479257810922234,1.0816113045985905,0.10748004053777048,-1.5035932688517024,1.1701060532977061,0.48906127713354736,-0.6234521558799299,1.0210987182148425,-0.9424675575539735,-1.2197771458758728,0.03128015075894369,-1.0024108585235698,0.1508048438624202
3248,-0.4445476993445453,-0.3335886859465644,-0.4173046780135013,-0.26989332570440944,0.11869543171188313,0.2644478612750514,0.23805765305841284,0.01550003866857399,-0.6136660909128328,2.0808999273932387,-0.5736782504004116,1.057020320033251,1.0212991719202744,1.134300888225673,0.3303933770203368,0.18075842408451911,0.8132176426514459,0.33140974213028995,0.7689158004290306,0.3303933770203375,0.6091346831476121,0.040455886074332065,0.732346920974526,0.44178088586571945,0.5823099782479088,0.6091346831476124,-0.5048511216363802,0.21204913220308538,-0.9752400498111553,1.829121362437533,1.200990645052447,0.32621862277078667,0.635322298310022,0.7934217427484836,0.8816384344726288,0.8061169118690763,0.8257266579893234,0.7473523631975627,1.1465260416594654,1.1428582704857462,-0.7428973119190289,-0.6547680128308987,-0.558272654010621,-0.437611993132074,-0.3772032519773261,-0.37749612040064906,-0.38980964818740277,-0.4568561744857645,-0.49106132759769816,0.9002834783374557,0.5309800499557223,1.1248634646223044,0.5717069371405405,0.9885391544440822,0.5582946642587517,0.09054630386672502,0.6405307154204001,-0.4875097680324879,-0.7242146344360396,-1.404275687921213,-0.5806073038651326,-0.8247232969205487,1.0037194208161608,0.8573676716262022,0.454153819834926,-0.2844661420740745,-0.42698374812813644,-0.0372472969352605,-0.4994653360325412,-0.5269265484126843,-1.2522151540067294,0.035258526242612276,0.4240870718302736,-0.5013640093472101,0.7560207100973759,0.18839146580816768,0.6749161954171186,-0.3980852389294705,-0.29004336180316775,0.02490330599758326,0.47345118318561796,0.618615034324713,0.3055151945027488,1.1139779908571787,-0.09117065243945,-1.5924115446391232,1.1529915762651795,0.5641636699753481,-0.718764203064289,1.005834015898547,-0.8783508432446325,-1.1827370176547305,0.0851048316340083,-0.9954787593955406,0.15348599642386365
3249,-0.24922885292812555,-0.20565921305695378,-0.1812144344892839,-0.13640682310374624,0.2270420810111042,0.15075926689059296,0.14657483560031978,0.04380790650777532,0.004080998938740784,1.862079674818505,-0.6649328196947694,1.3662654280837612,1.3640502060490312,1.4131235922734544,0.6138906745911223,0.6319894996017053,0.9326598613296208,0.7942809626345944,0.833298184148792,0.6138906745911228,0.727306204062198,0.4914247811578162,0.8226156135327677,0.8171606915182713,0.6401897790962655,0.7273062040621986,1.6709633054180975,1.1017407341462402,1.5252291936976277,1.1416826901130024,-0.3114118943327751,0.8873346507591524,0.9898978055378777,1.0834532303993354,1.1458406508541592,1.0534909917752222,1.0185589414869833,0.9384038433971394,1.324436685021902,1.3558252227580603,-0.013185681145114736,-0.40455118202135615,-0.32858690030947346,-0.2737356930170883,-0.21507895897566778,-0.2656818872587357,-0.2641324655307032,-0.38176719794101377,-0.43507331404953364,0.8842673532053329,0.5418003099744153,1.0153148348328556,1.1235982463021605,1.0650221495849868,0.896755649826286,0.10655232016904033,1.5968664868601765,-0.4949959450010542,-0.6565835330390638,-1.3625006162965951,-0.5395617913078856,-0.7781505294717613,1.3308933176142483,1.0366193034182298,0.4505830923853833,-0.26432380066258937,-0.3669339215984539,0.28938040309952684,-0.4528798070671956,0.02205168422611865,-1.2546800907792444,-0.19345146134121466,0.3592945352580129,-1.0033165886117799,1.09041359875391,-0.8035944459081712,0.23316499896920212,0.2088206568923577,-0.40516678402450307,-1.2810599630729385,-0.08216618974911447,0.0012698261809365374,0.2926597924176108,1.0682220903373665,-0.37841986160154034,-1.357706662732774,1.1749638805412688,0.5882831819037982,-0.7853047290020971,0.9574982778690763,-0.8371502482405255,-1.147308071688045,0.1476680297800148,-0.9873801411830228,0.1550733356534329
3250,-0.1829468107573265,-0.16781513592010738,-0.18294841903228953,-0.23438343793834077,0.31953812417050936,0.22342125103348226,0.2962050130977262,-0.00105676071445708,0.6956538712041132,1.7348610933626234,-0.5078275281749047,0.9323462957403825,0.8046269186439117,1.0802492817641522,0.35349826273904184,-0.5802558637314622,0.916792887104924,-0.11270651910936186,0.8708226797885267,0.35349826273904256,0.628495374405118,-0.41201408898306097,0.8409633768096827,0.1580155128741299,0.690408225491454,0.6284953744051182,-0.02282581127722105,0.31533200599240274,0.49663510941285566,-0.5194514049452061,0.20320082359785216,0.2120807451959846,0.47812818030222415,0.5572256488101327,0.7882564464724883,0.8081768072892085,0.8378643595313006,0.7457537761922314,1.1351312726362932,1.1911239942942033,-0.6950707583927339,-0.8865811367641868,-0.8021540312787001,-0.6335277444872347,-0.5573154427960767,-0.5066210621712093,-0.5304458115096654,-0.5436893634793495,-0.5591708889662477,-0.6546939849864186,0.2263977894057546,0.6236683169581202,0.9319160969709772,0.9494463753399803,0.8388450384213666,-0.10703286090379337,-0.23970357915049142,-0.4634452410990511,-0.6270053720631671,-1.3048884363403286,-0.4976092563938037,-0.7158059674097943,0.8394923581244086,0.73587894044867,0.40975094040572874,-0.24826461889475496,-0.35104270188910824,0.14894838895743553,0.2431468838778067,0.154680691337244,-0.761800803743675,-0.23810063125907327,0.3449162206078657,-0.7317433310712279,-0.2029356793855558,0.10716588799151365,-0.07275540094136972,0.3452208074222551,-0.39184361748928986,-1.2378998182487566,-0.7056805738619857,-0.6905638489818375,0.28287788674093567,0.9828851751594755,-0.6347759539929869,-0.8523852329715493,1.1820738784736537,0.5952840907973049,-0.8103208169495103,0.8852684548750928,-0.9290314367741626,-1.1207410807231977,0.21978188411561042,-0.9750758956548794,0.15891425310422583
3251,-0.2190490422652279,-0.2919852336675373,-0.30341991764575166,-0.29537261704301354,0.42901681120470686,0.2926715584860993,0.408513829487276,0.5046545875328444,0.9722227792670102,1.620605280031012,-0.3226874121027541,0.6772214255162201,0.48618518349809614,0.8791197531137427,-0.007378786832687333,-0.80285450911761,0.8447154292688495,-0.4905963766900733,0.8711390220382363,-0.00737878683268575,0.44212756829126376,-0.7751994424045667,0.8194805720014031,-0.20810710900096405,0.7260718842385595,0.4421275682912632,-0.8362121846489093,-1.055709866487379,-0.2813116440718004,-0.7685295181316875,0.19293589914994863,-0.16232145288441063,0.08642563238124354,0.24410674174516792,0.5609006276302678,0.6424696714447459,0.7194978693210786,0.6245568358079723,1.0076993926591744,1.087926867717949,0.22359411250290936,-0.36773444310210807,-0.3543824783189368,-0.30682866569344086,-0.23529771285479717,-0.29305341610653474,-0.28218318317738256,-0.4007990189178211,-0.45095817715330994,-0.4146522111025454,0.021350519444967457,0.8296308094305009,0.8264067782583348,0.6443643872270334,0.7960214501215042,-0.19257861830787334,-0.03405839080482202,-0.4343881981702119,-0.6073940850487375,-1.3476300751969894,-0.4542435131056154,-0.7062635065045699,0.479385817495348,0.6032842255085207,0.5042953743346158,-0.25050959260127437,-0.5343664498219616,-0.332797712280187,0.04247652422786637,0.008439830091381134,-0.8288082129798611,-0.012458144907730638,0.5579836269146374,-0.11582284490904188,-0.48718977714717243,0.05513662325843922,-0.31373411740325097,0.018307630769761503,-0.3014272815336397,-0.2105387574393775,-0.9574087872507846,-0.9655712558593861,0.29346189095052677,0.8858904189243778,-0.6667458227026662,-0.47555261574192054,1.2285655603813566,0.5898172532550611,-0.8097748867701108,0.8074639770704054,-0.9633030171651101,-1.0995683814371329,0.3003095217064359,-0.9622807155988911,0.15989207897580154
3252,-0.2718480677781614,-0.3461094424011149,-0.31229967064022846,-0.29401510726589086,0.6397037140867269,0.5412085315218036,0.5153317078444547,0.5925826958789662,0.19830415424191294,1.748255412081678,-0.24752680728522472,0.6670842736306897,0.47109221712348404,0.8721132322194665,-0.2033432943168127,-0.4354134983147857,0.7868965010635102,-0.40048414621391526,0.8515508911926628,-0.20334329431681233,0.2844543212415672,-0.6558040562866042,0.7952507293173077,-0.23791890415490988,0.7495025911571488,0.2844543212415678,-0.06954476139803877,-0.4682375481190172,-0.4071563250478897,-0.2225833506652627,-0.3990654997863278,-0.2819604510756008,0.038163000113858696,0.18194757539493875,0.5106159264947201,0.6133055495208163,0.7037323423824458,0.6115599852966898,0.9803339678560408,1.0872573617315624,-1.070123490397326,-0.996339574426429,-0.9725790680795224,-0.7426392713547009,-0.6980992476678398,-0.6106952406407586,-0.63930097272289,-0.611909022870963,-0.6120433161096372,0.001110486175820656,0.30952340782326937,0.2850931628216637,0.8590362641495836,0.5806723314244303,0.7687600700973078,-0.3431322539657273,-0.4799070798071225,-0.39592162198666314,-0.5956233169121435,-1.3960951375326598,-0.44893230367326115,-0.6998243624157897,0.46798275591498845,0.5976989879878711,0.5045846949422557,-0.2762956119254851,-0.5416145597604343,-0.09242214790845546,-0.10819506114220509,-0.39458931585041596,-0.8960708027706956,0.11344977613083938,0.5597516678246057,-0.5548824442683408,0.0573579902514276,0.5905238680476482,0.446782401630576,-0.3881618536834891,-0.1303179225677554,1.9411111222616204,-0.2619032333080948,-0.18391444743943258,0.3362270492993781,0.8858638518199499,-0.8441315053376093,-0.28361754385721893,1.1832531630706613,0.5958687506092053,-0.8075396601721545,0.7201690161991365,-0.9440144213402887,-1.0755406389531614,0.3774369352982241,-0.9522924184521847,0.15959620768622412
3253,-0.3302228642065303,-0.38452412156958193,-0.4422414588728327,-0.5059393339354816,0.7255050032495173,0.5564536391304169,0.469432904498951,0.6484695953781012,0.10507931786493638,1.7090568056394455,-0.3401446666343825,-0.08856289423194083,-0.4197069570990961,0.2517956151404244,-0.8363345726900079,-1.4019790257706048,0.5764236012913657,-1.409578411450228,0.7664822248608137,-0.8363345726900067,-0.10129102014190733,-1.5883690237573582,0.6743212739825818,-1.1176523963277594,0.7427778926771245,-0.10129102014190626,-0.9079152204341834,-0.33335141645578786,-0.4492954750799756,-1.7704444796267647,0.8533303217280434,-1.2443345465909643,-0.7835432958612026,-0.636223662289956,-0.07591446889994483,0.1440374067394901,0.3549764263021169,0.24908244765954018,0.6232598241217919,0.7443755303410275,-0.107768324146337,-0.43802166434280515,-0.5499690373923379,-0.43323774957285316,-0.42991559284729775,-0.43346957665387303,-0.43107711819733774,-0.4938666057692213,-0.5238608173160418,-1.414081948675793,-0.7148085746794397,-0.14575284336243652,0.42254865292433824,0.1184469992783853,0.3714069003531683,-0.5265719313823676,-1.3026943775395172,-0.3781951837616809,-0.5924134255756592,-1.3857780922130751,-0.4565881540854255,-0.6940394003125666,-0.24297525653083862,0.18110538610926016,0.47174037759866705,-0.31860205056267293,-0.5287044757759161,-0.6192069615999111,-0.08519205774312681,-0.5089274013848509,-0.9410055507171131,0.28942322979808977,0.5338475444417811,0.4030310635980343,-0.6447861061614039,0.8520537238800794,0.12169179488629522,-0.6455694861454493,-0.29687453127726854,0.743364200190419,-0.18972744017529647,-0.08830800443571907,0.3868288244509964,0.8517579141790843,-0.8758771301533591,-0.08168183113385112,1.0055925972500164,0.6161814872784487,-0.8193297746383742,0.6309522492658632,-0.9026313074775045,-1.0590031124049886,0.4596279394668164,-0.9431996066235695,0.15268458422673098
3254,-0.5090483520731209,-0.4856308924833363,-0.47036226847629276,-0.4509499816142393,0.8914924903350707,0.6530927000751378,0.685336038184589,0.2917044673567156,1.680834851998887,1.382867638461664,-0.1592280488140018,0.08240660214179209,-0.1933520744846086,0.3864364921320168,-0.8905910726719173,-0.12095413529701769,0.47702298700860934,-0.6704009048947821,0.6757754399983629,-0.8905910726719152,-0.2922269114829029,-0.7823983562765775,0.5975809411654657,-0.7153697178914116,0.7212795967312655,-0.2922269114829012,-0.20185176061223833,-0.8716104103693273,-1.365538728117517,0.6114962907027913,-0.11108798397684204,-0.5557237267930386,-0.514041399672269,-0.4286988784431703,0.03148385635650204,0.24867250120135498,0.43704037639368004,0.33619978716189675,0.6857922074565259,0.8331980012700263,-0.14786295092601315,-0.4283516718504795,-0.5687348977465321,-0.5070845949979279,-0.4958727735839439,-0.47960825631910947,-0.4863713291956715,-0.5265120154533769,-0.5491144597726116,0.3718790809611571,-0.9304027770668662,-0.3054970006304,0.20807836873300456,0.4591417138360595,0.3177737782968279,-0.5595860142808596,1.5159592712730958,-0.3618154026757934,-0.5867641548388417,-1.356695642977794,-0.46001922548716767,-0.688201543633192,-0.03780403194699378,0.2806761350399959,0.4500477496021682,-0.17369084423196834,0.1464566766092899,-0.44721098099608864,-0.5552206202627914,-0.7972920006619407,-1.316410869065775,0.5009230773831828,-0.2156039356567713,0.9925817076056215,0.32725197520263044,0.6260470169249538,0.666538676382081,-1.0620133204130175,-0.5009790735967806,-2.632019158455234,-1.5783930463891123,-1.6660843063238227,0.24836508281445777,0.7466892345592843,-0.9131005355861918,0.36193722962264785,1.1418733841743225,0.6830502663059843,-0.8556550469303413,0.5850222340783658,-0.7394691236022133,-1.047178629962958,0.543579405932442,-0.9198647605711338,0.1469482550144943
3255,-0.43131886277363274,-0.3348880460885149,-0.36033712361826215,-0.36894577187673827,0.8269973520816042,0.7658969566204923,0.708435531251082,0.9914466378062229,1.8598960709907433,1.3037606208991535,-0.28772819765443547,0.3377090169492227,0.13971689685851066,0.5901828579856196,-0.6235927308545942,0.5981645479872424,0.4714860540902405,-0.05633629204074559,0.6133840695041847,-0.6235927308545929,-0.3181058533765394,-0.10256544468823382,0.5691237783562156,-0.28423559050707414,0.6981374655276201,-0.3181058533765379,0.7709357479103391,1.323667918531116,0.6050444567528886,0.6559025656373455,0.4008505466792168,0.09000381964943857,-0.16529245325807193,-0.15398718702392492,0.20282050719537145,0.4036872599490638,0.5622903307329385,0.46674222465434395,0.7932529955217515,0.9666709231359103,0.10018645021732926,-0.12175269852207395,-0.33056495109759954,-0.40245884582580005,-0.4016311090752282,-0.4182822428450501,-0.4072289069424316,-0.478630121184653,-0.5180023849118017,0.5552391396463197,-0.41172749732768377,-0.13664739082313238,0.2341991714004121,0.5816361540002338,0.41010494392920355,-0.7461958733311435,0.8341212579672715,-0.3512792106490134,-0.575961157061015,-1.4111904894483913,-0.4308700643034315,-0.6821750890972373,0.15389547269702702,0.4329191637725702,0.5146270545963915,-0.2156863469475108,0.45620468487875154,-0.26619680043016386,-0.7272819289811288,-0.6781277057716444,-1.3225568552224367,0.5633181046741896,-0.5874044473931674,1.0786450911033951,0.8330294570074563,0.10277297974636214,0.6710496373647301,-1.0437665926307182,-0.24566210952691928,0.29161729596115293,-1.7541371632353076,-1.8475919581108626,0.2872267494688284,0.5783057768904657,-0.9314445206794534,0.6252801740180617,1.1288138056875474,0.7332865883565247,-0.8978723642209778,0.5632677734519151,-0.6349737108704965,-1.0388781120418373,0.6355853923560725,-0.9002985634940099,0.13585183644827856
3256,-0.36641987652897173,-0.360564294294623,-0.31450615970884405,-0.2859627696329572,0.7384539668022271,0.8237172734075767,0.6694493475782436,0.9071381575550646,0.8722120359251418,1.4360933817679,-0.5248949309604055,0.5837967799792505,0.45099757254642237,0.7911599067217349,-0.2513684416356664,0.8272515957074895,0.5265498755539039,0.3359219278501913,0.59048991040215,-0.2513684416356654,-0.2377450171088271,0.33446039619663664,0.579444550516699,0.060730067413791236,0.6818141621169164,-0.23774501710882592,0.3178617884772245,-0.21434007685596304,0.5069239065411065,0.8230010703913491,-0.5496570372724475,0.571969179056814,0.15887902015630218,0.13833323905391218,0.36416166216253465,0.5463520183676068,0.6852381449130999,0.5925984219656256,0.8986981189372156,1.1015398836332697,0.2734972531130729,-0.1073641704081684,-0.20658257426817536,-0.40158974014545745,-0.39548302957701353,-0.41529688790326924,-0.400531488748513,-0.4756510199204259,-0.5175524368891797,0.5496878652572835,0.012931535655785168,0.032256384096550926,0.6563039809379972,0.7209489772590064,0.5776210991094864,-0.7422894596180883,0.049168777633188374,-0.31816138342640793,-0.5673462764906712,-1.4614717956059322,-0.41258495777141246,-0.6761041100082184,0.3840079653408137,0.5862678510913386,0.5496800100549716,-0.24225072250922122,-0.056090153943863304,-0.4386236577319351,-0.7369940955320133,-0.537970267379821,-1.35581050769377,0.7497763086329482,0.0027440080239801655,0.7061428743414744,0.6305377606120678,-0.19032496361643067,0.3241902452394887,-1.13449767196238,-0.07364065316631091,2.1909031318862016,-0.8636634274839373,-0.8582671062723506,0.3081637554175387,0.4243876402263911,-1.0889608858394741,0.7204492430082109,1.0563850485245994,0.7537382725380095,-0.925552918614399,0.5663695456151979,-0.5199272303511886,-1.028086854014588,0.749096106380677,-0.8925779128782798,0.1306902684714268
3257,-0.3065618967845459,-0.3294342478172737,-0.2926900916192881,-0.3584480393183862,0.8967650461338867,0.6055197149654341,0.6492545987324311,0.8849452772489292,0.9657538830010428,1.4338342693990105,-0.6193509812566115,0.30743276329002833,0.1046850208545315,0.5718596087741613,-0.26794695361491244,-0.03506740059998974,0.5000662536572827,-0.20089478793762255,0.5662357338752539,-0.26794695361491166,-0.2767331680062918,-0.1554283275140982,0.5510560457489996,-0.29114010758417164,0.6628652745655237,-0.27673316800629055,0.1464802923223334,0.2688233319655906,0.457615169671259,-0.5092777217717698,-0.4293356700228089,0.2266172803228769,-0.1454334368348992,-0.10941559458586635,0.1144811249563765,0.36427093104566693,0.5603281183878109,0.45553953961378535,0.7643263451126351,0.9880849712437165,2.2211336490686655,1.6372074107753674,1.4485413866738326,0.6191683929574717,0.5168437348049114,0.20192486034422522,0.33567078092614683,-0.05874787137236545,-0.21588421277343522,-0.47673409130083305,-0.20069185690475594,0.08947503776040487,0.10246377896447566,0.6374849945630788,0.525558315044927,-0.7230000268960115,-0.47746740022064516,-0.2825613488994963,-0.568387852620676,-1.4919744052011816,-0.3918464795753206,-0.6700500052547275,0.0670366851388111,0.4405998925756478,0.5910317102319476,-0.2673335683810232,-0.44579237887604145,-0.5697214225834585,-0.3880020389753589,-0.36568151691589945,-1.2325426095559235,0.7666642493836505,0.45098347446748593,0.4230016149621527,-0.0966197269796626,0.05925571662331878,-0.0290800298081196,-1.0338982659838838,-0.28268774623934256,0.4857321974656295,-0.9559133703365621,-0.9485662982276565,0.346179217412032,0.3428527205103874,-1.064525492875008,0.8122160977662768,1.0686221395594284,0.7732765488385555,-0.9499793055334488,0.5807595416191405,-0.4157514198422994,-1.0153437234742666,0.8274794778555384,-0.8762587919340737,0.1203007074040805
3258,-0.62139457107854,-0.45078944220079875,-0.7768886307832614,-0.4445868185052285,0.3064241946848324,0.7646472804385204,0.5148807603927308,0.10206092264857348,1.4674696396362306,1.3565277063168744,-0.7684396126255794,0.006043935063512225,-0.2568150861368921,0.3251406645581689,-0.4755020712097545,-0.45611408850076585,0.4120641960452352,-0.5953902679427484,0.5202054440904348,-0.4755020712097533,-0.4030441405159315,-0.5101273034706552,0.4865984200000546,-0.6120454690157137,0.6343271545586957,-0.40304414051593135,-3.2202099104169024,-1.0113777060013942,-2.3301853771036622,1.8417351540118616,4.498493198043724,-0.3478421865709908,-0.4133341052268003,-0.3767952289523285,-0.15468189037461216,0.15076393325149398,0.41550135927512916,0.305688632148073,0.6136542035068123,0.8554711981954795,3.4119465699573697,3.307103884344336,3.1182817871396487,1.9700256373191047,1.819389968568413,1.1554211693404435,1.4900146455837047,0.6071450250853317,0.27059358808069073,-0.5631020131686788,0.19187855664845435,-0.40453410007257934,-0.004020529604911054,0.4670113962718127,0.5034359388391165,-0.8792562072824942,-0.28844957918124414,-0.24771558890943188,-0.5759977430170711,-1.3398503144223937,-0.5045606136319288,-0.6640120515246989,0.15302965726919265,0.27046451846821395,0.27949419995794395,-0.28488958429879085,-0.35519522692884953,-0.5950611168127445,-0.6680970213408346,-0.4628537753568097,-1.2813849754997293,0.7481231032733074,0.34073328506897543,0.588329271768639,0.32100160466901595,-0.22582977575202262,0.0770731766497884,-1.089771809626068,-0.3769361548182008,-0.7052343734532065,-1.416884565978281,-1.4659381071243345,0.3198888640384258,0.3248850681109238,-0.9730605892584455,0.6467682184217058,1.0299134630561309,0.7814158839288404,-0.9519214728679538,0.5313806576572104,-0.286832142498454,-1.010237503102551,0.922909613537388,-0.8730244476543505,0.12448673950588424
3259,-0.48524149069258526,-0.5048027958197457,-0.5428950752706102,-0.4962263780517553,0.045827297186618994,0.31416522719386425,0.19580023815853423,-0.00884586764979101,0.835106470262353,1.5482750466671449,-0.9137730592256891,-0.1711894314288473,-0.4623723865545608,0.17690823756007587,-0.6458986321075337,-0.37798908139446286,0.3118764317488315,-0.661553911472162,0.4553945759364253,-0.645898632107533,-0.5356398517923774,-0.5385213267561197,0.4089909273149384,-0.7183034528840645,0.5953911014908022,-0.5356398517923759,1.6607014303778393,-0.4450597946464629,1.060261264399709,-0.09542763771049714,0.6119169874914125,-0.5955587918839587,-0.46992752563131873,-0.5327900720172037,-0.3016186754355713,0.019045364027042617,0.3234019310171479,0.21431367911721763,0.5163601818249856,0.7764678296503352,0.2227522661438316,0.8733547625948193,0.8653164179532948,0.4918677848127985,0.4590708478094365,0.22480814673440738,0.37059599530316273,-0.003380355586181266,-0.1907009529448168,-0.3389381816415371,-0.1279589311140047,-0.8070816682550362,-0.3154021934631113,0.11661845475056988,0.5585659363732494,-0.8059048195323205,-1.0603148811283765,-0.21167765378588868,-0.5881014687182458,-1.1983306627957477,-0.5332350938028888,-0.6579895264666117,0.07365168435772572,0.1656162939189971,0.1913487110175641,-0.29213956380208544,-0.5287175132762735,-0.1067518136429268,-0.6209234903100465,-0.6595039978416399,-1.2990528360976104,0.8853500092653331,0.5415173596701875,-0.5137037596510752,0.8610649735527108,0.23549791935119085,0.7866934236128803,-1.3773111059456498,-0.1779241521695617,1.1631284928643386,-0.8438713640671592,-0.8371789221679266,0.30783608645619887,0.2346499947477156,-0.632061840649212,0.41023979405119515,0.9075153952405004,0.7626973997412482,-0.9051379982488883,0.4927709478443138,-0.13110213095712586,-1.0022912280503977,1.0186677596710567,-0.8704319975121325,0.12712835413047055
3260,-0.4565820013752845,-0.4938670209424382,-0.6373823389980606,-0.6696795094262096,0.271142877086904,0.044466859202091875,1.0107024419412969,0.12069977447566042,1.8629645766929188,1.3550706745202616,-1.4600047508635605,-0.6644755049859855,-0.9909080074274387,-0.2637537605295697,-1.064448206277933,-0.9313702929278117,0.1126405419239452,-1.2757468484544647,0.3442731676773084,-1.064448206277932,-0.8026320123729163,-1.0908186125426835,0.26782983739605404,-1.260502895873436,0.5349187752328728,-0.8026320123729153,-0.6371183410386367,0.10177287286138359,0.21972811271809448,-2.0887392154004076,1.9819681743848174,-1.248650330343806,-0.9781191602437297,-1.0315666671961983,-0.7370436655403287,-0.3575632472797895,0.04478720244871834,-0.07627050383284857,0.23781855338510302,0.5083617816239501,-0.32135414052470257,0.43306154349910525,0.505939240271793,0.28849643320263274,0.27796713374661014,0.106265091249368,0.22372948960796152,-0.08117419044929342,-0.2485731440838734,-1.1365840367033022,-0.8732422287207167,-0.965896315604793,-0.6191525820137419,-0.24406106305417719,0.300742865067639,-1.0075292528258328,-0.4401823750731144,-0.21171168492780645,-0.5790277729017868,-1.0345695781024868,-0.5432336124885268,-0.6519817081800869,-0.49356284813232965,-0.1694808406888913,0.1531230291120611,-0.318859854715568,-0.41308998851821027,0.4100920080506241,-0.28199521274811135,-0.7650383295567112,-1.244276182980734,0.8352655554657115,0.39961236249911536,-1.279977034305841,0.9662095807170511,1.0144830413249317,1.3957916890276931,-1.407150558583515,-0.5143630783451992,-1.7557375628697,-1.786050972588533,-1.863683080021603,0.3524977717519509,0.3025253566546154,0.710168588989555,0.15316775933511356,0.8040694573335453,0.7421783301503262,-0.7649696709502382,0.4797427246718342,0.0011182845315737165,-0.9993369774182183,1.109647766008086,-0.863697305732405,0.1279534167648242
3261,-0.6918052723330402,-0.7370389271748927,-0.80756912521735,-0.8502922153714123,0.7901570905750194,0.18009724560926127,0.8443360236013566,0.426232671275497,3.9656545674126114,1.1067073003280705,-2.1979935244280564,-1.0721243937004175,-1.377063511351279,-0.664198138381468,-1.5320463337485106,-1.0495624845708065,-0.1515027151487873,-1.6582171508432229,0.1798081124326732,-1.5320463337485093,-1.1421826646261415,-1.395624916639942,0.07455621317822292,-1.6846249483227618,0.4462991386143074,-1.1421826646261404,-1.152762596627217,-2.0202678218080776,-1.736295343881213,-1.5731020308022186,1.1378802721506793,-1.6437587989094842,-1.4669568505089787,-1.4599948061304018,-1.183161919778755,-0.7260884495160738,-0.24626146386230185,-0.37108154482369693,-0.04798248730193838,0.23203933435542282,-0.24068195938737424,0.6203708774567928,0.7114824662231405,0.509351770234961,0.4716307715503771,0.2754287970680144,0.40153420909804294,0.0406136637486192,-0.1675598010172972,-1.1986433217479504,-1.610493767038491,-1.220040521874262,-0.932874751811602,-0.2909015045960665,0.3611608825573085,-1.1962665110858375,-0.28107577908924236,-0.284771795154775,-0.5228132669599814,-0.8337269234264871,-0.5630105747905503,-0.6459878746990678,-1.0502041091002179,-0.5167885475025081,0.08941746669533103,-0.23332345623498965,0.37966658395469804,0.6265849311890835,0.1154807101133816,-0.38654044838184554,-1.258948701279786,1.008525955746387,-0.5035964303282113,-0.6116793240864664,0.602390560203359,0.9492231544644615,1.085473528011336,-1.3176336823906354,-0.6072749582739619,-3.140221692135146,-3.6880761946979637,-3.9632356137199216,0.3022037031710959,0.6056648343813705,1.846796479532592,0.2127309660160831,0.6351457159059989,0.680270700493429,-0.38171973836286355,0.5400837291140558,0.07674966726222902,-0.9949140365944658,1.2168828260155413,-0.828223449996381,0.1180322996739265
3262,-0.9534167172181417,-0.9239212639280285,-0.9285153528384863,-0.9310193752534957,1.4531018141760175,0.7523168337401314,1.8719343069707857,1.0515419417106655,8.921725762525934,0.7178226312708795,-2.1999445103044546,-1.2309909700845025,-1.5142536078863515,-0.8312298549909155,-1.702606236490136,-0.3982837235990297,-0.375097681817039,-1.3814596468131177,-0.006945028521610707,-1.7026062364901344,-1.3891105110031676,-1.030534229734614,-0.11335423432633515,-1.6069410230020431,0.3360560006572229,-1.3891105110031663,-0.8279686407693754,-1.5800092584698748,-1.9656050617143574,0.28081325856677825,0.336522151441518,-1.4533823360796674,-1.5298722841415584,-1.535548170828206,-1.3237469869019818,-0.875622569746451,-0.37782557311434267,-0.49485009291676646,-0.17630817502874963,0.11457147119082335,-0.35664108371485376,0.3293843015871076,0.47098891386088,0.44965175807344926,0.4593386017467927,0.23627976481006563,0.33891146891993734,0.029471221008725783,-0.19043915603721084,-0.5373415967255383,-1.6280602747017807,-1.3865307307310082,-0.9078473326710569,-0.749363825981219,0.3082360086523954,-1.3096325367074142,0.9313047926558902,-0.3701050232207395,-0.4662627090193541,-0.6165250160715332,-0.6216645444267429,-0.6965083251883406,-1.1319005397922892,-0.5813399768098753,0.06256004657331374,-0.14410773056141596,1.3281007544738437,0.9690899677760698,0.545637758348356,-0.30160142922507643,-1.2993891402030644,1.2039294499332969,-1.584901793910471,0.04261339626954897,0.3466504662515956,1.505242697605569,1.2815116593056202,-1.460303968052476,-1.0857115692985888,-7.345883955877026,-8.398732480798666,-8.926956993510979,0.2592043494669734,0.8891294751606535,2.2294933684920957,0.6922091102231096,0.8783658281155787,0.6460939697652198,-0.008422352332047932,0.6029015273027163,0.3567562149816485,-0.9882833909685426,1.304165546060091,-0.754172461319037,0.09384505467015214
3263,-0.9117245922182384,-0.9550762503603448,-0.9039004891327642,-0.9520709002918498,0.5303250910533034,1.3563936978947786,1.0402760155700943,0.5686109775687939,4.637432124963176,0.8394000207964517,-1.7720653070660466,-1.2728729566097952,-1.5462024980006248,-0.8779142880199277,-1.5732893737320481,0.2731988140419217,-0.522436712205508,-0.8948305594991711,-0.18281570852546777,-1.5732893737320477,-1.4930216231070792,-0.45354499383355784,-0.267997393366119,-1.2992448729184174,0.21517995282022948,-1.4930216231070779,0.19473824941401335,-0.23797552028340943,0.34927933957677654,-0.3709407144785535,-0.3938163538444048,-0.9837962240832123,-1.4324848558572225,-1.4089843464717338,-1.307213921491935,-0.8916858663641096,-0.41123680264290674,-0.5226212801051934,-0.21077640876958467,0.09156164524505195,-0.8212429231151507,-0.46730577482604396,-0.29493995050904476,-0.14428845837948645,-0.12225769054433261,-0.17448809888896338,-0.137061584224915,-0.2511736896788051,-0.39552476823764815,-0.1261172169830136,-1.4411159954758666,-0.9696560920076369,-1.156264229570351,-0.7428823640559122,0.16295727846539276,-1.3931857801560577,-0.5922792244756834,-0.43540955670222675,-0.4192927919940158,-0.41330482971443855,-0.6155551399695177,-0.6903263072313757,-1.2145250575230964,-0.6256741493005545,0.06756685008285765,-0.16460885273073614,1.4380975608660314,1.1983209319663768,0.5526717368627904,0.3094227977565387,-1.2524758200594388,1.3324098354945293,-1.7150949497120487,-0.21791490211914924,0.6274870010859166,0.33144738399040063,0.6802026329022011,-1.1488233665582939,0.25487534596275924,3.8932962718362223,-4.405838135406841,-4.644375871286566,0.21122171966960696,1.0551162715205107,2.3963903731846314,0.5620536330438421,0.8270058243936573,0.6234802987541334,0.2587114714515123,0.6029528113115346,0.4442657350500077,-0.9817881154933542,1.4130989223717902,-0.7338055395313904,0.09000020753308716
3264,-0.8698925026614815,-0.8829024810891194,-0.8488366444809953,-0.920620289829937,0.6860905884744913,0.5754339143558884,0.42294578030469493,0.24999302508114815,4.480167183545604,0.7363447050729337,-1.4437418870536025,-1.1501329801203182,-1.3743859373022789,-0.7883963743171805,-1.2028372110476702,0.8246482373612074,-0.5776329295026809,-0.3181055018107528,-0.3198635918746866,-1.2028372110476697,-1.4396541602266213,0.19528594180566164,-0.3705563205068567,-0.8430513027432781,0.09647979699293938,-1.43965416022662,0.40465356779009465,0.6692600655740584,0.34664209375158694,-0.46268582129375896,-0.18359759531632847,-0.2861517410030512,-1.1169048127316945,-1.1008461959475735,-1.1400490830316643,-0.8100168043811697,-0.3611744140482502,-0.463444253477055,-0.16398790055921889,0.15308525724978783,-0.6334984976919803,-0.4904624297575739,-0.3298123106421908,-0.09936790342321555,-0.10903331349612742,-0.16114280687867913,-0.12627733301253433,-0.23319947118052972,-0.38966168883102464,0.24473322266772488,-1.1964666457953308,-1.0098237336877975,-1.307312644786594,-0.8721411881180665,0.21998033015994395,-1.5185997192748046,0.644011742259168,-0.4988606126432452,-0.39268143041750997,-0.2716124826977916,-0.6116232554420115,-0.6841621628817004,-1.1068831140380626,-0.5689382728946222,0.06726968014298919,-0.2115605029326731,1.2344741754854032,0.6576755896675985,0.8764684686043591,0.3406437470502928,-1.0595307184493508,1.4214445533130324,-1.487947189119999,0.4804424755638778,-0.5750092919447466,0.8175517903660523,0.14651875932051198,-1.221099290428425,-0.2112316588173499,0.4118922295469296,-4.282954000809892,-4.484092905899112,0.2717423853833927,1.1103496708949494,2.389321180152743,0.5491952464895529,0.8419564473126737,0.6167211972904523,0.44903956491961566,0.6419900328276883,0.5429317458100761,-0.980165599894281,1.5154143327327265,-0.7105978336611007,0.0822661184967948
3265,-0.9050293118245003,-0.8740950056099179,-0.828825297930703,-0.8800187321480683,0.3014989755366557,0.5658039472208529,0.3178683232830201,0.4854184483341574,3.018795632953803,1.0149904939182353,-1.3255057184088173,-0.9854771106388583,-1.1430901370412483,-0.6688721948081833,-0.7570534636152564,1.0008159469747901,-0.5665648294165216,0.08909739780382933,-0.40822351729148126,-0.7570534636152557,-1.28019620928577,0.641882254521167,-0.4268750983776906,-0.4469961820559083,-0.01096383418709357,-1.2801962092857693,0.15706885668219522,0.11059396698698508,-0.2392889330760454,0.31465296384696145,-0.326539187650728,0.21393167766169988,-0.7499628778121367,-0.8382146835348375,-0.954496692236982,-0.7125794745818845,-0.2953124162918706,-0.38938418709277983,-0.10269340763458887,0.22703963597934612,-1.3795292220169348,-1.061121124156917,-0.900978097126526,-0.5970065494335204,-0.575106455350097,-0.49350494075243095,-0.5108005508614827,-0.48210785197081585,-0.5541892600771934,0.29984050787565375,-0.5839482308266043,-1.0873579357806602,-1.0764182274284313,-0.8179066865668088,0.13659578368291422,-1.4073832576809833,-0.7738985082982988,-0.5473973808121428,-0.3763863553110293,-0.14124189342704624,-0.605556854054804,-0.6780151218227835,-0.9769377640067823,-0.49569036717624626,0.07313839295087307,-0.2568440391153916,0.9317882287014048,0.7127018974460751,1.1013351902733983,0.5214627363394796,-1.109822237453067,1.5353841909094375,-1.146705057862993,-0.02408609912695669,-0.8687748132305934,0.848233583724653,-0.043480864729338035,-1.2099438100225282,-0.03618017143653254,2.03782697469723,-2.914124842113375,-3.0241253454141295,0.29000959354885486,1.120239729092156,2.3957397471146464,0.443799094557999,0.9844436767701855,0.5983049606077337,0.5850566460489498,0.6437139291570664,0.5686410820529025,-0.9773286171458335,1.6242638306555846,-0.6997465881566641,0.08058291820174805
3266,-0.9003214454987967,-0.9610844424476579,-0.8669780821139492,-0.879878484382922,0.020149314314967783,0.19881620031409847,0.06356191359677892,0.151936718169862,1.8466917529931166,1.065929473867468,-1.5436922850953831,-0.9899032983909815,-1.1470434815094384,-0.6739425509196757,-0.429023865811546,0.7382554951485589,-0.5444171411685967,0.15346063988475298,-0.4600927279966711,-0.4290238658115455,-1.1052810064813543,0.7144507776398065,-0.46390924228430064,-0.28333798313041425,-0.10541193608512417,-1.1052810064813532,-0.2356930563125087,-0.7019759412934399,0.06992958289837704,0.26043010395695004,-0.9275904587741692,0.25269258308381987,-0.5068442259984197,-0.7038184132656311,-0.873034664137489,-0.6993958704107058,-0.2894273662774666,-0.3855490799140389,-0.10105402086880526,0.2367329783809841,-1.1870217604033966,-1.1091553951729036,-0.9548941509078145,-0.6438980944743995,-0.6187937953202859,-0.5222061612410813,-0.5456170035527443,-0.5029475560319624,-0.5699570688269167,0.023280610830036824,-0.04525637923036601,-1.2479713103415688,-0.9686451630171896,-0.8228814805863295,-0.02936072486390205,-1.3587189583953643,-0.16544228195835323,-0.5898274195812385,-0.37873401259952605,-0.0055551550389923935,-0.633547269980894,-0.6718844145185237,-0.8769194476657607,-0.4989664445822322,-0.010233083506225009,-0.2972814527320374,0.2246615157783276,0.8186825038943956,0.8377499797405421,0.46850013883620617,-0.9845202382757703,1.4480221277109073,-0.3363278696905413,-1.164245449758409,-0.31252037326919574,0.5074212325444011,0.12422261160657516,-1.1593349716248398,-0.08018290540274992,1.824021722686421,-1.8132583766009962,-1.8526327214057359,0.311018366482446,1.1073816514778578,2.3966832090155648,0.3310060539656164,1.0788129841525498,0.604048855019561,0.6934071456725174,0.6370988119909353,0.6028195160990384,-0.9714200129751848,1.7381602003595074,-0.6921458873558848,0.08163135732195738
3267,-0.868008539457439,-0.9438318990187289,-0.8869008571689213,-0.9199514605989342,0.08868860542370699,-0.0005851008165403208,0.29511712220421044,0.22157372060616867,1.939862755891345,1.0580350397384903,-1.6677212995871384,-1.093134250535816,-1.2606455162432482,-0.7704016882375758,-0.281970995140259,0.33121081795119567,-0.5458259658460022,0.00836091952061874,-0.4954874681930928,-0.2819709951402592,-0.9701448561115198,0.5548118465978904,-0.5028321536177156,-0.297093190688717,-0.18982596869680202,-0.9701448561115198,-0.1105136545676827,0.1889532566474698,0.2735282732692155,-0.46685558338781136,-0.45154689772555195,0.005494611555892153,-0.4324099543534018,-0.673646853220124,-0.9018377515748609,-0.7662589905059666,-0.3439726243084487,-0.4455279020122198,-0.15801409848920697,0.1818442914908651,-0.27932902842752577,-0.8432528502213418,-0.7488003836405092,-0.4441204095547607,-0.4416561481686255,-0.39232889158583345,-0.39074452236477825,-0.40402084626301915,-0.5092725241766713,-0.24154657741106567,0.08704395077664646,-1.1707512390950252,-1.0263769650746204,-0.7383948344369876,-0.1201886101476317,-1.4158519677615324,-0.2071402756847959,-0.6323666543567615,-0.3851226312137352,0.12960374704740915,-0.6423103556784159,-0.6657692716299016,-0.9742492655023126,-0.5770616884121517,-0.042830197780363455,-0.3386753907232348,-0.35721137153069416,1.0351867112059756,0.6863288307771774,0.47907999396420603,-0.7228810812595385,1.386785194241397,0.3282759163618502,-2.311136364947309,0.20792068069072286,0.23198283905589678,0.309847197960608,-1.0889021096037628,-0.3564191790943878,-0.11079049162630339,-1.910519749625861,-1.9449774123914665,0.35918613788051773,1.0840745253426283,2.409284763877622,0.2252875158215545,1.2303750756842529,0.6233772547532676,0.7999422641877145,0.6312863157546708,0.6864408084728298,-0.9661048187484166,1.8383446264619432,-0.6832329358961926,0.08159595906376672
3268,-0.9255750635904446,-0.9601517375979297,-0.985597094791213,-0.8755450578721552,-0.09091182949193567,0.07465596896995277,0.15233453913146217,0.07187177118929478,1.0712324610793111,1.2629178386894373,-1.879383932567813,-0.8920916346354181,-0.9658390317003642,-0.6299000058888298,-0.04103255481213663,0.5427630401784929,-0.4984030001291499,0.2990303904466462,-0.5030537549412547,-0.04103255481213769,-0.7759104887216246,0.8074229331516447,-0.5055733163492337,-0.0011245963987033076,-0.25863202706983773,-0.7759104887216239,-0.6450089523512065,-0.10262749477684266,-0.3990617501966553,0.5493836654870119,0.6188322945457544,0.16811519967518535,-0.08142449083879696,-0.3336697699054715,-0.7036237369705544,-0.6633554123764018,-0.2670370308433902,-0.3606017453072041,-0.08900444118318249,0.25839870076171206,1.9154632020283615,0.48215077476966756,0.17595438268789887,0.46127090268277465,0.37115779424698364,0.22345454705654605,0.329121858860521,0.07405794035689746,-0.21555752030261044,0.3138685926957425,0.28260128477199326,-0.8915367479687195,-0.5927969169851539,-0.8612326138803442,-0.12310364107447788,-1.261723449851104,-0.4570672651536721,-0.6625327150055539,-0.4022798476444293,0.28654838456175946,-0.6799757011004252,-0.7050179133498826,-0.6965416978832614,-0.42147122590044955,-0.03820247051937459,-0.368249707832588,-0.52234133402788,0.9387460263371653,0.7504683754460922,0.37730165864338866,-0.561604171245787,1.4216753402940832,0.512341238570943,-2.335701743275126,-0.01829454661626567,0.5390721269954553,0.35831115630454335,-1.2055424329720617,-0.17837747284475322,1.519021654969774,-1.0935207641257834,-1.0762980005818312,0.3765455579068399,1.0120462911346602,2.419054139295489,0.11330610657328992,1.3548477311790665,0.6221548425879742,0.8877500303027622,0.6321901784935501,0.7641100921114939,-0.9589894222341846,1.9136038795145376,-0.6785366664834559,0.08295865206130874
3269,-0.8710720118432833,-0.9559514270708287,-0.8478034824993201,-0.870354914739284,-0.23665164741550557,-0.19624132064287156,-0.1669831085441795,-0.09051045551773904,0.42853099588189664,1.30156790543601,-1.98653450965929,-0.8849743711267519,-0.9588629206026165,-0.6237728993288087,0.11972287864653017,0.3610888878078894,-0.45042519806235776,0.2986549768032124,-0.4916953553517145,0.11972287864653038,-0.5944783555183504,0.7569238132443643,-0.4968781648814804,0.08985583899466398,-0.31243321099148247,-0.5944783555183507,0.9570954752228541,0.06641379703079776,0.4323050473693428,0.055769419098000504,-1.0865715205654132,0.1375231863178937,0.09518506887457659,-0.15391784577345655,-0.5872692476387127,-0.6282408639408472,-0.24950999123789994,-0.34124886488553574,-0.07650152784714775,0.27511859261777494,-0.11846362851957377,-0.507847953183641,-0.6408491769594303,-0.3624330192900085,-0.3568995958157264,-0.32141858465097517,-0.30257563708954044,-0.34150865634916533,-0.47528671995822763,0.05466753039890647,0.1980651876210815,-0.764609321442967,-0.6717956094905464,-1.031654624249198,-0.17868537797022943,-1.2729005490795182,-0.09048837225386681,-0.6908331322413331,-0.41217707060074404,0.4328317741359384,-0.7403601067162862,-0.6987680192769701,-0.47733451467588245,-0.4156204712705705,-0.20589884671437358,-0.40033675151169046,-0.5666941904062595,0.5726520194995031,0.2320110265128685,0.5377465964657869,-0.5382734922456945,1.2929295303522226,0.5556419776291389,-1.7405647470537458,0.35440291875972724,-0.652102405110297,-0.1930699723964359,-0.9448744778382787,-0.23814497770001453,1.1970229258515974,-0.49135896860354966,-0.4337822586787777,0.3990910234643979,0.9474705547686962,2.4155284739237417,0.07708164660981441,1.4148890231194908,0.6319341714871572,0.9599473126418651,0.6367325292749021,0.812545678619655,-0.9539240749378088,1.9853942144813526,-0.6729048508584651,0.08553812080722677
3270,-0.8352373149743801,-0.8570033660357735,-0.7962474086560696,-0.8043239963712289,-0.4733509104096205,-0.2133566636325628,-0.2990692737996978,-0.36866531350141585,0.11161481893618326,1.4981446175408721,-1.5554505838938706,-0.5723151411668861,-0.49697687748990726,-0.4070091660974004,0.35590901893312965,0.5285190412497329,-0.35829944315072004,0.5605902754556065,-0.45237286733456,0.35590901893312976,-0.3675154389898303,0.9517203274740482,-0.45302981478331056,0.37287813702663813,-0.34670977631370664,-0.36751543898982947,0.3543808282210707,0.8576524095225951,0.28783236333375445,0.3384913457887372,-0.5112859009109731,0.41999674049031,0.40588602343374486,0.19037221736124432,-0.34122636995435135,-0.473194575809164,-0.1417816923691295,-0.22788429839663996,0.023079375237736913,0.38123265669002254,-0.1467489294688602,-0.36801766527066004,-0.4329698105843228,-0.329295126173236,-0.31242336713753016,-0.2853961325311999,-0.26483424169519193,-0.314162986298291,-0.46079624222992055,0.4406958016024728,0.26026105588903065,-0.24687992122017158,-0.6993366086436168,-0.8015697571473203,-0.07646454662955016,-0.975614543578189,-0.2926509469206622,-0.7016934343182053,-0.44930395684436336,0.486146159057817,-0.7768362162682824,-0.6925365487516196,-0.13498061061008187,-0.2988130705027927,-0.31091980870179087,-0.4350280874412667,-0.5736934596081449,0.4064867499861012,0.2787964454753424,0.7774334193936703,-0.4424275410492164,1.2817334120943487,0.555022485338716,-1.456040754396624,0.06715394087209724,-1.0399746015378242,-0.6677909392325322,-0.7397844919548133,-0.3430619411507355,0.4731202547376635,-0.1985954836457005,-0.11962631613770922,0.41761294817527467,0.7776219646777978,2.4104729970841503,0.039360996099871,1.5017353380797642,0.6109206211829554,1.005958380916386,0.6412199196036417,0.8484083742624945,-0.9414877077364662,2.033211753745064,-0.6620364423414149,0.08904298661533447
3271,-0.8050101711405759,-0.8535989788052558,-0.7609884291973203,-0.768809200327545,-0.6909274909291863,-0.42905293806886446,-0.5627603596179334,-0.5527000005088968,-0.028575005215798487,1.5110765712386727,-1.6743753232867795,-0.42153104373186356,-0.28358497457019394,-0.2995970480074141,0.5220997468091267,0.36730667468358574,-0.26327919317943743,0.575709464514728,-0.39324176214130924,0.5220997468091262,-0.15468131723358416,0.8907272798646158,-0.39557245083471465,0.4806642595429073,-0.3622812278246914,-0.15468131723358444,0.24187867692630313,0.04747416430000671,0.23537574950393875,0.3859411644967206,-0.9054562605241522,0.4876178806776688,0.5071290381471397,0.4007468042545244,-0.18574004913046213,-0.3930150910399666,-0.08530999529990524,-0.16847550037448494,0.0772170089515967,0.4407843008413843,-0.7030602184869835,-0.5235604224361722,-0.5955542481354753,-0.5101818695399849,-0.4691562668621324,-0.4073346660950265,-0.40421903184838304,-0.40929160827704014,-0.519812833285283,0.23752439492394345,0.3561541549888545,0.2422805591815347,-0.7752993488224892,-0.6622793314067277,0.07018361460527206,-0.9057326733517216,0.18630831703643516,-0.6897594772039222,-0.5225310029729436,0.5343545804492903,-0.7710679757225346,-0.686297437081354,-0.03575059247420058,-0.23955552284983261,-0.3050984162511966,-0.4546435471091161,-0.5694397007472467,-0.2401219919899038,0.3173890877213144,0.4976596627424659,-0.5813195917226248,1.026250781772284,0.545274598053778,-0.3248500329784778,-0.8175057878094946,-0.4305667084024974,-0.8862704844120032,-0.6880090151073988,-0.4085014061265937,-0.041215740167147484,-0.07005886914905712,0.017521116465558005,0.42188813383870744,0.5754579745475771,2.447483098183215,0.048326166290789764,1.5773208676682027,0.5668966301016959,1.0613595650687113,0.6173376655521388,0.8848424011039493,-0.9261425365229046,2.072209789317613,-0.6484494937205493,0.09523407065795281
3272,-0.7632008324643829,-0.7569686541933628,-0.6830064675829423,-0.6878296449477628,-0.7054769324977394,-0.701342002098429,-0.6463271851254009,-0.6461459158309576,-0.07429471523228541,1.6246946153530302,-1.7545436055751842,-0.05911942994721508,0.21149981195429196,-0.038682019449526435,0.7326986362053794,0.4654315163744586,-0.13457832915835719,0.7759670291297006,-0.3092424433225584,0.732698636205378,0.08662290689745696,1.001221171173722,-0.3084202507943543,0.7208696589024837,-0.35641563465387927,0.08662290689745765,0.5152382265739729,0.811303648275312,0.31863313482359656,0.754784233025307,-0.6996772161265212,0.6712335415856385,0.7162672522871438,0.6907086863036294,0.07557278837753677,-0.2110945942172905,0.03644315115597349,-0.03809462956659839,0.19670982787634947,0.5700987779701975,-0.4028424719759286,-0.16642521150313874,-0.3507719050551593,-0.39084317047767686,-0.32319481736254746,-0.3095055042169191,-0.29652693503186695,-0.3353875445452715,-0.4775064205986208,0.5240464876440085,0.7018239374293107,0.6090237107353846,-0.5257018451443571,-0.5503717801637422,0.28265818633212547,-0.8508765750762831,0.10350646016236408,-0.6750637865441628,-0.5827296093273306,0.5016020032837543,-0.7461874600298828,-0.6800733972031556,0.15104788699113098,-0.09661857439752343,-0.24912907814162996,-0.482643707166342,-0.539399852925692,-0.6516642619416286,0.41555628388098625,0.30044944902781484,-0.7949268476409045,0.9268648798269917,0.5034578155834472,0.43306662307611893,-1.4935363954320098,0.1208922784495786,-0.9995436344617439,-0.7369700445854862,-0.46347632275672435,-0.2773981897931726,-0.03294505081369219,0.06314389166434456,0.44996275239273226,0.39218404536497975,2.4181215946296604,0.09298136575999358,1.622103287217142,0.49876915108015907,1.1096760361835716,0.5851330765834762,0.934556612424971,-0.9061680987725572,2.0985973057458644,-0.6305688604075415,0.10127740529883147
3273,-0.6925210597969698,-0.7629808455879452,-0.6915153782808731,-0.7683599037015203,-0.6116627948982669,-0.6655889910931517,-0.7479504422933414,-0.6882589649584733,0.33748488709580915,1.5842238215887976,-1.9244384086132673,-0.37025777353633615,-0.253998298966363,-0.2729646820667531,0.5737730807133536,-0.3561021027399838,-0.10632998450977872,0.17062430900809858,-0.24329431756092298,0.5737730807133531,0.1657302034922771,0.3250747674860122,-0.2688804058713247,0.32816731397989307,-0.3432981303500769,0.16573020349227638,-0.04365321194048357,-0.02742869801523914,0.5181600761566391,-0.6797070762348684,-0.6668812003244728,0.10344454027230261,0.3329346510871034,0.3837263548750309,-0.09058928584261443,-0.3454291549568518,-0.08364033906162803,-0.16311260474069988,0.08068735594566316,0.452806551518145,-0.2090296440726563,-0.28047765982440165,-0.38552610975239426,-0.4882455731494686,-0.394675011565314,-0.36650783360614747,-0.36925313016580136,-0.38276600933860794,-0.5076872405730066,-0.4893697538700286,0.3374681820442253,0.48202516255027567,-0.5068693586358093,-0.3436034782403782,0.01802699708927333,-0.9820667339914816,-0.3432303660130395,-0.6672750599827947,-0.6365570317823033,0.4769873930496258,-0.7404770814360344,-0.6738649485131626,-0.1326947297207109,-0.24994626968158928,-0.2433371140999891,-0.492200809711255,-0.2761990401087969,-0.48312550487294015,0.12005020964859012,0.14403908911633295,-1.081443341074163,0.864842281882667,0.19553208474229283,0.4833143682629897,-0.8041714408796062,-0.07664839320481279,-0.6361134978217539,-0.7935273349515419,-0.6101628522078167,-1.3729052758358058,-0.4253639350172707,-0.34856678410991143,0.46689223516923706,0.237530638665284,2.3613592380816932,0.12552918803112173,1.6310638434948748,0.44292901100859866,1.1560295594082113,0.5441509838411107,0.9850887998063114,-0.888411803804943,2.1422031259880248,-0.6176602037891843,0.10673751442591452
3274,-0.7338823126132134,-0.7533231803721628,-0.6687351401388267,-0.6692430654514384,-0.5825854534787637,-0.6713420173999234,-0.70371791314401,-0.5820231509065141,0.4689441210004098,1.625442430503005,-2.0528733720888908,0.052959913927665615,0.29552045094114804,0.04199532322478952,0.6696567639365156,0.2120506959350984,-0.009987410109070258,0.5785920304114959,-0.1659247142142331,0.6696567639365149,0.3239601003883636,0.6478857438771236,-0.1898482014130692,0.6497178350421821,-0.31594284976732157,0.32396010038836365,0.15461400399782793,0.09847428021746799,-0.2734282783905726,0.642284590643876,-0.822325296208809,0.4213599869780775,0.6046774407920892,0.6434766013944804,0.18989408001303992,-0.12278759634936459,0.06924980512759726,-0.0023499608594348648,0.22789825982187434,0.6099453758800505,-0.11737736918708346,-0.19451993115321567,-0.25512583384846543,-0.48073304639889114,-0.3599922927433384,-0.3557694553070572,-0.354616576752798,-0.3731562124955268,-0.5034416991656843,0.6309843888357256,0.5958247232079156,0.6152030513446997,-0.260524260274243,-0.28726010459760887,0.10943801259714242,-0.8274045786102292,0.4732420118055671,-0.6461913817719579,-0.6970956069486017,0.4498621368768066,-0.7348268349562264,-0.6676683115553236,0.17305574144537497,-0.07525622303798382,-0.23753944153652465,-0.49015507402726977,-0.5027589032451916,-0.583700315733614,0.06948300322757422,-0.12703318134272856,-0.7271774340052253,0.9682621102381279,0.4591607157519464,0.3628992215386346,-0.8495067172996863,0.36729690786788255,-0.3677852409972914,-1.1157325569947627,-0.5207502419826178,-0.6220570712753424,-0.5496007339643932,-0.48002957047266676,0.4669444560039937,0.07016688284338557,2.2530835497367407,0.23296858702102766,1.6297494119221299,0.40382266501703246,1.1823768526890117,0.5033668308237876,1.1379165310486037,-0.869513909474368,2.1622052290258567,-0.6050331589980753,0.11172579517610588
3275,-0.6584348975280592,-0.7409523004546,-0.6601320857445384,-0.659242561201063,-0.5885104954975201,-0.6536452441944665,-0.6319741525378232,-0.5265151494710334,0.894571606048773,1.4939342083166016,-1.7137941415672986,0.06860381449392018,0.31304517403194027,0.056231946066114584,0.6592985834499514,-0.026265900729760604,0.061127415306609825,0.42764740782731214,-0.08962204830835611,0.659298583449951,0.4300421469840129,0.42902695508908806,-0.11960370662357825,0.5776767605747554,-0.27896146399929406,0.43004214698401166,0.06039900173637199,0.11842323315856718,0.5454252345796545,0.014996901335980776,-0.771180734322679,0.310777218725018,0.5509251712053683,0.5836083856784924,0.25508804828567827,-0.07764055814802294,0.0816483762768453,0.012839643947029213,0.24103955493835053,0.6292883549318444,0.04701045784124597,-0.16690558699729913,-0.16163708788526873,-0.4523493907465346,-0.31334708178068654,-0.3328123214614081,-0.32816237447379415,-0.35443911339787,-0.4932113866643445,0.06625559501699421,0.4274763346114996,0.5345665747115385,0.056597674123439703,-0.3938809920695375,0.21118577526924642,-0.6128610576992501,0.5425199628405264,-0.6406499946759963,-0.7185647724552789,0.41813569281092844,-0.7292155758769995,-0.6614855557076468,0.18334282636713534,-0.06502498604523416,-0.231732601396704,-0.4892020274130949,-0.3623973348638309,-0.4646863056890447,-0.22369915324680856,-0.21769088295387792,-0.8292439613028322,0.8511681220387325,0.29647317366969883,0.33874225803474445,-0.2299076500811836,0.04299737940570982,-0.138184656160436,-1.062272514609292,-0.5984811956980203,-1.2829779305666333,-0.9526933560166799,-0.9072439922564661,0.46551672838735997,-0.021112178868616476,2.2001503473417774,0.36452875971849164,1.651140663519966,0.37304553293157744,1.2198844265789748,0.4416141813567553,1.2256615453942212,-0.8504331516174096,2.17952483543984,-0.6002119401460588,0.11663414006361124
3276,-0.6152902035343847,-0.5733975044976809,-0.5611812685192227,-0.48646536286045244,-0.7928263132272014,-0.5511517486340336,-0.7073953552579835,-0.7076652608918125,0.331393793056212,1.6296447039687296,-1.9041404283168168,0.7223658202745307,1.0753672182339886,0.5742601433216703,0.9511173348742937,0.6456908882599145,0.23266343199123743,1.0297376995873821,0.020693303619032655,0.9511173348742928,0.6636336006714172,0.9450883526275741,0.011948632733319716,1.0788292829997082,-0.22117230484963915,0.6636336006714169,0.6183087761531004,1.3261845999195483,0.3063884459921556,1.2046656664768312,-0.010717250404686851,0.9215528322448506,1.0309383486401016,1.032333696646718,0.7152747219239353,0.2742354757249012,0.3376738418259723,0.2740793952452438,0.4900200728596782,0.8927351227051622,-0.6142326026395792,-0.6025989363380123,-0.4974686984118046,-0.6753637567017758,-0.5441654823396503,-0.4935025051748255,-0.5109075528593993,-0.47713343823626675,-0.5655469971153604,1.0556236321208103,0.7938602969902575,0.8931971804032692,0.6678707667944249,-0.2841966093611351,0.325221288947988,-0.44537839544417546,0.5475374438045266,-0.6264865626979507,-0.7404412534446657,0.25617936712460365,-0.721889511691328,-0.6553074347908783,0.7128189830681699,0.23816560281585406,-0.22204253252693798,-0.5170902949111498,-0.46732785378866093,-0.5286425323135348,-0.5741600176765401,-0.08886061848946397,-0.9635490404690228,0.6503481672614636,0.41126857606724604,0.3138180024051269,0.25222848065827463,-0.8084281709221174,-0.3697018043382248,-0.7492944731643116,-0.3700107762282275,0.7393905656994403,-0.4249613481289182,-0.345384133956422,0.4794108209627007,0.057198182190577346,2.0491811251672103,0.485770599846509,1.6408058938701875,0.36218679467014847,1.2162757588523232,0.380440617975796,1.3359876208423203,-0.828001550995633,2.214947561753533,-0.5940293356753517,0.12355961601101705
3277,-0.45180994547492453,-0.49875009079264976,-0.4241060442803353,-0.44802726883940014,-0.7908589622702055,-0.8003156886167633,-0.7845257007888069,-0.7337646029994888,0.42982069194396255,1.5739780704185815,-1.843905881287497,0.8277199957839874,1.1837784763489927,0.6654075595334951,1.0324562838582758,0.17892674769723074,0.36606163799307656,0.801243704787707,0.14053416258017273,1.0324562838582751,0.8250890040482592,0.6455812163922561,0.13245372550606496,0.9881515884468496,-0.14900729375593805,0.8250890040482585,0.8375822791460956,0.5792420145369985,1.1240625719004702,0.04652478918435659,-0.7394631839065311,0.8584845748910356,0.9815931699139332,1.0254595352022806,0.8236190077636599,0.3527517468303598,0.38980886568990425,0.32247250284102563,0.5406936537873507,0.9504537033899745,-0.5236356986137173,-0.6175472492855695,-0.5296833842909878,-0.6679718876859565,-0.5593016432814909,-0.505890724977692,-0.5244928610472525,-0.4856299743979273,-0.5718029699531442,0.22717005259713474,0.6594476889993566,1.0600633633833454,0.8815244257993633,-0.12723331092666493,0.28019180906005653,-0.2992259537626235,0.42694369628772344,-0.6026481174726808,-0.7780515948342303,0.0736833465023243,-0.681482780258267,-0.64913879566128,0.698240330595212,0.2971382568838186,-0.12769748205655518,-0.45152104681826205,-0.1610400709017361,-0.13725752660515056,-0.4899950264426366,-0.21864302603581257,-1.101994430745017,0.47660294780042706,0.07223983588241549,0.029423889236069815,0.6139794204595985,-0.4111588140457068,0.16560993739861304,-0.6749858838832411,-0.47314512622330335,-0.6682437585869246,-0.5042764617577633,-0.4441497762384096,0.41130458048944096,0.22731605723448503,1.8247228973264618,0.5853599065872402,1.620272664525045,0.3753288177168073,1.1998095169190994,0.3164465598545945,1.3837951096673795,-0.8020176657444988,2.2387380592039037,-0.5849057138387525,0.12906576646181653
3278,-0.43612522595572933,-0.5182904090816137,-0.4635372825541454,-0.46608930941181026,-0.7649006694234375,-0.7473456165784607,-0.808130050453856,-0.7022224683848827,0.18994123195283527,1.580875485022091,-1.7705289743711365,0.7116627459933812,1.0033899194253406,0.5871913053734784,0.887032747148505,-0.32229242944615394,0.4325588840204941,0.39995801137427645,0.24354575229513456,0.8870327471485043,0.8726895119031877,0.1835888664168692,0.21915002128955915,0.7106994769743548,-0.07253929430829938,0.8726895119031867,-0.2349613378993975,-0.13915180151014936,0.10739823457888513,-0.25318379227755344,-0.5099398088132031,0.4366788575122774,0.7556523904765816,0.8386707261375568,0.78234132242223,0.33369292140990403,0.3542476985316693,0.27875256009614274,0.5113346871074911,0.9241778502907282,-0.03618630146056881,-0.21188544964466008,-0.3265230717813445,-0.4554226114207776,-0.4319620655720869,-0.4153583210204432,-0.42506276715780766,-0.4157958051727777,-0.5327273635263408,-0.10529555055102871,0.8351893076312936,0.9099225667487129,0.8867244487880387,-0.023431793571528498,0.40992479212409294,-0.3866961643307471,-0.13342573092863516,-0.5604541274113506,-0.8459161439955981,-0.07925242553948351,-0.665924256346094,-0.6429793534149894,0.5855784679696987,0.25528242584731586,-0.09768285135424827,-0.47986015917101316,-0.2567771847782599,0.08272280052661456,-0.23437278845175272,-0.4178179820371358,-1.0495054723957136,0.3251748062156656,0.17622380226113007,-0.48338733181208887,0.48216199395257375,0.4154455806780799,0.6352372543703704,-0.6816948887756881,-0.4088941234242069,0.12206162371855654,-0.2830410086697324,-0.20299274847828297,0.4427543990672565,0.39875493394413103,1.517340404942172,0.7606426983171696,1.608131357868448,0.36670505548466653,1.216350473731454,0.27147898097990764,1.415243669906179,-0.7777397429541566,2.263219908709091,-0.5766693550915718,0.13522276975396902
3279,-0.528613158756221,-0.4889579149850353,-0.49386546509161244,-0.405287464252135,-0.7624917447546675,-0.7387733756865705,-0.6800200873172677,-0.6592784525997895,0.7469945755095952,1.4889449275680526,-1.7252318459927276,0.9037123035881303,1.2142733970421655,0.746989148743484,0.8274108894637558,-0.13122385244847337,0.5115908628288164,0.4757813747435797,0.33965858382863334,0.8274108894637556,0.923716663166555,0.1998136202912538,0.3111846234502362,0.754311963152433,0.00850146879407232,0.9237166631665535,-0.17811763167167244,0.23026147309241207,-0.604765679689374,1.1130310167321407,0.15690541989741405,0.4693523560651289,0.7926922248304732,0.882159949130147,0.9181736632757288,0.47246013026380435,0.4339555413923378,0.35740199132352574,0.5949128476653751,1.014648779991743,-0.3937053265007865,-0.4584020298200678,-0.5532195271039786,-0.5734613006674861,-0.5674045797018227,-0.5128042523526218,-0.5355150570866974,-0.49020887889127823,-0.5754409793387897,0.3549595139977662,0.7098031249573136,1.0152224552383664,0.9171012644943214,0.1348746516065301,0.49660615068439246,-0.31811668768005236,0.6859596106800163,-0.5278372181437577,-0.8907363553092952,-0.19712826635470782,-0.6522905147474759,-0.6368301291027364,0.7273675433584736,0.35302352948370747,-0.0731368692645461,-0.5059689356777927,-0.08798419301274268,-0.09292053351813437,-0.20202528232620384,-0.5514090592107511,-1.1771656473142038,0.37707309699236263,-0.02643050956342159,0.04755729845149021,0.20721332418160782,0.7316328721208931,0.6516356210082828,-0.8474154720083056,-0.6586858240312294,-1.7447928697500095,-0.8163302400053764,-0.7619375040879248,0.47013379709975406,0.5912278328080778,1.0632230860155465,0.9902093553653688,1.6146247808128809,0.36332237742663004,1.2306708830983804,0.19701277341742357,1.4687213397891183,-0.7544689480503859,2.290709373137756,-0.577751303566478,0.14132280036528222
3280,-0.3819642018930824,-0.4662459703660681,-0.45488627036693147,-0.4152704533045502,-0.8714656192481995,-0.6968936899560493,-0.7026514954905301,-0.8281997960698357,0.2587610758939522,1.475227514347679,-1.61791270206708,0.8183291303372743,1.077998710345969,0.6919807763468542,0.6578766085630702,-0.375493920712851,0.5471182466618835,0.21492747939812934,0.4160750774737614,0.65787660856307,0.9001044846504708,-0.09825785456788497,0.376978807135358,0.5393349330465412,0.08756882083869903,0.9001044846504701,0.2327487009470313,0.17762429901236157,0.9754995178896597,-0.2777025170605134,-0.031025848160539587,0.1643867248856992,0.610831976192383,0.7143675548613161,0.8579200455633713,0.468680566859261,0.4103828101794044,0.3269531875733553,0.5770648524404423,1.0013309942905768,-0.062214299386969915,-0.30705507621736083,-0.34468974690279436,-0.48634291291744436,-0.5259994075131306,-0.4818112301589472,-0.4995299396820306,-0.46630916355642,-0.5602759966777037,-0.05637028578556675,0.6536769200817758,0.8385523034907841,0.8168902164401278,0.3893984591901423,0.434074085084786,-0.4251162700468251,-0.011244758126948005,-0.5063425405734833,-0.9153907678324618,-0.31892222023673467,-0.6275485106397766,-0.630690247972072,0.6135211920500716,0.32605407017861265,-0.02061663066460946,-0.5249483100957432,-0.19125207047986661,0.04576306739294643,-0.15358301048550013,-0.7175289564893325,-1.2283307583136651,0.3260178858425283,0.08865744771942861,-0.33225639997727496,0.30522109890113747,1.1391141741791906,1.0009504821779058,-0.9320788690310878,-0.3933076494616521,0.5618595726800222,-0.35770280471529303,-0.2737218211811154,0.48188020100404594,0.7993913866523914,0.5496543623907811,1.041526813266755,1.602348556176588,0.3653819523313195,1.253074523990971,0.14380486102316428,1.500201398509166,-0.7360429192010653,2.3393411754387823,-0.5761264373554122,0.14809151059796422
3281,-0.3960041228777439,-0.4627268395848643,-0.37143275190379954,-0.38806674267595676,-1.008940454224349,-0.8563308403222643,-0.9706285013269067,-0.9163540442755986,0.22325211069589695,1.5921216711243829,-1.4474910135615684,0.892222332516192,1.1618728690239484,0.7530643337784386,0.5382043957069158,-0.2654847132584891,0.580257162315295,0.20116672393646837,0.47851708462528675,0.5382043957069158,0.8660937564207372,-0.13935342014476318,0.43653588227836637,0.4888784797254778,0.16370277913853454,0.8660937564207363,0.4905392831898127,0.03497828085108775,-0.08713009113092567,0.0781806923727861,-0.9091907490876788,0.19954674494004362,0.5628434807602518,0.6607019657767423,0.8576084114495925,0.528353597899981,0.4375812339540672,0.3562507387664258,0.6123660850963345,1.0418806004781447,-0.3044076734518892,-0.4331610032049281,-0.4427037493194105,-0.5222978233513537,-0.5910560556279253,-0.5288151452386676,-0.5533926492580217,-0.502312513924508,-0.5809256190802974,0.15512442702852033,0.2533581046260625,0.8087660066459114,0.8531232318713486,0.7165191715092197,0.5712986540270744,-0.2862151767811904,-0.28625411202058704,-0.4935388290073861,-0.9229361886821459,-0.43170776890096274,-0.6242176280891092,-0.6245588266230945,0.6807982976521402,0.36339331298221406,-0.022323239941633186,-0.5491359873679417,-0.2557893424357933,-0.1659962675426431,-0.2585251567467905,-0.8113960872245147,-1.1888395658798092,0.4103098027975218,0.15739068120857191,-0.04488292287158132,0.20569524005214906,1.1431916225554133,0.9308881454952753,-1.0973357947479054,-0.5328113436726786,-0.48063629948016673,-0.32918600877278603,-0.2402826678693419,0.496956141642355,0.9046591148264623,-0.007006935406828435,1.0707499903620983,1.6008074346766896,0.34922811027444833,1.3265175092893238,0.09019936559566769,1.5293595510119633,-0.7156034893143703,2.3844296432395935,-0.5778485505348301,0.15560741760342073
3282,-0.4588417941488795,-0.49411432370209446,-0.4149179633408781,-0.4333233180973571,-0.4396424884027353,-1.0088535571255388,-0.00247890223610154,-0.8731775532694852,1.923361278303938,1.3025010717739733,-1.6831660315582084,0.6200341791038085,0.7289250265223226,0.5742004630904222,0.301685409920104,-0.526828700487087,0.5606913362481242,-0.11575850249826035,0.5133378989283734,0.3016854099201042,0.7533985016384039,-0.45952123165366127,0.4607511252555652,0.20032522075132156,0.22988128797759813,0.7533985016384036,-0.2532117974492716,-0.22134633849623728,-0.39934166912797536,0.23028871196936349,-0.7652036501748583,-0.042719954522692394,0.3130400218014181,0.4113954769905008,0.6800801324195569,0.45387390908160624,0.3597583712851537,0.2787315302535394,0.5450112978942248,0.9771286664517224,0.9950586081775419,0.5139577712478351,0.4003186701897645,0.0829528524287741,-0.1862350628229461,-0.22998268927526067,-0.19687282096582784,-0.2770472641029413,-0.45530308016901005,-0.2592820522224499,0.03780993049056747,0.5365342354980519,0.8484878989697894,0.7848221462907595,0.5120846201844031,-0.15392427288622884,0.7985022326961155,-0.49097662732466363,-0.90567100651923,-0.4994614104410785,-0.6138701175728015,-0.6184349719811023,0.5047540113096952,0.27417133319369363,-0.006703745859625432,-0.5720861632175684,-0.5144366686595335,-0.19831707266267412,-0.21748657204214616,-0.525676993492112,-1.2178529038907904,0.3038842352852059,0.45189840199963816,-0.328546808007166,0.09872763983072665,0.655718090540736,0.5197025453750603,-0.7507272343364277,-1.0482921639677325,-4.118339568887125,-1.9428789580715047,-1.9367553043409966,0.5629014927463859,0.9136078570734196,-0.2026726454702068,1.098415580872023,1.5404648996751042,0.3429464144279667,1.3881991965161584,0.023772833165985635,1.4919110100345945,-0.6984313665848892,2.4295037966472726,-0.5941153891902711,0.1609048846463754
3283,-0.4023207785058932,-0.37696100168540114,-0.33874526916990094,-0.31469407265075516,-0.3930386412877614,-0.4976828301893822,-0.5176335619618877,-0.4641208157157972,2.094027556351344,1.2712990625381622,-1.9421396975574043,1.0435583361292704,1.2357997442477746,0.9112835578657549,0.3828694327130242,0.18020830381560407,0.6210048488968362,0.3663941185143522,0.5574526271744371,0.38286943271302454,0.7571274406137735,0.01200629033646343,0.5233056949842504,0.5160707812639627,0.2963001027626265,0.7571274406137732,0.43702542392504584,0.8574547839508222,0.365625433365831,0.7563198043911028,-0.34434047795348777,0.38947728608559457,0.5503431613265853,0.6518636617304342,0.8705090405167788,0.6621584573647029,0.5238078258215317,0.44593636151332317,0.7037045299739324,1.1491730010248138,1.088174790020958,0.7170748962143008,0.5844216032883303,0.26446535013929356,-0.0722309447941709,-0.13300088711487948,-0.09260807527017846,-0.20900157333991098,-0.4165606525714559,0.669836384133577,0.38008040619188516,0.9406070759480009,0.9462002892282918,0.9778353262660429,0.32422346464317503,-0.07474578233044929,0.7820105192855764,-0.4886488974620476,-0.8597868807348501,-0.6155734379754295,-0.6282722480758945,-0.6123177802207032,0.9013337477014536,0.46736272089489395,-0.052690845691358255,-0.583797679486641,-0.5289681794334785,-0.48564577405004955,-0.20977367870047817,-0.42254478141485124,-1.2121584033944257,0.17477283535799387,0.4658195984284344,0.15745538124796057,-0.2790377238925398,0.46790441160521695,0.118125223567288,-0.5335778765375597,-0.6159177509475485,-0.5132403653166538,-2.105429378978976,-2.1068677532099156,0.5785634205386484,0.8353733542435506,-0.45916301339310983,1.1316970879346913,1.461806877590484,0.4013736073381791,1.3458225387527554,-0.0478417142520428,1.444476283567504,-0.6795455776165659,2.4550626250583543,-0.610083906616575,0.1699925309563681
3284,-0.2862803648839574,-0.3125663766669238,-0.41944891885146685,-0.49894668265304837,-0.4280968991021571,-0.47893250731247294,-0.07031252461238509,-0.4889314772192736,1.612264191025251,1.222574136445819,-2.051709384643023,0.19257618294117007,0.06813932988870748,0.3030264769015106,-0.035445193512800385,-0.928391557349461,0.5235379412807014,-0.5863153417069723,0.5530113853588403,-0.03544519351280004,0.5339460843187824,-0.9027069967676183,0.49339650293963505,-0.244111614781884,0.3430186871195449,0.5339460843187823,-0.4617907848293913,0.46021382799301,0.7346009663450402,-1.7743574088875318,1.2038982661791409,-0.4234463919625197,-0.1313973609643024,0.029709073317799945,0.383439107310444,0.3217209692524738,0.2541812829086514,0.16243056191464814,0.4385926951209684,0.8859273490127479,0.4198292883404046,0.44400412570183473,0.3674689308877227,0.14068573521315103,-0.18367845276863035,-0.20406725325725256,-0.17618673632258933,-0.26257530581327904,-0.44679526510690826,-1.0252803884702932,-0.23429735580159933,0.3614877973860507,0.6427973652935622,0.6660605158605615,0.21303390784251902,-0.18269557767543632,-0.8342800705458518,-0.4627187710069769,-0.8475477705141262,-0.6940335532479408,-0.599605070818596,-0.6062061502505738,0.25408278492258235,0.14141607675292117,0.0072665414129029025,-0.5684841472564355,-0.4996866344237057,-0.02387597018723268,-0.08354052014002096,-0.16722789813362304,-1.0440193795866104,0.08741840022063384,0.43573303314345474,-0.6159862480017269,0.10435478974460477,0.18430075543108712,0.20140033260622883,-0.230889187082844,-0.46158032522230014,0.5924824264138855,-1.6450231423993409,-1.6239143049693074,0.5600928729606756,0.7987079476904492,-0.6688170756645774,1.0030364479657916,1.379265108862379,0.44319933399986183,1.3434194466096132,-0.09860754435451283,1.4717667697873902,-0.663399321168638,2.46875253424428,-0.620517081806312,0.17652695767654347
3285,-0.5004820154285148,-0.5195877439014415,-0.53336766343269,-0.5779888655639702,-0.24357306312363763,-0.2968816244588748,-0.366952072963908,-0.37119475156206766,2.38422337437515,0.9937129840799545,-2.100462395483171,-0.11980418985279712,-0.3082652759818621,0.05797273773348209,-0.3920391870270842,-0.7888965060911955,0.4007342360844229,-0.7420804841881435,0.5074405910569975,-0.39203918702708324,0.2821996515599624,-1.0142686436914308,0.4338868475821725,-0.49005519671317654,0.3675763199019771,0.28219965155996246,-0.654095937515304,-1.4511839393271124,-1.3285625195076571,-0.6585739080022633,0.2632218626393115,-0.6542967385499009,-0.4280259824830757,-0.26799285540404105,0.1583379006783803,0.1889343025483677,0.1377097032614107,0.03829011753074512,0.32104741833397943,0.7751742222244531,-0.09128155315860201,0.18726431934093044,0.12915522741299454,-0.03665491917927481,-0.30032040869375787,-0.28433102403262916,-0.2724492459491406,-0.3241135937551422,-0.4804483671742469,-0.4490911455467854,-0.40610044782978216,0.18555128924214345,0.4005990813704923,0.48766686914944996,0.15930324114094627,-0.09000797878726648,0.41915145689744504,-0.431006586240633,-0.8462838505657013,-0.6925912082151046,-0.5994048831095414,-0.600099280535067,0.01238352321879341,-0.003716740497089804,-0.004157066660241165,-0.47809070469117154,-0.3433727349498507,-0.6023576179330282,-0.40685138101467716,-0.5112105372855286,-0.8864457464701161,0.1669075977124368,0.2772282045621295,0.6071395209280853,-0.11002799185721403,0.30519369713539196,0.12910213433645726,-0.6060490361942846,-0.6506464263405947,-1.5534173752445573,-2.3559418163753647,-2.3950299619911304,0.4795315836193048,0.7038837815725577,-0.572253872108732,0.9089537991149965,1.278982293602253,0.4915255477383356,1.354792617477478,-0.15464111968391295,1.50417373840347,-0.6479197668707083,2.4790325328696157,-0.6314952115070586,0.18056527320605342
3286,-0.5384586644023256,-0.5820609793576913,-0.5258591491324057,-0.5676174546934417,-0.25797478555540293,-0.29587533449553105,-0.3381426220063862,-0.15835629764208084,1.426314077927906,1.1307064503286435,-2.11976388936542,-0.10375752426378368,-0.2860725885335476,0.0705529559897028,-0.48820624156093684,-0.2123234782887432,0.3252483698170397,-0.4561978285841037,0.45091131166517695,-0.48820624156093617,0.1126868156959112,-0.6796278197936441,0.3877888890120946,-0.38004151406454045,0.3772846729472604,0.1126868156959114,0.041809266461818824,-0.4418686163894883,-0.24035749399347606,-0.2415972288783542,-0.47772490650979843,-0.426343130272815,-0.36710749613247035,-0.26534201512021977,0.14014256154193028,0.22857397860652828,0.14751050410817315,0.04645134027856272,0.3280176514366583,0.7933058475903867,-0.4396018197875334,-0.019183109990937496,-0.01434529043578676,-0.15447848457836394,-0.37568811774841276,-0.33381284341794565,-0.33530501983185323,-0.36419102820998844,-0.5022184547031201,0.05995555485578169,-0.44722751524296583,-0.14504968333617502,0.3529674595468616,0.4968321834946941,0.26386800495617135,-0.22458751380861577,-0.4551454800668403,-0.4015581938080989,-0.8444995752916891,-0.6905623710723628,-0.5967327661338374,-0.5939960208730324,0.0327083376600469,0.004170858615320805,-0.009461524932002462,-0.48256466451685925,-0.164283412390556,-0.6385107004808293,-0.6469085495358576,-0.7062262604885383,-0.8017243916308893,0.0992509042583871,0.06805952326359926,0.906656783034356,0.23133164805132714,0.27682077976229585,0.3565551111664754,-0.7059598866626443,-0.2823783235244633,1.4382141194258298,-1.449524102013947,-1.4343967122164831,0.4831335508523557,0.638197810260153,-0.37989575897466155,0.6955932180460755,1.0865830810844526,0.50181337850332,1.372558913700164,-0.19383521365540132,1.528121967094667,-0.6307550210614352,2.493827390893642,-0.6346849593036166,0.18639020682259375
3287,-0.5480584375874176,-0.6420838842989273,-0.6553138941034616,-0.6260882908760443,-0.23871959077768937,-0.27900354923818377,-0.3142147788566612,-0.14602638937264392,1.2966716392364768,1.1784232199787181,-2.268431982990457,-0.33691371415147126,-0.5658112046060775,-0.1126855439725986,-0.5964682479606216,-0.24039627606044955,0.234950829602994,-0.5455612800530821,0.38196184127077837,-0.5964682479606208,-0.06326866064396676,-0.7021537770868227,0.3256662683467927,-0.5125198341352782,0.3716854092748616,-0.06326866064396632,-0.7393418826587564,-0.42076306376566197,-0.056475481787298616,-0.6563483563061016,0.29379217434871757,-0.5218990632118852,-0.500902031016504,-0.45279353355108803,-0.03260758850410903,0.13958330436129557,0.06174780372702473,-0.044453522354873654,0.2419119696014666,0.7148834651405918,1.0211403351437174,1.0987757937626428,1.1149247626502519,0.6736192083731276,0.2728017738640724,0.1313056751992975,0.19481301272520868,-0.015659276193399893,-0.3083385659340859,-0.3276254428111622,-0.4766913871583013,-0.3283598721808046,0.12614659795148034,0.47690030778872283,0.19589225438049412,-0.3363409956445681,-0.4982871761167109,-0.37972907657078736,-0.8430572182473093,-0.6166791173896782,-0.6251597886157001,-0.5878956627628575,-0.06141866384047737,-0.10337064811511613,-0.08977248376436951,-0.5108239366875701,-0.10452297696264698,-0.41350614770249594,-0.69582890415061,-0.7064447597667474,-0.9218723057239111,0.2047446459109629,-0.00859606215674974,0.5895285879783013,0.5972240736610844,0.19380042503921208,0.5647411670591516,-0.8211074008043063,-0.47392876282786456,0.13673146558616206,-1.3319340814535505,-1.303976359557049,0.5139152503334377,0.5729166120112473,-0.04276770215475692,0.5203023940128865,0.8120461463092228,0.5084283568663298,1.3966487573358568,-0.23487007121738765,1.551158259192479,-0.6144439014517357,2.5111574111181896,-0.6397084363408206,0.1929931013089848
3288,-0.5980495476825618,-0.6924429455280573,-0.6679656285776427,-0.6272655198045672,-0.298553864259591,-0.2353019304165596,-0.16490347211480866,-0.1645190753170887,0.845307380647893,1.3042870996633873,-2.213010838361611,-0.3636656035647604,-0.597040689719385,-0.13313459167518224,-0.5757500392737323,0.04518929913645071,0.17552322000150694,-0.35899035413824,0.31542933141464424,-0.5757500392737316,-0.17773919424686122,-0.45564698863989817,0.2743488414952839,-0.4234163074357514,0.3561781137850669,-0.17773919424686072,-0.06850910693102262,-0.34965582069840473,-0.3093144642454409,-0.24120487934242726,-0.10378803586542686,-0.21695848571193602,-0.45053382292936855,-0.42022042770525514,-0.0679314692862867,0.15019869067473937,0.057745119818271365,-0.05054273466815051,0.2373336382503224,0.7186464053615844,0.3308318847028573,0.4959278828784538,0.5360710068904309,0.4016679025277019,0.11235796432146376,-0.04617874676068475,-0.012543321786087644,-0.1480467835109675,-0.38161320372486013,-0.00320550844204093,-0.7617299551912949,-0.29476550128134543,0.25644099789497943,0.4022104578643105,0.18024388571304867,-0.33023647429111735,-0.47229839272450225,-0.3565913852116568,-0.8429496129758395,-0.5392202662277749,-0.6241228919811176,-0.5817983271103323,-0.07039295313902552,-0.11438129235999363,-0.09863227363633098,-0.5224884245099205,-0.0671490474306014,-0.20853557897609998,-0.6952532902531988,-0.7153704377990593,-0.8352851712362577,0.31638345672600593,-0.055051707873111935,0.27826266335266964,0.8571552003039561,0.21258291528387727,0.7663194057744471,-0.949469895036813,-0.4073279402287505,0.7325636927125615,-0.9068899283570669,-0.8521775597075016,0.5217201506588396,0.4613394135632309,0.2519525142070527,0.43128434076285643,0.5548845401690895,0.5032413855681136,1.4305073220252682,-0.28190452611018607,1.573362713405499,-0.5990202476573813,2.522712780886483,-0.6431761229941759,0.20016655509771117
3289,-0.6238726211090763,-0.6050819577340815,-0.6042830679065114,-0.5311944323530517,-0.3367905953819735,-0.400012714432382,-0.4700214474344801,-0.29334286279961924,0.6427789785808596,1.3896604538416424,-2.092558779444926,0.05799435965120122,-0.011885985903915182,0.17015086418277248,-0.3064484810443123,0.5980420344873266,0.20129744195772908,0.1558637909440091,0.28001130705144767,-0.3064484810443121,-0.15278463213967644,0.09991874815748315,0.2700932484575263,-0.035083420433818416,0.3428593607494712,-0.15278463213967597,0.37493238983194804,0.6424117683640067,-0.15500193645476615,0.7978258017904364,0.1266364302132152,0.2890075407555564,-0.0898613910073313,-0.10886570167470361,0.10633118418003852,0.3295939790098375,0.19050010580123505,0.08757273654006578,0.36615419855713527,0.8591898582552827,-0.5755295148313309,-0.27181828549675463,-0.183020012418583,-0.12488319784168797,-0.26572268156840706,-0.3213666750854082,-0.32302934785166626,-0.3536662650246086,-0.4960821801390276,0.5457417534726307,-0.08013735271890507,-0.23274201207928266,0.23363780744919552,0.5179781844316065,0.17998758662813505,-0.3425986312141036,0.22718587542607058,-0.3175389186653712,-0.8479562055499422,-0.5380798205108684,-0.6183311166516359,-0.5757088325908661,0.1943794840098128,0.03646761012896888,-0.09634965995197957,-0.5475340779732123,0.25150033547101047,-0.24646687830771777,-0.7214493410231728,-0.7622145919171043,-0.8045073273773224,0.327530080707749,-0.4316034383445949,0.7624616244659009,0.8513277915268973,0.2601004405421479,0.7945274298455275,-1.0037354780067964,-0.4879661067041348,0.2659360707522606,-0.7202335592533542,-0.649617073432799,0.5450198490415317,0.24438234390894345,0.46638797186952013,0.2680331166883196,0.1129045512771996,0.5105510711701717,1.4365244833029702,-0.3135099740319176,1.5541327011537283,-0.5795105538195057,2.53532160810037,-0.6434148873072687,0.20774215488288567
3290,-0.4881296150388434,-0.5081624328655524,-0.43211046803473385,-0.41215935766015604,-0.42221534941062383,-0.41194309799947193,-0.46696906276891154,-0.33795707999529134,0.475745862108029,1.4477246167988482,-2.1671693115337214,0.5124996848068682,0.559618654571586,0.5202195801569341,0.07503225298413285,0.8462665629269257,0.29434837128677116,0.5627064357380124,0.2886377546515545,0.07503225298413312,-0.020697959243239996,0.5276356851950198,0.31105771127923215,0.338312049005586,0.3409974206327107,-0.0206979592432396,0.9816616633390806,0.6966525197019835,0.8644573625119913,0.6353425942994079,-0.6924655512423779,0.702206331300289,0.3000855073942488,0.2329592540187531,0.3232622500618847,0.5277552591964717,0.3493816300257138,0.2557378085353067,0.5225964263994557,1.027756257271917,-0.5775350529211276,-0.3215711355750347,-0.21329081881403847,-0.12990886931835868,-0.2525515949875581,-0.3285566928741797,-0.32856878054536204,-0.35944176753151436,-0.49871018195527544,0.6588206960188278,0.4106345709841529,0.0036441965384131597,0.391695280169679,0.5693556263672774,0.3455273958503247,-0.1903637030722263,0.44099887818432937,-0.2810687360066071,-0.8438361806433748,-0.6069332501679119,-0.6125036960213179,-0.5696210028928761,0.5221923871234734,0.22279309739124184,-0.0944337090816592,-0.5489612554546498,-0.3470399043222633,-0.317171467818146,-0.7223208436410717,-0.6685295744963163,-0.7933545986657661,0.3398169083023837,0.2632731681690536,0.10155647103442733,0.7633068996408543,0.07433075798373034,0.6045032182078329,-0.9359398950179117,-0.49679715646735595,0.15983906489840413,-0.5624090350816235,-0.48336300512608416,0.5404135061726391,0.10020330361061008,0.4659910038853703,0.2701963520976002,-0.31085096106900956,0.5139758976953269,1.427179893729298,-0.34153703053307877,1.538991091518811,-0.556629342566284,2.5435909829062777,-0.6481508615153021,0.21681361558315887
3291,-0.34046694940573236,-0.4205440761146994,-0.3962015257490198,-0.40264611576854203,-0.20837850344199196,-0.4651794345335487,-0.3531697727108749,-0.271183054780328,0.6559341267578821,1.4515126321619256,-2.234470279076953,0.5227457019683975,0.5727161955522133,0.5289918589217244,0.23584987911769084,0.35649709731291884,0.3561092791741705,0.37436849214066675,0.31577981839049346,0.235849879117691,0.06688017306043144,0.3506671700430622,0.34466667703501047,0.27828021288924537,0.34671987979794433,0.06688017306043177,0.2008367207317593,0.6177944798679806,0.9104082911463305,-0.4989642238183361,-0.17385821160284004,0.5863834192346756,0.33914983837217366,0.26289198682384995,0.29972672374616416,0.5127375303459422,0.35277745091986884,0.26132064591254794,0.5299082057565629,1.0448664054015209,-0.9250101346046277,-0.6081831392115455,-0.48447225423546647,-0.33539325001387754,-0.3875039353227474,-0.43487031381022323,-0.44460664950761675,-0.43889840804757824,-0.541905253865196,0.053774989681770025,0.40808598646649347,-0.03023740935116878,0.12614575021269223,0.5253221748814026,0.4878236160586001,-0.3159607481951725,0.037235899314965556,-0.2394930938254965,-0.8445801583713826,-0.7263931683777319,-0.6066989598645489,-0.5635683294005356,0.5296201072487904,0.2279128833292493,-0.09327366817654074,-0.5384609358180005,-0.46214301363515625,-0.5461837530783671,-0.6659660831101284,-0.6075852288706082,-0.9864432806409683,0.2115145380395269,0.3997063171612103,0.352694257896516,0.3822709760021384,0.0514561633790698,0.3123278922061675,-0.7508838883132077,-0.580600328328172,-0.4812727128857086,-0.7301264968717323,-0.6607593866566827,0.5447739625298441,-0.08306446143758708,0.4274302834840996,0.31119087231724823,-0.6961112531034344,0.49739940753988776,1.4268945774890154,-0.37365809473052775,1.5060485896120444,-0.5363847353294589,2.545781161436185,-0.6573661116084565,0.22425693953927986
3292,-0.3543926836471526,-0.42900251797536787,-0.3362370111434359,-0.38867508638854004,-0.347929631889933,-0.2591066552825518,-0.4326469373456038,-0.26161915867808416,0.800723149066423,1.4428757011364495,-2.134742299932156,0.5496955329644814,0.6071121336529863,0.5500576027799041,0.28771263648903345,0.11501335378305018,0.3993953333480797,0.2628061807820984,0.34886787242975065,0.2877126364890335,0.12528055094640136,0.23383135784923403,0.37354040257566384,0.23937339717477432,0.3574922926022941,0.12528055094640156,0.3259158655236521,-0.048594422226010854,-0.0805363290660424,-0.27503402628185825,-0.8636885267579654,0.41874385423823635,0.37007366834410105,0.29801863710833715,0.29357516086277813,0.49803029514012653,0.36193277233953935,0.2804444421380543,0.5414170226819125,1.0654892392934052,-0.16611461993430857,-0.298311266666706,-0.23169709330523486,-0.10119270788749375,-0.16242449390002697,-0.31528828501952255,-0.29634386670872415,-0.3483795934921084,-0.4926640529566318,0.07459151636598443,0.5894779225165759,0.08185566477498998,0.08579510858138456,0.4191846980543804,0.4623022084959713,-0.12200697459967372,0.10783428857786882,-0.20631931159399267,-0.8409030930571509,-0.8361286796791781,-0.6009125293089372,-0.5575408639458196,0.5480647487340062,0.23901426548417168,-0.09247072154490484,-0.5627635847871897,-0.47762606333447616,-0.520985787392832,-0.6899128763876606,-0.6448133445844451,-1.128032697468643,0.2998479678297819,0.41154913922409253,0.2880371728678582,0.45302616055876394,0.08372338745587347,0.38561563039532043,-0.8758626547187155,-0.5940037020812865,-0.47209326908290516,-0.8714062814715693,-0.8079414895267079,0.560112028942354,-0.08382338727944123,0.6233356518552777,0.358593618562354,-0.8503199831541695,0.48434502395596085,1.4190182237176776,-0.4122961870394939,1.4890181046875728,-0.5113073071982664,2.5389040738152024,-0.6621402324937031,0.2315823735776645
3293,-0.3941652187931749,-0.3924334617046055,-0.3443965014496062,-0.3715796028415864,-0.49819396862776877,-0.324198614597469,-0.46344798006088156,-0.6221505940105923,0.9918498112263119,1.3935738594113212,-1.9670114520976751,0.5906168729909249,0.6606644683824203,0.5810747368117304,0.2905018333754014,0.006250877836101107,0.4320753057536396,0.19886729025809374,0.38224549289946624,0.2905018333754015,0.1647275348005816,0.1579645916177057,0.39945159730145907,0.21512146400980148,0.3716680934647077,0.16472753480058175,-0.04551034154905061,0.2536818997855731,-0.2337521383538704,0.18181089292972305,-0.41631538693484804,0.2501199215651906,0.44548899055904784,0.3446100167083147,0.28207344034247817,0.48613608192982466,0.37091090222049933,0.3022867570744851,0.555447013642593,1.090383455497292,-0.27330936088176405,-0.4769593018020533,-0.4660061530135759,-0.27698923740941145,-0.3026941909747339,-0.4078308127620254,-0.39416459978905366,-0.41751637900795446,-0.5287254818003653,0.08995997425648196,0.6311308176291665,-0.11067920542110243,0.13744949017449862,0.5574330387725881,0.643823758093743,-0.079286488385235,0.2741001022047615,-0.17557680966976066,-0.8362130730521388,-0.9198786690571843,-0.6334945979785603,-0.5515235702209083,0.6834098536681673,0.25468529852138116,-0.18044375554753297,-0.5849977767633899,-0.3415565625474892,-0.5997031178631921,-0.6693531239311871,-0.731562447070346,-1.1128810413513475,0.14725785950657824,0.24773568751587438,0.6047892776823183,0.32026973318102153,0.29118638266293234,0.430304775646837,-0.7985272006752495,-0.627301908300317,-0.64513408400444,-1.0558000808214114,-1.0016867244005776,0.5726258203187639,-0.07626335077421226,0.8244397280691185,0.3385577727403167,-0.7916881446988895,0.46701136846180435,1.4344529533209893,-0.4509585072141072,1.4711051768484438,-0.48622795935214247,2.5317216466232133,-0.6695115286032205,0.2417768059929823
3294,-0.28922404416652964,-0.14876835523635273,-0.2303070956003948,-0.07337128128142299,-0.7463848474199748,-0.41485104079708146,-0.6029128678520655,-0.7071804209370267,0.38265833511400366,1.6003924860843033,-1.765238536652061,1.535780972356513,1.6903785391635162,1.3832409609915648,0.8027289484490804,1.1368205876858324,0.634454816824735,1.2254439923369538,0.47466238587462106,0.8027289484490802,0.44828422984860467,1.133104977914477,0.526917252268305,1.053718259226861,0.4103744736603375,0.44828422984860455,0.6055749794017595,1.6184328858875354,0.6224646756191421,1.6871001747613523,0.816025289003539,1.1783472968742188,1.2401244252262942,1.1080773054993396,0.8468287049211609,0.9442854976634419,0.750303325092553,0.7077600423727244,0.9292294525122985,1.4902287666253224,1.6368851854619306,0.7983076416477507,0.6795596820476641,0.7103605005654923,0.590464053668949,0.11828482321050415,0.24824289231018964,-0.022244498227445442,-0.31549143613645325,1.5542305620571515,1.082916674267715,0.7672297209169352,0.4541128234618821,0.7756557487242467,0.8159448545831193,0.30127905912373465,0.7835845847771776,-0.18002823501814763,-0.77490586921505,-0.8634839247354897,-0.5049890864948834,-0.5455077313811294,1.1472017705754451,0.7150878223099004,0.1003335037876987,-0.6055340733202295,-0.2896785682293465,-0.4477235464514425,-0.6944436733401252,-0.6097487132116699,-1.1661844898433564,0.0873624157242625,0.18212872555151643,0.40594406968875124,0.5537083729676177,0.007796809806262094,0.4070668682585683,-0.6333048146659477,-0.44484367653945367,0.8637517601441443,-0.4849992541609363,-0.39460428393589203,0.5765395299736623,0.28300573886796404,0.8523390779132004,0.3230291790605886,-0.5647283193944667,0.48552611575188714,1.4101235411429303,-0.48647475403392965,1.486302236704877,-0.4479854550191149,2.505751090952053,-0.6726578237718011,0.2531948212240163
3295,-0.10035109032275769,-0.19775521800927873,-0.20756888671938278,-0.23231473764267505,-0.8509353522251974,-0.7570600319045319,-0.6735261955021102,-0.7213895176169782,0.32387279103157285,1.5615869425468005,-1.7854510183804555,0.7969489686322874,0.7319111672031745,0.8442449699366619,0.5857673952363486,-0.48009118618727353,0.6508757320808675,0.10257830157318429,0.5419534796416561,0.5857673952363487,0.44724730510201266,-0.0034486852396339094,0.5623824794098923,0.295534998053382,0.44895104269769726,0.4472473051020126,0.11287250294376007,-0.3191389227947113,1.0889197888024431,-1.0075219228590944,0.11414158219214231,0.2888637847679586,0.6264217117119808,0.634057208789105,0.45793487484002715,0.6232563108552597,0.5211202620910115,0.4861606617980788,0.7098327061706431,1.275812305562599,1.9226517417354019,1.3153545303135135,1.2394507885246053,1.212003427484161,1.057329301382613,0.4348573891366161,0.636037736961024,0.21903521176100593,-0.1842085311783672,-0.8075660267085233,0.41338408115095726,0.6390902018272604,0.2489099098212209,0.562044228814507,0.7035937911531088,0.06423172651129132,-0.6615667587834986,-0.14328680117912126,-0.7643762122723585,-0.8115390331296946,-0.4847838694655775,-0.539537318203459,0.6441703727554593,0.44939922009317923,0.1313877954225171,-0.41177209957377,0.20175616128701326,-0.21959602576115184,-0.6112272577497331,-0.34640861533982414,-1.0351657941095849,-0.24461548321358922,-0.33934576576242503,0.6493183933182426,0.7081178937016958,-0.36918104239204913,0.2633883754709387,-0.061256531783974624,-0.38901692212242356,-0.29955479528936607,-0.38979882406455707,-0.3371801410842416,0.3679667464928352,0.48529842665649414,0.9903473928656628,0.35366603505681704,-0.6860186747671602,0.48077391221105453,1.4102849290942925,-0.5142291757463104,1.4651416947101004,-0.412546156702075,2.4890327620600545,-0.6694346338446943,0.26057836127538503
3296,-0.2865889551869058,-0.2677505076442828,-0.2555219778023407,-0.29462789086314023,-0.3952441634940927,-0.6066353911560034,-0.11049421863010815,-0.5085102404824964,0.24327008012897233,1.5861553330848628,-1.730862600891899,0.5287198871578209,0.40630234607174703,0.6364555930436538,0.2740613144820599,-0.6907890064876973,0.6116939021305959,-0.23426814725795014,0.5731954670440765,0.27406131448206,0.35684189820177775,-0.36090544588424817,0.5616866362935853,-0.002885432410477019,0.4796517584884418,0.35684189820177786,-0.25387485454258474,-0.4501607562882931,-1.0515879411350777,-0.06462727089524686,-0.08602095847915109,-0.08977472503257196,0.3435876640360597,0.4061340591698695,0.30471043525105523,0.4758479283765774,0.427195716259681,0.4012263123222345,0.6145675290567585,1.1929042524163318,0.23532708821922219,0.32821282971618654,0.3725491753512006,0.4455015370287165,0.39264973738764963,0.049799891909312353,0.16530265854621484,-0.062364257213227456,-0.3387100029001047,-0.3208386924972675,0.24539982947750036,0.5061812469578922,0.12167108337168127,0.23943278170338422,0.4940687065453275,0.05955387779225332,-0.4003714812792753,-0.11846342548543713,-0.755235930593732,-0.8063903774105478,-0.4694843463964121,-0.5335674756542825,0.4274806435872303,0.33855316318998907,0.15050384376530707,-0.3779415562312174,-0.3680078593624481,-0.36290466773491104,-0.706102013440277,-0.5692173953433355,-1.1286632864958266,-0.09370050407837226,0.3310639835186944,0.15405846757685268,0.6802210472458713,-0.09350284933024954,0.43090299982849084,-0.41865316413009035,-0.3491883708692128,0.001963790385763696,-0.30694422661348786,-0.24968462166578728,0.3648516027574607,0.5930692907410885,1.039924667056006,0.20396889764822856,-0.42826873208620014,0.4643100301236392,1.405668602198364,-0.5362139742039903,1.4536969352690234,-0.37411119907952395,2.4547832025899483,-0.6522969378883776,0.2643468287352462
3297,-0.23140844124403298,-0.2561052819569494,-0.24721104701705124,-0.3161012844116963,-0.39434178396720615,-0.43270940615226594,-0.37704865272451876,-0.840787994328544,0.08595044764681412,1.6068360485871647,-1.7223058192142346,0.4190693029583944,0.2736663715733741,0.5506108789831087,0.03921378384886302,-0.5220209120868977,0.5636524159815427,-0.2895853601716394,0.5773300909846889,0.039213783848863294,0.25134981599877804,-0.42244521545849806,0.5476452238671063,-0.1137902156962297,0.5011796275692366,0.2513498159987782,0.03641710501791634,0.07366640220484982,0.3109116308460913,-0.6517176502100331,-0.05407472586433292,-0.2531567629273147,0.17533643048619338,0.27891956867216794,0.2441533611239215,0.3973691005078906,0.3887691835242181,0.3691970542803639,0.5714435531866847,1.1626820952269052,-0.4650037313510908,-0.043058669854789566,-0.06046717021021747,0.06346562010792253,0.06658766509321315,-0.12575822257709948,-0.07180709803985616,-0.20661181391875683,-0.41771432488896415,-0.11468313173162052,0.16158213600337415,0.5797936727721649,0.1601056184297055,0.1603344714406715,0.4262564517569099,0.31914901708219806,-0.17949678553365508,-0.09217665212864212,-0.7503094741554674,-0.7984791327738141,-0.44446522658882837,-0.5275870841667003,0.2984674515841198,0.2919514899248653,0.19042523672431969,-0.40139744490631896,-0.5316282027865237,-0.49607826037232927,-0.6891089497293976,-0.7706713446602954,-1.1220352841068393,-0.0676948571979744,0.5151887560110777,0.17278535859964192,0.4852919286213337,0.3342912337360885,0.5796099677535413,-0.6308882478023135,-0.3500926123981887,0.18669122756583795,-0.16339859527423475,-0.09196665527512947,0.38927401402698725,0.5810901524819491,1.2869486318988677,0.040022694014656336,-0.27822507211193004,0.44491809424531087,1.3983360795578879,-0.5645934258507792,1.4587301405698723,-0.3374458397757974,2.4269374063946665,-0.6388560954731399,0.26876689854076213
3298,-0.30930325652007795,-0.3970906735810224,-0.6227816040503289,-0.714762009877383,-0.3879945776042471,-0.4000189088542668,-0.06416744132265145,-0.5865845414943569,0.09429277147362475,1.5699609433767374,-1.561218836170196,-0.7321264346824689,-0.9682543646376662,-0.4474135000362282,-0.8247108182163319,-1.9059255622696971,0.280968601542823,-1.707380976557732,0.4821073609239223,-0.824710818216331,-0.1950869528423031,-1.7770965392656282,0.38797225614553366,-1.3173330740091693,0.48409438711728775,-0.19508695284230262,-1.9181073865625133,-0.8981589635401451,-0.4432872736551729,-3.0505548397536106,2.3327026121938457,-1.706261942662651,-1.0064239905279482,-0.7942956681431235,-0.5528460678765361,-0.28330456081045957,-0.12679653471870103,-0.153551006026148,0.05956000067087444,0.6460953575825461,0.16590558390141139,0.6748295672930038,0.5299615969347564,0.5947340034425296,0.6394473721442916,0.2239528596329485,0.32881185074805014,0.05865101488565902,-0.27823187155513074,-2.002489081299548,-0.771396119349856,-0.1194489464383855,-0.5450261216212908,-0.28298227722109687,-0.015501280934705196,-0.2315090808813142,-1.8558231305910193,-0.13547255350678003,-0.7195277985581698,-0.7892188631151699,-0.4537542785220488,-0.5215925941107159,-0.7501803381768882,-0.3341420732942943,0.1541305906993274,-0.43307363442998265,-0.5594313363442859,-0.4219751360963838,-0.7015345657118784,-0.7590033048421033,-1.058628919491707,-0.28504609203476705,0.5395242136148222,0.005939978692306021,0.5991868811859826,0.2903491948477933,0.6323589827074262,-0.40385702485941927,-0.42943542987217986,-0.2026501203207861,-0.1778353083467475,-0.10024191930288669,0.4226229851928384,0.04318017594316327,1.0349329276864272,-0.1669905975791298,-0.20741918279637075,0.36506428017195897,1.4012730837162892,-0.5915063375546781,1.4567282670048578,-0.3119489675768462,2.3989641881065187,-0.6307585082405077,0.2776188988501998
3299,-0.7102190819291495,-0.6069809607110971,-0.6135632320282749,-0.5153051493814612,-0.6377819514041277,0.027479255666212055,0.021067705086460355,-0.7034169805016872,0.08628732066094426,1.611812372398236,-1.5147721156999523,-0.13001624933180472,-0.2666000855573962,0.057069266144803316,-0.7298435496043599,0.2102172249630201,0.2213289028903309,-0.3610780670674884,0.3980154302023046,-0.729843549604359,-0.29709369860225665,-0.4059638631608268,0.33122715873446135,-0.46905714408329374,0.4582504324864942,-0.2970936986022559,0.0498961682575268,-1.3399854935796758,-2.2406590926179564,1.5070751928584478,0.18985635417194935,-0.4400105463307596,-0.4155212041554646,-0.27419279503129046,-0.13178691506886794,0.023737454693562983,0.12397603637278704,0.12757296817507335,0.3013506885002244,0.9084520667966465,-0.10890825091758558,0.3228585745616255,0.3288068850267655,0.34933530603399654,0.4411557179275774,0.11019866165018899,0.19396848961116298,-0.02380912193089723,-0.32183369741540446,1.0395989440305586,-0.9787138093083363,0.04661149485039757,-0.01229917480500041,-0.12996834462624948,0.3419889749252033,0.2113816209792351,0.9021331589798461,-0.1416202136638117,-0.7168796923077707,-0.7799700240536962,-0.44740083865803365,-0.515550149162067,-0.23432682782809378,-0.039287681109148286,0.15242881759767338,-0.09823968443265077,0.2194967057926765,-0.447599817599651,0.009824963350894717,-0.30056333694546916,-0.49417713251488266,0.15777153840900734,-0.2799242077828496,1.0726859387433638,-0.5800193306631332,0.6113189514732082,-0.006636102270516494,-0.43567987213502435,-0.0913888016371999,-0.30082283123885273,-0.10165260586141972,-0.09592922685728722,0.057240869650531725,-0.14853912443352052,0.9264027837189318,-0.1987940591592764,-0.27441854693073753,0.30715146232814283,1.4190728434102826,-0.6081448954198991,1.2802090304350577,-0.28016393576838555,2.363537076770504,-0.6270985133343865,0.2890593676585655
3300,-0.4527805216632001,-0.40417139853985207,-0.353533352283808,-0.4094781155041928,-0.38072749549340285,-0.7977356975884473,-0.31276133057281097,-0.6265797893441991,0.5987481901190628,1.58396858285758,-1.6348760419160937,0.1411982289275004,0.03906723740968015,0.29379774594930935,-0.41435137469606276,0.6962378868093357,0.24549927720536596,0.14576156678896005,0.3503529143431547,-0.41435137469606226,-0.2614698392312456,0.14241204333165694,0.32174523717885906,-0.07876961153261784,0.43555065818338906,-0.26146983923124495,1.3600197831815013,1.3209452393846681,1.492661132787272,0.31944813779583725,-0.4184486054126171,0.18761493125690382,-0.1010853276947355,-0.03891586154975615,0.08375326316831413,0.17194062192706477,0.2505778304701884,0.27580387548110424,0.42432497179144374,1.047624142932487,-1.2370975734674539,-0.7892054512329255,-0.6741581666274619,-0.5146722652431298,-0.396806383507262,-0.4280591440889835,-0.43365923230946624,-0.42651872134340024,-0.5347037613439795,0.5345133193278063,-0.40363741332181374,0.007557380169187039,0.2495652346521544,0.004569423556561187,0.4269961607349233,0.3053297878864936,0.6498803432120783,-0.13801315352751123,-0.7143286644705118,-0.882114930017843,-0.4410258173872463,-0.5094819739181229,0.029049944821824894,0.11055742320197832,0.15058276336580304,-0.07594817388790338,0.5199279961693323,-0.5840034752146386,-0.5124264531935714,-0.45850036681601497,-0.9141458183312957,-0.15753909389703813,-0.6231256505480984,1.697047040689982,0.08948270498572822,0.02256792261304107,0.08033814604782145,-0.26583154286259014,-0.22374381542757152,-1.4253994509913706,-0.58088932349233,-0.6058755215213736,0.05213264629492338,-0.20646212749732984,0.9033759043753699,-0.3339836221585948,-0.10188360436804302,0.2737879391981574,1.4398096517201475,-0.6386625803005225,1.1788531934114757,-0.2443404297821577,2.316346664386935,-0.6272692431949936,0.30260456616597237
3301,-0.4067594538293881,-0.4633452827875153,-0.41702186185360857,-0.4446397740004651,0.0950915468140739,0.03495784154723419,-0.023756270301064152,0.11037797468853856,0.5259005489688563,1.6282982416923424,-1.4514420268534896,0.02822065531727861,-0.08709898982975926,0.19514140654057252,-0.30368994149648715,0.2442111215128841,0.2365536432580981,-0.05469636990346571,0.3154902986342347,-0.30368994149648676,-0.26574709165490185,-0.01642069852668337,0.29911792621397243,-0.18779713544922694,0.4125457896269972,-0.26574709165490124,-0.32526476153040035,-0.3709689311733894,0.2577272568982118,-0.28914114781528966,-0.3622713951091048,0.16828475149635555,-0.19448609000570435,-0.15797195834062608,0.017705356928726337,0.09169906905109958,0.19681520823477044,0.23415560804151833,0.3738641625615438,1.0041612551270065,-0.24004973401615964,-0.24181859473494222,-0.1267677300309955,-0.08669604727911617,0.04637782251437486,-0.14397124310670353,-0.10181871844187822,-0.2067764156823603,-0.42098904977169144,-0.17878528073728828,-0.3424884441058109,-0.07087876342957138,0.18536976218784845,-0.07169998517402662,0.40129185215919483,0.31669241133814624,-0.3231926277984189,-0.13694584548534286,-0.7179420823272814,-0.941283406938221,-0.4346336147677042,-0.5034057255938558,-0.08242999971821108,0.04520290092168537,0.14838524453544674,-0.11438147950807177,-0.060076235468173374,-0.5573496727265967,-0.6906803936109797,-0.6114859152605236,-1.0402452453814683,-0.28731198836223054,0.04071005799079116,0.893012862407238,0.4112323354559474,0.01798276176264325,0.3105214456465466,-0.28380546078399677,-0.09031653159365319,0.2451982437067311,-0.5201323490514107,-0.5258033050943851,0.12552371780557486,-0.2746109151637111,0.7752910827461322,-0.5918644868228089,0.2909517755507391,0.22999499170784352,1.4611792781809068,-0.6585826836590567,1.1567586048372782,-0.21011121714868536,2.273846709356923,-0.6218863411037597,0.3149465880781487
3302,-0.5606095915132683,-0.503767627883968,-0.5225974848682028,-0.47372662574786134,0.3440086950920754,0.2695627404876715,0.2963515552588497,0.29531521023412793,1.333629007946296,1.4934351789819247,-1.6252409970506543,-0.07098195467845361,-0.20013093908094626,0.1097852407340038,-0.28119912782358525,0.049965065411136364,0.21062009870004883,-0.1576180061476904,0.2832775833808607,-0.28119912782358486,-0.28886706257239997,-0.09120224917241641,0.2686295290479707,-0.2532056102095872,0.3876144351716422,-0.2888670625723993,-0.5389429452222528,-0.25312943483556016,-0.8499283270462843,0.6444888505829606,0.2795233085880609,0.1820305475399122,-0.25664193257915235,-0.22457477339956264,-0.03816400699949789,0.02878539569279232,0.15115938590303465,0.2014922018590332,0.33239537438541067,0.9695756863079112,-0.27280068542879665,-0.3001811921519303,-0.18162903270934433,-0.11291657014276675,0.019431098606167638,-0.15670736231529606,-0.12785744498133572,-0.21423505493868159,-0.4260878675261351,-0.14860462708159558,-0.3577406668212595,-0.1458057281811441,0.2330543788813422,-0.04686984196130443,0.3942237144909627,0.3829280169948016,0.35122936152636336,-0.13842029772183728,-0.7202779962156168,-0.9444145597808944,-0.42822252470859506,-0.5889776957418458,-0.1772990787154882,0.12612789953568537,0.34954786393631754,-0.16454852324955122,-0.20520877625474046,-0.4922451200925326,-0.7057706089070649,-0.5439186966402344,-1.0212128731981633,-0.31689085154784447,0.19660072920106197,0.590444068696856,0.5195423019263646,-0.14268023983694472,0.2798228954966855,-0.19733676297208888,-0.380950807831133,-1.5841823874851213,-1.2935860774345491,-1.3318915198295438,0.19517358382697084,-0.31008541211767227,0.6735654177196542,-0.6250712061736616,0.5486171554771034,0.1951194437374365,1.4984150082994836,-0.6492632626025531,1.1588053113627335,-0.17870899356291664,2.235657878288068,-0.6104602141848007,0.3214137415549812
3303,-0.4580359983795356,-0.5058251326663288,-0.5214380854438911,-0.5850384461238003,0.6469004825052952,0.3859556004463137,0.3403257893020609,0.3088035951452051,1.2145423523343972,1.4853771557581046,-1.4785009633855575,-0.38028923700037653,-0.5496628658735927,-0.15940427447645003,-0.4456822227666199,-0.36067275335177595,0.12524641906630612,-0.5173559200063943,0.23227454014799698,-0.4456822227666195,-0.39405328895439184,-0.41684538288396394,0.2033892301355082,-0.5413829670569615,0.35370341416689094,-0.3940532889543911,0.0011108134576332995,-0.01241638199742684,0.5737107946462549,-0.9537033396254759,0.24972720069138776,-0.42604736387348036,-0.5252712241097808,-0.4872999371267637,-0.2361655565494756,-0.1671767782883084,0.004276276016218117,0.054850372308864685,0.1917057875496724,0.8324600889777242,-0.16048818476955531,-0.42489969091868,-0.303317334799851,-0.17787163602957393,-0.05796610665808892,-0.2038145458111344,-0.18379077548517497,-0.24741108546806106,-0.4433501189504215,-0.5593327992071538,0.2998386922759922,-0.363750608733022,0.08299855566866236,-0.3235360105761577,0.26948941046517416,0.44485438176323655,-0.5086345147143362,-0.1518762890981203,-0.7218329975271105,-0.9444085890705092,-0.4373501338570974,-0.6257701944034414,-0.4494718182219578,0.007923557818889758,0.40833208846331204,-0.2126084770781203,-0.20818787925921198,-0.4201740366905498,-0.7071200558485807,-0.565607799184906,-1.0123205156150177,-0.37794335708531357,0.1878713352145386,0.4613003743885665,0.613874705412876,-0.10241747949359202,0.37551690300024304,-0.16138312904275137,-0.17977685731665136,0.6142442071021552,-1.1912620324237926,-1.2080713820110864,0.26648814670337806,-0.43032894492042845,0.33421459509130935,-0.8235927466981643,0.6673931745198303,0.14772407382549857,1.5624421121511323,-0.6205685434004684,1.1694116979771951,-0.15341909862302894,2.1932528808272846,-0.5970360056134764,0.32716122983744866
3304,-0.6168291931636306,-0.711798459097163,-0.6472896867529723,-0.6305639728001916,0.6723709241862982,0.5478880892744312,1.4161261537623906,0.7362181798587027,1.7200805976451854,1.4545259799304273,-1.2622962375588163,-0.5151961053591269,-0.6995712109904513,-0.27760755402873716,-0.5450029115423103,-0.21688440780069787,0.043269461602014204,-0.49605630395921735,0.16993627863048905,-0.5450029115423098,-0.48680782623282703,-0.36641297142049845,0.13475374988043637,-0.5693679411043764,0.31189947717012995,-0.48680782623282626,-0.6457663585582056,-1.298921509581735,-0.8790589329113591,-0.11785315960214739,-0.4810487539351978,-0.5274889361018752,-0.49404231220614964,-0.5586224809661887,-0.31759428920014615,-0.2470389226433119,-0.053903593890007276,-0.001574616692229505,0.13395945889068767,0.7791129153482528,-0.23169176128948576,-0.5520050221549512,-0.48740461485471803,-0.32121522094769517,-0.20769962939420628,-0.2959243817152739,-0.29564948666111107,-0.31935347798353736,-0.4799217743572499,-0.23347094310008887,-0.2623560927896921,-0.9353970358560281,-0.12132491428177133,-0.1446255030646858,0.036140213210594546,0.4548815635842372,-0.09485937242500131,-0.17169499416732556,-0.7163084500972798,-0.8878389076944102,-0.4808451834507062,-0.6258018684936092,-0.4655484412477437,-0.0655615735884412,0.31158898109296146,-0.2290343421703091,-0.48293425717024263,-0.17873268053721714,-0.6632699583614521,-0.2434973667842463,-0.8648000360622661,-0.4401226273304027,0.5030331772310762,-0.31806972025693014,0.8488759431910953,-0.6672160056792341,0.1637579170291882,0.20987023093057142,-0.3472885312897553,-0.6040562443179461,-1.6729627515059549,-1.7145576910095508,0.2854029361570775,-0.4674590791159453,-0.08636606702256688,-0.35345653647443237,0.7250862693654487,0.1089946736582464,1.5658331714617717,-0.569763134459081,1.177327539375102,-0.1292807076492154,2.1428995942632465,-0.5853576234767082,0.3365891590970898
3305,-0.5896814566246192,-0.5725198934725355,-0.5137122409670538,-0.5015854039673737,0.49053333696250684,0.5895766039477618,0.5233133050550748,0.5090821371263639,1.3088908931816172,1.564123359312335,-0.8349864926886461,-0.11479076666261875,-0.1932530046755451,0.04282885977633324,-0.28760578371868595,0.5653603369138547,0.06864281572002692,0.15256504896192863,0.13713582333581958,-0.2876057837186859,-0.41426757226928806,0.2901201155120093,0.12517178249280853,-0.0807420924767569,0.2764251953580759,-0.4142675722692873,0.6828476376890863,0.8931490540942346,0.14993873437985164,0.6441185117524907,-0.4553139472331696,0.1170923631849306,-0.029085102659864262,-0.18168160590596047,-0.06850239750677539,-0.05055624337697107,0.10702162090779767,0.17216106603555975,0.28779500303095473,0.9415863598427945,-0.3319047571988738,-0.43450645244482633,-0.504002319661676,-0.32276118092803774,-0.20931552943999027,-0.29522215024988563,-0.2987693357438984,-0.3171882043099945,-0.47881878080525975,0.6435261706364264,-0.2151435711879605,-0.46499809414459425,-0.12343812190593656,0.10573771287766981,0.06667047052524357,0.6915888922888315,0.2731900936758373,-0.16792602826982106,-0.7373295234591987,-0.9122503444140283,-0.47461332738927003,-0.6201370609113835,-0.1449147027528622,0.1179789278982607,0.30835429634759276,-0.26928441338497683,-0.32714322244688454,0.5468064256470833,-0.4881514441506594,-0.43627936903837994,-0.5532864708731935,-0.4581385994109684,0.3118539070736156,-1.3772186768151051,1.4764442836168632,0.019894790861773884,1.0869538179873217,0.03566529989171423,-0.17213643489758532,1.0516421798424915,-1.2927891072059257,-1.3050190276171245,0.3144321692491047,-0.35716937411563426,-0.27949664990383744,-0.04676281709098348,0.7452414746299958,0.07702694370968112,1.5377435792887633,-0.5229940871076467,1.1741727458128755,-0.10236068996224393,2.0930028033937567,-0.5759918142934515,0.34539368349898125
3306,-0.5039953931858694,-0.5714400208157122,-0.49807715287845156,-0.5558033263969112,0.8665916763933281,0.5208024774404569,0.5472781371026939,0.8360571312209722,2.377160854518457,1.426374061009209,-0.683704413679658,-0.2866555179573733,-0.3981431273561316,-0.10128116935416126,-0.24161491761172982,0.1012879648948025,0.05226700772829118,-0.09938896902649491,0.10960373671521556,-0.24161491761172973,-0.4000411988323685,0.05856822980208709,0.09795477176333592,-0.22643443212493666,0.24224210068946164,-0.400041198832368,0.07358339679366543,0.005657526011276673,0.47335040200610323,-0.3967234348139302,-0.5951639493787277,-0.022602465680851454,-0.11219587857945197,-0.21731258341437362,-0.18264514188036263,-0.1366304121240831,0.034337983698539354,0.10836678128560637,0.2161239243846848,0.8748371323045677,-0.5435517603877896,-0.5747859716818433,-0.6304998026062583,-0.471195729205449,-0.3621866151254101,-0.3860686799946326,-0.4073820891470139,-0.38872522454024255,-0.51603903497418,-0.27466721306933767,-0.25785829299392116,-0.45114151452658224,-0.21015350733987342,0.028095001022299042,0.18601784524661535,0.6744751334546297,0.23908227307787097,-0.17531925836026666,-0.7332372103010352,-0.934230378901402,-0.5086469796303169,-0.6145000833092871,-0.20693779129220063,0.022934324705586314,0.22030844901133484,-0.28350507345589643,-0.35180177825281894,-0.05003239114336154,-0.47330203422805117,-0.6877680340803487,-0.5788035591108204,-0.6624460084557342,0.33702205267705915,-0.3717979696051242,0.7003660679209265,0.5477543412583874,0.8792058644569951,-0.009542372895854821,-0.538924051755161,-1.6101853187433524,-2.307366407022955,-2.370705099239297,0.3558568947575786,-0.35459865007364555,-0.41292487834618546,0.4561557803315809,0.7166635190603851,0.047181497572166005,1.5213765470861187,-0.40345123009717326,1.161912115754114,-0.07865605420264063,2.045088845306389,-0.5510486159476146,0.3460317260824071
3307,-0.6026179986988683,-0.7075034834772073,-0.7050848782096828,-0.7629240793927281,0.9289746015169033,0.8588749615913378,0.6459146102388951,1.06698922857881,1.9727511943958158,1.5459210310530582,-0.6549652914228534,-0.8127673581675027,-0.9895951424180123,-0.5641680145110044,-0.5615817650597144,-0.6994366596316709,-0.08096607934230092,-0.8001188287233255,0.04524443307128019,-0.561581765059714,-0.5544828721787157,-0.6087073074141075,0.003852444208575103,-0.776438252024902,0.19481378569049432,-0.5544828721787148,-1.0514979610924735,-0.859116403154007,-0.5468994740385122,-1.2079227076131336,0.1222321770952614,-0.678330759154312,-0.5985147867115684,-0.6613838568499728,-0.590989039602582,-0.45666526157750076,-0.22053699945152708,-0.15506375880171885,-0.04115068919521346,0.6153644304363642,0.4572131114670607,-0.002029094536135807,-0.059488867699837154,-0.06565546481610109,-0.0038858698301926804,-0.1323992924064906,-0.12231465326532374,-0.19808662897993617,-0.4195122450395384,-1.0330189779116425,-0.6500582655466994,-0.7580081820320209,-0.5016648314074603,-0.13802235798552703,-0.2372355599621752,0.431852574256114,-1.434637217681918,-0.21102815661314367,-0.7085610092099703,-0.8658081600407264,-0.5477401163185351,-0.6145426081068706,-0.6597970579171987,-0.2951609023367155,0.13479330796024147,-0.31818938144164893,-0.318075301745667,-0.07342093881460646,-0.38203615272280417,-0.645862934227215,-0.7345653544587704,-0.6793071651053704,0.28914402169145315,-0.2877498276706785,0.5231960751601697,0.6251381649999128,0.8015708821639548,0.04699597663638893,-0.23211338035069218,1.1931732322188917,-1.9322461024914501,-1.9645136768615739,0.39643166518431405,-0.6014067871306166,-0.7220885163032579,0.9369181090406196,0.6802007490771188,-0.024559085425398263,1.4393872146956737,-0.2854643567459659,1.1298090743846272,-0.060833526710311614,1.995503892705795,-0.5246934683004726,0.3399704963770784
3308,-0.7747057038611338,-0.8075115446672092,-0.7752363507496366,-0.8510311747723193,0.8664056740822895,0.8474353187990892,0.6919246633605112,1.0337877440411778,1.7836681893410848,1.630615093890554,-0.5382414416618051,-1.0147300487533448,-1.1977129544814857,-0.7530389107967671,-0.7731053171630207,-0.46530893323557604,-0.21437789331953536,-0.7979123400932137,-0.04379386173455441,-0.7731053171630199,-0.7008500631602445,-0.5793761826799756,-0.0999692042663546,-0.8522806964660097,0.13471052734535305,-0.7008500631602435,-0.36562805136467846,-0.6364548009187125,-0.9561363261784053,-0.5944674048677411,-0.14488798341874515,-0.8331587358384503,-0.8228671729072119,-0.7754597620680893,-0.7490468500406308,-0.5797600754685831,-0.32419775708094084,-0.26158772595783647,-0.14846729366377706,0.5073754692446488,0.3804042386748794,0.07260222026693637,-0.039503320555652796,-0.07125073655072822,-0.030904069390995915,-0.13506745747178972,-0.09441623948221413,-0.20053024183623805,-0.4231067649118546,-0.4487075536001179,-0.6016475214979913,-0.231035058039126,-0.6398854134894244,-0.2401140704858306,-0.2830977319509385,0.12493196246193032,-0.7286042171175944,-0.261022030053222,-0.6770094311741185,-0.7747489327216197,-0.5823348054453155,-0.6087908667172536,-0.8092745557302787,-0.43985755358576817,0.04680891215578535,-0.25653239969190317,0.08726992506894299,0.3126265952592075,-0.03837790585201385,-0.4698940781538305,-0.1736325571825169,-0.4728720776488491,-0.1665196254483602,-0.43057472946086817,0.4540309045969992,0.8708849946593754,0.9158513658665649,0.011098726454649543,-0.21177566757303565,0.8262170278947308,-1.7414311824406192,-1.775964488608577,0.32805238951740173,-0.9343253625538257,-0.9721957181659602,1.0747790995377577,0.6991333235514068,-0.12178225151045773,1.3371366791015338,-0.18711194410823956,1.1250888020531415,-0.04150361241883298,1.9386696898042048,-0.5029404662829644,0.340942571434866
3309,-0.8044097882982075,-0.8075997750505812,-0.7607291846341718,-0.7920828075927753,0.8230473126084759,0.8732645591062679,0.6455801526606221,0.4480792420677058,1.7903663554635167,1.5907477179426694,-0.43757240341751336,-0.8245230869574631,-0.9468035357877438,-0.6071929538012755,-0.6445949836733206,0.28111941314264494,-0.2579911069283274,-0.25936258202551166,-0.11834614016778884,-0.6445949836733199,-0.705616333043981,-0.020793066428285326,-0.15889616040816953,-0.481544313280334,0.07401698958646392,-0.7056163330439806,0.07505333645796552,0.0039814948799794065,-0.16517707887300173,0.07360862426075071,-0.29013193280629945,-0.43111103715152355,-0.5642557770510723,-0.5052927701241289,-0.6058966810946904,-0.46419536761466673,-0.24062900655974934,-0.1767989218229855,-0.07744006251291746,0.5837566012253965,0.12677174570544072,0.05150343246042465,-0.11768853781179188,-0.1495864459712219,-0.11015449965551642,-0.17022329144283604,-0.13059431821234183,-0.23358691868957623,-0.4395059596788828,0.2987590540217665,-0.36957648600841375,-0.47495513909980563,-0.9449374185852127,-0.2939927435614883,-0.36807704606237357,0.16007933026133897,0.4504145958185793,-0.2911958518456314,-0.6564476118395722,-0.6898831296649495,-0.5940968004833591,-0.695448925243742,-0.6259524957677526,-0.23223019248905033,0.20223669826010016,-0.2802320740190696,0.07290462923829655,-0.32394417059660074,0.15189929029150565,-0.3414142100170273,-0.08551772952464663,-0.1780996554554592,-0.15578757629748463,0.659832167779731,-0.6506035968058955,0.9436697846027936,0.16344705542526378,-0.1627543702267479,-0.2784119612061261,0.4544962277714187,-1.7530067003105352,-1.7834462768115082,0.3497021703392145,-1.2867292300878441,-1.1731344427354111,1.1676494132839619,0.6978105089274962,-0.21412718314741108,1.214387151315658,-0.09072351901378302,1.1120271852690704,-0.02016287245615345,1.8903425330098336,-0.47995284219423917,0.33693725439496186
3310,-0.7551797149443242,-0.7137945636182161,-0.6510367749287934,-0.673912233810065,0.7901352069473818,0.7384659073528109,0.92117900082907,0.958392004169972,1.6303862352759644,1.6606945641048538,-0.5075235613652169,-0.4363521237863232,-0.45006060809225684,-0.3035230663629464,-0.2840400141197269,0.7911957080260029,-0.20948831513281035,0.2916469216494359,-0.1513937013721401,-0.28404001411972646,-0.5700099314674487,0.5367364869841913,-0.16149089652206888,-0.019267470627849698,0.02484882943995496,-0.5700099314674486,0.5632549350716353,0.6054171941286906,0.27953836035433005,0.5890107086250487,-0.4613751165587426,0.2435625110361089,-0.13157237998187804,-0.19341491555252582,-0.3432184952941114,-0.2604658267279292,-0.08521415487829616,-0.02347257687234045,0.061812215253258314,0.7331163415279642,-0.4868560604924031,-0.3922599160237156,-0.38856839111386765,-0.414851136986562,-0.3631457979840188,-0.3375596362013712,-0.32039387931639324,-0.36312878436808416,-0.5045437440067094,0.5929372225021363,-0.3906915858677972,-0.4553327089263031,-0.5935824838372075,-0.3068774956926086,-0.28233832224106914,0.39738425475698047,0.358675203126747,-0.30219799921497426,-0.6466976545656101,-0.6675163852814358,-0.6007049840486274,-0.6900624208147774,-0.30099272388086606,-0.06468970849104448,0.17211052713575117,-0.3197672538672532,-0.1628528198355601,-0.046341128698378746,0.5441439487594194,-0.2694421903431688,0.03600560902299793,-0.1662859821162749,0.10829915074184016,-0.13194135235297774,-0.9329891725635945,1.4742536939801714,0.31979424505379844,-0.10360587611442768,-0.27953063190002664,0.7454666365134247,-1.609319016681406,-1.6236116673779502,0.3885334758657325,-1.5836656084257499,-1.293860395248746,1.1920877077936205,0.6622726481179182,-0.27545558818114696,1.1215638612953616,-0.023128189741815203,1.0980527752543998,0.0032028995590192596,1.84880917950776,-0.4585154336337501,0.3336345419804302
3311,-0.6876523142785577,-0.745517997398829,-0.6745202504855444,-0.6776007877595991,0.3992788809762785,0.798294440985443,0.7049939653582865,0.35907193854327474,1.3868700316747633,1.7531784493327802,-0.4191828198053929,-0.4687047231577225,-0.487550967552027,-0.3307561290708103,-0.08900634764979484,0.4280022303750324,-0.17610512179062537,0.20088974949473548,-0.16193212636188348,-0.08900634764979454,-0.4573236760106623,0.4465150733440943,-0.16233486011717918,-0.004811336936865938,-0.014720281980747603,-0.45732367601066176,-0.1251523164201597,-0.1998581941723997,0.3776449831922702,0.05229086556163632,-0.5311489436160058,0.33623106624247473,-0.072404982029808,-0.16717941854584656,-0.3241738159576356,-0.2517540761429688,-0.08260555024651337,-0.03747752129027012,0.05408617846647974,0.730058699849826,-0.28233762517311634,-0.1811034979674735,-0.15986643660487235,-0.3162755814857862,-0.2724163862408641,-0.2672560980891101,-0.2200135236602201,-0.31016263734525984,-0.47803361660973903,-0.023791307465752455,-0.28025446943981636,-0.40379835824837434,-0.5183172362561276,-0.3246063334106125,-0.2928739651867156,0.5548237309415015,-0.33178782825321107,-0.3185204611254317,-0.6408535252506317,-0.6336489773264476,-0.5968107406195342,-0.6847300014720213,-0.32246317800855234,-0.0829997694011217,0.16364620145964684,-0.33602005842534,-0.17162021584467735,-0.06858970430405416,0.14988800389976753,-0.24962516065129955,-0.07397656323339075,-0.36708232517673867,0.11435679803238333,-0.1045747780292627,-0.32710621805107437,0.7532438296731595,0.2729357753062363,0.12175041974443249,-0.27454564623316163,0.7007432621448502,-1.3816873408404147,-1.3850540325911063,0.377626645877309,-1.7149697491914175,-1.34521026683675,1.1929520685684527,0.6223354213317493,-0.355013931890506,1.0182824270866682,0.020349921060457805,1.0971402110556845,0.02499404919947712,1.8001904779291198,-0.447995312360298,0.34061267130217376
3312,-0.6515631878395955,-0.6196539258052804,-0.6187778237459742,-0.7110675690222105,0.3822253731349997,0.3600058670476485,0.23530619983070009,0.3498433014510178,1.6710045911691243,1.6364472602930944,-0.6116579981670159,-0.5797512095922451,-0.624166016353304,-0.4233194981026339,-0.04080002672124441,0.10580683041309426,-0.1700837089658459,0.0371206296349631,-0.16689335870729946,-0.040800026721244824,-0.3887472095526737,0.2718081320893154,-0.17192282781497878,-0.07627507866790649,-0.048474046701972966,-0.38874720955267283,0.27978922354653246,0.7963899285620599,0.19688562337917798,-0.4598262078277945,0.11176921389664533,0.14285818535387812,-0.09974160711254985,-0.18843654603853194,-0.3590069533250167,-0.2912984679944152,-0.11877280654469523,-0.09204573932342176,0.012615166649090825,0.6911136136755489,0.2766735291051442,0.18601286965039093,0.11404298946022215,-0.10824553574606559,-0.07030195389389206,-0.1226656583581185,-0.02780101883363212,-0.2015929733802766,-0.4243070261633358,-0.16979322869432373,0.10864157706811081,-0.41093405487033663,-0.5327616959335649,-0.379701459273141,-0.2193122429935579,0.40594084524019747,0.24936032080515255,-0.3384684282765268,-0.64552537840972,-0.6768401424439235,-0.6124034700170363,-0.6794539246842728,-0.37411923206485714,-0.14587759095226766,0.11488831866575479,-0.3764300359222018,-0.27621088115862913,-0.13102965034002284,0.02098854417651973,-0.22757298030684614,-0.06631297877790567,-0.532293242339772,0.22569125282449828,-0.13237095804595658,-0.19817409458070473,0.48685525561972337,0.1863782712226867,0.31494669187672253,-0.4404813556229092,-0.3235512309694853,-1.6594894544180465,-1.670219968248915,0.41844082925265824,-1.7376455570676803,-1.367965669855477,1.1714525359864296,0.5483767586106053,-0.42549821413708555,0.9267724204496606,0.08161301254671183,1.081867319286685,0.04804627843006891,1.758365829807152,-0.4442897717823882,0.3551011270527063
3313,-0.6853859682390635,-0.6735397372673096,-0.5811390233332537,-0.6018466840198495,0.31561221848887433,0.31764037948794477,0.21791623824392542,0.41888235162675497,1.3383703825207207,1.6882070091300845,-0.6784526717792992,-0.19957877843134383,-0.12729980059457607,-0.13313221307915613,0.1901133866560867,0.5070842845447768,-0.09723916323601639,0.4354632016387347,-0.14501827218366886,0.1901133866560865,-0.22892620650899267,0.6356042059607265,-0.13871036965540473,0.27262743317408095,-0.06844323482172303,-0.22892620650899195,0.18748790015057323,-0.33277848871990323,-0.18527989270683173,0.5994521091403461,-0.7469480060542572,0.4013673491163736,0.2333310887975069,0.14725302806545082,-0.1158113853699113,-0.0990598143766435,0.02567758177574138,0.03751051982490298,0.13946347801606238,0.8279766105418592,-0.4194832488870087,-0.33415451656308487,-0.34328071973077906,-0.4459152181214286,-0.3747305278952163,-0.3451768410752193,-0.2949380693168719,-0.3655626025545209,-0.5065686026685527,0.5416498059280143,0.5566422035047384,-0.03958056239301562,0.14836145310424828,-0.27806400927459135,-0.2735500264512396,0.3355439172563847,0.3731045400444878,-0.34440178181148506,-0.6570608946305334,-0.7165234712902272,-0.6063156083423049,-0.6742367549081988,-0.10407538257775362,0.007577810012289189,0.11102369238292076,-0.41004167122907176,-0.517023059961119,-0.12291875232971483,0.026685996881916436,-0.15935564185167755,-0.16590979522174612,-0.42969517788449346,0.49708705060214714,-0.4614041821932684,-0.19717403694962313,0.3616688479196332,0.10212174138326147,0.2794847517055091,-0.32757580413223353,0.8271100953842746,-1.3504940809919006,-1.3376202902536358,0.4486466353613138,-1.7002861696412765,-1.3765107541088484,1.1654217120313788,0.49465389904233875,-0.503498192897957,0.8393939215330968,0.11674851862765508,1.0676759771513546,0.07790346701167164,1.7040773115746342,-0.43537003188058726,0.36021780437331624
3314,-0.5771195792448651,-0.6372840789423063,-0.56003798834099,-0.5388963412364839,0.36583984923429347,0.41852364239427775,0.2162679791106147,0.3976211982494204,1.1909642450683355,1.6734588815190827,-0.4053654114837871,-0.0011880393264853473,0.12263583123130688,0.021440964524357304,0.3847470759978307,0.4263862522826688,-0.010814904663861523,0.5167357450972632,-0.10050584777225512,0.3847470759978304,-0.05908256858650852,0.6768249449340915,-0.08825750122772748,0.41306019137153915,-0.07367909341502064,-0.05908256858650818,0.10361085573700984,0.23409673211290521,0.5960872092148644,0.26970374473368497,-0.6047217676371383,0.45358713118263905,0.3953448999916406,0.3364083356820763,0.061296811697447946,0.00421142289514354,0.11495204895416455,0.1058699162444809,0.20952376864418898,0.9077163046043667,0.04596726861156199,-0.08496477378600396,-0.09358618775793345,-0.2718463143318827,-0.23149818252369594,-0.24537486926019692,-0.16726668157031416,-0.29177573414263885,-0.46995938069802917,0.30774265004738255,0.5603304365825679,0.14599923977714543,-0.04564003180965609,-0.5490752664865145,-0.36094166049884435,0.30451381947143485,0.3705712665339647,-0.34387429616840715,-0.6715903741539223,-0.7721313676756996,-0.6015868375728199,-0.6690814026679085,0.04777630726810228,0.09096818470958173,0.1045540929857547,-0.4239967842352391,-0.35626905963011396,-0.5116454095484481,-0.5777072837973188,-0.27703552665762043,-0.09797299523622433,-0.3541633703543029,0.30668241693134796,0.427636323566562,0.2883668862603561,-0.44769023263478114,-0.09432979331442196,0.07893406387786821,-0.38217082547978326,0.5243419743995116,-1.2133691494097918,-1.1890911089647624,0.46675647577013674,-1.6245188244396276,-1.335799443977904,1.1684879244706323,0.3910127960226155,-0.5401280209193554,0.7315258946938522,0.14734889117564792,1.0474396878551868,0.11214618897603096,1.6299871158542096,-0.42846350868606053,0.36877456675221926
3315,-0.5508255604296373,-0.6413924817279651,-0.8906902759206463,-0.9074482774906238,0.8200506550256618,0.20550351782636506,0.6352396482359359,0.15892986757183997,0.8630645531751054,1.7169034866974198,-0.47647799197002294,-0.950888890258515,-1.0316038660955027,-0.7779563709984628,-0.21199523079226934,-1.3043849460260108,-0.16787533391134446,-0.9370987652286601,-0.12514972921629833,-0.21199523079226967,-0.2535974333488905,-0.7735811302183866,-0.17236362229455435,-0.6860946105619031,-0.09584973874823163,-0.25359743334889023,-1.6334450764489317,-0.015775604427448617,0.14588174969549528,-2.5656109147572956,2.5264217089987415,-0.9303045018946553,-0.5699884894586009,-0.583130142524884,-0.6013199516860961,-0.5646044298611437,-0.3267098265690842,-0.3732680791616417,-0.2269553854048641,0.46489517487853665,3.0501925941163623,2.516886990394485,2.41808989411197,1.7049634002403633,1.5492869076322806,1.0617897503107967,1.4283441992395247,0.707604715916175,0.02734741206925209,-1.7690685503614711,-0.5114036539091101,-0.6788063466069258,-0.6564287429679864,-0.7688093939132934,-0.5382104350428413,-0.077288941940665,-1.8878420149444275,-0.3858857204189717,-0.672483096647209,-0.6759218542445878,-0.7036034710712415,-0.7089226850179439,-0.6652430765440807,-0.41041051014204133,-0.029030581881039578,-0.45294680117001057,-0.33704414534732413,-0.6148995944118802,-0.5527981794492234,0.04997647408722605,0.026008160405533394,-0.31616330541408016,0.27698811814395935,0.632942186633583,0.11861933732395843,-1.0513662481861161,-0.6286014252201708,0.3793495595612778,-0.36395734791417794,1.156927795478228,-0.908067564856941,-0.8538001334932884,0.5292971833456483,-1.691561708931347,-1.3358160320696075,1.110774656894834,0.12465204768413396,-0.6155211777234427,0.5594508770544712,0.128333624406332,0.9847847138362309,0.136730181343963,1.5568539213828023,-0.4188747260427712,0.3630008930589311
3316,-0.8626606667635075,-0.8858175694444888,-0.8891945496741521,-0.9461933145061162,0.6676159338557369,0.5980475621207441,0.47179677866692626,0.8878543146359568,0.976198223485544,1.681380251785979,-0.09684284207459755,-1.040400134192615,-1.1253593891395663,-0.8623817635740099,-0.4882153114851101,-0.6032960895450946,-0.2841055285013316,-0.6926236962544019,-0.18183733079681752,-0.4882153114851099,-0.38929344344475186,-0.5391072311594993,-0.24839162201474893,-0.6192632821299819,-0.12987764798646612,-0.38929344344475214,0.009172083371584417,-1.4998702805633244,-1.6683628108633874,-0.6413323807794566,0.22770817356837825,-0.8696885040865561,-0.5687035898643272,-0.6162802596094141,-0.61211645302271,-0.6067991026051942,-0.36128241804893685,-0.42481680694028345,-0.27378737422340765,0.42256090046279154,-0.5922441367791172,-0.22013135608466378,-0.1363892473379638,-0.15368893234262296,-0.16939900279821074,-0.17786683812481463,-0.10046073610227221,-0.2324395349872908,-0.43831762141858177,-0.19314573855379405,-0.5851438972955947,-0.65174488614607,-0.6598518790158713,-0.7413492415416989,-0.5049049208532291,-0.015717004000493758,-0.04590270746372651,-0.39152035871163,-0.745681525092564,-0.5847897630174218,-0.7003771486943992,-0.706756841041,-0.7743463456710427,-0.47588021931199803,-0.031985390965920714,-0.18639281039248853,-0.06435901933757468,0.21272271344384538,0.14438485478685245,0.34817599719995235,0.27832345268338543,0.019128939484027625,0.027585133036356645,-0.454918661711257,0.03433564803433309,-0.44079705835164396,-0.2746374414324085,0.3468332594509942,-0.21047742971137962,0.1684446067614285,-0.9634251444398553,-0.9693705100787658,0.24144490879835712,-1.765632858598595,-1.4080990585396793,1.0575061438442077,-0.17149545121856172,-0.6698529650202758,0.3215276856345093,0.13179819641298696,0.9932546750579381,0.1595113207578101,1.4733153595449864,-0.41805921132499885,0.3768298030397782
3317,-0.9324794074449706,-0.9995689236939884,-0.9178540612306265,-1.0132794529041464,0.6743323438192931,0.6035321143091542,0.6450886682768437,0.8525323933266534,0.9340120217532574,1.6663945595767902,-0.011384610071910738,-1.1879351864670886,-1.2811213661601408,-1.0005896645808305,-0.6387801149228072,-0.33051503162482904,-0.3892901684477198,-0.6264591625360595,-0.2560874979943964,-0.6387801149228073,-0.5042011456063134,-0.45736467974175593,-0.32713421918204366,-0.6404525886168879,-0.17399523990045276,-0.504201145606313,-0.1473348439916913,-0.7113483535021836,-0.3812035796647091,-0.6370342190323296,-0.5582606810401826,-0.9069819156120195,-0.6962618885501675,-0.684005731316886,-0.6767436866317424,-0.6951861347902256,-0.43084110232809303,-0.5133943335568764,-0.3539049806976408,0.3444220758185287,-0.4102842343624372,-0.07512128444358492,-0.023576004543782395,-0.04514809059890688,-0.05910556791456797,-0.11492400891950837,-0.0200678635686058,-0.1728964685203019,-0.41168859583689343,-0.3391297624356733,-0.6587545694622677,-0.4189903956070754,-0.7082201589159101,-0.7900815138123081,-0.5566307251760071,0.06145213429639801,-0.2521680606383302,-0.4219628120845778,-0.7820244907366594,-0.48711326460484977,-0.7135936882324272,-0.7212455023521572,-0.9206592201909434,-0.5636040842230002,-0.03554359943121406,-0.2323894860983983,0.04334295234976543,0.18440443487430133,0.18991590544796066,0.33113536880009986,0.2464537455939597,0.014069045133108415,-0.10920318732019903,-0.2648638571915117,-0.07462497861959434,-0.3290387433140942,-0.2779844154020048,0.3355617107970211,-0.2149203043893172,0.5069654730891218,-0.9328220302653044,-0.9268902589073907,0.2897808799496562,-1.7674059927636372,-1.4281324063828726,1.0072383523288306,-0.3806276364281802,-0.7509348891295123,0.0424744713681586,0.1854939597522284,0.9964141511208537,0.1778710405649833,1.3989796155862368,-0.4238161243130554,0.39442370628835255
3318,-1.0103392947556187,-1.044806484646896,-0.9784945725696793,-0.9397618425611993,0.6872814462237973,0.6980331819779663,0.5365075159792703,0.7633912219032957,1.2605707746341839,1.5309817674239419,0.1305896391700971,-0.938881114807935,-0.9551323238698965,-0.8117045310744885,-0.471768849751594,0.3654586381108748,-0.4048579720943776,-0.09212941434446585,-0.3110069152305434,-0.4717688497515941,-0.48219823776686904,0.08683007904137167,-0.35951665850451603,-0.2624335027693923,-0.21627599311409407,-0.48219823776686876,-0.31229401056416894,-0.2883086819185379,-0.4342952440103103,0.48552835446292897,-0.4060007447569571,-0.3013531272376768,-0.45660563832611484,-0.40099159438756654,-0.5104268477662903,-0.5652845518554553,-0.3338256880362787,-0.42181749584736505,-0.26535909541852115,0.4361942258845791,-0.4732986189358765,-0.03585295216952346,-0.02588616322981084,0.021178235955047916,-0.02180832304715568,-0.09549815189749083,0.023910411797939967,-0.14986120923721943,-0.40234511743782886,0.3627389966811055,-0.7337449027996021,-0.14566274266909296,-0.4720588698543839,-0.25783893374462513,-0.28218376503351716,0.2386505996670928,0.8537746056595411,-0.437123639803042,-0.8229683832769503,-0.37182474932195647,-0.7443625606582781,-0.7537836932808963,-0.6650434450867806,-0.4192315045486592,-0.03982652887752382,-0.2670339150275411,0.13650622085773953,-0.10464950896978645,0.25319357243507695,0.39278508531053496,0.3160767283912521,-0.05278359547666974,-0.2261796556563641,0.36031777949146127,-0.5386041802914018,-0.34236673602037937,-0.6249434843806992,0.4707249186974024,-0.3467129240573664,-0.2750258899960163,-1.2500984356893485,-1.254139716475601,0.3267682901235667,-1.6883605638590928,-1.4352028145832718,0.9445189099029196,-0.5258696968046583,-0.7934384147880431,-0.16010049648121263,0.2772672569376798,1.0040666045734457,0.19677821999503434,1.3307531825050718,-0.4225982971285154,0.40710897801647344
3319,-0.929441434135921,-0.9637382703555785,-0.8896093008025777,-0.8612574369544356,0.3685062005552951,0.6597714211119999,0.3943217577834515,0.6164484298517406,1.2105012791904,1.5536415769867429,-0.008395476142101243,-0.6836872420694422,-0.6242136660752164,-0.6167300898076776,-0.18681509380496206,0.6294420777072403,-0.3623177879323113,0.25792971212024884,-0.332878245719387,-0.18681509380496208,-0.37224253803981205,0.44058483895067174,-0.35435109809853765,0.044936038821318545,-0.24903240961490897,-0.3722425380398122,0.446032840594702,0.514478884133022,0.4466266671610749,0.4631175913418797,-0.49159625487129904,0.320210243645177,-0.21175301005020977,-0.1729881888596456,-0.32426230200252876,-0.428745393222361,-0.2325377634475244,-0.32792101703184556,-0.1746012942374702,0.5313204491851768,-0.8677884545137302,-0.321529711327744,-0.28046712261049417,-0.1677890775157745,-0.21677002819541666,-0.2327247154875546,-0.14445916232110048,-0.25332416439789485,-0.4512896598476071,0.3793994105002396,-0.7060985506647787,-0.11903109978688117,-0.31396991369394434,-0.4049020610947671,-0.2809506099884626,0.8965666981913012,0.33591681607257956,-0.43507470004911186,-0.8742556050963799,-0.3180205324763955,-0.7381811630422159,-0.7486338180723889,-0.48504927363645484,-0.3169158752055381,-0.0426248422129148,-0.3051081721511976,0.2306689347628782,-0.4142143835906677,-0.02159060039756214,-0.2461834268472061,-0.05431699289371974,-0.2142510567784669,-0.34512276520618673,1.0209027118486924,-0.4838461659704489,0.4516849119346534,-0.0460035171799437,-0.03937815510435662,-0.28749782447878647,0.3357368066713687,-1.2104108264588604,-1.2086056103838474,0.34354594660237586,-1.6645753065504358,-1.413456695289132,0.8530802700721755,-0.7820412900112027,-0.7937498378324733,-0.37634620856889867,0.3239976732643977,0.9817615875610152,0.20078566877328619,1.284515208279279,-0.3982708663732267,0.3934814233852354
3320,-0.8181352146797202,-0.8538297264027197,-0.7707151632550486,-0.8441303301852392,0.363472216534175,0.3086152787578733,0.16347871676560305,0.4508639119667882,1.5983985815032897,1.5440284498000856,0.1172405568988556,-0.6480229590168806,-0.5762596977023825,-0.5910616927894208,0.008007430198947054,0.4289219076008254,-0.31832905206178225,0.2662546099520605,-0.3322436506355111,0.008007430198946943,-0.2620526201507058,0.44169360130237556,-0.3401106846031649,0.11934112439114229,-0.2722197055761618,-0.26205262015070596,0.595945346972609,0.6891302538706076,0.6083837762679971,-0.22874153637417016,-0.5978380366265559,0.3379921562309692,-0.11306472523669306,-0.1317422915841649,-0.2477901123746725,-0.3807284349897282,-0.20367760993124895,-0.3094184280733974,-0.15519852564545017,0.5518254237530773,-0.24028517371196195,-0.3493652144881807,-0.27209221004468676,-0.18492735560477258,-0.22270514565685187,-0.23564160678725662,-0.14539271235603027,-0.2530177576218704,-0.4504021342443261,0.07658780392831147,0.12565070355641653,-0.29279718934695037,-0.45979512220940305,-0.506662400229952,-0.35446646752871985,0.6005428900891284,0.1544495054436266,-0.4495237876280322,-0.8683060569608402,-0.3370510481155734,-0.7491528246509753,-0.7433069938931233,-0.42033617768467607,-0.30413912506759383,-0.07944048331537135,-0.3377567194457382,0.20781999107979954,-0.4426037693456678,-0.22878831712665054,-0.1294326340592113,-0.0814994912784425,-0.7938634814954545,-0.3274936777333402,1.038208666801399,-0.18604227425870418,-0.1382339140676155,-0.2293365235327601,0.6860064155098572,-0.42904184512127297,-0.5535052628281634,-1.585171114434064,-1.5977977166514372,0.3770891582127788,-1.6703007332619801,-1.48326931657238,0.6649168402509632,-1.2120530113103294,-0.7697602623661982,-0.6280230015239867,0.36762041044974614,0.9619140545871107,0.21526090654643,1.2169257216583445,-0.3673367388710413,0.381439226281681
