,open,high,low,Close,vclose,vopen,vhigh,vlow,VIX,SPY,TNX,rsi14,rsi9,rsi24,MACD5355macddiff,MACD5355macddiffslope,MACD5355macd,MACD5355macdslope,MACD5355macdsig,MACD5355macdsigslope,MACD12269macddiff,MACD12269macddiffslope,MACD12269macd,MACD12269macdslope,MACD12269macdsig,MACD12269macdsigslope,lowTail,highTail,openTail,IntradayBar,IntradayRange,CloseOverSMA5,CloseOverSMA10,CloseOverSMA12,CloseOverSMA20,CloseOverSMA30,CloseOverSMA65,CloseOverSMA50,CloseOverSMA100,CloseOverSMA200,VolOverSMA5,VolOverSMA10,VolOverSMA12,VolOverSMA20,VolOverSMA30,VolOverSMA65,VolOverSMA50,VolOverSMA100,VolOverSMA200,Ret1day,Ret4day,Ret8day,Ret12day,Ret24day,Ret72day,Ret240day,RSC,bands_l,bands_u,ADX,cloudA,cloudB,closeVsIchA,closeVsIchB,IchAvIchB,CondVol_1,CondVol_4,CondVol_8,CondVol_12,CondVol_24,CondVol_72,CondVol_240,CV1vCV4,CV4vCV8,CV8vCV12,CV12vCV24,CV8vCV24,CV24vCV240,RSC_VIX,RSC_VIX_IV,RSC_VIX_real,RSC_VIX_IV_real,RSC_IV_gar,close_spy_corr22,close_tnx_corr22,vclose_VIX_corr22,garch_IV_corr22,close_spy_corr65,close_tnx_corr65,vclose_VIX_corr65,garch_IV_corr65,close_spy_corr252,close_tnx_corr252,vclose_VIX_corr252,garch_IV_corr252
3267,0.3827487945044716,0.28333488442445315,0.3750269163489387,0.3677767808722252,-0.9997592035881679,-0.8562436306205502,-0.9760168995098257,-0.8978280194445859,-0.9566035585672963,1.4413690905924363,-0.3519832696103568,2.0843105041415035,1.9678698552166929,1.8795743062665657,1.5031711371855938,-1.6009418968534501,2.198635616293944,0.30656139102896274,1.837941191116831,1.5031711371855905,2.0182625596744947,-0.9952601959674461,1.9705240457511404,1.0122132370387853,1.1012228301068445,2.0182625596744974,-0.6890197430584658,-0.8837136916718968,-0.10734962699014436,-0.10954362739089796,-0.854872603473241,0.6337816794814618,1.5987061601269597,1.7113092711445,2.359388357490791,2.300358399801189,1.4127844634272075,1.92581647715537,0.6792679982463411,0.36306319213036436,-0.9563112644593064,-0.46612743833510545,-0.42272711070166524,-0.48836620871225306,-0.5118654674327957,-0.2871824453393028,-0.35039228649710924,-0.2868688230705797,-0.18960812076260883,-0.5449813992866257,1.970390970956371,1.7684233980208441,2.9249987986951673,2.4757123360051967,-0.3047616915094661,-1.836041261258381,-0.6774915696156542,-1.2348796743309396,-0.631396003624132,-0.5779861741683858,-0.5703166904799565,-1.8708801277176026,1.9121339161502706,1.7672542252852348,0.7502811993091075,0.2262815027789318,2.6347089978665226,1.4709397881320951,2.5930271822279733,0.4566792484419982,-0.015079891319275113,-1.7675597997756933,-2.570695934760641,0.06530932883309346,-1.8322936631261597,2.550497324235217,0.507240053591583,2.3282606251376747,0.15248754399335077,-0.8227493416398179,0.9450436331154642,0.9514164909858827,-0.4270397056607176,1.0864399465558008,-0.6324386385374205,0.8683579350504642,0.8303456139792987,0.8705754614178887,-1.0304909473689712,1.1551574541183551,2.1092885559647154,-2.094021091738665,-1.2927083471548741,-1.8583913600509765,-2.311607852065289
3268,0.4709455331276353,0.4135527207827724,0.5318512940312782,0.4839014034839759,-1.155131674016938,-1.0396430832139263,-1.1524607966353824,-1.0608130706680388,-1.145187994473124,1.4517300278356595,-0.37843760026855505,2.0828016284706363,1.9600765979890036,1.9343539521756752,1.161198891722834,-1.0621778777864757,2.210711599484047,0.3365465929452885,1.9999640909791632,1.1611988917228324,1.8146020497383792,-1.0476265543317573,2.0849487273794,0.9161370316504306,1.3229091951866683,1.8146020497383817,0.6420207700427673,0.5806669733438704,0.3168918101212548,0.08525709048193861,-1.0969388979000758,0.39775231481309253,1.5555059443707533,1.6193494314619514,2.2208449236842265,2.250631070749185,1.5383227655614657,1.989997290825811,0.8022193768612071,0.4773718593835412,-1.3204762242771106,-0.8986075225657543,-0.8384286385888022,-0.9316745373086447,-0.9778639007501311,-0.801454856433155,-0.8262791033319979,-0.7985813994716973,-0.7141131936181482,0.5162617001289715,1.6392074572147253,1.5459507062724573,2.7586157665849087,2.6728980985114794,-0.013788683601356372,-1.5241634248859002,0.5284121569809346,-1.2089439898274006,-0.4893114059247415,-0.5545987066255655,-0.5469884762786377,-1.916672473705919,2.0070213312675365,1.9543065613753565,0.9223902864106481,0.04674139176971671,1.7137885093642362,0.6058760566336637,2.103222577582654,0.5987023541834365,-0.0577306606430828,-1.8535790581671294,-1.6869444363105723,0.4334606311400617,-2.0811804049228884,1.7483067340635157,-0.26419160388314894,2.441607432999272,0.2098002551480271,-0.3180953957802896,1.1138702861380059,1.1402063497514894,-0.3102433973908022,1.1011419811249687,-0.7069862422308504,0.9258771400160271,0.4650676044223209,0.9072506652672627,-1.0031337573768353,1.1495930156157246,2.1036390337226254,-2.0375399386244335,-1.3079138906628867,-1.8103136191718159,-2.3117386878538517
3269,0.6569970364479054,1.054307205119912,0.8230789366796418,1.135105387821872,-1.0904565374331028,-1.161131294347379,-1.2354835554739596,-1.2026204685180117,-1.2714263175283416,1.7076120068531622,-0.47039583843414956,2.4356421943110855,2.236250555559895,2.4524055524917414,1.695616156691077,1.530199391636801,2.4740987449579372,2.099946347213875,2.2024599976003874,1.6956161566910743,1.942366332592239,1.1335775250389406,2.3213996207914995,2.0539568638598524,1.5629741834080153,1.9423663325922411,1.1949904519392127,2.8469047344806815,0.7626945959697358,2.723034925970281,1.654687194739911,2.042974707012106,2.510011502053932,2.4992515722781548,2.8155349646995256,2.8186872594122385,2.2213369685965283,2.595974421169144,1.4745465787628158,1.0868985128068818,2.2527273662447267,1.9159033221796313,2.05041091170113,1.9809741838014587,2.239212063189054,2.6608199898590605,2.477198129430089,2.6809979893449194,2.859177640014313,2.832901875915797,1.7267841801795911,2.452370903665442,2.980474812566984,3.061093376300851,0.3502034771537364,-0.9459632092083382,2.7544060548251497,-1.2172997810882455,-0.2536390421420159,-0.4434369378209413,-0.2574266500003577,-1.9246632786906614,2.5242211460992086,2.7264823240163656,1.5580662381448647,-0.22324538345391756,1.031386900180614,0.10973446509079403,2.0378725909543935,1.1264178426027254,-0.4713145268926172,-1.6033001777872846,-1.04306257535911,0.5274944675378671,-2.4272179194639887,0.8827818113148965,-1.2006832304462367,2.3364595107590493,-0.07119374228100443,-0.3894874624134151,1.2169029466967676,1.2703391665050168,-0.06466803413290373,1.0895437501394807,-0.7727457698619074,0.908277984437799,0.3278004530516576,1.0078120372536903,-0.9707731299778373,1.1401474982909323,2.1702777164388976,-1.9606228952354001,-1.2651158630060761,-1.7581738811375796,-2.2872009554142383
3270,1.049111191704984,1.1091615524061937,1.190634913889258,1.1972868887058028,-1.189227313066189,-1.1162371526485773,-1.115888748476533,-1.104246461450112,-1.257082096221293,1.570074701006774,-0.4931173728905048,2.33006528967366,2.1396204844898903,2.3762885340952047,1.644509770543792,-0.12056127194860394,2.5559374600127787,1.1832798039308943,2.364759932527342,1.6445097705437872,1.902118736719328,-0.002867650213242949,2.451572468738424,1.5083664621060133,1.7952239508325358,1.9021187367193306,1.4352682110358028,0.17056862763584096,1.5715650480095125,0.8218053041235532,-0.8082647177992772,1.5813179768472714,2.052319028065765,2.1692361009664034,2.4939719513629774,2.608581261143247,2.217630862942524,2.5000326708266014,1.5220853287425484,1.1510520890025067,-0.4643153281383744,-0.5205798956865529,-0.4205791342378069,-0.47551463807696237,-0.3992711250645665,-0.1997584373393257,-0.25762325611683434,-0.16838173398160897,-0.06208638405967071,0.1842682845345003,1.3771715192406755,2.4769652942075706,2.473884277699058,2.8084034186464857,0.3804675913705029,-0.9726931221365559,0.3823531877372028,-1.1734113475362216,-0.050224237073940456,-0.3404112525381514,-0.17564877390993383,-1.8165861255585982,2.340748106801853,2.6159768393083875,1.6434160222171657,1.9088162116671241,1.1590295547768683,1.9627271913005069,2.731369996179037,2.1017854935563562,-0.9844701313280732,-1.062793151336237,-0.9078962209708966,-1.3234355634713888,-1.7383318094794684,0.3524983171632203,-1.079100384736852,2.1405297921310753,1.7389630352872198,-0.7940013955820526,1.359411794839366,1.2540015207809083,-1.9385247057607338,1.0580576599558873,-0.7964807229593253,0.8794802391737503,-0.27125217284772224,1.0791067840384283,-0.9468278176053739,1.1315950848750942,1.9488875636430427,-1.8851254870192318,-1.212039606724894,-1.6970285749160012,-2.3065716917694474
3271,1.178207123796788,1.2798710790349628,1.3312184691639422,1.3406627603581311,-1.3025394827523535,-1.2244792437836183,-1.2518420096745249,-1.2813696833122727,-1.4371167894370145,1.6785912735770816,-0.5088704585431562,2.2822928539986465,2.0898008646813295,2.368945321209479,1.4470931944275633,-0.535301517250014,2.5701409350976436,0.8271293919770483,2.4734056474193906,1.4470931944275591,1.8010876215372587,-0.45467089302413,2.523166903753212,1.2342816673795498,2.0046795584498884,1.8010876215372622,0.46420503192899093,0.6351476267611844,0.4354471098120109,0.8677220188328301,-0.57694681621925,1.3955550780974413,1.7833622859619178,1.973080354306144,2.289111692552788,2.51360557704843,2.292711119735407,2.483446267273046,1.6497184517684378,1.2938370852627765,-0.3502181052800761,-0.46516051921328067,-0.33159384388565855,-0.21559461671313593,-0.25201932450629244,-0.08553441624233483,-0.14773648275911583,-0.05138011858409994,0.0727390576387675,0.488470446714017,1.371759056471799,2.4104673169490383,2.2517040212432256,3.0429174561841066,0.36636598589870667,-0.7871534839974625,0.31971945153535986,-1.1210737651827536,0.14684683754508288,-0.2311038015245911,-0.04897488817148646,-1.6321835664409527,2.2321702583559846,2.542360316516469,1.6988181871911743,1.4256661733130493,0.6190814475840365,2.469150080634205,2.150643000009089,1.997029993545904,-1.0545818276411512,-1.010211892474553,-0.4327117551000651,-2.23486289883083,-0.5194690401578856,-0.25590018935497577,-0.5764635139941549,1.999945057304298,1.4745930296161514,-0.3738213958201683,1.4949568997390803,1.4351537354728499,-1.5401615932268529,1.0262161525482514,-0.7987740947294196,0.8842009575835188,-0.702454847427619,1.1970194392765021,-0.9251585128028923,1.120368056648139,1.7349400487228526,-1.816747165909375,-1.156379306712863,-1.6246325069549952,-2.2942919790304743
3272,1.3884159487136685,1.3155886422426208,1.4477491614294524,1.3764500765149865,-1.392399241880525,-1.3507988939561462,-1.3694586965302908,-1.3389331998599667,-1.5183976643770913,1.6535526148896849,-0.299814093637225,2.1804127853983597,1.999675855067134,2.2787178609863568,1.0706049763650782,-1.092528119876799,2.498580316421489,0.25315808295781045,2.51384273469354,1.0706049763650771,1.6121254899911102,-1.1493856984123427,2.5216890506259184,0.7770572450546285,2.173971940660122,1.6121254899911115,0.3579286532945837,0.05570611201107503,0.7245194040243146,-0.041170888122708915,-1.1670096749536698,0.7823381867440072,1.363090699300837,1.6095251175605623,1.9939546941201332,2.3094645126755333,2.2465411418867665,2.3650616288147344,1.6643589387423474,1.3349584382886532,-1.3832470924825464,-1.2898243016516537,-1.220698334891639,-1.2124881040838116,-1.3121533580018525,-1.180808870077331,-1.190501200337847,-1.1546665840349593,-1.0727219935532495,0.05228768583400552,1.5804135694908301,2.1609523825501737,1.9753845165284931,2.7310592293966383,0.47450731329411017,-0.7263998808803966,0.050441167165539355,-1.0542559315815243,0.32172351279458716,-0.1321970278097564,0.12687124587811893,-1.5686393260032905,1.9144416363352175,2.4387593938753573,1.9457253699018362,1.0372193036545703,0.5522687739027194,2.5810270131095203,1.8296815136858755,2.631980916346657,-0.9858748690736775,-0.8424258399752886,-0.41480778850497374,-2.4206371607321704,0.09473382106992768,-1.9448165388289833,-1.3035182096450877,2.114478703463566,1.0483670808525225,-0.6658602211112211,1.5427962974417866,1.5162385653731023,-1.221499186212806,1.000941444921702,-0.7171885375138899,0.9939937155082512,-0.9512330788901955,1.2435783730589347,-0.8852495233746888,1.1016045072335292,1.5612411902046874,-1.73939495801317,-1.1157301688586758,-1.5408967376026999,-2.252840693311154
3273,1.2752758758573304,1.185892326320376,1.3555939459286637,1.322551092020755,-1.440019054588061,-1.4314169142720468,-1.3326614396606633,-1.3968972572545848,-1.3855165375920633,1.5216584604489796,-0.6639168925441967,1.9846051980921384,1.7906779085847013,2.097651596747228,0.5874194781135498,-1.5344389031336865,2.350020625523388,-0.33919700135921144,2.479850061195324,0.5874194781135484,1.3541985403138515,-1.8766583874170708,2.4479920123464574,0.2781356257792559,2.2880937402171933,1.3541985403138532,-0.37145307951212825,-0.5807934179233456,-0.47976900331635147,0.32795127656638307,-1.4901380669550348,0.08889983617601209,0.9233449416888326,1.202425257173532,1.6774719038097257,2.055205333697129,2.1058101930711954,2.1878698303656274,1.5854771134904166,1.288666017318005,-1.1669229745375096,-1.1255906876121238,-1.0670582368930195,-0.9929158435874081,-1.0476348872400452,-0.9343399978892216,-0.9676168364392767,-0.9235997919912695,-0.8374202181589687,-0.224239758393977,1.2862879607866762,1.7596377106158831,1.659839502228881,2.4766954893154023,0.9965125824276893,-0.9140421740191826,-0.06226600644431752,-0.9093568810442016,0.4410921821284967,-0.07767139047154853,0.19546777418412634,-1.5141145294482061,1.7033742159144178,2.265148451763992,1.9873516076543207,0.634287092153029,1.0435094077033482,2.2601706731401596,1.407930909557183,2.401567273958137,-1.0549960614805185,-0.7639167894667337,-0.953619665150736,-1.844179189794602,0.4421935643168147,-2.210661441312811,-1.2924538358299036,1.9366512581859698,0.48053627229964196,-1.3125093244959567,1.384163525504752,1.380223446188605,-0.8852655446777768,0.9795523925819117,-0.6807422053153538,0.9544196771513702,-0.9828890562587028,1.2784066856785685,-0.8538824000406795,1.0838733608166682,1.4571878572032537,-1.6655374785490142,-1.1009965689953822,-1.4575797430298507,-2.1852989359269444
3274,1.4855053677191912,1.5497500441422276,1.4574056039558148,1.537295523574388,-1.397558406754421,-1.4794809469285313,-1.4590779805478191,-1.335973662215005,-1.3477293322706403,1.5131209858850874,-0.9007742893495053,2.011669910387948,1.8204816409754059,2.154992721186205,0.46440053288845023,-0.395736864499632,2.276184173346405,0.15939480253710034,2.4274334150147427,0.4644005328884491,1.195213327080837,-1.1696645871636362,2.395989875135728,0.4674346448285845,2.360278242090088,1.1952133270808385,0.4570445091214152,1.493886334391153,0.8527006800378184,0.31438353558320764,0.3229263732786685,0.560858593334848,1.0574888814415198,1.2264083806757111,1.6828225567113417,2.0669254275411055,2.2231952494618343,2.2474649268144122,1.7736267221027326,1.4971855100931313,1.6800978330137453,0.9394073281273978,0.5514189341978522,0.8934567263287106,0.7818308053425865,0.9865180648370827,0.7592281160642744,0.9424550997750146,1.0665107670071767,0.9290637817941906,0.5158269360564717,1.3166489678353186,1.8896711774019326,2.3207600377633453,0.8875193441012783,-0.9626565116589035,1.003865145497496,-0.7619759815647651,0.57142611985467,0.02344598681250267,0.3404506652308052,-1.2945382913135095,1.7710952399250603,2.2509370638666213,1.941879922341769,0.3381630701543026,0.6276425027434425,1.5775524819501474,0.8543098759074745,2.1236641797726077,-1.5473845711196306,-0.9077605958243676,-0.5830284875397844,-1.3600461563600963,0.5153443493772407,-2.4982650062789107,-1.5415008400673424,1.937192715613528,0.3009627206338793,-1.0379952568076143,1.326184268375365,1.3427877056427817,-0.6338031548400328,0.9475644073932081,-0.6590116646944626,0.9109121895485558,-1.1443945010360765,1.3255364272046528,-0.8242275182533805,1.0609643107284232,1.3760221658537668,-1.5920056361326895,-1.0781563710941444,-1.3806707181381201,-2.1132041423911563
3275,1.5812451710646362,1.5725763448508046,1.5980070493500664,1.6903668445343365,-1.3588405459716137,-1.4112520775273536,-1.4616455813298632,-1.3671146436402233,-1.2084279040322865,1.4389847334547403,-1.1876490992382556,1.9966124727077235,1.8095625708850813,2.1581878615040835,0.4140853493180833,-0.1607203987637691,2.2200657322541915,0.2445174036916977,2.3713308320486073,0.4140853493180851,1.062754481333634,-0.9707575671450652,2.3451895446598052,0.4500018873808673,2.3989949942692026,1.0627544813336363,0.5820215376149185,0.05631492012744745,0.3639355448558681,0.5961795719760972,-0.6306717351559812,0.7380602924659155,1.0725350386162995,1.1532634991783106,1.6213259874638617,2.011867401587264,2.2717149854415863,2.2414612536821017,1.8944394989655864,1.6484371558217443,0.236038663721732,-0.106825314927702,-0.42814173928084837,-0.20354217751862796,-0.25673559469740054,-0.07520330439684388,-0.22286316330894498,-0.10912022661339278,0.007266890615967074,0.6251037267463927,0.6607510301178602,1.2021044034616108,2.0065770219858554,2.047293480292125,0.8754724551774645,-0.3769844225955978,0.7951296789893875,-0.5932694517379427,0.6945770816350454,0.11840091365036953,0.37582654356724665,-1.2444361526281482,1.8907378729804407,2.2820855322798463,1.903548463403343,0.25614255183053014,-0.6905709606527397,0.7086733647479918,1.3321022369276458,1.986714278028667,-1.493664966532015,-0.973149708739202,0.7206370230400433,-1.1434895303892547,-1.1185344707411935,-1.6784041125361655,-2.0643880348304,1.91804400062162,0.10613434169780948,-1.308156040383203,1.1867632394588923,1.2018641806967052,-0.5737100507667166,0.9165031338975773,-0.6349206939631037,0.8711204047344488,-1.234539301821713,1.3659400491940688,-0.7981617182145845,1.0363251178071737,1.2975858800960318,-1.5350793199031776,-1.079405784485734,-1.33037278965343,-2.0478189658528727
3276,1.6989989198546103,2.1123593203650404,1.853571074004782,2.1630701267222032,-1.2494929658149032,-1.3838535718657474,-1.2099297243264613,-1.4935113036806926,-1.2121762784182126,1.557007876030289,-0.8741805716958305,2.098834631659144,1.8835224250169311,2.3324490874433597,0.8857830068423763,1.4643931055993764,2.2971075706803497,1.4282751898537298,2.3621331129654553,0.8857830068423749,1.1375042792107222,0.567932578384371,2.3689562251734286,1.2260165250742954,2.429963100531142,1.137504279210725,1.0780508986246176,2.1505097223658867,0.4465120828879737,2.5013701863302096,1.5722443411806342,1.7569841907449335,1.638634981535438,1.6361998204245058,1.9168659584569365,2.2378310000066097,2.5784026110548304,2.4813666645959196,2.3194006052790055,2.1058023695305113,1.626681162055369,1.2524558718053658,1.226233326927448,1.2534304653097992,1.1624165543403586,1.361456075805305,1.0882094875984496,1.355083747798107,1.4975273686988733,2.049227213819145,1.2015033549643166,1.5359018632339654,2.2431888915742233,2.1239579408500053,1.3105434591972966,-0.22104878365750227,2.0351341954533684,-0.46454693537933156,0.8831298245306962,0.2693415069688734,0.7487909048063046,-0.778286860111094,2.023010631804734,2.343631700289683,1.9020161474980708,0.022945955283192054,-0.8661695753560487,0.3563915029385533,1.7782644608242215,1.6025132241591709,-1.3721387932490565,-0.478055984788061,0.8763676103957426,-0.8510841768638908,-2.1215513869200455,-0.4209577384198099,-1.822795960160801,1.243197107256112,0.04671682254425923,-0.8456424404498853,1.1783840780644224,1.2080315892810234,-0.36941803889125424,0.8651186094077098,-0.5300778982566225,0.8466919092520367,-1.1730215723523596,1.3479651965556068,-0.7508323287125173,1.0118473786626392,1.3471045847018233,-1.4692019070306308,-1.0132153793170589,-1.2804168865276282,-1.9961678423807394
3277,2.140995858628929,2.2512570993543863,2.2663332612048506,2.285113994062293,-1.2148491083306372,-1.2993791710126414,-1.2069392950226179,-1.2256480092846738,-1.3060186652832178,1.7448803545042195,-1.4504101336953512,2.054927663456685,1.8438392781791813,2.2963237899612468,1.0202947041083723,0.4444993764758184,2.3177191504955794,1.0171498373611825,2.3623404387511244,1.0202947041083703,1.1480380894860895,0.12492073203208637,2.3674611542026516,1.02584959768285,2.44923973498236,1.1480380894860895,1.7895778936137745,0.5977781618029304,1.765077871042783,0.8732188953436797,-0.5554753056254718,1.585812214875008,1.512396333318155,1.5719405514994809,1.8300583639705124,2.141071253002358,2.566689554714292,2.4262323025722643,2.3916634191859987,2.2277626538342155,0.27700992025910365,0.397672957750513,0.4926756589723642,0.44556381063042855,0.413920209882231,0.6184748907468696,0.4126353415688969,0.632161182100397,0.7664141793423247,0.5957208363494123,1.380516783677854,1.7649167868389852,2.1452465125005804,1.9853875793641043,1.4179760126233452,-0.34420145468630153,0.2635213430732662,-0.35827714073641315,1.0812503505222684,0.4260558619092965,0.9560768060668497,-0.6232407981571889,1.923742640085614,2.294641383251843,1.9731268346058302,1.120977120538043,0.2147097580033245,1.0116848085615966,2.4557118701749374,1.8578340773533695,-1.5292024196106504,-0.2725622270278885,-0.09767313618256868,-0.9648433896432016,-2.415869485680123,0.12352809116454373,-1.6770794333108114,1.1772999962944763,1.1574522404003211,-0.5768938859700967,1.3327465959051006,1.304346969360381,-1.276552919737544,0.8748512080465871,-0.6349176462592385,0.8218925382634186,-1.1863007177803278,1.3326991841889078,-0.7185113530542403,0.9871328196142746,1.2829813129079546,-1.3709735997737253,-0.9745375187463261,-1.217391932516309,-1.9615304808137424
3278,2.097701449561763,2.1944738099544243,2.1378265363487117,2.290109735713351,-1.0791123131476457,-1.2194943520846537,-1.0893797707990565,-1.081169087541557,-1.1275711225470517,1.5170191218593392,-1.2159341528859215,1.9822988965198527,1.7829415379544886,2.213778972264671,0.86738082951799,-0.47196496502822094,2.272756326606724,0.44918996956324875,2.344473394250963,0.8673808295179887,1.0701275093243288,-0.5532811438405948,2.328831890060141,0.6578584910127983,2.4506158164666525,1.0701275093243308,-0.4041503450204473,-0.14015305481930826,-0.137181789718299,1.3445178840317198,-0.08316577816088468,1.087229058212702,1.250687466322427,1.3852084834410612,1.6725666714015923,1.9775137414491593,2.4696002975897207,2.3039324278495807,2.3544755662567702,2.234185620882605,-0.7000412257717883,-0.4757260283785562,-0.3469386864420581,-0.3863929966966771,-0.405663815390407,-0.2012264829315238,-0.3463847899903698,-0.2005021818461197,-0.08092730052171769,0.2253363414652937,1.5216598840912021,1.660130183498464,1.9029242139903877,1.7930850563547593,1.7980158984428913,-0.05670375187465786,0.6649814406438151,-0.23957952848492656,1.2598429449300985,0.5333605154299224,1.1351734862962664,-0.600120010770926,1.7583488810089167,2.2422832532046955,2.119904152105272,0.8111221412983236,0.8527843221344055,1.6820543649560191,2.462442443389618,1.7450514540000717,-1.5113425381808805,-0.34447175754917403,-0.7865842683561024,-1.3439409093211887,-1.8358084718974435,0.46716160372744897,-1.0403697758126895,1.1956954353247167,0.5247107681799424,-1.245012910602524,1.1416824861810109,1.1255205925179,-0.9860140376136745,0.874394688767823,-0.6668763255252921,0.8201068866387975,-1.239139844693623,1.291409988943762,-0.6824635601650815,0.9623115179732215,1.2552961015411184,-1.279771429858343,-0.9815672017991793,-1.153954622680219,-1.9191740565841835
3279,2.2076081739433606,2.135788982776811,2.1822942875115148,2.1867431643458324,-1.088466773491222,-1.1022501925574628,-1.1340100138241305,-1.0056186970151233,-1.2024750946309286,1.4770346124384561,-1.7451071548702517,1.8195460709982667,1.6072516505445957,2.0510232244297564,0.4494098667046551,-1.316594163127879,2.1575908470373326,-0.3081354368007052,2.2897265345855127,0.4494098667046555,0.8773165856685781,-1.4204953960877253,2.244748142417661,0.09022490690938542,2.427692620507678,0.8773165856685812,0.3487259734408937,-0.0953978736924651,0.5419291585403917,0.30305495972310226,-0.9093158112352273,0.42726753972464365,0.9350984304240741,1.0321158745861103,1.4115559175712138,1.7478317421408367,2.2995246864734935,2.1195957278885666,2.2170329339853714,2.1345735153889693,-1.1553660174727254,-0.9088293471968222,-1.0095214959949816,-1.0525899226366928,-1.0596378231661312,-0.8842848497079284,-0.9646529648690938,-0.8798803960734745,-0.7762252937772622,-0.25327253320526205,1.0959794149783555,0.9399175370233531,1.3813545739237187,1.7911979151808488,1.8317132345872578,-0.583801124642066,-0.22605160588270967,-0.09738886953552663,1.4025330970320047,0.6347216426482215,1.2039147203233032,-0.5771027891356613,1.5934238557215228,2.1055489117031683,2.105158727533235,0.4163545206405013,1.3326350515841192,1.6769799551063813,2.0788197247978166,1.4588543607445406,-1.2926750917694523,-0.11048660834149304,-1.3283971247331308,-1.090223875254599,-1.3753220701573476,0.5191024516834977,-0.6733431358721361,0.8325657846048891,0.4910373806101113,-0.5474003467901241,1.1939876908064477,1.2016166018305474,-0.6759422420281854,0.8420056633610643,-0.6407932381980173,0.813330492026058,-1.191670003373951,1.2497320190681147,-0.6631355855984294,0.9391790967100053,1.3247767128275056,-1.2026856994719726,-0.998637149212556,-1.0796687095441468,-1.8682927246230367
3280,2.227731126640733,2.350283737740492,2.3034004833350825,2.287631432594765,-1.0424229101121272,-1.0921185103535034,-1.1175237079805365,-1.1987543720982878,-1.1441889245390802,1.3166254013623768,-1.9287147647544916,1.805008988159579,1.5995874462717183,2.0422163885705076,0.2960687965703796,-0.4847669470981812,2.0819845749369095,-0.01150834625815826,2.226277413197552,0.2960687965703825,0.7456001324081885,-0.9757936265717634,2.1757173975094473,0.18062387081248635,2.390573024760659,0.7456001324081903,0.7509081360443403,1.101173181690066,0.26422641647013867,0.7954199156713574,-0.1690680735223975,0.45451336350118426,1.0007097970007715,1.024624213021684,1.3807498477016475,1.7117086157863837,2.3047395695701924,2.1008543313447583,2.2762663549288558,2.2296993610733784,-0.6404750158434533,-0.41528723592631006,-0.6113053881650188,-0.6352497669088243,-0.6601275644122053,-0.480172278860573,-0.5940245904497978,-0.4691721017040472,-0.3566958906292577,0.6921857396809813,1.1163006487580933,1.0368200649864954,1.3087542843239495,1.8899880872530608,2.051474431417614,-0.5686866754412198,1.0670056582289715,0.03667991710760124,1.5510132729423636,0.7679333002948439,1.4242826717051333,-0.3354594059898719,1.5492685610224628,2.0437108549671863,2.0757400124803387,0.022071425789760138,0.5568590877817763,0.3453925199131728,1.0902690811051985,1.534219240290546,-1.2572878974781756,-0.5130874201378319,-0.5741188513034087,-0.075487852898991,-1.2465700639288044,-1.1705954650077444,-1.7392918551230925,1.2614355771476953,-0.039011149278263865,-0.8800820872214008,1.1183013991298665,1.143262154915501,-0.35086108564505886,0.770761995342256,-0.6513258461929438,0.8079120368838993,-1.103011979637343,1.1972981437500543,-0.6497269563181408,0.9173416138748188,1.4195733665684205,-1.1442167705774016,-0.9924959161117318,-1.0286751022141145,-1.8449596443626899
3281,2.2864747925497344,2.213219644193523,1.962130510279471,2.2255931256118773,-0.9624576372200884,-1.0265103251520404,-1.0418306065530236,-0.9535431962175317,-1.0946670630741095,1.5664350393903401,-1.8506494514317244,1.7403661231117287,1.5482882574995493,1.9620924431249191,0.04433026396180701,-0.7954208896921707,1.9812693234970482,-0.3724505891321765,2.148328216403364,0.044330263961807385,0.5702135117620362,-1.307070976228071,2.0889667043292333,-0.13244647732765083,2.338887303696513,0.5702135117620358,-1.2866942866671363,-0.30953402879568903,0.4741412088436879,0.19935175114982667,1.6393478703053102,0.28886197588539453,0.8163283401735175,0.8708942738915043,1.2037768830837174,1.5546890026926319,2.1919048727729646,1.9792190178837648,2.187837696479838,2.166267955602567,0.6014778070777459,0.5186590732763767,0.5212618991056069,0.15725748256475902,0.31864477594113266,0.36866826411618014,0.17082672169397548,0.3954591289944044,0.5145108602531165,0.02892567161695055,0.42631388076111226,0.9300993840347334,1.2252183942089465,1.8052277672420165,2.302086557147024,-0.05836629587617783,-0.5184091883049102,0.2531171789119186,1.6556420417590214,0.7503520111518868,1.5718812987332516,-0.31333299344272225,1.4008765322922503,1.976043975083509,2.1553554875395817,-0.18334242935043468,0.4778938479407112,0.2257852978987715,0.8199090567895693,1.8645858839707319,-1.0630446741316601,-0.5745782322532454,-0.5147116488358715,0.011213356592190542,-0.9701254516853249,-2.2083398656667876,-2.220128477111394,1.4993281197665915,-0.20871702406796888,-0.7983139134054693,1.0610732470420898,1.0945329608451104,-0.16560469414407755,0.7307187412023068,-0.6187113400880684,0.7657831964231826,-1.0285963686106139,1.1718596129255698,-0.6373973630155498,0.8970191499524178,1.505519851550043,-1.0955828995287475,-1.0435248589866921,-0.9992950299625346,-1.8295621722637547
3282,2.2216030082982745,2.487357366831029,2.3169755421076355,2.529025143414756,-0.9478067763909976,-0.9598982918807013,-1.0004281050904733,-0.9469046305940376,-1.3332077429973055,1.6618033760097533,-1.3400748723928466,1.795128236226931,1.5899144675759316,2.0579306491399736,0.45122513422409605,1.2347881551549584,2.0069949529651905,1.0048635322094976,2.106603748784057,0.45122513422409427,0.6297146958515745,0.3906018132596782,2.0726145000786533,0.7401084513891385,2.2933206192594278,0.6297146958515751,1.8938212308868703,1.5160839745184869,0.01811586969780718,2.416827615636213,1.043251768772445,1.3054862876938322,1.3232505194111313,1.3263521637350193,1.4530007567579826,1.730395277460937,2.375342455767924,2.138604916454828,2.4445287319890174,2.459227764077038,0.6325696720476414,0.26450999108791184,0.41067658283937336,0.08588235202968433,0.28148943335220405,0.31411331484888905,0.1495587728751272,0.3461330433941812,0.4610980472467415,1.881100128767781,0.8728884010534969,1.3089296654412044,1.5982923937932,1.9245883601613678,2.728553270654468,0.5058811346327956,1.8158625460880655,0.5064820495540697,1.7845655947771402,0.7974009482520794,1.8804232617810304,0.03326674116941485,1.6035425116679327,2.0833248566071854,2.144169938401716,-0.5855394115298628,-0.7947403511686628,0.034184202617884955,0.6690605781532261,1.8200380833116059,-0.7482850458398551,-0.14602157865189297,0.7685654441687603,-0.4486702404456366,-0.9272486240622841,-2.3320228699351087,-2.2561197450797397,1.0903140038844992,-0.15775480254460003,0.026354383788519415,1.2778334815483445,1.3376708192969924,0.15533535655849534,0.6753247640523897,-0.5504097270201044,0.6179433114783167,-0.9156086491659459,1.1411058557473395,-0.6052613166453272,0.8764747053458464,1.6714735009549704,-1.0416040410790246,-1.0778342747051,-0.9789504003444889,-1.817638027236727
3283,2.4655852626888057,2.5342835148927962,2.5231464742311096,2.556681118933667,-0.8926541275097725,-0.9125004611766682,-0.8759985971487653,-0.804828688371518,-1.2142202291198594,1.7422670359345165,-1.3626859249837007,1.765076379971709,1.5620871343166916,2.0304093659120572,0.6898576774862681,0.6749255631909635,2.0187159656019027,0.9146078268738419,2.082816685090942,0.6898576774862649,0.6816066657770663,0.31068578726255897,2.055920676326326,0.7597541706576297,2.252401660546168,0.6816066657770692,1.4345232666545085,0.7044405795144608,1.4440684917031787,1.4234271069119682,-0.27492242275127343,1.4002895386701413,1.32202379267467,1.367241847153984,1.4366743827510295,1.6960217930828723,2.3502305058013016,2.1102031856308847,2.4505657958635725,2.4808342857592214,0.4965647369419681,0.1385771847023456,0.3935683827935176,0.09040505459777831,0.284844312820102,0.3390788101034491,0.16573806171723962,0.3739697427344121,0.4950740096778884,0.7390361076617269,1.060471521172052,1.49406741049938,1.607071025624868,1.8132595198777657,3.014974895376804,0.4894841393640282,0.575763374184707,0.8100473045674791,1.8962763624548933,0.8701978312646059,2.040755263861483,0.26527417822287674,1.6168612500284112,2.0450525910499397,2.0880469277711073,0.7070395356639094,-0.202419599194296,0.8966172150174351,1.4961312512181992,2.156916223657721,-0.14830266373803752,0.4080466272181172,0.278823752655258,-1.0410257621509709,-1.3255753159993164,-1.8150999270147692,-2.1392760699021394,0.7856948380189697,0.4751926063423265,-0.9560858967131884,1.222851605123008,1.2176764859878766,-0.8690015208225417,0.624431526970884,-0.5300760249166594,0.503878623670344,-0.8318784318989176,1.1141249711086354,-0.5800504297712591,0.856040717311468,1.646768514042273,-0.9764646365953672,-1.0589189089310354,-0.9572697242004645,-1.8177681508957522
3284,2.563347183540412,2.5159879471395126,2.5830868426626092,2.4365831499480097,-0.9740209572326031,-0.9085403812554209,-0.9723772914425409,-0.8948016367945594,-1.3951059574632836,1.8410406181992867,-1.4901906086986714,1.7004975449974602,1.5104751925630082,1.9463744602803965,0.5268590072878319,-0.5337984271856666,1.9680797361903084,0.1247651462832774,2.0483713110135704,0.5268590072878292,0.6149106248708592,-0.5712600203075162,2.0078441219159737,0.2666313409338291,2.2079146807356107,0.6149106248708579,0.8795641703040803,0.4576518404153571,0.9487989847384686,0.15294396748682293,-1.0308556797579893,0.8839584017810911,1.0433181679274157,1.1406243293788343,1.2747925733907433,1.5396902321132064,2.2142500028176677,1.9719225757491725,2.3193056552853832,2.3587540729467125,-0.28445400244541486,-0.2841192984690559,-0.25401315825018206,-0.2356272975830342,-0.24486023641891133,-0.18161621125517136,-0.3020770570223795,-0.15337481744320092,-0.03979431009583106,-0.02786611804854306,1.1498960709021968,1.2865979686758904,1.1221113172577275,1.4344243875159015,2.8479717999955643,0.4765442600157539,-0.3267797995313909,1.1785008524676117,1.9624839857080587,0.9575823064750809,2.1767885961644873,0.45366333571329237,1.4310676263897018,1.9110047593894721,2.0682959333697712,0.541160476864937,0.4114652314459953,1.5229450482283775,1.7037496782469363,2.038369317764688,0.46561157921536417,0.4767516681397426,-0.37425810844674784,-1.4059646934843142,-1.0721885124386363,-1.3696242071120095,-1.6461169610957025,0.6917142188334386,0.7832406955386222,-0.1279610930990448,1.3927803409059571,1.4001051577446295,-0.7678838797949328,0.6407867748157262,-0.404105165912567,0.2742376668380796,-0.6452487768665618,1.1052913609791544,-0.5635917098286051,0.8364951287613832,1.6532027286097681,-0.914424441177619,-1.0300292172752903,-0.9404122127760232,-1.807661643012905
3285,2.4681061219981535,2.434163239704099,2.4376518051930063,2.4088948893188653,-1.070299266741327,-0.9880592764633371,-0.9700722312620439,-1.3487302770362721,-1.325183315982562,2.19649760591993,-2.1663436331279184,1.6615482363479435,1.4765049246444524,1.9032411330160153,0.37645175599552355,-0.46471858820141126,1.9161308926154672,0.03587581689085841,2.0069762753650866,0.3764517559955216,0.5383739950571061,-0.6279938885680844,1.9579681726601137,0.16167924462988278,2.1607099421717977,0.5383739950571047,-0.1399185003088376,0.14856800828190894,0.11098759386603184,0.5072113603304609,-0.4877256310839185,0.7429078325378197,0.9593017597793803,1.0596459473386592,1.2278460950946954,1.4764023427283655,2.157106463563772,1.9105601837352644,2.2797765750222165,2.327536101307041,-0.3693053406253116,-0.3036529194693068,-0.3406400382407838,-0.22399567916640528,-0.26253121406392,-0.21494001579626043,-0.30554432838605,-0.17687506190580193,-0.06552995411743869,0.418785795600088,1.0607196367387313,1.2449979579785424,1.1517005106770972,1.3446546811808644,2.7707852224238767,0.10065898607178145,-0.4700766166725598,1.54629492756734,2.0184285419413017,1.047527441324707,2.273943829991227,0.5747798117324115,1.3975926975958728,1.8900155526823024,2.0768978108319227,0.06849902028127595,0.81438820491895,1.2501878917299742,0.8364173905550544,1.32604905367946,0.5653991019944303,0.47690485122683435,-0.8354125595030832,-0.927975964947979,-0.05470104226743415,-1.300479597388624,-0.9192588365600398,0.3013392885344479,-0.015067031226182545,-0.9369840881553746,1.3039047519393592,1.3270211780736754,-0.42941865461578554,0.5793242119759189,-0.36079077160024153,0.17518940997838445,-0.3450166185404845,1.1155218108315792,-0.5728323701724755,0.821463329435743,1.7384983643023373,-0.8217297539910521,-1.028893842029157,-0.9500121188288299,-1.7859139926811738
3286,2.414086315837117,2.5352220678810413,2.382206311360966,2.50704480076197,-0.928304521187917,-1.0691876511276694,-1.0393753601611344,-1.0214648544250464,-1.208368663752571,2.175286963824534,-2.4820621613411427,1.6531101787334528,1.4615933603715865,1.9117306348165946,0.5734519615206792,0.5118218407562516,1.9177640106331302,0.7278406450938787,1.9803130772458986,0.5734519615206842,0.577564571024128,0.1821635167259987,1.9387478343950626,0.6148610470347666,2.1188329492450726,0.577564571024131,0.25395263383071226,1.0789811656756394,0.26666418607890197,1.5464009168722619,1.0938331167612947,1.0010335074608905,1.2264818666085051,1.2414870942121317,1.3486458109334678,1.5447492947568753,2.2066431683570134,1.9541408851364062,2.361288552995736,2.4213052880711734,0.6417611794118793,0.8532068127498705,0.71864642636571,0.8035795684197364,0.7889065625545859,0.8066775505077657,0.6669795387431282,0.8821850192826272,1.0109859187167465,1.1753932958604878,1.4709715539523802,1.067384017140198,1.2487082552844393,1.421726605790532,2.9081522440301066,0.3127892570060261,1.178621112888419,1.7607630667872498,2.125696214358067,1.1680456257016776,2.4103245649455887,0.9598611952381012,1.5090137209170544,1.8968106285679898,1.9818511375891932,-0.2513944191342702,0.766403919849,1.1692544605615554,0.781819706490338,1.1205075020069613,0.7368265778834178,0.16044801827731872,-0.8151575084000963,-0.8768949435486568,-0.04253625869892518,-1.0022791767349137,-0.7101485287031964,0.49041349905539283,-0.3865327990920072,-0.9965770136796419,1.176194809952936,1.2110141230658262,-0.12707657452185636,0.6224894278673664,-0.3971978932909391,-0.22761251895847223,0.25672349596451816,1.1269359313979967,-0.5938327548900587,0.8053598168603872,1.843094461138003,-0.720200698327869,-1.0957984300020134,-0.9351879248093347,-1.7748850056308083
3287,2.4910372387802795,2.7330890151912746,2.530638375008141,2.6844975104858197,-0.6103851217747795,-0.9417568564553923,-0.4941813143001614,-0.8253306036265344,-1.2723572128529146,2.083159504882844,-2.374731079722502,1.6519095542931839,1.4467466966046094,1.941015975189489,1.1796103034098926,1.6029382752315406,1.9913419166909956,1.7730124680007946,1.9887951703424778,1.1796103034098862,0.7973751608041482,1.3780098208566152,1.9662332304136685,1.433264321210947,2.0919854322873683,0.7973751608041467,1.3886841800509937,1.723996766313771,0.9575178267176306,2.346301984013967,1.8024909152472062,1.7055206656870328,1.6858036508897958,1.597505868062442,1.5783802506570521,1.7079632955532242,2.328191047123198,2.0708337122603333,2.529865539129957,2.5958001332461444,1.9480765924885575,2.594278775513673,2.3815288975894036,2.653928337870791,2.725938188626153,2.8288883046834785,2.5690850069196176,3.1569720744074865,3.1460193954414724,1.763058286897951,1.4276664129826775,1.3203385423578702,1.508772918085472,1.7046134802303152,2.9613487133662413,0.6579750095789313,2.0091439161729276,1.8846043568972342,2.27197078095318,1.324937379476514,2.6471470172639773,1.558412516997311,1.635701163116135,1.9291098199775933,1.9191956385762077,0.12312687580719645,1.7732533552085903,0.8426121840096443,1.033900790686067,1.3221631600140802,1.2693372330840451,0.2858453007824847,-1.816761500392586,0.005849494835000429,-0.7301269096103351,-1.0369804628207544,-1.1852214671251653,0.4966424522120015,0.22846090374102185,-0.22255320172261656,1.2559646482299658,1.2823553467872788,-0.3139719127795351,0.6550148363451389,-0.5620730721478044,-1.0851653140365634,-0.10718257955227464,1.1352284506476413,-0.6079545602401757,0.778136975085239,1.840073261284482,-0.6230227847740546,-1.1428389310907752,-0.9167681420656967,-1.7523384117068919
3288,2.5497756816316017,2.4570059614259714,2.56345898164811,2.3623336716139676,-0.500898732954543,-0.6204072517662309,-0.4751800468191797,-0.476516590404246,-1.1583836485138634,2.1173176488154914,-2.1768734609280953,1.2893270357278788,1.017033785027332,1.616801029001476,0.5449533977917376,-1.6790674760594635,1.9003728514175107,-0.5574554214179195,1.9616552969195067,0.544953397791738,0.6242250492342456,-1.219453133736588,1.907104388286111,-0.11871836847933674,2.056911839410711,0.6242250492342452,0.8676120669672115,-0.749636746762782,0.9428297095219748,-0.1970799552044233,-1.2535533000001309,0.48260416074733786,0.9516035819478986,0.9805461789527374,1.1417300796022838,1.3777713576352657,2.0405215964818377,1.7854417397934168,2.2206006616097067,2.2770367487928818,-0.6518278263497509,-0.3248023381144735,-0.303123509318945,-0.290922131010206,-0.22279732312435843,-0.12616421863116226,-0.20687138922620937,0.08047950602554275,0.080849461802489,-1.151565561905197,0.7341225663749148,1.025412328446397,1.3430932005988803,1.4651572778957773,2.6458647307211725,0.787476339238495,-1.5076302003252577,2.1135567488965497,2.313961021876503,1.4604018768712337,2.5482712689352183,1.5928509595076215,1.2979218626424078,1.7019372613007908,1.8700298751409634,1.3355039796189323,1.8891450956975175,1.3799505069393232,1.6670568218022688,1.987442298382167,1.750739957443668,0.6027397606533016,-1.8296600417236761,-0.5096918466388621,-1.1881836857458432,-1.4415236619097374,-1.7478004083851815,0.6213312313248645,1.0290617274475455,-0.6818220071224141,1.1963116408127445,1.1683938276656989,-1.2453648761060696,0.6586406274925806,-0.6133928877923794,-1.8814960393997444,0.036418145252123856,1.1490671687421845,-0.6185242532938785,0.7526983669370242,1.7052816860192264,-0.5405064406783597,-1.2359963036419568,-0.921418130611204,-1.7331551601646515
3289,2.412146674986824,2.398244140930219,2.4275688143984424,2.347328453934562,-0.6392058338244204,-0.712922081504644,-0.7120747019925183,-0.5710707564660494,-1.1525508308839352,2.178720996440235,-2.196957607299549,1.288285871225169,1.035197957893454,1.604125358513847,0.23402106089828284,-0.8089874336988424,1.8360798589402407,-0.29858003356749224,1.9211670228466071,0.23402106089828117,0.49494552457817836,-0.8980620574992962,1.8567248379506511,-0.07139519374478087,2.0177751944566373,0.4949455245781863,-0.106622199786617,0.2683345187235022,-0.12219641757665214,0.5418293983057758,-0.5532739708286109,0.4758155253175803,0.9250002458781625,0.9938305549247669,1.139483817954133,1.3477883087500528,2.0067657911768113,1.7518244179529807,2.20748933038181,2.2607174227413687,-0.7561224150300929,-0.49589384735069125,-0.373780879741084,-0.28986025234815593,-0.35221586374102265,-0.2565708135072017,-0.3277877644193712,-0.04297842975202274,-0.044080586871642256,0.5059562611020472,0.9297540150872091,1.195697578326624,1.2795501182978921,1.1520427558142963,2.7080489489977593,0.8659082755342848,0.2205650710481398,2.3915804144933963,2.3271140422650776,1.5853960885210365,2.5518206761951014,1.61975054738853,1.3111750410514387,1.7477278518902721,1.9373098551892756,1.1790337630663137,0.5199946311234399,0.9199432214721733,1.477924240771191,1.6245046453351497,1.5724975261907796,0.7632370115938405,-0.4283570083765391,-0.7445253864676589,-1.36735804919799,-1.0349927917465567,-1.573092978939456,0.26911342497116403,1.0675574904249334,-0.44718749604508395,1.1828078518172918,1.1596640837145662,-1.164859525253625,0.6807665033295479,-0.7608394524724879,-2.412263615655749,0.17619093136896374,1.1725298429985833,-0.6363890485081636,0.734634509306185,1.5205404048808824,-0.4526018256109919,-1.3286063829105639,-0.9154190106546786,-1.7162185263724063
3290,2.320799523807998,2.290812748601228,2.2637719601045556,2.1003206824129905,-0.4580496272127383,-0.6739724018669428,-0.5658839653779181,-0.5748948502712443,-0.7484872083650879,1.6845708254794298,-2.244518241124865,1.0110266006084305,0.7047223910437412,1.3564909385695054,-0.6420106307467831,-2.105064124685138,1.6864598282255105,-1.703407343356627,1.8424491996350663,-0.6420106307467729,0.11546371680195609,-2.281102587835596,1.753473442357783,-1.2381717861637362,1.963872139636129,0.1154637168019565,-0.4032977236452952,-0.0678917112593495,0.044486292788772794,-0.7290059198036867,0.06012865851927338,-0.4920959952906841,0.3056076318493391,0.4783087958016269,0.7930577775096332,1.064407193604817,1.7786310130143568,1.5265549455151852,1.9696566911017082,2.0126226654747237,-0.9187210016954278,-0.7025162247786937,-0.5785447487173667,-0.5086622647094371,-0.5674425425802072,-0.4792008579377156,-0.5133599537472469,-0.2800932721964017,-0.2768338802478586,-1.0281513674812053,0.40854454015352665,0.8361799720952632,1.0312622637951687,1.0009067412929311,2.4480453647513043,0.6223430391833308,-0.0447557933562152,2.6897325326100994,2.2800407398622125,1.6902856910084751,2.576090104237613,1.6760049050269634,0.8711393746491383,1.548693557795409,2.011978130512925,0.8375378957527408,0.6300510233612194,1.2298081827392375,1.36562072575218,1.0079609109689975,1.9260659306970638,0.8560127881847484,-0.5735268644601941,-1.0415366854294958,-0.9139577039735634,0.021634451469218968,-0.5714074215596058,-0.19935477071082167,0.12301456480730336,-1.5399634161912472,0.7709892334310635,0.752239659916217,-0.8268765427827964,0.7140901504360182,-0.8480402984239558,-1.6860816305285162,0.26616091104094436,1.1840375101994751,-0.6517892283931437,0.7198682483384059,1.3528635369721225,-0.3935335197299182,-1.420108965714265,-0.9193985114107898,-1.691127216205505
3291,2.329658199945574,2.2180222760191772,2.146099114529843,2.0615684439434157,-0.39084438185030906,-0.4373803808380159,-0.44031009342539795,-0.3001602381531118,-0.7444881308161652,1.888366175371266,-2.0898545899626106,1.0124453282812835,0.7263530741433046,1.342720120116127,-1.058096035211719,-0.9617248147783712,1.5736765151537468,-1.3129147786064612,1.7522178389645975,-1.0580960352117053,-0.1920799354639631,-1.716273538894144,1.6618559080366322,-1.1984576584306392,1.9015750186046663,-0.19207993546395907,-0.23940809062920768,0.06903789466890918,0.6054693159069722,-1.268781743360797,0.6351630126905485,-0.3937106029377077,0.20529872794218257,0.3990564027730472,0.7390418998884991,0.9962585741100641,1.7250761209029728,1.4768344612966375,1.9319428051803045,1.9710326252140415,-0.3701462685966359,-0.22709032256486997,-0.162420023103018,-0.01098725512721696,-0.11638064177493881,0.0025943145295498245,-0.026264746954970806,0.25361340070712407,0.2421078394276132,0.17223409062802703,0.06383130075260139,0.8770171388554803,0.7634991685007164,0.9652032320824638,2.445052807302024,0.5244885502375425,-0.4502092712734029,2.779314811752736,2.262218801915332,1.779505609865053,2.5532960294834517,1.7830235729647628,0.8066069119450322,1.5260173497141625,2.0108148182199415,0.6241977007906762,-0.3477519837321899,0.6216793654208136,0.9077140837409928,0.6746979507995934,1.7410771031383026,0.6647046020401933,0.41721654996358654,-0.8798542897616446,-0.8036487535654493,0.010468617290270751,-0.511137504935777,-0.2218179226241841,0.5741748292260251,-0.2714517481213988,0.7572648400243226,0.749462807488834,-0.6306012472127024,0.761725066470379,-0.9082108194998725,-1.1390941360534474,0.2951608876428458,1.2058896359796656,-0.6772118290915453,0.7141855110241936,1.1295511322351115,-0.310808632512785,-1.4550340943066755,-0.9115338358210532,-1.6519554309772242
3292,2.0560104605736287,1.9407867484006698,2.0046879006678178,1.9091469300946808,-0.5042459168396373,-0.3681856911907068,-0.4781898728973649,-0.41407557062176475,-0.9331346980407581,1.8485347178677987,-1.972189866701348,0.8656399286220461,0.5491924223792244,1.2084944370814255,-1.606430998871531,-1.2649331252992255,1.432352826136558,-1.8580418009514588,1.6448789568334443,-1.6064309988715126,-0.5989566021901177,-2.0842450419817102,1.5491766301421033,-1.7881570070210628,1.8284506315527247,-0.5989566021901116,-0.4974943398724772,-1.289025687075974,-1.203009413663109,-0.5607105044067401,-0.9391395046930623,-0.5663962404256112,-0.1531709373873893,0.05107642628142314,0.5010402184911206,0.7999667539197223,1.5742052233328168,1.3248494829330286,1.7807095796216799,1.814750980097693,-0.699478832631519,-0.9886563806270622,-0.99186405815617,-0.9364553556384404,-0.9569622714160432,-0.8812220408964051,-0.8777970524011048,-0.7123008744523498,-0.7111676480976571,-0.6557331622337428,-0.7902954827333297,0.35147696994544125,0.5887117712308455,0.8862973855330247,2.350505079636869,-0.08882699880275695,-0.7283507914371612,2.865872475610236,2.2132032774859507,1.8108224455967576,2.460532750657364,1.7785928379187133,0.6076818983545635,1.416625858129819,1.9814700475483595,0.17192912143901692,-1.11443657677404,0.6142495884941324,0.3579692028268297,0.6113363528544847,1.9235145743746052,0.5491270542725509,1.1651102112908445,-1.2692262792882965,0.043717011563814356,-0.6810812674256634,-0.4319354556815767,-0.1485464990466923,0.4665149038209388,0.20910420496592194,0.922713732797437,0.9391713754346959,-0.30857634158097363,0.75074576252017,-0.8636870551853495,-0.9606941244641528,0.1689644670361364,1.2292457449868628,-0.6937348682828942,0.729388151268687,0.9975537560794069,-0.2049638278977645,-1.4586727205889116,-0.8906846539896509,-1.605771666450679
3293,1.887920583337172,1.8854662609096962,1.9239859023769372,1.904908032058515,-0.23296966444924463,-0.2863164538466495,-0.19311482173080113,-0.13361428456427565,-0.9202429629926638,1.8748301135183771,-1.9341607982929812,0.8892511733703925,0.6038094086437478,1.2151115681681774,-1.6717410335414138,-0.13877828556240845,1.3403131134181527,-1.2330975043440864,1.5434162915055332,-1.6717410335413994,-0.8700850010485898,-1.271803924918243,1.4588469326960276,-1.5014386703941658,1.7520937390968083,-0.8700850010485891,-0.19262619339932846,-0.05312715097447808,-0.7268561763398319,0.6734765054383904,-0.6914655727713771,-0.23221583670357357,-0.08567175044527318,0.04387855471521804,0.48011256674562885,0.7699700958724798,1.5495138834356734,1.2959455460157543,1.77349845260529,1.8066745117635452,-0.6840409585209101,-1.0206040155131748,-1.0348957828333454,-1.0437439024349788,-1.0418126514507742,-0.9845449627878816,-0.9607128208691207,-0.8362724433499268,-0.8273688986002463,0.2918767061460118,-0.27778129723585304,0.26579450170208047,0.6111060693992855,0.953250494456528,2.3761385679012395,0.5712747535934234,0.13060378628674024,2.9077624378271985,2.166528909290102,1.8347898011459327,2.3490879351558474,1.763368762417059,0.7017895304739387,1.4501793540110575,1.9234721773777983,-0.22515998353919325,-1.229427580392856,-0.3130757400581667,-0.026590467363221463,0.4947108974430949,1.9581847931580394,0.01919453425867685,1.2476626782787386,-0.3080330392007022,-0.2653054840927198,-1.0174381032672069,-0.8555493258647777,0.29383555486374846,-0.20703718821759814,-0.17982411817042124,0.8935833783351824,0.9312654990146252,0.09829005975799292,0.748285220646738,-0.8125049184711532,-0.868939808131185,0.041602420974912985,1.2514278626479158,-0.7236290924010343,0.7348358788841903,0.8934360775100469,-0.11358421020612386,-1.5056848155545284,-0.9167788663046499,-1.6015588991557959
3294,1.9026680874599835,1.834004318333695,1.8847846240389028,1.7990801551749656,-0.2582348790891849,-0.1649657327983811,-0.26298448799137186,-0.15743996232865384,-1.0818189094961435,1.8288578250711838,-2.126416553476359,0.807613394804813,0.5053015439186215,1.1367418648673655,-1.8487556132726708,-0.4550840171263555,1.2312989275930952,-1.530751188728736,1.4399551986803532,-1.8487556132726517,-1.1799471703066597,-1.4144492594722613,1.3580680497382187,-1.8035390755787022,1.6711279243066888,-1.1799471703066555,0.040946993682581194,-0.06774801133893672,0.38918529662129053,-0.3291741253162826,-0.883819476805017,-0.3217961580265323,-0.3270916892721534,-0.1760655103885665,0.29567267613699005,0.6299839396040353,1.4379937826454692,1.1769103518055362,1.6666757690293126,1.6971315698759462,-0.8091857345380918,-1.1762788099597563,-1.1803235983825324,-1.2010733160949636,-1.1691375608389178,-1.190415257783861,-1.1615386114531578,-1.0678527020052713,-1.0559661254520216,-0.4518963129268259,-0.6293733310336355,0.17881773493531786,0.5916696271717662,0.7962622362923839,2.1845965579590185,0.4859007241064749,-0.48468109340402465,2.9564469750035585,2.0981054084585433,1.8528432357885285,2.294379928596143,1.7410562748427134,0.5313284605882238,1.376813009088968,1.924299875969012,-0.5619994186100925,-1.5485734086542409,-0.6573291853337189,-0.006609431632877489,0.6565306549170379,2.1819307601463778,0.488880580483796,1.5496615512562526,-0.10788401290195657,-0.6361842747998573,-1.315754651456098,-1.276060980091437,-0.06000448179041287,-0.22503168574883528,0.3659702313560572,1.039193170370876,1.0948698666256194,0.3552675527464267,0.7476452806026053,-0.6095329387617882,-1.1852337642612778,-0.04661962288790907,1.2752332803968136,-0.7437291147872125,0.7231123529617627,0.9292130539502571,-0.01744302435304028,-1.588295300265143,-0.9332300618460787,-1.60745202037177
3295,1.783036978169383,1.6729816732522889,1.6969173987373087,1.6680840000399544,-0.2605054866021549,-0.2500581071667879,-0.3446308307750844,-0.17583504089217203,-1.0360554092690375,1.763091909972968,-1.8535761736924707,0.6409093737711848,0.28467667777835864,0.9985173729360133,-2.1463134226582334,-0.7941494059640644,1.097731909101915,-1.9235181438872868,1.3269161848144768,-2.146313422658213,-1.5472316158920127,-1.649299071258439,1.241152227063804,-2.19313953942681,1.5833007772959191,-1.5472316158920159,-1.0540084602656525,-0.844082029666696,-0.5302594221730377,-0.5271080492457582,-0.5737218022778654,-0.6817755526181705,-0.6462717083790103,-0.46037775977295964,0.05894019132227595,0.4552671402872304,1.3025671340750617,1.033806090714971,1.5377088613986303,1.5629142101348492,0.3366680178621885,-0.419717294650476,-0.392495839088963,-0.4511416429598305,-0.41475620236676297,-0.48524387686784426,-0.4548870666032876,-0.2848782266445123,-0.2818938607511931,-0.7290318114268892,-0.519047716830184,-0.06289827862642523,0.3865415207168925,0.6476818869408723,2.142044611775347,0.3941297046868818,-0.6859583847718123,3.021954261504942,2.003147424286941,1.747656006259802,2.309568524927396,1.7193616225071062,0.1922715744923338,1.2716897617353073,2.0037695758663587,-0.9914700696943332,-1.4966723287721024,-0.8428970481687555,0.00725798646696691,0.40696493455344324,1.9990738236542864,0.48686537707143007,1.4619060730413291,0.11731897051166372,-0.8428292318530638,-0.8009311983335958,-1.0553716328594742,-0.21611827071080908,-1.0020327233926067,-0.3251085942128149,0.9782159689468491,1.0481976777177429,0.6951337781269863,0.7377776000668527,-0.43642804551571485,-1.3353017121419777,-0.17432630848161965,1.3024920664506272,-0.7695032614366202,0.7068981710051689,1.098976947099103,0.07845914224489209,-1.6049256826637814,-0.9554146379520682,-1.6352890615887425
3296,1.6819891938141547,1.6125412469260705,1.6921565786831247,1.6140361382461483,-0.2632026024929399,-0.18427573208531836,-0.2824074292101409,-0.15970120733463705,-1.0113011772540756,1.627112607547183,-1.731143791483185,0.6265838686709014,0.27703329670634713,0.9753492080939512,-2.1867190988192036,-0.23375875010637523,0.9845605036517169,-1.6377356468104285,1.21446426411067,-2.1867190988191885,-1.8145679032035817,-1.2197865009653448,1.1319781735003627,-2.070220618454444,1.49190989911875,-1.8145679032035782,0.16465623747921915,-0.2512333067686761,-0.4820614160687058,-0.19210962362222916,-1.3053505516933428,-0.576835976264699,-0.6814897628229296,-0.5486133407704652,-0.035839772710023504,0.3682007745324482,1.2340878049343345,0.9582705149337789,1.4837332866854294,1.5038131422548622,-0.20630571599051603,-0.8542412078190578,-0.9030717787096416,-0.9279860481814717,-0.9430893165000652,-1.0061595373436318,-0.9637469371512808,-0.8621799632267815,-0.850989583386293,-0.2190857802193872,-0.6699286219400307,-0.35827235771303867,0.3572898497069601,0.3902243965369168,2.0517399210335068,0.5252675348138641,0.08257493029488151,3.039597459313472,1.910844838340178,1.6560972642531773,2.2260461335447093,1.6903172873622372,0.1306292780120501,1.2418349797215174,1.960347633306604,-1.2818304925526507,-1.5305607620448987,-1.2087221411980498,-0.31292662468766713,0.13320339607382636,2.032545788397072,0.4090205254353176,1.477034509244524,0.5077230286325698,-0.7213633288771175,-0.7260341634772342,-0.925461964513607,-0.31336934524772436,-1.2294559393770153,-0.2510912940512633,0.9433704215920474,1.0227963474969022,0.9316977308577835,0.7493302447580827,-0.31852180163551835,-1.4453814970199852,-0.35760054915276157,1.3289749627411438,-0.7926503292131591,0.6801249328979241,1.3483213467788684,0.1678747344559065,-1.6149550109156225,-0.990764969443081,-1.650197408484575
3297,1.5067021445920976,1.4356893596603522,1.3446156113464875,1.2690859799222147,0.030728518454995635,-0.09538575127167445,0.10914870838873171,0.06766701994111034,-0.730914302303994,1.4339039017681088,-1.44533983342445,-0.04435496038281814,-0.5832888954741994,0.4501499192937572,-3.0119044408226796,-2.3531780954263004,0.7365334806443827,-3.314505282406435,1.0575154833773115,-3.0119044408226596,-2.4229648725796396,-2.80886176097593,0.9447289703090257,-3.3804614191860893,1.381696195384876,-2.422964872579635,-2.331964715242201,-1.106031458473714,-1.0790433354548263,-1.792623838359074,0.924238396587637,-1.9894515379797544,-1.5668695870698712,-1.4340226319701157,-0.6598043595318731,-0.09691483944134609,0.9055051742032492,0.6106664497679949,1.1426449881608234,1.1531417572005067,0.573274514904598,0.09872313102259596,-0.34738494158367117,-0.3428722411428958,-0.4211683620466655,-0.488395072175707,-0.4629275950678333,-0.3126466413286735,-0.3002228221890412,-2.465561601752462,-1.3649894101998432,-1.2649655890766411,-0.31520601518802716,0.029268880422117293,1.8944855855251432,0.021037244233309025,-2.213387599265907,3.0338569526325494,1.7885907565961585,1.3297747305507857,2.036768135340496,1.6545529503855378,-0.38422923481022514,0.8979978586451062,1.7801214924702093,-1.676513034945226,-1.4179801057903574,-1.570681782306992,-0.3785412227665433,-0.3407740870562769,1.9855602385502937,0.5069787618880193,1.3324078393459156,0.9954541775374763,-1.004801982468364,0.11984283463948119,-0.5516207729415455,-0.7184719932907369,-2.0166088575528676,-0.9087341162595722,0.6514921273438593,0.7431946967568046,1.3627215943248439,0.688740053691143,-0.2462812017292808,-1.038244179741192,-0.6892106525758457,1.3365654516747372,-0.8196360529431186,0.6556152253244518,1.6487741115877865,0.24351203015843104,-1.6244031506357888,-1.0206164729448148,-1.6558277747423682
3298,1.1608093471700545,1.1131906001145087,1.0424496772790064,0.974442659237446,0.2056596150297409,0.029078728850324722,0.0760867242243517,0.1905047326317242,-0.42507637156867095,1.1977688631261176,-1.502039732945444,-0.47939342323490797,-1.0433933940769122,0.06553129029630059,-3.6400364572012784,-2.448605442896802,0.42243299494946057,-3.669133766811793,0.8495960848454043,-3.64003645720126,-3.039393539921788,-3.1486970584969147,0.7071383349049727,-3.793866139116264,1.2468800431833245,-3.03939353992179,-2.095587087661705,-2.1596060360868257,-2.3086965004599813,-1.471134103387785,0.7449525711880892,-2.670387206463159,-2.2241879586523314,-2.066324496160407,-1.1903279967106675,-0.5068590005860841,0.6211998981055701,0.3028426687614549,0.8513825106501102,0.8522781520764627,1.076951733259518,0.8659656140110202,0.37223583545066147,0.2959761575466624,0.1583748410027712,0.09835459666826875,0.11004811170907075,0.3233137824069224,0.34488584656265464,-2.155208479230846,-2.2243048848920783,-1.4978598896347097,-0.7690733432040043,-0.2621631399414976,1.555487967119444,-0.513560515059436,-1.7607803148076286,2.9060653844931883,1.6932519048756978,0.8882039791907631,1.8576540730196824,1.6203529386298932,-0.8191837202454617,0.5966164127486336,1.6021720727208268,0.46880208407149526,-0.3772761215626569,-0.7150560327802813,-1.280602200661353,-0.9783180289032414,1.7831899186822295,0.10304904277714227,0.4298611721038494,0.6056792412155637,1.2538289769513418,0.045451386041165824,0.822355521788203,-0.7576718101117486,-0.058962561829538546,-0.8078088208074493,0.4394990388767383,0.4356437236327906,-0.30783551849396634,0.5367726052072859,0.7927280155202282,-0.41629963477617843,-0.48678163710508043,1.336516976953046,-0.833835848786873,0.625746221986404,1.689519057932598,0.305115403858773,-1.6493321969580257,-1.0695841660957635,-1.6500493508647018
3299,1.0017435379831345,1.0188976624458341,1.0497514241629646,0.978511573990576,0.40417316792901425,0.2466712517671933,0.268889465337581,0.3435407562995072,-0.37710666116714076,1.0804019976403918,-1.2241753820147665,-0.45768292524368054,-0.9925814988614085,0.07684250950386759,-3.3179771877853446,0.07615722989466578,0.21699131680257833,-2.284401650831598,0.6436263306952809,-3.317977187785332,-3.1935397424325815,-1.5216848870367103,0.5142786452299956,-2.89194837072026,1.1021696047235616,-3.193539742432588,0.03613668468226405,-0.6702845898302366,-1.1153548317980857,-0.076600377025199,-0.5997060316213283,-1.816589573878735,-1.904218731004359,-1.824198277138494,-1.189356025577241,-0.5308217387501838,0.5995716382859627,0.2698825653695918,0.8551709173200225,0.852419958490376,-0.15783350758108142,-0.01442180160951764,-0.0988066564940233,-0.4783938686595534,-0.45946936190942134,-0.5795021307252658,-0.569346208799717,-0.4343250428480146,-0.4094346332067445,0.00031767822351217877,-2.0544337083819997,-1.6078331978552265,-0.7777910984944204,-0.23598479473114428,1.6613949071355603,-0.7781931542011234,0.3395617750990219,2.782747688093187,1.607874768535631,0.493264230719343,1.79792008844064,1.5805498458743714,-0.808012579296141,0.6105114646856766,1.5660485803554778,1.752851060659764,1.5329991791939228,-0.19392817903937942,-1.4205035720697825,-1.4424989038375913,1.193979283286121,-0.41347095651925037,-1.4485582777224493,1.097052359831424,1.9650060290450944,0.7770635000498803,1.7435125778192473,-0.5994853142489207,1.5643843106750075,0.18863270988653877,0.4477089236040221,0.3904858798071271,-1.3013674339386854,0.4615417916782433,1.289185269374413,-0.04944571579702373,0.4440752405502968,1.3303365975082895,-0.8521754879432151,0.5786281172386316,2.036854289647055,0.3859219239084943,-1.6459788353257834,-1.1673795429480083,-1.6394119685749085
3300,0.9866302851102032,1.050256553537537,1.0461957408188014,1.080684794476049,0.34619126645280945,0.4089247531785296,0.2833318531223131,0.43351852210113406,-0.6234700251400029,1.0915213040810166,-1.0483097156058345,-0.287447702492831,-0.6985700813515713,0.18611557665580897,-2.519317215701467,1.8893346031104874,0.1354649230392834,-0.8971094783834244,0.47906016161940124,-2.519317215701459,-2.979770357650411,0.15900021438385697,0.3865229484481029,-1.8638918585177648,0.9625795470160452,-2.979770357650415,-0.04105082105373356,0.2050605185320038,-0.13605325994861683,1.0040279181709515,-0.1363387115997596,-0.6083024273241744,-1.3282866635366926,-1.3515019167250373,-0.9971272752349792,-0.42554123676769307,0.666093597095428,0.3298789146876803,0.9565150228368207,0.95143962303503,-0.6173779269346336,-0.5087731785016202,-0.5564317149475048,-0.8968596809713995,-0.8673008752550398,-0.9524578643432169,-0.9467436956136083,-0.8633590980463401,-0.8390181579260632,0.7600299343119363,-1.5299707010238026,-1.2474367404049869,-0.7342569862404265,-0.22659854744866292,1.6679354698771276,-1.109683250280847,0.8476297332983436,2.6915657805637623,1.5263626341082575,0.17057039841402263,1.7146309260338004,1.5426792485368812,-0.5250621460290734,0.7322695562043288,1.4967130071618995,1.149442951934882,1.5103732657182045,0.07519570310810293,-1.4320441699002917,-1.4071360333753051,1.4157216528738508,-0.7306697084341344,-1.4777249935312302,0.7868394285572554,2.1899387781530466,0.6923007904666547,1.8392689278626004,-0.30593254120214497,1.4457909896290126,1.0059020419447473,0.6660774565342263,0.6394810885657561,-0.8367138301561762,0.3565466861112715,1.8066420320907342,0.11397467176789966,0.872393252961921,1.3277044400169558,-0.867850785187109,0.46007503539336464,2.134770632740639,0.5105490083185494,-1.5955624335709906,-1.2584009211574219,-1.6386591060194218
3301,0.3877446456066568,0.4817465649059672,0.37406190361879543,0.3921147494971403,1.5796786445367912,0.29363129030133966,2.0656428075062694,0.4694862150931918,-0.69434717156142,1.387886022579249,-1.124722038454566,-1.091895592381563,-1.5097860230194786,-0.5880325761673859,-3.3518494209944363,-3.1326721359188117,-0.2855442632116432,-3.840476036924673,0.23035171047296257,-3.351849420994427,-3.39636458815277,-3.15706214968419,0.07398441060752403,-3.8100167963496436,0.7901078124162876,-3.396364588152772,-4.23800030754435,-3.595792771543998,-3.7880719515901906,0.10779338343757103,1.4548956059519063,-3.0741970528375315,-3.0431840839291677,-2.885145943675097,-2.211383282233339,-1.3489137553535087,0.023597652877397214,-0.36167967447543936,0.26849143827746685,0.25104929150784,4.827097022349486,6.194446380646206,6.360015302513573,6.409140649897159,6.549384820147382,6.638198152515567,6.590749479417769,6.845615359630191,6.940989889765339,-4.3824404191488116,-3.115829219789431,-2.354037390768668,-1.7148400197883107,-0.8987049612131291,1.1446864100826282,-2.229690359568563,-5.2150173934508866,2.450106502102203,1.5004367619271382,0.06663743208483494,1.5083171742273802,1.5019323980891193,-1.771536267980396,-0.01463431983333001,1.2669380203962242,1.0045034232449823,0.5937146276789363,-0.48333811182575326,-1.474173552029558,-1.3095967472933698,1.537742165327109,-1.062119270623415,-0.5359087941040833,0.8847324832580695,1.7283733586408954,0.4207283560666176,1.380855483740152,0.022669605141489933,1.0508469773174323,1.462427070722692,0.7301323599006421,0.7340142058946778,-0.3043130833328231,-1.1646116874648063,3.299663978030616,-0.19906608018798866,1.247742784620778,1.2218857061346007,-0.8327906292957019,0.060907730578887445,2.5942038185021934,0.6022818959949366,-1.5952004301254494,-1.6534209300166587,-1.6854951894224082
3302,0.2890726582544581,0.2921968336294645,0.26721364920036,0.2646177561582214,1.1013496601325912,1.5867418611580189,1.459297963517286,1.2437799479617204,-0.7822735622953655,1.309595416375499,-1.0444199102460883,-1.2081994440485635,-1.6081342078677863,-0.7096832042690522,-3.3245064092769034,-0.8881767350592982,-0.6252335158528934,-2.7977810523645514,-0.0495523424930406,-3.324506409276897,-3.465503086521467,-1.9358395978876943,-0.21932963259674623,-3.171288340849799,0.5950553681074834,-3.4655030865214695,-0.7538776010657725,-1.2916819604840495,-0.7012917413663633,-0.1888504380403202,0.2927652794275861,-2.5959265780891925,-2.8620662649160624,-2.7832513610088165,-2.303204185170549,-1.5133527165768617,-0.11352937875570622,-0.5188820763811106,0.14165895807903667,0.11798122602282317,0.7488434606895191,1.7098599812474709,1.9055110710936753,2.166389390698213,2.2937103133744907,2.5236758497869127,2.4830468252362454,2.6771808163036934,2.812232227353424,-0.9008038581154328,-2.5632494571681814,-2.3734059933472604,-2.0784098146651924,-1.240463019374274,1.036097359829343,-2.6735196866853004,-0.7614159026674113,2.1840248435012324,1.4986282738667291,-0.0011989731603932652,1.4106340542704885,1.4628787193855437,-1.925809885296197,-0.15435874850967557,1.1691394867910052,6.048322203485863,3.542364219901283,1.4496787588260465,0.07968299222209571,-1.1526247548549002,0.6025762301539829,-1.919482231594068,-3.0969741564194972,0.6210774494629467,1.205764425207123,2.4360835601219235,2.2549830990571706,0.939710589993579,5.899500789392377,1.1439424746440767,1.1807932652901327,0.813700829115551,-5.4672726438523,-2.4244956182886015,3.8992929401864096,-0.3386535424685002,1.7781175824741353,1.1005187309525428,-0.7844322786100109,-0.2848071534832899,4.476529118840117,0.7100004817620641,-1.561207980353206,-1.9024476976394329,-1.6346115164910668
3303,0.3050874336925746,0.3687051334044002,0.3657284718464558,0.3166242595299024,0.8408202085022533,1.0628106610998649,1.0204440914401265,1.0097093337005094,-0.782302748682228,1.3993879649483074,-0.9831349863943174,-1.1265022997307341,-1.4699452379066797,-0.6578091591601145,-2.710914485555755,1.413024688069565,-0.8096920564460565,-1.4225612427943384,-0.30090017113447504,-2.71091448555575,-3.2125609281104053,-0.15277960764087956,-0.4404376719392013,-2.2070717448718606,0.3952508002713156,-3.212560928110408,0.6129361449822436,0.46619288724709723,0.06482368154100493,0.17023637349848028,-0.02641547423056401,-1.6067725487783684,-2.2126337768440743,-2.2618779993362654,-2.0701562599988375,-1.4401862546064637,-0.08897532003340508,-0.5050472617528136,0.19269110094974892,0.1660332036257817,-0.46162076292405546,0.294209066800968,0.48936426427434876,0.6975888216346159,0.7973733733224585,1.0093091214562784,0.9681713704201682,1.141796317130215,1.2585613986651096,0.31322378103988596,-1.7360611818859892,-2.285020933974213,-1.858766301360009,-1.2831445749940147,1.0256908050038531,-2.2054956156344128,0.10764266908557257,1.9830078154341937,1.4798128115111102,-0.11285665719849532,1.3385335067527235,1.439715856821577,-1.7169982997263629,-0.10196954633827707,1.0928832203015886,4.513327670538831,2.9758945694742436,1.8272270811687161,0.8737898487682338,-0.6052827410005469,0.3105698893450175,-2.191815694938369,-2.647243623751777,-0.08322657037036313,0.4351855508298835,2.413967805163392,1.7828309384358827,1.6458317650741023,4.378494457709275,0.6808964383341859,1.1346482198276862,0.8082245477890979,-4.251373114513772,-3.4108918373137436,3.9158069415452434,-0.37287528033265116,1.8646322468485284,0.9699575745033966,-0.7393338851517464,-0.5686361632807395,4.487445212414091,0.8076144468252953,-1.5506563648797653,-2.1241386636113657,-1.651558976476639
3304,0.3346561820650952,0.2359877982790214,0.20796041022095207,0.12222775124556473,0.9648880344807995,0.8521378036007838,0.8945237197414772,1.021252343186846,-0.8449633161374351,1.337198023606831,-1.0971967510927079,-1.291211511481847,-1.6081684529800342,-0.8364939875554518,-2.4031285317560003,0.6477586254195409,-1.0199565752508366,-1.5895381264077058,-0.5425747755317735,-2.4031285317559967,-3.0184362744590576,-0.24729013307766728,-0.6752836601719827,-2.192232480954624,0.1875827898584317,-3.01843627445906,-1.0627648175970819,-0.8992167058957071,0.1560793749582719,-1.918034393506514,0.34856527401584797,-1.698285453194989,-2.252651521512309,-2.3437992295515317,-2.235218315268932,-1.6654199321602474,-0.2846489529547996,-0.7210974370802955,-0.0024736063543914113,-0.03388360028033286,-0.7526310782054015,-0.0420265223396077,0.14621246017172396,0.3731849077763023,0.5064101998912547,0.6951334912520305,0.6553857751196464,0.8267038929509412,0.9473752485247012,-1.3090349645319626,-2.1399686564615097,-2.4049312829108667,-2.0984014507412887,-1.4606708233738162,0.8197534252031717,-2.24264151250229,-1.2451474807370784,1.7140822354953715,1.4857026756808422,-0.1725841530523836,1.2831103413728617,1.5427403051740645,-2.0306419199032364,-0.3634456541491855,0.973185851045228,3.558905384000398,1.5473832018928722,1.8237435185982733,0.6542964360638793,-0.4966531661969812,0.30616305273032385,-2.195994826940402,-1.182585169035165,-1.096334996336699,0.7925578135759697,1.844787555856226,1.643259991779084,1.7645018629892564,3.5172339950648372,0.9769611622030652,1.1456220917033264,0.8730594808960528,-3.3791430722595845,-3.743307999139527,3.8101184995714874,-0.6503995287281791,1.903566712761882,0.8105360540411114,-0.6334863000526679,-0.943332151714922,4.337504001165597,0.8669209539354923,-1.5544817172224619,-2.3111221818429324,-1.6575902951645196
3305,0.034191872984233096,0.006165464844552845,-0.003045175881662352,-0.06230972686939529,0.8131659109054421,0.9731772945296367,0.8893675462133267,0.9860787813123728,-0.5347917834346796,1.3107073040632515,-1.136378002768644,-1.4064875548806808,-1.6809508210559516,-0.9843104706054312,-2.2129448142360784,0.3818147155711687,-1.2307430595892,-1.6109342591474152,-0.7791265867774172,-2.2129448142360757,-2.8465470138165307,-0.18989279139967036,-0.9124688456093952,-2.1158108888706653,-0.028756945661381306,-2.846547013816532,-1.389386067833708,-1.5073767007569159,-1.9346510125064833,-0.9077557273730379,0.11293067125737374,-1.448435379744521,-2.2260056167435676,-2.3350736503314864,-2.323557905300925,-1.8381461464049806,-0.46537974174414976,-0.9156747010360217,-0.18605101295467313,-0.2216906031798479,-0.923567042877007,-0.2249640630862609,-0.06513253528155794,0.1760736036586357,0.3141141414717734,0.5127314498843686,0.46305344571137963,0.6228783551664462,0.7514889269754618,-1.2463621925035793,-2.6249348162172783,-2.4292677098104565,-2.1070875551957684,-1.6552859995113856,0.5084573702106011,-2.4406409086911527,-1.255911159328284,1.4249423040519915,1.4954639383347819,-0.17592653333209665,1.0937103431727777,1.5200414304088463,-2.0620801003120035,-0.5724943437897466,0.7368060416398474,3.125398651463971,2.0246962987449746,2.126524417776001,1.0670532754366588,-0.199863715779103,-0.056912945549906745,-2.143802254145212,-1.7588254006459463,-1.1738720576558836,0.5392683139275674,1.8296273525713862,1.4865250030966914,1.9516246995043671,2.838537087112047,-0.44910894283155417,0.8249318171046911,0.5558059006193121,-3.024246052555461,-3.7910090845258755,3.324909503262089,-0.605052437709792,1.911001247428551,0.6084393983720487,-0.45740616964495545,-1.224571042132452,4.086361151463137,0.8931538128865341,-1.5659655098915477,-2.440042060565162,-1.6570629835425703
3306,-0.32587084783097425,-0.38813455346476256,-0.6271542636903991,-0.6629312118523168,1.7019435898335435,0.7649741747318196,1.793012478136732,0.9907720539526995,-0.31023411158092123,1.1829505691457851,-0.7898192255323201,-1.7004992061432762,-1.8837694463683843,-1.374355426530646,-2.70298091709823,-2.3754445530942725,-1.6422511059549496,-3.0950241949266,-1.0827688084508527,-2.7029809170982273,-2.959063662521524,-2.2728201711532585,-1.2693545291319384,-3.0322283944593504,-0.2789107521699035,-2.9590636625215243,-3.7066031538092012,-2.5095307033697334,-2.292787396655584,-3.155921307044038,3.470553519840597,-3.2594547922786337,-3.0752627603013645,-3.088707669322426,-2.9266534502513024,-2.4333066033401543,-1.0096009285332417,-1.4779243628951033,-0.783955103160794,-0.8248814042494725,1.7653328124333143,1.8159807757627238,2.1462331959056673,2.9640910136959624,3.289985678066428,3.84297449500712,3.6488506673102936,3.99388930407856,4.284089433920602,-3.63722550057463,-2.4352647612841145,-2.9637933383540354,-2.606074072843526,-2.2184608504381553,-0.035620093020861915,-3.2558552990110017,-3.5526787535936464,0.9781800488364758,1.5669914713299093,-0.061304670017325785,0.620376320919711,1.5795348753043348,-2.462104636592636,-1.254227779331847,0.07703492793987082,2.7735289141426946,3.112895709642611,2.3618822278107587,1.2293244994767991,0.1720354777079338,-0.670659137168206,-1.9469639831677865,-3.035450498610277,-0.6302206028827968,0.5999023448080667,1.3699235813236854,1.2292240075721026,2.0423961980046257,2.596717205272423,0.6111003598296993,0.5889147785109966,0.34427727114099504,-2.5624137588571503,-3.600245909545852,1.305565243659747,-0.48905446941420716,1.9659760007139715,0.24873279918282876,-0.16023103733407204,-1.6542698811130934,3.952804798593369,0.8212341731391952,-1.5535912238810465,-2.6162978364513387,-1.5672688760527487
3307,-0.5965174695228719,-0.5600752381420647,-0.560138316814714,-0.5837281994783879,1.7130582194444914,1.7504083654927058,1.5725166766917311,1.9536868858852572,0.04293332824982749,1.0178916307916936,-0.6558536467835318,-1.550911664305002,-1.6766227639191214,-1.2731541444548533,-2.3021693052822783,1.1799541060960186,-1.8072021828181917,-1.3887455402369828,-1.3476154305932744,-2.3021693052822774,-2.7538706981939542,0.172615575880248,-1.5020026952771435,-1.9746243082360342,-0.5341821672342421,-2.753870698193956,0.4407194485169113,-1.1392622534106411,-1.7488866424029108,0.03585267527868959,0.05568570368185837,-1.9939564961322875,-2.299704084356985,-2.4045594249388507,-2.4953762288184493,-2.200334709532906,-0.9424208270839387,-1.3949175317890048,-0.6955955432232677,-0.7412731472367563,0.128827394670055,0.17918526882999525,0.3853623985041107,0.9522389113329355,1.1255536304055933,1.4812058608048402,1.3529908912137976,1.6074335707646434,1.8239497635366138,0.5310219104336119,-1.918451951680405,-2.3981132338260376,-2.35893231901118,-2.2403637275145387,0.15385026601179433,-2.9105784149944016,0.881282970856446,0.6406139857347152,1.5742587222724258,0.04323024936093189,0.6002544346327261,1.8579253861511125,-2.1810749060186074,-1.2603470104124406,-0.10980014558545632,4.374420156163782,3.003480717028861,3.503452924587215,2.270421908750598,1.257783309497818,-1.484496161685868,-0.900696263539355,-2.647431818315798,-2.34203006928517,0.44725944914320515,0.9272096349045612,0.855763741414609,1.8380543636392799,4.213507229213573,0.23929051090704617,0.501782050006666,-0.012711961375505808,-4.300372530581022,-3.0706003552977714,0.37554424277621934,-0.2483606785564594,2.02716120791768,-0.052994680081295445,0.14076421061624944,-2.0343372879271002,3.876286288142814,0.7762068702366348,-1.5465368070623862,-2.745842639576731,-1.399795167973151
3308,-0.5043293491093293,-0.34084485140859844,-0.5171146057861126,-0.30229710616499383,1.7204069031529,1.6931839995468925,1.572733528706421,1.7675995238687272,-0.17090016738709468,1.1870780895176338,-0.5305280717605921,-1.17259676122195,-1.1860214965146922,-0.9820816639585147,-1.3322289907038956,3.5189482613499616,-1.7257560949719761,0.44653635266254293,-1.4972591410701135,-1.3322289907038947,-2.2863555869219394,2.6543418405708796,-1.5758577054139606,-0.680062670092758,-0.7612078215453416,-2.2863555869219403,0.29977728019916844,1.5269181475715607,0.6584251455850756,1.8011029152746993,2.377303740648094,-0.017888012755440285,-1.23365066641202,-1.4271806458779448,-1.8785973221034717,-1.784992869711808,-0.7032789095387431,-1.136938893867478,-0.4091490812211152,-0.4565886403472104,0.004324486259978017,0.07063095170189582,0.2452370282979446,0.819189763719101,1.010084423936681,1.4073222086076436,1.255274775615024,1.5464796723960665,1.75668220253791,1.8233925267169884,-1.3765981840743753,-1.6988182769937492,-2.0682828576703667,-1.8866894180680973,0.5695643454211257,-2.3111314104731213,1.5448822189723703,0.43071437654346,1.5154293454343326,0.01702867538779084,0.5799538628047978,1.8899299122689652,-1.5658089032191858,-0.9918689507105465,-0.18387843431159756,3.5125370460707392,2.189940149168445,2.812328485440938,2.106929869432854,1.486118012926738,-1.426118444289241,-0.8855122955006243,-1.8516209728701212,-2.1373446928607485,-0.01787030409168376,0.3321981363574582,0.202098034580541,2.009416897952051,3.631893366584246,1.9930930698886469,0.6604405695470063,0.2041881110842997,-3.4530589093877095,-2.916463176388585,0.15418043350441205,-0.15241987570849203,2.015836513881392,-0.3412275474133599,0.3533827191315243,-2.641563875477895,3.7100298255484985,0.7655221264807264,-1.5423846622288817,-2.8782093740626276,-1.2525182021222676
3309,-0.33271716165419923,-0.28492776833795475,-0.3229661001142991,-0.20043752593007408,1.4844420772013307,1.6575941253171265,1.446566809993006,1.6858082371718304,-0.4586338509156762,1.4273953293569115,-0.5040562020400149,-1.0437074212028294,-1.0185867811559355,-0.885244744012794,-0.5187636856823385,2.852178429690562,-1.59087812944478,0.9022247348623064,-1.5494599040943517,-0.5187636856823394,-1.8118498593983783,2.9820105187125523,-1.5820050891000865,-0.12247819522957736,-0.949928221949752,-1.811849859398379,1.2402216940006265,0.37712663000855917,1.160176709441296,1.132802472788773,0.5065650415497593,0.8200910990112229,-0.6590381849603576,-0.9296246720703762,-1.5556842070104777,-1.5994684560371506,-0.628753722558315,-1.0527040167772224,-0.3037268997019092,-0.353456955994643,-0.7206148045003895,-0.5301941626764093,-0.39691464942718285,-0.009605211030926823,0.14522450110827137,0.4401414872765156,0.3372353050568692,0.5872180885708719,0.7330615861899038,0.6191919292079919,-0.7408878993485337,-1.5468982838693772,-1.8892655239413607,-1.826485977141508,0.6444469900657475,-1.9930422470614386,0.1344179121781793,0.2863482640707762,1.4109071674045892,-0.043251358614422,0.39101228298142165,1.8131081922457266,-1.0629263749684763,-0.8822596478158109,-0.4247373726896745,3.2928800452721787,1.17460810432404,1.5672057068619822,1.6597681698833662,0.9586113924279946,-0.5700886496333133,-1.311593477361894,-0.6787044420214949,-1.238610752654217,-0.7986612222287068,0.6811701096002897,-0.03566169254970393,1.9911125977980735,3.413323077946631,2.1278031838592306,0.9501834316844783,0.4905719182308499,-3.2756505444912536,-2.855023992932054,0.0020775719994873616,-0.2866473367537842,1.9487590537054849,-0.6665647860541739,0.6203419620738556,-3.0274644215512527,3.453354939091705,0.7606975678810016,-1.564564619031831,-2.995328467496354,-1.1317277429304005
3310,-0.27341338675154764,-0.23741374054808484,-0.22818988207318053,-0.22253197565539393,1.4320072910816577,1.3674112564870775,1.4079211424313842,1.6209937273857908,-0.47780680693004063,1.42826656005741,-0.6268987387330054,-1.0547139704657391,-1.0248501491663364,-0.9036222344461066,-0.05444129061614804,1.6002073514999993,-1.486396837668178,0.7125363744511486,-1.547304583564611,-0.054441290616148816,-1.4242562382972845,2.4895254692382673,-1.5722529041604791,0.007351799848614708,-1.1028197934248898,-1.4242562382972856,0.5754668763291608,0.30938549865557335,0.3906714169096395,0.41297714678354824,-0.10261185281772965,0.8776388141600834,-0.35990860884262643,-0.748589682199926,-1.4253520954023866,-1.5530521433060211,-0.6652469518724646,-1.0827773822989077,-0.3229071133688464,-0.3755509630370245,-1.0113997497410705,-0.7832165113581342,-0.6619764656975148,-0.3681590400597257,-0.22718175262610985,0.013059019877612476,-0.06589824686326803,0.14590964930514028,0.27593462364425375,-0.13335033683609587,-0.38274040236503154,-1.6452287086902782,-1.7946582941711688,-1.725917219726977,0.598535232007824,-1.8216943742457439,-0.16604372466760037,0.15539837754989022,1.315590763782602,-0.13134255986836496,0.3497540200539917,1.7426093482360896,-1.032282678030068,-0.9037848029842626,-0.47414774666143983,2.7733551421202893,-0.023677130265271157,1.0678554845034176,1.3319596601487114,0.8314423166948893,-0.31177660157769344,-1.5715023320509993,0.6419545799897354,-1.4905237110668117,-0.891952072824211,0.44741111897986446,-0.24287540203954652,2.113758857708251,2.776779851301158,1.2155091635329263,0.9167505739355494,0.5088980015504468,-2.7532084296267767,-2.8002997651438544,-0.20853474829185786,-0.4133904194484922,1.8969517233754156,-1.017273111290786,1.005713826154958,-3.31037117165417,3.2461462077532546,0.737068336363299,-1.611054162915656,-3.070233513314542,-1.0287482110235482
3311,-0.2076661815238703,-0.26071770436373337,-0.29163094862886824,-0.3657221049966524,1.2774281049134275,1.397992865599002,1.1576749642512876,1.3518297345175003,-0.6954483255485138,1.4473037908354327,-0.4660263232691155,-1.151487140008049,-1.1340927508165222,-1.0073905911733398,0.025799012177983176,0.2764352739193972,-1.4582678381543004,0.15183090701187302,-1.5358232125240132,0.025799012177982847,-1.1716748778600854,1.630703905822339,-1.583319628383569,-0.181509701600949,-1.2301449846547248,-1.1716748778600852,-0.3721758667096209,-0.14567822479873546,0.41664861932664954,-1.3329994665287392,0.398202487331873,-0.11521211756368255,-0.5184843359390003,-0.7982630006864655,-1.4516889618246653,-1.6296952500131465,-0.807417400561368,-1.2167880759292458,-0.4644051805942706,-0.5195463418318941,-0.8579723626624749,-0.7806745378873602,-0.793470179267271,-0.5438533986624707,-0.4114971344412126,-0.20758076779404258,-0.2773242175365005,-0.08963844605244287,0.029404697513396406,-0.827262438279009,0.7460062242806254,-1.0186754145446186,-1.8478430783920807,-1.8118875190327197,0.47795456547805215,-1.8606139548610994,-0.9125379583491081,0.030505568864155487,1.2053517536386005,-0.20204248163430225,0.332011300659475,1.6775395405121294,-1.2662472638311004,-1.0512364277566586,-0.49322140012507154,2.3123451145782883,-0.8095087318803952,1.2016294906935567,1.1712802158362283,0.6815598378204192,-0.3296698388704948,-1.664253052657898,1.4508742518197342,-2.2496935360692443,-0.4914297323374079,0.4912389824638766,0.023220910526579982,2.0690504508558774,2.3903732776482567,1.673134366415982,1.0672853556165793,0.7254962155510032,-2.298882074396614,-2.807412081333311,-0.33370974673293574,-0.7004078451938857,1.85010844212942,-1.4555937137349424,1.4046082531743984,-3.5668699120496115,3.0856057211859103,0.6516809874214873,-1.650844372128423,-3.090338883235509,-0.9456174992077362
3312,-0.4331912862230976,-0.25438710764350936,-0.3784800215098492,-0.29139234261668956,1.382644224732515,1.3085541475987106,1.3787701971711726,1.5616907771762405,-0.4455455925302988,1.4211839829794315,-0.3350420297372376,-1.0442740828594657,-0.9835286403410115,-0.9324618469777605,0.2536800644004739,0.7823602353342346,-1.3765892112771159,0.5771393456418104,-1.4996204155191977,0.25368006440047336,-0.8825567970997563,1.8947058122296827,-1.5505042394363022,0.20079153038970649,-1.3262752918167258,-0.8825567970997568,-0.4988283688325857,0.0449446944875493,-1.3677510079893078,1.1565933885039918,1.5171896777819316,-0.05210285156765869,-0.17164378054514112,-0.3682051676663687,-1.191598935787316,-1.4689247864785453,-0.7588078344648764,-1.1543742627249087,-0.3842466425170661,-0.4450840925868703,0.08244747031119253,-0.24393361975395775,-0.4060349176251791,-0.021282694146278616,0.1590535744837533,0.47018544533103956,0.34724016768027727,0.6201540916964335,0.7954563129982162,0.44493718871346494,0.7180147710866965,-0.7625241985562021,-1.5080256345642216,-1.6775995983591931,0.6296337754532706,-1.80451916783528,0.5188849258305114,-0.06239049726604425,1.0967883465700003,-0.25039301121156166,0.27887407624624755,1.6433415763045653,-1.032216519084505,-0.9825635138181437,-0.5758576344384784,2.00450197368439,-0.20209792139153962,0.15818456105270165,1.3063680518577738,0.8659193926172634,-0.5170852320981575,-1.5131563773839767,0.6994761221256115,-0.38117569226600895,-1.888237179427636,0.36008088695885326,-0.9222467814814881,2.0441574306542822,1.8992254904006562,0.17553008507576906,0.8047671560300239,0.4759823515233706,-1.976941454495203,-2.628474928049407,-0.24978351950258243,-0.5378054608451167,1.7981276507852815,-1.8417203358582361,1.6615987807220667,-3.7675098109424114,2.9732080930747524,0.5960558783144947,-1.6436053324753332,-3.070120642304279,-0.8564290501201427
3313,-0.5174188197097109,-0.6100104648058412,-0.8162092434322585,-0.7720829199964249,1.6640701166918304,1.395886798028149,1.628831028963483,1.6554306739312776,-0.288950058269781,1.5018802529793829,-0.44961875978766,-1.3630572890824095,-1.355144569628647,-1.257515234214225,-0.2776512946218413,-1.7813372644190928,-1.5143516356528735,-1.0815333461035659,-1.5235050214636194,-0.27765129462184335,-0.8967393627186875,-0.1342192141896186,-1.6319951639699926,-0.8003614976023911,-1.4219792127375261,-0.8967393627186881,-2.413113658573111,-2.1119886606850202,-0.4943370222887513,-2.1157358421532746,2.556434014650379,-1.797690189142125,-1.0950805242044463,-1.1704757217651554,-1.6454264998622565,-1.862771431213998,-1.195403344889185,-1.5690362006077998,-0.8701425054204078,-0.9261356039649461,1.1199534209592337,0.32866629238541123,0.2845118203902383,0.5737362310128264,0.8348556342635377,1.2916452118936925,1.1002976628588548,1.4993832687162914,1.742711748375747,-2.5695617006501745,-1.0039820789907579,-1.3569323362152785,-1.6429354345707177,-1.979607485567905,0.3405566154413128,-2.2090849448495735,-2.7615200847303774,-0.21558813240976035,0.9908671166500973,-0.20312566363439874,0.16912088634842926,1.6945750877488277,-1.7402252689089783,-1.5157528934265934,-0.7848486853073966,1.7043069733158438,-0.1059666566916134,-0.5568283205336931,0.7723207526424568,0.689965900224727,-0.21342477528104573,-1.4208828251679568,0.527466931877644,0.684245750683048,-1.7764402978690574,-0.12521589341355727,-1.180773737812055,1.8133068818328881,1.6503017394994617,0.7596385273175432,0.6298950265893486,0.3253886296751437,-1.6443713531157733,-2.605288869321958,-0.28465170243768745,-0.31923317263857703,1.7421719406999037,-2.424874493182024,2.182074262761417,-3.920726544385938,2.8855685818357726,0.40009181793978926,-1.6501805430850354,-3.046967961481971,-0.7554201577104745
3314,-0.7403746736785671,-0.7097668244691968,-0.6625445600120878,-0.6611068209915711,1.0778855952360586,1.5629099053915834,1.2884083882630522,1.2664944463773287,-0.3461951628074899,1.4487745351059547,-0.3383015049361552,-1.2112889383632575,-1.1503484385848095,-1.1452646883353665,-0.2080182731829662,0.23329152636644182,-1.5132762483403832,-0.05562908318936782,-1.5387631736094722,-0.20801827318296634,-0.7590688715343906,0.9027585585510024,-1.6399060819793203,-0.18511522349998766,-1.5006504521496422,-0.7590688715343921,0.9410028033956532,-0.5649974133391057,-1.313939252926658,0.5795091510751104,-0.44315554024733567,-0.8560420811419884,-0.5936988302588638,-0.7478894598041298,-1.3066386106109589,-1.6389915941017783,-1.1067375968761124,-1.450159793378647,-0.7507835328985456,-0.812011293214218,-0.545683719832808,-0.6853427884276898,-0.6362220545435966,-0.5575575978287114,-0.3862035455287888,-0.16650788510520875,-0.22041835948927577,-0.03132177360592121,0.11222944794836962,0.6727847298889357,-0.9662910626082645,-0.9850103532728393,-1.5200925929867442,-1.8294490001606174,0.39478933828784796,-2.001505426715399,0.8185680767667728,-0.31402180996673373,0.8688696774017634,-0.1599720136005618,0.10215794790872168,1.703555695262352,-1.4008555292262792,-1.4162378573071597,-0.9141970581071125,2.232748323306082,-0.06558238860370527,0.46798350708756425,0.9680699880897695,1.2828977975042408,-0.6575318033030436,-0.7697041851200481,0.6284371722578302,-0.703152764774777,-0.9836467565379089,-0.9542866186546803,-1.207938170323762,1.6294017821945908,2.2520550816653437,0.9649827366809479,0.8392074586558561,0.37179822576230637,-2.2663280337781733,-2.524733300386784,-0.30866551688127714,-0.29617344727107625,1.6525102219711936,-2.8303153206042246,2.4877053650111653,-3.8496187542539055,2.763017804507064,0.25300691414179516,-1.651072223728577,-2.9124721028073712,-0.690256036447393
3315,-0.647540343027333,-0.7234567031463403,-0.6520489273579284,-0.6961437014788875,1.2198629537725467,1.0045237004176497,1.0495298819122687,1.2399947671497416,-0.15346894930475197,1.5825813410198986,-0.5340302000005421,-1.2235284257505734,-1.1583494778475045,-1.1673513014791475,-0.10022778289175156,0.361997561061444,-1.4917093060999413,0.0931831921611422,-1.5411069606769563,-0.10022778289175382,-0.6149790301206839,0.9555541811442833,-1.6299054753494238,-0.039274578753873336,-1.5612113637793363,-0.6149790301206848,0.0959130327369063,-0.028981982139461907,0.6252730057688114,-0.4440793696337521,-0.6970066636763385,-0.5654272332327868,-0.5021090354421348,-0.6197707511167707,-1.1712706201792886,-1.565713164770575,-1.1446347740151355,-1.4550252516643287,-0.7811146802788625,-0.8440452690246887,-0.8293548761055922,-0.8561953361434467,-0.8008359248706072,-0.7601907092599232,-0.6102455577563901,-0.4408214102261738,-0.4725404745046065,-0.3230842370384811,-0.19868977901525492,-0.14908370473211408,-0.9690667117545168,-0.7916700204819559,-1.5856490892473445,-1.754647352847287,0.3209378431036867,-1.919602311737165,-0.3837410196295816,-0.37080963474161693,0.7163490946680794,-0.12708078569484518,0.0824798124963331,1.8154999624428207,-1.401138428313381,-1.5013862423549902,-1.045077272221147,1.9352964396594634,-0.1112493215758923,-0.07401491265191745,0.8219480027395393,1.1275799284871595,-0.5773381627197528,-0.7949383723703775,0.6201132695246772,0.008470258600401258,-1.307292389087249,-0.9038925801737502,-1.3651665048162516,1.5269060467950701,1.8844283385518747,0.4375875406809019,0.6231201924915274,0.18166574052668108,-1.945751058446606,-2.474227652374808,-0.20448546644940443,-0.2963396943296944,1.5712783960641736,-3.1604406132530474,2.8181547910600964,-3.6994583180817977,2.666359755638662,0.07074951295237704,-1.6448272467067695,-2.7910492133360245,-0.6177328664755403
3316,-0.7630706731131194,-0.8644127318608616,-0.867892069379584,-0.9123626577184695,1.3197820335559176,1.1976745390148775,1.139112229488798,1.3872028251188662,-0.2655047916420971,1.5357103282174804,-0.617547593021198,-1.3552236458485205,-1.3117392132054682,-1.3064732860286514,-0.22936558351046615,-0.43410953517396234,-1.533849858070095,-0.39393443537785106,-1.5571462207753697,-0.22936558351046826,-0.5673979498032442,0.31077785621511894,-1.6507638583725706,-0.3173656838092285,-1.613909628723201,-0.5673979498032455,-1.124422115327445,-0.7996027686050362,-0.6566772109305062,-1.291756792267821,0.13440813462167295,-1.0064169091260937,-0.9611901820846717,-0.865232882899298,-1.258480928408754,-1.6565945468378116,-1.3374974617269995,-1.6054941661048556,-0.9980816392493669,-1.0558621707426272,-0.09126933462946502,-0.1905948279905405,-0.32551907173467026,-0.3077548522460636,-0.09206073193360663,0.19898389691385437,0.10647691871967535,0.3224247507505318,0.5000253036016408,-1.0944587912979609,-1.0823328498938636,-0.2490357052379701,-1.1935055504083516,-1.826351693806258,0.3139799025889324,-1.936541971185819,-0.9719538952839817,-0.42792506229931704,0.5528055424434097,-0.059054735371485756,0.060795115580723355,1.740023049611542,-1.7027119284587595,-1.6887511897757213,-1.0675918871760928,1.616605983036166,-0.10712386081311248,-0.5613010512574678,0.9814497907595852,1.031794877975426,-0.6522991865445735,-0.7693102540385538,0.5425182935188343,0.6807288385398428,-1.9927011269594046,-0.5016025633307116,-1.5369998643569138,1.424875346494467,1.6496442360938217,1.308849599221517,0.6848069764377556,0.29923545460275264,-1.603414150724499,-2.4481330495634737,0.22768402253624426,-0.5051929605851296,1.4886418251432187,-3.474042275169784,3.252738644232584,-3.5013987028184004,2.55537739193483,-0.17594292488666136,-1.6464546673581733,-2.703867010837498,-0.5410539072824283
3317,-0.7461009255040988,-0.5051714668703475,-0.7347044349837546,-0.5218841513072585,0.5027433404151014,1.3739771321592578,1.0829888523580231,0.5164611136201814,0.3892430298241016,1.1283219254729986,-0.9085230824290271,-0.8989604023048776,-0.7189528966135357,-0.9422497450709748,0.3738348050481855,1.9662961675051036,-1.361420695271929,1.261321514343448,-1.5075589349410714,0.3738348050481829,-0.259243714218852,2.012486321322782,-1.5479304448892868,0.8013377066195935,-1.632302826355385,-0.25924371421885173,0.8071243388291103,2.161072047174478,0.1974050339106106,1.7627684895742821,2.671324147491368,0.9275182993924455,-0.016230203111766903,0.048982618831602986,-0.6051739928140702,-1.1727467276144383,-1.0143016088361476,-1.2600024314302802,-0.5942159435590042,-0.666430779411136,0.8957110297276152,0.6738225903567292,0.32295784732388555,0.3300720950924508,0.6823177117839716,1.1185482439225232,0.9429959388831991,1.277319183188897,1.5797687630687265,2.0927946975508656,-0.44291267245900656,0.1289315723994471,-0.758103629456692,-1.372683579815728,0.5738236715613201,-1.4874633771432826,2.8312340119504853,-0.3881522233995087,0.3613706233726365,-0.18524978776107343,0.005567991469604175,1.6708426922031858,-0.9189132093960627,-1.2895695323947727,-1.1302011134780479,1.4738632388437218,0.09296545066802028,-1.3993736945248458,0.28583365132387184,1.2106316669403123,-0.6224171188727052,-0.6194387530868322,0.28632428188284975,1.965451413175707,-1.8312265306948832,-1.842148214031939,-2.20666240466989,1.4068005490054538,1.3352789074637386,-1.0374494198788822,0.10279972025716264,-0.37762133433974104,-1.523159430885754,-2.383797790142142,1.0542612316608355,-1.1118367505901852,1.286948755674874,-3.5235973361496606,3.5068252184859596,-3.2797031675886217,2.422612141349774,-0.24936873309502564,-1.6462281986241456,-2.5473792901481094,-0.5182732512725361
3318,-0.4110538414235928,-0.5018511945698434,-0.6190607538373619,-0.6048906299393275,0.18218273762624068,0.4875080717313913,0.33699043158598624,0.31536515234576706,0.2123070819452939,1.435769627344546,-1.2499216705675562,-0.9512866220348513,-0.7800045635461523,-0.9995391543653521,0.5680107042402003,0.6363456634426072,-1.2574380059600294,0.7638115977036268,-1.438621325133368,0.5680107042401985,-0.053299189412150526,1.328039206094013,-1.4671713131926594,0.6332896631475484,-1.6283339648728432,-0.053299189412149624,0.6653911916308713,0.0638032847037569,2.0476626927800017,-1.4466147152948567,1.3280527639638549,0.42301785338236214,-0.12352292113115206,-0.12504081540747577,-0.5833597145509329,-1.1499595324951875,-1.0959157546076723,-1.3063707584604836,-0.6798935755846228,-0.7488432079340387,-0.3944823075249993,-0.3970418683782593,-0.48032323400937177,-0.5918406010219058,-0.3888554706341964,-0.17222802572465204,-0.24779817100335388,-0.05675684142311433,0.11506050329329572,-0.35505015912542087,0.45615618885066384,-0.350557733261709,-0.8519193785481061,-1.2218874744043169,0.4885153988964379,-1.5735226333650039,-0.7510619775902878,-0.30492916926976266,0.13326114420556004,-0.3146465131867744,-0.018622637427502878,1.6070063297490949,-0.9992442922360547,-1.349042100202424,-1.152050625370592,1.8219638611007165,-0.7819617596058266,-1.3791971554382978,-0.6495168299144874,0.4282587893184829,-0.0936917380419909,-1.057775596383549,1.3578817581060874,1.2436588416538785,-0.5039563622629808,-1.6669983990763053,-1.3147362225496695,1.2309045536486987,1.8790541846089515,0.6034313273069615,0.5012009064832382,-0.20742723279701358,-1.917493564917129,-2.3219377314440006,2.823362893835778,-1.7954267142506846,0.8838980339317946,-3.6193974931966175,3.8334430093881497,-3.1354114619031046,2.2878975943745252,-0.3535614435683944,-1.6055160736461238,-2.3872957522675335,-0.5355653144766472
3319,-0.6471650255400176,-0.7454868814706214,-0.6702588106129251,-0.6540839349339796,0.05817504202392127,0.19944462602013652,0.17588961448081636,0.1666702619673598,0.3142398073329291,1.7025346353615063,-0.6222631769770898,-0.970134901606683,-0.7994063391448469,-1.027158747984389,0.606449684628472,0.12991202336059146,-1.1825053731350506,0.5479795830794757,-1.366905093157001,0.6064496846284712,0.09611714637823482,0.9591952700553514,-1.3951328155271676,0.5697004488810111,-1.60858511414057,0.0961171463782328,-0.20508070002009426,-1.2239861417906106,-1.2393904550455086,-0.0941126701316599,-0.7204157693927644,0.21332122237568826,-0.11048111381562174,-0.2047588480261345,-0.5124043925320612,-1.0888975529788183,-1.1427319852008975,-1.3135380098434413,-0.7299149168466931,-0.7956135328007734,-0.998905039797983,-0.7996313979709953,-0.8075045184845994,-0.9084080658959348,-0.7602060487337594,-0.626522490231945,-0.654365727379959,-0.5341800580867989,-0.41208577998962215,-0.18675955947740616,0.11026813641050306,-0.5249242336461779,-0.7071777829735941,-1.2316124562195068,0.35005114295045714,-1.5790491908830815,-0.5105620897203702,-0.2493710787334594,-0.059082428346785544,-0.42745019333175066,-0.04403849754100566,1.5484147342227634,-1.0164505875974867,-1.3680371542648229,-1.171176251473801,1.5279870133979478,-0.6920588867279438,-1.5735653099145992,-0.6899989483211134,0.05450942926317468,-0.13252095727534935,-0.9424807985624666,1.1781679836001442,1.5771464779447204,-0.6783384930744718,-1.0285853556506601,-1.0232741463483206,0.8775364299072814,1.5300508842172322,0.0012921960467091548,0.42689965354800297,-0.3137311916080669,-1.6145505777360167,-2.17455528647043,3.0710310628792485,-2.0876341413128685,0.4987627189235325,-3.6903352170823824,3.820139233041222,-2.9658027627913492,2.1713624808868994,-0.4843658045926643,-1.5639485188330204,-2.2458964804233723,-0.560424464134032
3320,-0.8682078728816398,-0.8666949337237259,-0.8867229103709457,-0.7969667092769658,0.38340277869943706,0.06862332778973775,0.28869500837828704,0.24649506161601684,0.25148675130552695,1.602977059767257,-0.09719173127178779,-1.0506808373070848,-0.9108847193319042,-1.1082140639658031,0.455191008288797,-0.5026489158560185,-1.162399590553388,0.12107181029758679,-1.3120680918633385,0.45519100828879494,0.15526445564306163,0.3817729967470588,-1.3506140478477482,0.3227572230115253,-1.5823857597875308,0.15526445564306113,-1.0105420223872756,-0.5797551538525841,-1.142705383221642,0.45953954082954734,0.2994264311319676,-0.29061338492569605,-0.288464858462343,-0.3894763749395303,-0.5417435353264413,-1.1121847694480134,-1.2566742529005213,-1.3849579964171461,-0.8744431119719458,-0.9325317545065234,-0.6401409336982432,-0.5284869829430654,-0.5095866938511793,-0.7388392502102987,-0.5640219726395351,-0.39038646128615534,-0.4353493712872892,-0.2920121078025746,-0.14164788466540265,-0.6285192357499987,-0.08854717590311124,-0.6395093767048506,-0.641480306268918,-1.349478640013854,0.06821779202162351,-1.4465233994194224,-0.37987678149419646,-0.2313889054555203,-0.21818217764274322,-0.483934899779859,-0.1005619143029894,1.4938396197605923,-1.1392151838153919,-1.4642263395251591,-1.22874082885698,1.2579530449920306,-1.1269504914062696,-1.364438508738737,-0.9833457035718042,0.049535028523405036,-0.3138306293885709,-0.8173277652513194,1.5698602388725473,0.959456545984478,-0.04822041286437442,-1.38298062301453,-0.8849892026710466,0.7731557617723993,1.2767623628124616,0.47459886488659636,0.4558096613029042,-0.23481409797199826,-1.302585174838355,-2.0134732452228596,3.339795438932877,-1.986169091469254,0.2582837798249838,-3.6978242637213325,3.6632635899137234,-2.753490592108147,2.078941668408704,-0.6615438996710137,-1.594438956352607,-2.145100735513198,-0.5438907550717029
3321,-0.8295768548718724,-0.7491567610517882,-0.8260211113231702,-0.7362509224439218,0.19745978667258632,0.391022996588812,0.2337216713053729,0.32321241182451665,-0.3783493090534055,1.649319717036719,-0.36237751491662806,-0.9431799752469666,-0.7672944760858591,-1.0288218293811058,0.49318264378737825,0.1186268456151163,-1.0979652633034975,0.45635391223143806,-1.2529315393328304,0.49318264378737714,0.25468127378815403,0.6432377945384966,-1.2825434471605635,0.5387797664691449,-1.5457104791645309,0.25468127378815325,0.34843606062158977,0.6695724678628514,0.26728330440789727,0.62337132119227,0.8901388709803306,-0.2169378072001451,-0.0579264494203811,-0.17342917696828053,-0.37588294234950675,-0.9538863051256556,-1.2003379192485444,-1.2975685255121012,-0.8098949216637491,-0.8682291747903199,-0.5783295823492325,-0.5653965273975461,-0.5153534111507291,-0.6962919420618302,-0.5985125387224938,-0.4368605595138214,-0.4787867900444406,-0.3455390872500638,-0.20232209475081825,0.3222645395528487,0.4890045147965361,-0.38747792640986944,0.004304505407820141,-0.8536651619698019,0.01064204881166671,-1.2395548730972181,0.32020553038578303,-0.1578459023678036,-0.41770082874188247,-0.6008868212430551,-0.16497558428680034,1.4426609044766834,-0.9356457811459906,-1.374393927373554,-1.2907646849568493,1.058676330119598,-1.3561794950250587,-1.1337720277708652,-1.1717467391357728,0.32764941475890563,-0.7286124866490173,-0.880269308576691,1.7454508624903728,0.4567840104376738,0.4685062873587048,-2.032939408669428,-1.0215582382128157,1.0333237549037428,1.128463355595667,0.9057138234107419,0.9378500628379038,0.3920430998643177,-1.1060215814707965,-1.8092262603236537,3.31243152254118,-1.66712109961896,0.11932700727819888,-3.652348347603617,3.5635321983297095,-2.5084552906286532,1.9810069483773316,-0.8203696756292406,-1.6226272155625947,-2.0503689765523427,-0.5407833705500918
3322,-0.7299405022648316,-0.6357822177724396,-0.6650134623917514,-0.6116116599501652,0.12882563328256438,0.20076503615309765,-0.007825743599235062,0.1151008844123913,-0.639398407087832,1.8431209851488168,-0.2527306735839996,-0.7724496359979888,-0.5430609097274975,-0.8955011779982234,0.6779347844380265,0.5973063513188319,-0.9849937413615779,0.8407669075391725,-1.174106631627419,0.6779347844380236,0.4034547149839542,0.9591000681002048,-1.1846273662010813,0.82502208404,-1.494044227009094,0.40345471498395313,0.8225293002331874,0.6162215541675597,0.5925261613946149,0.7900395060336904,0.3827562896920962,0.34196410766276525,0.30296339892428664,0.13495517388583161,-0.15270091464110847,-0.7496509150926802,-1.0941251247587247,-1.1676403924429086,-0.6803754240926058,-0.7426840280877962,-0.056942312232816435,-0.4992049176685995,-0.48569075793131133,-0.6509554545894207,-0.5934797780649516,-0.4305663674484101,-0.4758663804116433,-0.339804657160738,-0.19591631622320593,0.5968371299202174,-0.11403177839334457,-0.3434753017074539,0.024637511945441563,-0.6780165496765553,-0.0015017182804136857,-1.1244417538129898,0.33844411621546844,0.05320450863389397,-0.7198208060294402,-0.7675073908737274,-0.22992449404624415,1.394492421791617,-0.6455191608482646,-1.2328349673644003,-1.34795971266854,0.8461708977433587,-0.7296444201391767,-1.4886208855269851,-1.5939534187301676,-0.6166844559294387,-0.8142923895222166,-1.0707834148030446,1.0096868227349416,1.4489930408777427,0.7067814771665307,-1.0507424979191728,-0.26068633532031593,0.5903224405183346,0.8703768396075944,0.38092913290201963,1.0529503443615755,0.6529552473514114,-0.8861138800462194,-1.5001561606996026,2.760911932027764,-1.435549853473794,-0.027603692865474067,-3.557131098698243,3.4260821682805247,-2.275798482772873,1.8892689876156024,-0.9453464298486313,-1.6195830285180828,-1.9652804453823958,-0.5353868738930996
3323,-0.5858920187305058,-0.6844136344509593,-0.6493163767392746,-0.7495571559427279,0.1492054517413599,0.13156883388002028,0.006106041609561713,0.24568953053629666,-0.668297625460596,1.8085512947582205,0.02895088258739134,-0.858884887208454,-0.679955176287216,-0.9706570941432806,0.5771869004806747,-0.34677008102421325,-0.9427415333144398,0.2940009887312995,-1.1067083988206214,0.577186900480673,0.4482029674724487,0.2801401397548076,-1.1213706752009687,0.5167534762160344,-1.4381984984604512,0.44820296747244764,0.09417084901120708,-0.21622756633109558,0.8000076948746699,-1.1654296380023805,-0.2521403434224966,-0.0899763008982604,-0.022381237505623312,-0.06151564193917366,-0.23998040378338412,-0.7729224506029917,-1.191305270626128,-1.2303719074896329,-0.8195614264049536,-0.8728993164903214,-0.4316148226350446,-0.6511776756502213,-0.7226050780407444,-0.8245425697192277,-0.7838746536225967,-0.6667304393064758,-0.6946171840405673,-0.5908252450822571,-0.48056019040671216,-0.5923712150996215,-0.21320689427655803,0.1269170774145359,-0.3632917796724729,-0.7834931539476127,-0.2319993310456495,-1.4006993097389597,-0.5149582825146494,0.08107554505783784,-0.8477449061102253,-0.9220622270396577,-0.36888122326572104,1.3490066960790972,-0.6728400809005598,-1.3179462094632313,-1.483585755030805,0.6904431876039159,-1.1963738675608784,-1.6030315445163437,-1.664049978428866,-1.1231703142789446,-0.7834132113690552,-1.1730541600961029,1.4611464611312837,1.2644173092793787,0.6669676188977881,-0.3484255116152946,0.16195260369630513,0.3707327213114052,0.6910346828404456,0.14644252297204013,0.9925777554481123,0.6845289449604056,-0.7193751736352647,-1.3398963132630402,2.784530645872541,-1.1259699984863565,0.7636356976237614,-3.4569001905783114,3.2617353080871236,-2.0756299262982987,1.8052189871021336,-1.0684970082111178,-1.5682504059787732,-1.8859658555326504,-0.525610150834514
3324,-0.7234302584540868,-0.7791731772068762,-0.7053223912986741,-0.7716962308303497,0.18764801573239542,0.20910689301140792,0.2387617310413608,0.2922182773315718,-0.460452711192792,1.9206112326666767,0.1401643238417754,-0.8464482247317815,-0.6676525626868695,-0.9639450637222813,0.5063542813340463,-0.24090660662495542,-0.9018394251646467,0.2876108802500865,-1.0475109614520322,0.5063542813340456,0.48057832449590987,0.1976306897488695,-1.060908109186292,0.5012295743988633,-1.3797590387775769,0.4805783244959086,-0.23993728188391242,-0.43504007976208514,-0.6866151860112898,-0.38061790094281783,-0.6150503026728689,-0.08240428811150298,-0.05112950411891863,-0.018832403792538095,-0.1981988987359446,-0.6944731387170656,-1.1958577140860958,-1.2048516477238285,-0.8403738685902479,-0.8900204622794565,-0.7623521756327186,-0.8133307969317524,-0.8414516192112286,-0.9317771957342487,-0.8993733179261961,-0.8127331806895564,-0.824637261712052,-0.7479090073416955,-0.6597108001374142,-0.06831267366471305,-0.16441917045201823,-0.04684925853118481,-0.4681756295180521,-0.6490230143376238,-0.18544334220554767,-1.3218115554412695,-0.212744228453447,0.10122855525275345,-0.9627164772228712,-1.055411711284882,-0.40233670626037055,1.3059240487073727,-0.6585534620678716,-1.302148451992719,-1.4880169873089524,0.535520392133938,-1.2543381625137988,-1.437662989816473,-1.7951569020261118,-0.9716051935433493,-1.0471872900718504,-0.7387424023486576,1.4805346727468192,1.0167335901725452,1.036194088303437,-0.8018361956809104,0.07859718988621166,0.0627898492644818,0.513185433440119,-0.07513927217079092,0.7352204234503601,0.4776703496120617,-0.5522964652920981,-1.1471056365725856,2.7702747889958768,-0.9149570443684011,0.8561858713371442,-3.385297975257826,3.154830218523335,-1.9132711593934262,1.7329272514052423,-1.1920177991669847,-1.5293497506964056,-1.8183089158248749,-0.5189803118200076
3325,-0.7957578172280761,-0.8804161839810523,-0.7427977327610625,-0.7903708379124275,0.3336014070788891,0.19371040456672822,0.14883192634567166,0.3000807982349844,0.9427525728514307,1.8390692197091283,0.10295505497020215,-0.8289128730155013,-0.647024270112649,-0.9536627101056615,0.4608109572021812,-0.15245335125363502,-0.8608461587914834,0.2942282066374079,-0.9938670014604227,0.46081095720218007,0.5047564993305171,0.14587036683959803,-1.0024724648511185,0.4933919843645728,-1.3198787112646806,0.5047564993305167,-0.13876011643566374,-0.44566485931102257,-0.3330662532432601,-0.009218098379853731,-1.2001214311961392,-0.15553541303110371,-0.07271423265766164,-0.054417467471731686,-0.16377881978377518,-0.6145985722996413,-1.1969692621902739,-1.17524792141492,-0.8573712943159859,-0.9031819394028286,-0.6869807837472924,-0.8337428929961787,-0.792235191659061,-0.9413968252920378,-0.9175602239520781,-0.8410002814317213,-0.848677738563281,-0.7815325311338343,-0.6989391938495125,-0.043762242477296404,0.08200987175526266,-0.022210439466915706,-0.4538310668963686,-0.5172600930900114,-0.15725663574272009,-1.2384168683901315,0.08407189577717604,0.16674755986623724,-1.1184485316354609,-1.1780402667066727,-0.39915126568608444,1.2650041239328635,-0.6824305278667254,-1.2834332190229105,-1.449450199737642,0.3387825959967826,-1.25461978526198,-1.5996779993554953,-1.629400844731068,-1.253253668533084,-0.9531253634622194,-0.7192798155339201,1.4246979001754738,1.2772173387994357,0.6014664168511114,-0.1911575450089454,0.2242070870377126,-0.13935073348945126,0.20641386670292464,-1.1320273700470456,-0.5556498984062139,-0.9352741827838303,-0.33224228657831717,-0.9370951263867072,2.7602360140263134,-1.0021391683137433,0.89582628361803,-3.319935862928399,3.0758432066584094,-1.7367420580537474,1.666812061566743,-1.302052522082798,-1.499696492706585,-1.760323066665142,-0.4983794857187035
3326,-0.9041513761665,-0.9985550125747377,-1.0082433455618858,-1.0376754518917262,0.8274062909102794,0.35153702693192074,0.6223157593028477,0.5252448572580678,3.3377071796940716,1.39913812843512,0.8043385115500804,-1.0080283674777246,-0.9275956633625215,-1.1020665303952852,0.16021958290402066,-0.974112327094118,-0.9006272033638434,-0.35406763969378213,-0.9719436027604254,0.1602195829040198,0.41522192533398317,-0.5847116165518385,-0.9919358508700149,0.041741428663384504,-1.2695851925105754,0.4152219253339828,-1.1803837986994572,-0.5191799001549715,-0.5073011520917369,-0.9670375920869678,0.3001677994427872,-0.8524648073366464,-0.5824118244092213,-0.4473313569104481,-0.4314797534820919,-0.7241823005385017,-1.3620718233372384,-1.2938506038547122,-1.104581277464365,-1.1330124521600557,0.5395941997750673,-0.19740976146579695,-0.23980966854984676,-0.5132740618354639,-0.6177205532849296,-0.4700969111365285,-0.4973410869289826,-0.39040279653052823,-0.25371272169332093,-1.02512088252877,-0.4820022222731982,-0.01436324891249323,-0.4973917479893959,-0.18169161804170184,-0.39801280703721037,-1.3668150300871966,-0.3681250897492552,0.18261982220828327,-1.2401188353217734,-1.2240821460315352,-0.665276823488907,1.226039235889877,-0.7301480085379389,-1.4450420990418473,-1.696399284905628,0.15225524627197337,-1.2175717366128704,-1.6000870063037718,-1.6286136402588816,-1.578794631195337,-0.8285061878757248,-0.7742852859951185,1.3311762059825356,1.3211966369312202,0.5744926480441445,0.29244688501182153,0.5290728442292617,-0.2997306417494911,-0.07980030165424638,-1.7366401462526944,-2.8115569020249653,-3.3415531336379027,-0.09434223008847684,-0.7356272459791489,2.802372575102666,-1.103102346787659,0.8278075570357197,-3.260083752321049,2.9406691994447263,-1.5312324598781384,1.5990336472677278,-1.4223624281323684,-1.4897392854897387,-1.7045218917682177,-0.45541305624993017
3327,-0.9706117424448275,-1.072989174867334,-1.0300178006791911,-1.1064864912252248,0.3933213144441631,0.6325794706765346,0.37775697467515873,0.5176065134986043,1.5064271914946037,1.6599858893112927,0.6228306312703014,-1.0283439148664886,-0.9637591184763293,-1.1213605374413966,0.0017435773827188894,-0.5107921026994183,-0.9266628322004363,-0.25198703403556,-0.9662792235490307,0.0017435773827181793,0.3405717257503118,-0.4853945309951775,-0.982478157021755,0.02990417846951022,-1.2271380563839873,0.3405717257503123,-0.07117096721382539,-0.3298725574964593,-0.29303933964248835,-0.9901293149500745,-0.2056106882594393,-0.7336397561806394,-0.6001348709757479,-0.5117927610664996,-0.47933839333328343,-0.692372253399368,-1.3869655282680722,-1.2850110480647552,-1.1687113359839125,-1.1886142463424343,0.0661179832260828,-0.2813936340728613,-0.5062234729964274,-0.6641693766750001,-0.7695535837743585,-0.6635251735594235,-0.6748136174705702,-0.5979533939030133,-0.4932179506649156,-0.2653020801558784,-0.8233602123826428,-0.559468472510869,-0.604945784220243,-0.28654576250446834,-0.5490013933903877,-1.4312923196713834,-0.5660676653528877,0.16344350790168788,-1.3257819977015328,-1.2714404651321922,-0.7522285500214098,1.188849106382721,-0.7353487109108784,-1.4581665489226072,-1.731497266379899,0.15489381437488653,-0.9159947895114082,-1.5632034920367877,-1.545468320875465,-2.015846376632581,-1.0412519249118255,-0.5556095426347244,1.0067770243715901,1.5396746987129248,0.4592277827361764,1.0862298027681663,0.9999704895223057,-0.8447157506871421,0.3146118068743105,1.90705711167674,-1.2394421586550037,-1.5102559169781646,-0.13211148047875862,-0.6021255540639842,2.886316155634782,-1.18353537419326,0.8611388657311462,-3.236569687893656,2.867688931628537,-1.3456603872962312,1.5441365293601128,-1.55936607082007,-1.466077227056653,-1.6642949738525097,-0.41624199728100647
3328,-1.0749679390587068,-1.091007052952922,-0.9883056865576403,-1.0285218958184295,0.3498321543043929,0.4123102884177348,0.1768574591766383,0.49241421166260163,1.0145453774445354,1.791663084135652,0.5431635663463913,-0.8880785556111365,-0.7563265445806481,-1.0171836143925606,0.09274414305455982,0.29186109407899613,-0.8943027360484617,0.219206758905138,-0.9510990217102653,0.09274414305455854,0.34497724526055124,0.019577936143572828,-0.9458851088509422,0.29530936982281614,-1.1848915059105085,0.34497724526055074,0.218852450137599,-0.05132590673043986,-0.4956164792324504,0.21086429840541276,-0.7738528913594611,-0.2437117733719329,-0.3499041786652293,-0.36698812453840784,-0.34411708685258613,-0.5519261497699154,-1.304283999844254,-1.1808867405137182,-1.0857443639809985,-1.105108304872552,-0.1423231191509481,-0.33916642535615416,-0.5452282514048195,-0.6918458619886584,-0.8184787550706434,-0.7320393622028464,-0.7377812287334492,-0.6744020333027027,-0.5842473032833615,0.3618803177075001,-0.438857646660197,-0.39366875814625574,-0.11650790530025709,-0.460202579944746,-0.6610128666871751,-1.40690238459129,0.19936268158966466,0.185695931180286,-1.3765139630338832,-1.3224081383510184,-0.7972454126441659,1.153276681131619,-0.5837363255127967,-1.358790590562901,-1.7161500337624207,-0.015077048684960693,-0.33127538097541126,-1.073814821056384,-1.2957534218041509,-2.078712145914431,-1.1581363193464391,-0.38427789771014,0.34498069036154905,1.3081595991675221,0.6680158954920533,1.4981880008023378,1.4133706024406374,-1.063206720635282,0.030897780298093543,0.7278050565819111,-0.935508977159712,-1.0129788991516926,0.04493421147775059,-0.8929040849203258,2.3139237594089614,-1.235884342041132,1.0274938682867893,-3.161593455329214,2.789251830464508,-1.2398869865052689,1.4886608142702404,-1.6622068942962778,-1.4237367614653593,-1.6162492321368225,-0.3801590515578797
3329,-1.0402673512847465,-1.1598014714322906,-1.0170111982108592,-1.0962523972347473,0.383145269774642,0.3587232830423671,0.26692844209156635,0.5076011026629893,1.9674325691055887,1.6064453860154237,0.8980422892880896,-0.9228927789931243,-0.8249687814665051,-1.040110920909502,0.09767859726084106,0.013303746477505039,-0.8786043169847293,0.08530973974121765,-0.9352956488091226,0.09767859726083977,0.32816956841481204,-0.12094532174110582,-0.9185944003796308,0.21003684763518152,-1.1448081218566386,0.3281695684148101,-0.1448028927682829,-0.36761646427732175,0.1809883528679885,-0.4793597044677829,-1.159303910020204,-0.28791864177605514,-0.41946519046845876,-0.419119502858888,-0.37558330379669336,-0.5401778664129953,-1.3233856748617414,-1.1782984946352524,-1.1487665333235932,-1.1601219363814408,-0.14177923700376313,-0.2826885827430902,-0.33211841616760773,-0.6354437431709213,-0.789791736568619,-0.6955364568703094,-0.7107714067468848,-0.64812053348431,-0.5598009689686746,-0.3096892532725743,-0.53615197735518,-0.4226901884838644,-0.27935680100753857,-0.5739869891137531,-1.0828596517276494,-1.3796640877300999,-0.01974973253783781,0.17271811089372363,-1.4121021388484019,-1.3591320999815344,-0.8782777015846488,1.1194153917949823,-0.6120298595004061,-1.374442569094705,-1.7254508700283804,-0.16382627593595075,-0.7819431066315471,-1.2047361698316026,-1.7854543499389084,-1.763396744483502,-1.2018272212741052,-0.3385737333998019,0.7792887372288247,1.1502443900668622,1.3007310875689926,0.3757212538755889,1.000995920640507,-0.8888247015395975,-0.24999520989339352,-0.5581091240712169,-1.9588019919894153,-1.9849556072414383,0.20610927160251463,-1.2237509780052112,1.863691482201711,-1.6393548381092844,0.924586353496,-3.0626734083635254,2.6115856915700064,-1.1330922811422701,1.4417104733709423,-1.7615522580978282,-1.3991638211200286,-1.5654608165165695,-0.34205552647264253
3330,-1.0990494519212042,-1.1295834383218155,-1.0170486849276987,-1.11458896208241,0.5033802376807166,0.33777593246271304,0.47308342950333165,0.5029929680300542,2.7564855280350486,1.3779154824060045,0.8176282701701911,-0.9184557150269929,-0.8339191492102741,-1.030735808423819,0.11950043667994222,0.06570821621543455,-0.858246045861806,0.1296234775826433,-0.917419767484745,0.11950043667994197,0.3196837198500222,-0.07188587056348847,-0.8901036308583739,0.22976459003098423,-1.1061513329435766,0.3196837198500221,-0.0223354821434688,0.1311576704225559,-0.33861752546597523,-0.22055990699928738,-0.8775079822670989,-0.14290242714818938,-0.41860240949330413,-0.3979725161090429,-0.35448121285666306,-0.4847649481625226,-1.3064086069029963,-1.1442820209919793,-1.1632041412727994,-1.1688169863854303,-0.31471807282786923,-0.2845940727489188,-0.31736418429607294,-0.6466213568760073,-0.802705874417793,-0.7162762972390644,-0.7298732172386727,-0.6757160410514841,-0.5953068431827044,-0.10793866208607916,-0.5668620644747006,-0.2996403769784042,-0.27275416076223413,-0.5696916455461278,-1.2600124975659879,-1.225044229752445,0.2137575093998337,0.12484516447222159,-1.4491329638702362,-1.4054813828935764,-1.0056403126610045,1.088600044858196,-0.5248560216059651,-1.3527434383460255,-1.766463122868462,-0.29775672313015433,-0.7160860102510157,-1.1331292075670827,-1.7863639127400144,-1.4411635090067292,-1.1925818450430967,-0.32230613640596506,0.6779366760149211,1.103548762301943,1.4402645141639447,-0.1632989947414971,0.7241505714979778,-0.6874214574787131,-0.37793692091385306,-0.41145269811593227,-2.7989858513162393,-2.7844546381771638,0.3583373224235878,-1.1625747515659743,1.5764841406603594,-1.7920408169085642,0.7839922789434359,-2.9319733030510386,2.461876422407886,-1.044137955948514,1.3824267913583872,-1.8519336886298394,-1.3923977771797775,-1.5084805344055108,-0.29839094264768884
3331,-1.1221029374576137,-1.209724110460223,-1.0792297263605626,-1.1885595975496714,0.4234861182488937,0.5010729531345572,0.3448406045690677,0.5430728545954744,2.5213424419020125,1.3794331606413937,1.1483017298883347,-0.9679804834028705,-0.9267785899547836,-1.0625488038394013,0.0749006716947842,-0.14566049110435872,-0.8551654332456264,-0.01404598758043875,-0.904197401979392,0.07490067169478293,0.2887424592378054,-0.21520994443898991,-0.8723678573274979,0.12739892422184063,-1.0710345092148448,0.28874245923780467,-0.3291263403283376,-0.456869004861183,-0.1575653068326334,-0.5787868580340833,-1.0563708132259473,-0.3502529208569998,-0.5106422276197481,-0.4778905241428231,-0.40835637663411967,-0.5046577505382985,-1.327810899860303,-1.147993437766134,-1.2323551923825982,-1.2302090348421013,-0.42297391836664305,-0.4276550490439662,-0.4811798573748087,-0.7389361299055587,-0.830232436268039,-0.7976196530820038,-0.8018107309047785,-0.7632683578527731,-0.6982763557629735,-0.3682818366583907,-0.2914384198757951,-0.461794101877245,-0.15093082523118334,-0.514393810556857,-1.410799885291696,-1.2231066788461469,-0.34880499661230074,0.07987990918088811,-1.5010518947734026,-1.4174799235913578,-1.1301266569113733,1.0602363958952767,-0.5276250675831502,-1.3733867456137527,-1.7952157223677885,-0.4407900115170733,-0.6052257629697791,-1.233735861893511,-1.7192274102662757,-1.3650408027677357,-1.0359747378290642,-0.5045008832398771,0.5284696461222546,1.345742820341896,1.2411481792205545,-0.23099636357266426,0.5756276262394812,-0.4600024015905435,-0.4263965036585319,0.4534175751734873,-2.667400573408924,-2.549936034792254,0.5032246331531859,-1.0276705783972417,1.145326888692599,-1.6896367359862507,0.6254991240816521,-2.8182459711543117,2.284172002193067,-0.966230275159367,1.3246958089794443,-1.947863174071018,-1.4020811235294015,-1.4279567368447088,-0.26421195110859025
3332,-1.1565471113048253,-1.1814931083859468,-1.1108592884612785,-1.1833954902524124,0.19318618064770796,0.36231508836023224,0.12915101236941767,0.28768609016616675,1.5208365745553614,1.9755492701656876,1.1891077612058871,-0.9442326274072912,-0.9045881338919344,-1.0383902521188604,0.10422142531798165,0.0903806110257864,-0.8359447813106345,0.12889791030906336,-0.888575956393689,0.10422142531798144,0.2820309152942766,-0.05880517214385477,-0.8479085796125554,0.20376683564380899,-1.0373418239804846,0.2820309152942758,-0.18111981923070214,0.11865599330769439,-0.2225245555268059,-0.31629409646346873,-0.4779620976180559,-0.28334703090526175,-0.3952989938061242,-0.43002113131128994,-0.36062275345418954,-0.45974221119593184,-1.2949575366595059,-1.0967091910006317,-1.2242072431430382,-1.2167202846807814,0.6151706508519277,0.319290668390321,0.15968331609935832,-0.3425350636801883,-0.5631166748633072,-0.5250784068368748,-0.5476391917108118,-0.4802428063362724,-0.37906291042609436,-0.010074844504468616,-0.18430216766379415,-0.6013392672342043,-0.5002713724034594,-0.567229893200233,-1.3631198625211287,-1.036278341687158,-0.8174041839652038,0.04337951276678695,-1.553495945017675,-1.4144518924785607,-1.1974870284892887,1.034048434830695,-0.47371126247187395,-1.3350645041334062,-1.7683830793356161,-0.5445181810388126,-0.8872687330878672,-0.9702711364819334,-1.7410857793379888,-1.4154233214699299,-0.8767835654073427,-0.4841939253423918,0.8046700688503606,0.7424247086700135,1.6364300962494347,-0.21595802230159242,0.844454018315295,-0.5272392450828837,-0.4486523106552064,1.0695688003601576,-1.7946394715708824,-1.5431881407097587,0.5935537378811073,-0.9779180715201192,0.9265858020045903,-1.566078150743625,0.5252707805864938,-2.733971116429938,2.153964401344304,-0.8625158404602696,1.2710030430081112,-2.089262588899972,-1.4165383936582912,-1.39791506510909,-0.20110217810027536
3333,-1.1929139830695619,-1.2646372635617298,-1.2487050592074984,-1.203110665936122,0.019151345254815887,0.20460613133894798,0.10660081847695863,0.15516604195588052,0.5528083774053091,1.915639697646191,0.8344210210698887,-0.9479188953284705,-0.9263372776781672,-1.034375507074102,0.1280257410742734,0.0728790685204606,-0.8161773783698197,0.13850470670249468,-0.8712432028714583,0.12802574107427314,0.27775328208665795,-0.04157766653856761,-0.8237659951934957,0.20821960412873244,-1.0049416189404308,0.2777532820866575,-0.7229556643094517,-0.484313699006323,-0.24495693483558456,-0.2080938324595508,0.10167286602211395,-0.2342361145656379,-0.3622859742053973,-0.4161454714922851,-0.3782254470268005,-0.4356517252698775,-1.2799359763131015,-1.0623811068369433,-1.2399615923172478,-1.2269211459620295,0.70799780831762,0.49490129867015414,0.37729679835546653,-0.116267123111742,-0.4663099150094312,-0.43967721410505106,-0.46443086336194644,-0.38979020853160945,-0.27564810083934566,-0.13122990016345645,-0.39466508215581547,-0.49231664151857146,-0.46298223944769473,-0.2407602054851869,-1.4672589998360297,-1.0328678796059814,-0.06445202983021234,-0.01343611644273985,-1.575969271827429,-1.3577669014713063,-1.322549306350223,0.9609181178527357,-0.39964923369872357,-1.300284522234356,-1.760141129125609,-0.6769862141029833,-1.0208019276041842,-0.663663120745505,-1.1647267075120584,-1.2536220552687476,-0.9266055878292395,-0.7220186722432917,0.9187582832810484,0.17969127993793307,1.0891038923765184,0.3752082674392995,0.9045538165457965,-0.18139903062435633,-0.5772332858757078,0.962032553772356,-0.9667924854648249,-0.5641333094886254,0.7188219118691733,-0.9853461599136462,0.7775219084085042,-1.2232425752403981,0.49407502760531324,-2.651906827210226,2.0508986714742923,-0.7860117824093205,1.2196630471488152,-2.210041583079559,-1.4245642478469713,-1.3628006737633074,-0.15445700252624192
3334,-1.1763946134879666,-1.2089045044792608,-1.099131045450399,-1.192265795600682,0.13551192164417777,0.017066918250990583,0.27212716828454975,0.1748990264608277,0.533170661129244,1.7326850103442806,1.0955876059802683,-0.9330875196285202,-0.920403149227637,-1.0143081665411982,0.17786095470950886,0.15151640681627845,-0.7889037227143277,0.2195558957571724,-0.8501441436518241,0.17786095470950805,0.28786859715362595,0.04294950089305128,-0.7957929437755361,0.2634800242815971,-0.9727327514783095,0.28786859715362556,0.6937580043270617,0.23012777693179473,0.0353048657939226,-0.282048415634524,-0.9078701277423394,-0.1398126688797916,-0.27948440238513705,-0.33677792045869115,-0.35939951513329205,-0.39865943636196327,-1.2440264876365388,-1.0144838232372921,-1.228275354357918,-1.2093835214568687,-0.2645206132359774,-0.20067044356278602,-0.17411372025585015,-0.4815611949134784,-0.6867324582088196,-0.682780284388271,-0.693116768455013,-0.6526907062408936,-0.5816086279978406,-0.01934903007109361,-0.2746663418043472,-0.483804828913414,-0.43707053842910915,-0.3323004179116552,-1.831891365129883,-1.070347548181231,0.21713131121916393,-0.048390017289544715,-1.6152388854234616,-1.324396974996763,-1.3675204398400675,0.9410017527152718,-0.3653681790652745,-1.2680476406245553,-1.719087537657398,-0.794886273999764,-0.7658271978095118,-0.7515132551594516,-1.100786738339998,-1.7292394140829814,-0.83670829358357,-0.7233482845533218,0.6212981102626746,0.5194578479801831,0.8917897298452762,1.3352009129671802,1.3952621021184317,-0.551541239316812,-0.7886926231456611,0.13522667595074225,-1.0212291066942876,-0.537778406152991,0.8523164676747671,-0.8980849535756458,0.3629067633186355,-0.9381626146315892,0.420847209220585,-2.5414483353157467,1.8726022011796577,-0.7415463848092905,1.16500846838622,-2.289734885142231,-1.4385631999667625,-1.3085063318827028,-0.10960904091577506
3335,-1.1581000189292883,-1.2186080025814996,-1.0767325194883597,-1.1299131138581662,0.0012014464890569652,0.15461170118346582,-0.013122886596480058,0.1378669698285733,0.15187958931839862,1.7279047634849996,1.2198832356162783,-0.8298529709804877,-0.7478464015694843,-0.9394297506272701,0.29958106334833784,0.37007522439064666,-0.7398863533983504,0.42882077903259197,-0.8191226853149567,0.29958106334833695,0.33284003639456317,0.2522267967485547,-0.7552217502481954,0.4152824851318446,-0.9379949725642713,0.33284003639456244,0.0537574073835491,-0.13757917971993763,0.03129398012043875,0.036799709488628936,-1.2581136705561617,0.12205515485636106,-0.08038466212483351,-0.17898344744114933,-0.27812628672870254,-0.3215925967477837,-1.1745158909756506,-0.933106928524191,-1.1659062993444769,-1.1448503806105863,-0.5332079270362204,-0.41129107276313515,-0.3446858142603645,-0.5879752303173335,-0.7454872529097248,-0.7553402012693659,-0.7577332814847024,-0.7285942427322452,-0.6749107104808978,0.2340319483388201,-0.13367802375649462,-0.42520187462492365,-0.2921683910051731,-0.28230190568219454,-1.7980118209138483,-0.7533148413232352,0.22884687447529298,-0.08034220914915885,-1.6008798496984795,-1.2886955989959683,-1.3965831999343534,0.9226622979986232,-0.261497131965132,-1.1999539080211736,-1.6703662920425721,-0.8912319607843191,-0.8254711892640219,-0.7293688443377897,-1.0693341950908097,-1.5898601880048282,-0.41725586396939685,-0.6026073789360442,0.6624860188226588,0.4370856752626486,0.8694804272089435,1.1819280313181078,1.2714268673225138,-0.5896194145740045,-0.847104487707473,0.40656318718334594,-0.7235667105740342,-0.15524624866279482,0.9422657183804624,-1.0714260770413124,0.12446665960876295,-0.5451641505101441,0.4019050212304738,-2.443586892259155,1.7002525619788393,-0.698215416869951,1.1274414607844956,-2.3829375533729498,-1.4695930304123361,-1.288206730686208,-0.04022033511513143
3336,-1.1256602781118024,-0.9224853290288851,-1.0490234130661102,-0.8586747361136824,-0.0024665348053938283,0.004630574268614205,-0.07427994124904293,0.021450874085342964,0.6343719521953315,1.6219502243808674,1.0012038815042679,-0.3687714708471563,-0.006010191328373594,-0.630940910279693,0.7132814965446128,1.2488292107112795,-0.6053186497460571,1.2063024381310192,-0.7523364766794773,0.7132814965446121,0.5076986352434948,1.0206135681105082,-0.6640336830249164,0.9830580773009033,-0.8903947214921274,0.5076986352434938,0.08207250433033048,1.6039524957429407,0.11435409950295906,1.7678034210527724,1.4419131212116627,1.0083177055527663,0.5235506985085815,0.37486818013594464,0.05021051246129133,-0.07554397141108253,-0.9650907170924155,-0.7117410164656176,-0.9019886696674658,-0.8879893166142073,1.0414197008679582,0.9744773945674547,0.9020001877510775,0.3696255641226541,-0.09733572605545619,-0.18589938423116983,-0.23096598358371942,-0.13804337455096374,-0.0006063622840862554,1.2500767053618538,0.5587225690732177,0.1256477865714336,-0.14112215722530871,0.03965601189348084,-1.6314438667545221,-0.6426800437202282,1.3494444608576615,-0.10639994412957526,-1.5781004175817255,-1.444448466273742,-1.3762588022359898,0.9046781759672309,0.13964936566845,-0.9813171084727385,-1.5906699386331586,-0.9767452198696329,-0.949530582043548,-0.7597871603232675,-1.2311313844921457,-1.576827143512804,-0.39924684700037016,-0.9915354033555613,0.7762640167765428,0.3792704812120685,1.1114071860508647,0.9446157861913206,1.2541154101924845,-0.20364297940500514,-1.0228402489818371,-0.4921460847896609,-1.224816533929941,-0.6483853445435029,1.0309899792955024,-1.019056818045017,0.19882500430962957,-0.2365294946313396,0.2461521213894013,-2.341925068220862,1.5467336775515172,-0.7019041434504008,1.0891892389989897,-2.3962080622089794,-1.4777535750476647,-1.2545641121569606,-0.021565651873463643
3337,-0.8635609753802795,-0.9730553160067152,-0.9157512699887075,-0.9900440832420032,-0.1563749031539952,0.032528001788042785,-0.19322274736533931,-0.09850848906562636,0.07885383715502171,1.7263548881391886,0.9160693040157591,-0.5437318271460903,-0.3346403389707024,-0.7376918698790688,0.6624484811579071,-0.1634735871418472,-0.5577036376218009,0.43361554470924835,-0.6917432884428669,0.662448481157906,0.5468891917260977,0.2016750317176298,-0.6128303197728582,0.5594897031453473,-0.8414456474255576,0.5468891917260972,0.6307173627914578,-0.32193816813078846,1.453037031817572,-0.9819434838680479,-0.4150512266792551,0.2853802963188973,0.17166203282157286,0.12976491333869647,-0.10333671784822962,-0.19858288762659865,-1.0317760948743757,-0.7553319140224347,-1.033031200761982,-1.0048421818448297,-0.23123788586433536,-0.035777298859292046,-0.0745443110830002,-0.17113120352286632,-0.49252814032350817,-0.5924685523454374,-0.5931662005355032,-0.5587671941009809,-0.4849955101220777,-0.6530317199934028,0.2796410339339311,0.033901518150561694,-0.35775226872663163,-0.3434627771517443,-1.7440213643411298,-0.7414711388304209,-0.7779263878030555,-0.14309080544955802,-1.5558695088286663,-1.5717385591530106,-1.3748057525681032,0.8888913641770826,-0.08629596272025972,-1.0584728525858136,-1.5338275485167765,-0.761553758427205,-0.8109913958954743,-1.1801565427320497,-1.3985938172260945,-1.6244404124314376,-0.5715580442834509,-1.1700623010458897,0.6827899911214248,1.152632457391336,0.8909566842821746,0.7896050644682011,1.0203893966458046,-0.06513528529249744,-0.6996875224731717,0.469742740455424,-0.5682885472415488,-0.08872416461963183,0.7910900933167739,-1.0266962793590624,0.11276285519414392,0.18554312505934306,0.030356811820518362,-2.255682511376976,1.3563813586117182,-0.7304598514341828,1.0587526969370382,-2.423855478659034,-1.4946515793673405,-1.213735306270762,0.00521706072513036
3338,-0.9596815296409178,-1.0264298914293568,-1.0620439655291063,-1.134480798355177,0.09751859292920755,-0.16079532363729923,0.21172810875303985,-0.08100722729526545,-0.28856599966789115,1.907133165493629,0.48233024504561517,-0.7167496707931267,-0.6239162766446229,-0.850546945875614,0.39310414495778384,-0.8202134531850613,-0.5717108581785614,-0.11634484242467162,-0.65625315882741,0.3931041449577835,0.48569054182803395,-0.38676969382536047,-0.5967354679046717,0.18115546422645606,-0.7990569748642116,0.4856905418280328,-0.791029020035919,-0.3461901676920308,-0.5824054827689269,-1.3575790057702153,0.5778021848120796,-0.4026671326853042,-0.17142064234445703,-0.17207720673718552,-0.27923364669548967,-0.32440990894791616,-1.1072417916556991,-0.8118856983136693,-1.1739992194940145,-1.1326297521089213,1.2777601636100262,1.1154825888581532,1.103964236678201,0.8932350493354534,0.210329774746413,-0.03182056976904914,-0.06335635173506249,0.032553766144758814,0.19601612413740593,-0.7452938241833632,0.009625948203066132,-0.24546104024993837,-0.3809132273936261,-0.39571476593083504,-1.8168142522677646,-0.8984721932501831,-0.9736401791780143,-0.17709274442972447,-1.5291110980235059,-1.5968975978551596,-1.4185988834940741,0.8759185665288094,-0.2925675896397463,-1.1461108661215584,-1.51551918625424,-0.7551240290270043,-1.0100849288813851,-1.2746451631176199,-1.058551533886907,-1.3144247650915983,-0.4572500248248563,-1.007214135511091,0.9022755991723405,1.1377770999988803,0.20623636658110825,0.7599106356831437,0.6001758785022179,0.009197998751055373,-0.7126825421164956,0.4727806709120366,-0.2260560797445728,0.2993559212639081,0.8025813980971327,-1.2536398133230808,-0.2110803197496683,1.369633931929886,-0.4866318154942531,-2.1859530732250767,1.2502348661290439,-0.7464755366976336,1.0230017413569341,-2.461607295108081,-1.4871360542784806,-1.1762911632690516,0.03597834884916723
3339,-1.1392207637693215,-1.1569287536199926,-1.1295949422169276,-1.08494837527567,0.21990887495640243,0.10943721489802041,0.09770756947255002,0.25633980806361634,0.16840715577368248,1.8074168029523496,0.7637601758274873,-0.6509352271904659,-0.5347257526421668,-0.7975432864046752,0.32452460140140144,-0.20988787970879164,-0.5568472022358751,0.14436110746506947,-0.627575157338644,0.3245246014014012,0.4661494041407923,-0.13528777621161434,-0.5700874708747747,0.3024451358830869,-0.7596235332255704,0.46614940414079103,-0.42072465234104645,-0.8177433308868681,-1.0940490563647713,0.22714636408407013,-0.06650494657628776,-0.2846583427315724,-0.0587782031850228,-0.08198445007970451,-0.2013525667408211,-0.26119721455173395,-1.0500070915188693,-0.7361552402857447,-1.124909975854567,-1.0816412997368112,-0.17054005116766205,0.06635805987752898,0.11576201504911805,0.05948574194897209,-0.28294242249225443,-0.4616961616457703,-0.46979186971861975,-0.4254489340377866,-0.33515791064209777,0.17593516834830059,0.09518124886355912,-0.12420605001078366,-0.34070849843999185,-0.3472286160849303,-1.8558466593149774,-0.9964470130842508,0.2974363653159374,-0.22847900660074144,-1.5246309911168563,-1.5716704113645004,-1.415886306596096,0.8503399763523878,-0.22433987273225517,-1.0905167209963145,-1.4637205240266677,-0.7179112328426578,-1.0108487648516291,-0.9536746055287004,-0.9282207446917811,-1.120532028329493,-0.32586477631224137,-0.6881562831631747,0.9158729655707373,0.6340944759248623,0.3955867302641981,0.6151895521418671,0.6111358511053138,-0.1704092074631785,-0.7629533726868359,-0.3264258425468562,-0.6208152391909848,-0.16050086961074175,0.7709590508460954,-1.1911975112975113,0.016684263266534445,1.288086922923484,-0.7263415371995946,-2.1150345954131717,1.1293955286775315,-0.7604834972353716,0.9831488746816283,-2.453809621718014,-1.476863976286895,-1.1439432350067704,0.06902085114461964
3340,-1.1118971269701603,-1.0733198722774195,-1.025507276711679,-1.0333748797656694,0.2752470608563461,0.24784864020878372,0.09659114521959929,0.38151219720478974,1.3325322862821827,1.44994651641536,0.22781942763146928,-0.5787726229796749,-0.4332307363385018,-0.7414845523605321,0.3530565787627574,0.0837153334019653,-0.5229104475876674,0.31783964783283486,-0.5969446208292847,0.3530565787627569,0.4752579927457416,0.03518124747313069,-0.5348030377317741,0.4025638740810307,-0.7207230158193331,0.47525799274574093,0.4850628695580531,0.4122989957976917,0.08034363101183446,0.41893117404011626,-0.3135532444710426,-0.14434544510562494,0.04883376320203533,0.024498674092573062,-0.1290423673378646,-0.19539970390673247,-0.9920052789336387,-0.6612962652553515,-1.0725648969861008,-1.0282477348905832,-0.8440872986606915,-0.43929237306726215,-0.3745138990004674,-0.34136559542782374,-0.544402392789728,-0.6833375011897496,-0.6771212510855267,-0.6583991283200672,-0.6087502800732671,0.19318155728033537,0.07938937238475659,-0.04822869535431198,-0.3019130940212848,-0.23112490379819783,-1.8571589232612769,-1.0710303477989338,0.6853050042968616,-0.2722933256309775,-1.5141775174802552,-1.580869379039889,-1.4054006631344445,0.8401323797370135,-0.15782683158239194,-1.0381647925919846,-1.41434945415896,-0.8297189744640127,-1.0405742507282307,-1.0128534561827627,-0.918240911855612,-1.118097513876531,-0.22790738034057112,-0.4380637240047891,0.9221670976276664,0.7099280399082732,0.30209298204414176,0.630321194455573,0.5670231582085373,-0.43250728416960077,-0.9468550954836994,-1.0527782900423668,-1.732040274287719,-1.343470336312176,0.890354561674728,-1.11580759961575,0.26746245160456655,1.342457434132332,-0.7395261050674746,-2.048346396732395,1.0701234208375872,-0.7450593954316574,0.9395524051437603,-2.4068182749007314,-1.449640279095931,-1.109106497133126,0.10052103860838274
3341,-0.9851913292177855,-1.0654370386741605,-0.950017807861694,-1.0112299644237606,0.0998857032342877,0.26351271442163654,-0.0059164136865704755,0.2255078852766834,1.3359415378756059,1.5644615426765567,0.030174390328370434,-0.564266672148315,-0.4247408366556219,-0.722622845028897,0.3802608856577211,0.07551800226853268,-0.48819149742538903,0.3364295483980017,-0.5647637441107191,0.3802608856577203,0.48689068660501256,0.04530384428397614,-0.49910949689798223,0.41825733704316354,-0.6821887908086567,0.48689068660501256,0.3458219350921988,-0.025221401850100397,0.686328012467078,-0.3287404483710826,-1.0671339108299884,0.08888227656515293,0.06252833950747971,0.05682683365481149,-0.0912782598017987,-0.16354981072345232,-0.9537715665967061,-0.60754518927517,-1.0490850530070748,-1.0031204294019949,-0.688239700146054,-0.4809618640380537,-0.3989572880124121,-0.3439104067929114,-0.5460762850499311,-0.6844016110630845,-0.6787591800164822,-0.6645887817375874,-0.6231638532757997,0.05478942551172948,-0.43260465295762607,0.06275601589691579,-0.10307832929866803,-0.2709174104221867,-2.0120638517823597,-0.9669540808522632,-0.09265707216862662,-0.31282024879492115,-1.500100636940434,-1.579790550822397,-1.3840761359675235,0.8242492666800981,-0.14539258113912826,-1.0111608845581457,-1.3676141963042643,-0.9327816987136496,-1.0291532582133986,-1.0705422713997002,-0.9201982817785752,-1.243563582470021,-0.17664146126259034,-0.22061773233214427,0.8860580537078598,0.8206619347431605,0.22613119738931342,0.8755755499319956,0.6786823501741982,-0.7652067241147661,-0.9283973173370703,0.06688730567240105,-1.7699617053033183,-1.3542489924113044,0.9839766855407593,-1.0652775475911909,0.9404981342700862,1.4733577505477067,-0.5186451037492023,-1.9730628935134074,0.918286261526192,-0.7526756382159023,0.8957905873168671,-2.374998526594738,-1.4259119094174213,-1.0779904941765313,0.13161172850169178
3342,-1.004596397112985,-0.9771382501436643,-0.8934222793972453,-0.8969282779542496,-0.0989754465993086,0.1351049624937998,-0.12616574544909898,-0.07824161375962076,1.2229768712840832,1.822131499664505,-0.03918885284663252,-0.35914784674126665,-0.10300817260737372,-0.5857049667186962,0.5340558621960795,0.45214874186217746,-0.4187957625383616,0.6524540443751311,-0.5198656842543914,0.5340558621960789,0.5522025896652957,0.3506719627449029,-0.4438164816305239,0.6417594809862563,-0.6398572432244936,0.5522025896652962,0.2611226517271706,0.47727805208994606,-0.17704144956710918,0.677990891525493,-0.7559789690986849,0.5508965013805026,0.3039019778406895,0.28433613448116657,0.09008003274465527,-0.030345797569693807,-0.8513510171360976,-0.4869649595565974,-0.9385940250132593,-0.8933255970003776,-0.48603460037479607,-0.3406016836452556,-0.2895133683113483,-0.21463007954711827,-0.44854952571374546,-0.6224413999580926,-0.622708076874078,-0.604185642250047,-0.5588484799588121,0.5351371084116919,0.0850462976276981,0.20637329125604342,0.04573770903697144,-0.285025053240484,-1.9402382186162541,-0.7869243396719126,0.14988760107329646,-0.34396675928067594,-1.4713379505073074,-1.6116561653904156,-1.3586800701591464,0.8082594037033692,0.03912052778252863,-0.915589292813003,-1.323021089618869,-1.0188039711617223,-0.47006685052949676,-1.1311972536119952,-1.132208938002266,-1.1281044034472654,0.09499381321820569,-0.2878483861820317,0.25890486402490126,1.4038967183504583,0.5139095735282507,0.3314390376601773,0.49571385179453353,-0.6065110571956899,-1.0014285120969408,0.06279318351163844,-1.6948656755523077,-1.246691807750343,1.0589315729730708,-0.9879061427676709,1.1962932144718534,1.4455353925157115,-0.5297997896399341,-1.8941213872191698,0.8531339125992083,-0.8062437559026611,0.8677697887079769,-2.34562911591885,-1.4110731037427204,-1.04502851343225,0.16898624914029733
3343,-0.9282696049483369,-0.9474831184273286,-0.9589358137839791,-1.0630542780543832,-0.14730344059039388,-0.12257240204363902,-0.2419772215810765,-0.27057437426710235,1.5283429003144042,1.5728102810367692,-0.039315509497081416,-0.6271335598062187,-0.5646820340753782,-0.7502118634819183,0.3197530898762279,-0.645771397668925,-0.4331099705621346,-0.09055600486658522,-0.4947273144299323,0.3197530898762278,0.4861581471808331,-0.4016888925025439,-0.43252699543003964,0.16272892593169141,-0.6037825216726547,0.4861581471808332,-0.4003301382043726,0.12685939593656667,0.41238176334106685,-1.130598675830634,0.27547331659090224,-0.3009021015314095,-0.18476640881802955,-0.12592617270497752,-0.14651875646666565,-0.21312981327184252,-0.9463104654021627,-0.5724474630170009,-1.1032511097670632,-1.0441029047555732,1.041590200339015,0.4859922509534504,0.43145491504821526,0.5300480778349017,0.14231887180159247,-0.23428028686081523,-0.2649657118036944,-0.19471496301205593,-0.09553322052853018,-0.8868204697528369,0.027410468272516718,0.00944712710476994,-0.18863022976736182,-0.32382715848526006,-2.0279029392253918,-0.862109195675113,-0.49953908233393324,-0.40633915171650153,-1.4459432597783275,-1.5879862441141706,-1.3307155230367418,0.6070929285768437,-0.302940398606778,-0.9937170233718238,-1.222841774416542,-1.0612059072503481,-0.8403201824974211,-1.156538644999833,-1.2734931934253302,-1.0271891728952542,0.10211136889929986,-0.517118958715209,0.652020660296709,1.129331991216382,0.7278192797787821,-0.07520879247554453,0.3553223021771646,-0.29289746121305976,-1.0871476725471338,-0.43469272784608204,-1.9540324926894228,-1.5569842156262037,1.0987114140909955,-0.9500503312146461,2.0330163881446595,1.3303013901592098,-0.3066342664763323,-1.829540331369744,0.7377895735987235,-0.8293472509449377,0.8356880758335333,-2.332976134830602,-1.3967823057671243,-1.011950485395358,0.21040824717725237
3344,-1.226173252175783,-1.2429045428461785,-1.2940293562187668,-1.2806867745912405,0.4166392273322193,-0.07602862591287686,0.5176134873797077,0.12040196984588666,1.998078978346615,1.4998129461798537,0.07465246250675196,-0.9048586625486144,-0.9549513137023818,-0.9453811806017891,-0.11169097161155869,-1.264869427935574,-0.5237515678580782,-0.7530530193256244,-0.5084093745101352,-0.11169097161155893,0.30284564827049354,-1.0467915046795067,-0.46917320712598043,-0.3558115587397545,-0.5826651035988782,0.3028456482704928,-1.8759883327737545,-1.8498231444905817,-1.8588928828173965,-0.6127666374792211,0.8206387839275924,-1.1861449390721104,-0.7862508373375963,-0.6439981306630211,-0.4683005584435861,-0.4556484215827768,-1.0805375988312036,-0.7035986655385088,-1.315802525089642,-1.2436738131732608,1.899958093948904,1.236731187896004,1.2350240738909457,1.3451358603795858,0.84595637106951,0.27071141591907616,0.1973763001561487,0.3451319953557257,0.5286016017780052,-1.2025402885102399,-0.60370849305453,-0.30771563471276797,-0.3566293023300918,-0.4871631298632088,-2.1000383689626654,-0.8434816632814358,-1.0389511819700021,-0.5273559375611303,-1.420238274769351,-1.429339323287555,-1.5298689006196122,0.09325745685943783,-0.4741400585714076,-1.06019454105915,-1.2134873489668148,-0.9067480485185493,-0.8652144689485788,-1.0073657801209523,-0.9529020363380916,-0.8904410606712484,0.32131789252443854,-0.3857144389876349,0.7209382203168163,0.8687479676415426,0.34234087587413536,0.18787731757886147,0.3056250160463734,-0.322231409345875,-0.9512593014621992,-0.2692119599868443,-2.2274518924194715,-2.0078223653742664,0.9716155756596718,-0.9005846175736397,3.1434082902810485,1.358345348469339,-0.24065629750063383,-1.7754809779358907,0.7200857567871805,-0.8352275091023165,0.7876807131933278,-2.362783994983744,-1.4080074766066888,-0.9932566043429006,0.23078095903497953
3345,-1.4355208441069602,-1.5072419615739139,-1.5227454008639274,-1.5725980678475262,0.9117247171944232,0.44781808764554115,0.7869285736037837,0.6634146241906919,0.38771735459017964,1.8085539925961884,0.4332792089399662,-1.180918967409096,-1.26923048912539,-1.1733450364692262,-0.7035210689829761,-1.690693013430623,-0.697039544215896,-1.4323239254588749,-0.5758744555236927,-0.7035210689829753,-0.0003480269648988434,-1.6584455091255421,-0.5635494388723654,-0.9625463410384358,-0.5854084621332523,-0.0003480269648998586,-1.4269417025014943,-1.7894990964749122,-1.4341088615557882,-1.3703864955812142,0.485672050166057,-2.122286022437523,-1.5376480647822626,-1.3242247792557318,-0.9191692896259495,-0.7985411062198816,-1.2734056835640188,-0.9060446226883372,-1.5985197506465025,-1.5145755021715765,1.6677582383516412,1.4655764238038325,1.6166059448268715,1.7559098399519564,1.3181902365375375,0.6670711659671981,0.5588033472688676,0.7754436208253779,1.0332686652155607,-1.6847525315327723,-1.4457067057345871,-0.8165658006805472,-0.6565558424793337,-0.7266682263239915,-2.286747998247576,-1.0837581956498574,-1.9942024077810903,-0.8328230772648841,-1.3225557369229928,-1.2189530604775636,-1.7009743493949958,-0.43946152089377805,-0.8546879745479115,-1.2091057125613345,-1.2107967855414787,-0.6158960681792108,-0.09742136656931245,-0.5546641454696095,-0.6070465990401654,-0.5359657258286288,0.566395163072599,-0.3416752830023648,-0.046250431507369016,0.8058124853486794,0.3377514219879593,0.05676666630936041,0.22108464288562904,-0.08144203790144361,-0.45331603591768027,2.2548069216627598,-0.6799148789110115,-0.3558458686263369,0.6975858319299489,-0.958745560937838,3.23939803422068,0.5393757006188074,-0.14831441068050566,-1.7292929013579426,0.6965056144236048,-0.8261697671655843,0.7287009773110298,-2.429895804415631,-1.4834811560791583,-1.0694063761052224,0.22095725357387602
3346,-1.5917069493747988,-1.5570321348736902,-1.5118081699981443,-1.5894186666584806,0.7153044570480606,0.997875195969331,0.6994767652274501,0.7115278473063266,0.27160317856528,1.699535184373316,0.6870825076572571,-1.2089572089052922,-1.2989249472957822,-1.1934439333718265,-0.8782935536048107,-0.5080046199852823,-0.8144382947561247,-0.9331324885742924,-0.660767873847202,-0.8782935536048115,-0.20224628622280494,-1.080251964996287,-0.643541377319726,-0.7870340574074027,-0.6041916892891402,-0.20224628622280544,-0.11625799889522849,-0.5254289544552991,-1.199720133140418,-0.28432193514062465,-0.26294743257689424,-1.7120853981243762,-1.4397344463932946,-1.3317525248290527,-0.9509579720299167,-0.8390696271710318,-1.2691984941053196,-0.8962294509237354,-1.611548169727776,-1.5283519971109827,-0.4109491292558558,-0.0211672647947822,0.027062122466977003,0.21201185411078427,0.09606399252086877,-0.25369012943754116,-0.29235629527083506,-0.20780868141619707,-0.10436734102219121,-0.27815236129222753,-1.5623249038217681,-1.1840644642913183,-0.6438667674185158,-0.6244690863926903,-2.2249511578714007,-1.1091917276500567,-0.11122077431777962,-1.094589521453446,-1.2510673466790905,-1.0210988546977726,-1.6949488112770594,-0.7884391267134355,-0.9172662001668254,-1.1877858244852784,-1.1444194152070175,-0.06417492817625303,1.2669588539832255,0.2646487230845399,-0.0465104020051207,-0.02093494000484789,1.0351618978356636,0.10841733315814188,-1.401422055496041,0.6820485710696047,0.45299816364066625,-0.03498920746230511,0.22946710206525103,-0.1267982107809027,-0.049544087644947596,0.5946018945844939,-0.2667725737002039,-0.2466271436622565,0.11055816094338944,-0.9805320854790258,3.022944427892745,0.06010868785121074,0.3118939451082672,-1.681419616628804,0.636928080950957,-0.814937348943691,0.6890330134544661,-2.4782157044699393,-1.6196576792633885,-1.146018558692745,0.2815656961742351
3347,-1.5789893572730147,-1.5414321356606024,-1.519676907539164,-1.5790834962803633,0.49915697604417586,0.7941274661152515,0.4873748008519926,0.5701410774411918,0.9957217147610491,1.5649884006360333,1.4217744985570857,-1.220193110043769,-1.3126031565470315,-1.1974951986666742,-0.8028936579688967,0.21856910284672756,-0.882706720771128,-0.49608159392631956,-0.7407693570040171,-0.8028936579688963,-0.3080792501625061,-0.5535970174985091,-0.7046300225772272,-0.564495399040823,-0.6318628639797584,-0.30807925016250665,-0.21396725973353753,-0.07450652161607034,-0.12637745469964096,-0.27354428336773073,0.040459619816485985,-1.0649379926004776,-1.2945593349182922,-1.2603194090002803,-0.9384826410559225,-0.830872146100077,-1.2441620199670695,-0.8696073773720077,-1.5999689531120844,-1.517166533470726,-0.6136315824471122,-0.16514394237880184,-0.12731577395812615,0.07979737052602205,0.08177590663680932,-0.3157005599140727,-0.3506304461123266,-0.27838210582135137,-0.18714725241083496,-0.09731245655746124,-1.7875526875699328,-1.055881369113703,-0.6694600894274363,-0.6095586595104443,-2.2713390642761384,-1.2035111002463132,0.09987257997235233,-1.3079572161572899,-1.2013787794851054,-0.8277974679374692,-1.6931803346359995,-0.9914296730362637,-0.9095553182475807,-1.1732272684128755,-1.128056091397455,-0.19056655683090473,1.6604408181488195,0.9386769411731823,0.05238613593483242,-0.0866212190210953,1.1523405262754172,0.2778501246507736,-1.8488405037275921,-0.03312109598785785,1.2103777531412814,0.25480546652386865,0.8424018492079917,-0.34807512547340463,-0.2661601990564965,-0.5025397465799154,-0.9419194947611766,-0.9878126633089923,0.22787899010869836,-0.9503395535953457,2.4967795361854286,0.05192609906697374,0.5714616259214212,-1.6265372177745265,0.3747826703710671,-0.8717911781117658,0.6460883030724945,-2.4945513480423362,-1.7393084772233443,-1.2011165716611567,0.3567661034272605
3348,-1.5622225427620076,-1.5172748723297778,-1.45253438397736,-1.4714661382764913,0.35269601709195886,0.4703926929195547,0.29419070868045083,0.5236106606296501,0.9769426018503665,1.3208454567470311,1.444283102417539,-1.0589110776434545,-1.0777447248223284,-1.0841158388176537,-0.4680350751949448,0.9678795239903997,-0.8760477962510773,0.16252413910278576,-0.7922693191344476,-0.46803507519494525,-0.2794806080347129,0.16484897871368495,-0.7259404870533849,-0.12002059333823543,-0.6584421113373323,-0.27948060803471225,0.30566320766654387,0.014991877302055914,-0.06192983405488136,0.6158582111321561,-0.5619773475138807,-0.0857891257929043,-0.8928638898217455,-0.8852996338766483,-0.7424523887796342,-0.6952213607319916,-1.142782558431389,-0.7595418493634175,-1.4945197758635334,-1.4138242720079406,-0.7953601786828973,-0.316557603486707,-0.2976920247596269,-0.147660057552527,-0.09326020550949737,-0.4410355429932919,-0.46388302369938356,-0.4169535888468025,-0.349595485563473,0.5283592914857339,-1.2150605703942423,-0.7500179026797967,-0.5587208296842592,-0.5991004195034505,-2.1747254094260238,-0.9134090144512662,0.8388453059325205,-1.4560932483202151,-1.15547465996485,-0.6508302405990812,-1.6383071872425083,-1.3717893885339172,-0.7472954927820282,-1.042894294764348,-1.0268603204150757,-0.3270897739627766,2.056953086542274,0.9101167232869993,0.15661560996288296,-0.05866326644397624,1.4160468994827224,0.5301902898280203,-2.2884245003224386,0.42741766950245846,0.9927896248728955,0.37367330014680966,0.7987940367622312,-0.5697569281155092,-0.3211353302534149,0.2533429593621689,-0.9942513760627613,-0.9739438612596727,0.35991654995952566,-0.8946801119611383,1.958669848749803,-0.2656184397710202,0.43099374896446196,-1.5692698985306959,0.10235154768847962,-0.9128519770993232,0.6133003006667627,-2.5086611770539475,-1.99528462209315,-1.385137449685811,0.44942004852320533
3349,-1.5376759074185617,-1.5808138552512785,-1.5380480857574235,-1.5270431611704929,0.40780684858187427,0.34491979975567183,0.9416451105378941,0.5884041665556672,0.859134787782244,1.4867470387757757,1.6516907644373826,-1.1392760429847688,-1.1797727644594431,-1.1438917660955128,-0.3121371425403991,0.44881441703503944,-0.8906038628358793,0.004732029532739194,-0.8317987402900269,-0.3121371425404002,-0.2702555113630043,0.06110673900597278,-0.7544387678581241,-0.17322846544341938,-0.6856267009432171,-0.2702555113630048,-0.6596366451643744,-0.604972347861314,0.036460934229550226,-0.1040008636516564,-0.3255679937637881,-0.10726908994176994,-0.9594044423150012,-0.9497597891364039,-0.8348296663014364,-0.7684685910247911,-1.1680710200057614,-0.7917663122638129,-1.5486212780266555,-1.4653056915979275,-0.36405240615244755,-0.10640871714340902,-0.11173173326448009,0.04726365085140458,0.10379286423466773,-0.30035557657087386,-0.3366476855197662,-0.2691564908912136,-0.1780364599664377,-0.43879457603005684,-0.8992690591326433,-0.9218283110746796,-0.6452473216547061,-0.6258134626546807,-2.131285713266661,-1.0908204413568012,-0.6118682436610929,-1.6030970385394379,-1.1067777598388922,-0.45618282582865843,-1.6791358051303849,-2.387075541315523,-0.8096277772827027,-0.9407417049926651,-0.84494912631762,-0.4588692770598576,1.3999238312659823,0.5472121916270967,0.06271613830397152,-0.011754407547298125,1.4496076408887435,0.1803649878410095,-1.6013667559487095,0.4395288356128155,0.6543617337483294,0.12635534506253046,0.4548373332420146,-0.18361255227423748,-0.4396606154520087,0.4053915161254615,-0.9552809915934583,-0.8516349970956175,0.49840170734198586,-0.8879876379498628,1.4590544189369217,-0.23129892234664678,0.58475086647279,-1.5161122369504396,-0.13546202231032686,-1.0362849967813414,0.5777143090675908,-2.511379605991061,-2.1739692275459226,-1.4377956179782596,0.3775359789332184
3350,-1.4954437983782387,-1.502349104025104,-1.4024665595829604,-1.428431317590834,0.1294807519089366,0.46336072603751727,0.15733441699797457,0.3309418461244244,0.22617969433419988,1.6172150068592817,1.3131296225380074,-0.9808022585534157,-0.9433911974717816,-1.035212301306547,0.0008837061689549649,0.8773283581142015,-0.8498449246114884,0.4777445682439381,-0.8450008255931217,0.0008837061689544359,-0.1676821490400812,0.5418734995340565,-0.7497038195835151,0.19495518310102566,-0.706578590864917,-0.16768214904008152,0.8105075558661488,0.45086757048600457,0.1944337723010529,0.4585523034453201,-1.1530627812840684,0.340779703803478,-0.5159055870005463,-0.6123365941090408,-0.6367308006372177,-0.6329600500617978,-1.0695521362566722,-0.6764443117361891,-1.4507951065144762,-1.369393472760961,-0.3894824744414879,-0.4558696274602942,-0.3748261836549987,-0.2817020411267093,-0.1898875045396231,-0.5004941914989741,-0.5191674972979428,-0.4852857530986124,-0.43121368459808834,0.5239858967267284,0.10366497247748913,-0.8509767205929193,-0.5973984090867267,-0.538236653049029,-2.033230134225415,-0.9711738194987777,0.3241989228342074,-1.6822460527389824,-1.085047779820654,-0.297241679877777,-1.6358040197258412,-2.3832270556974824,-0.6230140063541528,-0.867552204931019,-0.8385184748559146,-0.5095947283391085,0.8807623085885465,0.7226404162020686,0.21171024293686921,0.09302017785584002,1.5326126925467018,0.4697624794867985,-1.053274754447158,-0.3438774203130767,0.6327414566242345,0.1759815824913075,0.4744180970159393,-0.37781344805603495,-0.4383768850231964,0.796234471922049,-0.46207996634969817,-0.2230437934394929,0.533888122772822,-0.8949027726226747,1.240277244567748,-0.2898506957311641,0.7589546415063514,-1.4650697451881534,-0.20200545820543425,-1.1966443059738834,0.5455891687046935,-2.508119488609947,-2.3986188081993816,-1.5219068610718278,0.26482906546249985
3351,-1.4900346359114474,-1.2104125577342726,-1.404657789866065,-1.13027102153337,-0.5450354770057475,0.08475808712557845,-0.0684812735815945,-0.3489694514719639,-0.7445483155680187,1.8375583514914358,1.1161426505543306,-0.2903335176641582,0.06132101000722771,-0.5853698078946253,0.6774632613760795,1.824335278925214,-0.6785100113960677,1.512754815730929,-0.7977639478330547,0.6774632613760797,0.1326159155194243,1.5146578050168484,-0.6649165705796357,1.0252491331751812,-0.7065277609616963,0.13261591551942475,-0.06608840933502985,2.074628707945359,-0.04704160828548119,3.103217129953858,2.6680078512892047,1.591761134918756,0.589922386617296,0.3122770656733887,-0.038563773193620164,-0.19025236956815816,-0.800165247428746,-0.36819309585633453,-1.1595445329454035,-1.0804186956698003,0.7814235581665723,0.23398811366445366,0.36102218336486985,0.4275138756908233,0.5479621545368525,0.010096688932749473,0.009133619393341655,0.06948758298543896,0.2042494529377375,1.7748406032100816,1.0982358589187793,-0.3924737837455045,-0.5003834627866545,-0.19990116228953986,-1.883648567367376,-0.8526755322207946,1.3946173561973385,-1.670076379381787,-1.0792048966135055,-0.336350422045255,-1.5958847485732337,-2.3368749501493475,0.13017375439602957,-0.5938994585413414,-0.8329916690292156,-0.6352529315559119,-0.23076256607944598,0.6963164589490738,0.20753731274191345,0.013080016553273122,1.512136502136548,0.3844108739623987,0.1105563006818425,-1.3697617014156058,0.6021251299223754,0.32204709986507724,0.5467055844772089,-0.35114200514856425,-0.528837034148913,0.8134503876978275,0.24349048890345593,0.7293817078166068,0.6271058494854461,-0.8574993693334163,1.0561428615725126,-0.05049637170381716,0.8097555466334805,-1.4116450884007854,-0.2089700834178833,-1.301466328678929,0.5150695620184359,-2.467542420438723,-2.4953622516070655,-1.5420047534181855,0.19713164442711378
3352,-1.0233364708796495,-1.1012517184587507,-1.014909547797452,-1.1100995345863498,-0.5406753375868983,-0.4993628704010788,-0.7390729893885583,-0.4542660918873939,-0.919616601245641,1.867773170039429,1.0698443848798882,-0.26435272135578597,0.10682562308701758,-0.5696715449755305,1.0001517720855462,0.8470322755134152,-0.543543105616679,1.2172886250482593,-0.7224409286737515,1.0001517720855464,0.3701660980416672,1.1610953732879334,-0.5834133960938209,1.0023805173103189,-0.6905300273406321,0.3701660980416653,2.493103080237009,0.8519350343226835,3.212654692505718,-0.6463314829514004,-0.8017642661855938,1.3152142300461092,0.8591037120714078,0.49124144165415756,0.05099354018345103,-0.11277821418657481,-0.7491059338415434,-0.31550508892634266,-1.1435323264394741,-1.0588715302856915,-0.41408449802494607,-0.5305681771275886,-0.42519481590991026,-0.3202940194507622,-0.19343065063237097,-0.4803424627042419,-0.4502325734568694,-0.46962038098450143,-0.428386448010275,0.2005793740287595,1.2774111974994833,-0.4979196442662189,-0.3350259434609077,-0.16718740084681627,-1.9210060699893718,-0.8325479525204107,0.12466649287077765,-1.6511590264170772,-1.0738359740962566,-0.42163580317266564,-1.6356506995932332,-3.3938598653685674,0.38507863500089723,-0.28196468752135756,-0.5314814303896191,-0.2933756237869595,-0.5137294517325428,0.1795323727911753,0.11543156176417371,-0.4664660928743086,1.3764622587694946,0.24134216554270124,0.4898742078033554,-0.7858380101799712,0.04704030919605476,1.0648840375967357,0.6830992922081607,-0.5624518272675272,-0.2722378492372089,-0.07975549634266325,0.5612363436810889,0.9045993642784586,0.2745912617052651,-0.8293936465972166,0.9093145639700836,0.06800360582237013,0.5569102672780898,-1.361183173688137,-0.22263672401290444,-1.3955356218210617,0.4792448611373134,-2.427470176774183,-2.539686538511184,-1.5286621208056084,0.15670363384844432
3353,-1.0418351584258825,-0.972870616502769,-0.9664286147566731,-1.038385319368846,0.04238674030732117,-0.33842937710160115,-0.3319524626951488,-0.08915974316789631,-0.7616136312743423,1.7528416847030115,0.6861294619531177,-0.1064114726533303,0.33305921048801557,-0.4671808468896811,1.1861465344235007,0.5033299871062409,-0.40666602048919037,1.1527777474437926,-0.6280418931083691,1.1861465344235007,0.5858588706876859,1.0251794388573063,-0.4903991621720612,1.077183720210488,-0.6598410193892035,0.5858588706876855,0.3745874950382679,0.9490705382810382,-0.036387956509730604,0.10121118078990002,0.0874949853982502,1.2771408270977949,1.2058935980789178,0.8071012973448637,0.2414532571200116,0.04182867258384844,-0.6537277691495041,-0.20558992651486202,-1.0762963252938966,-0.9874544307253738,-0.3376992396235973,-0.472239922371984,-0.4072606257409872,-0.2817236539043672,-0.1636439404596065,-0.45366263882278207,-0.41421739387984086,-0.44337967094881936,-0.39616372057426863,0.47438164600267724,1.2584706323079435,-0.09786465333408366,-0.06684426596726512,-0.05737619968376803,-1.765379848698858,-0.5266086353950186,0.577296751962522,-1.6208304068841575,-1.064423870544763,-0.5591863749495403,-1.6146213142496302,-3.247560904113505,0.6698315869769212,-0.16276370521154626,-0.49674851557186467,-0.4453808752200226,-0.4320518603433689,0.2204679514005046,-0.06800348882709166,-0.5152800819535919,1.55076458317477,0.24853033542455144,0.3703157514787736,-0.7693553421727303,0.42710314622019885,0.8328928641149098,0.7647263331450342,-0.5848378512994308,-0.4598247830017809,-0.15747513046144276,0.34939581623618177,0.7655614926719735,0.4612826888294618,-0.8242263044363242,0.7420144774898714,-0.08573403451254495,0.5615288099222665,-1.3145345087372922,-0.23498127463773408,-1.4779075622392746,0.4475479765695264,-2.401067958351183,-2.6641702676990393,-1.5555202852866112,0.13762318034702312
3354,-0.7148844818303105,-0.816194066839704,-0.891054197246299,-0.9101294620302602,1.0726163424466693,0.6452179224545967,0.8894430696321398,0.9732978993812792,-0.6179906061348157,1.5947931106121103,0.8975122399384977,0.22797844310741266,0.80104687012823,-0.2536152612957456,1.3665620229935642,0.5131142013530877,-0.23626076956196856,1.284421475947335,-0.510535574083353,1.3665620229935636,0.8131092429068643,1.0635636344606452,-0.37043443412182353,1.2627488890729468,-0.6126057570859592,0.8131092429068643,0.5334917553563492,1.1147558908268977,2.068580757667832,-1.4055663886323113,0.9681785269096691,1.31422752502733,1.6294709106708103,1.3157043434491238,0.5674206537745118,0.30788919681741134,-0.5009818871384661,-0.026287967111106977,-0.9533820327146829,-0.8596680301876054,0.6997423768924432,0.2703278961953793,0.18733191770094162,0.34316026936248434,0.4709708484678023,0.0060205649573675775,0.055022599122010935,0.04738799488162155,0.18020359942232975,0.7989542724367779,1.8940645263599638,0.5656617965644278,0.08444641483934413,0.10433031566919727,-1.6940472071403332,-0.47486939229471375,0.9469763308600032,-1.5728908860680293,-1.0563309043419318,-0.7573596483582025,-1.517476791441975,-2.9918719819971087,0.9669048252122378,-0.01804757571974104,-0.4318986655495547,-0.5772267494962362,-0.44237341131342456,-0.17322114407463218,-0.3818061235187166,-0.6118619768126332,1.4054536826302533,-0.1683914596448054,0.35366398288973516,-0.14230443155275121,0.4233983977343402,0.47842033273133105,0.5459645870760127,-0.28069157395251054,-0.5889834953496338,0.40260293332844,0.15994364910316178,0.6559536682148506,0.6477063043111596,-0.7480054127249428,0.5116522615893238,-0.6030157766669584,0.5244001584578154,-1.2747113567963555,-0.2383002858404644,-1.635383465790855,0.38343869773588657,-2.3581266418639593,-2.777837287667304,-1.6881062038787975,-0.025962911103220243
3355,-0.8680537873497848,-0.9776099979073016,-0.9898798390298851,-1.0613675701839933,1.5586769690868119,1.1899440343126586,1.027999427779762,1.4662283272813679,-0.5439577215646572,1.462456223567692,0.7427343392584583,-0.07259889714044668,0.28559696871104434,-0.43822809737066154,1.1047173078924168,-0.692823058319453,-0.17930374891028794,0.44658942222356046,-0.4126553146389243,1.1047173078924173,0.8533057994278587,0.182475474751995,-0.30144258158891163,0.7393384004961561,-0.5620049945882694,0.8533057994278588,-0.4287137641771773,-0.8527489545631906,-0.7630726131231305,-1.375013127123609,0.29976456748186775,0.15990243467644522,0.9984587792728665,0.9385403858764945,0.3042389574880927,0.1242324222476927,-0.5928353078950908,-0.14870503581950137,-1.10469853355394,-1.0030233837434093,-0.1496993932468592,-0.052476889691459756,-0.23165865837183622,-0.12123441199373702,0.00959651574011533,-0.2994811224899319,-0.24344534750751468,-0.2780250974490794,-0.1992661920959979,-0.6853755648699781,1.2658164212943337,0.9580922067620307,-0.13304146356801913,-0.0758785736712012,-1.6622252453588993,-0.5765199318710041,-0.4701577219680286,-1.5443822733997334,-1.048377586349018,-0.8910835120743373,-1.4683219950741593,-2.9628340078264435,0.5217999278637281,-0.09253784773809695,-0.32554733005924075,-0.648942279102096,0.2969232222276947,-0.755854340055187,-0.5593742458457456,-0.779062942667201,1.3658719428819996,-0.27567394348295926,-0.4618622845921342,1.502503318318214,-0.10145365363481951,0.4866377029651294,0.24665721539332813,-0.3174885135305934,-0.6530602086585254,0.7901634823849066,0.06509527544272155,0.5981484366690908,0.7445261134564837,-0.7156599409072598,0.4093476455739933,-1.1625036216967384,0.3592766368483438,-1.2292572964366526,-0.2006588985161175,-1.6402410521825295,0.27991905681107404,-2.3257119757292073,-2.8632176636434563,-1.8363284034468732,-0.16864431047728254
3356,-0.9974551150221627,-0.9655603482518851,-0.905300792276449,-0.8436987053122729,1.1463457330668028,1.634870885825094,1.0941226059857578,1.5125824700937758,-1.105634025268083,1.6748409396328878,0.45260067400698994,0.5124924681020541,1.0552658811040736,-0.05321493614566165,1.2067015812226045,0.31928924216724014,-0.008209573619067293,1.0662041851318425,-0.2928470407791606,1.2067015812226036,0.9985928136321724,0.7069537596544719,-0.17198599255981153,1.1567308295614511,-0.4978081062176606,0.9985928136321728,0.5878878888454497,0.24600005325704993,-0.5590222158128997,1.1178137543007174,-0.4572112752049243,0.9466212646965569,1.515243348104987,1.5589248840029708,0.8681652822813601,0.5579690221651258,-0.34606518530992597,0.13192158294908332,-0.8904482293081115,-0.7847348669377093,-0.486155969144258,-0.403810698124002,-0.48423852285532065,-0.4172147709813205,-0.303663156984937,-0.5190588096137294,-0.42693549028984423,-0.5145681555224185,-0.4837180505886587,1.223923813991213,0.987562134937702,1.5410679178506947,0.17460459149052163,-0.07584406579651835,-1.5460938349348734,-0.499510435170897,0.8788116553452704,-1.4929952816998966,-1.039841368143797,-1.01874748700003,-1.4241012472604058,-3.064034832707928,1.1860509947016098,0.3039895058901711,-0.1387345134359794,-0.6013879169612119,-0.2519470314576843,-0.9469883792664908,-0.27092882986047473,-0.47587414243574255,1.3991676314284442,-0.06341069977052856,0.1429339951601334,1.2901082436487599,-0.8907468231714514,0.4086488115793293,-0.2599634818518142,-0.28394804740821306,-0.5371843749058388,1.3271868447989104,0.5351079498839706,1.1446835028127158,0.6738637532983581,-0.5871932512575594,0.21689837263529702,-1.6085712706421287,0.30201454818457385,-1.1876496183758547,-0.1576947334598722,-1.6737681626810672,0.19313948307383252,-2.2785304595411655,-2.825963274714737,-1.9580814641877462,-0.2500893295398154
3357,-0.8350329010608828,-0.8848787555657861,-0.7546199829422837,-0.7781001049865283,0.959379636197534,1.2617430392285305,0.8278409529513967,1.245395578197086,-0.8130009263789565,1.6501514442145415,0.5006880241837178,0.7161472885747291,1.2825622996302848,0.07960216498483681,1.2207071004937042,0.08064080492007762,0.16844839686966623,0.9551559464130186,-0.15601737175096814,1.2207071004937036,1.101773494118754,0.5343876675339315,-0.03022202958995292,1.1193031710670855,-0.42074413548774275,1.1017734941187556,0.893582768965689,0.6160066547854272,1.0264701701755181,0.39576794732254933,-1.17470082761105,0.9234545465242273,1.4643147201433426,1.5804707004752376,1.073006025539826,0.7382710814304257,-0.2286471750437897,0.2566316506195577,-0.8267926445405654,-0.7138219845714806,-1.0589184794490207,-0.7908383579641259,-0.7576855646653773,-0.7488200294497857,-0.6391476167016785,-0.7532518445936235,-0.667614202033599,-0.7658057723483755,-0.7835944084586929,0.4219866942647481,1.0922311912757638,1.7392234012730439,0.1567389218808996,0.16812679226802765,-1.4560062116919044,-0.593930648962007,0.42242285907234184,-1.4372247738513981,-1.0354746858064754,-1.1780633229465682,-1.3836443769896853,-3.0381658459612675,1.3880294800622746,0.5202089266053301,0.01103501358356474,-0.5385388478114077,-0.6322155993548094,-0.5211101680797955,-0.5184211393460516,-0.3781287803504752,1.2865386031517247,-0.08845501437886744,0.5683041623453007,0.24555615874955494,0.1509050338800875,-0.16559236783234732,-0.016269802891642537,-0.2003942829615552,-0.567455272373161,0.16178812810025092,0.3420975817900794,0.8440637380868692,0.5985529788565213,-0.42097112283632604,-0.10081743931086076,-1.8783041733481023,0.2478057684733587,-1.1477901573455223,-0.11440819624648393,-1.7622772487569673,0.10691540015857534,-2.2231620113348756,-2.742980110838549,-2.057713222319471,-0.30290804256362236
3358,-0.8085818481581932,-0.8975898093911342,-0.8489036748391008,-0.9402002692782557,1.7817793179190768,1.0237672304466168,1.2421666347020714,1.3785343009300333,-0.01374400866775166,1.532769276381959,1.3665977399571192,0.4091383643232021,0.7644675579360203,-0.11426686485312751,0.9228605749121693,-0.8252298276200928,0.23476981156857754,0.2585463958550663,-0.04062773877358188,0.9228605749121692,1.0515237965258577,-0.20990013670122343,0.06210604791200767,0.6425000177213375,-0.342311348357893,1.0515237965258588,-0.30566829862999906,0.10407905268499114,0.27287532265009073,-0.7993105360721495,-0.3792629764591268,0.14367873324374736,0.8459830881862526,1.0314749084210502,0.8079148733792939,0.5556370597514687,-0.3126520716229872,0.13972197543312898,-0.9873573683198829,-0.8676737156938454,-0.7007826761488789,-0.5873765539780873,-0.5608337305895829,-0.5901078966608195,-0.506232413178017,-0.6595300358285343,-0.5430684777602177,-0.6656591294544839,-0.667177430637269,-0.5770594272007024,0.5656871881452737,1.3290089857978036,0.25262834468541917,0.224643818890588,-1.5145539384152098,-0.8279139101622095,-0.4084511785061434,-1.3594051658419017,-1.073116050843736,-1.2867280614731593,-1.3326483161062763,-2.807338412373013,0.921622377555609,0.39404358015032076,0.05603701530006324,-0.6758995308507437,-0.6215592858216148,-0.2524912170392237,-0.49761371370424823,-0.6085572371319927,1.1964553440274062,0.12602715874142195,0.5275100190038258,-0.18523202822690704,0.5020706864436874,0.27227692490636773,0.46586951829172585,-0.5202485047770747,-0.758995941164186,-0.0081191868937394,-0.3548150749187208,0.0737590705619094,0.7794608964573395,-0.2151848402044793,-0.47341770767621677,-1.7695041776514897,-0.02848012305977821,-1.1211825087827294,-0.06789231556968896,-1.7818969533270748,-0.04167180163087656,-2.173847231590855,-2.6740222582680486,-2.1401741359707116,-0.3782850090761959
3359,-0.9694655050380595,-1.0797341390091102,-0.9440737281036449,-1.0134662624380213,1.9008580700736635,1.769501857656025,1.5780256599071025,2.1364327520704287,1.1789833845577862,1.2665430139297769,1.6258917069150263,0.32618685064690184,0.6002659371829702,-0.180477914818122,0.65616646046516,-0.7513651225108716,0.27899879577310527,0.09705968968035755,0.05361150183126513,0.6561664604651599,0.9628836271565774,-0.40668944417740793,0.14185825420668075,0.46620733722228896,-0.26510287181447123,0.962883627156578,-0.23628202376601448,-0.7267899356718173,-0.580335584232568,-0.21965812150026714,-1.1902362025720004,-0.020933929217916022,0.513991908496151,0.7620272671462811,0.7569772313462748,0.5397345913380774,-0.3046412438244367,0.1441043568656301,-1.059323606951259,-0.9340740840711975,-0.6537829446359233,-0.7176084321570815,-0.689971718538618,-0.7146035644105919,-0.6342218639640098,-0.7481147612335892,-0.638073645823427,-0.7607827605267008,-0.7831384545695692,-0.12448136052357757,0.11919803390100557,1.4526896520392172,0.60447492836799,0.16691488885914474,-1.489785070824323,-1.007417018497182,0.23588459040470974,-1.3031896477851617,-1.0957075430741068,-1.3590304268450621,-1.299885726360498,-2.6168051183559196,0.7665555405986327,0.3759936159307732,0.08813950119094074,-0.6707580555917508,-0.8851783492494962,-0.5879049660689849,-0.5380550657102852,-0.6213447341814821,1.3755896936608345,0.6264451201542447,0.8134899265854284,0.11499681739938093,0.0898267582245593,0.22344451319299843,0.1935116623737447,-0.8664994201294627,-0.7877343937212274,-0.3257954998662028,-1.254983713233908,-1.1116990150295658,0.7803832193840735,-0.043191776056403806,-0.679393952537604,-1.3753751453783545,-0.21735633326769366,-1.1021119175387455,0.08583901519447418,-1.7319561837462856,-0.21553285532666341,-2.122621186270502,-2.5970451270401957,-2.19662304618236,-0.44683014881174876
3360,-1.0368310585181004,-1.1050482916355522,-1.1046154806540016,-1.1910294035841893,2.296404400685268,1.8774618061583204,1.8480356374696203,1.8925766185986612,0.7935185835932295,1.2608212974827886,1.5287716235947786,0.000764126009881945,0.13339665385125557,-0.41047063152055474,0.3348682518258909,-0.91151888840182,0.25280782809882363,-0.2333224568277803,0.11297519184916495,0.3348682518258903,0.810136431977672,-0.741661704616693,0.1837513943288645,0.16148711274548525,-0.19530204468381668,0.8101364319776719,-0.4717949705286179,0.129433702135865,-0.06640048674991537,-0.8553096569428522,-0.00926937788439487,-0.5796192671948176,0.0047821679950950935,0.31876448736545926,0.5271304813815194,0.35304223707253735,-0.39343502292151167,0.024029110188384842,-1.2334130070936313,-1.1044983590433182,0.5012848981682743,-0.23047105218674485,-0.2405842762046041,-0.37457443566829757,-0.3092646909381915,-0.5198914415529112,-0.35752695026272435,-0.5169807740311634,-0.4942815390977412,-0.5015164409704527,0.2066423127468113,1.0706350877047581,1.0349040128273297,-0.008292984404560196,-1.4865266877527976,-1.2237899340402751,-0.4698103053162742,-1.2813842648883038,-1.1000935609489966,-1.3752281680646512,-1.19954093867561,-2.4557629042266274,0.08960362471557322,0.2495785021875296,0.217011706756583,-0.7838533336531721,-0.693476402718099,-0.5656684743267782,-0.8017606087903508,-0.4742006217752946,1.4295029540599546,1.0792158773815368,0.5825936178063205,0.266994586624699,0.5936806299684195,-0.49398983976411287,0.04375561073788475,-1.0297547067358468,-0.7368556011084911,1.7110563900660987,-1.0036723470111144,-0.7096254250665089,0.9171074261059847,0.0324842889586938,-0.7199900832184902,-1.2120637825255363,-0.5389259153597304,-1.0887998932567213,0.20816417728865266,-1.7180036680106032,-0.45402752570213645,-2.0804129663111874,-2.5236441986803517,-2.2638288386573824,-0.5372823426233893
3361,-1.1625550829922435,-1.1620366319662552,-1.2147192965942277,-1.310371090680296,2.484686592856796,2.1738859884236783,1.9718844546514074,2.268192400613205,3.1499527084450856,0.8515914511530636,1.15137975104566,-0.16965438233805838,-0.08605463678028867,-0.5714925839598795,0.12354203015584887,-0.5981286292411065,0.2234633541221704,-0.22717834858452327,0.14741776447632376,0.12354203015584825,0.6649943721250284,-0.7167450676936407,0.21829135835772123,0.07108219114925939,-0.13284577724385815,0.6649943721250299,-0.12696697729331444,0.04146498161737803,-0.2457051485281092,-0.760683297351841,0.322696657491361,-0.5517445520959581,-0.16195270019479086,0.06823056763259522,0.46863344144431374,0.30393207973819214,-0.40763043278773203,-0.0010542470049717942,-1.3469394552183012,-1.2162248858576508,0.3108312675680257,-0.24278482920230152,-0.31502215975710984,-0.46670217530208746,-0.39889695619299953,-0.5773542552312101,-0.4224895533125125,-0.5794363662153629,-0.5696925990315335,-0.15900748484112584,-0.4531419098909411,0.3709404335488645,1.1184466083851181,-0.06554751626047525,-1.4853707260733924,-1.4963009142900399,0.4074163527820274,-1.2638043546981572,-1.1120136962842668,-1.3705860823259928,-1.1978847421312842,-2.317078642354219,-0.08777467855828765,0.21153352539325432,0.2380666158051177,-0.7957899784520065,-0.7349727576818632,-0.8481805250308355,-1.0642609191127983,-0.19509204174598818,1.5036355199934017,1.5644752010027474,0.6248488253732184,0.6980434608702276,0.6629538878522994,-1.4469287854967792,-0.5315450626334017,-1.093370360605845,-1.0378724747537342,-1.2926674778729836,-2.744399016929503,-3.0674543820491764,0.9414443650381106,0.2775167556832303,-0.8738878021121469,-0.19513362819276686,-0.8222132057526361,-1.0777368194263937,0.35653433248640726,-1.3165341189735948,-0.7373603871647666,-2.0338761780513903,-2.4271873790378646,-2.2410033373669704,-0.6136812897569365
3362,-1.2997740344928301,-1.3869197239081035,-1.2540849211534737,-1.3320398483646199,2.0377326827686755,2.4410603997571823,1.9384539839505133,2.4438913923132928,2.568832192254581,1.1628629177264909,1.6663920649735775,-0.157262869880335,-0.09593645076753028,-0.5895148217559106,0.06862258702482989,-0.15994599886834268,0.24361278298913128,-0.03324276530619194,0.1792124619812987,0.06862258702482983,0.5670220251771598,-0.5019579863496498,0.2740632793869485,0.13479369847543674,-0.07274767882766285,0.5670220251771593,0.12129453279799107,-0.6673835263382291,-0.22225542466365805,-0.2399487291112466,-1.1238976275531753,-0.1673427926579484,-0.12114680183408667,0.02273411171664612,0.5740055145663436,0.3945390162623936,-0.32812010115281337,0.10599394965054168,-1.3605312270519327,-1.2320843362202327,-0.6195350716106647,-0.6878389083008531,-0.7083551732308947,-0.7705412349435823,-0.6894874320788508,-0.7778802019967707,-0.6633238753063767,-0.7963224186181218,-0.834887196550598,0.16637932371850692,-0.5730821961815167,0.35875427228015555,1.2169349085991155,-0.16920065349531627,-1.3241383515354834,-1.5195390320501159,-0.24313488687470725,-1.2369014695556266,-1.1352186738192205,-1.3521972290657982,-1.2024175638417436,-2.1958261002514763,-0.016422737910782307,0.268045668847735,0.2529905254160808,-0.89921191079412,-0.01795583008708822,-0.7081914306930117,-1.110598021600353,-0.05934384393374148,1.5775213171570177,2.0969151712298144,-0.16749812774560102,1.1432678011769184,0.9829540151150289,-1.7437147717339865,-0.5647202051084516,-1.2611500529670425,-0.8469759958045845,1.6493325587134506,-2.3477576117849237,-2.508734755243997,1.023414708261562,0.719303149904516,-0.8617306442433904,0.30364878637877013,-1.2038649641398063,-1.055839833066521,0.39379153083742824,-1.0080608995837776,-1.0045365727694373,-1.996797376752441,-2.3830721663997183,-2.24159168623175,-0.6944099477951339
3363,-1.4501127946166035,-1.4019164249305762,-1.3229135190085053,-1.4355667416849034,1.889727951089214,1.9289054321368866,1.7667714236708487,2.2356208400352386,1.5399088873164835,1.1249918291587335,1.991670765422063,-0.4063790391183656,-0.3861309995871591,-0.7780533460111396,-0.00812356145067867,-0.22469825462320697,0.23036267320539552,-0.12891518926653767,0.20093478267328133,-0.008123561450679271,0.46296582904130046,-0.5707709384193057,0.31494672747587693,0.029453753364048613,-0.016033063458155482,0.462965829041301,-0.04476068143856953,0.20678008240776932,-0.31500306862341226,-0.10680310993408908,-0.6798069391547639,-0.19461203608121752,-0.2648118905516727,-0.13653726160442353,0.47840969407371364,0.3042732774892697,-0.35529056517719076,0.04066727352264296,-1.450864977371029,-1.3330521890946143,0.05127525070552299,-0.28383727488802535,-0.30401793278683825,-0.525464624820734,-0.4661544746509629,-0.6247605841051235,-0.449178587984058,-0.6344334214534896,-0.6436264031596913,-0.1924196786526222,-0.3900300676675704,0.12369007698259964,0.9659513810622724,0.037142773400853195,-1.2005459704287471,-1.4862153649553846,-0.10054314170816883,-1.2120191440349892,-1.1647348812939484,-1.2934448317792797,-1.2560227516297449,-2.0884781887097947,-0.05913057321462683,0.20129809627158926,0.20332757623721137,-1.0179969054231137,0.23985884263421928,-0.6700912346917182,-1.1204182107211498,0.08345549057430389,1.3662885475764628,2.152817284083657,-0.46824722089732346,1.3099370598398747,1.063085109011113,-1.9589495234807188,-0.6948543255275184,-1.1771483456927267,-0.9096342120655877,2.1693885024783897,-1.6217745738706886,-1.4829765395277292,1.1349908679763954,1.3037841868482778,-0.7863828459458996,0.5758694472769722,-1.777921639232481,-1.0207023754712443,0.4925506819115383,-0.7983920269602218,-1.2765372197435678,-1.9689687933710676,-2.398965010650652,-2.2810428802816847,-0.7863177935475748
3364,-1.5099654581896267,-1.5190048897423836,-1.697872675924814,-1.6869185469306658,1.6539858540549512,1.917233282845654,1.6637787264381971,1.8641811959395307,1.2692166145400445,1.1489511015924905,1.4700508217554145,-0.9388905982921871,-0.9195730756756346,-1.2475587360214224,-0.2024392014532456,-0.5417460945849154,0.09127429449226843,-0.457316552073507,0.1792871334328136,-0.20243920145324495,0.3103086037277151,-0.8411753889507796,0.2917420864015355,-0.248207138745022,0.02911352909890584,0.31030860372771546,-1.0376655673493889,-0.192479898137699,0.04499117175694618,-1.0603502327043068,1.08030377618405,-0.5459667736610164,-0.5943775762560707,-0.5079935599677545,0.14945982844912123,0.002621552520311679,-0.5504866690968531,-0.26096377993387765,-1.6774484307082176,-1.5899188447216526,1.6632266371478732,1.2816387168478547,0.9529056658254099,0.45444777067823106,0.3886442238985804,-0.024960735812549546,0.35026813215797653,0.02295602594981134,0.14371757644310335,-0.6315797058100175,-0.6303750033975047,-0.3703045791796009,0.8997777225935449,0.2244156828507689,-1.2640721528140386,-1.8868997348933014,-0.589630162708432,-1.174610081885555,-1.2204174528065992,-1.1073363705612722,-1.3407828719698431,-2.1322720005298805,-0.3496690839776945,0.12086126334540066,0.26289373708418756,-1.0767702774171128,0.0754572660942165,-0.44149106720988496,-1.0444514554174975,-0.08960468667486357,1.1757189973868876,1.9992824791239536,-0.3073526398904866,0.7859752114454024,1.2765597285113213,-1.5227776036120098,-0.2963713580652287,-1.238596900135708,-1.042041277987924,1.277075519058015,-1.4386278337237755,-1.2198266886588174,1.1797788200914252,1.7667671957504392,-0.6577327545625777,0.8134522645478317,-2.4247739037275085,-0.9833504876728068,0.47513701711337225,-0.6423348373312903,-1.5441297845420163,-1.9467837718115035,-2.3810981808318954,-2.302294158883292,-0.9023187425168678
3365,-1.9362658397529937,-1.922515249178473,-2.0651304246459095,-2.0001434707063397,1.7175121941161562,1.6531229320054304,1.593502623049651,1.777432472095526,2.0835055778911356,0.8170182217459712,2.841189861272636,-1.4362387239896195,-1.3200093274932159,-1.8663392953853757,-0.41798688649854676,-0.5918986444828351,-0.16307705075081888,-0.6429979650100062,0.09030244576111235,-0.41798688649854665,0.13320709978518214,-0.9509872489757789,0.20002954920637625,-0.45868665999789837,0.05505656930616829,0.133207099785182,-0.8421500117117665,-1.1594660049679124,-1.1593920328713694,-0.4643310539110132,0.7131478561864071,-0.8725090918546407,-0.9219010389485394,-0.8216519953103387,-0.20550107271965834,-0.29530992823608165,-0.8166068948597296,-0.6955227800605324,-1.9534099003214052,-1.9152320913425855,0.6782698967269879,0.7334741821621276,0.4548523913723576,0.21827615644077725,0.06880870294440941,-0.2327927916211989,0.07694922558384554,-0.19832246973183595,-0.1250447487667101,-0.6379489975305462,-0.6873378659577987,-0.3510205656344058,0.5120925564667349,0.6028264557146951,-1.3778524652470419,-2.21605551286228,-0.14607620409741057,-1.2266622936654235,-1.2329497569427075,-0.8420385250465482,-1.4477053542945117,-2.1732814458381036,-0.6003520459857317,0.03537918063168988,0.31709820874349004,-0.998039764103812,0.32173270122818953,0.10106754243236893,-0.9920130144482434,-0.27091945513606613,1.3088685170893286,2.273532113976896,-0.5574063421215257,0.13365313315562558,1.9919942847496332,-1.1363574048603462,0.40712257006630315,-1.5719090972865135,-1.085456883838844,0.04619721806110541,-2.001592030027151,-2.040501646522188,1.103530632236702,2.951355663852754,-0.7175552811482907,1.2119015363202537,-3.096175769791031,-0.9424270709964145,0.1800793062755067,-0.42578012451564506,-1.8522204859576952,-1.9265645099447959,-2.412485564729837,-2.3123209900116923,-0.9759227174002455
3366,-2.028963908949849,-2.137049843440929,-2.094971071388367,-2.0489456298493907,1.5632243869702183,1.592379480854582,1.6506042792381175,1.721717305340819,1.076197114708635,1.0412788614816721,2.7664037114184485,-1.5604416799033698,-1.4422321785272645,-1.971513796202012,-0.5007587983414533,-0.18197434850033398,-0.38261149813946504,-0.5022961542446408,-0.05153982175667903,-0.5007587983414531,0.0012955190087321372,-0.7395469207327605,0.08779293255417203,-0.4413204177260028,0.06283345928851654,0.0012955190087318954,-0.10755536634555639,-0.8440558196143241,-0.34469987118008516,-0.25329326065521146,-0.47266754776502035,-0.763429360853889,-0.8875569427688207,-0.8351138760721242,-0.3249108410491999,-0.32069135088753187,-0.8721015400118228,-0.8229898774609703,-1.976086979927902,-1.9692838757891868,-0.11359577214285205,0.2962348238089773,0.17920380803210212,-0.1302058899661426,-0.24826013972626987,-0.4623339948631877,-0.1995241812356054,-0.48785274744023255,-0.4558872306513502,-0.15647360202425467,-0.7004704041320973,-0.8157353729100254,-0.11245062417501209,0.6519104469386253,-1.0366961988648737,-2.3663274500415743,-0.4399088359495132,-1.344954908362119,-1.205585647558295,-0.568835369910838,-1.4674594892869144,-2.1019435661886297,-0.7235929350206896,-0.008406466336749253,0.36714983611096613,-0.9198100645446662,0.43904451225436075,0.1695090512626428,-0.6731968486746345,-0.6067618416514954,1.5562208218339968,2.4263109760062482,-0.6663799378725399,0.13182493407250792,1.4992687260299158,-0.09049330931612634,0.8579010502315271,-1.9383695618981092,-0.8035089565077063,2.054288236814686,-1.2014170175776404,-1.0323486705817135,1.0156661371145153,3.4420345752077948,-0.8525117523121615,1.4758785008759148,-3.2402751575552196,-0.9014631848974428,0.06430986370354265,-0.17543131679754065,-2.0573430040620604,-1.9097844686002146,-2.4255037943185482,-2.3359124020698045,-1.0238380320005274
3367,-2.140389478424543,-2.1779238112846913,-2.1855281314222577,-2.2671924920617768,2.136034969217078,1.607629125867215,2.0683305084829295,1.8270461468492198,3.326751914497547,0.5160094375208923,2.0938052091852972,-1.9600422956843433,-1.778604851321886,-2.355215420986152,-0.7017989196503888,-0.4529387711465457,-0.727310016474665,-0.8284434009856919,-0.29190020996025,-0.7017989196503884,-0.17206509262199712,-0.9432810537248677,-0.13980236210386443,-0.7330373073965278,0.03650490466984637,-0.17206509262199754,-0.39235422670393244,-0.24395779441066123,-0.47850363936836643,-0.8067031193519222,-0.15612763221994977,-1.0892267695878897,-1.1840588430009669,-1.2167777242796254,-0.7461250115606802,-0.6636755510077937,-1.2275653840787364,-1.3636849860764326,-2.1677962664159485,-2.203084786958351,-0.21997241070939902,0.3417697413508655,0.4030254296158964,0.0018873087887512937,-0.16181343822161365,-0.3747549960176061,-0.054905364204062466,-0.425127177082126,-0.3833896202904293,-0.8641939273734531,-1.1748023895414064,-1.2201118292108477,-0.4293604649566912,0.42083145630548896,-1.041506033178117,-2.5310598760491803,-0.09832616260410786,-1.5380486555284214,-1.1380303078580825,-0.2696282751166613,-1.5674326925369124,-2.06753405204906,-1.0991574736132665,-0.3226698879687633,0.34405502825915313,-0.9777942979694088,0.4731474466884313,0.6610876666131796,-0.05638626045435776,-0.6959674038508663,1.0625066092032336,2.4961473008163955,-0.7187854534779254,-0.6455447498890642,1.0861513384086616,1.0501709390494325,1.435944138730436,-2.0438599357009886,-1.2552693806542568,-1.605202137146798,-2.946160525487802,-3.2960366849833216,1.1094852258707761,3.4852975764037213,-1.075320584681357,1.5414697341231955,-3.0491731832376363,-0.8345325661383107,-0.05978091060619233,0.3348829982375229,-2.333009487353278,-1.890409756807204,-2.413078470607692,-2.2613997403571497,-1.1162318117657084
3368,-2.190957772002737,-2.2754240074000083,-2.2778438820516147,-2.3290532013968535,2.0642379658287546,2.0661134806393537,1.8031838811909966,1.8978897568839745,4.363143490374343,0.0689395249012391,2.815564621862257,-2.0500257589872293,-1.8596336791662758,-2.4356928706839907,-0.7687782784798124,-0.07812449422523998,-0.9922811710853756,-0.6364902516592132,-0.5908574663686553,-0.7687782784798126,-0.30728160090915885,-0.6700239399907328,-0.38114760144749105,-0.6918990717099475,-0.028808466833780893,-0.30728160090915857,-0.32987459008151493,-0.4284470350134056,-0.22814069153186078,-0.8893465071978969,-0.25166047693612104,-0.8545687401140193,-1.1479703275913786,-1.2089579972198712,-0.8864784445624976,-0.7481711655443807,-1.3742588110828162,-1.574151686409935,-2.2057239453663198,-2.271749926260348,-0.7341014778320558,-0.19273846536217593,-0.06463471942568282,-0.3029102301872126,-0.3892380036814724,-0.5353449094352435,-0.2830258366272493,-0.5952036165704295,-0.5830809909267591,-0.2786048071364867,-1.2001719127897772,-1.1172548501509068,-0.6583895377494152,0.1652892239687921,-1.094789338076606,-2.62793392173453,0.3415574420918001,-1.7450653996841838,-1.072962112353604,0.04971095178875147,-1.6155743830830287,-2.0288979908935225,-1.2293507853609529,-0.416057338131805,0.4068167631664768,-0.8305785269400512,1.077852274583629,1.1683519995402416,0.3157912123005874,-0.49749881627852416,1.034930072518428,2.641993855513304,-1.3259156994831025,-0.9392903266209707,1.1360273915493828,1.3604361219797771,1.673397726174849,-2.005750491303488,-1.0115769878133853,-0.6336283475416788,-3.8174996748040275,-4.358922779184363,0.9607823535688093,3.4186537255232667,-1.3231348050555205,1.4762994677185892,-2.893293782175799,-0.7431624351925565,-0.26122581004883233,0.7935041668567863,-2.476605692472363,-1.865393289837976,-2.427578612074416,-2.0809971049557396,-1.2110504226044516
3369,-2.3324472300696413,-2.244318708287088,-2.193321064626959,-2.046859469936344,1.8752557694683711,2.098398366868641,1.7981076966159677,1.938984625887925,3.3069347771139737,-0.03406912508668573,2.8285843144455183,-1.115593053901252,-0.8579441573785516,-1.6174709164707328,-0.4185836174728653,0.9479828373582013,-0.8864950081389542,0.2729150877719315,-0.7787623910329325,-0.4185836174728642,-0.27807257372863964,0.22035072610745704,-0.4263665995982368,-0.08563585747441708,-0.1057249139869041,-0.2780725737286385,0.2821341851992863,0.06771807861021349,-0.5684954084576295,1.055230712675581,-0.6490483273871471,0.22275741401696714,-0.43939899545794775,-0.5650478105645893,-0.5142655179664185,-0.29427797101448405,-0.924643879458276,-0.8863102465462401,-1.904866424100794,-1.9703961626188518,-0.2501266176370402,-0.07092425941093408,0.0674764067815444,-0.1285770145643322,-0.25966671393247265,-0.4315134153023085,-0.16172777876775596,-0.4958694809106612,-0.4816737094927607,0.9800400759649402,-0.4768892048281686,-0.7979596479950328,-0.6397581519705535,0.5974409384107008,-0.8974694365681078,-1.621931680754679,1.090377877391406,-1.8741695816372657,-1.0306147131330048,0.3538024596434496,-1.738909011197842,-1.9355209583518664,-0.3831895635395305,-0.002091536205157387,0.24444932976029973,-0.8694432668524013,1.225074448514283,1.1553105322621573,0.5836008724248786,-0.24100405676008,1.141083546885082,2.7097205322231632,-1.4783980259451628,-0.7864152179747074,0.6224199841293928,1.3825482501753372,1.360363934409772,-1.8979156387345237,-0.7655023695234819,2.079061890040583,-3.0125668907365566,-3.3005548109208314,0.9892464013763589,3.194854449747664,-1.349402988556081,1.5065531018487663,-2.7235656454588186,-0.6549712439947852,-0.3562576615094069,1.1575227513443065,-2.5592185945522403,-1.84963504430439,-2.495351656880956,-1.9486739168261697,-1.3041926770305772
3370,-2.102284205287271,-2.140425902210634,-2.08438109589827,-1.9949456822062495,1.3387409816381,1.8037115163242625,1.4929561151849715,1.6023535737147128,2.896756787817225,-0.2794082264677292,2.2439631580461614,-1.1523759915384768,-0.9165599796123116,-1.6004512062724903,-0.16117126639481658,0.6420999719885336,-0.7718623787848307,0.292662680985225,-0.8590450166758835,-0.16117126639481705,-0.2358738327271939,0.2775261778863763,-0.43425397389888604,-0.0005657529676841421,-0.1917303468171357,-0.23587383272719406,0.30916392866010783,0.30098457127955897,0.8006479146775326,0.21692613114719686,-0.7253871718592041,0.3476444769203368,-0.2850007677374247,-0.41663078038653045,-0.5290652876196843,-0.23296646442812383,-0.8710911792331713,-0.7985608965051446,-1.8333130320155349,-1.9155215174019422,0.38384384008087785,0.31447358756898236,0.41262322325681544,0.18017228849840672,-0.013181681293467097,-0.23212565335578467,0.09593055193344771,-0.31176987084441665,-0.274195093936782,0.07720520365396323,-0.12348319787966289,-0.6136015400902641,-0.4035319117532239,0.447592495451754,-0.7786978763159539,-1.8143537837577772,0.38603077268683134,-1.98804958897794,-0.9960203222286709,0.6280088998475227,-1.7712017832203861,-1.8767213063359836,-0.32844340714686515,0.04125143237165276,0.266463816519598,-0.8536720733746139,0.4119055763232044,0.8373993951570456,0.6090461094001194,-0.596024101158717,0.8737652824276779,1.8481819973577052,-0.6225428485284786,-0.9692279424274761,0.10101438662713079,2.017259051792425,1.474023739678635,-1.568486739812235,-0.8124828238379902,1.1429137457190497,-2.685646479451788,-2.90098772968563,0.9388839526474629,3.0091331750822867,-1.3524049595777243,1.4594251746015456,-2.521783588049619,-0.5571208611169378,-0.44443837828987115,1.3297679573781014,-2.551114267873933,-1.8273125491274778,-2.494218904454692,-1.8350651185137545,-1.6606812122312726
3371,-2.0428238974312984,-1.9548770876838741,-1.9129938493321144,-1.902151093639928,1.3451809644340207,1.4207249330856038,1.3104272399630403,1.5067685737523948,2.5543044353385778,-0.40497434061797344,2.4866419722121,-1.1820176434056253,-0.9504541126071374,-1.5802730976722525,0.04183053093734261,0.4691980785494616,-0.6621930059035822,0.3713232612751184,-0.8467472666885498,0.04183053093734272,-0.1858010357064819,0.3320040394135444,-0.4071033269595848,0.10180493675393333,-0.27631432458332195,-0.18580103570648102,0.4918476131876962,0.6225764269998459,0.004715365876293392,0.3939255445529963,-0.6043951056714862,0.5092925995971455,-0.11921501138263567,-0.2630832128791151,-0.5138855036046708,-0.15761651304030103,-0.7860870020941032,-0.6701371097499416,-1.7277076272486427,-1.817762936668644,-0.8203753168125253,-0.7939582884523215,-0.7258271448604999,-0.6074231830246305,-0.75388338501258,-0.7757151362564084,-0.6105862491178398,-0.8848955868149652,-0.9041639188053554,0.13664137080395436,0.01240209446005993,-0.5599363822673615,-0.805093257466966,-0.0951353320931808,-0.3677354029872788,-1.941137966825999,0.2869094738665999,-2.0359845811115256,-0.9661743115048508,0.8074384054441557,-1.7207391035382453,-1.7968320122456813,-0.38888748137015433,0.0445337090937831,0.3106435000542124,-0.9368236031228007,-0.19214068960021846,0.5841141968255263,0.40230133238912874,-0.5106408211764605,0.6810258513550155,1.8555414045693694,-0.02600635739298808,-1.039156524385982,0.09351519883622018,1.5187155935796415,1.1255243368699572,-1.520361546072231,-0.8936690472209166,1.1448233629253033,-2.42904521537331,-2.5557200494268084,1.0201021690480334,2.787974033614697,-1.364897070651186,1.4245091857877152,-2.3259433415960955,-0.5033433833371673,-0.6467561129633149,1.5501870121990127,-2.578581255484264,-1.8002991880456358,-2.4862253593926806,-1.728066269980065,-2.0467234003096664
3372,-1.910020136381348,-1.8700016390129979,-1.7890278872889371,-1.8472849049683626,1.2847178956234522,1.435028982172755,1.196134436347592,1.4072275891136479,2.8131949824026576,-0.8081530791448934,2.166057494643399,-1.2616609614569796,-1.0434946973447592,-1.6034435049052684,0.18432208748774562,0.2429084713739236,-0.5898105904471372,0.30947404184568056,-0.7958955846979071,0.18432208748774218,-0.14056252990429752,0.2784287178270768,-0.378926338398195,0.13115888751825358,-0.34674595622118215,-0.14056252990429818,0.3522850422354861,0.15390646151441012,0.32384976729109133,0.027996276365645875,-0.9300823178386423,0.3448164365247123,0.0167326153676842,-0.17681051275925855,-0.5428027593445942,-0.117278987028252,-0.7571583172769593,-0.6066826587089947,-1.6597380076872021,-1.7596351024333223,-0.7621174098119705,-0.9205141896794659,-0.7986017057049585,-0.6807098179697211,-0.8366457841237132,-0.833288341809574,-0.6998007785452928,-0.9606392302076556,-0.9804991810259216,0.009915602977833936,0.4869989770903372,-0.6634837391910152,-0.9922530352355715,-0.1640666860102432,-0.42407628138644843,-1.9038238963524667,0.5113228317418218,-2.0610756717720444,-0.9439136267754499,0.9871128924882047,-1.6981974735662186,-1.722934757848824,-0.4685598826641564,-0.016768276818674443,0.29790522433637845,-1.028943005012838,-0.5327959747982199,0.47397974939401677,0.7301183229534812,0.00027602628502465055,0.05528287397093885,1.9606383714826958,0.28460486898727805,-1.0857717215978133,-0.6327397967091949,1.1126078244315243,0.3758875881804677,-1.2940562044796438,-1.0756619068783568,0.19161708971008207,-2.6650361046409037,-2.820235316012706,1.1057153960927955,2.591854807971131,-1.3922834447607366,1.3420908743074698,-2.122307211898958,-0.423439558407829,-0.7990588859100552,1.6753340558346128,-2.6768913617089933,-1.769976989904305,-2.460076946936231,-1.6083421857221618,-2.365033165175797
3373,-1.839746544289219,-1.7850660474655315,-1.8218964795390558,-1.7308082622476755,0.7052204966383905,1.2166640651419178,1.1579052515777501,0.8629305396993431,1.600320868555184,-0.5067978284537358,2.100625394367396,-0.9766250918310847,-0.7033698933689607,-1.3652787407957456,0.4094175848515847,0.39085735178196707,-0.4367668831019221,0.5295840719965637,-0.7012836653323089,0.40941758485158264,-0.03718486843740053,0.44252254813327424,-0.2960634038166176,0.38235642974631884,-0.37807877922330724,-0.03718486843740035,-0.36342118887887165,0.26507803364507243,0.10089711266507223,0.4003112673478845,0.051000372690182066,0.38529495787612483,0.38196637611277345,0.14146535942150498,-0.34212614971634464,0.0827186685944772,-0.552966295220075,-0.3023186682246334,-1.5278290136449184,-1.6330185874878815,-0.718082186696967,-0.9588959582670546,-0.831295742767594,-0.7110476074200384,-0.8730097818597933,-0.8808316678247139,-0.7794072975915006,-1.0308734841180813,-1.0467902432953289,0.412574352372235,0.8348199885850893,-0.46502050832410924,-0.7014089403688499,-0.22567900342358954,-0.5831151313355928,-1.6955982980442086,-0.050094221624275174,-2.0584815790393276,-0.9534027558505952,1.1997398412367866,-1.7366713456094616,-1.6548529325067745,-0.07480075416214946,0.09799242531334999,0.14985924929914704,-1.1085214703491901,-0.9531911175620883,0.5568946959510784,0.9610034051517645,0.11579186226490118,0.06011430730892911,1.943253829766372,0.6679435360668696,-1.4661505046903935,-0.8910763613699104,1.1887189033297487,0.26749600517268224,-1.2619487567980754,-0.898343045372211,2.1655368905328203,-1.653257071627143,-1.6052736284486067,1.141413299422077,2.439896973109068,-1.3797686762142563,1.2370645552526145,-1.9076217984532755,-0.324157525236569,-0.9329796787152546,1.7706138693871103,-2.700395979558832,-1.7459473068103144,-2.444693044324799,-1.5525099203754391,-2.530997811385719
3374,-1.690835560776859,-1.7853125577051208,-1.7343493519256947,-1.761478252233504,0.7520819351760423,0.9698556801075052,0.672549807992198,0.7663074925609874,0.7795961893491947,-0.031513764813566006,1.8664243448128865,-1.1719405688894984,-0.9457481607951171,-1.4990151038201966,0.3929318887292802,-0.04267559269601378,-0.3729304748811229,0.22340713993955771,-0.6151825354169521,0.3929318887292805,0.018166529739741605,0.2064660460501493,-0.25503438517140986,0.19563652370417628,-0.3841675992610455,0.018166529739740474,0.3000737277645039,-0.14783125235021075,0.5769000366703325,-0.5681135098470876,-0.668701009617594,0.09460603768085002,0.28025512128551733,0.09624914876256288,-0.4172387230013529,-0.026895677005768726,-0.6380246209519981,-0.4097228687093789,-1.541724813510168,-1.666861879009598,0.7653417583950302,0.2683036873163302,0.15781506652896862,0.3474680907819063,-0.006584418539728154,-0.13597554511084634,0.1263766946595068,-0.4410943734045182,-0.4063519536048438,-0.24102563443689295,0.19111873654445416,-0.27311169075462405,-0.7467155067540364,-0.5759576971953854,-0.6725391252381034,-1.6099105262848936,-0.8295675214110315,-2.05331230125711,-0.9695389046371217,1.3944986607251757,-1.7396375855136745,-1.6103353903140205,-0.1899823243678046,-0.03229884634704019,0.09437927836707473,-1.1914514854895006,-0.9543633970284788,0.36111895822241047,0.7400819298164026,0.18645717485598526,0.3327327945906222,1.7592523249048295,0.6418749953021902,-1.1820543432558634,-0.730205884785265,0.7206137193956328,0.040959225387565086,-1.1341318426882248,-1.0232539654634563,1.81343928222808,-0.9747932565781995,-0.7731034201890209,1.2230654052189682,2.2985226471462816,-1.365525776760536,1.1956807012663069,-1.3312646062050046,-0.23258039834436917,-1.0776749208333105,1.8804818076832688,-2.6890231850383297,-1.7311336547430012,-2.42706215020658,-1.5170447358659211,-2.616807929660548
3375,-1.2464628533636384,-1.2855319569192019,-2.068446529264018,-2.0249658506334467,-0.5556613052439938,0.8217179177877459,0.5380398020136525,-0.7751320918615442,0.9291791946403801,-0.05338186821652352,2.070850458332433,-1.8158611403264657,-1.6173760976647793,-2.0431708653408696,-0.15604585687064162,-1.1241168349994148,-0.6468667126890003,-0.8045336058991978,-0.662108312526577,-0.15604585687064207,-0.16906192192472505,-0.6342492975968442,-0.4113169710881474,-0.6468721280982318,-0.42746695861645473,-0.1690619219247269,-1.8294886117472324,2.5597500110338793,2.03282172859876,-4.017607386834406,5.1326347500962415,-1.0547824197414597,-0.5733969835131223,-0.6244618745044511,-1.1062467725974452,-0.7075490356746932,-1.2971870387168332,-1.260005393450285,-1.7964717755063508,-1.9582478163096815,4.087521924637733,4.054966252236936,3.706644808833388,4.058660996659371,3.6255936482386595,3.155311057363331,3.861781295437563,2.32083953542638,2.580042787222486,-1.4332612785186507,-0.5031615680582086,-0.4977676989298751,-1.001553773261074,-0.7301073804116754,-0.7839578249610815,-1.9323698899595627,-1.2937521567153216,-2.0872281844154377,-0.9898933939203534,1.0946893445295625,-1.7960432935358606,-1.725067952028609,-0.9425823983542428,-0.3232408228120346,0.3425932484708855,-1.2303324668079263,-0.8984729274784767,0.10548718289891768,0.7399775617900683,0.5226050688222089,0.5241953928135779,1.6546770723868678,0.5877477926745324,-0.8380573500677497,-0.9597235071368329,0.18633448740752426,-0.48564136326553514,-0.8973608020593303,-1.250993945397141,-0.5750951005648943,-1.1077610744837718,-0.954185928489979,1.164107813831401,2.154810263345996,-1.35476005117799,0.6747028104771928,-0.2200988223827028,-0.12285637654709848,-1.2053501628669852,1.8695652487425722,-2.5819623291769216,-1.7200028324402243,-2.4259847776694943,-1.4756728036182147,-2.512309605925051
3376,-2.1027046363563415,-1.8961649898870767,-2.18560233219439,-1.779213560442606,-0.76610249858471,-0.507506364053001,-0.46155661831653566,-0.7125139254352845,0.5254263575525665,-0.2958710134954249,2.2404600725668393,-0.8664667909853383,-0.5282742129918323,-1.3110295100827054,0.04222903953667673,0.4058189009080043,-0.5594706749440012,0.28135350884255433,-0.6615644871886397,0.04222903953667575,-0.10067899125174873,0.2588681423262442,-0.3842242837482271,0.14525699424093064,-0.4496519361552251,-0.10067899125175041,-0.8855599326327318,-2.9132166756252724,-3.5735013983410315,1.3744156165216956,2.0781925757772446,-0.019087519883803306,0.1315281463858096,0.08330212502144012,-0.47880105653750044,-0.26875959645034186,-0.7623299337161784,-0.554954281195746,-1.526054729881517,-1.6859585003874384,0.7470803923719219,1.2755786409830314,1.301708066401577,1.507882431204685,1.3659500135350002,1.1414998494733224,1.488169046681565,0.6609413419313203,0.7872600169534164,1.0731715779141615,-0.09202747675680781,-0.05389643300377362,-0.647272268265954,-0.8992953937612749,-0.6102456485519999,-1.4873904549799346,1.2604500024906853,-2.044800661150342,-1.0593851843560853,0.9363626842630056,-1.8404709279792058,-1.7801922046303917,-0.03042635147715244,0.42968735301926037,0.4894599580537319,-0.8174667962310841,-0.08101430796384373,0.29333455188721136,0.9822545685555976,0.7051636128055834,0.7333450853532497,1.9156782845149023,-0.11292493107758861,-0.48106432072311023,-1.0787482256601604,0.20261322354705105,-0.55265050886889,-1.0303870575613088,-0.7233024127029047,0.26808413445540485,-0.6577461750933228,-0.5501651805132063,0.7411822261855276,2.0553052318509484,-1.3392993795985089,0.356514011182572,0.08281564058542086,-0.006390523510650736,-1.3213626982364874,1.87964460995354,-2.458385326645121,-1.709354246256025,-2.460874872133128,-1.4769458170853116,-2.361399056833817
3377,-1.852143075243028,-1.796751749359733,-1.7444665854433936,-1.6929097195069924,-0.991247663208203,-0.7576282735076121,-0.9988932283201144,-0.9140815278684823,0.29002020886351587,0.15274338252604422,1.9450984843037717,-0.699152979521185,-0.3495655560732794,-1.1623340592745313,0.27609882817916653,0.48173506020548124,-0.40093566925592,0.47917195726050643,-0.6008939533066142,0.27609882817916725,0.030482906590318094,0.4336985619310574,-0.30375788882926386,0.35823885818738116,-0.4425888772487278,0.030482906590316942,2.1308102169123364,0.40162609120075815,0.9334632183761274,0.6530730575359357,-0.1250497078478773,0.2902689603451865,0.28355127275951714,0.30100388337929934,-0.19172397744505132,-0.15330960601591648,-0.5624495196157148,-0.30762959805604867,-1.415747940116942,-1.5890435966736742,-1.067844017069657,-0.5537134313921667,-0.5079539007684563,-0.2935308730961334,-0.3081987617448452,-0.3785723535176145,-0.28141687850735514,-0.6342703858519348,-0.6126322749183541,0.3546936985009251,0.06973187385751513,0.4546171743534658,-0.6215995935909219,-0.9744816716491227,-0.6361631077702321,-1.462279891785261,-0.17905970717849565,-2.005474104401353,-1.1195836689252718,0.7541109201490356,-1.7817528765033184,-1.7516257352774305,0.06235667555697536,0.644752727362197,0.660389989023685,-0.8129645892380571,-0.39772795159955404,-0.15168241078787978,0.7003614781908667,0.8859730611078483,0.522124644348133,1.5768503050767846,0.20686100269090896,-0.14048555527140152,-1.099498428071151,-0.4323855377408978,-0.9925378376027657,-0.7068944336965449,-0.7518712211423547,-0.16574092452851913,-0.45211909003137024,-0.3169781882179177,0.7161175927032459,1.9380027642653543,-1.331734734474562,0.29457139859192505,0.23147747718940656,0.10307179360165405,-1.4626575685808447,1.8530393221834949,-2.3460387254166486,-1.701770522024417,-2.4653436346105546,-1.4181780976821314,-2.220567538045208
3378,-1.652434892545317,-1.3837118105287887,-1.5016357275289072,-1.2149456685861282,-0.9240121870860148,-1.0675627402673507,-1.1105319074528608,-0.911330177958805,0.045430307640755604,0.2821517824248945,1.594729589277529,1.2072561696249218,1.58997102567946,0.3945362250302055,1.172578851136641,1.907299883887755,0.2587352112952323,1.934307693116703,-0.31001427556465433,1.1725788511366357,0.580450053420589,1.6210341978819718,0.098661149800464,1.6528427750498662,-0.3285134935874507,0.5804500534205914,1.1453182488193516,1.961222633069847,0.7573633520536397,2.148898920092052,1.0182840400699062,2.084433358964446,1.5254498583710612,1.5788007807668483,1.143452963925579,0.9296523348906692,0.6461580589220874,1.1777030013765086,-0.8916886156347066,-1.0533415716180472,-0.6838354031486489,-0.02976353837004425,0.06406428904503887,0.20777829767353562,0.23936286425088152,0.23423034923046576,0.31424135351617277,-0.20853348155695706,-0.15264012410269284,2.3887121984963393,0.9669173319372246,1.4457535641335182,0.23235376416961231,-0.12193677811451163,-0.10428405457603596,-1.1499218821064072,2.0802289645684295,-1.8761478274530805,-1.2540616493791026,0.28654006191565423,-1.7238185949676055,-1.6819357596033315,1.528469973951555,1.6281264389142676,0.6781500459148577,-0.9169237566643815,-0.5884031636378053,-0.7267626762319386,0.6205887083267876,0.9788177655021808,0.5539971471411991,1.4977822591999799,0.37590359233475895,0.49963302878041543,-1.5749398634374687,-0.655951254105702,-1.4239329079107568,-0.62429221287807,-0.8511293926504884,-0.10424208958860225,-0.26352907805974185,-0.0675007870193805,0.8196605109362672,1.8225985428261071,-1.2834354115456048,0.32466020449286076,0.5139006853380712,0.16637898757451633,-1.4953352200213001,1.8598806579997014,-2.2687239599870934,-1.6836194912636213,-2.420540045908446,-1.3500810380404604,-2.10161043065885
3379,-1.3534368811150728,-1.3206765779724594,-1.4360642702492803,-1.5489290914315956,-0.7847537911053817,-0.9232409433314164,-0.9336590320545884,-0.925079980561072,0.6592877403497606,-0.5432146462033308,1.8783571743528076,0.17199607028000435,0.4040311239325668,-0.4122098828449152,0.7740237603556787,-0.8394508665209325,0.26164589610852307,-0.012674727935328938,-0.11238040370422289,0.7740237603556755,0.5806601221235109,-0.07988144175822848,0.1723106620146894,0.26685800597812404,-0.22085793064414766,0.5806601221235148,0.25884352846777375,0.23588962052192894,1.2242867113482323,-1.1231665133772704,1.0081974489478875,0.30420555212739653,0.3059828015447312,0.39948967990109757,0.1837689772296222,-0.036750155813181445,-0.26833385969655904,0.046812145553696664,-1.2267959928815013,-1.4279592936749828,-0.8058091393409157,-0.18132052982597827,-0.0714160379469328,0.04370578258765852,0.13249971747848166,0.12868887868954212,0.17568064488105506,-0.30284384397418174,-0.25071552538288067,-1.7574727889058779,0.23467088256753998,0.3430631610199569,-0.09605498641231816,-0.6415025043999976,-0.3608537762985967,-1.542783132960394,-0.7534772408937085,-1.761719812861855,-1.4427606752144715,-0.17310644632124067,-1.6686637465090166,-1.6177977310356655,0.13441094587970479,0.6895027011737239,0.6884469617000006,-0.2776145577907691,-0.7798249622490036,-0.7713459394481844,-0.14928958825416824,0.2197535093328731,-0.14884370623183105,1.2177954216956512,0.7116452675558631,0.3789655522942669,-0.5807670826325343,-0.4511456773926755,-0.6796509011515852,-0.9251435815300725,-0.4299754298487056,-1.571788388500909,-0.6444154771298864,-0.6870831678545072,0.20326483674293355,1.7179514193237124,-1.2297477971041209,0.24688916998086227,0.37748263769517504,0.3052596160156562,-1.5455321915136955,1.749484565967726,-2.202109772336668,-1.6631859531755597,-2.4001582941484574,-1.2945943805697946,-2.015473667619723
3380,-1.5720613261691951,-1.2922995208450854,-1.4057543570413145,-1.2593879910483745,-0.8436545338917589,-0.7720433813453143,-0.9387124436698838,-0.8585065174785625,0.47306466846205425,-0.7441705901948,1.3737176124109198,1.0368752572716735,1.2024969052452175,0.3838453968410218,1.0055172635156766,0.5040149432900832,0.6243719914531397,0.9647648221950289,0.16238633403794792,1.005517263515675,0.8579245487103067,0.7110084028190681,0.4649402710849631,1.0324371932196303,-0.06400771768405066,0.8579245487103155,0.0859355631993903,0.07884133152180062,-1.0404857484584544,1.532556346734387,1.0045365222086142,0.9939664572327115,1.0666867911275337,1.0717046940003807,1.0424091167112295,0.6716866162808204,0.4973927883251934,0.9673714607112316,-0.8934862290889148,-1.101246991779728,-0.7160073389307198,-0.6349535227521668,-0.5889163508069056,-0.4041870664308085,-0.3365256698968216,-0.35853843737671826,-0.342212042821339,-0.6934276134889304,-0.664424773089225,1.4131156126282942,1.6161174838625396,0.8293270935254647,0.7983563597172,0.03729084785675735,-0.20893726805408433,-1.0784004815845245,1.5428594259907542,-1.6414569719048289,-1.6276211402686376,-0.6009521666293625,-1.663907123113212,-1.5590623381267388,1.1652822088540398,1.2416963505614542,0.566962693369633,0.1779422062275605,-0.8082717749826132,-0.8144600834686548,-0.034471235676062424,0.5902744690045497,0.12780539322341616,1.5097499988054277,0.8313838673463193,0.4087575747335467,-0.798177625277583,-0.7623843000779601,-1.0447154637066138,-1.032443098337343,0.2278572542691596,-0.17500843592359602,-0.379989871788778,-0.49968202205804657,-0.24696471843963402,1.5844300091160457,-1.1996180761699875,0.39695752012301255,-0.20588174611573662,0.4549987254151894,-1.5479478310770665,1.6592088865476644,-2.1764970029798745,-1.6421296326646253,-2.357158453815027,-1.2451985185383723,-1.942915378989263
3381,-1.1566203987749941,-0.9137993943265819,-1.045412826746979,-0.7321890224814517,-0.7035109562837831,-0.7119635941370086,-0.8707770560222065,-0.72308854469915,-0.0035320367696145766,-0.303415184427281,1.2163584585346443,2.3316919382611077,2.285411699675821,1.7366082099707003,1.85981829410869,1.8683792633675427,1.5527035859276304,2.32507763506929,0.7166276676121466,1.8598182941086838,1.5731633166573362,1.841289164195162,1.1769077995483102,2.2643970767752837,0.23238810973993593,1.573163316657345,1.9126530053180335,1.7822880875700047,1.7617411674666223,2.0305780415481753,1.0272327916273225,2.422970742986637,2.3646982250618707,2.323679886021598,2.5208374070021913,2.16359074309103,1.8538768605927773,2.591285320112308,-0.29576578890986904,-0.5026656184416711,0.8949620979416321,0.3770854160471914,0.5324501933213297,0.5927401365965739,0.8158543752545556,0.864027689331568,0.8459024774741305,0.27178527991613244,0.34831876501374703,2.5068983872794526,2.281392187175055,1.7246907673168856,1.9388139484105722,1.153554532399151,0.21378467831624018,-0.4946614517091557,1.9476739576163709,-1.5172658410098234,-1.7889246677333186,-0.7914397192998819,-1.5941165585022121,-1.504246427317634,2.7979749907483904,2.2950245036423977,0.6289224698427859,0.2387486625645159,-0.02225985575574209,-1.0697826319643209,-0.776339687892579,0.00946891419054146,-0.024928225876582367,1.1602886368412297,0.06694583938992357,1.4889471554483036,-0.21524557795933283,-0.7491714602653404,-0.7043324112159015,-1.110995842390349,0.3703028673721559,0.4171271451207317,0.05440031899454456,-0.013083148654512638,-0.294793615269605,1.4278685313757613,-1.1104080715997744,0.5966123366470084,-0.587730704135701,0.562580292218291,-1.5306003985741607,1.6475282376383575,-2.166100230438299,-1.6205003883725582,-2.329210163018464,-1.182949141142576,-1.8686544332397619
3382,-0.6817242180596541,-0.778375133031752,-0.6343111742655043,-0.6441925832964859,-0.9722936633724075,-0.7504639624397105,-0.9674914228273619,-0.8924527849849194,-0.7720538282515805,0.3360657243671794,0.836252478726904,2.3592122356934055,2.292605776298445,1.853257599036727,2.0623991599181046,0.6117466618602099,2.1829900958002404,1.7351995056281377,1.3760837767307308,2.0623991599180984,1.9908682725557787,1.268080572987526,1.8361372737787205,1.9765308768580392,0.6417822643665629,1.9908682725557927,2.134407121603204,0.7012389673992403,1.9426695378497765,0.17925190967229457,-0.7489808898434376,1.9106474991514268,2.235318947024385,2.2489584813104404,2.5633608702028012,2.2829955765098173,2.085380205086233,2.6804685660622454,-0.1601187723591072,-0.3973499987788084,-0.7334154553395411,-0.8881567820600071,-0.7576433954531723,-0.5902550840132107,-0.4535482447100605,-0.46381019068436335,-0.5243812949357877,-0.8927870111253599,-0.8560118802804851,0.4601436495192954,2.230971414590841,1.8710997832192302,2.461162728487951,1.279525042494155,-0.03885106188538441,-0.25657011511030997,-0.25140078238930913,-1.4290146864131574,-1.8982922794737118,-0.8982841330116795,-1.5224669012659238,-1.4528837785301374,2.7069545645807858,2.308308962099417,0.7021285566773532,1.0055758103421488,1.1777120749020082,-0.3807222597203379,-1.0794651513334097,-1.0353540144833464,-0.5583010909372695,0.6120025535015632,-0.9740362489225834,1.6159452562340275,1.02715453989627,0.061733138031561954,0.6392532576776647,-1.1796530496050777,1.2144932268808195,0.8254417839629364,0.8979271401519251,0.7604501838482554,-1.0570700880180537,1.3038944268546242,-1.0216997514278527,0.9598298129806506,-1.0164177074286276,0.7451449071774715,-1.4533135233847627,1.6048651082672618,-2.0814168767432717,-1.6057946690094482,-2.3108651265818683,-1.1240956305763756,-1.821269919891926
3383,-0.5694184460252726,-0.5094811299390144,-0.8285841001430649,-0.7192577608984297,-0.16461724589747095,-1.0727058787851713,0.18797011264965177,-0.8675765240813377,-0.7661779263618946,0.9033775671090871,0.7637395173116017,2.0018859583917963,1.9097403077300001,1.5974666054473778,1.726223621496326,-0.72262765682319,2.3815549891980954,0.7702884342722827,1.9219919605453597,1.7262236214963222,2.026303930664999,0.28971815040754756,2.2543548042519705,1.2938543865740213,1.10503017758579,2.0263039306650095,-0.954959899313325,1.3151266867781468,0.4836259754131514,-0.7198355642523245,2.13287559488431,1.174229886857203,1.7178919927052028,1.7777149164109989,2.1908682013239584,1.98113611908241,1.8852287938028103,2.3249641928885287,-0.20008043314911825,-0.4758642207854596,1.3968035965303656,0.7607145224031746,1.0946273832678848,1.074370359762013,1.506490767825212,2.001157908883553,1.7380515316852767,1.101831873224838,1.1979462992584855,-0.3423833143916009,1.0282768434233729,1.5584438107560552,2.3636245860380396,1.2639504908881642,-0.017248058125741966,-0.08648060953058857,-0.9326591817999921,-1.3505838001275072,-1.9854511174960843,-0.8446230666026324,-1.4320594308635326,-1.4045828549981307,2.0874023694691584,1.9990251454595576,0.8353850852558633,0.8532755380517252,1.4354223331508518,-0.08383756917136181,-0.4898202610749974,-1.3447627411566716,-0.26062181223049824,0.3134062045627709,-1.2799537589133496,1.435884395510104,0.5917600790382102,0.9147066969914992,1.137715690688536,-1.062693251146103,0.841585053036359,-0.08678888000364024,0.8521274758261059,0.7735218955964455,-0.83128807189983,1.2946563277457206,-0.929942460524446,0.9760263917676397,-1.1137735382095373,0.9121085135780135,-1.4158454515532732,1.5305336036687318,-1.9594296481125926,-1.6013493112732162,-2.319957885301056,-1.125979176633557,-1.6621568329995482
3384,-0.8007863394310776,-0.8856619036299935,-0.7049883082359917,-0.8085068401285899,-0.49203863283879506,-0.10911020558593677,-0.3681200749875653,-0.37617500153758543,-0.9250804395410117,0.9562921645248599,0.6007337956443589,1.6505009734635145,1.5273659080742863,1.3296112056686327,1.1954243832528457,-1.2447210903940171,2.3211260684656443,0.09875567729057222,2.2516456904214173,1.195424383252843,1.837003703741106,-0.41854696243470213,2.444810968244187,0.7180538880165693,1.5654818532214616,1.8370037037411169,0.6418473771522655,-1.7061084614798265,-0.9061833236408159,-0.05713903283226103,-0.8857467485458629,0.16077146028121517,1.2154524915292422,1.328635509773159,1.8205892733889915,1.6931217708338127,1.6617698650723922,1.9891044693357056,-0.2556278309104289,-0.5718319283654274,-0.9115615336485778,-1.039802042732568,-0.9471571749292953,-0.6609860665100203,-0.5077437014205725,-0.5245078294835923,-0.6006043342985005,-0.9320138750394334,-0.8976523488795164,-0.4070958956227724,1.6297423329144547,1.4751250761812924,1.7053839256606882,1.4809834851972983,-0.02937590686475699,-0.2805919894108799,-0.453878153929378,-1.2671374042123467,-2.0779329718750166,-0.7909766954208982,-1.4584799332908502,-1.3590122925559265,1.844798236322433,1.6974695068260777,0.6707911945398342,0.7171050641914797,0.05045924360967272,-0.33898707712715864,-0.3399033095550382,-1.3743023461091657,-0.2139581463048496,0.11783489827714842,0.057380148752682165,0.5179480870034238,0.048202436596699295,1.0726392616808373,0.9907416285136416,-0.8905587585020609,0.7690150942758358,0.04602155119261368,0.9644677690420638,0.9270309342681398,-0.738709359527841,1.2018833341761745,-0.8124530347574637,1.0265636257755728,-1.183400977063969,1.0646307738319163,-1.3274026534763874,1.476223818773777,-1.832560362692177,-1.5944744276540088,-2.300273736184086,-1.0924175309167732,-1.590702075996252
3385,-0.8635783080139005,-0.6232804729069092,-0.693722172603532,-0.5278307032789432,-0.4097668104583585,-0.44900085779003657,-0.6158324969400554,-0.45598257160626876,-1.0614055853303135,0.932569446122348,0.7349847582535858,2.139239954109645,1.9798485491145288,1.894336211240147,1.2147986998653646,0.06832950567529783,2.504389575649289,0.88249104322428,2.529637935932261,1.2147986998653626,1.8672423738094321,0.2620719336887019,2.7402682967192624,1.2334887204462268,2.052785099198819,1.8672423738094408,0.060497217961472706,1.2223814593800564,-0.2567777382065847,1.5578582198046753,0.5857329272968651,0.6995881762337771,1.5537941660425212,1.772395719777542,2.2932461846997017,2.3085612147176464,2.275820744430506,2.582748358335771,0.10475953489819397,-0.24154834512920806,-0.8414450315348123,-0.7554538087747906,-0.9230706329119673,-0.598566606735061,-0.4495286587018549,-0.4633785864044171,-0.5588254011539984,-0.8775388889944444,-0.8448988588166146,1.3501719162644943,1.5585824551383174,2.400736427444741,2.0970893588724646,2.4812180895846327,0.24114852983979587,0.08824448068899171,1.4206834187555173,-1.217287934912535,-2.085936674774164,-0.6005403732363924,-1.340808740387236,-1.3158897619012846,2.2405257425443708,2.096200751876675,0.8824056327890549,0.5772853643350873,0.40304336969613275,-0.4351947011438094,-0.8599985975063034,-1.5380863657667352,-0.15872084667884256,0.24964403700604632,-0.3219978445449233,0.970250958233525,0.7053985359333298,0.7162002349420571,1.081865210036314,-1.1418367707947314,0.6296445006177463,0.06351602834896512,1.0629892843103268,1.0671307743859415,-0.5975741464128438,1.1450760341780246,-0.7152007361245662,1.1154808478230562,-1.1890792777894372,1.2399121903042276,-1.2661907654458175,1.4147547562557614,-1.7530948641300863,-1.5851031876249357,-2.2744909443948114,-1.0777229352655777,-1.5084132924133067
3386,-0.5838028608243058,-0.5932196750529344,-0.43327141833397814,-0.4403340677249523,-0.6127584835146858,-0.41719586710216394,-0.6137334869892508,-0.6459062868756698,-1.2522879022966582,1.216990972456935,0.47569575159971,2.1667688383836237,2.0119774479476003,1.97240083918272,1.1510965012475085,-0.13624111373616368,2.5983180967586517,0.7235678478037668,2.7261156115434217,1.151096501247506,1.8404183311361668,0.0737303990744591,2.923516565798703,1.1088800272885404,2.51756145874045,1.8404183311361764,1.29018813310593,0.15836845796937254,1.1316144836203015,0.6547069544238854,-0.7920075192280315,0.8068681958302867,1.408409944978719,1.6896235014136753,2.2548089800627036,2.3901791399945487,2.3899097257282556,2.637717563436665,0.257884732970625,-0.13162759933920098,-0.6445929856851371,-0.6467585819435407,-0.9380102541318878,-0.6270858261263375,-0.4882054570216152,-0.5005148162741548,-0.585046096237377,-0.8966806209055219,-0.869268895226113,0.4207749656797454,0.6154062559254785,2.082497144162611,2.163217400489625,2.6173038081306155,0.24809177130367382,-0.13810731659157527,0.1670560871461639,-1.199104785957373,-2.0068389375367723,-0.41564356707371286,-1.2782513987604138,-1.274973331976021,2.203293974257305,2.105595812853101,0.9523417959333228,0.6465774137593774,0.4186030191264778,0.942520823620759,-0.4465259938117707,-1.5985966766504265,-0.4292507667214129,-0.039113145808252814,-0.33698828971428196,-0.9205986992675581,1.9078204847260825,1.1853291238745316,2.2765162232874214,-0.8678908689637445,0.7326050821234006,0.058799155540749895,1.2505586746879451,1.255941857935468,-0.6919910601655067,1.1467017641058945,-0.8133079605279541,1.206494959616901,-1.181738269391895,1.4350615975110355,-1.1781302858366682,1.3514273542982993,-1.6569879623136399,-1.5716087602616202,-2.229615744023789,-1.0516652329113845,-1.4397944793044877
3387,-0.43821007176416954,-0.5601322848935375,-0.5097628479123786,-0.6168960088862023,-0.9242041609980619,-0.7679227946804291,-0.9531802420309026,-0.7957535933799762,-1.3347205871102095,1.2822501963059207,0.7577387873204918,1.6300451884239526,1.4062855216765622,1.5332468386173257,0.6686374951198507,-1.1667405176464218,2.4107684805118557,-0.21851250236420372,2.745884833162221,0.6686374951198497,1.564988340330916,-0.8419238024170633,2.847753178201778,0.3400687997859869,2.852768096429478,1.5649883403309242,-0.3422177168043568,0.18625237481339135,0.579990722883388,-0.7585622055596138,-0.1436390557824172,0.09349409510543236,0.6934527007010576,0.9982361867344733,1.6791384523798536,1.8987260055841335,1.9795191693587662,2.131152037662973,0.1254126544053536,-0.31753791711094104,-0.9668430975091904,-0.9353508743436098,-0.9932292812381774,-0.8598370917172179,-0.7705953763969918,-0.8087344141645663,-0.8716798811751215,-1.1206312362918656,-1.0954001489241776,-0.7606872959331361,0.10171635222620083,1.6637222415245128,1.8752044154456315,2.603406756600176,0.05382759736389572,-0.2519055393747444,-0.8257212113204193,-1.1698657813740632,-1.910148192646673,-0.37103104117734953,-1.3085601631302035,-1.2360547180798982,1.7523651941117286,1.6859523916803618,0.7924804778698634,0.39972719255810363,-0.5610843763823041,0.8352328295382925,-0.2719114392534903,-1.295944954135029,-0.44221660524930795,0.10280511350297034,0.6145013122601314,-1.639453875318805,1.4824480648585805,1.08500090270147,1.8976940487357745,-0.8975570877586776,0.4440495099738877,-0.35910131054597,1.296417187298612,1.3324260346540249,-0.5077426554494809,1.1543055882875024,-0.8167082378410772,1.2586620381747793,-1.1704050830320785,1.6090284839334843,-1.0979715530906813,1.3038101665232256,-1.5540068424241675,-1.5623384555636122,-2.2102388957723704,-1.0169133123763416,-1.3921873704668193
3388,-0.5799363537858175,-0.622444978788329,-0.4750282611221665,-0.5985893914728748,-0.7654972400654272,-1.0548981788902831,-0.951457086573187,-0.8359461504393129,-0.6760410142038272,1.2308812698426823,0.6051733515022694,1.5740895052147115,1.361573906300322,1.4967773479430655,0.35609083025564875,-0.7472237003793281,2.256586104645975,-0.19286684934218287,2.6774001030550596,0.35609083025564864,1.3166769292298661,-0.8038452186037147,2.744388562148426,0.22444199818717286,3.050631527802613,1.316676929229873,0.1973863796158637,-0.23194003615348788,-0.5082791320769527,-0.06604417204880385,-0.6699782565186615,0.07067694537651993,0.5869631796326072,0.8101852909993473,1.539568278027155,1.8647344939377186,1.9818414251821834,2.0788614599871895,0.21156405795322003,-0.2781239192103089,-0.7727529136322343,-1.1360284021023457,-1.1394289183363633,-1.0648345745798304,-1.0001736210619223,-1.068500377219992,-1.0953932687039716,-1.30882869533303,-1.2899763955193264,0.11602231777171149,0.2928913453290672,0.9488396506949901,1.7284044168249555,2.642826558222714,0.1871158683067521,-0.3083206652440205,0.17479208345542877,-1.1385584405458904,-1.808783930462326,-0.3316636581536984,-1.2789500855580815,-1.2349315155770242,1.6765881003869287,1.7012942226073209,0.8962626830540213,0.36225579071437813,-0.8115318663939167,0.32810159960904783,-0.5577113345430544,-1.0691514820891712,-0.2046164903020882,0.22307223812033408,0.8639340147556576,-1.1617367453259209,1.2112432070060597,0.5456057056930526,1.257055842101788,-0.9343991606598768,-0.01098250908027228,-1.86596167238053,0.680431578616589,0.6680398355055308,-0.45639892588615133,1.189556308724228,-0.8231932771691995,1.35720442375926,-1.1505481432467892,1.771143701561107,-1.0452075663371014,1.2425132376344301,-1.4567179005310797,-1.552523589520757,-2.1936019293239184,-0.9815390874597744,-1.3427698183327912
3389,-0.4636773203423023,-0.3725182795302707,-0.3334062854511503,-0.3977940210638453,-0.5262354586764685,-0.8427325690722003,-0.7095856445256578,-0.871827911180521,-0.8007016475322808,1.4849318051586702,0.38073475324207684,1.877810893412266,1.689057041018705,1.8354681739876693,0.4214879945665389,0.15171803270617878,2.2673750721363626,0.38267910192376536,2.6268001512148484,0.4214879945665389,1.2403788283372665,-0.235948136775514,2.7248176073575148,0.5827902638223305,3.1586332781768443,1.2403788283372734,0.6776921605420435,1.0920187759355442,0.45946187266756283,0.2863716198670327,-0.12969190274657394,0.510219627789765,0.769481563374597,1.0016403373691178,1.7735799239380527,2.176836898986622,2.3170227522922047,2.3673018525721514,0.5159646921554912,-0.021141643854878118,0.18247310165447808,-0.5065892114250408,-0.5735751204541255,-0.6453099916838544,-0.5735653861431838,-0.5605535246180997,-0.6167869589644925,-0.9025145435597954,-0.870535427619742,0.9078887192210123,0.8452039324797318,1.7891506098818846,2.060837905916197,2.407261752391873,0.3395572820977336,-0.022245502620723733,0.6674209166961209,-1.0982932641753507,-1.6771911767844596,-0.15690348429877002,-1.1731651135412189,-1.236179214121881,1.8326777791668634,1.9910825286548959,1.1883019254849698,0.06093399979876904,-0.9698366429775185,-0.601553685274028,-0.7189481389798162,-0.7699250866188172,-0.29948880135333844,0.29116770680826026,0.9948931283572771,-0.05863346992995599,0.2434641398664686,0.05246710166937181,0.2049522508079797,-0.8440505537232542,0.1325298767359848,-0.05218575523470733,0.761889038566643,0.7998095345986214,-0.1411935923224611,1.2300417542109239,-0.9973134169652953,1.3252399760473192,-1.0995746552621073,1.9019593703607138,-0.9997136065332681,1.1833827591546073,-1.3612213466319598,-1.5432794655359814,-2.168991148311005,-0.9557323546810262,-1.2917039679279674
3390,-0.44680255353857107,-0.5864866551686804,-0.5760232922342825,-0.6686539602346117,-0.6064131417840087,-0.5052873257874115,-0.5326255550988702,-0.6948894855752714,-1.394635877255739,2.1182912007270365,-0.14769364869660126,1.1987484717465224,0.9033859058450504,1.2522918557181668,-0.0476746030403107,-1.0959855358540298,2.0133132936032405,-0.6834929588219452,2.484193984146001,-0.04767460304030947,0.8929833966000086,-1.1818190363675758,2.518940575686076,-0.30307593004871225,3.1443393217057496,0.8929833966000141,-1.0416355384127092,-0.846562111268172,0.08015043232605717,-0.8931865234152473,0.0845309594306958,-0.3910206085786509,-0.019852308644783063,0.3137554341413661,1.1138036595380263,1.5501154444085479,1.7572446829431596,1.7746792916489817,0.2743957180412279,-0.3163988554058766,0.8441964410516092,-0.01052190066870594,-0.032748055439206586,-0.26614004797611,-0.19629144598413345,-0.1309165334852681,-0.21475707737522165,-0.5610143451380945,-0.5173045280943168,-1.096138846151306,-0.18668068229768087,0.9733718763781548,2.117237863565583,1.9030359514558894,0.2054982389783,-0.45230766957293267,-1.7389409482270644,-1.0276522776773427,-1.6026302674757398,-0.31347860517500054,-1.1028063650347004,-1.2305377879736867,0.9881748100278946,1.5496579726426363,1.3677176575228924,-0.09366430024809559,-0.7655212875667322,0.2930093845925542,-0.2352778411968683,-0.8071186954829733,-0.4385271130313363,0.06121372238611938,0.7743229870480639,-1.0613325491720043,0.7009283999622792,0.6413121443968867,0.9991543031666722,-0.599852473635329,0.2655322818589801,0.9020613187045978,1.3087574591345317,1.4000672493692545,-0.013148536879612621,1.1447870720500728,-0.8084997238682498,1.165969664639996,-1.101042235351444,1.9789442453572479,-0.8957673461079032,1.1487433315514421,-1.2814254161304526,-1.5379569967560751,-2.1235828544780495,-0.9300738624202012,-1.2587960272252654
3391,-0.6231040093735651,-0.3121935788777109,-0.4680253936842062,-0.16864808167800768,-0.5505021088201814,-0.588634969414596,-0.7064894328810145,-0.6879800049423789,-1.3660635041385956,1.933948301741138,-0.031359200299496987,1.9653597354448828,1.7045720603662828,2.0813770478977296,0.40733902979540376,1.0695805251194408,2.16885414071195,0.910977655920465,2.4497745977585095,0.40733902979540376,0.9912167656738885,0.34984050978935116,2.5697397766273484,0.846013427251823,3.1253687029223958,0.9912167656738939,0.5035347963826552,1.1207097930109364,-0.6076657476863989,1.8159826743216843,0.9042176713398538,1.220915930039109,0.9759983877394506,1.0831067164382282,1.8624484671422796,2.3573050076299973,2.546075899505018,2.5586724252518445,0.9258694343671029,0.2943963694915753,1.139775698701048,0.5741339448645103,0.422176001465641,0.0220141054634262,0.1243770601535045,0.2602995046425535,0.13378842891093357,-0.25225441470826854,-0.19959287460355923,2.054276934316042,0.5079139154964976,0.8047110348865798,2.338859677065023,2.513830445727876,0.784819044481511,0.18885326653564294,2.198054959489021,-0.999350369557936,-1.4560956613316343,-0.3027256577258455,-1.0756208466797674,-1.1948259747124548,1.9868527496282227,2.1459757294697774,1.3234307065134123,0.12798300339785793,-0.5902925003158243,-0.5903199246591505,0.03700142904793425,-1.2349303017129696,-0.2904700668297671,0.39006992010901603,0.6198175804547087,0.2543794829882512,-0.7906594691223433,1.4142290170449339,0.6698082049653681,-1.2804590265010927,0.12040632552895435,-0.3565734623965212,1.3051256790074195,1.3724820913326556,-0.21482345627941749,1.1594280213105648,-0.8336066209653262,1.0003811630209225,-1.096404123115413,2.1401086397413875,-0.9370588806907786,1.1411870700492883,-1.255910122416149,-1.5289810170724623,-2.0872226707122357,-0.8932576331299575,-1.2277839128668853
3392,-0.14493235900357768,-0.15417313802395427,-0.12679790461392149,0.01658993374705371,-0.953013048799755,-0.6263600196120521,-0.8601919584570625,-0.7915715357059154,-1.5824627393339772,1.9308415866720545,0.20534812769285354,2.0933782261200156,1.8464155728548988,2.2319127939182968,0.7273042589658968,0.758591569933324,2.307554871364149,0.9476427325142137,2.475519292903635,0.7273042589658959,1.1023673807062897,0.4144030981540571,2.6263953835808027,0.9569292680669464,3.109094544845337,1.1023673807062961,1.4742828939033432,0.6130834755997249,1.662191210200032,0.6021669904132309,-0.12093212443972887,1.368993553783843,1.2046281712947149,1.1872821239617872,1.9493559745113473,2.4787650352915636,2.6694813907136465,2.693673113130857,1.1963316020240227,0.5291073005283964,-0.01633582684467128,-0.218162874330006,-0.3124687040329681,-0.530921709858758,-0.45764549031419127,-0.3841592602740245,-0.46894288710298543,-0.7446534847089268,-0.7104083889245589,0.7070235584336615,1.141242583249079,0.8847829677646536,2.3507508108127606,2.6372693110647307,1.011953927251533,-0.07842781364995727,0.6839172275189082,-0.9729352072236234,-1.297494053312968,-0.22008724498162366,-0.9702823085104112,-1.1607821493164576,2.0453390585204314,2.2429026472457854,1.4470004732364528,1.0080509894148033,-0.9159314631584231,-1.0098622049662171,0.5673040841440812,-0.4836945588083121,-0.7804929002862931,-0.09550676666247714,1.0404818225940768,0.5137584683782248,-1.989333919460678,1.1452655481670984,-0.3893375145082921,-0.19959391397769613,1.1345428678571932,-0.0023296887584476965,1.6033231288521923,1.5831649849178875,-1.1113078912895247,1.1664960561197986,-0.8321283869912616,0.850669448983008,-1.1011694837091466,2.2339783086355935,-0.927130565847044,1.1456192150284321,-1.2175217158438376,-1.5105108574745745,-2.036167228024862,-0.8411531504542634,-1.2393130888794923
3393,-0.005662887916988296,0.14659490283625348,0.12795577511975934,0.18212894104387686,-0.7923600591365673,-0.9782165604106122,-0.8345850000821944,-0.7394318746345296,-1.4424509294488452,1.905038995965237,0.2881763775971285,2.1641490919263418,1.9341668256512072,2.3172215480062786,0.9026124252720023,0.4270712921370504,2.4044375434165324,0.8733803666635722,2.522461304168413,0.9026124252720013,1.1917092969032437,0.3520381864655309,2.666434206109568,0.968107608242893,3.0922015507588156,1.1917092969032503,1.0273114124168206,1.1030059810621753,0.44660799031236326,0.6729958725937497,0.02813558301000679,1.3249422242882953,1.3100843751850975,1.3108449362490586,1.97483970581422,2.516420420732997,2.7218005658753914,2.733817409530318,1.4392331597061294,0.7407745555231974,0.03514792648073917,0.376624708415835,0.08196533595289415,-0.3703788754837502,-0.27638676194557377,-0.1653068330204537,-0.2489242516636465,-0.5710022984359941,-0.5304198741933104,0.5975072830919824,1.3401474419726533,1.1690782968031759,1.783219521446701,2.5636014328807017,1.077277154271906,0.039037599051798204,0.5845547197165843,-0.9471571805661507,-1.133784116883006,-0.012024296412249636,-0.8160750557840253,-1.128291679135407,1.9429403272051953,2.2867387895697697,1.6579693414288346,0.712173872368467,-0.34664388651807465,-0.9982054903919994,0.8635866474505891,-0.06348997858422095,-1.024708136520511,0.043751556073971944,0.42395025852486046,1.009768860115601,-2.28927065884958,1.024106962250316,-0.778613870384407,-0.09211143476426821,0.6039201927497178,-0.7872960399508256,1.438330630061839,1.444851113861169,-0.8089789374053472,1.1611574189312632,-0.782786124105943,0.6162481990628935,-1.0476468395140879,2.3004033506759147,-0.9009538388543904,1.1317800967501102,-1.1699746606506085,-1.4902804931976503,-1.9828643662606515,-0.8086276011515353,-1.2294963273395334
3394,0.07563732933492118,-0.022292115508381467,0.07999393322543415,0.05306378306002014,-0.952528671132959,-0.9236506614289104,-1.037627481116357,-0.8052572560324176,-1.5616147930772026,1.9772182875279158,0.14309430488493388,1.7813092841746803,1.5067478289406138,1.9651813809914191,0.6012863568711916,-0.7091452211142556,2.3022359718939582,0.0021980370519198104,2.504909911453621,0.6012863568711909,1.0476054600034266,-0.47465488580569926,2.5826429393396904,0.3118280068206712,3.042888248858073,1.0476054600034324,-0.21096644145979462,-0.6183833297451243,0.2419175533833418,-0.09434609989100622,-0.5197634367141568,0.5730939919080764,0.8199969930380219,0.9215713099974502,1.5474207907965283,2.116469930264415,2.371233397166935,2.36452112363054,1.3424228333438144,0.606026942154805,-0.5596143279151085,-0.23438184501671966,-0.4614849642886638,-0.7241512915953356,-0.6324663930846686,-0.6145320411329924,-0.6383024338358161,-0.907338933727479,-0.881510165217957,-0.48913423225408886,0.7396868703322211,1.1266184354466404,2.101174860835702,2.368063849827935,1.0933574908822332,0.028314138861427418,-0.5680193045120859,-0.8930788907765274,-1.021064976767148,0.09638332078084469,-0.7885383935389921,-1.0972598667478013,1.5701674504811323,1.989884210550638,1.6033959321091884,0.3808187840192539,0.07090333941602762,-0.5932166116506793,0.1632099745768832,0.1152690685240962,-1.0862220432906042,-0.033625497321765924,-0.03739444569868041,0.842741776372391,-0.8993469234071939,0.05527595542114838,-0.5993021593797482,0.11218146638763056,0.4792417058499172,-0.22057698234559664,1.5172751257791062,1.56249844248891,-0.5325069652732711,1.1500361196322602,-0.7678712192847478,0.05873783329627635,-0.9055544928108241,2.3496264558855673,-0.9393907159243312,1.1463691325197436,-1.12290697702874,-1.4754126659115951,-1.9330147076227464,-0.7612275521767005,-1.2196383968392626
3395,0.04156392633871582,0.041861500565721105,0.13427558975176265,0.21044585610585897,-0.979646822152809,-0.9795457396313287,-1.1545142511026076,-0.8739118124219071,-1.2626795137612286,1.7659218634154283,0.24687282998888496,1.8692050277220522,1.6225533258912628,2.052943466577963,0.5068681237450818,-0.22181363981522137,2.2560240023499465,0.22237606935425117,2.470175970949802,0.5068681237450815,0.9678985523860263,-0.2569044076677451,2.5252175785006887,0.4177694792817859,2.9806504954775104,0.9678985523860317,0.18603813045516973,0.2129759678234269,-0.12311563916341299,0.57474694896919,-0.47545094709856756,0.46192354501761884,0.951066343844919,1.0257916714781061,1.5418931057695922,2.143927065478881,2.427077651076248,2.391492451288959,1.5575336999592495,0.8081543031114851,-0.7736112402405371,-0.5602291924287183,-0.5605647044991309,-0.8078161476114821,-0.8514795047945933,-0.8761949949815373,-0.8473459424738088,-1.0947037409084592,-1.0789850262702563,0.5389360989340439,1.4313157472733997,0.8834270760543461,1.7986101346738417,2.8269256635137885,1.2502030371791686,0.13505744409764425,0.740306591808678,-0.8432617383732657,-0.8997123142551596,0.21275543070667133,-0.7652257638872054,-1.2599446132483223,1.7391159762680102,2.402772369675995,2.121581929336954,0.12378210632701209,-0.5307002843756181,-0.5433363564107343,0.641735547880828,0.06519286708918383,-1.1055325162412115,-0.037489866785913595,0.5579105262549389,0.24391492871944515,-1.4309312964494492,0.6289936001618369,-0.5109467827835773,0.08521790728102221,-0.09323193451728555,-1.3875471424202845,1.20832277618258,1.2593185403650666,-0.3008349009991983,1.1301601945854896,-0.72673149250262,-0.483517120736713,-0.5820354604582604,2.431135636103354,-0.9461970719551026,1.1748056759464638,-1.0789628085896443,-1.459245819150021,-1.8850993686334954,-0.7037406739122516,-1.2058731523482713
3396,0.15567829866745334,-0.00765124613263335,-0.873932070253493,-1.0078613133388068,-0.12498724553604937,-0.803674367568361,-0.3046953152463336,-0.7872114675506007,-0.9505319453495507,1.2919564606465548,0.474375701700137,0.16523558934169583,-0.20495250423566727,0.4318057639798454,-1.1978001469434074,-3.6293561103989833,1.5326043638197946,-2.994042246145023,2.1722688679977082,-1.197800146943403,-0.008015696086029887,-3.1838911493431974,2.0352081574872467,-2.3055254881291245,2.7983662655362855,-0.008015696086028748,-3.4243397239816042,-0.18429025562053283,0.32746043788053825,-3.5681285300318266,3.8415779260616745,-2.648958035112307,-1.3141889383907277,-1.1310520229386178,-0.37987966114674926,0.3427633966832153,0.7967595131371785,0.7035789884307533,0.26691627860680056,-0.5960805579289882,3.254526638126259,3.8887479300447847,4.085116279682992,3.261883983981167,3.1415284733455078,3.3940256726915936,3.4791244377938537,2.3386790777587905,2.5169822070348116,-3.7435469425074954,-1.2308855966594632,-0.5553286922091695,-0.12498206930429707,1.179900376636349,0.5103072115166389,-0.7677763582406272,-3.351214207194165,-0.7893735114372243,-0.883946067046281,-0.2379770128983159,-0.839376081450636,-1.2267850131718587,-0.314014000720686,0.9420719423037219,1.853797758477009,-0.19989897633830114,0.28540202137972637,-0.8198799405372408,0.3332905288276081,1.174034938887717,-1.2435354187871388,-0.12862950619730748,-0.3123233354358425,1.3241547237882716,-1.3396517542991535,-0.9182504363020827,-1.7088748217179561,0.8977843170339866,-0.4105024632184294,-0.8514840695750335,0.8815465622850727,0.9609619897620897,0.16257717617495385,0.9979986093575245,-0.6169212233264701,-1.5057505134016893,0.12418801828198982,2.40102882925109,-1.0074319061177577,1.1631178809913107,-1.0371822913313589,-1.4614788049815577,-1.8523993582948295,-0.6849528550331412,-1.1720216561703733
3397,-0.9266595325771312,-1.0026299179589955,-1.0284498011958552,-0.7762085604599078,-0.32682395088165056,-0.12906593147410686,-0.25109283056687565,-0.18766373217811305,-1.1597618623005894,1.6520468599397535,0.41458871651322987,0.4304602504889998,0.09024060224107218,0.7027116899709123,-1.4992137479822822,-0.697161201716609,1.1960016849262038,-1.3985618799190502,1.859597386125792,-1.4992137479822776,-0.49553644238368355,-1.5628988964697152,1.7384012990645863,-1.42110296755105,2.58647846182357,-0.4955364423836844,-0.5222661605831675,-3.1153240117058063,-2.980584223635221,0.4811019861752864,0.3319206035666637,-1.4704542158147396,-0.8370161678973942,-0.6851758233356684,-0.11745411429914418,0.6049116114091772,1.0843998996438238,0.967233335307996,0.5888294260828041,-0.30160883004504796,0.4968373407022398,1.0413529121308658,1.236921294105293,0.9953190302281205,0.9699391995423594,1.111000572096656,1.1770446316562788,0.518667610902032,0.6184643172722277,0.7842333320619207,-1.1449283608691365,-0.08327748157308877,-0.006272462626309364,1.3152666642673236,0.7056671033582793,-0.30650358207582773,0.47132189522180307,-0.6425025115547863,-0.9211579179159108,-0.5521189764772556,-0.8601418023350126,-1.1955846618645922,0.1283725572733832,1.1404121817070954,1.7055062814894992,4.456838906035406,0.976547428785434,-0.07549357786111799,-0.4320163106303784,-0.9855408965784429,-0.5957931919071154,0.6416605464479689,-0.5157725989937951,0.9586423193224867,0.44040699910547826,0.6250611642499754,0.813908167684863,-1.3654169384539494,4.382322476164955,0.366094635422834,1.595981150951718,1.1687644421038592,-4.282246471450198,0.8667976721180718,-0.5026199227064093,-1.9846349544265849,0.8288869513681408,2.2704123382503707,-1.0924974975167803,1.146286632309,-0.9487608778474067,-1.468102131944784,-1.8271196731282524,-0.6727080049049995,-1.0398027919484822
3398,-0.7623973037655277,-0.640073931278645,-0.6600505756260028,-0.7011651738076234,-0.2523998854294966,-0.3633059744791732,-0.2649398820009996,-0.1157376705067484,-0.822361000604263,1.6037351783375304,0.8299714599006921,0.4845683314934165,0.155373846089267,0.7556839181151499,-1.374451082015673,0.22612391974647333,1.0114438046916137,-0.770177704192804,1.5920184540222542,-1.3744510820156686,-0.7563108357692684,-0.8423770600694825,1.5258836035231598,-1.046506286729464,2.375854260136546,-0.7563108357692708,1.3242168238997376,1.2052908016546022,0.49713197967425327,0.19070201868225287,0.21640278665675586,-0.7230673701002535,-0.6762684011210776,-0.5146210031794627,-0.05452211735522103,0.6330488991035019,1.1591969298592404,1.020277976425321,0.7267516261638921,-0.18944340372139284,-0.949271193613345,-0.6163050440239601,-0.47747806291559547,-0.4790824445947731,-0.5505225025971588,-0.48913209577361727,-0.4501283386117152,-0.7736415763106574,-0.7381698369591737,0.2603383928276807,-1.2436243389215769,-0.02753897602694947,0.16008998945186648,0.7731790406208306,0.8235245882227291,-0.3565887699621212,0.28697120453675823,-0.5204684880613717,-0.941121328563651,-1.0280121327432419,-0.8357488481756877,-1.1657484414356953,0.21201080613604792,1.1599474325209576,1.6468303431285787,3.5089028281097185,0.9878710956497018,-0.5992082785755134,-0.7713355909069964,-1.2585281466433063,-0.7028307054150699,0.362479411084503,-0.5924572042600581,1.6220712046512906,0.25476404971917327,0.5782203560488431,0.6437712075311007,-1.2267765568248026,3.215775676759277,-1.0106178983762282,1.2074357865306038,0.8282430654642035,-3.3926322967201714,0.7018647566368412,-0.3732156788783394,-2.0334956999318763,1.124261463299652,2.161371301951977,-1.11755285431844,1.11758660299532,-0.9026357958306154,-1.4706564741275292,-1.7955275531407993,-0.6538442250843779,-0.9173553244086253
3399,-0.8416107104672135,-0.8672126862813776,-0.798620438382073,-0.9922528266634656,-0.1978716984331746,-0.27537641424106096,-0.38597645133481967,-0.14523058929000443,-0.038235565245908536,1.1297819759036594,1.2698744259828962,0.13872803397398448,-0.19325275038588646,0.40480215628445076,-1.4960122054243974,-0.3257333354260423,0.7349297667204947,-1.1859384579348549,1.3184807382896593,-1.4960122054243932,-1.094220970479158,-1.1050800282010962,1.2590290257308203,-1.4224844781236108,2.1530637287430805,-1.0942209704791614,-0.4396142658102762,-0.689660770344649,-0.20460952118301315,-0.4733938396733299,-0.1236803293273084,-0.9309310698072149,-1.0914171258658902,-0.9526310322648036,-0.5307654167230269,0.19100447856491357,0.7884192446663526,0.6059917079640934,0.45825666225796713,-0.5118651201406749,-1.3204107885734593,-1.0264715071541852,-0.9390022109719964,-0.8761101039295469,-0.9679138787064935,-0.9338827584480154,-0.8951018868186404,-1.1222409974669756,-1.1055138125059147,-0.878241073975158,-1.4181267330855052,-0.5762188746148704,-0.004830194336730189,0.9655118709333458,0.6294674680586382,-0.8331471253979569,-0.48688309414386477,-0.42840660756006776,-0.9537609496216315,-1.3575970000050355,-0.8117512187027528,-1.1377585788107765,-0.33329513665762955,0.788277405765271,1.5938418197265867,2.7685425659623646,1.1556542431867276,-0.7945864191297094,-1.0647893898624825,-1.670508106340102,-0.8196045874190905,0.3568000251638738,-0.8438282006383739,1.9677007180581612,0.39442620681826857,0.7338226196247636,0.867089916843558,-1.4706597784740403,2.326164230824228,-2.0064411604669217,0.4058504058007959,0.03472220595834348,-2.683788528550314,0.5315991145079341,-0.2799635871649342,-1.5408742816229717,1.2149481663375117,2.088149523284416,-1.2063091318820536,1.0899224659671536,-0.8770025594081431,-1.4697651698548584,-1.7674716169367568,-0.6087674405888831,-0.8304575318460198
3400,-0.9074072741761997,-0.9512597051593132,-0.7813060544639848,-0.8649539168864878,-0.2161125505552951,-0.08678197050410555,-0.24011744057871787,-0.17142069250006498,0.06294224274192234,0.7527791307776536,0.8381326697253019,0.27583791053064144,-0.02747308174451631,0.536985159186305,-1.225178262271428,0.5713507760550293,0.6221615617997723,-0.4824382024237509,1.099164497265298,-1.2251782622714247,-1.1851057273011547,-0.3338612076999184,1.086929502813689,-0.9227883724424907,1.9437040265275007,-1.1851057273011583,0.1011999854075498,-0.23873898375292835,-0.16046756905149698,0.1323852520545148,-0.5605311339801635,0.07877446446569618,-0.8149165134582547,-0.6942756694940049,-0.3864468902409017,0.31694618698294663,0.9392369278355398,0.7354965766315683,0.6667469407267342,-0.33500791262170204,-1.2083487250006169,-0.8851049391278463,-0.8363451474137491,-0.7622034459888869,-0.8560749874574043,-0.8332546337561776,-0.7853731133668961,-1.0335476462665971,-1.0155243997199628,0.4324500649153708,-1.4093512596324964,-0.11843134495538792,-0.2127226500156815,0.7229017446743837,0.6792932582988364,-0.7967201142076612,0.7743532254538182,-0.41186936186596457,-0.9220206997243967,-1.6317651945969092,-0.7882463843633407,-1.1116274065700538,-0.1547703514731983,0.8721311798501803,1.545607558067303,2.4291523643283934,1.4795613825781078,-0.043566337795485195,-0.8787665992105896,-1.665928096038975,-0.6614342409442613,0.7680737180159956,-1.223628117901914,1.3103003678922471,1.0313432744567714,0.9458055268741619,1.4753258180202056,-1.8831160051885163,2.365894640017074,-0.33290096536044417,0.2816551055409393,-0.06814537536124679,-2.36184215489602,0.4400005187079275,-0.2688436650422681,-1.089200704698139,1.2491226811328788,2.0488103464042235,-1.339749498812281,1.0557719772282528,-0.8738656741206822,-1.465442686325776,-1.7448159549474467,-0.568110991812779,-0.7397129925195666
3401,-0.8380243131336227,-0.6168466034684151,-0.6958270595806041,-0.3721894485061215,-0.560999782453841,-0.26394054602687916,-0.44929917506085265,-0.3624528497261518,-0.8269581021287508,1.187215250421844,0.585927111807661,0.8673511542915875,0.6570328487383826,1.1195037526835354,-0.44147673512682445,1.766599984914258,0.7925258553773582,0.7673109273454816,1.0164134271069498,-0.44147673512682295,-0.9014282868941551,0.9119582019576775,1.0981030613412508,0.12381987875818201,1.7862250447372419,-0.9014282868941581,0.32836034246286666,1.1165546944388876,0.22298045854506152,1.4226537635939973,0.44432762765677875,1.0991324597372174,0.1178826793461857,0.12193862194750507,0.27405514659356367,0.8956169434684932,1.5041738393989164,1.3063565962807877,1.2727039742966602,0.2916934050868611,-0.16307714544185828,-0.4128169079018166,-0.4081196286321126,-0.28711976086546454,-0.4516315199598174,-0.4012545593626289,-0.3188666231105484,-0.6413138086237037,-0.6608979839989809,1.5276993145472988,0.9450157720407398,-0.19994653634676268,0.13656155860805663,0.514041650963859,0.7184158984601722,-0.41527447350193797,1.192128317058571,-0.2616387005147329,-0.9483148670076534,-1.8950315680260899,-0.7657504901763326,-1.0874131570922656,0.6243426286272641,1.3199448017565782,1.4998900734696448,1.934865664499595,1.5493191918316478,-0.5473766690864398,-0.5236471054536578,-1.6768444970097767,-0.6872506676453259,0.8003639755849552,-1.366432234194941,1.9475771105452404,0.012309090400868276,1.3475324001787503,1.0923629191443252,-1.8875181974603474,2.2930510334547702,1.5898934748596774,1.0406609686017143,0.826616721392608,-1.924955962362446,0.1937652589827385,-0.03089653609143115,-0.7855870418549705,1.206026320208935,2.0739090558318796,-1.5488346240565518,1.0446749920317957,-0.9103477706247233,-1.4590731781137087,-1.72592902338957,-0.5287682545627782,-0.6951743233371441
3402,-0.3265837909054535,0.2498787299729115,-0.09116629809034306,0.3737009505770222,-0.6035359367747987,-0.7639547725063915,-0.7376900647881558,-0.8444010912014818,-0.7131394574724481,1.213536532963027,-0.07927078888376875,1.513787866589478,1.3418734131717656,1.797198160329972,0.6680188079046896,2.3765090593192513,1.220062117106795,1.900290677474632,1.117322229947226,0.6680188079046887,-0.2823730924243062,1.9695311861013987,1.3020703492556898,1.276137284848424,1.712463313933525,-0.2823730924243064,1.898050717741226,2.4198396302166145,1.4099204607569171,1.866657774341504,1.2104375700450605,2.2780271158646603,1.2934821878898966,1.100347626955688,1.1442790012152868,1.6521957780862992,2.202834938126675,2.0369756192746964,2.047224177594565,1.192726593689031,1.6352728236214673,0.6856194042981647,0.7359077284892918,0.8681804488538467,0.6723252468994897,0.7977853520720986,0.9496471206823435,0.401798252462385,0.3366868123465584,1.9851176695974218,1.4979736120100167,0.27706936712529384,0.9606346740440223,1.010478698403354,1.4280504965523866,0.09430878284281002,2.025553822180859,-0.15972137459295707,-0.8902845713359575,-1.8064601705475778,-0.6601565207357132,-1.0652318799640974,1.546330920547644,1.9255523588557573,1.5857313297475848,1.9254802848538914,0.043754301619267126,-0.560459081476411,-0.9854351271798785,-1.494172597536381,-0.7248361160973031,0.4855928016727773,0.2296276016627229,0.7001654689068539,0.5621740449638548,0.6546011265043372,0.914843514763379,-1.433050686231927,1.8408569675153268,-0.6124110375492223,0.9376998567853293,0.7104894179373387,-1.9168844416578235,-0.047437989623180035,0.04426987335474406,-0.20284180101458718,1.1642140072975433,2.092284845090246,-1.651265057433779,1.023479707677023,-0.9352472668610389,-1.4437848646398825,-1.7011724801013293,-0.5105607624589656,-0.6729510578300592
3403,0.43223723506098005,0.6000319518942561,0.48908055025908753,0.8395133636842969,-0.8099432517952867,-1.3672478061459852,-0.6784798686765219,-1.1222677687560005,-0.6848871012280782,1.261134155673898,-0.48626216917199716,1.7704596351307225,1.6012896040997748,2.0689531471181652,1.4192042671857121,1.6361649135276943,1.6366143843022976,1.9141362032730025,1.337498406838733,1.4192042671857097,0.3404922472159547,1.9224479134236714,1.5532500700380465,1.6089284296580544,1.713786439298927,0.3404922472159571,1.6079966012461897,0.8345517212429877,1.8042085010072078,0.9882300131389995,0.2436202332828479,2.4196348346717937,1.8620551883437582,1.5965787511738438,1.550445604410703,1.975164272476603,2.4898115894844515,2.3532694697895025,2.4210117531553634,1.7129646384372825,0.5152983211498564,0.02986463715129665,0.11000143717263723,0.33811507735799995,0.02705388582673156,0.17893171388116227,0.2672681354894285,-0.1136849189379786,-0.18515094310109578,1.1048049178972736,1.857126514265072,0.49090622876020074,1.2802938072455603,1.4380816176761082,1.93861886207722,0.057727749275569534,1.0983081936177295,-0.1616798386426916,-0.7508372733968118,-1.6462514830070927,-0.5161697835106206,-1.0452763367839097,1.892718738880164,2.2023061014921264,1.7220911427227508,2.2829607289914686,0.3898676545207543,-1.0636424327282556,-1.1998140734347686,-1.545236151916994,-1.3413859860030308,0.003971889493252747,-0.0679895560069928,1.5515341427105136,0.26238021115503624,0.49912928379777816,0.5812143884171836,-1.025595497551824,2.23532700721001,-0.5336586614227794,0.9725554095612247,0.6777779541465248,-2.278375788361945,0.042629198632981216,-0.2238427178014129,0.18002163512307512,0.9954324796751184,2.0746128438998888,-1.6026558992637028,0.9972762022482041,-0.965366669908293,-1.4196772950905834,-1.6569871894052128,-0.48860614525320395,-0.7342510211109894
3404,0.7758876262269541,0.8066834558703769,0.8754689770881714,1.018877095913241,-1.0251096667197375,-0.8618027090589319,-1.0548313631276434,-0.8962657319415421,-0.978210979312274,1.8644485684867047,-0.7765090543964169,1.7877646726542598,1.628890295455382,2.0704406142204714,1.6058283972694913,0.4731504392637759,1.8934290824455893,1.3344747809151256,1.5781955807707346,1.6058283972694887,0.7598688788982862,1.2869362666295838,1.7486260652122514,1.3722239701779788,1.7599912417078594,0.7598688788982905,0.9690168582506244,0.4440208001772306,0.7211364370674896,0.5419314521757964,-0.4241172935944057,1.734384990942008,1.89050304395823,1.6553740432843456,1.563051616038826,1.9426661195967085,2.464377279402413,2.342408736642125,2.4678566701421314,1.8809941954574856,-0.2312025007808715,-0.43165141227307574,-0.3514168121420699,-0.14630353751457334,-0.3915001891339987,-0.2730651289626782,-0.18088314864408062,-0.482653371106169,-0.5538573503845049,0.3489550841368265,2.335649813192306,0.7668533282106501,1.1429350877340383,1.6291508508318668,1.9480269159424866,0.6115212453500442,-0.20398739935177834,-0.16931150398882197,-0.6045041078744522,-1.4642554353524941,-0.41350938184887376,-1.0276864977638445,1.8728466035507507,2.199408522176898,1.7852779440241946,2.032007417120868,1.1370769016590525,-1.2333403785967876,-0.6981367882550517,-0.9156160932654324,-1.8605289712493125,-0.054158237268313286,-0.8879622719598369,2.267718136237532,-0.560370995898594,0.31241848886259316,-0.1361040657469358,-0.5690427233012596,2.127417368921375,0.1046979523865461,1.2061963814979735,0.9707461277705203,-2.05631991555318,0.2834564847133896,-0.3881837438080578,0.5338336381728244,0.8708187332099128,2.0871962646662867,-1.6264707373523255,0.9879798297163216,-1.0002558872446823,-1.4000812216856189,-1.6231212157287802,-0.4625743198046307,-0.7890448092869945
3405,0.9207930997168683,1.0585615910027284,1.016906123632449,1.246876591943058,-1.155721086619164,-1.1719404190475522,-1.155629112957806,-1.0168692641145396,-0.9827580787183396,1.778600412807182,-0.8520821345119686,1.826380074486195,1.6786982464890987,2.094965097431258,1.5616159467021697,-0.028736122106432564,2.0546726062466334,1.0174169667450423,1.7956279897568532,1.5616159467021673,1.0423974280692527,0.8846388797385627,1.903196208299081,1.2293795535959724,1.831430169843337,1.0423974280692583,0.2714613679800868,0.5083771729724554,0.2487196339375334,0.7011526774409302,-0.10285185143495218,1.1810584867942875,1.961639625794786,1.7554098324115692,1.626277291521598,1.9240709943202094,2.4643762286700106,2.3481189140046723,2.5255492048569836,2.0783635927972766,-0.5247302551176126,-0.6292398288580695,-0.5176984474238131,-0.336818662902961,-0.45255506854270877,-0.46136042209933376,-0.36520895437513007,-0.6270263531222466,-0.7023374542767193,0.42975530034292064,2.247519527918867,0.7558353486220604,1.5604221311656148,1.395292937645832,1.967793319196839,0.9212410632570409,0.5021235159408315,-0.17125321784355996,-0.4389338087716881,-1.257756259346427,-0.29119915135898927,-1.0130395855504177,1.879860810478127,2.2208795990008596,1.8655738017519228,1.610601627134739,2.2226984449789975,-1.0526989384733074,-0.7830247069540699,-0.4571177552538995,-1.9454290521929267,-0.5290774792062196,-2.113783768472723,2.777181505283182,-0.24731361378674088,-0.30912521450169334,-0.41838651552821454,0.18069988665607517,1.5944216407507343,-0.669198906408384,1.1447703526724315,0.9729261073396716,-1.6626687242173508,0.4096565583356781,-0.4915563431471945,0.45149468381724855,0.6807013388467207,2.16751719542708,-1.5611956508683549,0.9972329495280318,-1.0378774670282225,-1.3816836156613894,-1.5950766005614205,-0.4390744013988816,-0.8574128751511579
3406,1.1653010910515655,1.0984158685353471,1.3401872958037215,1.1706021069749046,-1.4079875996419626,-1.2194868849956653,-1.327848339488622,-1.260017908632163,-1.155877405891889,1.64894663894397,0.023513072393378336,1.613974030471084,1.4389442763724167,1.8818815042605157,1.1644566009181492,-0.8540985263099611,2.0434260857170767,0.270299866228341,1.9306083202763729,1.164456600918148,1.0630077172610675,0.09107467925237392,1.952776120301324,0.664156293073199,1.8969694373240698,1.0630077172610737,0.6777607121714554,-0.00018378640413884125,0.41615495956411436,-0.03435925940811346,-0.9811291814629041,0.3484967501602094,1.4409363320254738,1.4674678532343892,1.3802194583360539,1.6413264796672724,2.2356489301813287,2.1157584643409266,2.3210325678239645,1.9501865451272875,-1.113860727132107,-0.9422772206781636,-1.0660015702243018,-0.9109325726911836,-0.9909695957840893,-1.0317503942734145,-0.9818212973654652,-1.0755799310271608,-1.1564089471206833,-0.26911652735676167,1.4602233043382142,1.997203668223971,0.9171917643150704,1.190836027892598,1.8369431395422424,0.38980069808480033,-0.18727331559316188,-0.12415569278155625,-0.31243282367973574,-1.0769242101582954,-0.1451750894430867,-1.0932091984118837,1.510299488136818,2.138519699865872,2.1692522149441587,1.252271670037652,2.3599157676007247,-1.0182456459740992,-0.008839742798464913,-0.7224519411226858,-1.9717119394190308,-0.8747094650212074,-2.3210757115974174,2.72965410064532,-1.159250719466305,0.8171121824469656,-0.14779426971122572,0.31785447546133744,1.3192634180810738,-0.3945314689772828,1.24420430713211,1.1436158930017923,-1.3444628701254235,0.4479422092057624,-0.386906471526141,0.4967874418585351,0.505476163103677,2.212215536699487,-1.29339344826138,1.0212655688057266,-1.0878528737527704,-1.3624218925011249,-1.559335263039942,-0.4030239692540645,-0.9684537337172432
3407,1.1714404195118122,1.247493579311943,1.4098531650510258,1.2384726257656622,-1.2804948961005964,-1.506298546664357,-0.8918342965805715,-1.2780665563353513,-0.842721628292426,1.7194421226204206,0.23985553951637378,1.5475002175709593,1.3822564496255645,1.7978335710824056,0.7775330280126457,-0.8579369651707708,1.9807983379307634,0.009205893114178696,1.9914783097846447,0.777533028012645,0.9846915147223511,-0.22166400900064862,1.9550446029977813,0.396425434291856,1.9461470143505215,0.9846915147223558,0.019259465749598373,0.20873884821018518,-0.08164590190426949,0.06228775885491546,-0.7305007967887309,0.08500965485658879,1.1539195803080087,1.366850940194729,1.2611137030137964,1.496650408729128,2.126518892732912,2.008975818364116,2.2398339673895937,1.9680066301891017,-0.5744700709908644,-0.5600058543882421,-0.8726106418689501,-0.7121475797281018,-0.7806818387797121,-0.8428428637003109,-0.7838748774382903,-0.8840843072208052,-0.9978712335951673,0.008343289383996148,0.645517830558968,1.6821123063461036,0.7320102829449416,1.3688066772385776,1.6566957934597395,-0.14799066788516718,-0.09128246361754924,-0.09365436566974573,-0.1984949562557844,-0.8998865014098633,-0.07742076231350788,-1.0883969645952236,1.4127606179508203,2.0271713431902016,2.1338211211224793,0.9253390449866469,1.1888197685756308,1.0299826876291691,-0.8575298867782981,-1.012395569986492,-1.8607252428164713,-0.4803054740457824,-1.1269163354319411,-0.142601197610583,2.1486938304411654,0.255112790177976,1.715244846286229,-0.2567393184009827,0.7681777353056193,-1.5851908273020319,0.9072822736110248,0.8288996238314963,-1.0170558466799884,0.5796936176523163,-0.2112045550180598,0.40279382097775607,0.48670121668387745,2.2267290150623826,-0.9067985113967377,1.0342853125374147,-1.1428754633837772,-1.339485844239864,-1.522023724438318,-0.37611278113839736,-1.039056692721767
3408,1.164880108143817,0.9047427427362684,0.637262113034451,0.7163796546167654,-1.1316650793220935,-1.2628338498082234,-1.2325745293263228,-1.1645243354116481,-0.7615668094586834,1.7874291187883746,-0.22233493001184318,0.9566845168628663,0.6481468125338673,1.2827970790065337,0.0046449716554409146,-1.7049381657295037,1.7234884505649848,-1.0314627975781068,1.9322907558187152,0.004644971655441662,0.5899134142315527,-1.2135913689173747,1.81797031169999,-0.5552143872336984,1.9490372655477408,0.5899134142315559,-1.7909228360800868,-0.8304346837146561,-0.1275571650261297,-0.9620907542714087,0.595810153854283,-0.780383183280382,0.3065423415467036,0.5494266341257453,0.6535433459667844,0.9421062559952543,1.6707102534214946,1.5236603968153382,1.7887379445797125,1.4275436093958433,0.24541615042833426,-0.04636915218784326,-0.19166212939572438,-0.32741414324437057,-0.3331256345766684,-0.4393538410856028,-0.36211093039939257,-0.4992973245592441,-0.6726221572197706,-1.1432001289847333,-0.2600557629640591,1.161381176531826,0.22402463808586145,0.9806708768685253,1.5834707954183063,-0.5335023067705109,-1.2836179322358177,-0.03681096866698204,-0.14957181839359854,-1.1231252706920056,-0.0366882249928914,-1.0868715506783522,0.7663821203968219,1.5763195767955005,2.058651375600286,0.5918468823467697,-0.20907158550491534,0.859143879578236,-1.283795969417809,-0.6914717486270501,-1.6903510895268172,0.044672847420375146,0.3089732824218889,-0.9928099281586196,2.3436046540415068,-0.5615525978623505,1.273779561630746,-0.5244842947447668,0.5516336319577135,-0.8859816560603818,0.7818891984345006,0.7497730389861801,-0.6839093306779278,0.6161276115987825,-0.19675340275342995,0.35619223017563006,0.504650563603938,2.22392954718981,-0.6770550017763518,1.0550095167353872,-1.1950459702587302,-1.3243962469963932,-1.4848588265305656,-0.35081230956308757,-1.0658947108706833
3409,0.8396082526246391,0.6506596832382981,0.529388745069547,0.37769561666484225,-1.2327489060144599,-1.2061552410137297,-1.341223311556179,-1.7503340817750352,-1.177119638982882,2.1248286977662154,-1.0125143817975508,0.6299449974588762,0.2698052114216555,0.9846018924550658,-0.6596894699521886,-1.4656603351009165,1.4305053745400689,-1.3328961774205652,1.7849443898916266,-0.6596894699521865,0.11619973293396231,-1.4648269856019618,1.6286751368563313,-1.0126987683559003,1.9045314925935224,0.11619973293396368,-0.2759006125206228,-0.5710439353424189,-0.6641341298017012,-0.9649722343539346,0.2012699982055846,-1.1013181070780833,-0.28250061573712476,0.04796500077501607,0.2920712253219998,0.5751241150116221,1.3920277914338555,1.2307768047393433,1.517012654214372,1.0952282236729656,0.3731257481722747,-0.06449220184465762,0.01081713684380012,-0.29894644879798166,-0.27656447386971833,-0.37783382010952427,-0.33830995673118536,-0.4537797809514678,-0.6394503890748509,-0.7227469780795508,-0.6755724838865542,1.199439897529302,0.13320774624410278,0.5534188742596221,1.7063546248026735,-1.1829143011299172,-1.1295968567602908,0.050651521722570515,-0.11833582825281541,-1.3608195499461575,0.02390479776391148,-1.1028728139221988,0.34666332979164255,1.3199554967383615,2.056868899628015,0.6806264508507456,-0.7466517019529598,0.06918228799784935,-1.3767142911759676,-1.1790713784026459,-1.6060690745721307,0.4605416179508951,0.8892519719529515,-0.6064385545500073,1.6032983442977857,-0.09884655506240267,1.1084926700259543,-1.2437694313173833,0.8735314573806923,0.3112472322359874,1.1732440079908903,1.1693877063377935,-0.7790679980690495,0.44224279754860585,-0.02818472630379269,0.4641395417624986,0.4618649718556597,2.158060953541473,-0.5255844636627134,1.070640127618622,-1.2041211661450446,-1.3110343863539624,-1.4342684892952882,-0.30559340931922463,-1.088485849059965
3410,0.23935704127270158,0.2140592086057812,0.1857561165814525,0.12543248059404702,-1.1626553570728488,-1.3229093807191734,-1.3261404742586227,-1.3001963798437355,-1.202631005930238,2.128812849680466,-1.4424095386784137,0.40490041297418905,0.013167530552088138,0.7782789689578322,-1.1268723135667937,-1.0212289418436395,1.1554949852197394,-1.3959482607048483,1.5891170700302486,-1.1268723135667902,-0.34295596117492344,-1.4480513427687187,1.424800275678161,-1.2697994358564348,1.8211707607263068,-0.3429559611749234,-0.8025006650349038,-0.9348353979473931,-1.159784792354338,-0.25198144959526747,0.02127320924349318,-1.1374643789040926,-0.7241648917921982,-0.3220014519780579,0.012460774873176804,0.3155753402722049,1.1941118878787438,1.0262922273959991,1.3282893738192894,0.8593379448692473,-0.05568498345857836,-0.4623083363716687,-0.36364919372043797,-0.6085196157636821,-0.6167751862807087,-0.6554520193619724,-0.6553813928622734,-0.7628798656550206,-0.9216785020454807,-0.5444103480565747,-1.0501255431637035,0.8795619450087903,-0.15770006940199066,0.6760048872587883,2.0098043396967475,-1.248306452704689,-0.6579960232028408,0.13017250048272508,-0.0924158912586508,-1.6667376058826853,0.2623525555503358,-1.1073391358101754,-0.13366645356267096,1.1368136608617367,2.226064327233426,0.528826910082435,-0.2549165572213107,-0.011331199706845348,-1.2655548068997744,-1.4939186740052766,-1.6986448976835058,1.091755668159084,0.3469580958526493,-0.17337768804426634,1.3947734226139938,0.40000073446692225,1.338685160727681,-2.0190090604593967,0.5440760668382648,-0.6357477202109206,1.173498438502664,1.196841654587461,-0.6292398077485002,0.21807144092964062,0.3385908624020016,0.6340019708007165,0.48121276636261284,2.0221605824033566,-0.49582979427687485,1.0684700597711803,-1.1822158441562203,-1.3014405953097354,-1.3781070717935822,-0.261679819280548,-1.1126955626945483
3411,-0.1353563764357926,-0.26401499152613517,-0.2917833550040877,-0.31774304551488397,-0.8307756332368483,-1.214494066295077,-1.0838127278325513,-0.9771588135264636,-0.7949252946061213,2.005869853311041,-1.6286946463764491,0.04583035567900959,-0.3853671163877833,0.45191502995566474,-1.5922205509379728,-0.9763409726777993,0.8401839622020596,-1.682071440096218,1.3496450010172651,-1.5922205509379679,-0.8625532583935955,-1.5986664722366801,1.178894742479668,-1.6977752852757677,1.699580408009339,-0.8625532583935979,-1.1104775840311352,-1.0277508419261752,-0.7432849809120647,-0.3885578849660754,0.12532586504298673,-1.392791278259909,-1.2693350602026592,-0.9133737113890551,-0.3974873604827566,-0.06613142050866277,0.88103739953718,0.6952893189090703,1.0270524529245053,0.4549046393773296,0.19137078903305654,-0.1183216432626429,-0.05697035079819279,-0.2872463134743256,-0.2589784521448263,-0.3562402682353018,-0.3744589253018524,-0.4840430929005016,-0.688321718091846,-0.9506968964262279,-1.31292758375943,0.07786811169451736,0.7060906638158885,-0.08333440774225327,1.819660466529866,-1.2685500076587342,-0.9373624564460393,0.1321577483315017,-0.06491174821277415,-1.768056114692335,0.19827692590770116,-1.1039995604990445,-0.5317425319272567,0.8175910527270012,2.057075529072567,0.3275041243100672,0.46176947909355287,-0.45200400404579033,-0.8156168231220002,-1.4751220646558985,-1.945262429535582,1.246431579580561,-0.4390552288678075,0.759236106249313,0.45448375230269095,0.8653875817349821,0.9915332379461391,-2.1280544902285468,0.12015621179595073,-1.6367903541301847,0.7725345795400368,0.7899103997895237,-0.4026911913556152,-0.03446539918273796,0.9246958702874495,0.586247685278835,0.5977277617657548,1.877596468706258,-0.2172238420616709,1.0506624067783883,-1.1636514699065161,-1.298258413783209,-1.3246315730999798,-0.2404836255708124,-1.1315348964421634
3412,-0.39218198112901725,-0.2327952503176357,-0.14004792904690289,-0.1640530220576475,-0.5354837899521365,-0.7624126305589528,-0.7621281958326069,-0.5300184825637763,-0.7290012611331567,2.2443084208083657,-1.1533789372862386,0.15719529756424253,-0.229118623549181,0.5429270488666997,-1.5325219111083386,0.18908931105469376,0.6763706784467378,-0.9098204493888742,1.1363244642646932,-1.5325219111083344,-1.1330138032837764,-0.7763211406612059,1.0085373735204273,-1.2428554652782968,1.5670043015405841,-1.1330138032837809,0.3482177813856897,0.05867565384236851,-0.5204694519959554,0.4806911138276396,-0.24239022168637855,-0.5923058900040439,-1.0401619021171828,-0.8555536402937904,-0.24883925003723661,0.03437013575262162,0.9554174485372317,0.7839246635146361,1.1185030335563964,0.6025414584205013,-0.05881014912131616,-0.05320927281615272,-0.2032672255182284,-0.3763203300861803,-0.3574845606643873,-0.4363894326913769,-0.4767515607435983,-0.5467004216937895,-0.7511347636462848,0.3227339909466567,-1.227271178765391,-0.4759779163655631,0.5747592201587711,-0.16448730879525916,1.8865711084000418,-1.3263647770969869,-0.018419112650562675,0.20209845649229916,-0.038825804246329525,-1.8494491847348455,0.2334264817544313,-1.105712374314526,-0.4019080679799968,0.8980099902164649,2.0077375367512236,0.3108618566709566,1.0497076165589598,-1.067464466101682,-1.1515057850664292,-0.7859691977230803,-1.8290950006621767,1.2882884863851272,-1.063479229777373,1.6822344460863454,0.2450841883959227,-0.32356558048549117,-0.06441155846311275,-1.6702065511214008,0.2797702265700248,-0.4922884530612182,0.7098687467860093,0.7289367726374659,-0.35318886540528394,-0.29768845992132686,1.1667794822009605,0.6087826195793544,0.6699955129354049,1.7471835567116794,-0.04916262283494415,1.0264801946160294,-1.1409878370400415,-1.2931121949650655,-1.28220204882861,-0.22765101667456333,-1.1438584095743174
3413,-0.2730971474054387,-0.5545506772942707,-0.4522460342770603,-0.5973143116667032,-0.5397588243298973,-0.43823702838954753,-0.6846883811346209,-0.42226268412618834,-0.8548211746842688,2.232944775015413,-1.565633867123249,-0.2035500403150563,-0.62445448715452,0.2178738111328688,-1.6728082293565507,-0.3086899220575291,0.4310515867647725,-1.2976492197119116,0.9116221420789979,-1.6728082293565458,-1.487084864337793,-1.0190951800057142,0.7885566014937642,-1.6087864923363158,1.415827042751653,-1.4870848643377983,-0.7362458985560683,-0.7070704491060452,0.22790486550684655,-0.6847699871516916,-0.20727386720508612,-0.9121391272763951,-1.3745435293088597,-1.3422005407047093,-0.6340955424514901,-0.3518165187703302,0.6420595386996877,0.45145738495929455,0.8230653867519754,0.20569955243613738,0.6007528544583985,0.7077235269243015,0.4091201291010513,0.173774947480753,0.32880165939580036,0.10760210204059703,0.035530860208144534,0.011866315072269908,-0.3251498862147305,-0.9383829968426641,-1.1436963068869692,-1.1434315500427794,0.21050427349981787,-0.5716080050060507,1.5218745405745153,-1.6643531450954272,-1.0658345104271543,0.12477098345654566,-0.00864954130245932,-1.8244440459758788,0.21622929163966337,-1.1101055018934483,-0.8522633871711773,0.5623607678356289,1.9053708415177162,0.048226652835204234,1.0139341129809079,-0.5491625096279572,-1.2996079557145737,-0.6036024811860955,-1.8600151489723526,1.3439513758453026,-1.0723368078654825,1.11828420958761,0.9244532201248093,-0.7015928110522663,0.1511183467026116,-1.5848498046192807,0.11527909978299111,0.014075725394737464,0.786998125317285,0.8565299101786468,-0.10753472727820704,-0.5957791415760615,1.817630750907502,0.6177779035076754,0.7365872334224429,1.6094928119670804,0.5453355776163048,1.0043981953028982,-1.114413485592408,-1.2917301031418311,-1.226699409308234,-0.22736242489248987,-1.1822351158733273
3414,-0.8522318357649344,-0.7267071961733609,-0.6712701548988511,-0.41661691743054874,-0.35314095169879856,-0.41720070549751637,-0.4883442267197554,-0.29998016533935434,-0.4131984410518602,2.0135818803930436,-1.2842783973649081,-0.054090873152630746,-0.41111320595300466,0.33765616138298377,-1.4065678684646297,0.578155838755123,0.3232275323710465,-0.5801494410515994,0.7263056150380406,-1.4065678684646257,-1.5927124341837218,-0.2641803907920862,0.6428753548180992,-1.0906999675655142,1.2670659040179206,-1.5927124341837273,-0.5351188502510751,-0.395567722823473,-1.1653766905175005,0.950382103334297,-0.02923129009326417,-0.2759668982972985,-0.9818373814687926,-1.071590797768134,-0.4423243621363601,-0.23167660256024566,0.740593112618447,0.5576766461031162,0.9309216890429683,0.3773742857019603,0.14800126267707964,0.3282533735497594,0.2040481428041084,-0.13904848479664733,-0.01061621920959403,-0.17205130518987052,-0.21704031574637506,-0.2544619933373742,-0.5426904094149135,0.38436276353682325,-0.7108583836720018,-1.1504040579153432,0.6113292459753791,-0.3520357926062541,1.7100395870949845,-0.8571421975841917,0.5932718210038107,0.06821499260940345,-0.0043862776468944365,-1.7446216119473827,0.17701244406971928,-1.1029235025446833,-0.6277803854800676,0.6644931081245747,1.7807369890155147,0.05763580961630646,0.8504711837234612,0.7105733927162559,-1.3082210565859858,0.09854339781117842,-1.5619300859216745,1.6431698136066668,-0.9010077619727435,-0.08432838542895488,2.0269053495522287,-1.495803683851553,0.39545545839170604,-1.4024230567991305,-0.15753347352310848,-1.3784152633145201,0.3854417096298825,0.41220633005062435,-0.09484556402616028,-0.7539940654055727,2.138372010029536,0.627508756777386,0.616415347352973,1.4959490243620162,0.8506469936672444,0.9779416882066437,-1.0924405363415415,-1.2927955987777164,-1.195934402233313,-0.22527023046867797,-1.2027032064082819
3415,-0.35146503607774116,-0.4787989540343036,-0.19224654997459786,-0.3727842519046209,-0.39467797524233617,-0.25715984622168286,-0.33507138159920996,-0.2562879927292634,-0.45056311694622714,1.857990387064525,-1.2530067680535297,-0.040609072658195224,-0.38179330896633146,0.3452450276292596,-1.0989824936550523,0.6647684080723495,0.26297747616403605,-0.3272664868343356,0.5823217227341435,-1.0989824936550494,-1.5865583304220965,0.0449733252557882,0.5301398376405403,-0.8458781006039325,1.1271848855076814,-1.5865583304221034,1.1362477953811565,0.5405676791942907,1.0020288012961434,-0.04435542989761917,-0.7844012198346904,-0.0038618264667731233,-0.716402500419989,-0.8972345230096965,-0.3698006594768016,-0.2125681574149668,0.7465744896118014,0.5565335000568182,0.9477467848352745,0.42114890010450473,0.31288364462120627,0.6337655414268624,0.6042679531418095,0.09946338547604469,0.2905706843906767,0.10732971287526293,0.07340083826209694,0.020752033537701324,-0.3264469920187281,0.08483849440679862,-0.45902257791080225,-1.275081325195186,0.510314273491681,-0.4645161552642356,1.588609921206856,-0.7799686993509465,0.2186988241872967,0.02389336607916477,-0.028162634286425403,-1.7615624207064358,0.20911220746847334,-1.1020906175486813,-0.6088607562236512,0.6676415311096127,1.7340053727116196,-0.18048833900739517,0.06836082691192909,0.9159750939836031,-1.1955315831337165,-0.21135634547229087,-1.6779503967057108,1.0043656475027143,-0.10459275620742511,-0.7204788221191162,1.9914804214660948,-1.020352900549981,0.7763852640131876,-1.0587733119586975,-0.15504951826422309,-0.13737271903141654,0.3853107365267736,0.4492994898460609,0.12359560360995066,-0.8563856863574872,2.301283102603568,0.6578598182377435,0.52844657830354,1.4010397825225835,1.1007240074731184,0.9514690156427986,-1.0712672985605827,-1.2928509478738786,-1.1682408130063815,-0.22940206373224195,-1.2037182082808269
3416,-0.4332616398019449,-0.16579178427767763,-0.195327928238373,-0.020774044956891533,0.12052690515827053,0.007274702816655912,0.28204218879765447,0.15251647968523424,-0.38332236944511555,1.6618090530934462,-1.3083552660992168,0.31086026962718444,0.11273418560330752,0.6155785955049705,-0.5739627451133656,1.1883949357356822,0.3337819274675066,0.31968488112430926,0.5093226932574988,-0.5739627451133641,-1.3517305749355677,0.6941198900684376,0.5019863113082753,-0.24605366030560402,1.0114180224077978,-1.3517305749355735,-0.01656211920369564,0.7013735651108934,-0.17446889470364563,0.9111352061925468,0.11353462078641469,0.5610058936171689,-0.11513109419628022,-0.3648235369332774,-0.08082003908222421,0.07933660538827216,0.9656598749978693,0.772055401915127,1.150042681943592,0.7459374485374969,0.12168019137532288,0.38456340299390135,0.4978951760591652,0.258600613618837,0.2073763273136856,0.0685536320571494,0.0071339908655237245,-0.016394952600164357,-0.37319682975770063,0.7740903535646765,0.24066488191928423,-0.9469607776605251,0.27388041252947115,0.9010677940716203,1.3050544956350314,0.10298536471018777,1.009593917496331,0.01894153375962509,-0.03444428242325266,-1.8669433694870208,0.10102139975246847,-1.1101021464265726,-0.11797310599864695,0.8964913045454751,1.568844797308646,-0.4340451479644193,-0.5156201602431151,1.1794263962145666,-1.2237148046155337,-0.07132497663824744,-1.5950244363192079,0.8278083158075848,0.4793020783143595,-1.288295314523682,2.12730410857788,-1.1793457081114576,0.8091498464229001,-0.8190054128781007,-0.4533247412183882,-0.06987378154014852,0.28715081249641383,0.39121563469076726,0.42056482238032405,-0.9087350798852052,2.367380783097322,0.6464039760213288,0.16576993551226452,1.3443166253792405,1.3450290554349065,0.9111821154801968,-1.0796138896576453,-1.2947157257214248,-1.1488322311733667,-0.29038935979853026,-1.2410870444135245
3417,-0.3933802735369696,-0.3968819832510267,-0.4723538551956389,-0.5312931106314263,0.3139047993446194,0.02101934588833222,0.33464973938310727,0.030149516298192885,-0.6468169942179294,1.755037118411793,-1.3677698526018114,-0.16801969943508027,-0.4543249059210865,0.20502624589993296,-0.6850770680213427,-0.25558615020226066,0.20821912297246645,-0.6208236094840243,0.41673124251434834,-0.6850770680213412,-1.3817354820837475,-0.1458444834828569,0.375452163111839,-0.8867981863279645,0.8933856128587669,-1.381735482083753,-0.6830447768014172,-0.5165686042013459,0.08313178169960433,-0.29103613797869754,0.3075111506394875,-0.27204518046939197,-0.5173731612792235,-0.7664845604582319,-0.6285400915404163,-0.3856916692803546,0.5870537344158269,0.35171512946909006,0.8176913231247547,0.27861878220282316,0.6354603573485361,0.9813197823679433,1.2236880558964296,1.1026527170249345,0.9284953598127738,0.770432161334429,0.6928370501793433,0.7379198841651462,0.17006701906637908,-1.1016154353906598,-0.34443659899578105,-1.300959208340147,-0.6904763317231101,0.3325765710012774,1.034810924608021,-0.3000166363805905,-1.3186127521958257,-0.04361294912697192,-0.06758932887581316,-1.8636807034966036,0.03349053464314302,-1.0945208146663437,-0.6242412250876868,0.4694016231598989,1.435912385575903,-0.5209016512292166,-1.1288428138034632,0.6614651743112278,-1.2765065468152657,-0.9187485989986333,-1.3441353402864606,0.05655296419676056,1.1250255024817704,-1.2406354669266095,1.7279266582224693,-0.3438344980478625,1.1560778250101271,-0.6838142174484946,-0.38471042704449093,0.8825401846977143,0.5155516581715344,0.6621295869151588,0.5241283041041919,-1.0064548093682248,2.467367520512381,0.35339488004681646,-0.24995508656814108,1.2567601185278188,1.7973543875936147,0.8523224088421458,-1.0667930957412286,-1.303191151701098,-1.1328715382013905,-0.4325671824250143,-1.2755278837587045
3418,-0.5452822045394404,-0.36534769662902267,-0.3875386754785881,-0.054800114228326785,0.25081551313482914,0.35634339159778294,0.34135906327221444,0.4414265813213859,-0.7967495337207892,1.7474295739774595,-0.8525382081221093,0.2909583271631508,0.15003866044299768,0.56956877771637,-0.29666467673050795,0.8955464803145358,0.27995612528867847,0.335807063939367,0.3784826182691467,-0.29666467673050667,-1.1327480743452407,0.75513870295226,0.363145705675996,-0.11062759887721611,0.7967581417931777,-1.1327480743452452,0.2148101386969673,0.07425654213821582,-0.31897362420973735,1.0620026714704245,0.13324593149776243,0.4317106388647917,0.17293931847060806,-0.07932942190357048,-0.1924248740708728,0.006725459599375257,0.8944857454374455,0.6472070471736001,1.1009605845812123,0.709051655765312,0.037542561653843835,0.3355000953362071,0.45515073985845905,0.4895462099357691,0.3159158271349232,0.2532736591947331,0.18145450483314132,0.23521264019614793,-0.21603994287425815,1.0241947140401366,0.4696273816812983,-0.5863118288098462,-0.728953787842474,0.5596493353143744,1.1442219483790708,0.10008703240142203,1.0202010102900845,0.12110739940126047,-0.054531648659240414,-1.8525354967724164,-0.08781773889267827,-1.0789564065937869,0.0034185217518848516,0.7927938509339723,1.2652164784942632,-0.33845858994970096,-0.9043479975814817,1.1818489238841297,-0.02348229973651276,-1.2954265335790032,-1.081235929628238,0.2614139055327344,0.9151967166928466,-1.523340479219634,0.9178147098702081,1.338177086941654,1.7559918164654833,-1.1480256073306756,-0.25478356825917786,0.5777648659537203,0.6797376066776308,0.8127676504366363,0.34585427140969616,-1.2912492925220562,2.643600236673778,0.11411028586928525,-0.2975754072784238,1.2064701504825677,1.9477614692617486,0.7955498467081299,-1.0590015285657428,-1.3069456146921397,-1.1336002174380697,-0.6273916519445474,-1.3009456038055096
3419,0.012884391290783077,0.35785672190228174,0.21123243306274062,0.5199681996749652,0.4627086374538585,0.25184829284633614,0.28255428453921627,0.4622493974126819,-0.9503087469889664,1.7129742086148019,-1.0559068336484068,0.7617546932436583,0.72225650096313,0.9624617375226863,0.32158381136895875,1.3830325663106307,0.5022478602159378,1.0655614487198461,0.4297227643874454,0.32158381136895847,-0.6936624537118979,1.4091194852698092,0.45849397348772786,0.6123380037203673,0.7391170438975241,-0.6936624537119006,1.4131947060036325,1.5330733414948512,1.1724248592052022,1.024678381421975,0.32746975209152596,1.1347647778944998,0.855850933979403,0.6550014245625492,0.2740522510764368,0.4631796756113371,1.2452638513114467,0.9911042577863123,1.414932982693691,1.2020738432038822,0.5587220067373729,0.9605724641370095,1.065207964216028,1.1667579640672485,1.073044290328681,1.0396234328882068,0.8993248058149926,1.0171074772938267,0.37998358104233354,1.1647291668166069,0.8068040761106888,0.05567182205919945,-0.49012614575935465,1.1844763417648911,1.205739798767831,0.22215145202326736,1.2076484462257862,0.26676271588802125,-0.002191527548035001,-1.9485980063219617,-0.0694299276075453,-1.0670945336948556,0.6036918103617951,1.1663930145049854,1.220543680360915,-0.3248673809347749,-1.0605567428967044,0.0989809592860512,0.1808732231427091,-1.3446901828645792,-1.14596018065229,-0.043634027016351926,1.0854816151136621,-0.7391669221323852,-0.09555604229903979,1.583084075099271,1.1358921787064236,-0.940385018969402,-0.23628854236790434,0.7388465164687683,0.8234747169322039,0.9723323037757368,0.3572704423995279,-1.4227356163172553,2.6785385073718153,-0.3130373919143012,-0.6439047151950441,1.2024324878013588,1.9980848739460564,0.7398777752327307,-1.0513904906047098,-1.2997052542660612,-1.1204627964703489,-0.9794880673124756,-1.325135246343263
3420,0.5554893965762915,0.4944623485731754,0.5948526577456426,0.4669389429288725,0.360908253592266,0.456832448032858,0.2710737933958816,0.45253245591734764,-0.8332648386994151,1.4985114065715621,-0.6918437588196906,0.6775550428941982,0.6236501966869432,0.88406680003964,0.4807704322276297,0.3494713508088487,0.6149318407607314,0.5370652243016336,0.5038134013768012,0.48077043222762916,-0.4273343805473831,0.8568237164694834,0.517950556894672,0.37249821834770325,0.7052203526786472,-0.4273343805473846,0.8485172792078095,0.25375151991078854,1.043436959144387,-0.1777645300483084,-0.42217782789328967,0.707559709190657,0.7433478605017448,0.6181191881179745,0.13489437400327006,0.36957425274224054,1.168953915650847,0.892259349231951,1.3483082798274593,1.133897182820213,-0.6836212999798632,-0.4051274318045568,-0.31674020371038797,-0.2223837835287522,-0.2991490179447577,-0.26970344133521335,-0.3535529113471279,-0.3089631241371512,-0.6261726529931908,-0.12621407943653784,0.7162873218392221,0.20043948524448058,-0.666185435529102,1.0082895303597301,1.367764690122597,0.06415760197731155,0.12602161960172165,0.40541401534946475,0.046158363926538416,-1.9909764538492334,-0.005550550789558118,-1.0535355416965386,0.48944030170231795,1.0814466339795985,1.2130623253442954,-0.2281275940213284,-0.630446327344396,-0.9353388381153884,-0.155075051530633,-0.4798084189030692,-1.205374923214248,-0.20055422444647414,0.6399294663905684,0.3742629995208054,-0.5638781122205162,0.3494108572735913,-0.18264673888631647,-0.18091821109567233,-0.27768171244976986,-0.05570701069771793,0.730938592159924,0.8515612104442873,0.2549250852179184,-1.6012198203215455,2.8299190126395413,-0.5996431511367355,-0.9261633798206661,1.1909776930747245,2.0168785452163718,0.7235754503479557,-1.0405483565919682,-1.2914869588275941,-1.1173950845403875,-1.3627138308033993,-1.3353073619777183
3421,0.520881582262632,1.2569261179328544,0.8378043098682675,1.1563671380168887,0.5822435266325313,0.35900243997326414,0.5832267756925099,0.6009097914479146,-0.9423608323149975,1.5463146036306223,0.24628042437519718,1.1662578933356575,1.1857254842452671,1.304559375354019,0.9620007605488181,1.0526688916991462,0.8806492795469323,1.2868579429872937,0.6474544386601846,0.9620007605488164,0.03175422380497116,1.4651925722620145,0.684965507380738,1.0934523725020238,0.7130567746585631,0.03175422380497172,0.49883119506311907,1.481368552762211,-0.09122587277432805,1.2398689830008431,0.8694081190046818,1.464023315123723,1.351547726288113,1.292979006153233,0.696965656736921,0.8887166482201477,1.5550925215608031,1.2750858666191434,1.6839763250694508,1.6709621812856439,0.8155185744437067,1.1716856928865522,1.3783769438718496,1.5288056355530903,1.5912501553527596,1.5682108595318183,1.3822349100738658,1.5718470310343389,0.8088861025364331,1.3244119335613096,0.9512340839482327,1.0026108003422107,-0.17975067464205186,0.9427188962281217,1.3496656240220117,0.5822413585796771,1.2652022284058786,0.6793340011091031,0.10925138396856893,-1.862330958176194,0.26741102353303664,-1.0335101320400746,0.9784192708688146,1.5020159205268198,1.3691527943657358,-0.46428581755959425,-0.6871194906612204,-1.3115053764738798,0.054194107676766565,-0.6197191875471513,-1.3438739350484872,-0.09367438664958595,0.6610959561717186,0.650164287851024,-1.0575674943255502,0.6996445634899435,-0.30228260151932945,-0.4077135475067198,-0.3952521973566282,0.7004359504139215,0.7980831705005601,0.966210210852774,0.5014254960992466,-1.9342372518519932,3.601473927118201,-1.139732598165412,-1.1918558195253628,1.2070121502254598,2.334230739966659,0.6791512863739501,-1.0405403711552792,-1.275298079632577,-1.1065413172604948,-1.942713950356893,-1.388430691199446
3422,1.1498642924053575,1.2493322657749766,1.2106933858657285,1.0167238855861969,0.29000998751361756,0.4723964758951382,0.311099336987572,0.42660606498794884,-1.0286997273713647,1.711453336262818,-0.09353320933720538,0.9702314624188746,0.9420916290702127,1.136165760345356,0.8898398876271333,-0.17210092903090102,0.9754324441617035,0.4898850986764114,0.7773007691407282,0.8898398876271321,0.23333055627388014,0.6362789797750017,0.7750681979022904,0.6060591209127992,0.7383940152686124,0.23333055627388172,0.7342624284124736,-0.05979374536348945,1.1316342199632135,-0.26199592592543763,-0.14368531130725576,0.6295791506029145,1.018578916012918,1.0311062024060955,0.5170488432739582,0.7226954187060737,1.3993515613672967,1.0918278932640317,1.5478238368234625,1.5059921064297164,-1.0296500619604543,-0.8290465877592644,-0.7564772035033923,-0.5472582586820548,-0.6481634190448943,-0.6102564558817876,-0.6882969255970042,-0.6257632299905935,-0.863837343581178,-0.32752333260927946,1.2783516918759763,0.774269405391194,-0.2857741149772564,0.2349968346467128,1.1747613841920892,0.5401199274805166,-0.6246022999778149,0.9530382502983095,0.14400858751767392,-1.7526699992442796,0.303914122997534,-1.0099067757026818,0.7857885908527656,1.3350709756233232,1.32423625908764,-0.23645966191432558,-0.32180577762368767,-0.4132757897299154,-0.6016956909004704,-0.674399623854371,-1.3466398083186004,-0.5143466853160271,0.30638059442543497,0.13961647444394218,0.25574433500338384,0.1149755527216025,0.29461255164948424,-0.09453623353160899,-0.18023255255356835,0.46511019999024167,0.9113612062132064,1.0478689212867864,0.25460587566366666,-2.451419762888591,3.9880029325700455,-1.7193970533383875,-1.3782568294763986,1.2247569639348121,2.524743607536514,0.6401114528500296,-1.0421395804215388,-1.2618245216451818,-1.1001334878615254,-2.492472795450578,-1.430860029621961
3423,1.0022220962288346,0.7037476577844568,1.002261311353475,0.8787609601523149,0.21131409780102026,0.290258481110866,0.26635722492405733,0.41099803845874183,-0.9771498352797929,1.819571297643008,-0.7002060999256878,0.7968478654112591,0.7242276559145352,0.9889282318747593,0.5961069847072086,-0.6473431951251796,0.9693915503575272,0.0026109423065598944,0.861604358380046,0.5961069847072078,0.2684268618500456,0.10496152232259073,0.8080938224214486,0.2332605760854673,0.7657280026940403,0.2684268618500474,-0.48720925656821273,-1.060522034321718,-0.321971752803432,-0.22310842160209157,-0.9352690677088792,0.0688668033840206,0.6713277255902153,0.7570543928827285,0.39110383270174387,0.5869287924381968,1.263983357466624,0.9333350153893037,1.4303085742197095,1.3587103254367272,-1.2963084279502233,-1.1363932914334454,-1.1067816588952952,-0.9093670872802072,-1.0293068976957025,-0.9930263464871882,-1.0495670077536172,-1.0082178826264598,-1.1431547221482359,-0.2944167825474526,0.7124027285003864,1.010116378937699,0.0018713999031231853,-0.18315672390735568,1.2810720400080937,0.44208128801457985,-0.5259161664209692,1.0843075902536177,0.209369159272234,-1.727801140976231,0.5115896413400843,-0.9879962486684377,0.49587407425643587,1.1902565650307593,1.402762192695774,-0.4387744438495343,0.3445425177783133,-0.6527830665849291,-0.6034881286118812,-1.1609125243538594,-1.1997314723030843,-0.55533585976473,-0.44606616682083006,0.7538425905438375,0.07351571268154511,0.6317554471044409,0.5507079580958565,-0.5243597187783084,-0.4505292195064576,0.03391652539641481,0.837165009314478,0.9938747196753923,0.43545151623756295,-2.6292270325078286,3.923477497889919,-1.9838988967047448,-1.422642904282276,1.2285826393349353,2.410361188096405,0.6336327465336228,-1.0415760292623313,-1.250797052441657,-1.0861155631766952,-2.907952022496785,-1.5050210213042294
3424,0.8687626985018148,0.7134408774352958,0.9352384907341894,0.9722262355866473,0.4286476728394691,0.254940154089058,0.34562335515799353,0.3569386734548182,-0.7531255462036419,1.9232790355893692,-1.2944364435047122,0.8371308866662255,0.7821718633503876,1.0118811768427485,0.4145447823644799,-0.3991756757861735,0.9701499035821578,0.034424556156526114,0.9177510818528918,0.41454478236447984,0.29288972668489943,0.07245600961374775,0.8388424021272906,0.2224493054079652,0.794188239203236,0.29288972668490165,-0.17626616561172345,-0.00367650526794172,-0.2702421494612761,0.20461665424597844,-0.7211465976868157,0.074729233113116,0.602595785447504,0.7405307312024473,0.48555135634716795,0.6301426747789048,1.272672088208076,0.9250620928329673,1.4384146151544395,1.393935667525264,-0.9428602271526868,-1.0257836082485903,-1.0108237135277673,-0.8066675533771435,-0.9433136998132321,-0.9207773151663243,-0.9676027952915182,-0.9286005430377897,-1.0755717584392044,0.14854687406408293,0.288092464010258,0.9232768375939711,0.2902701132533581,-0.2463959438320981,1.369834771421927,0.2415812980162824,-0.07895065511276719,1.1180747049183957,0.2575050086924109,-1.7283148234906713,0.5605675766752729,-0.9679396009178931,0.5588070403713724,1.2027803645413548,1.355960429898019,-0.6318454034764958,-0.43589051554584907,-0.3165722758255129,-0.9465583638073369,-0.7385963387023023,-1.2682619959329902,-0.4779075105656832,0.36013058517266267,-0.007015350056151128,0.6657022341175234,-0.15370107939349503,0.4141855494639253,-0.23431886607009975,-0.733914937454299,-0.33090771907786604,0.6047411200133217,0.770627377118794,0.6408387468568738,-2.431830591690466,3.4397711211594664,-2.0306012643630296,-1.4829938462399677,1.2433840968700522,2.2330754196849463,0.5897869329235543,-1.053782605163556,-1.2375062965960124,-1.055040465774536,-3.1560683419303763,-1.5884643679197683
3425,1.3223631929764017,1.650615015077836,0.9522457885590316,1.1192158501708354,0.9331039356270443,0.3881901030960166,0.7626504288958733,0.6394664560492511,-0.7910994243649566,1.8713608162457938,-1.294110213178999,0.9319545491047474,0.9074858563952823,1.0802336969635586,0.34802189965580904,-0.1473014159238938,0.993778046504638,0.14490857473621266,0.9632667056793731,0.3480218996558092,0.33434851796439813,0.12924212749768849,0.8790482501538064,0.2874876429186545,0.8256477341321361,0.33434851796440024,0.01613759556897338,1.7276164488041765,0.7801636363136992,-0.3361685469060824,1.5541899392117782,0.11641764014591983,0.5946236296276781,0.7343196319461767,0.6421309771872534,0.7272309900034356,1.3167019308200698,0.9488291517079868,1.478952327199765,1.4712665693070934,1.890367107684056,1.565186119445916,1.660867896200814,2.1005573288775956,1.9074675960438874,1.9014836743909223,1.8990599730990165,1.9192025306353169,1.0993470044679683,0.26803621453209725,0.45059764567451194,0.9818090343675526,0.5535988845422429,-0.3016532261433766,1.5968987756139463,0.4602141533232991,0.2776661271315447,1.1702769184257145,0.23374958552548045,-1.553135432385884,0.7436764909351129,-0.9499870612571502,0.6094941783022466,1.2578357869630454,1.386718420329746,-0.8435050455275647,-1.0855189899622155,-0.39797443600623866,-1.152093447103832,-0.6021943640023818,-1.3440724459787199,-0.2917790327050574,1.0242030314831765,-0.34122461008351024,0.8063169165125785,-0.5120413766382068,0.2534030611170178,-0.2897003820345866,-0.8048524806288974,0.7220270125096283,0.6112255173151376,0.8176732668152843,0.894260798259031,-2.057076798913211,3.074568538087554,-2.049635373088095,-1.5971272581686122,1.249178002432268,2.0877700160529606,0.529498367230402,-1.0783659364652896,-1.223623866641735,-1.0215828079058902,-3.4077283378387957,-1.703148808293128
3426,1.0470775891823774,0.8429078710279194,1.0820245444909224,0.7298728050340042,0.9718772732087716,0.9811363930965405,0.8839658003092641,0.9091353898585137,-0.6941208480243997,1.8151364027364079,-1.0656110183657233,0.517495899488016,0.3503936073575472,0.7616208759226877,-0.04284031068558658,-0.868858808848657,0.8804292434493527,-0.5554923211377428,0.9528637293405364,-0.0428403106855857,0.1618952418216336,-0.545518416571285,0.8324539442237525,-0.3050307253663496,0.8407394225621964,0.1618952418216351,0.25935253317127155,-1.4309632391498577,-0.48883435006604403,-0.5573459814262943,-0.7443940475518336,-0.3643780415632337,0.09383165471831766,0.23406458617762224,0.3278900546985506,0.36360759326219455,1.0536745213299639,0.653938913568029,1.2568429222264674,1.1556904282346054,-0.45031621055340415,-0.7236463446518014,-0.703775904158405,-0.5018441918920616,-0.4906531553875275,-0.5629898108378532,-0.5236273352310525,-0.5535296997662189,-0.7856354232190372,-0.7286161726533122,-0.3866581115301701,0.45647404709083633,0.6296850513445859,-0.43414733201720357,1.5032979041448296,0.15963252777678488,-0.7215616756940039,1.2412564754402846,0.1141305451189425,-1.3987386867175817,0.8816296331800929,-0.9345195294177325,0.18116215985232292,0.9798505253606598,1.3757888189386809,-1.0197959897154159,-1.0989564586395495,-0.3080529855184517,-1.0159040343769823,-0.5071594258320092,-1.4929126887015782,-0.44893291186641876,1.0085488750248515,-0.4263814317021253,0.742587785265303,-0.4929401523041121,0.23358497887166615,-0.05244958736018334,-1.057029252516692,0.33453313215737074,0.4950038351960704,0.719414670656429,1.0620494936393698,-1.7793479066476832,2.9290837373260104,-1.968146846001377,-1.6688143972772707,1.2478292529785218,2.0274144956260396,0.3183467603035228,-1.1219317433272193,-1.2159354449625348,-0.9905328798852009,-3.4992933158475443,-1.8757164968302666
3427,0.8182270510861053,0.6315644998416656,1.0274619401050065,0.8010901084341955,0.8985342607670301,0.9055979478968411,0.7544372774807717,0.9986012774392174,-0.4945872603057715,2.0502263044529383,-1.1892767186011945,0.5643729287122099,0.42248583115981075,0.7891811303978243,-0.19188396312379277,-0.32954730561035694,0.8144693406909146,-0.3289790548583702,0.9224613109499258,-0.19188396312379186,0.05427132251962735,-0.3409479113674651,0.7998999982970848,-0.21746935408970405,0.8457593590371154,0.05427132251962808,-0.11849279896237407,-0.3904441574178244,-0.40969548445242937,-0.005627143078234392,-1.1150415680284629,-0.16820636583796483,0.021230182493009717,0.20382660212730408,0.424496843293094,0.3677953922102498,1.0627010490229827,0.646502855027674,1.2659268380810316,1.1845439865042902,-0.6457278287866217,-0.7927752600182212,-0.8217997551254688,-0.6732531630669707,-0.6132268213533059,-0.7301003208916887,-0.6817718343112714,-0.7118272496841169,-0.9011088791533474,0.1252485539920082,-0.20418040359613998,0.8872913866486802,0.5631775681319452,-0.40604981122273054,1.5096317112638744,0.08144289568650266,-0.3455293584948494,1.3727251831929124,-0.09587985900189067,-1.2768556576503074,1.2406722520938298,-0.9221186179558905,0.08160457969653112,0.9953138902325352,1.4805456172968259,-1.0188274172136254,-0.8846855384620262,-0.9915448620045468,-0.9031287633706052,-0.29750444711341756,-1.4595149709031376,-0.21553598374180624,0.7788105710929911,0.2635282742772107,0.11433537590985118,-0.6332097920633772,-0.375858014551386,-0.07397523457851037,-1.103607019128186,0.0008902084094666631,0.30891204303087866,0.51583785327275,1.0523838978773414,-1.3177409868353709,2.88243481674724,-1.7188209931882479,-1.6693735687495355,1.235486632804045,1.9427668897996215,0.11578275839395222,-1.1370883571220554,-1.2063563462949478,-0.9591598636450588,-3.437730021463036,-1.9966781964414864
3428,0.8945590876546863,0.8127943234939995,1.1087153668362058,0.8196992992564041,0.8840658109521361,1.0035477487113422,0.7533116866044542,0.9739235378018191,-0.44038039993198724,1.6907458299003633,-1.7485406422470644,0.5690070301832626,0.4387153864093897,0.7837108852304937,-0.2537306068375044,-0.1351781790499437,0.765564241659215,-0.25250516691591374,0.8849772525868885,-0.2537306068375034,-0.027962598700814526,-0.2611745170489223,0.7701188866043619,-0.20670688633198328,0.8433531094349842,-0.027962598700814335,0.1677184867957611,0.32373365505017926,0.1294735773520749,-0.110805558303789,-0.8899280086187326,-0.11263562666751992,-0.050964689707640815,0.15469358293341157,0.44488430493357384,0.33623226649047155,1.0426576998335266,0.6214192203080028,1.253653721476858,1.1758205844218617,-0.4175928742068836,-0.4791753666222832,-0.5375839751534853,-0.4097681441163741,-0.3223055409777467,-0.4827821747223328,-0.40737707959829167,-0.4594013595149269,-0.7045175821114998,0.030611375293123508,-0.07043033550079218,0.5410801979144031,0.8839794010030031,-0.03514649643038535,1.586468416331351,-0.5083913096918581,0.5531643179853815,1.494867808389824,-0.28217102653163306,-1.1341883688256924,1.5007208398419478,-0.46347851079598734,-0.004672620026641307,0.7325566474144888,1.1435147178123555,-1.1966559644044694,-1.0596531448730724,-0.5058562376298317,-0.9634180926687003,-0.33030710386537737,-1.450108981990081,-0.1103240938175385,0.9407953677652545,-0.25185053892619,0.5366276872381498,-0.7101746797349372,-0.0459895917288753,-0.20321800190047187,-1.2017566489834435,0.41687500393804255,0.23159329595691494,0.4603347399091146,1.218051593696982,-0.8146689355888833,2.4904866769190996,-1.7275596549324073,-1.5901994701002755,1.2248557365790762,1.864293830602685,-0.05469440918717638,-1.1310421313144552,-1.192290171836552,-0.911355144838208,-3.3372479453204082,-2.123861935704265
3429,0.8223550765751518,0.558131288859118,0.6543909790686553,0.5699942426556565,0.7041683643056111,0.9116566814001231,0.6446479728086744,0.8400004550553698,-0.6635859927784994,1.787162212243101,-1.7196306091185143,0.2816931469882163,0.045988324945841506,0.5690725725720539,-0.4630937237717958,-0.4569610182873516,0.6527123775896455,-0.5899036713334995,0.8204567375071388,-0.46309372377179403,-0.20181906434992747,-0.5541289939425373,0.69618024295217,-0.521707066822334,0.8255604589432154,-0.2018190643499281,-0.9485739219441399,-0.4688025946838774,-0.13197471604547034,-0.45364485754760236,-0.352192185950997,-0.3996795666913985,-0.3270476186877638,-0.20246341026737633,0.21522698957328193,0.08593934583713389,0.8685224938656415,0.4232292697321979,1.116226806774759,0.9793518853435061,-0.20962178461859313,-0.03698654864098887,-0.15940321216005288,-0.10525894683630913,-0.003199797158670102,-0.1599796107776683,-0.08242477259977564,-0.158930977488603,-0.47745299006820335,-0.47876022279657976,-0.33095973459786204,-0.021148027734618945,0.600070717757559,0.0516620087533629,1.6797430372926385,-0.5352241816303398,-0.7211019609287529,1.6411237710824804,-0.5233896101592537,-1.1359422987596808,1.5463796093639885,-0.20471831987416556,-0.2524204482579156,0.43840561376448356,0.9182833096457012,-1.3595785898385042,-1.189258292179578,-0.9039178460272452,-0.5138392544256756,-0.8441029246026971,-1.4637359172921334,0.4191996299509238,1.0575032709180878,-0.009369812418730026,-0.20078297511654208,0.4427801458017906,0.1273716276733162,-1.1965859249585404,-1.2321028546746178,1.085477997602005,0.4146416356800126,0.6823045285552489,1.3544861810593893,-0.23073868234473763,2.1220504456017086,-1.5905474627694964,-1.4649943172799753,1.1937200749433028,1.8300776559126108,-0.2707820026262312,-1.0986955818138233,-1.1831102563639133,-0.8694781362058133,-3.257102757225624,-2.29145424346315
3430,0.7674922165446088,0.425192020663057,0.4049253869693206,0.08393017941903945,1.0902885356156595,0.6186207933583934,0.778556197294873,0.910096806095343,-0.2945949150032218,1.7957997402895558,-1.3945135681666934,-0.23377530912019504,-0.6032370445536697,0.17508710108276224,-0.879334547378806,-0.8988350158683834,0.43178641253790195,-1.1399901344038503,0.7007876521902539,-0.8793345473788039,-0.5243150790185134,-1.0252086103778395,0.5460457321232373,-1.0558231056496068,0.7793712082943097,-0.5243150790185152,-0.5456652036482028,-0.2568302253324579,-0.10367459748359269,-1.2689493282955004,-0.026779154268938378,-0.8903209277262597,-0.8355945341053902,-0.7353528520522787,-0.2290869992215013,-0.3466017386036244,0.5554118086004748,0.08302993179865893,0.8698636792534656,0.6166428336094871,0.4707622661761905,0.028479284955075373,-0.04970489254965888,-0.05411496370640311,0.056919799832486934,-0.07044202276094909,-0.0030329229463541335,-0.08340163656584787,-0.4147086137593208,-0.9404832475497892,-0.8292660572812613,-0.2984292650018763,0.2731277392157113,-0.0677633482924923,1.6863537281049572,-0.9329053641698857,-1.0330369408731113,1.6370922702501236,-0.6040237928892433,-1.1958700856963471,1.462790404869738,-0.1735638331461951,-0.6971081709338082,0.11420544091075176,0.8364353924025145,-1.4193028485402985,-0.9649107498390499,-1.2149463719612599,-0.8241485268709443,-1.0060216938408044,-1.4468495128512264,0.525728692678763,0.8046954989571491,0.39699618306382667,-0.15491985775978553,0.2894158998597074,0.05641018419269613,-1.4324014571485684,-1.5757358984709435,-0.402894201421253,0.057817824730663374,0.3157613955787485,1.4478572761702047,-0.07011864447165336,1.9686725270919643,-1.1143023190371446,-1.409520728467546,1.1332579652681591,1.8984838223018052,-0.6494293282698065,-1.115930157409529,-1.1810238192184657,-0.8398813759806031,-3.149716079832048,-2.4543204518955215
3431,0.23218836587381994,0.9723650947635044,0.435991454641819,1.0847703768463242,1.0548840540829156,1.1270462218190744,0.8714350619938658,1.241339242559091,-0.24373626356922767,1.90094484928023,-1.7447310229690067,0.7635240647579594,0.6997877118520817,0.9417461412525322,-0.24043009665634987,1.3772547429448874,0.583364244250997,0.7031574289309391,0.6737699044997039,-0.24043009665634887,-0.3019972996310803,0.7170605647300978,0.6054269656430009,0.3535657032834475,0.7553085164281629,-0.3019972996310811,0.05543425033495722,1.011161915033643,-0.973383338675187,1.6065815199320068,1.2291237798762529,0.7161807469555854,0.31674767208506843,0.2899096770760465,0.6413925998717969,0.43703858930601647,1.1307813202937205,0.7122070095777899,1.358768435170252,1.3381500341927977,1.2827774376764431,1.2683694841551763,1.0344774162094343,0.8655351714507357,1.1042984642007851,0.9173331857137722,1.0481333379252182,0.8943758394383428,0.3359034577145322,1.8903958841914001,0.2682581879903188,-0.10594667464281378,0.6409192174765187,0.8377950017622119,2.214378436657168,0.41177893926668563,1.6782663554928658,1.6114854373056966,-0.4920971569303472,-1.133037913017128,1.4793097760615623,-0.1411119394263568,0.33057567731234805,0.7551823983699096,0.8112438816582722,-1.2614890781040218,-0.17187110631876687,-0.9805638842450143,-1.1295671788462616,-0.8905374139082617,-1.4293699370220656,0.8876511822423128,-0.03883864375368181,0.7087775536828329,0.33516435641162046,-0.2566848824449665,0.11617084662803719,-1.644688479690635,-1.2613270290839216,0.521505451864352,0.0322205748234918,0.2635043038062412,1.293815339661068,0.20625225106136222,1.6380726555907104,-1.2881081377942947,-1.3606264318065677,1.1223227999581433,1.789416638529213,-1.0129260633292834,-1.151125237549269,-1.1666907981752503,-0.8138346580653244,-3.0351791339761034,-2.5232542494002597
3432,1.0059303991260005,1.0956753477873813,1.0914483417910972,0.877962676419425,1.6734450003959533,1.0431254624962656,1.3988921645393357,1.3642424572743672,0.485972822118311,1.4308853885436605,-1.8041978629251616,0.5495973873873921,0.43343561742714426,0.7748851710329624,-0.12436238200814208,0.25095562059525534,0.6149701764138418,0.0774367101389776,0.6666700300255636,-0.12436238200814134,-0.25701882673853904,0.1559604930071275,0.6118021116761251,-0.03412958273016128,0.737547606090155,-0.2570188267385395,1.3892032078531737,0.20902742754739076,1.387214847270193,-0.22009054009352352,-0.17245224645506693,0.32270051537366506,0.08961441145466653,0.022935283287236853,0.40215334040308887,0.2584521967174693,0.9752645896785681,0.5607644120459488,1.2486445542310554,1.1768519486452944,-0.14034500585767135,0.031866430759885975,-0.06852607274142787,-0.13741801775888648,0.05036570443981883,-0.08699242248171711,-0.007853020626038846,-0.10357095373039667,-0.4100705203375796,-0.4088199210917195,0.038262607093227985,-0.138183112774022,0.8868969891620465,0.602893243973323,2.33237995414668,0.37093610026885754,0.3758028983362735,1.595451542037051,-0.3989236939587101,-1.046444121623616,1.4683684395087917,0.1081650113661033,0.11216785115563278,0.5108833110462432,0.6389595792674776,-0.32994433867189565,-0.8499554257296815,-1.1637562169463531,-0.78892644156016,-0.5559038472592104,-0.968539614062095,-0.19208688233237065,0.8769806516311804,0.4166112101640562,-0.12935725186773056,-0.26689827453163106,-0.2818434974144515,-0.32940745128573373,-0.6474318553377745,-1.011842330948172,-0.5063294544080408,-0.4625691390729739,0.4665423440480668,0.283265204458083,1.4016333206864284,-0.9124192228004124,-1.1284705359999188,1.0962474719127486,1.6834033093875618,-1.7579704925965487,-1.1002064184632383,-1.1572375368065613,-0.7890903111599221,-2.8473992502653296,-2.4132801448301158
3433,0.8111774241727069,0.901362902072833,0.48201599221670666,0.16256647126683713,1.777972449067028,1.6898276097673692,1.6574455102557555,1.7382569323691182,1.4072512350703035,1.1657850583343445,-1.4741958444694296,-0.1750401767866936,-0.4310133438317167,0.20465844827854213,-0.6337889791922973,-1.022753389981046,0.41012901157770487,-1.0643153843462356,0.5931103276159863,-0.6337889791922948,-0.5465957382319427,-0.8727975546063828,0.4811365058703666,-0.9787726949128632,0.6964679727062911,-0.5465957382319453,-1.2807321377423082,-0.39023216004584904,-0.3638732046714912,-1.1739413726376937,0.907139749131388,-0.7192952301832062,-0.6981518080846859,-0.7128751907578034,-0.3395588760166389,-0.343242354138614,0.506739105757344,0.05806517570366828,0.8913169950189243,0.6508575989158171,-0.19594674298461137,-0.04085872813141632,0.1128486079329561,-0.10228990605039127,0.10055551358421548,-0.06185317695342151,0.07044133234136284,-0.07221194538272908,-0.38426920548757826,-1.3217273185522282,-0.5792518428186666,-0.5454472859959982,0.10585608073897287,0.48147524751315524,2.0671870061259243,-0.28935998590596773,-0.8745233472302796,1.623130858051162,-0.39113329167952915,-1.1221545485603481,1.369739915917748,0.1466783472452688,-0.6390526204058357,0.020848146822818596,0.5772583660361753,-0.5205018818232225,-1.1061179529585887,-1.2249228490257429,-0.3185050575215547,-0.780375574458551,-0.7091577328398951,-0.3558885380522136,1.1324790880717426,0.2562102748445372,-0.5925541671774519,0.6542566692840036,-0.08029431718658273,-0.39406929753044856,-0.8455850134526388,-1.027523034454093,-1.39489915033826,-1.388572544417437,0.6530320460433429,0.20154486267399313,1.3242190372458928,-0.1585527069496107,-0.9440816318214154,1.0368616223750764,1.8370605233743131,-2.621435248024932,-1.1290879582932638,-1.1571845391958615,-0.7665088177446784,-2.530853018815476,-2.3526693137207175
3434,0.3533817633476541,-0.05299569892630522,0.0820012466671753,0.056083677232028104,2.0779029384097774,1.7030183514958284,1.9636808624560946,1.9111157042685203,1.8493095429626107,0.9286413191425812,-1.1172568999663293,-0.2896199227290145,-0.5536606987083617,0.1102429772504535,-0.8694362199720274,-0.47343191399178447,0.2350576705344861,-0.8548474168157592,0.4858218814157566,-0.8694362199720246,-0.7702682646015799,-0.650945812687949,0.35142601750006003,-0.9309861161625418,0.6376199139434473,-0.7702682646015835,-0.8401271429625793,-1.6969958933211984,-0.8293662933724626,-0.5396463323250482,-0.34708746268315405,-0.720385272180302,-0.7232637137277735,-0.753417246531107,-0.4825998164567239,-0.4102500382572773,0.41531362123755755,-0.039434688972441796,0.8395964682855999,0.5682813936488482,-0.7434705412320323,-0.6469754489420492,-0.5086905251551892,-0.6149691939236143,-0.4997866923004129,-0.6001165748323914,-0.5032512590813201,-0.6064950252676734,-0.7765152321859208,-0.20756521059182328,-0.4657506406364687,-0.697333643959664,-0.3542034396782458,0.28993625977569104,1.7552260663269068,-0.001126237127694172,0.22691855338097883,1.599046928197913,-0.37358519652887173,-1.259882767774426,1.029407505456194,0.1891500600440447,-0.5741719635156555,-0.06728260584655034,0.39300264271397456,-0.2612494412119167,-0.6853227688113407,-0.7704362641640101,-0.9620854136910906,-0.8934839611437203,-0.8586984822325011,0.1860042193766739,0.720041510575598,0.13508005917071347,0.3825069042558759,0.01898491701777768,0.34213094114442727,-0.9905596703894413,-0.38055604364096113,0.4429495133519481,-1.761171091871188,-1.8277217434515474,0.4312736879794759,0.1829475266910305,1.3086240341155781,0.41029379582455366,-0.5765606458276061,0.9806528726684426,1.9454799879012714,-3.0598082089330134,-1.0500431550072615,-1.1598091698065427,-0.773294157763536,-2.213662484313178,-2.201202192475106
3435,0.32487869352182436,0.11782769624854447,0.03619527020373309,-0.0856441593806817,1.8859387954165128,1.893074093895262,1.8184980185208266,1.7839539631903352,0.9464851918545111,1.213809609428462,-0.9491702842362932,-0.44683632792344935,-0.7236657453928491,-0.017494122586412388,-0.9694831222880236,-0.21188953449523468,0.0679223971790663,-0.7522600831356256,0.3583046621034078,-0.9694831222880206,-0.9483347796575559,-0.5139934284744309,0.21471383895884702,-0.9192642833064366,0.5636631966384013,-0.9483347796575607,-0.10568966965667868,0.2876890286389811,-0.07026968936675895,-0.7282602706181003,0.16728178573550126,-0.8973857093923674,-0.7489839851563618,-0.8293917996848944,-0.6554279872054445,-0.49785769668197144,0.30065959796673436,-0.15608451134810689,0.7728524993812893,0.4612764674829193,-0.2414293373244111,0.006413857138516302,-0.12296036293143983,-0.2089165657617522,-0.049698727594378225,-0.1894853519845563,-0.07912244034003171,-0.21458593238472032,-0.4706814216866137,-0.26530575958681496,-0.1667003925875901,-0.9171633829712841,-0.4095290978379797,0.17750756017230337,1.6734949055108816,-0.7541762604474987,-0.7450168454231527,1.6771524066809969,-0.41943325645512075,-1.359789345594118,0.9958907510774853,0.23406471778024998,-0.7280770014687364,-0.18264444144835598,0.3650609098272881,-0.4901139727225985,-0.7523231005637058,-0.48275146065787833,-0.774960188036104,-1.0090843586720128,-1.0940054115922553,0.027425230795202114,0.7548687276710194,-0.14215935927721549,0.39451483357475003,0.47116580082742654,0.6401137700981308,-0.9567336644283239,-0.17589448879331673,2.955353912275256,-0.9652971722933664,-0.9187433092632401,0.6324477593231581,0.08933697393752288,1.213151984953614,0.618626858878335,-0.343155640199852,0.9041965091211378,2.0176472613664838,-3.4225497833464216,-0.9951807686917717,-1.1609757451274698,-0.7475848090680128,-2.113978549742822,-2.197095219951426
3436,-0.053171944370514215,0.810244236809803,0.2929542748900601,1.0796054203374565,1.473182003495644,1.8136705252700869,1.6751727040406013,1.4698185938668884,0.9159317546050154,1.138938906541417,-1.0594888930473518,0.7511213673557944,0.7116982381015604,0.9395052249556353,-0.06255497388444729,1.8160444926836126,0.3482891384429073,1.1095362818968229,0.3635295968507812,-0.06255497388444677,-0.5387256459103436,1.2301796584921811,0.33139007091659567,0.6297268107225142,0.5276245435712712,-0.538725645910346,0.5055972916100323,1.1470097349906434,-0.6588246300810473,1.9273696076901294,1.0823390501289922,1.067573016000282,0.5851251365647828,0.49032657570605853,0.4522131164240804,0.5821190575336218,1.0186409094753994,0.6656671427866516,1.3717673949380889,1.318525368182006,1.203766771088385,1.1802106730164892,0.9764273696230789,0.9414336375452936,1.2362099584507533,1.025329677657124,1.1860142022288718,1.0012199767167866,0.4443278434991367,1.99527587282258,-0.09319761515716779,0.19033919298946356,-0.16386397398950783,0.6122777990751301,2.1278616354651367,0.5746826451836129,2.1795747461505997,1.7390196715228807,-0.32772286446091264,-1.3213761523119256,0.9740977459367612,0.28473638808864365,0.5819798979037483,0.6244009358895669,0.342587567344586,-0.6981179903445212,-1.01110220839177,-0.06349875192420601,-0.6898208409819075,-1.0179211733524154,-1.1352094351447375,0.6561772577407945,1.0087485040597848,-0.6254183059658818,0.5724763974261394,0.6290798616385379,0.8870552243367769,-1.4931837353238044,-0.6568068847649837,1.0299293593393548,-0.981044268649545,-0.893736105881149,0.7935448771433593,-0.006869408847712195,1.1179470053743712,0.9136382626560792,-0.13090437689173956,0.8621892730613536,2.0013146589133544,-3.683305123814438,-0.94328063729365,-1.1494548814116963,-0.7387708066681266,-2.0282318474587386,-2.2386570889375506
3437,0.9681053183350915,0.7795497384379334,0.42570571321507494,0.035648513661028336,2.2140073349651184,1.5797374064625964,1.8870468092903727,1.5559105228789778,3.3495297719069304,0.4093763426309705,-0.719766939178103,-0.2815371065095094,-0.4387222048296462,0.0874559919941305,-0.434203886201993,-0.7425301948628524,0.16993135012110402,-0.7434348416694506,0.3094676626161637,-0.4342038862019916,-0.7034364989316223,-0.4775562749360468,0.21293734400955547,-0.7464757770102822,0.47615030566485933,-0.7034364989316259,0.24576844799574074,-0.08723076271708084,1.6719930789291408,-1.4824414923071407,0.6626181705001875,-0.36473781394548926,-0.5499562302455422,-0.5982746198534004,-0.6552613722613801,-0.34676017804410586,0.31263247707207503,-0.12319103617951889,0.8419909847509633,0.5370944742945903,-0.24514598982608435,-0.22245352922355757,-0.10410779284750105,-0.2146849973788084,-0.14546775455402433,-0.22375246688093384,-0.12086180117647422,-0.2193659820340504,-0.4718288514257623,-1.6977309855303124,-0.7357279292282101,-0.6291788064175664,-0.7283673469802663,0.374573369014177,1.6291809550843657,-0.9239500715443336,-0.5428289473035645,1.7786277224155482,-0.3601351344356141,-1.2891506345191843,0.9513269651864776,0.3431070975656628,-0.6011457275937391,-0.13752475380466378,0.3193269841197256,0.287325155594412,-1.0869307319361279,-0.9589695497805343,-0.9730840423643247,-0.634368698680332,-0.5437052157191465,-0.3747235625684976,1.2715994104647403,-0.06991043144914513,0.24593458201554333,-0.24691909405756718,0.05972334579872255,-0.2543046379325774,-0.45618034063260887,-3.0207087024256936,-3.065255639281792,-3.330238285428266,-0.07866113238932702,-0.06941092648436636,1.073247461149472,1.3799942887915633,0.5854580321950162,0.7862661871305511,2.068693049443509,-3.2983990008945057,-0.5170693127805905,-1.1463654415431999,-0.713782835032248,-1.6996666415674742,-2.082371646599696
3438,-0.0663626223118572,0.98656762459104,0.31991649003787814,0.7058341268229842,1.9762656549211712,2.106223426627504,2.237183767078746,2.1614966573344416,3.457236625794442,0.2239934991698619,-0.8972797753469054,0.31542357928479975,0.21217324190886877,0.6043630278723872,-0.08082224093503446,0.7045294884473327,0.28789014069882723,0.3951854056570314,0.31126560884450455,-0.08082224093503401,-0.5077984511083917,0.5786044184052468,0.25293274717283376,0.15440261641411038,0.4425847136769674,-0.507798451108394,-0.22874637620171145,0.29207562706366463,-1.620419534038942,1.2255688735336971,1.3350284840843898,0.5354575717663012,0.23633423933155095,0.1557113109180789,-0.024406551048085184,0.2837079150793225,0.7261978362987774,0.3558531344058282,1.1914298453368815,1.034249205058732,0.11872629683280803,0.07959408542705039,0.21279246796130893,0.13443461841882798,0.2179179130745979,0.10964497614646526,0.21512680780839116,0.13705005545079246,-0.21631034190215595,1.05940206516878,0.39117336882478054,-0.17493815743306126,-0.20798942722903674,0.4253499523214099,1.8189060126128929,-0.07787362543139519,1.3982460703330797,1.7772900771559006,-0.30707142799199694,-1.223451782667395,0.9252385091648654,0.4121987156011046,0.16224533535246438,0.33909715250192674,0.2942332870930631,0.7813400326146145,-0.4490744927604917,-0.7336403774945698,-0.3496856250704737,-0.8079495957994087,-0.9048780800580059,0.7477626903797753,0.6433770513948672,0.20314180540569154,-0.16358316563432876,0.7643303642309085,0.33053011323447257,-1.3195731805891533,0.7024058350496718,0.6873240307658155,-3.1512074121195113,-3.4464237503767174,-0.5688691675570031,-0.39487200546118334,1.0144131517021053,1.471438888804891,0.9997160433388159,0.7118835087055854,2.0800799043911424,-2.6636643402542854,0.02546431091304423,-1.1387485820301777,-0.6871270086585929,-1.3829156250607988,-1.7423373739176755
3439,0.9757119698979271,1.18038309878092,1.1304105640793938,1.0972051045394213,1.6523563927794864,2.0428571272509344,1.7603590005222824,1.7326766496629198,1.9995116718214583,0.5506806758659569,-1.246576730177088,0.6494749551270265,0.5535266015469876,0.9101284129719501,0.32482697325231336,0.8048977321795776,0.512484602588717,0.7147433684409085,0.38734007575984436,0.3248269732523126,-0.21568315394988147,0.8552015740781279,0.3718779488452895,0.5243190879615415,0.438216161436967,-0.21568315394988244,1.515128128177306,0.24963961842184976,1.583564474527379,0.1843276082658883,-0.20457495574225779,0.794786674534179,0.6081237165391584,0.5537864522422403,0.3414037522985163,0.6336152760741598,0.9581756310626344,0.6409508211059188,1.3971652686079803,1.3234681802611907,-0.10910118239232532,-0.010406025398240095,0.06741981839074308,0.12197893975829271,0.1342610013755553,0.04924677133851284,0.13846715181790908,0.07615835062890172,-0.2587097028048555,0.5694808068181958,0.7727934326500598,0.29993515086570594,-0.025884754624916306,0.24377451899558938,2.026424774762734,-1.9371956257663228,0.10289185979295067,1.944227685637648,-0.32873097237654414,-1.129420360666247,0.9734953839862377,0.49251268563102324,0.5591132409187625,0.6326043444890962,0.312944961571226,0.7723076668718837,-0.7222964471674256,-1.1937243082064706,-0.9253090841551123,-0.7380778117014828,-0.6702841888627877,0.1918650481109452,0.9402303797594381,0.3417573415626804,-0.011366701585414574,0.04769213205846546,0.019847249589447193,-0.7828307535598533,1.1327573407766611,3.0119077518341744,-1.7882435699753223,-1.9837816617415114,-0.5880487698880617,-0.8168130861589908,0.8324601822886983,1.4740458304343178,1.108217036220909,0.6374543210233095,2.053642392703514,-2.3711099807691207,0.5278715825941388,-1.1180193414888524,-0.605768641381331,-1.3000257097941286,-1.7424077954743273
3440,1.0838919176322408,0.7068901610194136,0.987260185874656,0.843422735281016,1.6995390305326465,1.4646415152284455,1.7050133401799836,1.741587152323661,2.108507945220106,0.5537057700587604,-1.3671171756716143,0.36644718709387614,0.23299694793645384,0.6966251516063895,0.23524803822300444,-0.17944393155266208,0.5610944113312178,0.03523697851067656,0.45787856493694534,0.235248038223004,-0.15129087047836962,0.18995564337862986,0.4112105977312362,0.060240015234235576,0.44266032433426084,-0.15129087047837006,-0.36405763048625417,-0.7529271854692527,0.16153954394605746,-0.49183386320670014,-0.8745102422419608,0.05433848215548115,0.19523672167739983,0.23900859776484812,0.020316897876718174,0.3477986058588113,0.7444411069713983,0.40310475428706516,1.275360709192141,1.139990809912615,-0.9113127618459056,-0.764677683984967,-0.7140119028168926,-0.6561579429134692,-0.706074788543997,-0.661953085888702,-0.6497237903127798,-0.7099971304424819,-0.8926974280712588,-0.4752780801609194,0.6649128850614698,0.5015089524793857,-0.35551959136369027,0.11509328711734268,2.2325593126862286,-2.2276416508969317,-0.4756134960835525,1.9918558045227484,-0.3092715141307774,-1.0764445321500615,1.0267512065715185,0.5462191527534297,0.18998796565910064,0.4218517992436169,0.33835405094185933,0.539630416073284,-0.23870487176643093,-1.0373769590069502,-1.1423915144855938,-0.8526430072056286,-0.29695596833148435,1.747135773202574,0.358606416759063,0.5826952261246829,0.21257160740635428,-0.0128977828040277,0.17163602479913417,-2.0624121471174375,0.4893356919814895,0.7247314759265515,-1.9690599263914745,-2.09475250970059,-0.35158434715262527,-1.0656421830544893,0.836330925038588,1.4670876802954695,1.2649742495023102,0.5278783201039784,2.1875633903648017,-1.7109693715140408,0.5940407393512377,-1.0966355942308963,-0.514432903145753,-1.1224970334739115,-0.9352467026612458
3441,0.9807432817635517,0.8881068561693435,1.2326643272984255,1.0849288689340153,1.886265071213789,1.7700088538381737,1.745952418537361,1.0928735703178736,2.684503602401931,0.3627625780946095,-1.590905817498213,0.5949256577770679,0.463287547578913,0.9163022226202074,0.27835106277158517,0.08642841575489574,0.6857830732786968,0.2307030192940285,0.5505570883838309,0.2783510627715849,-0.035972301054437,0.3358406637058412,0.499338122584116,0.2332661398903937,0.46305067451474746,-0.035972301054436856,0.2750766365026324,0.2120003597018011,-0.28189921571937965,0.08989753952657994,-0.976100528183826,0.3941860372242275,0.43360367896533814,0.416312631710558,0.252047005824376,0.5126243211690298,0.8717636334568539,0.5804292734502029,1.4090076975210346,1.3270710283710294,0.03927023109555088,-0.03944514421535801,-0.12800280435043682,0.0634520457548341,-0.07366279559651526,0.003399957460795239,-0.01117649779733199,-0.10721866262550084,-0.4344826463452777,0.2771583454252626,-0.1426834412805166,-0.21178043011289463,0.09097944641603528,-0.28243642749298786,2.058355146991734,-2.4455645933642995,0.5949885236950351,1.9291421917844898,-0.19087061498706698,-0.9853997320920224,0.9988980886772394,0.5778838440045461,0.4505831000791627,0.602413176452602,0.3132623133924693,0.26164667910081707,-0.2752585042086481,-0.6627108568508939,-1.0799044222560739,-0.9190210526274554,0.13051695057714283,2.2307313267881517,0.34989398842767055,0.2825331839167327,0.34544894600041226,0.15412515737642668,0.39158821749145983,-2.3636660842382557,0.04111114975475347,-0.10055219105514357,-2.610862015039886,-2.6758423377953693,-0.05887555747500671,-1.2563982905527593,0.6686516227131359,1.438279423707021,1.3886559382589942,0.38940503058105974,2.3417199885278173,-1.0207473487451881,0.6201571497488346,-1.0759789161983702,-0.3972642539841678,-0.9497168079533207,-0.2196235018030704
3442,1.6427927525622605,2.5170519771848756,0.9840627604104768,1.7569377544812894,-0.03476104310958436,1.8696335612760604,1.5944262476645739,0.01895612385435473,1.7885018591327495,0.8796095874471367,-1.7972837196188753,1.24802106305057,1.0747330529996986,1.5408190420348187,0.6244123420436152,0.6947508683662083,1.0545331998952436,0.8323331180383634,0.7405350111683927,0.6244123420436136,0.2590410579937219,0.8518873973290939,0.7456176023219662,0.7815585838756857,0.523971699808359,0.25904105799372384,-0.5197877168783182,2.401928524213593,0.9429108969551463,0.0775667305629043,3.1379257883319602,0.7904365203301701,0.9979673136035196,0.9042024102475928,0.8826709601874932,1.088700677684432,1.3072298277878749,1.1449365635712256,1.7619208963753072,1.8290145584834165,3.206382743532217,3.6318452245415345,3.5010892130484215,4.113154741835039,4.218432413277055,4.432048702471953,4.357032268629117,4.302407281246463,3.3207317915947243,0.8521312526462991,1.1349224084774774,0.38309084676242355,0.46932725472917114,0.23392416631900625,2.2087437584247698,-1.9301831204085431,0.162514466917563,1.8205262738268746,0.11362759166865402,-0.6348374259150958,1.819876121714734,1.3244845547874673,0.5205045196920288,0.8101933435259889,0.46101023580526423,-0.02255884952247856,-0.9089892437265344,-1.1277247557384216,-1.126078791171883,-0.864738234591489,0.088491611860686,2.4931614711701973,1.0001576486352903,0.1682936413786819,0.030246793199759408,0.007319388485926138,0.031156633842544308,-2.4522659632207136,0.2484428832854033,1.408809593798086,-1.7817211671665738,-1.8076072317570482,0.018046178643359757,-1.3157069893695437,0.39263744922146676,0.7147401326561105,1.1450098216264952,0.2814103753679153,2.3671110361689145,-0.9083709648126372,0.37163320334753447,-1.0460550463648925,-0.26811105520233874,-0.9359827727664136,0.37251757603934277
3443,1.6445018433512775,1.372800585201558,-0.4368228209852199,-0.5950237673936887,0.7075438390908663,-0.16380163101359885,0.5324343719762126,-0.07825516163126589,2.9384935417868387,0.3695783476581106,-2.6189565730707938,-1.164631483641081,-1.2178764166130949,-0.668284170767242,-0.7364023685895378,-2.629717011180043,0.2664773376877984,-2.1448695483264664,0.6280176463495675,-0.7364023685895356,-0.41989922000253566,-1.9474670399478107,0.3427801475986257,-1.6903743413253187,0.5082777756517578,-0.41989922000253743,-2.278640339837535,-1.672152096328505,-0.07599081075450997,-3.0881558849924517,3.4987868174108345,-1.9876853466762066,-1.2288520121490452,-1.2229034063441333,-1.3899076859329778,-1.2006235393167657,-0.40357952275332504,-0.8877758437519796,0.5525777684780886,0.05624741583580087,1.4941063696705452,2.161569922595348,2.3020425479200397,2.6725958986911817,2.9452929593929293,3.2328747344793913,3.1283594169421653,3.1814592393030123,2.5191966458463613,-2.963596273061867,-0.9465814387266857,-0.5539015140141775,-1.1586445440584774,-1.1436878827681352,0.8565532617813498,-3.1032403285913976,-2.462115666082986,1.6356647810705873,0.11309123675645376,-0.6463193086313588,1.7579556832946825,1.3344436521877325,-1.898178969384829,-1.1011882771598505,0.43381476518011064,-0.06408595202410401,0.45030671804192995,-0.7910550431193552,-0.6218440628782842,-0.842194503880853,0.45163590050856706,2.0820195524743275,-0.5069457975870411,0.9022660649296579,-0.12816891039707132,0.35908657831465296,0.13654126162386393,-2.0594845877438503,-0.5226896014816068,-1.9554374689057954,-2.941075189144102,-2.9546628531114085,0.13422145031118074,-0.9043592475094322,0.6014518528313395,0.2775775194344542,1.0744598388804467,0.16245339287257363,2.7387111343341104,-0.8016469875712214,0.06806371899600429,-1.0394345399290723,-0.027835302548037136,-0.823820529764251,0.8435188727399954
3444,-1.1756438590818215,-1.7212820511411122,-2.309087756007327,-2.244061740109928,1.9333505197295484,0.6279271421552245,2.540409695769385,0.9579367469478968,4.654810948142306,-0.334755239917197,-3.582155814964398,-2.285601847126082,-2.078789960349508,-1.9800387965540676,-2.1029819867398594,-2.6303583002696316,-1.0892817063980247,-2.9144113669876597,0.09824081766423155,-2.1029819867398545,-1.3812410251054508,-2.656719505626103,-0.5193903208113029,-2.7040041450620556,0.35560688938739055,-1.3812410251054585,-2.8498246180195115,-3.884336335742467,-3.6651357708706476,-1.5112234687131791,1.2757817043848123,-3.018606245812767,-2.4578775793824836,-2.407585476082387,-2.6977408834900496,-2.6650115022858922,-1.6877563642970332,-2.3621807830423753,-0.33251950842199407,-1.2440974009411467,0.3015629369897207,0.9389601071714893,1.1449253398433086,1.4585712845568,1.7497918602855906,2.069138289002674,1.9427866342014997,2.079129510160589,1.5655016379245674,-2.114002639040702,-2.1617671929166713,-1.5074712524711722,-2.035287419762821,-2.2925051097094262,0.6522356748212388,-3.22643156936896,-1.3530336546138888,1.0409911845688642,0.5018585847793146,-0.767057452782436,0.6407959954608147,0.9560375485938432,-2.6814032205939773,-2.2980174730128096,-0.09736064453707012,2.234229869005168,0.053810894392652804,-0.8855434956893181,0.01443066878479433,0.17085636383481625,-0.9472897956703548,3.048468299431249,0.328550294209158,0.6860510487806705,-0.6273829549917664,-0.16312270224869538,-0.7120193687519529,-2.349918491823901,1.3488254877470598,-3.172417525667357,-4.444843478211655,-4.667414612024781,-1.9516054968456031,-0.012611008756791048,1.3756612933862808,0.3524397099546229,1.3492335919225493,-0.08137990862204461,3.9073457795829847,-0.3092645401839344,0.9428921282474365,-1.033346035085378,0.42348620976188733,-0.2846311313002673,1.7204633154644537
3445,-3.4414904535577735,-3.086636729778022,-3.107610105593664,-2.7153943827450098,3.6888058207632177,1.7098372738826755,4.287219119076275,2.066149652200602,6.591734605719815,-1.510001901957523,-3.3048037202291067,-2.5029819952173082,-2.2192281610652604,-2.3744221827138503,-2.5817413387035724,-1.1496160840441987,-2.292156633716904,-2.2658356698960156,-0.7551960299949521,-2.581741338703567,-2.044361633749344,-1.95488142608684,-1.5315852246094992,-2.4774885977229157,0.06081203823123278,-2.044361633749355,-1.4703427168723897,-2.0050559296979027,-3.137174219274369,1.3179764868566894,0.143876856968614,-2.679429406227972,-2.5880890573657016,-2.557529579838327,-2.837460201579611,-2.955053387007422,-2.156047754134076,-2.7829619307083826,-0.6925080031119915,-1.7284886312652399,-0.5574631316005775,0.10752161116477434,0.30150444469134835,0.7032298586946418,0.828127475363309,1.120361054142824,0.9951159085535156,1.1888623931113789,0.7429595746042739,-0.7624714783614751,-2.2221212781968926,-1.7156248613485838,-1.9581528081106618,-2.6952594627784174,0.16471312777720082,-3.2101952995549388,0.6572854526984168,0.39686598100351,0.8793098785376915,-0.7492141944205851,-0.05744969947819119,0.1532724995394466,-2.63366671105079,-2.4033437027755475,-0.13387353238842725,2.7663783834185307,2.1990377911324113,0.7535370004586276,1.773935201286936,2.3650410989180544,-1.317023668486938,3.279634014492643,-1.945803773252541,1.0556630712184583,-0.6753799532594754,-0.7433487720716284,-1.2281994486541052,-1.7146527016893922,0.7335606420399794,-5.761422788389555,-6.565296083569453,-6.599757753793683,-2.310883215354498,0.7049155792659947,1.651127988664194,1.1894864847719873,1.8092951346412272,-0.1626732203837304,4.340565389057744,0.6843120782032818,2.876454419003661,-1.0113740611639406,0.922299079207095,0.9428612815230135,3.181966474603478
3446,-2.211858130211728,-2.6368891066770277,-2.764065308859277,-2.853235754903426,1.9054373398113653,3.7597132145001297,2.9899921704483643,2.1684401122094954,3.2934793432894938,-1.187778788292282,-2.517446864006248,-2.5343355883573317,-2.2530241203559576,-2.4863156198322827,-2.559620560325128,-0.13198747368329544,-3.032361966287152,-1.696464760331398,-1.7815904151849509,-2.559620560325124,-2.404947518900339,-1.271181444010807,-2.4809854355692385,-2.1749485585164536,-0.38049385463945024,-2.404947518900351,0.325257151445286,0.44415649379362526,1.6940652993205723,-1.1223905927465443,0.3876786493753141,-2.0967588506565584,-2.448630775749857,-2.544133773343398,-2.8037125529646745,-2.9503354264952524,-2.34946766743595,-2.8994681651020797,-0.9354696658247685,-1.9788635200982077,-1.2512935338845128,-0.6515537207249078,-0.5743221026703287,-0.2738460153086079,-0.18598048033972533,0.07758599686113016,0.04114036159892177,0.09696944497312392,-0.20729188661778872,-0.5029142078547592,-2.4503157490229426,-2.5907653027312865,-2.7769474990042315,-2.5098718417136534,-0.4755138352573591,-3.09491039901552,-1.0246847607956204,-0.25230811135742537,1.1663035189701136,-0.7856722758091393,-0.09080316011818876,0.17995776693189824,-2.7748548367948267,-2.5818142311171473,-0.1724556277255736,2.343589263363715,2.657095105772531,1.446281520531172,1.9014057860381468,3.2914868717214474,-0.8728412538990926,3.2850752970837505,-2.550549307473133,0.9939033530178616,-0.30576087699709537,-1.7019355090988701,-1.5937752123034001,-1.4759672299126647,3.2906369534366844,3.679150061597446,-3.222740443551222,-3.2973657853741773,-2.115090658780375,0.9545670207229627,1.6753743244545376,1.1668065898738096,1.7606935855695178,-0.11036121811303645,4.187139095795612,0.9287129121859287,3.247243100455372,-0.9941431440044959,1.4172353696825575,1.4791257371201885,3.626314635581872
3447,-2.400329322125357,-2.6634741876306416,-2.636667781187546,-2.910460070278731,1.9661422741119716,2.1669804813270135,1.6374605471563721,1.5282501741789287,3.0271342498046803,-1.518126459453607,-1.9495212723872408,-2.5349069509608038,-2.267560898260606,-2.5404607685499525,-2.3273341631967743,0.40703199377766053,-3.3498818556330687,-1.2574407811021733,-2.7219200631214457,-2.3273341631967717,-2.555141985612504,-0.7049075523754359,-3.1643630810602716,-1.8846856958235676,-0.968243456669534,-2.555141985612516,-0.06931479461762323,-0.2900179405151092,-0.45458589459387155,-1.080423760818511,0.04750277671240793,-1.2426738178210872,-2.361418844464088,-2.4928887254772927,-2.7346971456777833,-2.9135640883544185,-2.466287685821462,-2.9255168285390143,-1.152821768771327,-2.1629071141862832,-1.3135692447931815,-1.0341777034246202,-0.9568401087324755,-0.7282991644105146,-0.6448347787205861,-0.4329468786812171,-0.4419486805653236,-0.42355353163743775,-0.6623642798487754,-0.44461893221879845,-2.7954370494247844,-2.040742557912328,-2.661754676535473,-2.6027275208980356,-0.6769950498536234,-3.3259444509671217,-0.08296699144994657,-0.8945483636416254,1.3580897824098,-0.806090385953287,-0.12439737081564944,0.2080532024449376,-2.8475722969543824,-2.6828486442845567,-0.21304485768463094,1.9514169762307498,3.13586950711956,3.2751381708119474,3.511480624295792,3.031495120680773,0.09690593449974648,3.172596033763066,-3.167119049765819,-0.0036881852600813714,-0.1798478715045129,0.26268100955635953,0.009724767697971958,-1.6092146016174007,2.000789411882956,0.8227615679569786,-2.9927565625102854,-3.0293376052825276,-1.7349649387715556,1.1120813966710392,1.6088169835173671,1.1777393979459592,1.7236911968008715,0.010578347524744224,3.90869348521449,1.154726847138638,3.4505008839721523,-0.9719631499623446,1.8727180286965377,1.9135753357195073,3.7831985068543097
3448,-2.666504622929249,-2.2920389097266747,-2.3357145839807636,-1.9040805988889722,1.1403492034046956,2.09222167054179,1.6059981647716564,1.6545225877898633,2.0064247186127275,-0.6465583650137955,-1.7111165894801452,-1.4549414401667398,-1.1685628350222297,-1.4928705107794404,-1.3258283296708346,2.079573122320231,-2.9403212538040475,0.46076179619636526,-3.1301054440509932,-1.3258283296708349,-2.1745605840123168,1.056410737929595,-3.1734597107210307,-0.44731421435089824,-1.5791938735951832,-2.1745605840123274,0.3844813843648756,0.4269963783721312,-0.6741375700788705,1.3579519465795447,0.20674555930378366,0.5835264606657303,-1.1662179504319499,-1.3271061846917984,-1.6845501681761688,-1.932283338729801,-1.6347503850399332,-1.9715071121108825,-0.508637097006385,-1.306224221921885,-0.7182568309544832,-0.7983910788017151,-0.6903648085339859,-0.49143475387416813,-0.36416934958813857,-0.11446913483679085,-0.15583167472104198,-0.12385191113991924,-0.40649857589160693,1.5840380947461499,-0.9864426800820361,-1.7707188601760124,-1.496148713405825,-1.92121051984058,-0.21272325942433,-2.646202827521457,0.6196394513083703,-1.199649493684665,1.3362130318902958,-0.8768376219576741,-0.15578554311764986,0.23777166102061167,-1.8356219608437303,-1.8113883169957878,-0.2540455816613583,1.5991798523876415,3.706967326081306,2.6055913796935632,3.4816982552775646,3.162946417675578,0.47747362802431215,3.3493145861966456,-3.85005088956205,1.2518172270679035,-0.8649318048235389,0.1675443834314645,-0.7738506726669399,-1.8503554818298777,2.0647052422368826,1.9663276026404133,-1.9647775350739396,-2.0092228752028385,-1.4792978823631509,1.1400415120665464,1.570603953222428,1.1165619095703094,1.6002539618204314,-0.006401127551264135,3.6058650888530472,1.1727045249906285,3.297320543324259,-0.9578237357267118,2.253320523114459,2.0814726220595006,3.693188721776396
3449,-1.9197131573745425,-2.122104064973726,-1.791955674795505,-1.978539973438639,0.3328820982949998,1.1046633090950493,0.8464704375213115,0.7138746900416548,1.2198801062455904,-0.4845310957019535,-1.9373175855184408,-1.5131728518682492,-1.2336753018787896,-1.5818085768991883,-0.7542127717215507,1.1709208371176034,-2.676719959068543,0.2623267600452089,-3.215210922804193,-0.7542127717215515,-1.8684593544549233,0.9031839154540653,-3.120945166003907,-0.3914145296724548,-2.1728616339814386,-1.8684593544549322,1.0008230310520743,0.16390979237248393,1.1292122348512919,-0.14776848228865802,-0.8225754221782947,0.4418035123532535,-0.9930397851375335,-1.2830019989262547,-1.6596803962281197,-1.919000157366887,-1.7373575959431982,-2.0387470218899764,-0.6550005247269386,-1.4413119341818104,-0.9932685286328764,-1.2330918760929483,-1.1472596776174162,-0.9949660949314572,-0.9173840941635953,-0.7334527206595572,-0.7753079875846055,-0.7496971552940394,-0.9523534235397958,-0.23239802770559861,-0.16862272586574076,-2.0175240017275162,-1.4901933815840553,-1.7985404039992197,-0.19441933559632435,-2.532692555595909,-0.46268869390531975,-1.4942962269049584,1.2975603068978847,-0.9599491449245056,-0.19601488554019084,0.2693720623615165,-1.8987297840134676,-1.906620027184724,-0.30510273508579133,1.7141459273416175,1.3920360774275302,2.0718281251203705,1.6899220569791584,2.074559289614856,-0.14348702284129425,2.7881967207203235,-1.2759939027761167,-0.4910236649395374,0.2764378109204782,-0.6604660397892357,-0.20146633157575106,-1.9207142011406566,2.1282748385580357,1.6077691057532633,-1.13844294187885,-1.2243583582810773,-1.6848603415173917,1.1482564001558417,1.539759807916914,0.9800960196652855,1.3219193259891142,-0.06314750228876038,3.392202591838738,1.1087095460914198,3.0554420573081242,-0.9412103473637852,2.6319807321567943,2.1119419275350144,3.4914147376713167
3450,-1.9503862487057395,-2.273425228943238,-2.2134341882844932,-2.408971859511716,0.6727791056304687,0.45901888422337994,0.43542951658455387,0.7338873908708158,1.253311104977042,-0.5125087298585002,-2.0262611323374666,-1.8413269749390353,-1.5667323526562245,-1.9571743520920224,-0.713669050327176,0.09608973022367519,-2.6670156024143274,-0.3923287599757239,-3.21367628299652,-0.713669050327177,-1.7776237805283734,0.2852980170399145,-3.148032249651722,-0.7990960088300856,-2.7155774196111855,-1.7776237805283828,-1.0467843527108978,-0.45566164221831107,-0.15059467427951612,-1.0175231389864783,-0.12560897558709647,-0.33220255752904426,-1.242410080965393,-1.5777843775002223,-2.0308805066904974,-2.243220889968541,-2.1474795492028425,-2.42205603638255,-1.1336907616317393,-1.9325636347641466,0.04195143151135399,-0.8680469756929933,-0.7508877098496959,-0.5755182929661652,-0.4443309537017866,-0.23889264696347376,-0.2940161907536871,-0.24041390178048277,-0.508763449130685,-0.9626381882706752,-0.25557712775300967,-2.1851114357745356,-1.7609439743083182,-1.8075496625268828,-0.7259494795106729,-2.6515940721458016,-1.035902983561316,-1.8731755044360503,1.3110438514192382,-0.923140138652117,-0.23073662555834187,0.30317342249387624,-2.344360218133448,-2.3203913951792967,-0.3551080544852902,1.3462620330010782,-0.11660297418172039,2.4246434445959437,1.34892855612038,1.7765908893892357,-0.2751535919864626,2.5998022849276157,0.3409281259559752,-2.230667033253829,0.9613020074323086,-0.7167686771782885,0.47309016242199026,-1.944573945489324,1.3096177556283357,0.19204113092727892,-1.2025921989777675,-1.2553013726308135,-1.2823725515604802,1.1191989542310221,1.510355047425275,0.9123036410963166,1.1749048396685493,-0.06827181745891145,3.21554704900868,1.0879577578797666,2.8788885039444883,-0.9268827264278612,2.9535416749717114,2.1749145764598294,3.325970472574583
3451,-2.305194101175201,-2.047964966526051,-2.2192716562596595,-1.656588806367732,0.33434118917749694,0.6993797483168644,0.46073409682480637,0.6012223557643942,0.6797865593474697,0.18255574731687996,-2.215069414165877,-1.0340687527627472,-0.7203048094964042,-1.1603477477689557,-0.04423826472188684,1.31492808851414,-2.266174829173043,0.8243252562017008,-3.0044464177713226,-0.04423826472188868,-1.3383130814541084,1.394831555888356,-2.8571739083059193,0.29968181648264725,-3.0413348426166,-1.3383130814541147,-0.22422274765066832,0.2766087922133724,-0.7954302032242351,1.2567353275602933,0.5880909785294474,0.6197842862459549,-0.15261670293946109,-0.5769153844702392,-1.1857854934777885,-1.4778507183609562,-1.4631759790640597,-1.6855262912537579,-0.5469124745187659,-1.2301445942692335,1.0346024565421683,-0.3448299583357812,-0.19145349924974367,0.07124206997820082,0.31096402884967944,0.4971720443962884,0.43116303717777615,0.5495310762717062,0.16727736336591267,1.295943516206706,0.5348377071815745,-1.7812586628913245,-1.9213866375010002,-1.8937272120746929,-0.4697528870975814,-2.0764237243687225,0.6379199649112554,-2.032425812794322,1.2133963355273933,-0.8601185422456055,-0.7642314782663171,0.33957452156613327,-1.3939812569920373,-1.6400768739470426,-0.7672227711761426,1.2422283096071043,-0.5382824024158449,2.7925737967518143,1.8037195309535086,1.821084766995533,0.5077876212922622,2.6701311228423728,0.7912136301876991,-2.8817845013194936,0.9698019714118862,-0.2037544993776816,0.8861451592070101,-2.0656571462669016,1.5866825786861092,1.3963471637665552,-0.6121247767602533,-0.6810923044289338,-1.2143580657163973,1.076349585194431,1.4736358385471955,0.844768189170184,0.9684940389722377,-0.12102315375822717,3.0228867386993152,1.0526024818120707,2.692790295559021,-0.9170750917302215,3.142829065868104,2.153537981025314,3.137679440750549
3452,-1.7365138871864811,-1.8431062955853899,-1.4748570963519185,-1.6368008909907867,0.04881477613386249,0.28878703179144205,0.0077243204181041795,0.21395259707845984,0.2559852672862644,0.3284901827721214,-2.2619383366604775,-1.0364007633914083,-0.7320985774624349,-1.1696513020077768,0.30082373178758914,0.6655478281068389,-1.9839315977816672,0.6159168107039884,-2.742463273814468,0.30082373178758687,-0.9724598245900105,1.1353610276342065,-2.6101727188856505,0.32792251224526514,-3.166539971316684,-0.9724598245900169,1.5912852236658541,0.28327169041508765,0.9369749023733386,0.173873098671979,-1.0564068152556523,0.29203784438869834,0.18400662669316162,-0.37762621362709914,-1.0737693495916854,-1.3927072125859197,-1.4579689274848404,-1.628980891788323,-0.5909473681846407,-1.2528968935482956,-0.6282306888002126,-1.0201221957146378,-1.0867873349689818,-0.9035457896303892,-0.8205814457669839,-0.6590650261697758,-0.6893313438034575,-0.6517915655498303,-0.8540590419094699,-0.040360278325060346,0.7123395913620554,-2.049649729117844,-1.2808455132920564,-1.7357900262901471,-0.3281295470885418,-2.0400604574369567,-0.19973603206146892,-2.1581571157900585,1.171992996894755,-0.843434945137007,-2.1592178353497706,0.37908210853886454,-0.8363384674557569,-1.6369010597801974,-1.8536195773913777,1.2316078877870231,-0.7328992494652631,2.2533477155009556,2.1861258298404644,2.030355461005335,0.20281373073811024,2.191904266822863,1.002780008430826,-2.5547728473981426,0.0953597141031852,0.019793400015125025,0.11936882744261527,-1.444965943432916,1.507371437522681,1.0999301176221026,-0.16953189593606066,-0.2570626676094307,-1.232493320660286,1.075356495537518,1.45232645395016,0.8333004522741128,0.7786876420800574,-0.2354821787316222,2.8808014539876594,1.0209177561613278,2.4908773486888376,-0.9118959474637727,3.2506638187712658,2.1107428783934625,2.9466405680129757
3453,-1.3938309139093468,-0.8671197361613419,-1.0633862345456495,-0.5079762289734753,-0.5311174502183363,-0.027315897551880054,-0.3036150072695901,-0.3938078076577249,0.0452844456223007,1.0295766610051245,-1.649906413374965,0.12964446715982775,0.4592250073084722,0.008577945000446492,1.278807552247075,1.8609920837282632,-1.2728502035623694,1.9698159694688273,-2.2871049888118082,1.2788075522470725,-0.1655752530277399,2.2650765670701314,-2.0601178302471093,1.6820441709231158,-3.0516938232732427,-0.16557525302774193,0.8711894185535902,1.851750509409203,0.5698530217354403,1.7435760967485314,0.58546915839873,1.7586140297914883,1.5365932186724096,1.0608754881871092,0.15434116920011492,-0.2880802561900266,-0.41146599821572555,-0.5259530412808046,0.45294856749673373,-0.12022211749228105,0.5344729928847994,-0.03215237552619577,-0.4600829883486007,-0.19705594706295967,-0.04132270324965061,0.15678061424261866,0.159479138553086,0.2250236963217359,-0.11642664643763984,2.026932939299565,0.9382750508780248,-0.0739800951010995,-0.8455146912409343,-0.4960583321361046,0.2494269540487855,-1.221258622851292,1.545126738816365,-2.103715469140735,0.8704669515889928,-1.0032880618781428,-2.0833039223374206,0.4127605907389669,0.34416668607997797,-0.6003472355943539,-1.8689662955286506,0.8963100127296079,-0.5687302396040679,2.568997365923765,1.2782313452450436,1.8395081392928012,-0.05816774757852256,2.0817921182503714,0.7683686693189093,-2.6786907583169355,1.376869777563844,-0.9878486287915863,0.7609124988966135,-1.4494057808645988,1.0466947313610209,0.448861459786393,0.024193601392723127,-0.0495895464011069,-0.9521352215030222,1.005497438495835,1.3846330068957602,0.8110132127129197,0.5854294957227711,-0.3330697148590072,2.6949693543538866,0.9883442303780705,2.2793593786479533,-0.8877410771576305,3.1734720019547504,2.107027379779491,2.721630317807168
3454,-0.4989104349968851,-0.30497183485288953,-0.1489389429019617,0.0013745710778903092,-0.4362437516669411,-0.5349751378807002,-0.6289322424577249,-0.5934826716314535,-0.05135805705253277,1.0907322254999952,-1.7508438251162393,0.5787891393396251,0.8821576957462022,0.4838774453641736,1.8903196292510875,1.237960061815237,-0.5818192263476231,1.9259017443267634,-1.7276403632131396,1.890319629251083,0.6281621748961784,2.0668624440080805,-1.483876486976449,1.9514677639932825,-2.7751998732633765,0.6281621748961796,1.9277780183007018,1.02664055012367,1.584123923670992,0.9346159686020268,-0.43955517834636143,1.9194583228813147,1.8875673561804998,1.7509295241278366,0.704725787530994,0.22422476790106222,0.0594260004251923,-0.015863597386125798,0.9297935521754096,0.38833453322136624,0.42873858134821885,0.38457485583831497,-0.08744647832510755,-0.06841544034600364,0.10659305797461818,0.33984598520228804,0.35140942640697653,0.4533044541796102,0.05931340820142986,0.866142377817222,1.4386720687498233,1.2457412054138828,-0.7023532195582101,-0.060731758884728676,0.3244267103220093,-0.8189108988530077,0.922695639433947,-2.037679513052463,0.6704925713785875,-1.0141601145005956,-1.7359457155750846,0.4390305870623934,0.7404953262924932,-0.13253010478668303,-1.6503591359512595,1.500107364943168,-0.22252277332559126,0.29931441946578435,0.47832944882187767,0.015367816017572223,-0.8837822218439074,1.3789275591673273,0.4898000303707452,-0.43343648080747726,-0.15744487569873306,0.6357188611802961,0.3191217382211612,-1.6096615153320968,1.5414388994554213,0.18635406836739243,0.17498114094190403,0.048326884612573284,-1.544851909173119,0.9659831811627841,1.2821905236469855,0.8931936843494698,0.4124021072884634,-0.3613174757582085,2.494407598252575,0.9529614915659217,2.076510118270365,-0.8483317132915015,3.065707951238113,2.108102945579232,2.538014318068104
3455,0.02591789190940339,-0.27835433550456656,0.03887817156676906,-0.05412067513965255,-0.7946802328310846,-0.3926237960452591,-0.5290609593436246,-0.598028813506392,-0.09096669608830363,1.4930327423338599,-1.79610316931882,0.5162999437187469,0.8050364085599495,0.41856390248002867,1.8526482214556401,0.02765696116730078,-0.16329672455423128,1.1605164145854237,-1.2048458576106937,1.8526482214556368,1.1042906977933353,1.21522630262599,-1.0521630005819596,1.4990271684528442,-2.4415743204255578,1.1042906977933395,0.37653932838129267,0.037491630867468435,0.8881186300706324,-0.15933951452953712,-0.8814807648575187,1.0904858098218453,1.5533947094172766,1.6154237682887889,0.6433358736601067,0.20729686060468433,-0.009119331601633933,-0.03824034016469115,0.8702077377653874,0.3218199497328199,-0.8098295908798574,-0.5853075111431512,-0.7920535376501415,-0.9176201847421644,-0.8138350794713747,-0.6643819276069834,-0.6842471035537048,-0.6277810158157628,-0.8341875023518553,-0.10575511304518138,1.7954969127334766,1.5208849155717818,-0.5679124907015328,-0.007316804694163941,0.5688275797469694,-0.5198412512189358,-0.5562378854437751,-1.9872552452473273,0.6346940273518397,-1.0159187953015711,-1.721115982461759,0.4590176923987646,0.6713085221033581,-0.18895193213659028,-1.6755152856892692,1.29132160925248,0.6273630935621863,0.17396985304722973,0.14268755033712582,-0.7721790682842232,-1.1297565443489492,0.9203291822404405,-0.4739525137790474,0.34087412697002345,0.038654159638721576,1.3367771398251191,1.0875850164387206,-1.4854510761667197,1.2905096594663514,-0.09411387551469982,0.20039930873888723,0.08541630060189707,-1.3665630206618422,0.9274614564834697,1.1839193830487669,0.9412955383742733,0.29091270835724536,-0.4805697573336549,2.3337091748478347,0.8869202808739088,1.862617401867545,-0.8149278936833219,2.9598418804001336,2.1314897477486903,2.3437590824273653
3456,-0.46920280130241193,-0.7115621528217505,-1.0269094352061274,-1.0922623347517524,-0.16426831782265133,-0.8559212478879168,-0.3410578355260287,-0.6712061035403812,0.16216202378718586,1.354615340966296,-1.942110770456252,-0.4857309801479813,-0.31695663416914527,-0.574894701758911,0.9113834793694581,-1.8221434932533274,-0.37682347394722404,-0.5939496632012886,-0.9496866673012121,0.9113834793694573,0.9086208477981723,-0.5253077421876865,-1.0328166682566557,0.0401019140346794,-2.181413067556398,0.9086208477981759,-2.122730999772291,-0.8012617951836611,-0.8416319118073862,-1.1886268388643018,0.931935244682936,-0.683660538245128,0.2404632472492012,0.39631444750650885,-0.3732938391642909,-0.7382644499127476,-0.9890482495186756,-0.9860332086212993,-0.18902108239550283,-0.7721540952524495,1.8453897771642043,1.9658479173057084,1.7027873779296996,1.1194149817587926,1.4750241426926511,1.720641892879598,1.7036104089951896,1.9442188707974057,1.328353314517881,-1.77617271884343,0.38161202649190223,0.9032144102256814,-1.4812778722406748,-1.458578732949793,-0.5046085948272782,-1.1481567591746753,-1.8900327703084063,-2.002895017726611,0.48748735787506026,-1.1370656124487324,-1.7233538544105405,0.47972245036864336,-0.4613720136264255,-1.1575946714662004,-1.7162287701481398,0.9512851520634183,1.409727772314705,0.591248674940198,-0.07161620094439594,-0.9289529608351693,-1.363338283773077,0.5900193463951027,-1.3896584413923758,0.6016910432773109,0.6718583258156953,1.2978866568966354,1.7010360790600256,-1.1763544054485062,0.7210228793541326,-0.7550878037516011,-0.09087242993045858,-0.16431535951452728,-0.9648976176687619,0.7616781708054909,1.1586030629022732,1.0184469710325401,0.31710393201285997,-0.661235165732394,2.2302654953011074,0.8408959516836431,1.7403550050738448,-0.8015549250241146,2.9209783440921,2.1501429798069696,2.2359679314175365
3457,-0.9314094802065962,-1.1387376782590866,-0.8592589668201375,-0.8781443956729537,-0.21761303733306303,-0.12334619245415931,-0.3489826693517021,0.08310157271222972,0.23269252169028054,1.4986620195187226,-2.031277098432834,-0.27633387277337623,-0.09686957921160153,-0.36775924461406084,0.5656049574823268,-0.6775298403514562,-0.4070323248992491,-0.08219228969977539,-0.7938278094244822,0.5656049574823258,0.866657881154164,-0.13885813470367905,-0.9414709663145235,0.31937767333180156,-1.9554885177345023,0.866657881154167,0.3333056130370448,-0.8192285861093218,-0.8178454844282872,0.10718457189682351,-0.7957279808850435,-0.5840705083751231,0.2982588748167707,0.5286338611629279,-0.09248515617693266,-0.4882309919099149,-0.7701649400469254,-0.7398037574046502,0.015247251175992236,-0.5543245737572371,-0.5979587241387407,-0.2821038345157998,-0.24095392787115785,-0.5901901013538629,-0.4757958640923622,-0.27192476647900427,-0.31993223724521186,-0.20868617046217225,-0.46442410265579714,0.36366045078164266,0.5628850565039383,1.245831900872576,-1.6743883546873553,-0.6945110450623744,-0.5556445006294565,-1.0508320022539734,0.2534651650122793,-1.990937083103149,0.35582119279220875,-1.254582064240305,-1.7047858787663466,0.5012074257057492,-0.23413875280909435,-0.9576208948638488,-1.7368189025311398,1.4027174181623052,-0.18045646347772065,-0.1733793526431267,1.4036344413487327,1.2347319680485613,0.031194408331476183,1.0694273908788436,0.4335328475383849,0.008695961962194335,-1.5607107302607477,0.04387162608830724,-1.5967728805233914,-0.5731508207124058,1.317860506361797,-0.2058830425584153,-0.12522366530014928,-0.23561574316445216,-1.4186670701314332,0.6366337405251048,1.1340045233828386,1.1076765396921022,0.3082011036329081,-0.8011016343559638,2.121795816099059,0.7882942736731002,1.629689048811531,-0.7851315387329414,2.854572963096021,2.166249826618233,2.1285143706138303
3458,-0.9039742182227787,-0.9685604710217794,-0.6575848105371435,-0.9428395808278246,0.015930662104232277,-0.1277166652787341,-0.19028704187832324,-0.6124958106932683,0.49194721958644894,1.0512631050162027,-1.5799812143160363,-0.34387610004491903,-0.17375996405774952,-0.43616283846724835,0.31855439546597614,-0.48422898857596103,-0.4504238267149213,-0.11460404168836573,-0.7081509323923606,0.31855439546597586,0.7961602381019028,-0.2160115397533679,-0.8828286610876365,0.21773941411157754,-1.7645368078787043,0.7961602381019062,0.416501136929889,0.3084840566749865,0.031086748330361107,-0.06717068733027287,-0.8903157028827562,-0.552961306180521,0.14305630415256435,0.33195591601624,-0.08085176557759924,-0.5072255945081774,-0.8108360999097559,-0.7719768486200346,-0.06637045018557469,-0.6231459177553512,-1.2176498635880404,-0.9631026651539021,-0.9156481020363039,-1.1332359685790947,-1.1047670104978873,-0.928229334520548,-0.9825068081674948,-0.9235317138674093,-1.0481600806105011,-0.1269419900460781,-0.3630788012809104,0.5324931781606166,-0.44380301115473775,-1.1522061505105372,-0.7340981080758866,-1.2146548902440046,0.3339620309653829,-1.9348040693927895,-0.17787075670106478,-1.4238404617207598,-1.661847225194485,0.523542887548344,-0.3170638353608324,-1.0148174874321985,-1.7270872625987619,1.070286161191328,-0.5775931711853094,0.14015601741798672,1.9381809566954151,0.274707871948624,0.2195727384821339,1.061699161250163,0.8119161287170749,-0.5745725763901847,-1.8276731867545402,2.2110121088796624,-0.16611435504800745,-1.1090584969938613,0.862582729936306,-0.6267130443540219,-0.42276035825825237,-0.49450226922973994,-1.0648217697933853,0.5029773934634889,1.0572627164555743,1.144702881110612,0.3228017310370217,-0.8611345222899496,2.022417282284221,0.7368552973156031,1.540144576509176,-0.7574871813003241,2.758751419835209,2.1698184390862894,2.036528243397178
3459,-0.7576455411608856,-0.7107184854416885,-0.513846964475855,-0.6130700501719315,-0.42277127611151466,-0.00761301042485709,-0.29820793189504247,-0.2932407285055951,0.11355967084683546,1.5237144475953508,-1.759013543820147,0.01968946240104559,0.22518267318179602,-0.09202333009832038,0.418676240694595,0.19009705868937668,-0.3161306713118781,0.38161328489889473,-0.5985751806361357,0.4186762406945943,0.8933912547327484,0.20301909652807196,-0.7264985086340315,0.5932190607102589,-1.5761094269592015,0.8933912547327527,0.2907083913817193,0.4757413349923577,0.24729156790802168,0.2857446773289648,-0.5729929266336125,0.15612627031725793,0.3846567420521134,0.5281786832426109,0.39646796714824845,-0.13677380369850356,-0.4862020729958075,-0.4349116640076097,0.2567636005549668,-0.2832628491342317,-0.5828599285821592,-0.5483970373124882,-0.4784625377321434,-0.7920461872995158,-0.735293394734241,-0.5526529501846827,-0.6020503275437681,-0.5250029268615871,-0.7079285219649798,0.5726264491124976,-0.486039028507283,0.8837742539196779,0.8810589143350188,-1.1427087666202929,-0.44079088161586877,-0.9482815876355669,0.1356002391066234,-1.8967620254749238,-0.3474961618648605,-1.6379897468496425,-1.6204708589367354,0.5468080962065881,0.05144639139679797,-0.7122708810579753,-1.7165694591171456,0.7566424482446885,-0.6440025920982982,-0.6770564563920768,0.3736869818901443,0.890783415198783,0.523539560448009,1.1997440030140525,0.8292162865534757,0.07832715705781114,-1.1060092801765613,-0.814422276374334,-1.7873953073358302,-0.958114392628683,1.003899599296871,0.8559876796309407,-0.05422672594021704,-0.11731348645198493,-0.7908119614585428,0.47014525120833617,1.0347843642781824,1.1863326927550126,0.4354232100625219,-0.9623662966237204,1.92486860163625,0.6780811123619501,1.4103444602244979,-0.7329471264039028,2.7040176222759302,2.13029451682144,1.9181834537428195
3460,-0.8539453596529433,-0.9581513820608948,-0.6165404796428919,-0.7958981678815168,-0.19299474735179303,-0.5218574443741334,-0.21994342837583,-0.2455127780109235,0.16419241984504432,1.334595757370646,-1.6454043208788878,-0.18634170653798324,-0.022611526736448385,-0.2836050229241315,0.29180206585534835,-0.24573709024487259,-0.31156837013372407,0.02160159603999147,-0.5244265824780412,0.29180206585534796,0.8466475947511816,-0.14591510813755112,-0.655112824261307,0.28611062916767094,-1.4124147381701238,0.8466475947511859,-0.2164145382050724,-0.4842070079444377,-0.18522282070443166,0.12794492726649148,-1.0042477803645755,0.1047984167007853,0.01036014399523732,0.2417118674230422,0.2746299198876444,-0.30004423697788757,-0.6407149829502896,-0.5958044153569841,0.04947639269653731,-0.4763619740158725,-0.5182278874022684,-0.4448305201012152,-0.3657645277303212,-0.7293980519864465,-0.6562223270628008,-0.48174262795990364,-0.529712177515274,-0.44302504019002,-0.6379279980623648,-0.3285815450638966,-0.5845873028470715,1.1459603405766405,1.1256234020435127,-1.150873185665365,-0.673142937119882,-0.38723850955157896,-0.17665594215466432,-1.8349588456186139,-0.772672424946329,-1.8676059930266289,-1.197843048451774,0.5327399619546449,-0.35052341638136225,-0.8754785150874921,-1.3396010512139431,0.5170316213369895,-0.48398056533766426,-0.4985129254379973,-0.5178954112533037,0.9851161770083001,0.09965117449733188,0.9975217602733091,0.6131642449769158,0.05126435321581981,-0.016024915627003672,-2.0633201777228103,-1.6957816686589624,-0.6753492793637145,0.47722502179776083,-0.1398691431979019,-0.12733155859344936,-0.1664813747795069,-0.5306258549232697,0.5243604914334131,0.9577116142480233,1.1997730916891112,0.5202912959479618,-1.0063261362895402,1.8393635669855783,0.64418892979666,1.2852182548811761,-0.7404923757231521,2.6453592216379582,2.0919421337960245,1.8297358859828767
3461,-0.7437045522039535,-1.0620152164525414,-0.7662621811401323,-0.8599124072966994,-0.29942410926160085,-0.18076173235413293,0.11502273348338957,-0.043059545113635855,-0.001647218544645883,1.3672593804563828,-1.5259117834507607,-0.2698438001455118,-0.12268866122996812,-0.36420786114768916,0.16737604130256403,-0.2575254465699587,-0.33043587424065596,-0.05421924228851269,-0.4816590696434414,0.16737604130256406,0.7511415749386693,-0.23651383975448878,-0.6074855319777789,0.18353960530894167,-1.273399521810732,0.751141574938673,-0.3460928489781809,-0.22365952408640463,0.18518002719875643,-0.23168179467420935,-1.008333069411005,-0.0693959810369102,-0.14592382192621584,0.08514314072254003,0.30319177194061553,-0.30069503843290846,-0.7173854897850653,-0.6483958579050145,-0.034680518602292806,-0.5551083430578698,-0.33624146662178894,-0.7391070909939795,-0.7687794310285434,-1.0232565200788168,-0.9498984848135782,-0.7509621919239726,-0.8482019991303597,-0.7732265487705868,-0.9799995149428758,-0.1307098818717399,0.15798894009061618,0.5479013593973033,1.303237869115207,-1.2984825477747366,0.3786608129129285,-0.7599569811544616,-0.1806996724092971,-1.721658299982505,-1.4145601639741197,-2.0106278210356465,-0.9750585684209038,0.5188064182472123,-0.5268520511800948,-0.9278022630226211,-1.1350778629804519,0.26857183010124785,-0.27940165951547746,-0.06927736692366324,-0.5065211133382389,1.0720923702011658,0.4081175184876269,0.49511330553995475,0.348477874294412,-0.16030897907857558,0.4565016259394203,-2.0858528268972325,-1.3938877499086262,-0.008937764904190772,0.39776676142823314,0.4020069812869832,0.02435118569356276,-0.000550789178686587,-0.29335309541349763,0.5619474005436272,0.8194192410358875,1.2368399401045922,0.6103745454805527,-1.321735692465305,1.8335843321047796,0.6168458569046583,1.213970630084932,-0.7292519627690728,2.581080793021944,2.037601768205572,1.798595351485011
3462,-0.9239579348429884,-1.015659070206753,-0.9267838470261629,-1.1736172537313767,-0.05424165481663387,-0.2840134818843245,-0.15794788878318,-0.2059679207615381,0.35039817292000036,1.0602609958658773,-1.4426853883618973,-0.6521912727997153,-0.5828979832374728,-0.7129235545843222,-0.12503403243338618,-0.5965248029761424,-0.48772945968015086,-0.45859902085781123,-0.5146148415519235,-0.1250340324333863,0.5120493101093591,-0.6066006242811832,-0.6632213186782219,-0.2167944309477343,-1.1783364408060795,0.5120493101093608,-0.3700011722838107,0.08249765039842381,-0.3543572604463127,-0.5293058918078193,-0.36132974893723285,-0.507717491059691,-0.5656369237082706,-0.38757502041725705,0.06419543108641013,-0.5703307032940192,-1.0251797968902665,-0.9391901433169629,-0.40924272557894503,-0.9038439681846506,0.6621632002088624,-0.12132641089470886,-0.12178632161465994,-0.3989568591005275,-0.4247877246037543,-0.18476185118058794,-0.3232347567974292,-0.22606685791437908,-0.4844162226203305,-0.6310188705154166,-0.264535026509836,0.3116359231569148,1.2040288587362802,-1.830464492876237,-0.04891479147497389,-1.1020860351865922,-0.3581188886097332,-1.6305923106508164,-1.9850767087535437,-2.067038736687267,-0.9801905303384802,0.5049990651053043,-0.8910478701988004,-1.2068738622034332,-1.1226341639400002,0.03870863669341685,-0.8683545440469974,-0.701061965584086,-0.21534975838258205,1.3277076586171874,-0.9253858896170823,0.7223225698678105,0.948393917268605,-0.07857722091977276,-0.573562978296331,-2.0324593427998345,-2.3804785307411485,-0.14789770759368337,-0.22417083834521212,-0.9280247209850981,-0.36255076745823556,-0.35264078132876114,-0.04341284494248004,0.594325676153829,0.6605482762227576,1.2951788537658901,0.7372773887199928,-1.5902510825263343,1.8188251305462477,0.576623977751261,1.255699358377317,-0.7146623042977742,2.52698478911154,1.9868018663338027,1.786313251488364
3463,-0.9942999485997663,-0.8642877636542647,-0.8495900052626219,-0.9455244865301249,-0.29643091183918663,-0.13160777216124098,-0.3272346993137719,-0.4053307953284255,0.021389989135437933,1.0273656774577429,-1.2930291669036553,-0.34906117978657797,-0.2109373268129763,-0.4514136775552699,-0.059986261835610954,0.13304131263393906,-0.4712935418829073,0.046251207381512546,-0.529335619691265,-0.05998626183561066,0.46176687397023986,-0.127851385038604,-0.6274730597345692,0.1307554276685174,-1.0941141743402625,0.461766873970241,0.16107665652452915,0.29515328021483234,-0.15511371229091342,0.12103835274599384,-0.11587484034447727,-0.12951401913983995,-0.2579895086812996,-0.19294364994748583,0.37065817763888953,-0.29460993666534024,-0.8128336463539397,-0.712816046087783,-0.18315990765136927,-0.6681281862414363,0.2495610331000471,-0.1643718464811298,-0.14143789300548368,-0.3271833795386143,-0.49932467901064,-0.2703602672028306,-0.3979278282788704,-0.31478182791899695,-0.5552388963592673,0.4280955696363823,-0.03420502740456635,-0.3606848857558534,0.6275000134820422,-0.42866866011990024,0.012789652341848166,-0.9695923822115583,0.5431477346945583,-1.4569639138331327,-2.651293300338511,-2.1556090416649676,-0.9906432463481234,0.49130976546590016,-0.6302644522680967,-0.9934740566875662,-1.114599037789838,-0.081592810793065,-0.7769583589959487,-1.0223235502231303,-0.24836282092252557,2.1844840429890042,-0.7307904386790939,1.0506462298710888,0.8284007959197479,0.2789134145245478,-0.9091779187602218,-3.076758171758918,-3.4810739083124362,-0.008616877799512493,0.17467197189887493,0.7781664916909001,-0.029057051748412967,-0.023685759196031157,0.05362798360843828,0.7966768545586244,0.3544084867020225,1.3756657562827097,0.976666874555239,-1.8033461261686488,1.808939183088349,0.5462636698512432,1.2812646555124516,-0.7007091739259204,2.475515169620702,1.9252313100749978,1.7691811140009353
3464,-0.7949940205292292,-0.9836361262282293,-0.7245154320692208,-0.7462380472272201,-0.6129788358842501,-0.19991654295400496,-0.48555141694653153,-0.3343524635181187,-0.004868987652740813,1.4516376064549898,-1.0755303797010338,-0.07360883627303316,0.12527610305252354,-0.21453032857635068,0.13683706255049188,0.39222191998692263,-0.35686579687900577,0.33832403307902476,-0.49317502478367004,0.13683706255049172,0.5220906243304387,0.15389085694495686,-0.528080445994859,0.38139428602569236,-1.0021186822178094,0.5220906243304404,0.2802377384117331,-0.2634212943937795,0.371423318394571,0.12327360271274547,-0.9003512090496789,0.26172986244290314,0.06576457743172522,-0.042137944244276894,0.5708935392398923,-0.05081862807917361,-0.6342212000146027,-0.5108633891221992,0.026865138245495166,-0.45152271842424635,-0.4343227939471967,-0.5998202472937915,-0.681642108904838,-0.6667865538614319,-0.9133737948909081,-0.7098758794478712,-0.8127374076812232,-0.7413524044163735,-0.9373947020831758,0.38691571338587466,-0.13561530469224983,-0.572822980151273,0.9208285639226131,0.6801256912636284,0.4327033706086418,-0.9241251588623447,-0.04314227130595406,-1.0660950201406383,-3.608394174538681,-2.207419032857426,-1.2700394398475292,0.47773062079938433,-0.2719907117766588,-0.8068722361887073,-1.324883713388364,-0.2720512360413855,-0.9400799580646705,-0.6229055157305096,-0.8128949444964283,0.33864560223124623,-0.8208701010720759,0.990326749638482,0.9736683189422634,-0.2061489997497951,0.14369440222067917,-1.3266581906146633,-1.0155345412545131,-1.1244132595976901,-0.22492562292507642,-0.06656671969410145,-0.017076343504114962,0.00037302658584617283,0.2133159054205437,1.1398263370392254,-0.4683918533568469,1.3435878708983204,0.9977489141049819,-2.1024459980182186,1.8508122130670321,0.513679869053011,1.2991039054415319,-0.6793688517063329,2.4130983837859468,1.8545643526251658,1.7336708371052219
3465,-1.6030953123641696,-1.5969083017384134,-2.4671065296052412,-2.402998489069394,1.5061399374807813,-0.5966946241807503,1.07748028227977,-0.32364233331449704,1.1000643268499395,0.43742923061123595,-1.3521793325244287,-1.8527500088968458,-1.8142731631056779,-1.9295455829783854,-1.0728384409581133,-2.302085094008571,-1.1088510491281045,-2.1420017027581966,-0.7662186865757483,-1.0728384409581122,-0.31882492368760545,-2.0980016936264057,-0.994573723445682,-1.8040847145318086,-1.0449004089707938,-0.31882492368760784,-3.7752430115323166,-1.3213496868076002,-1.5695277329707877,-1.8665078241963378,2.93384545370239,-2.1038667313063866,-1.7079404690908655,-1.8653052022008,-1.5521756425398485,-1.798863597691781,-2.2549315497940126,-2.124339082518868,-2.116591259761112,-2.3283048966123574,4.202087128169252,4.404455676889054,4.517939770790107,4.616944859337787,4.016952227984425,4.470620565017137,4.28146591758759,4.655398616182306,4.138742781468504,-3.1445150964650663,-1.4282470385949044,-1.7770590707563996,-0.25234163311799146,-0.45563941370485844,-0.90958205187528,-1.5296150132346558,-2.6038702198143784,-1.2465617984481885,-3.3502475409860555,-1.6270023591141236,-2.573964383551656,-0.5301405944752297,-1.6503214960369919,-2.090001968865723,-1.8580542321249167,-0.45369053506905144,-0.905004683176896,-0.2568888259181985,-0.6327085409298401,-0.7616404244780266,-1.3182013288295282,0.9416734834538312,0.9065436667378781,-0.5016827645359505,0.3747474374889126,0.258339972030208,0.5667738116436871,-1.7282687530398624,-1.2917433269862255,-2.3993339205342363,-1.1855270297194376,-1.0947313628917887,0.5956106355513605,0.9773495918466151,-0.6631444533227993,1.2417422928469366,0.7190028621224892,-2.3786783790556916,1.8729239586589392,0.5681086774865751,1.256497840471492,-0.7048383866615265,2.405925232564431,1.8708683993023558,1.670401150758173
3466,-2.390476381332871,-1.9080091445757537,-2.099301685371444,-2.009956661690823,1.1690066243936075,1.39422710817689,1.0037234804307054,1.566645121785104,1.1923304140660913,0.33752273721441584,-1.6582077887806959,-1.3899612161711157,-1.2907980590653596,-1.5042707074423598,-1.156491460652328,-0.18437781946030013,-1.3834064274540672,-0.8325108100218426,-1.0575669847594609,-1.156491460652327,-0.6480827777442264,-0.8187104679343538,-1.2303272310260505,-0.9543652265106799,-1.136984484189983,-0.6480827777442294,0.6650696721139886,-0.7976960517307228,-1.7271420725323374,0.9207547277554422,0.7267972671218346,-1.1083894735408872,-1.1770194140214112,-1.2639927537829254,-1.1322103565003654,-1.326286988039556,-1.861925085244409,-1.722583667646888,-1.707816929424914,-1.8986597016183138,-0.20701900320745892,0.5088975924405615,0.41640849087603016,0.555653821294521,0.29401873551318747,0.5571322374418766,0.43793410781325187,0.6208390433858895,0.36190517591686194,0.6446691780528125,-1.0948140377182443,-0.830950215622566,-0.5494060020472765,0.03740814638467017,-1.1751790010662795,-1.2943284852652785,0.884596105356192,-1.3359134145760851,-3.0384385846545636,-1.1000506375299892,-2.457871548274042,-0.5272453338174401,-1.2535660427605362,-1.7455379494283987,-1.8035948354419833,1.8836689915790497,0.9141300973240644,1.7800682839211974,-0.4670940344678476,-0.07162063573073839,0.668516457047522,1.4527440846352857,-0.6864953204317795,-0.8952343856611564,2.4661416074968567,-0.44205253045281073,1.9408628783625603,-1.9442122469482184,1.7586148540200106,0.22211068590476787,-1.094940761767781,-1.190040505014892,-1.7720362606922453,0.8476348358882501,-0.4788538486083699,1.1885750113996905,0.7447093467199741,-2.4064426467705133,1.8548807408354286,0.6006317669614867,1.4030993866727575,-0.7216807696738766,2.3930641601086435,1.8810661209882698,1.7595847011420198
3467,-1.809025446383057,-2.0681423916661115,-2.0190096891164124,-2.0431040015846054,1.0629178062548,1.1890773091347706,0.9126475625476063,1.4420414663906826,0.8604069740417104,0.16635690806854075,-1.7624628985416315,-1.4662944700709162,-1.3736680317207735,-1.5739816989973747,-1.0825699476608583,0.14051049526980602,-1.5569595617533412,-0.6019866422329533,-1.3187747536610874,-1.0825699476608568,-0.8495726390375314,-0.5245896335282529,-1.4190453569406032,-0.8244844533155494,-1.2565785774372285,-0.8495726390375379,0.01589667258774282,-0.5495817888098503,1.1036932256478982,-0.6261147763863014,-0.08189746440767663,-0.9446996811989893,-1.139563970121904,-1.175107270981171,-1.2634802683679602,-1.357823014192201,-1.8712073599638945,-1.7566306387819297,-1.8040370160238453,-1.935337104891223,-0.9593583055402405,-0.3572209365246565,-0.4251530677088811,-0.25490509311337867,-0.46490240879009537,-0.21198545903225263,-0.3198681700336037,-0.19296594075260717,-0.39585819253151705,-0.21629369731542009,-0.9338588053370354,-1.0453415879528782,-0.6331620000508537,0.13386854124040293,-1.8391514797058446,-1.2866528762456064,-0.06029594945526226,-1.4029343160291528,-2.763340228702206,-0.60875437040626,-2.3405779533630717,-0.5243597463882798,-1.3814012820658672,-1.7959182255119126,-1.7449836582719007,1.557712708574611,0.7036835892660009,0.6803923488213097,-0.040770079498523175,-0.6398027624935178,1.373106441906067,1.331039205122673,-0.5092803417519126,-0.05520255187836074,0.8014503041554409,0.7728570977475829,1.3732616311049035,-2.071978389626716,1.6868783977432853,1.0258439118013465,-0.7739134250873284,-0.8571501354895601,-1.462741107110482,0.7570065913758226,-0.28262604669054875,1.0416302475527,0.5432539435832207,-2.216645519408131,1.7973368288043803,0.6109721411106777,1.5030982774692394,-0.7346941318424517,2.3738179478223986,1.8707439356408568,1.796732593186668
3468,-1.9264058134476196,-2.172047135804057,-2.314858483731757,-2.462783124621005,1.502088295036909,1.0989556744990816,1.22949019790981,1.1870930761188796,1.3475375202977942,-0.7143094458557009,-1.7837861061327744,-1.9040017254752064,-1.808783426056294,-2.013388948573147,-1.293495098302292,-0.4193722357808802,-1.8708470665157033,-1.1019327563622507,-1.6117349060478825,-1.2934950983022904,-1.187577008455068,-0.9010739121882727,-1.705120008018518,-1.289400047636771,-1.422144291582793,-1.1875770084550745,-0.9813228382239663,-0.4432951383722648,-0.373349472679794,-1.511887858020816,0.6871607051193737,-1.3417255914375932,-1.600980229802784,-1.6633423587842826,-1.8723126459526538,-1.8422859641894687,-2.2601753723925424,-2.1841441223809914,-2.378496082678814,-2.403969269871196,-0.43793918335012527,0.2033040316587254,0.3623111324875085,0.3770129538304549,0.15532026599216062,0.4478824843031414,0.3233489322561956,0.4807824327050516,0.24529011749766857,-1.1413983536507741,-1.5778189166764462,-1.3986670692901495,-2.043282124286677,-1.0230444539963413,-2.426535116552388,-1.3288641083488466,-0.42290935765772253,-1.5654339451998815,-2.419027697794001,-0.015172216488812632,-2.907984169715911,-0.8975203460756664,-1.6652350922711057,-2.1423294336998384,-2.138037948125336,1.2412887672448882,0.4715180839172702,0.7382074569858592,0.1597100459856156,-0.8196808150570024,2.730031298974173,1.3043376021546311,-0.3088274430276555,-0.2974442270885857,0.6619863457821815,1.218830480921487,1.585026474508285,-2.0848883520396786,0.9008620774751713,-0.5175993022564852,-1.3148363282906663,-1.3437337884110283,-1.1090186244397855,0.7135801675970206,0.09739002368388214,0.9920826316107729,0.4380329216881845,-1.7625229895057184,1.7401739825332483,0.6742229477253997,1.6386027009461612,-0.7404891884683661,2.3663321199541936,1.9032697492354105,1.8208477389660087
3469,-1.8710325706935065,-1.882400487429197,-1.707014954254564,-1.7541910944142138,1.0514280161706426,1.4878899238664076,1.0382030870986512,1.4603506200794276,0.7022777911538381,-0.1605447934855292,-1.7663695398388943,-0.9035793361649711,-0.659365243929042,-1.1138682974856693,-0.5977973077442663,1.4476578820884969,-1.6827666596321174,0.5549264780554284,-1.7198182067373207,-0.5977973077442664,-0.9367503921083457,0.6874928501980474,-1.6699926568726295,0.054062299279261566,-1.540348309722664,-0.9367503921083514,1.5398974945646384,0.6378442192737518,0.03502895556721377,0.25775666007442205,-0.5756396844855017,0.5954643878015882,-0.5059583871381231,-0.65284160285098,-0.9171245894901042,-0.9352667227815521,-1.515982079397595,-1.434288773254868,-1.479726246090277,-1.5811302192938228,-0.1640578907355804,0.624787384205796,0.8570808546203975,0.8615775486435027,0.7039847919696711,1.0401764819783987,0.9251599941266058,1.102341412839292,0.8557656083199539,1.5710901004564524,-1.1094842724566112,-1.0385186515969655,-1.7284505883419583,-0.2625803725847036,-1.9824529663961221,-0.8127134688701904,1.3109711016634373,-1.5175894718207943,-2.2778695313051776,0.40730413929658466,-3.2847416872138417,-0.8846830157276271,-0.3591602110233048,-1.479306393992821,-2.6184121796727076,1.266817946663447,1.440673619104441,1.3461057765575193,2.35172525088333,0.8377844132925754,3.7537030916593843,1.335846558792684,-1.3586778636133359,-0.06094271025068705,-0.964858244833153,1.6788277885165843,0.5127249003546346,-1.198740565903014,1.5747188252120035,1.563371215330118,-0.6349947723811303,-0.6983554979846341,-1.1832312435903187,0.6605339420760269,0.4526544591665022,0.9259785590187226,0.3733622073898381,-1.5048207889369714,1.688592930600424,0.6714443077169601,1.7378853261615088,-0.7603153678801307,2.3406749897473147,1.883289474454702,1.8244009601499964
3470,-1.7655842842479004,-1.8843628771535736,-2.009822336105841,-2.0185894091875025,1.1410592067441747,1.0566990723731122,0.9368782290781899,1.5105123370085054,0.6033171529425428,0.04586992912127589,-1.903662169322242,-1.2227580773416986,-1.0026764080065178,-1.4163479401527128,-0.4245766772096682,0.36883838874978203,-1.6918931823453216,-0.025418019630384214,-1.7876871662671354,-0.4245766772096685,-0.8806965035677502,0.1940683997761406,-1.726913580545153,-0.29994059924060584,-1.6432325142304423,-0.8806965035677564,-0.8760491383179939,-0.0871134339923114,0.17915800091973447,-0.7329074270349165,0.5658667789984311,-0.08425529988516384,-0.748665276691522,-0.9291809743423773,-1.3437755689518933,-1.2250880885641444,-1.7479943753713814,-1.699159339035394,-1.8270874089459506,-1.8628459813956872,-0.058557834290461706,-0.0834333149938587,0.07376063193778533,0.1965841068336684,0.04772495216176352,0.36764513847514213,0.258594784161263,0.4220442257992242,0.20982077819826694,-0.6571943165775188,0.08835102343436996,-1.1486521934572813,-1.967330779292236,-0.1350282837523926,-2.2121310214943333,-0.731762436197132,-1.0110281114910187,-1.6218378330432184,-2.091488412245188,0.9547173660013463,-2.9940338123207737,-0.8720601148162631,-0.8256828670346202,-1.7537799017773992,-2.4497123827531655,1.3677943679494529,0.9996161698446338,0.9247273547542997,2.142691602535098,-0.05318749019447323,2.977808324414258,0.9088708510087259,-0.859130342919166,-0.05231536828937759,-1.2993553501954247,2.5113303349945655,1.0056533286418734,-1.1851893175562156,1.381432730109434,0.6107597764572532,-0.5218506458892571,-0.5982636596466586,-1.2841812678956104,0.7660194413724709,0.743912171853114,0.9298705906171505,0.4262259461450837,-1.2592013734717111,1.6466597174000699,0.6655862804748282,1.8191635287385346,-0.8241336656410667,2.329406992820618,1.8523656440228868,1.8270824634836293
3471,-2.017856480885299,-2.034789892395286,-2.143728133539127,-1.8037542649029867,0.9538684132130772,1.073987659289277,1.511496927709093,1.3489727977295458,0.29069543478770066,0.5712532728960573,-1.806245933891351,-0.9611208371728186,-0.7048156105415154,-1.1772789819787737,-0.05461867848669258,0.7122784537781197,-1.5745207322614487,0.436452210406598,-1.7844661050010309,-0.054618678486694314,-0.6594190146638578,0.6199161719438852,-1.692100195540977,0.1613842962450032,-1.7112920131049059,-0.6594190146638623,-0.44617581149758684,-0.5088841211118422,-0.6611421617628745,0.566130231164502,0.4853316245381141,0.35858962863703436,-0.2969181687303246,-0.5064780272608627,-1.0358645093777354,-0.881044002099998,-1.4982118323400913,-1.4430666722598446,-1.5626818425369318,-1.6015366048022124,-0.09340641657422981,-0.24091986746436983,-0.06776085987561856,0.1297977976898349,-0.038789582108976484,0.27334904859802245,0.20734504404991497,0.33703627395483726,0.13601278110993248,0.44565526391270915,-0.0066106775091860715,-0.9614013633853827,-0.9528593774325482,-0.5152744738915523,-1.9531912558109135,-0.5934199629536668,0.0060635864108304,-1.6664296318166676,-1.9587159957632263,1.5665345189069844,-2.819449313949207,-1.0111804337688035,-0.5289829547544832,-1.5348165004491527,-2.3122182576427073,1.1646182854268554,-0.29190458572979616,1.0378234546610918,2.4146893987276794,-0.31709776773476406,3.169374800475723,0.7669157676301654,0.5259852401210331,-1.3653999935197156,-1.6013450558312585,3.0299773358273887,1.386590182854803,-1.1777557036659483,1.3178909085220656,1.002208882159177,-0.2077026027376954,-0.2854433743914781,-1.100905052019108,0.8065018397619956,0.9172554469392254,0.9212822663025524,0.47668704491919356,-1.1038217045436753,1.5924350463196355,0.6473980249190904,1.8594978666520159,-0.9074184933412447,2.3045203549018125,1.8017980314180493,1.8169317365620061
3472,-1.9861196701392305,-1.7812093158688316,-1.7408934824102253,-1.5839603851587325,0.84406520306116,0.8238412670459272,0.5072308044278417,1.0808594481023936,0.14427353138747478,0.9365995589074275,-1.640748749105586,-0.656252331364512,-0.35104684105204514,-0.9079826212279896,0.3732122488072999,0.7921875435678881,-1.3694986463645542,0.7485028438741904,-1.706266443180732,0.3732122488072989,-0.3187268823983815,0.8815696832106359,-1.5835374846364023,0.5542340442630179,-1.7356346885370928,-0.3187268823983826,1.0794215245830443,0.6321436075582594,-0.005161624394272088,1.1449591343970864,-0.1703097891268415,0.7028800884269534,0.13249063724565338,-0.07859211109254845,-0.7061975348954334,-0.48099858407597723,-1.240481913313065,-1.1755642150424936,-1.2926056183187258,-1.3331903495484052,-0.741119025645066,-0.7458585064658753,-0.6233549448809973,-0.42882059443750936,-0.48808808556284844,-0.3073338871080969,-0.3744209967047821,-0.267101474357712,-0.4300906813925377,0.4846171757212333,0.3438596019914636,-0.5621288073249349,-0.9007993834679605,-0.277621383359313,-1.7757683254423304,-0.4343712927903377,0.2273822938866346,-1.6272127842307964,-1.8626851663384325,2.011781650096996,-2.6617353175244975,-1.01095869371689,-0.19845316772970611,-1.3341068820750377,-2.2355262230243884,0.863180071895913,-0.6607765062703547,0.8168913568983761,1.1840442344234856,0.18347222398302032,2.7184790194027784,0.6264776885226572,0.8775728266714004,-1.4269288269685467,-0.46510910737010763,1.1160240565499906,0.6511825275688542,-0.6975347059170153,0.9324771764028331,0.6308809945172209,-0.07796448101400416,-0.13915100707264597,-0.8072641877403245,0.7339063094299343,1.1191821448359787,0.8727197388275005,0.4633046799183485,-1.0043533874288237,1.5365263532314548,0.6389619224028755,1.8516338106998091,-1.0024237972480097,2.269143321848486,1.7544030182958266,1.77926309505297
3473,-1.8721166051317646,-1.7795170739355268,-2.0518286458795334,-2.1812261711545036,1.51634787598942,0.8751711647156792,1.2790937135468523,1.2079175245484668,0.02235047343458221,1.1875061293171427,-1.7101557881281768,-1.4253188079003105,-1.2192761599755955,-1.6072500858424899,-0.07069684951211998,-0.8331954159214865,-1.564068289116323,-0.5840533926228847,-1.7280612338837902,-0.07069684951211955,-0.46763612809640137,-0.3486723963359828,-1.7087728388898868,-0.5051343459927852,-1.7832983226601298,-0.46763612809640615,-0.9944892138677075,-0.0824848071063804,0.20843016947176052,-0.9163540770547826,1.1591697114195934,-0.8572617557880425,-0.6872221881765258,-0.8895659744914058,-1.575094467016273,-1.329248912593739,-1.84847480193123,-1.8342327800473324,-2.062736046105758,-2.0078136164489533,2.743656404071721,2.603254594040072,2.9244620488182846,3.4225968754814384,3.9273726237028157,4.039484931273373,3.9223357950959814,4.2727002442436985,4.029381729763864,-1.4983990820975392,0.13568219636225326,-1.3101351634336993,-1.5093612911366718,-1.8805824815934111,-1.8670405765358145,-0.7593434166012336,-2.045767039664112,-1.7703721470178866,-1.69318219934617,2.520826301919866,-2.7427539226636335,-1.12475272331566,-1.0383140644194753,-1.9390068444970132,-2.3521256588578687,0.5910711975108159,-0.9097368292357889,0.23126993988151276,0.8738281665046196,-0.04519705981403108,2.3622449879358407,0.4687105284819531,1.0970156758251375,-1.0381377386931623,-0.7939883958820274,1.0193462383069567,0.28622046880133234,-0.6407667072885329,0.6596407042880013,0.7605185291507172,0.027909549073075034,-0.012012090738263405,-0.4743020469890689,0.4902656982375416,1.192110507493818,0.5981899685964783,0.38047161926331874,-1.1515710390881446,1.493207457453222,0.5269143840289299,1.8172832034227424,-1.1630304085559113,2.2526126608800277,1.676778666597246,1.7364723538183877
3474,-2.170663788363958,-2.2370661470507347,-2.123000845615782,-2.196833163241727,1.2501408695500362,1.3321662046307572,1.3505228637735276,1.9069741494740113,0.13171514109583946,1.2149727275569477,-1.7613496997046643,-1.5183652229294093,-1.3341139678824836,-1.6816920171780219,-0.2882565172968399,-0.4138270366846462,-1.6943207458031082,-0.44364012110787626,-1.791028418989631,-0.28825651729684143,-0.5655666788139556,-0.23497058137868734,-1.8112659219655538,-0.4584609574798942,-1.844456250156804,-0.5655666788139578,-0.3982489733067395,-1.465743441854722,-0.8821018333589905,-0.18787280072178206,-0.43063447222066303,-0.8045262741842001,-0.576112493432112,-0.8690388442520546,-1.5314504955213002,-1.4089229363208413,-1.8647483997274283,-1.8456053160437766,-2.1088511484555497,-2.027105341931294,0.14896983503951264,0.16657209191659367,0.3896265899065386,0.8125726045363121,1.1208545666055667,1.2005397666719508,1.0809935280492553,1.3388114522629153,1.1940324188722344,-0.24238336380363323,-0.7427264239306061,-1.5300182247589595,-1.814214159752138,-2.267735884870126,-1.7167732558528024,-0.8745397532300989,-0.32605432126415573,-1.9048498494671107,-1.5393789266239661,2.9365106707313346,-2.80625680845034,-1.4799091611584394,-0.9669823259589486,-1.9131877868422742,-2.3694844167169733,0.916723477166506,-0.8915104721040031,1.2898277708884192,1.6416018784236663,2.173913115665904,2.42762150709114,0.7180891354917134,1.131574097266639,-2.0704919332388485,-0.5130311495932562,-0.5942649712427389,-1.0237995945376979,0.49564992353274057,0.8121642916472818,0.13448873535398978,-0.058418367130864374,-0.1238850105432232,-0.8335060697052503,0.24652401532380905,1.2448860896480258,0.46990603256010255,0.4085264644199648,-1.3804658088049113,1.4558100337415316,0.4568647238772253,1.8145175561280307,-1.3406488420323426,2.2365675482385288,1.6128038815649968,1.700820373376106
3475,-2.069800764564957,-2.010167446530275,-1.9051999083892577,-2.0006418287440804,1.1598364821190124,1.2780710041586738,0.8619875868637721,1.5988594795191113,0.21670682589932533,1.1905190083769053,-1.6090966237447508,-1.2925467512833126,-1.082416976586347,-1.4765846679195327,-0.15387428077931362,0.25871604245973445,-1.6528666862677872,0.0724461786810691,-1.8148692057538525,-0.1538742807793152,-0.4712139886253605,0.2345672112169028,-1.809342712805251,-0.046200493293538855,-1.8917753128458588,-0.47121398862536323,0.4740362690660187,0.46277263938044483,0.07141608194909972,0.1134398641613822,-0.43908328862524876,-0.391742446099899,-0.3349191468185779,-0.4803652464500179,-1.1501309053753723,-1.1770102089770675,-1.6573768844943226,-1.6047685433113088,-1.8972661360312397,-1.8040410607569348,-0.5725013630918648,-0.22530918387324853,-0.3132886767773542,0.048853551138402077,0.31891216333894756,0.3872674458678186,0.32058895866894116,0.5567392971920887,0.3804516046680211,0.3199095219165284,-0.2646999934576864,-0.13141555236457433,-1.5109057584948553,-2.0342042568764906,-1.475269169321302,-0.7282214271343753,0.4056350332371071,-1.9679608061217635,-1.619106709381281,3.073232833822058,-2.6933669930047723,-1.465446944388521,-0.6942827073759809,-1.7424526407475982,-2.3446210159976397,0.6446489893730671,0.14681922687472948,1.8086304166600526,2.160520363002703,2.8490394317649197,2.1934968322721375,0.8559914597449754,-0.04409550914613719,-1.7172522758158693,-0.5814688827293287,-0.8795171662170269,-1.3583934892272462,0.8689419669179539,0.5748002017627531,0.1720246085947869,-0.1721330216020248,-0.2100327256694045,-0.5663133136134071,0.09865967220189037,1.246490839404471,0.37368542828584406,0.3698590170375841,-1.5739830319361547,1.4191608713544677,0.4061124568891798,1.7861277817943477,-1.5319155822080752,2.208720146260894,1.5835433544347695,1.6416681190665987
3476,-1.888555983375312,-1.959000274414776,-1.8565193782529923,-2.03344541137351,0.9391714937187432,1.1995173030966315,0.6891672991939936,1.1613424752148298,0.33565808834338723,1.0064565140062707,-1.3814721102649075,-1.4233971524198454,-1.25574426157187,-1.5774872769998998,-0.13106238684089788,0.047044899515891726,-1.6386685629466542,-0.0503277548989328,-1.820241424463325,-0.13106238684089944,-0.42501424491719686,0.11644451650839348,-1.8101927287699913,-0.11968232549413027,-1.9279887680699968,-0.4250142449171993,-0.024506394466556735,-0.04654210661129604,0.3214048511910094,-0.5842348355196154,-0.46976874059970025,-0.42324453953575153,-0.44235458663394694,-0.44457593270822526,-1.2084182112561128,-1.2992912071335259,-1.7006861764357255,-1.6375189255836464,-1.973777317352875,-1.8448304208524715,-0.6237939085839885,-0.2580826891151505,-0.39553157677351564,0.05675486479268647,0.2640829412630913,0.3393584666308536,0.26422409736503927,0.53862107846199,0.35030976150645754,-0.27905201521663947,-0.6280378355563544,-0.5020275808229727,-1.5565729279082567,-1.3756530662185606,-1.3086398732494844,-0.6307465449084636,-0.1552173965970742,-1.9772573439989014,-1.855094288079463,3.1291878639544484,-2.5179838889427146,-1.4512658565589185,-0.920115178258348,-1.8059728532507533,-2.229455624569112,0.3684054620661148,-0.2830260875774372,0.13890884157339933,1.8401671067388365,2.581384151678058,1.818130967032415,0.754491854985153,0.37370548021930944,-0.3787166975257867,-2.2026544216005126,-1.0196229815630378,-2.8012509407378765,0.8925664515287134,0.29292230688674215,0.0391729188225369,-0.32302574756295316,-0.3310853089222719,-0.30325342006765976,0.05946934171394881,1.194513690379162,0.308008649700401,0.43554470927258543,-1.7314098490197796,1.382643572416744,0.39273168360068417,1.7238864756612498,-1.7567044630222377,2.1756048161712753,1.556234579071313,1.5731873939369032
3477,-1.8080000713873965,-1.9898415171800652,-1.8293879092800727,-1.9869648460018272,0.4205382695163195,1.1092495262496096,0.6087989345225124,0.8294000682666092,-0.09608536991308578,1.8151414737195353,-1.1197371195727726,-1.447350862517438,-1.3063960315626095,-1.5820928146202873,-0.06729718986295785,0.12234729072507933,-1.5973329256698159,0.038788828074362756,-1.8032412609326136,-0.06729718986295725,-0.3518960281648196,0.1881814763694568,-1.785425833746301,-0.028422440505962866,-1.9484756885322996,-0.3518960281648256,-0.08036361994619981,-0.3095626933545064,0.07192389780886531,-0.7354392135359933,-0.794483590694642,-0.11958231562784606,-0.408996514801843,-0.448027308182869,-1.1148254718124002,-1.2995470022071394,-1.6553232055719038,-1.575317743814572,-1.9417499073702158,-1.7915309029353665,-0.41187171271746154,0.02092983579112223,0.13098566041816564,0.38331149682258686,0.6537545171019276,0.7494759256764966,0.660490073333387,1.0008716845898378,0.8032750352936072,-0.06171572705395163,-0.8991565412117007,-0.4415391826776133,-1.3280544965226562,-1.5208761049643407,-1.3753602734724428,-0.617509889191809,-0.9301676796165264,-1.9571659658212643,-2.1093092263517064,3.135502701958115,-2.366114643830015,-1.4373560184889176,-0.9964083766593337,-1.7843608820873125,-2.12473308352269,0.14042160569325954,0.05293623384762556,0.09392758127167514,1.8491148449000079,1.7040691493167572,1.5368496923373383,0.6553111746255366,-0.03219423623457632,-0.052893014351226404,-2.2315418450102436,0.08352212826686914,-1.8448659526122393,0.41088165608698846,0.41572164148932794,1.0891093941568613,0.11472667600805192,0.09921218783097918,-0.11131841014802978,-0.4390877101599953,1.0745218721382104,0.1489266213685745,0.5590406963897614,-2.0207722780737845,1.3430296430955995,0.3508724197334993,1.6536562455143071,-2.03572165543909,2.133572588715347,1.5144455863931894,1.4887474276321424
3478,-2.004098576740236,-2.1285771744348505,-1.9124159417047404,-2.016893422883122,0.6427365485981532,0.5111702264886416,0.3245856497556131,1.101193615233554,-0.14959768657421943,1.6481369285781258,-1.1329069247870078,-1.580704957024597,-1.487957122266568,-1.6816087328064053,-0.08870540440488843,-0.0375700070519543,-1.5876146066662502,-0.07880375410979608,-1.7832229076293056,-0.08870540440489004,-0.32755829970220257,0.06814146223475002,-1.7710783537847774,-0.11061833910010457,-1.9577687564204658,-0.32755829970220635,-0.4652534923002245,-0.7208309423010807,-0.741272882843637,-0.2291689303221911,-1.1579869725067338,-0.30056850089388043,-0.5954281967943565,-0.5535777074272905,-1.1617420217084575,-1.3930753067928308,-1.699599330122661,-1.6059491652590179,-2.003331378487246,-1.831104524449164,-0.07748325035611346,-0.17871008525640517,-0.06670957259838212,0.12560347454122373,0.4007145847403444,0.5238372547155227,0.4219066019243329,0.7629879695226782,0.5798811615185291,-0.29089440894940527,-0.2790524409114602,-0.10373752571279812,-1.5756816564542706,-1.558711007228319,-1.2211014501780821,-0.5813230397823828,-0.21472886418751552,-2.0096847264521824,-2.099466221900101,3.148073508649887,-2.3575370723433684,-1.7286619732188804,-1.0711787759067755,-1.779080633781325,-2.0654135187492484,-0.1041997218837495,0.47645069837242493,0.0005248150888530355,1.5710259788379832,1.7766657185142514,1.6088181345921841,0.6276589918560681,-0.5399702029133796,0.40997031613092044,-1.9547197459924448,-0.3826816812787241,-2.0038673762634205,0.5318559574604239,-0.04540418474822968,0.34081911659506814,0.14934224992218173,0.15431063171885123,0.15440526961709022,-0.7850531087286319,0.971897573644865,0.010602249259229916,0.5276975119714487,-2.2323043833349883,1.307468283908272,0.27761547305880657,1.5645244242449616,-2.335763597872106,2.0968703014283343,1.4903934647123493,1.3961665349217607
3479,-2.0185714368815506,-1.6939749079564321,-1.9184092256270382,-1.6542953383244876,1.7235672124872823,1.1582593229643747,1.4329364505403945,1.7240362095258734,-0.21766369823879736,1.7176984981052394,-1.054818631704907,-0.8413823152723136,-0.520415251181394,-1.1027841789969792,0.36336069551083444,0.8258446389996176,-1.3530152376612499,0.7629528707835628,-1.6781981297156168,0.3633606955108333,-0.004230432280563326,0.82434670763374,-1.6082516290213016,0.6457534272992105,-1.9228482823996549,-0.004230432280564897,-0.23122412112374785,1.3027591498641966,-0.25991696294044403,1.1750704928801299,0.9956618211845445,0.5032076917405807,0.11392141549939701,0.08481046079311566,-0.46541106483901973,-0.8381348415560924,-1.298897757593822,-1.1434462933637808,-1.5681799821087028,-1.4019261324810264,0.8055050394749934,0.5537770709490564,0.6041390382986125,0.8394342764208788,1.2661459190250837,1.4620668013896219,1.339151888120062,1.8112401402872766,1.5983645157265924,0.9256430716446067,0.3234545717698072,-0.35629056895586797,-1.342135978288502,-1.403829935191219,-1.0564074764313045,-0.15966797594909377,1.0099368192582707,-1.971694657890588,-2.196036055787895,2.86844530150511,-2.3043549319186387,-1.8931034857008358,-0.3963432779075678,-1.3670727403693883,-1.9969573627813293,-0.29769295014923924,-0.18444040234304188,-0.46289009117555174,1.8495896796356075,1.8253490107991523,1.397246761692329,0.5924384187892773,0.14739333895585013,0.3308828853461175,-2.7614683685557995,-0.12282286736879224,-2.425658675795397,0.6476787581338733,-0.21943343245428695,0.6380436261645236,0.20391812394980213,0.22955990156036102,0.43266095035481306,-1.0461588425523862,0.9542481094040027,-0.350895452003141,0.44599417662817664,-2.3431492201768296,1.2756260537946416,0.040968601141478656,1.440055008966485,-2.6318517768240275,2.0518065724784798,1.4651223218593485,1.3111237953367825
3480,-1.676416400470747,-1.8491223102104168,-1.650157532312305,-1.6359954707530246,1.3598105197708923,1.5384176317099028,1.312006128023324,2.0382920270535494,-0.3389719852282052,1.7649768519285978,-1.0348256830863178,-0.901794224941047,-0.6190114070501466,-1.1369024082280457,0.5401527290985442,0.3200438282242577,-1.1912999157726436,0.533172746192385,-1.5476131298448306,0.5401527290985416,0.22583404474507934,0.5745628403180272,-1.4707491778989097,0.5636149414827314,-1.8601102579139386,0.2258340447450793,0.7966040090190577,-0.7057573149561426,0.9180324752692093,0.05490892020914497,-1.0955541385136496,0.39269895182881054,0.09134508679748311,0.010050508730102282,-0.39521942378602,-0.8559105466581136,-1.2801807166354158,-1.1166431625261515,-1.5616968530984237,-1.376371381676716,-0.4824975286530367,-0.5335926617683323,-0.48242517701552357,-0.30541216397642906,-0.07999108360566443,0.10268181568602532,-0.004384996967139777,0.3113237677485869,0.16826715067185916,-0.06433561112524826,0.12201813799982271,-0.11273445972368269,-0.015926599156981098,-1.283620387334653,-1.0804448219869567,-0.04004577020998947,-0.16888619562846777,-1.9305063861844933,-2.2796990643577946,2.639926197660033,-2.1796335036942516,-1.8455632533917876,-0.48400441747509676,-1.3706431004652744,-1.9131058660074336,-0.346901040766312,-0.7301916151815959,-0.2347296900851905,1.6047964733575477,1.6308404905415383,1.1439372576211828,0.2325957296762862,0.7377014514309385,-0.38148722001894353,-2.2285898920603158,-0.19624944566996852,-1.9866482677765969,0.9907666126339192,-0.22862061175137796,0.6737026311474035,0.32813540035622496,0.34897951092712043,0.45408016202234014,-1.1726314534461904,0.838612178448067,-0.5528030682895946,0.372591482447622,-2.418753288912012,1.2445511652688417,-0.15239580481139864,1.3178392679969508,-2.9131848413990205,2.01156781771602,1.4265775941295102,1.2325063962973017
3481,-1.5582492280756504,-1.659310448154913,-1.7343885776910588,-1.8846525284553182,2.4636159358804846,1.2642774332782618,1.8147798724351323,1.9304928540755735,-0.3431203015038969,1.6098432105208926,-0.8241005927371802,-1.3830851071411363,-1.2480915559031214,-1.5199168238156522,0.21507935948493215,-0.5957457194148724,-1.2475295676394114,-0.26069580482990234,-1.4824457766304184,0.21507935948493015,0.14820418936099417,-0.19638490556297758,-1.464157697103616,-0.08171709702244238,-1.8075367716152992,0.14820418936099147,-0.45210804817466654,0.5216587000571562,0.255331583906247,-1.3016550882273001,0.2561004269710668,-0.44847709404582514,-0.43930485695110266,-0.49878266908392954,-0.8372415958318413,-1.3005278803551361,-1.5643345103356616,-1.4270612809552081,-1.879750535608547,-1.6732720035903677,0.07444811554139155,-0.05199201318476851,0.04645559023227938,0.16750010758334233,0.5393276150349577,0.7489363628113601,0.6416818013966524,1.0466588736272073,0.8725479690023376,-0.9050385311813791,-0.20901548268612802,-0.6724579075252785,-0.6745325363954376,-1.5733593394626726,-1.4494497550054843,-0.39773120435629444,-0.9589132102813922,-1.9002519725389322,-2.4188135498329717,2.5019470916781748,-2.190775394126171,-1.8006215821884846,-0.9648054683865652,-1.6743109299908234,-1.9876204732884897,-0.5666614092599399,-0.8240663900017682,-0.5151447479394159,0.09280768000058234,1.4551917603615085,1.1558721000895171,0.07013911045416654,0.8014207931827683,-0.17583379583050723,-0.6790283366470464,-1.9781263073994,-2.002516003813334,1.0809619946152484,-0.5185391011802738,0.6795146812977871,0.3123785811610402,0.36081839777643315,0.7660889383675973,-1.465954229016871,0.6180445714654601,-1.1049657494971863,0.09258241885557218,-2.4609184810256663,1.2015441363797281,-0.6282317610855663,1.1312666749559361,-3.1167113681340655,1.9701716516770031,1.3199556876772525,1.1546549979852958
3482,-1.7178454129787621,-1.5879161697864241,-1.6126359990537604,-1.6058224730716641,2.1297710561112826,2.6334191440252948,1.982024283246575,2.6928592047095936,-0.36308621316009304,1.7285691881797263,-0.7580038424332757,-0.8058103629030691,-0.5050753015397368,-1.068861552657413,0.4170287080488019,0.3699378718990999,-1.1035727827318067,0.49162154534403596,-1.3854107078867908,0.41702870804880066,0.3383129795889665,0.46817930149734005,-1.3413585043492147,0.5331193092958069,-1.735868945702564,0.33831297958896633,0.30380304205985087,0.1237840047834227,-0.6404913118107889,0.29201047635016775,0.01735012978721969,0.2205114991879921,0.19042460190209604,0.02660050107761101,-0.2769165054103906,-0.8461297180324783,-1.2476337885405095,-1.0458770875210153,-1.5317491963215835,-1.332209125476473,0.2612305124015316,0.0529606437003005,0.20368039633267426,0.31925503049578074,0.7223902876824763,0.9996339723116335,0.8684764402897877,1.3101666243004026,1.1546033154897852,0.7475940692864241,0.20924180708557974,-0.5695040861177946,-0.27338792555858493,-1.0619274683377493,-1.0216049484131315,0.03971963925801905,0.7419073787196908,-1.8247077188611853,-2.543736561472041,2.3722854473466954,-2.2197634166839424,-1.7580350850743582,-0.3081152593583767,-1.3853177291414445,-2.0801436917205067,-0.4795300444745393,-0.5606694921357255,0.22002069965432222,0.49245425774169055,1.797882493318274,1.701048374712426,0.3461189016871063,0.528166440323012,-0.7288284349876006,-0.39891535605417633,-1.9601163431715762,-1.778582968147836,1.0412024008056162,-0.4237778178791684,0.6491878304243409,0.341419398678902,0.3791441005476992,0.6567159841744822,-1.6343601185296388,0.397435353224224,-1.4764844797889862,-0.1044342298426711,-2.4801064185063164,1.1692715312717634,-0.988643193155965,0.9891222375117572,-3.2814038369862035,1.92835132359412,1.2271216166436762,1.1158974601406657
3483,-1.5111088974674862,-1.530609509377424,-1.404148530745536,-1.399787850691416,2.2893119377413704,2.045525529990721,1.824912460763788,2.620932117567022,-0.016565594404656592,1.60581837473411,-0.903883103448838,-0.3966711091538689,0.001462988512459834,-0.7428115944726129,0.7364982294445908,0.5921571685149972,-0.8759861132578848,0.8265996470425697,-1.2376497712955408,0.736498229444589,0.6385339382569549,0.7417718877009106,-1.157087427196721,0.8896810899977453,-1.636234943018025,0.6385339382569621,0.6721038102988761,0.0889056991354777,0.5632681156717438,0.3317361553684767,-0.7643910636034015,0.5426075551092374,0.5477057981314725,0.4340897952988975,0.1766390395557934,-0.4609275497757775,-1.0035863775401301,-0.7602500252802349,-1.2715263817569857,-1.0697721890456853,-0.6680415183182967,-0.5506036673716559,-0.6322594782874389,-0.5184848979132785,-0.29596002954294365,-0.07958348009264227,-0.19222256322546102,0.13769385733797118,0.0076452037114118,0.5703475495322474,0.6630235863440426,0.31515811860323845,0.46055787331148507,-0.9949549151538494,-1.0862655144028204,0.2295045621076705,0.8052882497959757,-1.713589115305892,-2.668718331831707,2.2569225764349183,-2.1041432849138397,-1.7175912219259801,0.03000501518700741,-1.172457140053378,-1.9830126903206269,-0.5876540563417622,-0.8151978625385633,0.1889521055249074,0.06622579808157199,1.2163941834827536,1.1469828183562978,0.02346662020287499,0.7879834471427152,-0.9327913180884975,0.12548843543611393,-1.6577454281694213,-1.1998511483523362,0.9729590654884759,-0.7847904315121972,-0.17569690782755043,-0.03623906965203819,0.0331189984779145,0.7841802210374427,-1.7745505603672271,0.22404349549578487,-1.7445840256474165,-0.3563278846467524,-2.4443721727794596,1.1421471704777364,-1.247893030207017,0.8339696899238107,-3.3501402744364577,1.8897126100152044,1.1698077780889162,1.0742981870538024
3484,-1.5257514647908705,-1.6405354501587321,-1.6253677458731193,-1.7087014773160352,2.839758749673585,2.2508528868151734,2.402869441871315,2.848135001311954,-0.08605533463716256,1.7266248858317446,-0.6591222630864788,-1.0211121944164052,-0.8210060784676719,-1.2292616805623164,0.36479932650647307,-0.6930141605253378,-0.9330140000400348,-0.23143142375155515,-1.1613456258531591,0.36479932650647184,0.5264381622195721,-0.2779396648639704,-1.1402436898627395,0.040703072912900075,-1.554313971052059,0.5264381622195732,-0.9447017337093029,-0.5360405435474406,-0.14813224165589148,-0.8098204451582861,-0.22375456294847965,-0.4147777450410508,-0.22770807447842534,-0.20043318632896545,-0.39058785974174626,-0.9659355909342646,-1.3590407852097435,-1.1784187301795868,-1.6645093994499556,-1.4400450685876123,0.29430229469611463,0.21342250152151643,-0.031595713345610565,0.07800528094598626,0.48064367509729516,0.7701670430383137,0.6067094096880478,1.0672072505461228,0.9209638424675037,-1.0860837523866507,-0.39343336468355883,-0.05003729678477782,-0.665876335502586,-1.5513314352136214,-1.5578392832692087,0.2295235759984645,-1.5042551529191526,-1.6703696379258421,-2.699189853783946,2.25149160625119,-2.037572553805404,-1.757339142431183,-0.7038608967106916,-1.529282613751212,-1.9139912933244385,-0.7427918412897325,-0.740253018689611,-0.7650482692711694,-0.7491305311009714,1.0688926367577098,1.1709914463482256,-0.19140610739909655,0.6783308113298637,0.16050712813502085,0.13137436979408207,-2.4143732460595757,-1.8060018357959768,1.111762833733666,-0.6367325144775282,1.012659535649295,0.022731598171866905,0.10841004839162809,0.9988518353425866,-1.885917497300052,-0.26637541229117073,-1.8625856900187103,-0.6975380697262611,-2.4360054597002097,1.0986079799889337,-1.6074373067981162,0.64460831407951,-3.4386460293245005,1.8572596432101691,1.079677649592137,1.0216211117004208
3485,-1.7463209497311944,-1.4914030722882432,-1.7118580756675272,-1.4653898306678677,2.597546348103991,2.8027131699488796,2.6400199079236337,2.969876515761446,0.47969846260821236,1.2634087996257772,-0.8819906204303701,-0.5058003053242168,-0.18561557122834926,-0.8208744883617253,0.5100036595336662,0.26559339641070845,-0.8058711849279,0.48162795701655464,-1.0643827443235891,0.5100036595336649,0.6647737532885019,0.3539502886477955,-1.0217201950449608,0.6008427093321902,-1.4630783572732595,0.6647737532885085,-0.46424098678127346,0.4799421779837972,-0.8717015913105219,1.0500816781023177,1.0722339944087464,0.3171021734257761,0.27483258776481345,0.2744494941587348,0.07583339340742681,-0.47585024458588776,-1.060171708183524,-0.8335585748814222,-1.3492343684359205,-1.1271702815498046,0.5660291210061655,0.6001121019502119,0.588147369888361,0.6032556820538543,0.9277412986768862,1.3037665884875145,1.1164715716722413,1.6626269469199042,1.528920137058062,0.7239052007645222,0.014033627217867639,0.12037867147996738,-0.08487987691303814,0.01145636256738861,-1.3433389196432977,0.36243938923632035,1.3988361386598287,-1.5426628820357227,-2.823938260502136,2.280297334173598,-2.0865117889591733,-2.037802376141182,-0.025312795965433198,-1.1978089779860273,-1.9051854080013113,-0.5105635878447156,-0.30986109326539246,-0.7105084254169931,0.3826999389583175,1.7319151890591555,1.8605042577691935,-0.2282856095441038,0.24859132099065576,0.48824883219302234,-1.3036965210940525,-1.9465392346898238,-2.4150243209614985,1.7185360642606422,-0.8244350611638592,-0.3931771845091312,-0.5553584324671862,-0.46016022031867376,0.7546687361922374,-1.972089285915132,-0.8214848193820963,-1.8496347049710375,-0.997998467297533,-2.356609255459599,1.0682789176588023,-1.674991536497654,0.5063732190520677,-3.431521104327423,1.828215398851308,1.086235784345433,0.9738973045263899
3486,-1.4910251913064043,-1.5672979328830183,-1.3722191171400189,-1.528365076044439,2.425789597678105,2.6453549660964897,2.141177187157705,2.895675332751612,0.37525829249439463,1.2295184144509375,-0.6826582544726191,-0.6911012695016802,-0.4316432065531994,-0.9589169546860254,0.4489341741394893,-0.12586402895546236,-0.7616151985302189,0.18897750585941417,-0.9841684829794464,0.44893417413948916,0.6861978470250992,0.05341242082215804,-0.9509229522229274,0.38355607082054505,-1.3757695437567283,0.6861978470251027,1.2910334838486592,-0.3625532257505072,0.8095572577235833,-0.17240392284859873,-1.1416704443522403,-0.08357199474128511,0.07323493025088787,0.08436884073139939,-0.05547867237463944,-0.5676090820260015,-1.1181713659880874,-0.8956246122441,-1.4192795899425568,-1.18890674522942,-1.262486441961512,-1.1372851902900754,-1.0900350724041565,-1.0191008873716423,-0.9685065028819803,-0.7897696181719711,-0.8987491400851744,-0.6694557180127937,-0.7400988759991788,-0.2560279735647456,0.37063771084305996,0.1338065153322695,-0.3804213088372215,-0.36509505700923905,-1.6184972677526424,0.5663642638340384,-0.279539224610434,-1.333955099778149,-3.0479021483409414,2.289211920901181,-1.9862340177383073,-1.9687540985341248,-0.2607586804896046,-1.29796198100977,-1.8288141135425726,-0.6384321786553284,-0.6205228116395176,-0.8965763624871943,-0.17113184060412673,0.08429529519250298,1.628584286113695,-0.34651787809484585,0.5667005578446468,0.40632261109512896,-0.7825133334941103,-0.322455214628051,-0.78621310904455,0.48626839345626677,-0.517144196492098,1.0176584324253413,-0.4563511845352181,-0.3556229381595288,0.8751558799988673,-2.497683638416151,-2.5680806412548134,-2.0670562798716388,-1.4757869389984664,-2.2832767381899535,1.0321449420169357,-1.7235398979042629,0.365056640875438,-3.436906281439357,1.8009974918265623,1.0777633235361508,0.927665885778605
3487,-1.5773428398636056,-1.6818279881185343,-1.5253423698836392,-1.6694566300630493,2.474829831727165,2.4117045447976326,2.124814619311661,2.618557969252152,0.7255331929610984,1.1226080917389638,-0.3677569109541782,-1.0290105167555887,-0.8685145127076143,-1.2169046277744004,0.17591895024105259,-0.504817183295001,-0.8283760215996983,-0.22982435219493133,-0.955049090739011,0.17591895024105295,0.5525664338227918,-0.3521734961280022,-0.9540635800943819,0.0010778794644005667,-1.3080790936690059,0.5525664338227944,-0.6366219529420365,-0.5439760896951015,-0.36394112335795936,-0.4203260883905937,-1.0146736048099199,-0.5310174963818499,-0.3208149562556999,-0.27134103820194866,-0.37254546130586585,-0.810700929092213,-1.279136550019621,-1.0943146280098839,-1.5916727810411886,-1.3517260492618584,-0.6476116182908292,-0.7328201834986584,-0.7112802337480729,-0.7003997808991135,-0.5961239419947576,-0.3918951785315196,-0.513915954571671,-0.23243466000509477,-0.29902995125710496,-0.5519427384564044,-0.32498356998902406,-0.0784178884490853,-0.8060493617940058,-0.5095848450805329,-1.6387334085975573,0.2737945153796233,-0.5477598141558662,-1.3641417192637522,-2.8322585176491284,2.3372124186877565,-1.8960148696906363,-1.9048388061162649,-0.7118071248275695,-1.495510108615305,-1.75901873102147,-0.7994624807603478,-0.8279857367440754,-0.9132940927090073,0.07637108634278669,0.22202237631909447,1.9950485080773381,-0.5379549294440721,0.7668625311406975,0.23787110076754742,-1.1271514358200159,-0.2163732577089786,-0.9437762185286481,0.8278843753222581,-0.9203359345873093,0.21823922935664544,-0.8411408065035663,-0.7058001255799697,1.0466602981495547,-2.3943604526506697,-3.1203098695696903,-1.6237347953059564,-1.604173998915598,-2.2333813034035894,0.9856635885968144,-1.6983346595988535,0.19565156112394047,-3.4228034555177476,1.7703464255862889,1.1002880952693268,0.8723434139589042
3488,-1.5127966172367635,-1.4432166581086336,-1.44781857502671,-1.2489484766440784,2.1182060098679227,2.396916643533736,1.9818373028927636,2.442564557139822,0.3997547290987304,1.4617137802107014,0.2730290505561424,0.039702177394182095,0.4453980431650651,-0.3902340940564421,0.6769505034331456,0.8950793819296619,-0.5752460321032853,0.9930512908443269,-0.8457227845135591,0.6769505034331439,0.8569352581346994,0.7687681144398381,-0.7701566965595521,1.0241400450026734,-1.214318065102911,0.8569352581347084,0.26174606184320165,0.8973702344033272,0.1708915597619771,1.054873233906917,-0.17732906639154628,0.8780588330719017,0.6145206769636744,0.6566312581888527,0.5065877377877476,0.04420832965274791,-0.7376704881724968,-0.43608197493462925,-1.0501168497164248,-0.795003131695482,-0.4386611996401236,-0.5518190762628161,-0.5520459187962539,-0.5704851090371662,-0.4688547045524128,-0.24396134324702531,-0.3633014123844057,-0.06394197848987228,-0.12400650829727368,1.3919563636506662,0.11834511991128951,0.671230385309575,0.42943888003286995,0.5697636115788385,-1.2670638963878649,0.9430525271113505,1.2525319494078233,-1.3032478940025216,-2.733880925334193,2.225938139250603,-1.8436983685494517,-1.845414300775811,0.27607462811570505,-1.0122744671347148,-1.7368235378534034,-0.8504287858526017,-0.32346528681967035,-0.6378578346884616,0.666911694587923,0.40604279290981915,2.0556138318234303,-0.32352107522996615,0.20602707417749627,0.40218333580986076,-1.5662901935731752,0.24088950486659103,-0.9185374427027744,0.7217089617570863,-0.6024285320919422,1.324984809320727,-0.5018303321260932,-0.3811651084278232,1.06223277066217,-2.319379118234946,-2.877527662541304,-1.3105112564467114,-1.6461273893222346,-2.1998935687208916,0.9275755418279574,-1.7497541287008649,0.02369413952776737,-3.386373233944843,1.7289507456759234,1.090361718354156,0.827299279825453
3489,-1.2411163316496963,-1.0989251637416797,-1.081439329927851,-1.1371347748999323,2.6558117067559968,2.05862462791833,2.337899611703705,2.4254636188270386,1.1881849044294102,1.0254906752653454,0.5161230741520347,0.26286739738229625,0.6991643015027841,-0.20919311742881697,0.9905557473499692,0.5641676623124303,-0.3248741825675494,0.9550874671264324,-0.6849843857203353,0.9905557473499682,1.1343859324530157,0.7047407111285833,-0.5687628997517635,1.1063978726544716,-1.0969411485628995,1.1343859324530234,1.4192473640019496,1.3472556568453125,0.9395659185491639,0.42037662095023304,-0.26510062963294473,0.9007754920967136,0.8243809935315564,0.8314981230438745,0.755680960339655,0.32389671906990697,-0.5729541127926994,-0.2196298439341251,-0.8989882183931426,-0.6235160294850214,-0.4031471546302788,-0.5863311683194576,-0.6458673118617597,-0.6712953450975071,-0.6218180562445892,-0.4100194400233422,-0.5167036485120838,-0.23909275488965165,-0.2933271409867382,0.3555550881820208,0.9301647650101548,0.4239728821791774,0.6964051612255499,0.0580725130747879,-1.2012339634613058,1.0993246689221485,0.9504519089633469,-1.2423045210633652,-2.6324232607425633,1.9411087539030247,-1.7539312428783476,-1.7899457629287248,0.4603746708975162,-0.8937929332766931,-1.6593588833435722,-0.5940946205006112,-0.6241139306582141,-1.0695802413329598,-0.5634286507732816,-0.6648043051255987,1.5511460788501827,-0.848761573779211,0.5825981590271833,0.6061412701655121,-0.4673841848051075,0.24278200212226064,-0.14305304591322834,0.4143593242284331,-0.9637586366381801,-0.4254044109538047,-1.304951048287875,-1.1667139025104933,0.8791719402318255,-2.212752784132408,-2.4895161071020193,-0.6742050318683217,-1.6158208452154692,-2.1590898954548385,0.8602363768797182,-1.5826785470575067,-0.12879592633283404,-3.328823838505188,1.6865537863608433,1.1689964052694277,0.8000384159333048
3490,-1.1249722121606676,-1.2347933054506022,-1.0959165351901057,-1.2089151655858943,2.325814113034733,2.6591924330571386,2.2596227470958214,2.6167579998654253,0.8672069652716564,1.3930998483618717,0.5797985036244341,0.04754110078977528,0.3986952667246566,-0.3643383491978414,0.9154043655740933,-0.13148672282368115,-0.20538745045790463,0.4537257967705257,-0.5360812804100783,0.9154043655740908,1.2099607631340155,0.19623365734452636,-0.4330759700440167,0.7483438528440635,-0.9756126412200643,1.2099607631340246,-0.056611567540589845,-0.5258586757481754,0.4133813140604152,-0.33219577042286064,-0.9032480210892327,0.5002120252537173,0.5871836222936043,0.563812633146543,0.5852803258368721,0.23940524733585605,-0.6387414235174049,-0.28499785377863973,-0.9840416935993666,-0.6898945263915188,-0.07960538216953557,-0.6722532542524297,-0.7128689712129046,-0.7518365770564942,-0.7319183029488382,-0.515282031292001,-0.6368240742684276,-0.37608629668190074,-0.42708697613527613,-0.23909499378891644,0.39230359802310194,0.3497091194612186,0.45268454485254966,0.238436219366678,-1.2846090474122562,0.90353917373574,-0.7635131951928678,-1.2146797647269227,-2.481524439497073,1.7158772504584905,-1.8060831987337753,-1.7379836718638972,0.4676896725567938,-1.0026370811353809,-1.776554242045526,-0.8147741698027455,-0.5537076382691931,-1.112780247094216,-1.0889676838639542,-0.33206720810379553,1.4050141514867596,-1.0741159061065662,0.46788737264571484,0.7271597522458125,0.15142732292132405,-0.8381935515625462,-0.5336129637202107,0.9525602114163213,-0.5799810276357441,1.3902961025548635,-0.9846836017642088,-0.846670095432632,1.0672992303157023,-2.3116706431932714,-2.282541640745342,-0.17633978328321864,-1.660190489727685,-2.1474202512326523,0.7850054109719065,-1.4676592043579932,-0.2821627455152485,-3.250910412924613,1.646145554789816,1.2144701386343273,0.7570625936378184
3491,-1.4158047047234805,-1.5538940580658474,-1.5164276320135024,-1.6026422199166124,2.175450189450652,2.299447615244458,2.1521711751537387,2.490140722610091,0.7069103473230935,1.6325239714014073,0.7858616066095736,-0.8527098102573077,-0.7402048349395691,-1.0516898067412785,0.19591031832258976,-1.2807812463016623,-0.41754484719425533,-0.7313167990441772,-0.5107615057618377,0.19591031832258904,0.842036936796267,-0.930690207716743,-0.5026638107331178,-0.3115732119751019,-0.8947318124887613,0.842036936796272,-1.5897663590153182,-1.3474792467939645,-1.031916493430331,-0.7946335697965123,-0.48701237311598045,-0.8385450545493086,-0.4868348715895446,-0.40282392753428437,-0.30778805580246893,-0.5349508618269164,-1.1425420347589037,-0.8810264728268826,-1.4763739718166655,-1.1940482022633438,1.7705107457380114,1.1062978754179513,1.0307576920682147,0.6270210818285339,0.8094461483902949,1.2462046738314174,1.050859995562703,1.5759241268122035,1.5300029200368088,-1.3367597094011703,-0.2306548130027556,0.13446187767964346,-0.03214853848919582,-0.5402667201968426,-1.420891597659023,0.26776609526258693,-1.9116204019079355,-1.2140538238660257,-2.4162709896142283,1.6651372407036062,-1.8401315089998496,-1.800768560261078,-0.4276689144832472,-1.496392190458037,-1.8263989091209865,-0.994615526380664,-0.7934013294466434,-1.0323848758717689,-1.0265763964538757,-0.4919138453869146,1.5192605712705176,-0.9474557628396382,0.7019420590602616,0.42689182590309227,0.15202316951012873,-0.5441487828366149,-0.3110517738784323,0.6578428486769294,-0.8179673279300205,1.1243746966609394,-0.8303505027862615,-0.6862714728241329,1.22992219686611,-2.15969257193205,-2.4176324463416745,0.08201298380523074,-1.6910741191990621,-2.1641781213665006,0.6835909829264007,-1.4008241208304733,-0.46246863302348856,-3.1751715123553743,1.6063636360729074,1.239406041305004,0.7161685992231026
3492,-1.6089923105002686,-1.7376432949474887,-1.6806126983379988,-1.7671214579927628,2.2779394503986654,2.1714305311154365,2.0327639579931236,2.2174526896902735,0.6997023589043726,1.5058562177121966,0.968255850997367,-1.2293541351468953,-1.1707523493626368,-1.3548892804130714,-0.38208465625338783,-1.02096433661164,-0.6863289006357226,-0.8990205158644445,-0.5890113687546252,-0.3820846562533876,0.41559234256098165,-1.0704038973232617,-0.6405191773944714,-0.635771787835102,-0.8599791552673339,0.4155923425609838,-0.6927350061170604,-0.8867322521723725,-0.7520206365200671,-0.7262526220165788,-0.7294457111980328,-1.382833704186563,-0.8948198694521637,-0.8008283538745191,-0.6721549776802819,-0.8645481248443787,-1.3566753953696276,-1.1184981225099446,-1.6735704921812735,-1.407476017071272,0.9163210773766198,0.8585595596880278,0.697459495774021,0.3743975836103991,0.5505791301915853,0.978896838086802,0.8765538396778624,1.2994426043901937,1.2724977860074507,-0.64862808219502,-0.29408095866406847,-0.5136435298068277,-0.29942589666765745,-1.0046105225915494,-1.5473545556438821,-0.4282599948198876,-0.6413730277298271,-1.2909241077989633,-2.2784824464873665,1.6708318785570508,-1.9407078933420605,-2.139960890008439,-0.6335452803342709,-1.632565663464559,-1.8643327550944404,-0.5095585679848961,-0.4029513037064014,-0.7948742784732109,-0.44875581960074684,0.3800257341439591,1.7380958673059559,-0.38383399725095885,0.35691788618468795,0.5188087092859501,-0.33742215522845903,-1.040423492000615,-1.0216447043718595,0.7758966968895271,-0.44314708615785375,0.9489932094229976,-0.7756603239623087,-0.676782557966954,0.7843144278329234,-2.057716801681903,-2.4663125564133024,0.285204815529705,-1.6834801782159061,-2.204613511698395,0.556786521870066,-1.3594763352423216,-0.5984322545109828,-3.0692263847340384,1.56241415585569,1.270865284789471,0.7101767453552443
3493,-1.776813859982753,-1.5217525681819875,-1.624562508702271,-1.3556530456411928,1.9000086767693176,2.159440900153533,1.8823087887853278,2.154582441341924,0.5609106252569237,1.6878629928804922,0.8681021698891622,-0.12995566277063145,0.1378503296093426,-0.4965778376491575,0.04875428406120451,0.7578456919902649,-0.541084034531374,0.531086119683846,-0.5915693043972265,0.048754284061205154,0.5322162559021238,0.28902121066172276,-0.5530509191114311,0.48537334841349267,-0.8141960773539715,0.5322162559021268,0.17748420841773524,0.8508915462920382,-0.7058556731896157,1.735563032868081,0.19030158724088958,0.13273368052733145,0.18310661281716917,0.15399736971985953,0.27544584186063675,0.07369930994661711,-0.7812313858249251,-0.4114221403475972,-1.1327305138665402,-0.8338192462782726,-0.1076463795603105,0.007393415549867662,-0.02280572776810461,-0.12630398883803057,-0.16719447471820545,0.1712133787616094,0.12981040564396062,0.42088455990324025,0.3953828349209041,1.375176251602941,-0.27970802513539933,-0.12807971554378322,0.46929605310564354,0.22148780383813874,-1.2581188540459223,-0.14079872456600442,1.3663479802804392,-1.2481925104109088,-2.2441308097060375,1.5827066354401598,-1.8627262330923007,-2.033987570802017,0.3584901249202337,-1.120199592072976,-1.8028195293403835,-0.566827934842218,-0.2672111751330713,0.09015500370653844,-0.028970673922785167,1.0102254351053186,1.952204755954023,0.3029396164959167,0.2002902414865486,-0.34377621522106866,0.14355984871280564,-1.3932009075248568,-0.9717783529560096,0.5755516726218841,-0.42571640246506454,1.020493591247893,-0.6336548356672702,-0.5409259312507038,0.7980889288921207,-1.873459983358271,-2.321783687370307,0.355177387198224,-1.6753210234398463,-2.2005759650974577,0.4566971919778501,-1.3429144433821687,-0.7604255944237467,-2.952259815913838,1.519926159615444,1.294600609730948,0.6890111068183865
3494,-1.576917105333921,-1.549197438076491,-1.5934118222167126,-1.476145525370161,1.7195550946932765,1.807194636277322,1.9222266194879924,1.959541122978131,0.3488208216108725,1.9137044561342373,1.016578079440912,-0.4488457526951122,-0.25246667146134194,-0.742114854233111,0.056849742309295674,0.01424852010769747,-0.5372460193211347,0.04263332939045717,-0.5926490922712577,0.0568497423092947,0.4741258789337207,-0.1447938326790548,-0.5393697262423093,0.1179362781179264,-0.7750901899879958,0.47412587893372504,0.057242461546538656,-0.1978745737392393,0.679752204912489,0.41846910404492393,-0.1724910811919043,-0.06015964217877124,-0.19158281195848018,-0.17127241934865348,-0.052658972283674936,-0.13711015306007107,-0.9354846399813648,-0.6219235653273371,-1.2758671845146097,-0.9833255969639204,-0.09615608271858386,0.2089166344941776,0.1828125841274902,0.03288704461717414,-0.05744823716957243,0.3208707221056052,0.3152769917779851,0.589576795848338,0.5750867958677837,-0.44557650390301656,-0.717673268154235,0.17011412656083585,-0.16464358123819714,0.12701747963703577,-1.2579813192689626,0.06414510902839549,-0.8763622615908121,-1.1893978774133558,-2.2545322272834327,1.509108818905598,-1.8011906095420978,-2.7719248290894414,-0.0578759394583408,-1.0201793682198208,-1.3667207194932676,-0.36323289380438023,-0.2552770944943555,-0.2266573006873285,-0.7527916662681158,-0.2500805984520479,1.584118540351627,0.1675914172713509,0.2213425626127336,0.020096876221399284,0.7191230941145252,-0.528621213730282,0.07902854613862008,-0.41319471736858104,-0.1918303300779617,1.0705006531332633,-0.39325525249375387,-0.32915374332704095,0.5864497474901542,-1.742264646405813,-2.3204889714173627,0.3701712404663702,-1.602568830592407,-2.215623281580975,0.33983491069018895,-1.3834436861534385,-0.9428862692932812,-2.8841912894199733,1.4814578956548874,1.297849668499683,0.7015578069404376
3495,-1.3313705450948177,-1.2019880372155032,-1.3316730804279224,-1.1586366101264833,1.615052588869851,1.7215474683712944,1.5150316259195342,1.7864655603264725,0.5642724905217092,1.5672747095749064,0.7274942031751434,0.3257216066538547,0.615999681456538,-0.10718403412457807,0.5346398241907738,0.8407212362218197,-0.2780430062610233,0.8696928759202726,-0.5015559892625978,0.5346398241907718,0.7249433960085664,0.6366487835690232,-0.36643185606087575,0.8485085251130211,-0.7077223074757761,0.7249433960085708,0.9962492380205415,1.4337650765335186,0.8764432870886634,0.6911731605232055,0.4141354891119282,1.0413867976728184,0.5709825334948697,0.5961665349873032,0.6672952784892743,0.5420643771445333,-0.4756715601283843,-0.08115052066867898,-0.8563896125002978,-0.5241171353098056,-0.14201951910250954,0.45610366541098346,0.2677008360750058,0.14316690279700314,0.1481216727598653,0.4533581904776512,0.46825823978642955,0.7356975121667515,0.7408648730465032,1.0324183812601755,-0.014901628060984115,0.3363015274886522,0.36386163561112833,0.4549091214338714,-0.8791036607581777,1.044877216180319,1.6111781797932523,-1.1580525774486434,-2.1656207860971715,1.2865174676587128,-1.7480118181859166,-3.7791803596996973,0.7204281724987497,-0.06407796281432665,-0.6140840395086465,-0.5521129270110491,0.27909009556390363,-0.6203261976215334,-0.1973707690998318,-0.3673317986351065,1.5542017796912078,-0.029171807129433916,-0.38723997980493785,0.9326811951649359,-0.4601153859708392,0.26179848243391396,-0.11019982703482298,-0.2969209952167711,-0.6004553302571747,0.3734383889820351,-0.6295467579569395,-0.5465774913419289,0.757265579253127,-1.6049607068229297,-2.1416129481788038,0.3447538392995199,-1.5827671127420202,-2.1924264307341126,0.253970189398969,-1.354079021975384,-1.1341928868753193,-2.844116330183238,1.4545072047480299,1.3096517762170645,0.7068945668334401
3496,-1.1769401581937424,-1.0876603680267418,-1.0586912199273926,-0.9201315011519539,1.2607118768562016,1.6115064435076318,1.3474390306758686,1.485205660736306,0.2709520460551421,1.6930554498696533,0.6291523618052479,0.9017368781411834,1.2257300285136685,0.3798686638361353,1.0414159577071014,0.9135490740750906,0.09555815608943191,1.2092789797381847,-0.30743869983651373,1.0414159577071005,1.0895209359803155,0.9392349255662892,-0.0955993081691174,1.2575864275810076,-0.5974264136515167,1.089520935980321,1.0469582349875644,0.48585442824667646,0.5307247356290933,1.0941654036109658,-0.42635567740105945,1.4380946172124058,1.0777350524798903,1.07862266058064,1.2051246060110694,1.0899207064774161,-0.09027534570703277,0.3522116636149,-0.5422600272239222,-0.14975422673083424,-0.4551700812477176,-0.19277048797393814,-0.19752814132946406,-0.3006130051625119,-0.3261581691661765,-0.08389979981134213,-0.09302511183546572,0.1676044968998774,0.13210465883865066,0.818926961029814,1.2198020367483469,0.8610755106821886,1.222775100548874,0.9756007854906944,-1.0390444413857052,1.3836018756627164,0.7547113372651185,-1.1234844744981514,-2.062254654069673,1.0508322834866213,-1.6932982389252496,-3.371838585239025,1.3192413081008498,0.27149546880741904,-0.6065261291375802,-0.5760741484763142,-0.36490286646943365,-0.872975994040447,-0.6888096225035967,-0.7297156355018909,1.0301086229333707,-0.887372393910347,0.3132048172817651,0.6324815592246177,-0.12340807667728208,0.18240314979919348,0.05679969765430098,0.322325260047077,-0.3337471329256717,1.0040159275625602,-0.3265652315851247,-0.25580391122792956,0.7293993768961545,-1.3422647057032657,-1.9188941131162707,0.32147090548065127,-1.5926945904105179,-2.2074056350692786,0.16427419729918494,-1.3698665680409117,-1.3393097680852357,-2.787378095359033,1.43049442782108,1.3130295474677232,0.6885137948274406
3497,-0.8940706582657713,-0.8883529190139686,-0.7821072890480585,-0.8599534393891237,1.1991305397922118,1.2640382517212065,1.0306655716899926,1.390662914609078,0.13132226339111266,1.6263999039532382,1.0782956509826178,1.0132163082732728,1.3230907356050614,0.4850419056616876,1.2156812477434633,0.33568077990523487,0.3996990924723763,0.9348040917242975,-0.0672367092327619,1.2156812477434615,1.327196760515123,0.643551311147935,0.16588644481863138,1.1444155654563684,-0.4544192947580305,1.327196760515133,1.0804759194722806,0.8400953859779127,1.0415667586146353,0.17802894233913624,-0.7975540559772907,1.0313731745854533,1.0477337217035143,1.129432069616849,1.2851038114647368,1.2191162965863689,0.04313747761299932,0.4681830454867156,-0.4554913410456816,-0.025140040559791396,-0.8330206217691447,-0.7632885052724185,-0.659210417766651,-0.7493685921605774,-0.8280516924575229,-0.6578087700184051,-0.6812912914391674,-0.4710542236288827,-0.5113397585462672,0.21430589394481245,1.6959441721658721,1.2301135320115606,0.9904403450204521,1.1226975653236253,-0.9319182640658819,1.4087908613121691,0.29736814911577514,-1.087074547203031,-1.9758034518853531,0.7639962523496097,-1.6336003272410664,-3.069956656652279,1.4030097202515308,0.3509768088866852,-0.5833043678646465,-0.7089453312799424,-0.2386707502891875,-1.1223179228893554,-1.1811975736853466,-1.1784840111302572,1.2012479299055463,-1.3261830564365742,0.1570596560980935,1.0181097275323205,0.2261819702033499,0.21960541293291064,0.3212002604501023,0.37768087398108907,-0.5417413902153481,0.7565653797166971,-0.19345168619390668,-0.11588722383014362,0.8438253462341101,-1.0392905567569868,-1.609576221857888,0.34109150026236806,-1.5584229015827222,-2.170119687092064,0.05475608098287721,-1.370978611608538,-1.4499025330465816,-2.7280918381308683,1.4023702461146832,1.3096250531959288,0.6633773712563517
3498,-0.7982007974067004,-0.9247976343421337,-0.7878772429092777,-0.8594979153367174,1.1803274949231595,1.1999923557706071,0.998512974669504,1.3083899063061912,-0.16115013710721499,1.7016404644293166,0.9736992751600708,0.9327957608231952,1.199688810813688,0.44325043783858653,1.1289849894900208,-0.13762177476204604,0.5971552877878596,0.5834580317910761,0.16920358398446184,1.1289849894900197,1.4074985764343668,0.26460452726472705,0.38332860053104856,0.9001103043778562,-0.29268121770253835,1.4074985764343746,-0.003583164693232252,-0.11800102394080844,0.35304534302489626,-0.21799698636827572,-0.9576208646122123,0.6953967802208648,0.9563716800814417,1.0018660894249096,1.1824669777863288,1.1621844454676056,0.0726617931324206,0.4776194287913844,-0.44939500326839227,0.0031168769228577145,-1.0081205379976192,-1.0027140247055095,-0.9406955385167501,-0.9514004518164771,-1.0471968521165038,-0.9275341137625607,-0.9521241416570733,-0.7861439843273176,-0.8177338340219925,0.0021161380966737745,0.9022105404553492,0.5591779476207805,0.7125980879267458,1.272845213792909,-0.6941839594282669,1.3808249632847593,-0.15102393020023117,-1.0567754356060457,-1.8872318884322705,0.5138681447316024,-1.6287478425996134,-2.8303553102503645,1.422275734777348,0.3307079355185274,-0.6511554924150765,-0.9986494314342571,0.4334419462123216,-0.888705208109571,-1.2869859804993415,-1.3038451235147648,1.0752012032083431,-1.4255131718321912,-0.6128138106988028,1.3427482908125565,0.6552666759039515,0.2578564311840264,0.6374180591538354,0.33764893671282953,-0.719323776377267,0.9871517860831354,0.08380782640169362,0.17823406524156757,1.107217749575983,-0.7855770650213945,-1.4134645926000273,0.4729061062888771,-1.422679253925203,-2.104886092375978,-0.05578585971788875,-1.421849979362248,-1.5876040298749283,-2.6834680560240214,1.3781053679905955,1.2765359169236776,0.63274208848499
3499,-0.3984979037310164,-0.31816116707126385,-0.3656250655359477,-0.420672177519353,0.8538045311751048,1.0322216363099526,1.0299342745451556,0.9751588310036493,-0.07928885768157583,1.574344295324218,1.602118064696249,1.8962549788793914,2.1639809442418163,1.3260352741267762,1.5238836292719018,0.7705417935602495,1.0694702890932057,1.406338483237189,0.506265523581104,1.5238836292718991,1.7485833199902818,1.000497102538258,0.7889246391477561,1.623631864986928,-0.07378484119935703,1.7485833199902927,1.505259981320041,2.3146014881073183,1.3485530466035263,-0.08279511960037207,0.16296960792488133,1.381988047992202,1.8228210460706515,1.7590801687591797,2.031332102460848,2.011937628171342,0.7538391247094718,1.24784161632733,0.11986614659420916,0.6652855222038675,1.144669976268903,0.6724884294241262,0.7787806968049887,0.6248770263692989,0.5134928030050019,0.8229443149651423,0.812210165025357,1.218929415552922,1.1811329336482987,1.374533741669287,1.89372628881338,1.05368715306176,1.9449114358734665,1.5041488297786603,-0.3475537461594444,2.261843393832537,1.7367538722843334,-1.0697567017290843,-1.7365305286385526,0.4494356751006549,-1.4156923921214524,-2.6338042267077357,2.008540295661873,0.9490058735781661,-0.34507853997753074,-1.253099814041934,-0.30819659454037124,-1.1053765359881953,-1.1413487949194112,-1.3483352280963707,0.7425860650446144,-1.4187550617355371,0.15473369465151585,0.9230931773979292,0.20956973364396844,0.49011030123230465,0.5149877716435567,0.26877030609253827,-1.1845898378385116,0.2668179417383077,-0.021128076382309076,0.09152416034707919,1.2868008227996257,-0.37539017038360173,-0.8882136824607655,0.5415906374166997,-0.9703474106923594,-2.0089277856786016,-0.18331288073031865,-1.4390692728085266,-1.6876297287338349,-2.650315015734095,1.3527530172509903,1.2612199764003185,0.6034276238024898
3500,-0.3544088452647739,-0.5287006612365814,-0.34300081556223105,-0.39422827590411336,0.8199264092179912,0.8337855666459171,0.6448225352323436,0.9549063710832374,-0.1386042501851106,1.5035788702411241,1.747435456218912,1.8323273927696795,2.065855055316585,1.3130494844883376,1.4952618878610155,-0.011733035674166907,1.3642047793006467,0.8966074749811765,0.8502315485655737,1.4952618878610129,1.8679733097657696,0.45631477833096545,1.118307379236055,1.2875717147413022,0.17995332932440955,1.8679733097657807,0.07827270607203451,-0.7539113409783785,0.1436406148932228,-0.15250424976884205,-1.0536150297883669,0.9487905641320198,1.6551231779071256,1.6224337056714047,1.9159955189937616,1.946184932534817,0.8141070728913383,1.261296797929956,0.1553842104012021,0.734559005854292,-0.10589970054473376,-0.4661487577230565,-0.36409293897540157,-0.3762481141499296,-0.4886475002111848,-0.3193507226475475,-0.3415227376111218,-0.08732350234733152,-0.10645224798885826,0.07682964753409885,1.3314133702210738,1.197701505378122,1.5881937718782617,1.5649967246329197,-0.27860351035419806,2.4683930338442344,0.15330992040536945,-1.0697700718734229,-1.60078463102821,0.3877677678145906,-1.3710044989906829,-2.4684915335765214,1.9363251168863131,0.9625641736937686,-0.32394610662532913,-0.8869812861161486,0.8397603387807677,-1.0027292973353437,-0.6457838621600998,-1.3128122651933458,0.24180295323692821,-2.160426509182624,-1.030404195528719,1.78006004781019,-0.3307180239049942,1.0113214883991397,0.5565907190061683,1.1094416149512458,-0.7509849447097462,0.4855036452880459,0.06996132098797764,0.15084584710528123,0.942368139994539,-0.139837434615612,-0.5649117200487737,0.6480769133485634,-0.5797124783229901,-1.9356739225791435,-0.32750517629276854,-1.4784895864905678,-1.798480095592623,-2.6409519048234773,1.3312012300114757,1.2470959859294766,0.6070901558091465
3501,-0.37713414883330354,-0.43539719946563904,-0.7648854696147491,-0.6213782332822082,0.45390061236601964,0.9122855852857963,0.6764324258887995,0.4706872915651779,0.12068693732900804,1.1509960940901813,1.9625412014436625,1.1852413633441379,1.202135251989693,0.8539694849054282,0.9859886239124086,-0.9647923889213749,1.3688210301558545,-0.006797184852209282,1.0873717080654004,0.9859886239124073,1.6628258139468413,-0.4634416177509096,1.2649755523835824,0.525981000973583,0.42406645811529153,1.6628258139468526,-1.3834785148213227,0.35865138510226935,-0.0732873023214303,-0.8924113788068669,1.5355930653311984,0.08616701310677766,0.9239945321938272,1.0472653772199876,1.3309401491201738,1.4812826950615867,0.5450119719875479,0.9034973222993937,-0.11748298446118824,0.4565053722848674,1.6325064565986105,1.2475517641807103,1.2022016348054811,1.1876994659766775,1.0690230043947,1.4737024470934974,1.442817649837267,1.9302350624530564,2.0181188780326442,-0.6593211455854386,0.5351804626048112,1.5270225645422373,1.3674240500028632,1.6934295426843635,-0.8410637996315206,2.0442075432881297,-0.2754290190296686,-1.046996764636184,-1.534365100530463,0.16224286253778414,-1.3288048874461216,-2.3267062432057997,1.3679853734900593,0.644315950085599,-0.302526297333915,-1.183570511281122,0.3208362675099731,-0.7933566174733028,-0.8913784060624923,-1.2747102841116227,0.09036912213799138,-2.464222506759265,-0.5087136533962595,1.1074079985269263,0.23167720369923092,0.6785933903676704,0.6826107345093421,1.531630848174961,-1.2157785997082355,-0.17508800439905292,-0.21873478728892656,-0.11498076983543609,1.148691757175021,-0.03010721872029276,-0.30627446812407033,0.37676828032185894,-0.21155832996275853,-1.9003834995814235,-0.5509236879976481,-1.5283015239218625,-1.938261018563802,-2.627352495843634,1.305694488628643,1.2640063377787951,0.5864803105520452
3502,-1.0132891687364194,-0.8955741830460013,-0.885148638641472,-0.7658586607519341,0.01564340929140765,0.5482980376526059,0.31191130701252173,0.1864142571296983,0.07345699197669091,1.1859652738873157,1.757738697828552,0.7574032930133398,0.6737225436314535,0.5343109138158705,0.4437477765736387,-1.043859525241349,1.2425551623294366,-0.3943825537493238,1.2014617748101282,0.4437477765736383,1.3426779948511183,-0.8483828116268624,1.2973339718687098,0.0831429673772229,0.6364402594225749,1.3426779948511265,-0.3753586459704494,-1.571932504906246,-1.9438196531460232,0.9890192386010216,-0.25642375401760653,-0.41038389408686404,0.36609065226106485,0.6607418154916788,0.9535690202182222,1.1791798130236546,0.36258325847019535,0.6624583756473569,-0.2841601822461864,0.2733726629469039,-0.36357934290518185,-0.24192369792825333,-0.3558528478895884,-0.22180787772578114,-0.38002854701026695,-0.17269599552209658,-0.20990229709069863,0.08481193246196438,0.14763276898828923,-0.4299521435741854,0.20044549672178294,1.6101081057913151,1.40547008017179,1.1407332114815087,-0.5883319502559196,1.658135842914944,-0.5567380627740152,-1.0239533743300409,-1.483740551044347,-0.0451959004335281,-1.28886432469981,-2.2031712732599247,0.9701506944430066,0.4201473189108966,-0.28076215554359263,-1.1786047173687455,-0.5631124316698187,-0.3340585023328194,-1.1125041190617724,-1.1879417953961753,0.8651091168464994,-2.1517462566541417,0.44075307935465297,-0.12334865536932042,1.0582665009681516,0.31682032926856973,0.9581436591806489,1.266419891782441,-1.033692903109688,0.13333095988747437,-0.1706171491613718,-0.07365181856311394,1.0741453285197746,0.04476392510920406,-0.15819445669305846,-0.19774442089604982,0.28156867859823964,-1.8183707351638219,-0.7813598555627942,-1.5402097071213041,-1.9241342801324652,-2.599821207184267,1.2833106826480962,1.2726338141311324,0.5771944252111811
3503,-0.6617467591255315,-0.7330500033341079,-0.6195394422894722,-0.7610367884702358,0.1721277272302851,-0.037795264202277405,-0.030169977134964564,0.1373150263157429,0.40092589548491314,1.1406354916915415,1.9533545689218104,0.7316393116640312,0.6304190167520239,0.5301814577524853,0.15448290447634394,-0.5589256273248103,1.1665622933779307,-0.262711818913369,1.2508848998347368,0.1544829044763443,1.0847057733752754,-0.7075839880313132,1.3266846322318782,0.05528425370000839,0.8214195325683642,1.0847057733752816,0.9092072742100215,0.6245953449638859,1.1424002226011756,-0.33072145207663134,-0.688811235126746,-0.44526084027016005,0.2551947697974728,0.5346276390642017,0.9286394645240824,1.1672067109128057,0.43682081274374074,0.7327607277016877,-0.2442934918470877,0.32583556705109257,-0.510007628072718,-0.23578464661932666,-0.29057437859369856,-0.2408190851570812,-0.31525153963075364,-0.196567529133094,-0.23246520911862875,0.061211572758501996,0.13529494897771419,0.05239644609646814,0.22633362093494414,0.9658186197408778,0.7709979970261939,0.9119235652508103,-0.8176974119550963,2.101517326421749,0.13874638581343032,-0.9879690886940639,-1.4241580254562536,-0.23719185801091058,-1.1924591939556237,-2.0941366495891294,0.8133933527324078,0.4297927257125056,-0.14760426749847594,-1.2824564304984827,-0.8606478892175611,-0.08394979518050502,-1.076721009745049,-1.2899828284177222,0.6177575811169451,-1.7681504488736193,0.7458465243403911,-0.6382094060860686,1.2946035284294553,0.49147726033756683,1.2511834122723304,0.7636313094055311,-1.3525581649064025,-0.38800262961872856,-0.5144480502786236,-0.4007708740217376,1.1951147915810498,0.01950121098538379,-0.178324190883221,-0.6413865504859382,0.4936840486697007,-1.7292413447917503,-1.075426904426638,-1.5322538593884987,-1.8903524543412653,-2.6049638133358046,1.2702108408086008,1.342763845322052,0.5188989912741487
3504,-0.8909907394418083,-0.9216418221434434,-0.9847783791077042,-1.1533515665129297,0.022859215867006975,0.08190367577936608,0.04374089860058304,0.20821285440828105,0.24542058943388959,1.1921996717044898,2.1828830092898657,-0.1769097428366658,-0.42622784064490904,-0.205457644553166,-0.45202708600725433,-1.1635402713419178,0.8421382258764991,-1.0278637448344665,1.165059487857049,-0.4520270860072525,0.601456495983006,-1.3764518293920462,1.169537778590456,-0.7112065294479876,0.9405643822195142,0.6014564959830095,-1.0920750730070323,-0.5685856545545233,-0.6687905737288575,-0.9003224731918332,0.10355580057056675,-1.1092929521440027,-0.6259342777042735,-0.35391810352070857,0.1439118419348867,0.45010609568870025,-0.0835723825892928,0.14955638657069217,-0.7138273180658952,-0.20012696505576616,1.4605165501856874,1.8250628361533787,1.7961476719896896,1.7724712140902854,1.8038941049398787,2.123866537869543,2.0522267189968026,2.687942971898941,2.8886768006290797,-1.0920211342658,-1.0211263696828117,0.6784194658445152,0.09975846117801854,0.9248139824193558,-1.22863521055666,1.4004048211873807,-1.3639377211143346,-1.0071883687049716,-1.3790357591768903,-0.34756522962308956,-1.1105911607470342,-1.9968544150779532,-0.15603805527102638,-0.12930533514081022,-0.03212096859822584,-1.4763253264238627,-0.9346575530968912,-0.7452944621114586,-1.2284853433355865,-1.1436094859229686,0.896533983684972,-2.0822995677029095,0.797002582123253,-0.01853446531784836,0.7353763816516521,0.11825495968930846,0.5889403783467778,1.2562787914378424,-1.2535185306569874,0.2954944175938791,-0.373778323731661,-0.24647479971692962,1.3514992881377397,-0.027498839428651046,-0.2992054165968708,-0.9738272311362378,0.8393202616758969,-1.679288319601038,-1.449185908545642,-1.5450641145543074,-1.831531742986576,-2.6135713813767705,1.249005068955176,1.4281484305629641,0.43975519640204347
3505,-1.4182319461583843,-0.8268605008107752,-1.2767726094786334,-0.911986963642959,-0.18666367454659485,0.07773504636854599,-0.11034640537519451,0.030201575987031524,0.11065811788281975,1.207654006597419,2.1175974053300752,0.461693329879311,0.30793562231907673,0.3521463533651901,-0.35639642099791374,0.18438960142278576,0.8309914528431089,-0.10097032445436369,1.1064249854711896,-0.3563964209979127,0.4466538547720717,-0.44198231572034774,1.1764126999877131,-0.09247342282206523,1.0431764247617372,0.4466538547720746,-0.8228108790534303,0.3761923062281247,-1.5359867086980805,1.9736665682619476,1.8806018321015794,-0.08830071643338387,-0.16177021783859927,0.07652519689593446,0.6035890420253799,0.920398530490397,0.39248633737986255,0.6792626479649942,-0.34964503227112226,0.21664481290642487,3.118325602725003,4.3626038316552,4.469310930329397,4.857928080381976,5.142425469811876,5.6968910059289355,5.56364290392946,6.186200656008027,6.410319403743218,0.7836445249345446,-0.6844647378058881,0.5493990800531159,0.5710873778889121,0.9625353980619702,-0.9912067695341464,1.5651693947902268,0.8888515598840594,-1.0050618155800837,-1.3507990077401273,-0.3713611621773249,-1.1515246633939635,-1.9092587932224674,0.5028786437755068,0.2390033870093425,-0.14523332985287085,-1.0872561426984217,0.5560375050392482,-1.1029731794146906,-0.5926304449557962,-1.1254802949416627,1.436727927364784,-1.530820701566564,-0.7557009742118029,1.5969262885974587,-0.5011126655131577,0.8245120361158844,0.290287197344918,0.6880867552339355,-0.9083840696191658,0.1806936076781522,-0.20469862218053256,-0.11390344492397533,0.965302569495624,0.028646382037817164,-0.16671422102426003,-1.0540337583196915,0.8491949184437652,-1.6250825109918792,-1.8058501135256988,-1.5392110668467403,-1.7810071603961464,-2.6155655190785954,1.22925418218168,1.5240620809788863,0.3866100942195096
3506,-0.937486395451611,-0.718937877656768,-0.7489646081971677,-0.7647307128755141,-0.3300727852076915,-0.21681224489416115,-0.19400351909727548,-0.1252290921566652,0.3720333555884321,1.062857756620322,2.024483307177925,0.8420654218200194,0.7180695036423204,0.7105443033785184,-0.0879903073649188,0.5133746727445454,0.9619516068008039,0.2775211407196676,1.119426395694137,-0.08799030736491803,0.4366931615150407,-0.029323522927089417,1.2749480807776439,0.21333298454112787,1.1540721941713168,0.4366931615150444,1.7166568195512575,0.41552459274497716,1.546485139790294,0.6923977907131215,-0.0660101153923585,0.4399143430014108,0.13071225438612832,0.2625071588655753,0.8543550225238536,1.2022225447818975,0.7562482546031407,1.0398933057054367,-0.09478145578721454,0.5112179637616523,0.0893758447558901,0.7776223294262672,0.9106676439852226,1.1748467846498107,1.3746127601508473,1.7064479908589878,1.6387870104019238,2.0012777926492538,2.252454897133366,0.4923966130063359,-0.10273463382072545,0.3925267244685551,1.461835715473315,1.3293235895853235,-0.9865231155326794,1.4114615269599418,0.8017296474139483,-0.9849801941057256,-1.3013685631099356,-0.4249000817841229,-1.1205891103109877,-1.8297630558984843,0.8112629004255678,0.49211174160827925,-0.11978065932302953,-1.1722159422916694,0.331648002631626,-1.1839697851576103,-0.9938927350534551,-1.1436224061893088,1.1710897426157054,-1.5846162096817173,-0.5267361867784592,1.4772687792394557,-0.09685057784919139,0.39386441486490603,0.23680414750893147,0.768710631009051,-1.214410353182047,-0.4884797197076768,-0.4787825244480881,-0.3787347488359442,1.0230230589384965,0.0027872492543171844,-0.21457639272635404,-0.9751336134281434,0.9338384109887347,-1.5572635921188225,-2.1541634750577083,-1.5238328395115546,-1.7207919981471054,-2.589553786085347,1.2082704851967119,1.5989908585892987,0.3091014706411082
3507,-0.7460701613897984,-0.9796866184619534,-1.259239762074239,-1.313389171907972,-0.04676698046871632,-0.3026966584986083,-0.23960477408503678,-0.06616457164470706,1.095559461771419,0.41908822110418686,2.058935303920606,-0.2298956366507109,-0.4529553644829058,-0.22925394496611984,-0.4935591554740478,-0.7663251824774577,0.7118979821691961,-0.800584603379536,1.043224148514577,-0.493559155474046,0.09359624803527904,-0.9813061208438015,1.1421214265138948,-0.6951431499081289,1.2208892079632363,0.09359624803527965,-1.2767040733679524,-0.6130368117876399,0.6539306117326269,-1.6021222525835284,1.1184296591329317,-0.6146629076970592,-0.7458067056178876,-0.6527966543497398,-0.07098005195503918,0.33107555273309697,0.057357368705218174,0.2600256186626375,-0.7471395216476732,-0.22541455746127967,-0.5608076575685441,0.0840506607763531,0.2606459429789008,0.49791955139448985,0.6851062351114113,0.9927245726982474,0.8814441533324656,1.1930233070346676,1.4558359103222358,-1.2546369557962807,-0.5373503237905837,-0.27652009651196874,1.178052969431271,0.9848117691213473,-1.6636474426928987,0.43687655680074833,-0.493912153305982,-1.0487363330773134,-1.2577093363610206,-0.359711365429331,-1.096394526615237,-2.0053861006038556,-0.24806826201283005,-0.01259807199542116,0.2046714234056026,-1.347483505652165,-0.3698852779203753,-1.1262516799908844,-1.0566146095352351,-1.3273558983252554,1.0982978114244635,-1.4616814016858746,0.1996978114467465,0.837833191051474,0.04269372822825616,0.5721543573284831,0.4694408355787243,0.49315859114138666,-1.6044395513154404,-1.026145204609749,-1.2274857856674422,-1.1019322432200054,1.2264919435875277,0.19242701745177562,-0.3177842385939569,-1.688982287110043,1.008926221568291,-1.548943867494408,-2.5705220320943543,-1.5676219929302633,-1.772684883716717,-2.5422989247980983,1.1781317383696484,1.666870410635846,0.1593929949817289
3508,-0.9179589143234821,-0.8117243636048488,-0.8505188679625811,-0.6904223731352276,-0.23587294089829025,-0.013023589574534089,-0.26150742722145687,-0.0709493865992208,0.7355878054209951,0.53343393375112,2.337397632408295,1.1425808674390687,0.9796787532279907,1.0998586019973953,0.03260965846987767,1.046062497730041,0.9987421172715986,0.6846172731276684,1.1012472101597284,0.032609658469878185,0.24675972021699413,0.4483648578007631,1.3256107588257595,0.470510945359523,1.3252704333080145,0.24675972021699613,1.1771977384786814,0.6626318860520446,-0.3025705608474434,0.7128111167223042,0.24522724281110087,0.8915344313016379,0.3505148922436602,0.40454766436984746,0.961066658629195,1.3525394291276513,1.1632763578729224,1.4071156275245167,0.14153660735204757,0.8080695077639889,-0.8108427753849856,-0.20725538977463853,-0.007152966274547734,0.23681482268470605,0.42608205136794064,0.738261623408092,0.5900453748870962,0.8967062170530344,1.177929006777842,1.6862985417533738,0.2619681954164097,0.4405076740454661,1.254726848120566,1.085038592260666,-0.3111492066851817,0.7686446333115144,1.7847049484783262,-1.0498312323282353,-1.211839443618292,-0.355375709194232,-1.1230923154379344,-1.9696363280948452,1.0130559210147512,0.9502342991476713,0.19751850819855463,-0.8205556455644301,-0.003701399206221604,-0.3267855129211999,-1.2723074528434415,-1.1663821816254454,1.6877150143499833,-0.6035171142702495,-0.1167711066421008,0.3292243502013348,1.2335695352531646,0.1088070442601772,0.9265931004371841,-0.3566695402102535,-0.5672295262477478,0.4240432451313403,-0.8157962064320008,-0.7425664134729743,0.7151393604377517,0.13340970524527185,-0.2889511174312869,-1.9010283337691933,0.8642278993395129,-1.4737850134722528,-2.7143318377370242,-1.5445734456462763,-1.8002972490171334,-2.48238510937935,1.1382848287802092,1.7353612187927154,0.015505231827873457
3509,-0.6790235782460814,-0.7022809434603249,-0.6801042796162141,-0.6115930143402424,-0.03906553792046035,-0.2467319487295161,-0.056672529123879226,1.9135490024568776e-05,0.7724378455329108,0.415236458619592,1.969855301321881,1.217508541337294,1.0612033131013703,1.1782819476635882,0.31558006085293827,0.5867965808978426,1.2031414937679943,0.5841910164830114,1.2177834010077686,0.31558006085293816,0.3644211235686532,0.36582570337259745,1.4716874128121482,0.48049942502682536,1.4528152284114297,0.36442112356865614,0.46525610249399296,0.3764583496474718,0.6690629307348037,0.1804220671253358,-0.03041521169840332,0.7631450734616325,0.5268623156372546,0.48190915820661206,1.033637253344322,1.4063130831372306,1.2697389367911056,1.5302451335159304,0.26638367902763893,0.9354957081462408,-1.3833747914566972,-0.9441048042229758,-0.8402900334680766,-0.6193673973923274,-0.5143919580759689,-0.307397581105763,-0.42085579600784556,-0.1660217168931146,0.035051450380817244,0.2003286573205606,0.9673210737782547,-0.10841099452671077,1.5462406350831062,0.9948915037240632,0.4803249589482688,0.5678224199286891,0.4333782184679728,-1.0080853037117212,-1.1677627237489885,-0.37953182196693547,-1.094906320239097,-1.890080050366345,1.087070542782783,1.013639651080443,0.22353284829235465,-0.3083578931980926,-0.6788993717579931,-0.9300158796681659,-1.2339787330075884,-1.2102962012210914,0.5039288163817508,-0.7546784761896547,0.68617572074313,0.38461137588971217,0.5154405113237865,0.21068544021461247,0.5130544256296985,-0.22878768818538167,-0.27962646381825745,-0.011892301592430134,-0.8079770020306918,-0.7770143595067944,0.2756507073814561,-0.06366072055054195,-0.4119207291234225,-2.0633237986492547,0.5864870114858478,-1.3976883672609728,-2.6612566288306136,-1.4524184164840697,-1.7644931708463432,-2.408585807465835,1.099491815617745,1.803133398396822,-0.14927067469289207
3510,-0.3294004076607663,-0.5713461353345413,-0.8721233364527455,-1.0582687932050838,-0.2677952471272229,0.034127357154980394,0.08512982969910159,-0.2756622169611621,0.592317504823525,0.8262967173276614,1.789607765551321,0.27265569981679366,0.05744091513008391,0.3052416183643632,-0.0987116620046772,-0.861961283754213,0.9807842778963994,-0.6440051367195712,1.2002714003327262,-0.09871166200467624,0.13857301551927728,-0.7576350409966532,1.3347821621277371,-0.48428451580651805,1.5254585252767827,0.13857301551927897,-0.5490179958190051,0.4365016761902072,1.0037392911812164,-2.2649539061637,1.5214150766480201,-0.42011878974901473,-0.20152388388325057,-0.3266385804004578,0.23395477249942576,0.6137996993418823,0.5176187639199759,0.7764606314281919,-0.33048586107223143,0.23216871971050856,0.32361266772221425,0.07978834584712047,0.21914239998355223,0.5258281676190982,0.8329583234074062,1.1930671090830332,0.971109724543312,1.3127264271671812,1.6762297640522772,-1.1575334056250537,-0.048686259717338476,-0.6307401161931905,0.5292225329346749,0.5762964666192445,0.3615669981555071,-0.14702537302254234,-1.8427736349840382,-1.0456852350979249,-1.1409200654758402,-0.3564762091382629,-1.1622949436073398,-1.8110241239596072,0.36429602912303904,0.31475888400771657,0.05027317254451103,-0.5713810803618118,-0.543807090919092,-0.5306634334103977,-0.8782756102223512,-1.1437958383928015,-0.37715317357039757,-0.6093393746743646,0.5012485225275426,0.1021168241711994,0.5190383158496237,0.5334538388590088,0.7606092169870068,-0.35110221634039185,-0.3214419872756509,0.518579556954194,-0.6509215772462923,-0.601228779623914,0.47566606353603397,0.004667864013294392,-0.41598225882993506,-1.9393498207102202,0.5019564597829451,-1.3736977158979407,-2.5875444159940253,-1.3808816259992023,-1.8992635131922986,-2.333355511184919,1.0587230341342844,1.8217221121072165,-0.38738833030263486
3511,-0.9176387541451605,-1.0723938882907809,-1.589041927305701,-1.4559401807029044,-0.6873296995387821,-0.38771335302758786,-0.5010129040210566,-0.5608447717491887,-0.9176049236379886,1.743400443342472,2.3165920127946817,-0.5116442526323925,-0.7203974950286778,-0.45634514249176955,-0.8098768487898184,-1.2752034151074727,0.530557140254841,-1.4049746171981445,1.0028183248886247,-0.8098768487898149,-0.3002022230525256,-1.394965753711047,1.0112627727764236,-1.274476888391294,1.4951496031495886,-0.3002022230525265,-2.0250162076717704,-1.6856063432699224,-1.7042837680455878,-1.8113135049586242,2.7063777453411153,-1.2829154071990279,-0.9142406505412071,-0.9862322555011277,-0.5694448405860246,-0.14559668331181316,-0.17924876556986719,0.0871186507417611,-0.8819900938236633,-0.42471076460590707,0.8442940989506432,0.38913979348408395,0.5184925728032033,0.8798881758614737,1.2411235846641817,1.6533727046120608,1.3892226316820162,1.7828019422324444,2.2087134882454054,-1.1013741567520998,-0.9241298526326134,-0.8148996450887835,-0.3242816908780716,0.7445524186575817,0.15557481991528505,-0.41087713864840103,-2.362016773242801,-1.1714227524242755,-1.105856689279094,-0.2000463987805783,-1.2680744612066788,-1.9863646750685433,-0.2517178453710872,-0.06504390479072389,0.15271654751900596,-0.3453060288880371,-0.6537567817373754,0.2344110592896739,-1.0226504612554586,-0.7869953594828558,-0.40374851620456054,0.026007449620882157,0.6480844931276504,-0.7674539709275735,1.5463857642354517,-0.12263958358476086,0.9774992436444694,-0.7617597869454813,0.3139980395175805,1.8672366960837254,0.8663649554566257,0.9117538438685897,0.20324554299452807,-0.24690396471102402,-0.6794322255702164,-1.5955654184874357,0.20815537336736434,-1.3969583550531295,-2.5487802052636135,-1.0704874553829595,-1.8540363497359427,-2.274180314403743,1.001317558795584,1.8085308990867761,-0.6111599760667344
3512,-1.2925133810162526,-1.0861481956096468,-1.096350298961933,-0.9854561984521408,-0.7316155243839557,-0.6861095850817016,-0.9036850557092915,-0.6484882793791595,-1.3814927279450326,2.0441224716869666,1.83945387049125,0.4634019742802926,0.3083474383759098,0.47437165392173347,-0.513865899997453,0.6135084569620118,0.5801165009577349,0.13540309753898855,0.8853689045116251,-0.5138658999974499,-0.30312937313711547,0.053417852458103016,0.9729587285216371,-0.14076840565059015,1.446112052689281,-0.3031293731371163,1.3596002315706863,-0.08029923289938853,-1.1502790404258096,0.8731316995561524,0.2591434784177048,-0.11878121550441169,0.05145748265548575,-0.012211515884161748,0.15974694209260515,0.6346497829604488,0.5747805531944791,0.912513057660437,-0.2331268352580464,0.3192569809184838,-0.5714724466399179,-0.7258683183208271,-0.6317845953112698,-0.329829278264959,-0.16306580729251105,0.08832456199632487,-0.07013880973463353,0.23139003905077485,0.5181588044299904,1.2273735304370703,0.523302508666316,-0.1015618571669558,0.10339938498731185,1.6660837724564057,0.7285465913502146,0.11701337824630414,1.0727040304115008,-1.1842960811695555,-1.0855792107220696,-0.05736673134863052,-1.2351234533132922,-1.899518946447449,0.6352230542523863,0.5788984915444206,0.1823553641750659,-0.16734179125683654,0.40391339722977465,0.6042298033789467,-0.0732778960032909,-0.8921475061444589,-0.21517225534179496,0.3514031714206082,-0.45697258720726325,-0.3184498034355997,0.733771819620045,1.1029241637943468,1.3317805066200779,-1.21811490745608,0.039085565899258,0.25673094620813725,1.3230916370639814,1.3797965232639873,0.033229665716460535,-0.3324766297170865,-0.6713704216783272,-1.1809524430355596,0.01152524221393214,-1.4438229012810209,-2.4589060670183636,-0.7066633690941064,-1.8123757726066474,-2.219182483800998,0.9582389718186282,1.7811840281971834,-0.8485646900359421
3513,-0.9878991095197139,-1.0759593902492752,-0.9049893093143383,-0.8772000482321614,-0.8460748860218358,-0.7592204937237047,-0.9662757632244883,-0.7347492381701253,-1.470282544345096,2.151177570433912,1.623695077872712,0.6234321268894362,0.47789672999187055,0.6313481762578508,-0.1755747917750533,0.5957389861493781,0.6845424262383013,0.31068391915861593,0.8456821827525679,-0.17557479177505197,-0.23151049107394467,0.2548754118020472,0.9857501049176095,0.07549674600884221,1.3989680462741463,-0.23151049107394667,0.5117120552698322,0.010575899082057479,0.8974012982448695,0.2839106673992362,-0.6018895791724227,0.3341638728810601,0.29038525056781733,0.23765935716062667,0.2861093719775688,0.7882190433599396,0.7478783405029851,1.106455984328346,-0.07605754226783686,0.48792257417606416,-0.7233057869005992,-0.9027485969735065,-0.7847346558664245,-0.5276687085774395,-0.3976183045413947,-0.1697977404573873,-0.31130330891942637,-0.023642017003950484,0.25445959427703885,0.28191470897427884,-0.3374781812673172,-0.0024923062289693345,0.2263216442186803,1.077227544279614,0.27999885947315206,0.1347763275805399,0.20760273428666517,-1.1166229475992795,-1.0597798777830423,0.07219408568591547,-1.2041954850182823,-1.820641998643203,0.7828974745637157,0.6937720759361737,0.21387045362429358,-0.050612815703329775,-0.6208572518608793,-0.20508018048306365,-0.45416593262025057,-1.0578814388454003,-0.7115949650147001,-0.03912814192606542,0.6619510721895681,-0.1602535403267832,0.32491184403680096,0.8983548632955206,0.8950589765104916,-0.9198639027797147,-0.0029773605891500977,-0.33770740061785887,1.4134386741810325,1.4684076681258629,-0.09192080828982414,-0.4349081950935141,-0.8080014880105333,-0.8537777182291235,-0.08073528164717857,-1.3909789228929714,-2.3786549095587564,-0.37640434870893363,-1.7256033481071162,-2.1666763302584338,0.9191508636375509,1.748244580909001,-1.1151764035516656
3514,-0.8568547103796721,-1.054677507842632,-1.0315838234320547,-1.1542166435422199,-0.637175048692429,-0.7199169443483576,-0.6608658507750275,-0.5078315391046172,-1.4074873843488322,2.1401751487539826,1.5754722184272294,0.008352874944291112,-0.17170187413149302,0.06053448281056162,-0.40978702315759846,-0.38675315109249986,0.530743147224695,-0.49602074182147327,0.7619315121932156,-0.4097870231575968,-0.40852901431725286,-0.4394558253923901,0.8530547103241468,-0.5830987560676538,1.3209315917296183,-0.40852901431725497,-0.36046393000794646,0.05523190130159085,0.39448188283911717,-1.0552152394103884,0.07494659561226358,-0.17911578095307593,-0.37462007963224236,-0.3123148836429445,-0.33797817170545014,0.21663168618033585,0.2704336129680376,0.6325502405800211,-0.4571362651186949,0.030867646229348445,-0.7929560766127677,-0.8898649514380355,-0.8203445952141549,-0.5587897570726127,-0.43021977014652474,-0.21924581023288284,-0.35841478442843155,-0.06700373167398549,0.2162313187663871,-0.7564392695906539,-0.9041628411378818,0.18400630223992961,-0.7528518627048855,0.9485550369856431,0.10401008082192925,-0.35364086982489945,-0.7663672236537455,-1.0126637880407148,-1.0490931041638674,0.21772213254821027,-1.1752522065038216,-1.748518305315448,0.07948008816051176,0.22593947213952273,0.24759327463488123,-0.34455854418115955,-0.536258018651258,-0.5446501888786671,-0.662883532674521,-1.1366113809034886,-0.3648526771821181,-0.12370126261400233,0.5080734096318823,0.24014513573334648,0.22782863278765728,0.7821325105068093,0.7412988304812738,-0.9094092070463543,-0.3268474286463071,-0.40996209411008344,1.3183808768402239,1.410326631132014,0.20327250736547117,-0.7684273323435918,-1.0931661572763063,-0.7208386643384348,-0.24586819472861102,-1.3624396661558362,-2.3001172356820883,-0.18313500841389185,-1.6128240883933238,-2.1227168935855394,0.8748414312117245,1.7262175943439009,-1.3800793750025278
3515,-1.2422842251514123,-1.4733110775489704,-1.4681358106465203,-1.5317518141229218,-0.6008058329883235,-0.6392455796573774,-0.7186829837207498,-0.638223610764409,-1.4675323393473427,1.9853831610611434,2.0161794140404874,-0.7654498849492574,-0.9438690239927595,-0.6874131079060775,-1.0321373053301026,-1.0185489302170638,0.11854631148397288,-1.2709257063889068,0.555209310068586,-1.032137305330097,-0.8678504138517542,-1.0946555046859265,0.5504925451383873,-1.3560050632241518,1.180665820906675,-0.8678504138517633,-1.2749394415853497,-1.5155540910013616,-1.1854058311999294,-1.1552596109682647,0.2503063132744433,-1.0939480094930756,-1.1716674675124776,-1.075232659038064,-1.151150260872004,-0.5618087071189979,-0.4154447143176626,-0.09493037476502,-0.9976367547477786,-0.6227321731768225,-0.004222939203478497,-0.1926795507320299,-0.4497849632897862,-0.1389436215446893,0.07422444623829608,0.31247921307206855,0.17061906366586532,0.4790358786989615,0.8463708178016004,-1.099991643111558,-0.8678964594637705,-0.7156175538330868,-1.2518309702986317,-0.08328407114704417,0.0639057564134671,-1.1555750408662049,-0.9470934788758204,-1.1696770959370721,-0.9837862309350331,0.42850594857899327,-1.162334919318636,-1.759770047710877,-0.9164899924853961,-0.3338526075415149,0.3898536777829116,-0.38602649047435855,0.3879654233254678,-0.8299355247571176,0.5243941580700039,-1.0711367805190952,-0.16302712406561803,0.2781594134898349,-0.49478382349938654,1.0333319996278654,-1.4409150678307512,1.9122230677518353,0.5028178604923084,-1.2796596975229493,-0.3007049623406127,-0.17338318489293442,1.371602478881391,1.4725861847165338,0.24548826022525175,-0.9957182256091215,-1.396576909852598,-0.599690815824492,-0.3626593374294808,-1.3900585930469056,-2.243303090904171,-0.008180298859655762,-1.5191184309684846,-2.07053639099885,0.8068661201902941,1.6786897449098912,-1.6711302840043694
3516,-1.5170332086658382,-1.7406009880192934,-1.924897280143111,-2.0229201401466055,-0.6189512016733196,-0.6062519733912568,-0.6900060839904081,-0.5295199412768686,-1.6954088510141283,1.9346432539030798,1.994802224702727,-1.6008086154733634,-1.69757656336198,-1.556810349324051,-1.8709016734649493,-1.471150333495301,-0.573851124295461,-2.0182172615238363,0.161960956006975,-1.8709016734649413,-1.5942547549906525,-1.7349213267118302,0.0367164570787293,-2.1678512793765297,0.9467057876002953,-1.594254754990671,-1.4590484127259218,-1.076647444433036,-0.9332368774554134,-2.026198450919359,1.376114936848172,-2.305083877065586,-2.0714831536032543,-2.0711412464109102,-2.10809803989717,-1.5774192250208372,-1.3083239504169888,-1.0573429863605586,-1.703884677091858,-1.490224204983898,0.5266450642449364,0.04167035550651392,-0.3088724576652695,-0.04572244634799409,0.17599908776207454,0.45071393587904646,0.30049170514707474,0.6217591208054281,1.0271585815935709,-1.5288676275736541,-1.1199198004417048,-1.65323681541639,-1.5895531286562925,-1.1566648771588193,-0.8880718859734801,-2.376700912877988,-1.5556961607121298,-1.505368273721578,-0.8605075478414449,0.6916437461560813,-1.3936799266925555,-2.294143707704023,-1.6801760010522746,-0.47196823865711096,0.9783569790823756,-0.18703466881219888,0.4937229634715657,0.2697896312961843,1.3225411098364526,-0.1332006012019512,-0.10221525749995647,1.0326841187432778,-0.5690931192693819,0.034712939438690006,-1.3184696760965584,1.5156183781888046,0.30409984368563725,-1.182742591013722,-0.014663866663600984,0.17114737203390598,1.6180040496563497,1.7029001202920173,0.06375166166669348,-1.1624125781536876,-1.6852856711060087,-0.43748720594712515,-0.6806155800420238,-1.3820847166099335,-2.201025792122716,0.05031464621853129,-1.4301064925689495,-2.012243844124988,0.7185258400031184,1.627546506649105,-1.8624243128837499
3517,-1.9776936690497617,-2.094357123521069,-2.0393438557740353,-2.1166736947250695,-0.48475938347667763,-0.5433771229752836,-0.5842654814037623,-0.5412160205250365,-1.5402078208332817,1.6324189227256376,1.7799486561993343,-1.8032764888412665,-1.8578300319693823,-1.7811560342531514,-2.116507671028125,-0.5531848463709168,-1.1183730083837207,-1.5672501388091367,-0.3095087795325519,-2.116507671028115,-2.0777823613479383,-1.2426460938466701,-0.4508500948100991,-1.9590012366438738,0.6477451694195367,-2.077782361347963,-0.5110443024657729,-1.512835280973971,-1.6195792014268735,-0.897587388233181,0.16927976569646166,-1.9910303914674201,-2.150373735176074,-2.12719332002275,-2.236123985748242,-1.8330164119292423,-1.5253414112562873,-1.3090178789656215,-1.8573189728531485,-1.701370601650905,-0.2642391211524284,-0.46262675703578776,-0.5378785346231879,-0.5267702510190536,-0.38109012133725334,-0.15923459453924996,-0.2742482564323193,0.010923927432861458,0.3484006065407024,-0.4717934428103573,-2.0327801569940447,-1.2970167582740013,-1.571872447648045,-1.4450886385924304,-1.0267505865483018,-2.6917052710846128,-0.13857884557723948,-1.8845757595201111,-0.7426733773972397,0.9530309415781474,-1.4532294332681535,-2.459478776677446,-1.8612593526371601,-0.39881283376124094,1.329475105201429,0.42542927403713693,0.9708287883677448,1.8842698240987859,1.8710830096645752,1.0873837678064242,0.8095420129703942,2.22098184792267,-0.967197349921943,-1.2969088840279313,-0.5222193988519768,0.5712932426547918,0.09860659930203074,-1.2964090964795494,0.3247219103087254,-0.5055125909507219,1.5357742444552902,1.548286541443915,-0.4630152912283912,-1.1850685872543565,-1.7722023746183289,-0.4344462964449257,-0.9250190488102051,-1.363987293893326,-2.1457356316702967,0.028517327065927862,-1.3539667432070377,-1.948351406203484,0.640914042321837,1.5782596811509888,-1.8935155115950029
3518,-2.1699920810540725,-2.144179435856214,-1.9798338710428736,-1.845406737113482,-0.5571978933397403,-0.438378442005974,-0.5695025583567529,-0.37706480457201236,-0.7973145918101272,1.0318121487814382,1.7458409629015361,-1.1669454119610458,-1.1535545947012489,-1.2068318514166445,-1.566433287769066,1.0243093117567785,-1.1960897009166118,-0.2778621064162847,-0.6601283825790323,-1.566433287769061,-1.9843226952289879,0.08642244426069168,-0.6790606253709357,-0.9471892955613946,0.3558268689170459,-1.9843226952290083,0.08228164851358949,-0.3329830452075082,-0.848117874337903,1.0424828215145947,-0.41087806551751116,-0.5105802372944102,-1.2843147744577776,-1.3416690773011961,-1.5779871348914898,-1.259935869199017,-1.0146271574227486,-0.8025463908215783,-1.4591208036117385,-1.2511412986515724,-0.6136216817642188,-0.6775920234397863,-0.7030940412181201,-0.7477693920415966,-0.6368781876816219,-0.4461555464498515,-0.5408603561767104,-0.28518175145415764,0.010160890798395078,0.8667145750069366,-1.7187896109125411,-1.6522263775765562,-1.2465197077128072,-1.0876804623465182,-1.4437671799173726,-2.415616679632965,1.5859874649658467,-2.084987130064202,-0.6959153761592269,1.1876848298585194,-1.4201877561934309,-2.4507048239804474,-1.2629211754696597,0.18874310906464428,1.5716114307092353,0.20249620607543353,2.672523717613385,1.6570978625553028,1.9201837939867628,1.5041094981089052,1.034919210448269,2.6713366863841954,-2.8367610721291903,0.255141007976844,-0.9521493385541054,0.13594001006427822,-0.5313859625516573,-1.446725204660414,-0.2468391424340899,-1.70476902996038,0.7940324851471996,0.7950127304888503,-0.27486623577562413,-1.0780305188649915,-1.8323985343273461,-0.3853734710823118,-1.1244136266355957,-1.313676498413651,-2.1114865457128076,-0.01838959718682374,-1.2862616251979386,-1.8861799473054923,0.5527740783673698,1.55800871942389,-1.9547640824952555
