,open,high,low,Close,vclose,vopen,vhigh,vlow,VIX,SPY,TNX,rsi14,rsi9,rsi24,MACD5355macddiff,MACD5355macddiffslope,MACD5355macd,MACD5355macdslope,MACD5355macdsig,MACD5355macdsigslope,MACD12269macddiff,MACD12269macddiffslope,MACD12269macd,MACD12269macdslope,MACD12269macdsig,MACD12269macdsigslope,lowTail,highTail,openTail,IntradayBar,IntradayRange,CloseOverSMA5,CloseOverSMA10,CloseOverSMA12,CloseOverSMA20,CloseOverSMA30,CloseOverSMA65,CloseOverSMA50,CloseOverSMA100,CloseOverSMA200,VolOverSMA5,VolOverSMA10,VolOverSMA12,VolOverSMA20,VolOverSMA30,VolOverSMA65,VolOverSMA50,VolOverSMA100,VolOverSMA200,Ret1day,Ret4day,Ret8day,Ret12day,Ret24day,Ret72day,Ret240day,RSC,bands_l,bands_u,ADX,cloudA,cloudB,closeVsIchA,closeVsIchB,IchAvIchB,CondVol_1,CondVol_4,CondVol_8,CondVol_12,CondVol_24,CondVol_72,CondVol_240,CV1vCV4,CV4vCV8,CV8vCV12,CV12vCV24,CV8vCV24,CV24vCV240,RSC_VIX,RSC_VIX_IV,RSC_VIX_real,RSC_VIX_IV_real,RSC_IV_gar,close_spy_corr22,close_tnx_corr22,vclose_VIX_corr22,garch_IV_corr22,close_spy_corr65,close_tnx_corr65,vclose_VIX_corr65,garch_IV_corr65,close_spy_corr252,close_tnx_corr252,vclose_VIX_corr252,garch_IV_corr252
3110,1.3729709886004309,1.183094658669802,1.4512118178796687,1.2803087228961894,-0.18047510742340467,-0.335503429141374,-0.5101044658751879,-0.2353428124870632,-1.4188917467170798,2.1711278782944126,-0.2607944965912623,1.7955789839011778,1.6276542323705472,1.9275635927121653,0.20282220803909187,-0.06516767565895096,1.720487818680575,0.09336055263368567,1.7670305105941513,0.20282220803909168,0.18678748224104158,-0.02975687457091979,1.7708976296721959,0.10211835557084557,1.8950136956434107,0.18678748224104252,0.35958459482095956,0.21155945065907947,0.7044455100432464,-0.3473146675292034,-1.3571491963953801,0.43937047745131397,0.6446582577227831,0.7685591390425879,0.9856745593374933,1.1885423339524601,1.9636979061972417,2.0663448102590554,1.7107307559559215,2.152423044413786,-0.04344298963767086,-0.8146206876550007,-0.857305711348826,-0.8007769352665121,-0.8174161035985676,-1.0109799554656043,-0.9419149144657118,-0.8766248214140892,-1.0270921186966957,0.12493163765231582,0.848407405316171,0.6272777669338607,1.0240867281030357,0.766056358111428,1.1037913804747632,2.193465418484564,0.18429419441770153,0.623300403250437,0.49388892995876127,1.1456215826780964,0.8849401971286319,-1.2770640721248085,0.9080131653300506,2.420100031333521,2.939528019340653,-0.7846741482941917,-0.7336196479084232,0.49244797884626984,0.014618554588398195,-0.15954542199833946,-1.2906690463349992,-2.2905003899828147,0.6579150854065642,-1.2445909087133877,0.49221465779342094,0.24831047449114002,0.583280595464244,1.6276415566502935,-0.77487104695903,-0.1653257250819216,1.3679004359691456,1.4274911881669365,0.7456705628491505,0.8879561535972031,-1.1835628679628005,-1.2263962749626904,-0.7775079245741632,1.10890492866169,-0.9998458311449534,1.1707622268671234,-0.9959335287893266,-0.3086818155624603,0.30502101805631193,-2.4219859993859894,-1.665293286717471
3111,1.2516882869851644,1.1502861580287491,1.3040319140875116,1.124982354421664,-0.16320710749162104,-0.1184209757890702,-0.40772003689093367,0.09871301245267837,-1.4141741731955657,2.094207964060555,-0.22325998317720916,1.388610791516532,1.064099403480089,1.6298006948419432,-0.14561905644285772,-0.7484905079902248,1.6144513946547734,-0.5576122401149767,1.7390811517664335,-0.14561905644285628,0.01891285843841894,-0.6468608958335321,1.7057540854921756,-0.4310056877408555,1.8839983199154466,0.018912858438419958,-0.45012430385087515,-0.12005288348438896,-0.3570474448927487,-0.4807136806191062,-0.8258175733438264,-0.10208434448870995,0.27761722474461503,0.3075870474974862,0.705985983997064,0.9115154261666696,1.7694774582625346,1.8280427925986034,1.5352822043774563,1.9648182586688072,-0.8753760962126345,-1.0346085245585794,-1.2525767840733582,-1.1624421642532814,-1.1120846821793318,-1.2818322515021365,-1.189409299230207,-1.161632801360404,-1.272330178163517,-0.5198233832877317,0.13290196827279604,0.21047268688662632,1.02902463934199,0.5829903776661435,0.9807178322879749,2.1438383761087567,-0.31734285588903755,0.6795691566887023,0.5527774687626015,1.177250903979408,0.9504644755103895,-1.2665770287571163,0.5424475417106032,2.2194282672205183,2.9748114202945115,-0.9131921783387545,-0.3450534088790642,-0.38238525284155866,-0.02515853415229527,-0.5047279589207327,-1.0052865093263186,-2.2519179355164387,0.20630050073267386,0.18259493862468953,-0.36387503539696425,0.7020935591314166,0.32138640684547326,1.3940600832702201,-0.8817946479048452,-0.08014248890999516,1.3525230030439102,1.4228106836736372,0.8739220766495004,0.8820159345893147,-1.1701374278602286,-1.314595733823982,-0.6651865227720927,1.1648554593766511,-1.0234763471590091,1.15520708672995,-0.928204646385132,-0.2573690325928304,0.30039696274614963,-2.4690409402116846,-1.6928273986025946
3112,1.0127698633627777,1.2690480159162498,1.1276077975745955,1.4165800577141807,0.74254881407144,0.22669340931559534,0.3713431451475323,0.42015988747732813,-1.1697741530419974,1.9652997779208212,-0.035843019064059366,1.7445512909868246,1.5292881168816348,1.9292959869381727,0.059337127499512386,0.4320179690197858,1.6605611587333997,0.3056038991114582,1.736482642353916,0.05933712749951474,0.07290831840099024,0.2011357312310392,1.720201118376496,0.18545483450198733,1.8778959052667268,0.07290831840099207,-0.5477082876465017,0.421178993482527,-0.7105366512748312,1.5208601853387733,0.5768262412514745,0.5624591309796294,0.7493218293242598,0.752458056443825,1.0499533929509377,1.1654875754199987,2.0226842219046626,2.0616083003112413,1.8119944880372916,2.2263546445571305,1.9619615862108675,1.2376364317103237,0.4133299663423093,0.18864436360952322,0.05538875369913921,-0.37035398034604344,-0.2922329903332499,-0.21916937581696483,-0.45337578993873145,0.9537269800573304,0.5852451884569815,0.7422987413379007,1.4226393988096928,0.8043857292640644,1.1930953225463916,1.8038502863496773,1.5948386108670087,0.6776151074163961,0.6783352884544994,1.115917266104054,1.0082871693929578,-1.1948733403875225,0.9758484786689879,2.450736114024209,2.9144854600907513,-0.9639603694919724,-0.7725400769130142,-0.8977212209997885,-0.013208948682134788,-0.7951761470077302,-1.1037458549521582,-2.2035695458653795,0.6670983158524195,0.4626818884880629,-0.9162697707667378,1.1367258547810828,0.27415946440196237,1.1864076744338976,-1.159130694735561,-0.5509397639721018,1.1013223051791452,1.186682292889611,1.044598486463645,0.8634154452162266,-1.1232010433847412,-0.8830304538068106,-0.8276379807359059,1.2189705041036472,-1.0508112897610367,1.1055861032247605,-0.9220334973070348,-0.2016816488518259,0.30327730511196943,-2.6067282394077385,-1.7443928935738284
3113,1.483459470951932,1.2945225686388793,1.2160921651745396,1.0781166498160493,0.936493028248672,0.7504518313966135,0.7636668668551418,1.0811787044040906,-0.8973587555066468,1.789403309943278,-0.12817299663149723,0.9591072502461587,0.5268576238268439,1.3298240875298402,-0.4373514506324615,-1.0700776672568808,1.4891958796964615,-0.9469366956420635,1.674372951907581,-0.43735145063246084,-0.18356360072098873,-0.9853317650358827,1.611158179878738,-0.7914144619115514,1.848576129654223,-0.18356360072098757,0.24667791829757987,0.08144470755654054,1.3828365422433542,-1.4962500294753895,0.27003834870655147,-0.4697400461097799,-0.04188758712820554,0.079718643336143,0.5015405219001571,0.6710061591868541,1.6480551000067647,1.6398175699887294,1.4481263989067223,1.8594966172259495,0.9760272033162279,0.7533256177609614,0.5666958586481301,-0.01830268045467087,-0.10739578912999705,-0.49780089275654715,-0.41567080703272485,-0.35946063077297985,-0.5713671111119857,-1.1254172424249715,-0.07399814054486763,0.4245393213766261,0.765904991659548,0.6225532336213381,0.9024883761313772,1.5333005752430298,-0.6223131426363743,0.7023505067381802,0.730148457499699,1.0662044760970701,1.0518813889270613,-1.1686034482997365,0.31603059684831475,2.0447126620899834,2.8943873841346215,-0.8939758791370126,-0.6611030091642821,-0.4601813862516057,0.6239240828366661,-0.4953641911813186,-0.8531553809439635,-1.9037176027243388,0.5578859949496615,0.008309556299756478,-1.3146856854869842,1.454941448085298,0.2512871104131105,1.146949906931088,-1.101528531579024,-0.49398249166149333,0.8318228586776395,0.914336299304251,1.0004303729469561,0.8720280552711127,-1.1938616878251929,-0.1119003584937148,-0.8611971598160474,1.257029726518226,-1.0719439827220352,1.0716213685398153,-0.9133916783893309,-0.14554417120600915,0.30182869656568284,-2.712272008160691,-1.7845729385956879
3114,1.0555287647447489,1.1010845722372753,1.2270470281042771,1.2354255154170108,1.0414207585873105,0.9744144431772578,0.7116447409704755,1.1243588535606002,-0.8620864175139306,1.708625996852745,0.06819432246327596,1.1624857977950194,0.8033061399009261,1.490961180017226,-0.44996517738808933,-0.03156613705854778,1.4292234066941703,-0.31634678424836005,1.6119886199731408,-0.4499651773880863,-0.27093018204617236,-0.33886267888108484,1.552438882083919,-0.40717471105856584,1.8120678448661158,-0.2709301820461694,0.010894411717575533,-0.6990819907156792,-1.2480515867872426,0.6653991623532491,-0.6931594241477096,0.015130470757945887,0.21731121230054792,0.29827523806597334,0.6363952067977137,0.7756236296923853,1.7604571673682765,1.7311555069692344,1.586030413964732,1.9854628553279778,0.8583118708992421,0.8326461026226161,0.8879108531609519,0.1641734262033961,0.03188724195210045,-0.3535873716680194,-0.2829956540004677,-0.2479945871108123,-0.469989533119757,0.5024039503080537,-0.02456266237353697,0.3310468128941643,1.0382791484044382,0.9388855652563229,1.3994702078880454,1.9725485671859955,0.8960398270404173,0.7239790448915951,0.8010255725453109,1.0198068195890349,1.0895642107285581,-1.1592813702536375,0.5364141421112211,2.1854755691811842,2.887671702245828,-0.7188832381868789,-0.8665358046385238,-0.7709309502296965,-0.24222245255891556,-0.7323290219816386,-1.141410827212502,-1.624347172956992,0.8181446582820834,0.22336236661891407,-0.480965850458175,0.7698770947333435,0.2992479237755047,0.7853934058844131,-0.7199892744669607,0.4833549359078461,0.8105385643167193,0.8798095735689598,0.8407767183553152,0.8039441049622692,-1.1632576129126668,0.2762743940300916,-0.790385880506546,1.2985064478359638,-1.090652344850157,1.027479767435518,-0.9103116608752733,-0.08825040665958984,0.3050698213027453,-2.827847160807848,-1.8533351487190264
3115,1.1070094454149964,1.0857047290752928,1.1433626460409883,1.0351939625573507,1.0414962291692447,1.0706868669123655,0.8048275748510131,1.1869789562944366,-1.103406295598376,1.7336882689371949,0.18578019355094236,0.7385188725935721,0.2897189697089084,1.153419624724551,-0.7622987784136402,-0.6762924545361327,1.2666536703875213,-0.9182630353946132,1.5136378280840912,-0.7622987784136391,-0.4978922304930926,-0.8731631663063638,1.4306878846971618,-0.9181174613488285,1.7560850610661431,-0.4978922304930905,-0.27096241075172284,-0.06720434328407722,0.13222111385461802,-0.2659154860706728,-0.3773068979281257,-0.4547608945719297,-0.2639128307007199,-0.13578924980720158,0.288042894665314,0.4905600027637844,1.5267941479411329,1.4478054580303836,1.3693520400388943,1.7657848336449729,0.1731102371683321,0.5601738107989045,0.45592091220127434,-0.087062839499882,-0.09289816497912462,-0.4895624219489431,-0.39263556181751647,-0.41024023206129934,-0.6086589135734298,-0.6735064549400405,-0.3926772153031171,0.3334194860175296,0.26751191817448466,0.6733063257706225,1.1236617781505016,1.3893136930963388,-0.843749047881582,0.7704975103957038,0.8325695430729239,0.9302110258145064,1.103582870022696,-1.1500578788125149,0.1696200762304809,1.950853247656424,2.8488769838230876,-0.8073405249274647,-0.9545642089971325,-0.9017469049869707,-0.0006054388526734264,-0.25831428746389495,-0.5612655642266284,-1.955013580814134,0.8988816427455435,0.3125759521594354,-0.9413057666020702,0.3718278725974567,-0.3981649012335647,1.335159471907648,-0.5791425227335347,1.4574566037071015,1.0465148611333623,1.122464668365297,0.9245200723388344,0.7888284293568809,-1.1458713283097368,0.41812562384138735,-0.8153828850658914,1.337589037546946,-1.114436521788353,0.9937280459448252,-0.9231289953919963,-0.03772739140157063,0.3169424513036845,-3.0046399852433265,-1.9248749993447125
3116,0.9402311794313483,1.2653610768226988,1.0794881921342807,1.4298934829924232,0.8517992194717723,0.7232494874984097,0.8457496888977941,1.0626623089845642,-1.1815620671535347,2.0001711249783933,0.08907615339939731,1.2514763771898219,0.9611104773053434,1.5700533532895733,-0.30784696172471504,0.9694746979735479,1.3310404499788187,0.3938849846681482,1.4707827555079889,-0.30784696172471226,-0.38132140225898925,0.44239697234964875,1.4320238127399616,0.0522197276851159,1.7117416910105623,-0.3813214022589897,-0.21996646842924414,0.6337505987001211,-0.5030212316778534,1.8431526456063845,0.7846756452159529,0.5775787663066871,0.46844081062158827,0.5272310200075284,0.7422406696022223,0.902960743125158,1.8707067757084745,1.7550377352842648,1.7403783015872996,2.1186427771922807,1.005772594144931,1.7320700629549093,1.5965772878580793,0.9370839981921405,0.8782966472767773,0.2702996915520212,0.43405947941420964,0.32003679541494046,0.03773323843626828,1.2904511730686548,0.44134350002908557,0.4293434499119054,0.42912089013338994,1.121377126391856,1.3674408279118018,2.806467760559098,0.48066057141026863,0.8449221445481717,0.8957061380908266,0.9093449573557307,1.1109921199149086,-1.140930611451196,0.8492114604232829,2.335225829535674,2.802907871305738,-0.822758432569719,-0.7081978939155249,-0.9205045660622728,-0.8536116994035217,-0.6161378564948387,-0.8473048012851182,-1.5083407220183482,0.6246654297188777,0.5505638348022466,0.18141769502602204,-0.1208150510283265,0.034234706328443665,0.7611963199058511,-0.7238251177472205,0.790605348834292,1.1240258330982902,1.1987248816446978,0.9129904872630555,0.7487061350334826,-1.0184830104694855,0.44075623418311355,-0.8336314659966018,1.3731178410824594,-1.1341152002790118,0.9578848415461075,-0.9311876142312371,0.029165391270738656,0.3385397774054729,-3.1296449839056835,-1.9799828792364909
3117,1.3952518860279015,1.80772869965827,0.9273728427004853,1.0819449277895195,0.7087393527220669,0.8316168815083664,0.6582709820993272,0.9991228155411884,-1.276058526175191,1.9560567627833194,0.12635613855427094,0.5977902352093258,0.19708875161211972,1.0308973273009574,-0.6440545304153089,-0.734222343308448,1.1785915367603814,-0.8769359505065262,1.388982551658789,-0.6440545304153057,-0.5748232610220064,-0.7496719951602668,1.3172130590507187,-0.8844205223938393,1.6511872198291802,-0.5748232610220024,-0.48434107227671763,1.9457566011961294,1.3359937928600714,-1.1380696611821755,4.019779537937193,-0.28604772229968484,-0.26002123037116254,-0.18146067884686,0.16911731562288304,0.45986145542726514,1.499338175309591,1.3243110872277843,1.3778514100911328,1.7608668399686893,2.6815374416835636,3.5462006194202953,3.7352793193326925,2.875196634120367,2.712100452111214,1.9104591721771835,2.118638419827017,1.9392867254757202,1.4878386617711212,-1.1528510077435838,-0.5284153288469187,0.04059201294963295,0.2743563488491695,0.9418690936672673,1.0697358829901584,2.6215710878040643,-1.1317202844222445,0.92446958382768,0.902928375535153,1.0322256955161881,1.3761062625504978,-0.7743751554148477,-0.14079641385838707,1.664586985530736,2.661565785915266,-0.6185986914478846,-0.7772562374049502,-0.8368754608543142,-0.9262503131186216,0.06834003615236944,-0.5667790604880257,-2.6214315385417093,0.7401368894016691,0.3849983271603145,0.3670155584350928,-1.1941683115679969,-0.7550977717657041,2.0578169625254734,-0.5112270838964733,0.7722671102919032,1.23662845745514,1.291867930072463,0.6933276523490678,0.7545116212357527,-0.9591041686756517,0.4907413543239399,-0.7808722456002314,1.4099339821993515,-1.1528634813088106,0.9070586467304358,-0.902588636137226,0.07236626257335355,0.3496938759868111,-3.2594412913251904,-2.0344390723456267
3118,1.0758247511059857,0.9083819860075049,0.912066593709423,0.9715750798004475,0.5624920506717457,0.7268444135125536,0.3948190226739192,0.8855087641095744,-1.2886632586620617,2.051321309094635,0.14819494402754682,0.4080278693506323,-0.015680272162644945,0.8675863781008069,-0.9270022404706205,-0.6177941607803652,1.0087371295032996,-0.9954904028676663,1.275359565033537,-0.9270022404706193,-0.7850934138667014,-0.8153473188033387,1.181812152743857,-1.0676261451622049,1.5733461129252093,-0.785093413866699,-0.06340319093063601,-3.0672192117417696,-0.9252002631466504,-0.3815472106717802,-0.08318935038766176,-0.5651964375092151,-0.45864692935587603,-0.3797122759400723,-0.037666123727673424,0.29584445632007994,1.3656620336417016,1.1304408187353294,1.2556891610696803,1.637136459537668,-0.13294955141202675,0.6797425975445386,0.9015011350572864,0.6723805432282242,0.6585756102775183,0.21818888599154837,0.4134117021623346,0.2780483065706102,0.01815196295509854,-0.3798847809810891,-0.1825970247826583,-0.1826669273146305,0.23351885530233885,0.5674553985472907,0.9655936959456294,2.23826177701492,-0.8073872610420776,1.0450754711138701,0.8646318147336183,1.1394861281468394,1.3700617997962252,-0.767874003193349,-0.3236308636200048,1.540930195030628,2.6114849252029546,-0.47221554927670834,-0.5086976864364817,-0.9822284255109268,-1.0583645449174255,-0.1612988937421391,-0.8929932373336056,-2.6740205649558098,0.4724033415028186,0.802777612809376,0.39617252166160827,-1.0226082624645445,-0.5848197227673766,1.9615835111078301,-0.43939757262689816,0.38810063156960195,1.2613262860529866,1.302647924191216,0.530289453537127,0.6089618833036123,-0.9059098205939451,0.5868264839174652,-0.7394314963878318,1.4327386106829012,-1.1769201157696785,0.867919969940427,-0.8675204733828012,0.10710712811106991,0.3592474321824184,-3.322769599911639,-2.1538701060437093
3119,0.9362479433078021,0.7813530117025271,0.8932661371089496,0.8256658485503751,0.5490139624642053,0.5877648073321194,0.5409301747124287,0.8370653328146888,-1.3596968262753923,2.018493134017464,0.01896245949428586,0.15690750934358577,-0.29597830223873434,0.6520028838779841,-1.1939473974957813,-0.5857627793751953,0.8132761892893375,-1.1515555776311814,1.1318816594792256,-1.1939473974957784,-1.0182657673292805,-0.9040232849783824,1.0214511162330713,-1.2790649438863704,1.4764794579695053,-1.0182657673292772,-0.07784523648533274,-0.4599072974405201,-0.4159992475319569,-0.41132229329535064,-0.604106828250728,-0.770779749889083,-0.6783847296559977,-0.6248461780046172,-0.29538233093879157,0.08988259018910848,1.2021190644018627,0.9008145063239006,1.0983214223273283,1.4814241473464334,-0.8937893151800311,-0.1794327624188836,0.020663352505809442,0.006783693222651386,0.023041663647048308,-0.29898484957622673,-0.07959890592586764,-0.22502661151095957,-0.4296256118038599,-0.5056906489659169,-0.6434364326272303,-0.48250727790185816,-0.11240111968213763,0.5607774161815354,0.7885891131712939,1.0357500669077975,-0.4659184839332352,1.2127993034640319,0.76510743306187,1.227204871188294,1.3617952520706462,-0.7614002130817675,-0.5666388395338426,1.381960563944421,2.5607227917214908,-0.5851339309834241,-0.7437318175587325,-0.8517962554125287,-1.0923969668761209,-0.7219060021346069,-1.048209845760717,-2.3521919798188056,0.710477502887202,0.4367059916082331,0.5811410841536518,-0.25287686915825,0.21920134680784498,1.3627378995197104,-0.4962535507005507,0.6058479874615221,1.322961974047238,1.373602225222349,0.636584968837996,0.2698574188512405,-0.7149821321623335,0.4466576752055294,-0.7689884758291462,1.4513344259330765,-1.2051961397975557,0.8221468229009161,-0.8129426297944946,0.14258253360645762,0.3693505394271178,-3.414378601683832,-2.2730042379589697
3120,0.9185415391020457,0.7780812299383918,0.7675361952779451,0.5972851799660684,0.3981121954694709,0.6023494071857906,0.2021212505774837,0.7275073954373416,-1.0902364213400293,2.01374390974004,-0.04799606045687271,-0.2198770686590656,-0.7020626184836476,0.32163122235927055,-1.526647885269127,-0.7586667382530178,0.5634387363869613,-1.4820842524081392,0.9497350515630925,-1.526647885269125,-1.3075577818078605,-1.1478153946943748,0.8186272399496071,-1.6270530352165062,1.3554444300666344,-1.307557781807859,-0.42539636422286853,-0.025811251231061923,-0.06235477204352709,-1.2249205017572458,-0.015817973962999807,-1.235175446178479,-1.0212905494397149,-0.982416096223273,-0.6140133797727158,-0.19493019112210802,0.9625437657243179,0.6059793489944596,0.8585939888500459,1.2486790557207983,-1.1697155799258465,-0.5054042165540981,-0.3170144009117779,-0.19888546020868425,-0.20513530369619618,-0.4869151036571184,-0.23315540369280768,-0.4061353866717115,-0.591089404268695,-0.8140178891622539,-0.6966738741771056,-0.7860165446705785,-0.14221287232362517,-0.12253510576730775,0.6024818390242058,0.2146686039997865,-0.9319344174148521,1.2815959442527318,0.7236031933424244,1.2332961186500382,1.3215196732193835,-0.7549529389957842,-0.9119430849939391,1.1394705595508035,2.47220535314762,-0.6644184160827739,-0.36658700148437245,-0.4697699869838943,-0.978755508874927,-0.7829844556308316,-1.2188071927631265,-1.250983772752836,0.27884066200203084,0.28032623842945925,0.8369898195351916,-0.03004119571259138,0.6035736651929242,0.46894715297343637,-0.8880727680988961,-0.8704299615259427,1.0441135907747927,1.1007292571851677,0.6936400085467189,-0.33621714497012684,-0.4156784349508121,0.44957499900998527,-0.810106332326586,1.4623914486932654,-1.218947289771747,0.8010449549784573,-0.7551748365700708,0.19017455685041174,0.38810739039689995,-3.4234493409601745,-2.361693948391986
3121,0.5990474636584701,0.7943054706314133,0.7825285963448719,0.738473613027421,0.6807415245812228,0.3076905003868929,0.6060599638308258,0.6534481221283693,-0.8929858961279793,1.918268382047396,0.2221155685846338,0.005086203891718328,-0.3874828976258601,0.48813961581939164,-1.321851615160044,0.46738375203165883,0.461426666641011,-0.6194994919818864,0.793078615022608,-1.321851615160041,-1.3577847515442305,-0.22223864584838737,0.6894438426985044,-1.048994816915268,1.231194923631945,-1.3577847515442296,0.015734548530368223,0.03450926554851855,-0.9697028705027197,0.521426542222538,-0.01464183913126654,-0.3686512226371639,-0.6600977977161872,-0.650079990182077,-0.41068226073040875,-0.05020806391766595,1.0742252834293133,0.6717865582713594,0.9813527437538467,1.3659176522616157,-0.2741733923700879,0.12017199399844915,0.38679006514112246,0.740544375398484,0.4895808034323362,0.10299623575940343,0.4237104949226949,0.1748852828842077,-0.0714091715440675,0.4621220314602229,-1.0734095922765021,-0.46711119762844044,-0.2924295837450697,-0.179327741839644,0.8145162161895201,0.4737980070259042,0.8811695667519434,1.423195870333873,0.620269206279152,1.2402000067216208,1.320325313482444,-0.3490092714365261,-0.6789113642936835,0.9663147479962102,1.9888455155602374,-0.6485914104827523,-0.19577973611867894,0.022512539117969348,-0.9297509592595247,-0.9011406919133133,-1.2838331304351018,-0.37717008186698586,0.09440095319763839,-0.1996478689771389,1.292489135992365,0.19905946909263106,1.144952922835823,-0.28170820509858,-0.7955903756197963,-0.3791184950044933,0.8460930906821951,0.9051613869276038,0.7106965827891863,-1.2769703397284677,0.14351735009136252,0.3522912572070886,-0.8367409132954191,1.4697562346499569,-1.2267128797262374,0.7951397967697715,-0.683878524783552,0.24698999899539484,0.4263669959480095,-3.4518475886688433,-2.5000387505221977
3122,0.6565411956249708,0.7655775782399833,0.6766112617362062,0.5590878264512029,0.9585430798178528,0.7165337220929601,0.5904341147466318,1.0703479691970048,-0.5808929216704474,1.7876364499036248,0.311668589273664,-0.2933299979780036,-0.716232247305998,0.22746647215702945,-1.3605218320691792,-0.08133376019426511,0.3010791716648601,-0.9755187811423379,0.6331450396094422,-1.360521832069177,-1.4752752299643215,-0.4935068445252465,0.5288894947709262,-1.3109396834623281,1.0975594537426019,-1.4752752299643184,-0.37798641312750936,-0.12793303895042402,0.1478450942650252,-0.38344630902873705,0.3646872112688154,-0.6239085887816902,-0.8659338134604224,-0.8854692010287404,-0.6551506224569852,-0.2717917339694507,0.8733138460802696,0.43195125923621974,0.7963064987982598,1.1844476910208612,-0.9519662732706676,-0.9206925239982358,-0.7615619007957581,-0.38807173945910745,-0.47603862695266014,-0.7008309792992006,-0.48604271562175094,-0.6411805982618224,-0.7926826601208213,-0.6499793601812691,-0.8449471669388102,-0.9886055149802818,-0.45631275616727607,-0.19111826696668835,1.125344156453273,0.1613900079974589,-0.2491906490670423,1.3888791487855543,0.6462052700038566,1.1789867269893641,1.2878148655605224,-0.3371835858436258,-0.9523442141953495,0.7761159788269721,1.921344796997448,-0.7550994094987081,0.3492435338340522,-0.345703317005343,-0.7321567399626805,-0.8380125611817042,-1.2196423592709185,-0.47186976513637596,-0.5265115426047713,0.7459306035080201,0.6319012879213683,0.34230790008840584,0.7724773232404213,-0.168261998147964,-0.9916343588143816,-0.632755655444803,0.5228830029226478,0.5940940915301226,0.8452474437220497,-1.3935417947327267,-0.04064905413609155,0.28585121683800696,-0.934887170385564,1.4664870217188504,-1.229616268716669,0.7897098993855366,-0.5980787942136377,0.29720710379197135,0.47511103902009605,-3.417354696951972,-2.6455961819351552
3123,0.5041735583814279,0.6304437209211557,0.6026706529203738,0.7207740549261279,0.7310638280680927,0.8401573342475692,0.43349867281601806,0.9760653192955445,-0.7878726611811984,1.9431224017834146,0.39689116758235604,-0.026516731333080138,-0.34296829625825226,0.4232244790374251,-1.0088120361600081,0.7991172978052289,0.26909784869265085,-0.20113337789168212,0.5155801380100586,-1.0088120361600061,-1.3932991221878535,0.319770823626814,0.441211157070852,-0.7220384966899782,0.9721664229660392,-1.393299122187851,-0.27346369353905514,-0.5066245142745008,-0.4763535649812599,0.8111437272027956,0.07797473121463928,0.06596919369127856,-0.4623940998521524,-0.5256246634449012,-0.43919075846127154,-0.10795728405816911,0.9938652957725329,0.5307593840802479,0.9407169257422577,1.3211307631682094,0.7062970543170227,0.07903336930257672,0.16678347310686037,0.690189459691161,0.4712843477345586,0.13084683082902707,0.4224173422911691,0.1534322736675116,-0.07739476471111523,0.5274629953525354,-0.4454537939810026,-0.44731391786818514,-0.3968953789330507,-0.022234041876266784,1.235080351187118,0.2208497785814012,-0.026356005876421642,1.3613856155622355,0.6582240764099507,1.0757148718871758,1.3203038422001456,-0.20645677012971264,-0.734376290670429,0.832919282576096,1.8060292424704296,-0.7819947289391755,0.2256091936575787,0.3699118843338634,-0.469533663158693,-0.8165529323349758,-0.8566216997692095,-0.21735767610437345,-0.3938612041268761,-0.2768196867876135,1.0320340460608362,0.6271266775184432,1.3189873976564677,-0.3524570741656953,-0.5856440641860526,1.1442180436303109,0.7294403984288413,0.7997783949661983,0.8420827514029855,-1.5629989383221918,-0.1888490856414754,0.24199291280990415,-0.8917746362821914,1.4654826999340747,-1.2288896233485194,0.7309279385998056,-0.5819174820613265,0.3524002727396603,0.5242099900094283,-3.4031976394608017,-2.7350943702993358
3124,0.770362054086746,1.0088269545366362,0.8085562501077397,1.150437776443714,0.6346394341730827,0.7866937596476916,0.4031453805965952,0.9203911313850738,-1.048066104834442,2.164584466214478,0.3966374455310001,0.6117503481049218,0.48545669351419407,0.9185810154354119,-0.15744174689982443,1.8925813910062104,0.4438941338131644,1.048434969315729,0.49779582262825434,-0.1574417468998239,-1.0096946167434049,1.5479430064846191,0.4852398269659551,0.3553013007584956,0.8816912620198244,-1.0096946167434038,0.6241099406389635,1.3243671014953617,0.7692670032421017,1.4012338705026826,0.877879529671831,1.2444318074165515,0.446013183337885,0.3196951338894477,0.1333659583592859,0.3355905218600341,1.3558369556894114,0.8711450982750564,1.3357314881322786,1.6958699502580077,0.145968594738855,-0.2658992420651003,-0.16593474377417966,0.2781268453286151,0.17621215826203232,-0.12106450162601778,0.14068613868582547,-0.09810422981499062,-0.2961289202843395,1.422296828450089,0.44369131805202283,-0.1575746016805152,-0.13664003685814097,0.11623302978937568,1.4571803865232338,1.0131470790720682,0.7364725140657397,1.3810681186905436,0.6747788811417061,1.0950022048114414,1.3327295474811918,-0.11690214885280316,-0.028696869393086105,1.1756467395399626,1.714670517392134,-0.867003662709966,-0.22581665020632072,-0.2865027449880771,-0.5106589800536311,-1.017236336361941,-0.6764876676701012,-0.22875360644536114,0.08716232357705087,0.1753083974475386,0.3922367532344516,0.8716315335331922,1.0431356071286293,-0.47280838236918443,-0.6138787644023168,1.3230201077237844,0.9847902925057087,1.0602520906824253,0.9102797544484683,-1.5268907723367986,-0.07720174510993628,0.1738965988979097,-0.8556435972077877,1.464415476771301,-1.2297265398604433,0.6917961707490632,-0.5557633381241144,0.4219727879909386,0.5808319347846668,-3.3956964958999003,-2.823490285813021
3125,1.1541714102273464,1.163043777853006,1.1781268839386714,1.2385610345926288,0.7173290593901617,0.4926613562526832,0.49660161928176144,0.6626988744935519,-1.0752270998653388,2.1846086797546764,0.2667618960719245,0.7212882424698991,0.6204287244848333,1.0051638388963178,0.31457960545451424,1.0424608343327253,0.585194542977786,0.8445331068074304,0.5348500203169853,0.3145796054545144,-0.6825953254536804,1.3136715301107806,0.5373413524037252,0.42140041566866815,0.8207251282248287,-0.6825953254536782,1.133103052673962,0.5010120655223393,1.0888584329998572,0.3103387901536209,-0.17180465217479177,1.1055439274452694,0.5845421073098026,0.45740622339833026,0.21478804361506676,0.389426242507462,1.3971104236382437,0.8860492156728675,1.404982636365316,1.7529046484674045,-0.6924060869770423,-0.827049082790624,-0.7142628991056964,-0.30950750572228863,-0.36136925162204836,-0.5730546786462853,-0.3554697236566977,-0.5309599187962151,-0.6856465762723751,0.2622992913428068,0.955618214603003,0.15954281266025602,-0.1021206783025477,0.3380174791657475,1.4077723627979353,1.0811555239219932,0.19766413118374196,1.4124352541755945,0.6919562011686798,1.1483746050669308,1.3488907559985486,-0.11200008955195023,0.09005625715598387,1.2501969482580346,1.7194491209917657,-0.6020508368590888,-0.6204736704211025,-0.7290895710226118,-0.8223337214319738,-1.13618368692323,-0.3523024659114411,-0.9038816808336353,0.5707935125506665,0.42063382051080533,0.3488128140219663,0.6733686384620655,0.8379074459358001,-0.02394194256568924,-0.5517335373402589,0.5117803563641035,1.033631356916499,1.0882014244528386,0.6638211208741607,-1.3895828948348905,-0.006177656383232701,0.11974410536156298,-0.8681886799790773,1.4665158396124442,-1.2453652236981312,0.6375699805008894,-0.5234182218317383,0.4939565277454518,0.6466588668858915,-3.4184217290560652,-2.9092609954951425
3126,1.3673846874234707,1.168221744497784,1.339864999089715,1.2573684660712106,0.35223314043105397,0.5966926682810055,0.17497512983391347,0.6171113037834633,-1.2722708227151234,2.2197954996723954,0.37611130706457196,0.7363228286104243,0.6402568897885863,1.0146004125095227,0.46069384455916484,0.3194930749187509,0.669899437969926,0.5035140753940096,0.5888874083231039,0.4606938445591646,-0.45333351194958316,0.9166699355976969,0.5759087320462022,0.310323606099006,0.7803475356362346,-0.4533335119495815,0.4696058201057167,-0.0038887533572468055,0.5911757723767507,-0.3997901655994624,-0.8983188833877022,0.8292497907570047,0.6607371154754969,0.48755448737582485,0.22079125850889303,0.35717529358273464,1.3641025761612071,0.8322605500939865,1.4095278850856754,1.7458740259026269,-0.5416528559262345,-0.8171345054570258,-0.757308762584093,-0.3925135428090262,-0.4004048022493239,-0.6052476035273692,-0.4159317574871089,-0.5780929479588095,-0.7279785781584556,0.031131063656643386,0.7514111064079073,-0.2659809916711952,0.0490342684992389,0.10787750672934046,1.893100767947459,0.7985659437808218,-0.12182569523816919,1.418024558342297,0.7172870212849972,1.1970474212096662,1.2309018469717083,-0.10707373440544934,0.2947397941745315,1.257751106157309,1.5648235850375627,-0.7352153684817115,-0.24720576663397498,-0.9673033969113766,-0.9076731853594914,-1.081882079764304,-0.3781422398723841,-1.0778376948013488,0.13424454719568027,1.0654400164339533,0.2127027924617635,0.4904093934231884,0.5787950942317509,0.14757532505382717,-0.5253802970083127,0.9900989451419214,1.2210154974877403,1.282327877715387,0.7459782589080829,-1.203688532031032,0.10775535595854593,0.042748977214325856,-0.7411265981505869,1.4624667184770241,-1.2476586081264815,0.5569133901958642,-0.4474250225207196,0.5709334667649651,0.7160126624402074,-3.4295529165213807,-2.995811229940964
3127,1.1651017432175372,1.145106465731351,1.1608900985274744,0.957711084346389,0.6286191532702202,0.3982504224627501,0.19605741619339764,0.5523337332090313,-1.0727750747212554,2.209416164652575,0.45723885042119017,0.16404534000471094,-0.08423594669320159,0.5555393424474683,-0.0007555335869555401,-1.028991973408546,0.5677216392846722,-0.6246865500007085,0.589555721579188,-0.0007555335869543307,-0.5132309932928586,-0.24066698305161688,0.515345485477524,-0.5044887170325907,0.735054110995589,-0.5132309932928574,-0.5863604450026472,-0.10660326121671591,-0.6022523194029604,-0.7609098143152514,-0.1777658616034597,-0.37932990053297233,0.0606746067642799,-0.06736562729544926,-0.19394703840173544,-0.030879469693489373,1.0484167873758143,0.48213744963863087,1.1173301254941883,1.4564453908274442,-0.6955943627360084,-0.6485692892958164,-0.8312932098361357,-0.5026566402945026,-0.47496406274226904,-0.6629171492979312,-0.48778425037173945,-0.6454128474326453,-0.7858195149880615,-1.022211632850529,0.5722958892126123,-0.21528896065811737,-0.478349227640035,-0.12073221553902672,1.4966495685739785,0.269454324757702,-1.1716167286310306,1.4366473443379744,0.7159758691600874,1.1363688408097878,1.2341961671877533,-0.1013534964568127,-0.2365629804121477,0.9609576886244318,1.552985878511479,-0.8683214146121415,-0.36735416588740505,-0.7223669227468289,-1.0336432041303152,-1.1323714723828733,0.3189572423641893,-0.8624090507971587,0.2420017140949438,0.6362480968599653,0.6473072947388284,0.41280930547214983,0.8407779570876402,-0.05329368995597102,-1.0234401430915456,-0.4713517911282622,1.0093296968908352,1.084407187466807,0.9044287224926083,-1.6046206273855133,-0.11302765892471908,0.17733483238226375,-0.6516958790953996,1.4614802922292889,-1.2670787526048315,0.3894059801334562,-0.5319729881318683,0.64065047064542,0.7799320142653811,-3.430105036584176,-3.0511886619081023
3128,1.2308866566938885,1.0896573801572365,1.0112729954018733,0.8619835744824347,0.9998775526412974,0.6055152708951322,0.592018353932277,0.40220757978660093,-0.9647457756015869,2.284455795822726,0.3412581670519372,-0.01860968049968587,-0.3030792850169369,0.40309281616552,-0.37143695656468606,-0.8254862706393281,0.4447489187280815,-0.7508632582621488,0.5474899883816151,-0.3714369565646844,-0.6136559549111688,-0.4010570687740785,0.43372823688382756,-0.6791328627988874,0.6813357396031914,-0.6136559549111672,-0.5061539900935639,-0.2315801791797072,0.15438823067761612,-1.3408028142824264,0.2592982296628273,-0.7780360776041771,-0.1211717338084225,-0.1636147577568366,-0.3166981533122046,-0.17167427632037413,0.9206573495591103,0.32931211529529897,1.020191018373323,1.353912887624638,1.2504918524774733,0.7905519625180608,0.3467874309943731,0.6214057847001752,0.5963853242051433,0.3011206631655935,0.5105382760508961,0.24649941753207857,0.015639037145885396,-0.36077457129937784,0.15783876897828256,-0.20790774649027566,-0.2677640497305596,-0.26706833606939223,1.5132333559416102,0.5839984498501983,-0.7609770435424913,1.4118824173905844,0.7262098637864514,0.9983894449353643,1.2383624066730008,-0.09492767238324899,-0.4199351329089067,0.8577780148219656,1.5407239432123108,-0.7413582827559174,-0.5772521645819493,-0.7339868596343725,-0.42648208715547614,-0.910747439319761,-0.14349643032951817,-0.3699382339122819,0.497930968399895,0.4699626584452754,-0.19530731849538505,0.8251183062578386,0.5559542974312182,-0.29697366138655135,-0.8091263942033898,0.117678453087088,0.9108209914472017,0.9794437702655975,0.8257933369406796,-1.857295449232203,-0.2063829320404824,0.3339546932636551,-0.5932932329344269,1.4612338377455734,-1.2811035422923567,0.16337563794298596,-0.6276059424096853,0.7084044514088877,0.8382711510511456,-3.4387895757227263,-3.063520870723384
3129,1.7091383542290324,1.8569646440314918,1.5771486594846515,1.3808977235834403,0.4495650050361579,0.9429646326786444,0.48960060531294036,0.600769936413432,-1.0181703243733262,2.2420901278293317,0.403470378627955,0.7384106964346024,0.6694639571824962,0.991626048718181,0.19872869685465014,1.257729451443464,0.5953557487528218,0.896176531858137,0.5715132886955808,0.1987286968546499,-0.3211738290141467,1.163003174519352,0.5037649727855241,0.5652798853677858,0.6534574206255651,-0.3211738290141461,1.7306555263475403,2.603751946751365,1.3198616662045415,-1.1765800580390502,1.0954981546396514,0.6871427104036436,0.8242196109625153,0.7503754266123283,0.3760310866631966,0.3514937751533295,1.335024932190019,0.7339870036902769,1.4875251344682354,1.7873474622885572,3.913801946708703,3.5786596944676003,3.3618545734376646,3.279630923535185,3.2814231120787,2.9051529372804183,3.108071551982369,2.660326595901881,2.227998983075813,1.6715900101004881,0.27143046951881705,0.5264985558822318,0.0314531051060844,0.013176104815796537,1.9679772171710064,1.842980028099488,2.0256608979594106,1.4101850452442082,0.7622672838996822,1.0672060021706693,1.428801957068935,-0.08843836943774917,0.1690691979333967,1.3300491213692347,1.7446313233292694,-0.8350934295451468,-0.8603338669129663,-0.7306283831033127,-0.6360056749797582,-0.6843671728297281,-0.18388508698395403,-0.5647975259227389,0.793749426136893,0.21388163389202228,0.10272243276204697,0.23745867683385896,0.28044558543994386,-0.0008845257281985521,-0.7534473924649566,0.47162339425990674,0.9570399268625794,1.0276159095283377,0.850489110801655,-1.591402319354763,-0.06530243699537133,0.3843733676902401,-0.2546492667685252,1.4699716735155826,-1.2796921606174831,-0.028495706882650122,-0.6691413320292705,0.7789121774420779,0.9077082554892361,-3.37616456049332,-3.0264258653516123
3130,1.3816385744473552,1.2641514824246005,1.4214487548109391,1.4641509093286802,0.6531102867122803,0.42427653010123,0.421531762225538,0.7788896088303139,-0.900961541373794,2.359593980222041,0.23088717817545884,0.8431556458936404,0.7947232405665143,1.075598263129587,0.4969152091023425,0.6633093620490899,0.7173038725778601,0.7375302088245443,0.6297281084749059,0.4969152091023425,-0.08176846139827208,0.9625665259468508,0.5754587333025954,0.5850382388448763,0.6465594542166614,-0.08176846139827129,-0.48803387638146095,-1.9505194756201836,-0.9142930672729489,0.262246589822517,-0.8402545715388012,0.8317128604463987,0.8263531057533657,0.8392012827791289,0.4830270191394501,0.41812836856981617,1.3510813059617182,0.7543600263600465,1.5497877121047052,1.8381969985073197,-0.5554770218503702,-0.14973402668371377,-0.06036291688552154,-0.026197058800275706,0.15530841866337441,0.030809205429611762,0.13595085929301037,-0.04862880345351145,-0.23197285038112853,0.2578762596799312,0.2688907706344393,0.898442793915237,0.28687120071584576,0.04163364337881927,2.5248263980895493,1.6707617084593709,-0.23266296615011733,1.402800744049998,0.805215438659251,1.063314646207107,1.4323933793396517,0.005596364078328633,0.31037432937999654,1.3351920369139219,1.6414575193097036,-0.4162760564716121,-0.9391846047384439,-0.7538923771139231,-0.9617099884915322,-1.002379956813322,0.4873718964973412,-1.654100854259312,0.9604477214447127,0.17385926465414928,0.5381356270242006,0.31313067982514553,0.6689010984687994,0.6458508009433134,-0.5022504194128294,-0.09295784277504969,0.872971308452468,0.911850771346978,0.47448066328279437,-1.2466853235493067,0.035890983204801205,0.41857171636376345,0.03102053334409255,1.4602371964419385,-1.27111517282917,-0.07961617259804199,-0.6725371261199199,0.837482284274265,0.9542435220240201,-3.3157563012038493,-2.984364740746574
3131,2.3720039431884206,2.2756402616006723,2.0697529423696217,2.4478357352234412,-1.018566516849927,0.6031478564895004,0.1653120443556304,-0.8280323504039988,-0.987073223634689,2.3147202860593707,0.14803417754252907,1.823670634463406,1.8230963236473012,1.9694677317399696,1.8877292512873036,3.075419996993765,1.2375755651608489,3.122078538545018,0.8491360268179475,1.8877292512873023,0.7191674670133411,3.177152072391773,0.894671086238295,2.6016351222544425,0.7096454711428106,0.719167467013341,1.962182057610121,3.3707145059248123,2.764084543478358,0.2145917077128041,0.7209140729853906,3.1084228359529202,2.471738427160195,2.4012173347079893,1.7380835493331244,1.4617534691489469,2.142899597880102,1.5907618919919664,2.4188076152386895,2.658014220821412,1.3254611837375643,2.0034002676916516,2.0077204999682756,1.8998995237336889,2.390635640654776,2.221322774205369,2.2356441362336152,1.8440554636141138,1.527517643157608,3.1453018102769255,1.7310201071138254,1.8306049220819127,0.7731666690500737,0.8930273419443523,3.4772387926654407,2.692095106285717,3.680691433951808,1.2416056917657083,1.143096233570988,1.2231589684254724,1.6549086224056135,0.6660415108064142,1.6443069192087272,1.7631658182753485,1.2409364913214644,-0.5603525117257073,-0.9596553260747349,-0.2766351158913373,-1.0413742803204435,-1.0621048632843015,1.4156983828668535,-1.7052047065549119,0.9567937059971898,-0.49742249333064453,1.1668385574726363,0.3045632338793621,1.12848491478052,0.6528466720306867,-0.458716900094682,-0.16729426202272618,0.9480096400131305,0.9817224358284049,0.41430315231145515,-0.5620623607356473,0.33361299295461266,-0.2734313337201967,-0.008653640681640255,1.4541593072345493,-1.2472602742767733,-0.24376255541491637,-0.6971050720848813,0.9150327200747519,1.0161322374116786,-3.2026407571727376,-2.9267201823132587
3132,2.4870593218468824,2.550887288901959,2.1594076084781095,1.9826153363313561,-0.8808015017995191,-0.9610130781310312,-0.9856715245073475,-0.8299038257767949,-0.6454845806655539,1.9736440739420744,-0.08095157099709939,1.0817708667911163,0.9514852134107895,1.341434260039091,1.5354452989176217,-0.7765917571155648,1.3272639517087326,0.558933795226111,1.0267066845510244,1.5354452989176188,0.8576281598323265,0.5500473330724005,1.0086074932889963,0.9371182523592276,0.7846600434283415,0.8576281598323261,0.2748731052503525,0.9348594469030793,0.3495696808320246,-1.7780064566351377,1.5610314007504147,1.0865709720785635,1.2563526667207316,1.3460180688447432,1.0804723223605177,0.9061997294671441,1.6627903594358444,1.1130377322553502,1.9666405646281833,2.227940731502253,0.055653164485424886,0.899192493612223,1.009545469411235,1.075266516064047,1.5494314977944628,1.4728211361415715,1.5000316698663587,1.1730399779995704,0.9323821884412082,-1.401654616020253,1.5294308509200434,1.5424825185607987,0.7044601994762523,0.322752464835446,3.0151584563766356,2.4730546879403756,-0.31098050280616873,1.2060985571141059,1.2653448147129491,1.4031315460906764,1.8805144583565157,1.1216467493189686,0.530189794045168,1.0336257204294805,1.0628704618073492,1.0663301861662555,0.849893249860987,1.2425713829772542,-0.49720118909020933,-0.3146530400949658,3.0060260346807577,-2.5682919141957172,-0.7420248825018662,-0.9229102697692376,2.03735447788421,-0.13941205542463675,1.400322958733951,1.8212495723255158,0.7291068985864152,-1.7613745415120212,0.7349105736760145,0.6398479956377893,-1.122453767871577,-0.48224587516126094,0.2635517884399888,-1.2752382847293962,-0.8597535870965665,1.450659022968314,-1.2368708706963414,-0.412350355918857,-0.8287609706092821,0.9780273202802344,1.0546820211393941,-3.1000986549201768,-2.894026121769895
3133,1.9178239491441165,2.223818452895949,2.067314738183484,2.4281214517111374,-1.2200600242861965,-0.8589674878535041,-0.879775651506562,-0.9762916818661925,-0.7908763514819307,2.187640699584939,-0.33910746479927995,1.4659475021562591,1.353947985606499,1.7034109551400243,1.7645569587831693,0.5123655882252336,1.5693723034054454,1.4934082126101351,1.2293930537992994,1.7645569587831689,1.189326585136417,1.323558513567182,1.211252723912508,1.6719401668509617,0.8883981062295734,1.1893265851364172,-0.26246816444368637,-0.9874209874088845,-1.4934046616302323,1.7223304316272352,0.565996683819607,1.5031542191153084,1.824515382973892,1.9171280487430515,1.6097695141634714,1.3505946135300277,1.9754096708842297,1.46276388620069,2.336409965438575,2.580455642665204,-1.5199200300527065,-0.7518473730415132,-0.6217187003861144,-0.5022586690553825,-0.1834386562111472,-0.18691732298425473,-0.1452934286591853,-0.3014355840933494,-0.4432384627886236,1.4265620623847166,2.394515667072429,1.859545646439108,1.211616300707636,0.9368784184590032,3.6945954408257204,2.7878764398041684,0.7377751663868393,1.123173532379304,1.5181633918129955,1.5371305751474669,1.9246477471450611,1.2622826083479635,1.2323160180161992,1.3504536151202313,0.9855010078537264,1.1571888474196057,0.9586579865388425,0.9864052334320327,-0.5315127280520557,-0.9887641834655907,2.5489565692927028,-2.5381475194181053,-0.8460191388125243,-0.47487255350028484,1.7996533286184129,0.8139403090842507,2.0381333008515146,1.376997148916381,1.2479723620737888,-0.08264247041626725,0.8880048286938881,0.7825498407217352,-1.2490776583989895,-0.25356516122454265,-0.17945620809961288,-1.7950454645661038,-1.2436662469557462,1.4396978475148512,-1.223837318543565,-0.6921037119920603,-0.9686093717106854,1.049670875806306,1.0708621464606591,-2.9954281417989455,-2.873830428399544
3134,2.3098728433639666,2.4249035603397924,2.3519167706006954,2.5078570949695496,-1.248015653172088,-1.2132660230775807,-1.3737307144318591,-0.9747512272405272,-0.7940392972127109,2.3606301700149444,0.07291925749562449,1.535851830714483,1.4274723497809132,1.7668955490923015,1.6930680435421475,-0.15105152940050806,1.733710885801221,1.0464075880486345,1.4216705688542441,1.6930680435421441,1.377844451863779,0.7605690009976301,1.3812191628546406,1.420366887617981,1.0081561971260276,1.3778444518637785,0.8759585566778305,0.7045628755976846,1.1002638962242715,0.6429083881052753,0.1924926868437249,1.09197093036839,1.7351761104316665,1.7834069054380224,1.650092788394894,1.396875502338632,1.9640028415882231,1.4848407667348804,2.374265313709948,2.6184288281669645,-0.9780868574752558,-0.6388381045217993,-0.5493718895177939,-0.40921100030484703,-0.10139025672023538,-0.04792341347957276,-0.04538834879238133,-0.2070533001956504,-0.3516732315605187,0.2967330636783759,1.7276769023312761,1.4619915115309505,1.439640258746224,0.8836997991359057,3.8673630301982542,2.5863713370764336,-0.4160268387427659,1.0446227750355688,1.7424287988900853,1.6850028186929327,1.9201392182621257,1.2675958286239735,1.3996233442824375,1.4346536357173991,0.981005169520168,1.2192869682046295,2.233983891652004,1.4586637280614119,0.22492886866526243,-0.2333707023973184,3.5794382649906993,-2.7986249100898535,-2.2468917742031094,0.04924111890495678,1.2607280858354528,0.6171461944374684,1.4665920252816997,2.0761098203486097,1.189319411613954,-0.6133839929595364,0.8958235096404138,0.7854309183118997,-1.3109835590729784,0.09264207535446597,-0.0970236437715693,-1.915115455872862,-1.3475388363899696,1.42515840942525,-1.188469765182612,-0.9759726885299038,-1.1492846240614676,1.1220570476523082,1.1199362284879018,-2.9105675529343973,-2.8593085785786316
3135,2.365202205139574,2.5192633415802375,2.414404899518312,2.4419320551536425,-0.9738832669875123,-1.1093720500216802,-1.1150557038578528,-0.7999942495523066,-0.8462086337971361,2.266091912432704,0.3890446397531515,1.4489473779748103,1.3255682842999355,1.6889158152581174,1.2876860867233493,-0.9019886506509615,1.7769481715012783,0.3246734737736486,1.5645001561309162,1.2876860867233488,1.362162775349874,-0.05068771229474192,1.482249151315411,0.8716491408801121,1.12582740696589,1.3621627753498728,0.2170132854038174,0.36052314371970073,0.18391073787981377,0.22689110349806382,0.3368841682976002,0.3302586666788177,1.3813349431198245,1.4189322148141421,1.4779563052383775,1.2711843269821774,1.8349132717301682,1.3839882250556317,2.2785430110705565,2.531879195717655,-1.0907319277391558,-0.7873513936148504,-0.6470271883443497,-0.5338285159503271,-0.22541489798156866,-0.143910862224072,-0.1379018089241988,-0.31726112680416363,-0.45316295890699626,-0.16513132441115771,1.5186738129180744,1.3073509313408374,1.6183665416105637,1.0093990725750503,3.221498381481819,2.242160812626335,0.11285446090609279,1.0081549694015735,1.9430046093188609,1.8322478659256407,1.9382002591627814,1.3851962788759205,1.2799913307562387,1.309233837053632,0.898473435497686,0.9744985742140715,1.7055495835141792,0.9424784173995937,0.6722319527322923,-0.26544599552604553,4.018637455242183,-2.667776954950715,-1.7078443691500058,0.2792478720908588,0.08491168255227305,1.2044994111651701,1.0940860608475098,1.9662337216652699,0.9965501239881028,-0.28418254225306633,0.9281039659272275,0.8406569350468525,-1.0448338120324003,0.2577603635434295,0.12590728606367638,-2.0866894612642457,-1.380480205520588,1.4155593000661442,-1.1357252853736994,-1.179501513484893,-1.2612832266015837,1.191256065942798,1.2069376145061272,-2.814929788670096,-2.821625843403169
3136,2.4201161367723754,2.4362114019456276,2.5112546392104598,2.629160420693033,-1.1547064129566114,-0.8679380538187086,-1.1694586112784395,-0.8733855063007906,-1.035548795903881,2.276928156238267,0.20049685471320786,1.6142134376831028,1.508315600887779,1.8381274751663907,1.1469447726315465,-0.3148777281761634,1.861163373660943,0.5867491003147495,1.6886476412269318,1.1469447726315476,1.3894240244839333,0.12559491907825268,1.5981060156724867,1.0084414617938466,1.2450355344007398,1.3894240244839342,0.3112466120695752,-0.23095896999945026,0.1765306152918221,0.6927803076366902,-0.4640582615247323,0.7804188498709766,1.494287601391109,1.5475803672518693,1.663120343887416,1.4325182091048765,1.9213583056146344,1.5166482398353247,2.41017172844271,2.6541608987923286,-0.5141538882249579,-0.7568020132413597,-0.5812482762299616,-0.4616579814181282,-0.1874866699231562,-0.07842546514632823,-0.06252944724205135,-0.262470520439187,-0.4004918447942733,0.623639835685168,0.36118679690022715,1.5105651233450499,1.6589243498496793,0.8426646521850286,3.4252005336258535,2.4872222615301633,0.5884750935938804,0.9564093516872064,2.165650234414615,1.9648355718706,1.9332711859003162,1.76335099076605,1.6226046729890644,1.2385588468647266,0.5558815896412665,0.7394195889183471,1.2722941369106024,0.6387200633508254,1.0252355853928534,-0.06449487984382518,3.167255764067615,-2.3498721681016814,-1.2722727032233705,0.30048677558172376,-0.7356065080895925,1.3328610585883736,0.5971052007634952,1.8464664078117528,0.8900636043365806,0.14792730770438678,1.0987652844249938,1.029158393728779,-0.8423596029702607,0.48876572788660777,0.21022218001976553,-2.0885772376484457,-1.411058036763011,1.4013242825261143,-1.0834671899077315,-1.200030159906513,-1.3630286452175413,1.2605603156664464,1.2911014373866516,-2.7218487996666365,-2.7872632769732917
3137,2.5912601989350725,2.537667262327951,2.643989332135111,2.474527036961828,-1.284591942478549,-1.0950734252384413,-1.2343302724139675,-1.0520664350639282,-1.1012166634055156,2.3970722633411947,0.24505324478796572,1.3630511664678866,1.194112676285675,1.6305317700249589,0.6465123775297982,-1.1292072216626132,1.8109274493074015,-0.24203176664040593,1.753120148920363,0.6465123775297974,1.2058516854759793,-0.7297493029343451,1.629458364204682,0.322643717224971,1.347013653745275,1.205851685475981,0.4384367352453727,0.38415197539180773,0.507578916937284,-0.442596328501829,-0.6175991820152494,0.02849922155588388,0.9036756622212737,1.0997359821491766,1.3711209821542336,1.217163059094567,1.7192633112672515,1.3395487226896996,2.2401857222842105,2.4939527397386416,-0.8830145596918383,-1.2972629856104454,-1.1236045976439186,-0.9005290038445117,-0.7312410812760761,-0.6529484090380626,-0.6195945783109961,-0.7493528985881849,-0.8511580237350775,-0.4445966601099136,0.8155195219814322,1.7043304859180646,1.7061406821406822,1.0176804372782724,3.0552226361772137,2.8012958926006766,-1.0755432781343903,0.9537643027000928,2.3279112992277735,2.0987521979818284,2.071254196199049,1.933036716906177,1.1647163166473427,1.0013750441920624,0.5609510949799982,0.5717581907027934,0.06812349731585564,0.9138655467529636,1.1541455630180433,-0.3089483661277489,3.398987161124781,-2.5089014006287207,0.02965497881373163,-1.1949269389469905,-0.6186050972380296,1.8358213603664093,1.1239446590008817,1.8359132063427073,0.6223644136249348,-0.37934965786954894,1.1507391702357312,1.0938815704838318,-0.6983639492346818,0.6435549962934598,0.2920350827570225,-1.8009678740746595,-1.4093185538703048,1.39081996226905,-1.0347762840898156,-1.1195922778900784,-1.3900480978855823,1.3311015478787394,1.3577804363150696,-2.6312564881455067,-2.7503201090126783
3138,2.439673852611768,2.2535229477590732,2.4324856813661233,2.3829874238282485,-1.2831237495595653,-1.0733983628803119,-1.1983658196663487,-1.0653237417202988,-1.105274579694215,2.371980765505931,0.3894908495219862,1.2321140575642202,1.030719728060051,1.5205130123641297,0.15272922857661503,-1.118164343703635,1.7098580304047675,-0.5695239314374724,1.7601766836176738,0.1527292285766172,0.9443771991709816,-1.0544801444430032,1.6136605243299156,-0.0662686535090191,1.424818884878387,0.9443771991709827,-0.5857864344167235,-0.881035686641578,-0.36747504958971866,-0.23576148801602512,-0.9582442433642419,-0.21215902200926953,0.4480609829660315,0.7909928551344462,1.1715172090328163,1.0846374002005834,1.5859151079619451,1.224629113444,2.135186102303419,2.3935531151064677,-0.7757905405553559,-1.2721457881556186,-1.1429871710952706,-0.8975746912939918,-0.7633702812529273,-0.6736228069932444,-0.6461783514896852,-0.764984098025239,-0.8691610627033859,-0.24075294292446223,0.043242978594354886,1.7401058443408914,1.4839021223279851,1.0511030798367194,2.6297972704756334,2.502369446662242,-0.25565460036347715,0.9421853120471617,2.445046492120173,2.134154235727625,2.0608380056334186,1.9293979837913462,1.0444943172660928,0.936549058715879,0.5589154058060022,0.39436610535088645,-0.12177886795706165,1.2725410591155624,1.264651140097346,-0.05000144592920936,2.923512451878886,-2.7975634149943565,0.2074400412668338,-1.8561236230669105,-0.38388541226339334,1.5889213161705524,1.0895438636367367,2.241872096602666,0.39303298433025,-0.6310000379623255,1.1402781877038812,1.0979932339072027,-0.5295621584279817,0.7637631482294626,0.4536528213762933,-1.497214805180673,-1.3826524833487785,1.3809836578994257,-0.9829177071006698,-0.9919036826695536,-1.3626522181410583,1.3912027555875865,1.410873976063252,-2.5500361486108685,-2.712189422164487
3139,2.290206366523296,2.2727591966748486,2.305195950433187,2.11847295739975,-1.2843824610359535,-1.2901456643975366,-1.5056568400538146,-1.1513907922572693,-1.051699704642994,2.441061572731892,0.42720083199471154,0.7848935328785059,0.46880230680141455,1.1578150840784893,-0.5332704777988299,-1.5438937680100395,1.496153536244588,-1.2914173288806363,1.6899709125672957,-0.5332704777988293,0.5195309115735707,-1.7114787859829914,1.512021335133442,-0.7922091654184032,1.4645190341684111,0.5195309115735693,-0.34543733306678365,0.10823995084705898,-0.366921340554838,-0.6729446953754264,-0.32006145586981105,-0.7910678483803792,-0.21367400114120846,0.15300749352789084,0.7364798432449121,0.7647511588784675,1.3012000346399653,0.9482154552956926,1.8769753923309787,2.143846752256567,0.20417096614809502,-0.5917019051349474,-0.7541748197875596,-0.48198165141979415,-0.39023357433431766,-0.2450037794206969,-0.25092150935247,-0.4081065244000898,-0.5117491041733553,-0.8209714737123568,-0.46862060667179467,0.8819203961741325,0.8632781773979868,0.9737194528178892,2.5948432981235077,2.5336611189944795,-1.3094906307980974,0.9757802929644326,2.5112173038171095,2.1191413019803402,2.2286950960314282,1.9257752994584554,0.34718954474276736,0.7095822511278126,0.7551526957788256,0.2013408047345965,-0.6689381833469641,1.3988275887650936,0.9528455893605204,0.02667586870048888,2.2790316539277455,-2.5899396670578847,0.7782193659446782,-2.517390036477357,0.19176202228816736,1.1047699890217964,1.1001024875254322,2.130241192269766,0.15213450503800474,-0.8682255377658175,1.070789616618618,1.0441430603129436,-0.34641662936437817,0.7647005456936933,0.5266321259752337,-1.2132336115085307,-1.3461210892789675,1.3639542162535374,-0.9207932800900464,-0.9260749894315505,-1.3701838288275718,1.445426579427528,1.459790174157448,-2.4761583026028373,-2.6705920550747138
3140,2.1668723177280476,2.236706709521828,2.185041586801577,2.4227167145918522,-1.019886789784191,-1.1862208762432465,-1.2529627449780856,-0.8861668216779945,-0.7227762054116044,2.3865783106932135,0.38519991022002453,1.1398614258062227,0.9272721408990182,1.447421220783826,-0.3723892626393054,0.35684163398383884,1.4846533968183122,-0.03681638130177211,1.6392433687934032,-0.37238926263930366,0.4146647133910492,-0.4270915901297663,1.5049712581082808,-0.006772085858831159,1.4943869057626369,0.4146647133910524,-0.343548867441763,-0.07021476251884916,-0.31699146753387764,0.8768827679811733,0.07885781459566407,0.1566406132451274,0.2188433474395188,0.49245034878471655,1.0484661403322713,1.0839332951008764,1.5135811643457882,1.2027885623327834,2.125502825945813,2.3667882319981084,-0.33362271992001014,-0.9228128936978187,-1.0257944571065147,-0.7998199873067462,-0.700071159411376,-0.5823322051103484,-0.5666578605998969,-0.6910536229331102,-0.7650680271999412,1.0406078543592983,0.07767039247225968,1.1476162248980402,1.0759042345894805,1.4208989207474294,2.582969200862497,3.36690642593702,1.3103112417180107,1.0133961568678946,2.61655387876529,2.059201741683939,2.2191843018391864,1.922168539747177,0.8953834460583633,1.0015328416204106,0.7584591943819383,0.14260272026476611,-0.5718466430317559,0.20181764029566,0.013305285232667469,-0.08986444969158111,2.1634551779677573,-2.5831641360861397,0.6601942547537517,-0.7949258100601521,0.20152623429367075,0.14526585588949725,0.27566612781299044,2.0660503592362707,-0.16358733439015039,-1.8405211358452196,0.7361409209818899,0.7161751586980253,-0.2588573116921453,0.7837742378775433,0.5951052821225544,-1.186719681574329,-1.3280071062320977,1.352302039191874,-0.8541210755057651,-0.9181779883657416,-1.3669765323197538,1.4997598446236378,1.5060921775516893,-2.421125333461632,-2.6315147096775915
3141,2.2491788285009218,2.1423699429951824,1.890751235551325,1.952830653560579,-0.5687026876460223,-0.9743477512490283,-0.8793139160359573,-0.6718665052761104,-0.0965803405368147,2.1053697463352306,0.7385191446869422,0.4149199433138615,0.060899612054416505,0.8402255452314091,-1.0081434194796262,-1.4291296776949145,1.2370954689905924,-1.5480042322367913,1.5191910305491172,-1.008143419479625,-0.03187782264006874,-1.8007922441489526,1.355458649564502,-1.2274589142932009,1.4853605679607085,-0.0318778226400703,-0.8985462443637292,-0.27176133185948026,0.26941631049415804,-1.1167931774385818,1.045120456971667,-0.8891450453920173,-0.6226885307614287,-0.4317164459519332,0.34300664295412475,0.5364094612568665,1.062410915275403,0.7512692673867738,1.6954389559262493,1.9570817811407195,-0.4895048959114088,-0.907425032181032,-1.0245795777919686,-0.9525744374364785,-0.874663431897977,-0.7718488317316172,-0.7355024230397987,-0.8477378575733774,-0.9043139942185239,-1.4817300884217843,-0.8865451073942174,-0.37641483436250256,0.6583068275346274,0.9460018149604569,2.3647656109297857,2.544631064406663,-0.5726049364270238,1.0956560551995682,2.628254587993137,1.8900932036667852,2.194964369852723,1.9185775818433928,0.13261799840036592,0.5897826931901564,0.7463587813124146,0.14305232421825403,-0.8593930691411552,0.34960535982665236,0.15794751246218453,0.6604462558398917,2.160128550504275,-3.261477248273496,0.9787368456004726,-1.2555161788872862,0.15995220173435362,-0.7603519388914854,-0.539956461627794,3.071452011049404,-0.3979527969775124,-2.5806821577799077,0.10835910796110151,0.09125884931008284,-0.20476818581978687,0.7657725872582974,0.5868629089351,-1.2542686840703263,-1.3162116445514283,1.3356329209448563,-0.7700208624025141,-0.9974520620342742,-1.3799043217426576,1.5365498252374905,1.549761550606157,-2.399074778883201,-2.600251281495686
3142,2.0614807077800665,2.302817154730206,2.193730164843901,2.4642590431576004,-0.6691238612853857,-0.7188425786800631,-0.9103484251900087,-0.6940548024573105,-0.5676263378883353,2.248989379961089,0.6111423768304115,0.982608689708779,0.7669907466399593,1.3132935302433069,-0.43551102774713624,1.2791826170338654,1.3103277521873153,0.48096932935789466,1.4648974275346867,-0.43551102774713457,0.030411319287237108,0.24543445134294628,1.3730557414414697,0.18505556067410645,1.4817314397609762,0.030411319287238812,1.00456640931046,0.6148320231692179,-0.4985164332532135,1.461452821090771,0.36370784036821097,0.7311482908375045,0.3274819130561401,0.3711080953393014,0.9423410663459234,1.1028763607372198,1.4563165020802276,1.205220331514378,2.1265665601480057,2.3546021601661415,1.4026917735210247,0.7757921315607874,0.11995705097227259,0.008809596395719712,0.005466763543907617,0.22803067447905184,0.21126296051615354,-0.0074949850308349605,-0.08289803340625244,1.7570179564847606,0.11021599719014215,0.6685108186301809,1.4214160674753127,1.5258964979264638,2.7347552465981115,2.9513919126326913,1.3265141924694526,1.2071136760313508,2.6873720548546127,1.778158162094488,2.1772726678778,1.9150023042604107,1.06391045024549,1.0777711791225904,0.7421468882482977,0.3685533763991455,-0.10064777642268338,-0.4357302831028207,-0.40350097899139914,-0.03897161985568177,1.8684590971583828,-2.6879140979228033,0.17963254879168278,0.5019809652337777,0.08993064169812515,-0.42824778742281755,-0.3044981431390414,2.1990637080936883,0.7186549222618923,1.1894792477939569,0.5986161572206022,0.5637530354555949,-0.43146974056815257,0.7505600516780767,0.5318567651328753,-1.2689889172012572,-1.303696791414427,1.3175289908857362,-0.6420613273223568,-1.0209721733684944,-1.4080314545283086,1.5837197688440403,1.5991930758644402,-2.3548613812109584,-2.572917526525674
3143,2.4077253641715077,2.5337836799693796,2.590829514934333,2.510979619004485,-0.5804089811692364,-0.6055409235570808,-0.8827217906605278,-0.4350598321453259,-0.6818700286587693,2.3208769376211182,0.5388591113524739,1.0525861849923912,0.8530043854882826,1.3695838421154765,-0.10578253031931464,0.7312197211931855,1.3655631928578038,0.37149379913821495,1.4479196218600523,-0.10578253031931331,0.08204722550329348,0.20169826896103582,1.3911080073261484,0.19031160065231933,1.4825129354585058,0.08204722550329517,1.3290991151954792,0.8779915410238259,1.063837758873525,0.3624160257395791,-0.432187133610482,0.8173286360976383,0.42247894490753224,0.46386499718710666,0.9123878520675562,1.1262809313060504,1.4505708247990812,1.2260937544036508,2.1451465031949177,2.371211657508404,0.1665327770079505,0.07770013766273043,-0.17896248616739502,-0.4270699229059723,-0.40971997076230054,-0.2427788696449547,-0.2351082692669185,-0.3963341095746254,-0.4582927958104338,0.22665156915345733,0.32858956489381025,0.26833815243368725,1.5844836091142362,1.4500919161573862,2.6422093490031675,3.248544768280737,-0.12467635442611867,1.3103516273833706,2.7453417975349934,1.7305733483084358,2.2461112513593737,2.0227362704674867,1.0622399513547633,1.0710498448337649,0.7348122210178242,0.6948128671299572,-0.6510801978534962,-0.42511249660351774,0.7012208668364663,0.8799647533515408,2.4367897218745447,-2.945786899935341,0.8496339216342887,-0.010029892946159859,-1.4433151266641229,-0.42445591621367323,-1.4368807836845645,2.936312481349185,0.7721557161799883,0.12440003584286181,0.7393227095307127,0.6795019343037387,-0.7307502227404015,0.7385599011864995,0.5873124964166158,-1.3205951368448898,-1.27851930248401,1.309533264358356,-0.5010354626008734,-1.0229930479073845,-1.4113015582021164,1.629007155909159,1.6454253866181214,-2.3340170260173894,-2.5574295513875813
3144,2.479223961770599,2.5472309271492635,2.6103868603343914,2.5572777090606613,-0.6440620179039731,-0.5698366822271248,-0.8924467095318571,-0.45296002081602665,-0.44841831694370493,2.202929472038178,0.6709480557059417,1.1290421763239178,0.9487774771325894,1.430225303645915,0.08383703948274014,0.4169152795073347,1.4107475998620866,0.30940534860967084,1.4521790165123356,0.08383703948274239,0.12739354311796391,0.17550579974535757,1.41064830235381,0.20326671318269415,1.4871160610861598,0.1273935431179639,0.1444712542816271,0.14290377271131305,0.271087326760714,0.2887295806467348,-0.473096891751855,0.7119439796219147,0.5302125083390248,0.48770561128427753,0.9122999643772663,1.1581157488929195,1.4470783415729669,1.245474973061312,2.16888528462183,2.3903529958936125,-0.7269995841799911,-0.6185678657467367,-0.6437033839131444,-0.9055671016465551,-0.8453847076911882,-0.7448809891179007,-0.7007547955809583,-0.8171765914005579,-0.865145691138495,0.24015040091865525,0.8332480523310308,0.2494399431602343,1.1914082620917021,1.167636553388405,2.7107213070876655,3.1872984567317952,0.6984181334835324,1.4659612176626606,2.763568294491561,1.6960157850402897,2.259243186164847,2.0555988727133703,1.1563411230599052,1.1161860475177234,0.7303464851379811,0.47687979786576,-0.7969578626984091,-0.8435155344506676,1.1035413031102583,0.8348528422520144,2.4032584059396473,-3.231478154327699,0.9701724419252629,0.429518535662147,-2.447840727862011,0.12383937652078404,-1.7122112328859063,3.1406998606547516,0.2682188452066632,-1.1579488107817786,0.4877753036415624,0.4441475098186859,-0.5310845825018349,0.683312005381023,0.7298312456691688,-1.7092118519595945,-1.256936431792095,1.3009359523198203,-0.30354109767914444,-1.0676818748170729,-1.4181266892739555,1.6671095882584899,1.6930505087534355,-2.299044912370331,-2.528760473904918
3145,2.4310537552834894,2.388746658103474,2.4557306131185217,2.3446854257093417,-0.43231163669407646,-0.6438794162096422,-0.5781452744350253,-0.3309923285297259,-0.21281332693244687,2.068455861577463,0.6162595533465719,0.8095364393612049,0.5499020766824094,1.1675548321757665,-0.21762842326129483,-0.674861214100165,1.3213984070423344,-0.5558511834184576,1.4238641963900343,-0.21762842326129223,-0.030468651987691147,-0.632324412483161,1.3554613104543225,-0.44587544955300845,1.4785962338023968,-0.030468651987690245,-0.4204809112642258,-0.46133470370459506,-0.07007305458431956,-0.3332019373674157,-0.4943935284342062,0.08242816585753034,0.11720828300358142,0.1112887581072267,0.5602766428492395,0.8821725687555416,1.225221893337832,1.0211969672362364,1.9598858763134637,2.1984636759093243,-0.5745864307504709,-0.4593140866686878,-0.5129427918957304,-0.846390936328177,-0.7943844139262445,-0.6847240647234805,-0.6526339750006536,-0.7729159679280104,-0.8155966388781329,-0.6375699333587335,0.04535188201189628,0.09200179754846173,0.9427658754964979,0.9503072662768441,2.113488895379184,3.044108530229125,-0.20835072558612644,1.6254465518348231,2.7354198656583826,1.6114064446187546,2.2411672597731687,2.0488105756685493,0.8285283490532716,0.9402025914874458,0.7268007475573723,0.27384331632341297,-0.3218769471945206,-0.9298503941780981,0.5696877554502822,0.38172756525816043,2.5438498739340254,-3.2285585551233416,0.4067823630901173,0.9809756815228761,-1.7918573508194795,0.13523672384451596,-1.2197208134240554,2.893281391525883,0.0796814693773205,-1.0125065157120765,0.2353383253878595,0.20947466084816999,-0.3125038331731419,0.5863968726230235,0.8474011529366687,-1.8024002404032653,-1.2214193898232177,1.295055597309215,-0.17340011979599806,-1.0835104357571004,-1.404357312862165,1.7005535165097139,1.7290775588301397,-2.261367385427963,-2.494518898233926
3146,2.2132332203320884,2.353600281019268,2.3630493058618507,2.5367977557721075,-0.4857390218660375,-0.2914232842208681,-0.606778751990523,-0.24950815170523957,-0.23353889289372914,2.065363251494714,0.735888703903875,1.0562635119057784,0.8673686788870221,1.3659700546499487,-0.05051715334220527,0.365829428498367,1.3484089238108348,0.18799298841311224,1.4143186996170052,-0.05051715334220406,-0.0012820130747346614,0.1116671795553375,1.3609319933207416,0.07436004219327784,1.4727919083962555,-0.0012820130747337765,-0.2380543492323157,-0.04370877650069538,-0.5891617525869282,1.2464165216063805,-0.21936313503225385,0.34843671292453415,0.5550580787780226,0.48771398434173513,0.7720705551876795,1.0926700686860744,1.366547624043256,1.1797464535251747,2.111758820792609,2.3389766129100273,-1.2183367007813426,-0.8888913686228198,-0.9096641048591891,-1.1518946954076343,-1.0537382718827466,-0.9810877941000503,-0.9366248399292147,-1.0309306021907034,-1.0682144199382286,0.7350401625650381,1.0966916240132558,0.1288757057396465,0.31124010259833124,1.1192573984828087,1.9605058151418429,3.1589918342186816,0.7998785773145591,1.7118358867127765,2.7712696817666895,1.5068206404112987,2.222275667158408,2.0420757704164405,1.2321033768401026,1.1487892970656377,0.7229317183832101,0.1540664391340149,-0.7444408946024142,-0.9990442197875736,0.1171660910010075,-0.0022922356563521,1.6915296373242317,-3.105988510910095,0.8519923199431414,0.6932931035586263,-1.2393541357056632,0.14435880305219914,-0.8012067018626903,2.595620577158909,0.17087077829835715,-0.16189064940139242,0.24638892964538692,0.22974403395873103,-0.20507390967422295,0.517435149972264,1.006965614844493,-1.6926737500251625,-1.173620650108368,1.2808553118939894,0.008184586570698513,-1.1246632925448528,-1.4491858832452384,1.7353976698743827,1.772845001822355,-2.2288969362486375,-2.4614085265460135
3147,2.5785692082126173,2.5244817263063304,2.5745834604571765,2.6575704968330216,-0.6526092961470897,-0.5294454976493733,-0.8237509136974598,-0.6963778878517756,-0.4901612788217325,2.402192559189931,0.735516340705576,1.220692694224394,1.0739746000998005,1.49868999960706,0.1917989241487186,0.5318500837819687,1.415772497720357,0.45158167078445477,1.4312289511632483,0.19179892414871952,0.09603963234347801,0.380512134540416,1.3945861798704906,0.3202462637160289,1.4752542774688815,0.09603963234347883,0.7758275677979788,0.7062395056920576,1.179542122998684,0.3223600122370236,-0.4337353068337647,0.6334690443965925,0.7952262614152336,0.7088474391182618,0.8596759022785156,1.2060659237648876,1.4481195903179855,1.2697387480482405,2.2005442497247905,2.421402386685737,-0.41897398134379993,-0.5811766781063569,-0.5910268164982351,-0.9870500817741066,-0.8622994731721408,-0.8093454393338304,-0.7840156917492431,-0.8987012333453795,-0.9401829026881456,0.5117599260377541,0.5129775511319218,0.45177424169553626,0.8324470182542134,1.4918254454561213,1.9786589679088913,3.6493735134419913,-0.9573530944476698,1.7884668687126986,2.8219035235722183,1.4620873410620792,2.2540482493187715,2.1013163693273267,1.4367253986683008,1.2514995709828793,0.7172055703260789,0.058203156312662784,0.05487496020996911,-0.9950382235441148,-0.7298068510192018,0.2557291675458893,1.3607983109127602,-3.179106629513686,-0.049980151221856735,1.4168981887697658,-0.06511070498141414,-1.2451942748439686,-1.1143155909529376,2.8077839532568767,0.2599368527795874,0.5264540019482943,0.49554775080630054,0.48599311695187625,-0.13413985643411364,0.49707938913829275,1.0971761267608007,-1.5568851246675115,-1.1292546415521896,1.2751800276724412,0.18331407703996697,-1.140408684295154,-1.4828888234355555,1.7757508752299664,1.8179461894595066,-2.1746349325992713,-2.4257138961172005
3148,2.7319009260582057,2.602030695451889,2.783655051190796,2.6952215539609714,-1.0033518002217703,-0.6493892184547296,-1.0001889195736515,-0.7307186203859329,-0.7458850214012412,2.3756964418648643,0.565031570746719,1.3025820451213366,1.1783922153511075,1.561741959456221,0.30885755088516925,0.25354577618166446,1.4691966654454705,0.36181368402433317,1.4608445786980486,0.30885755088517125,0.1713193443239416,0.291757146408118,1.4272562252181082,0.31101134691786436,1.4840590470106827,0.17131934432394322,0.8000862178971123,0.3919349764136993,0.563849750258802,-0.11750702896413306,-1.103461289382865,0.6601535218805015,0.8387636064071552,0.7983333164120048,0.8244238955201082,1.2209662912371986,1.4584299639536382,1.2900915719066395,2.219449266033612,2.4375251883243623,-0.796717763363829,-1.027172863685134,-0.9527171170590945,-1.2278772087935965,-1.0967329646409407,-1.0754951922389793,-1.030721107073713,-1.1150975804149157,-1.1524284218616352,0.24543386054831645,0.5226282441418483,0.6183583996230276,0.5144663178701495,1.6416490428772186,2.0768493890248725,3.6733998681263893,0.32572964286499956,1.873213725741237,2.8635439239576037,1.4484929238732704,2.305323972525107,2.188451794581872,1.4664844280668785,1.2607586344706785,0.710239514239929,-0.08229113708278492,-0.3807599390567872,-0.7289618666647916,-0.2176584993466137,0.9278410510594071,1.3711092780054597,-3.566026669433434,0.406152013517347,0.6583122060498358,-0.4872866068888759,-1.5924864812318102,-1.7190954030049195,3.486922990363767,0.13047784250011554,0.37005102358263303,0.740141783780672,0.7393733300429084,-0.04306394679174482,0.48545735783308086,1.1653619588857034,-1.260468273347856,-1.0207097897840904,1.2716956303976545,0.3502046418467831,-1.1443146634519765,-1.4639394500890002,1.8114587485811082,1.8432349265737378,-2.1397800094176427,-2.38643271354662
3149,2.6319632111353086,2.508256854451274,2.5731963978117225,2.484900615024863,-0.7712220591851777,-0.9786873847620317,-1.0341876288704932,-0.6782917226495813,-0.7436822555041686,2.2792614235343307,0.6580795514643296,0.9521315242420841,0.7122133016476301,1.288510889222129,-0.05672829116965284,-0.8143525086583264,1.3856784466623402,-0.5336201515728608,1.4514736032523567,-0.05672829116965282,0.027765128797367207,-0.570696057830089,1.3832396939377805,-0.3676699626642276,1.4813850056719446,0.027765128797366378,-0.5949611563040456,-0.22860630268937612,-0.19976132357336188,-0.5613207030663202,-0.5477297397149937,0.010455352903905559,0.31862017622963074,0.39626599491126785,0.46526141798908777,0.9315755702256358,1.247888532183043,1.0639789114619542,2.011669062542328,2.248584668015135,0.777888451504177,0.01644754692819136,-0.04439032149500005,-0.526358162167368,-0.5836796752197803,-0.5454532635441075,-0.5333537569593523,-0.6699001203689996,-0.7350092815992856,-0.6308253609964424,0.11316677422757562,0.6870905582473911,0.2662286392439848,1.0866335611205236,1.780427083651875,3.2390271979406418,-0.3499961245960088,2.0574935564206154,2.7923012921518717,1.3574858011681354,2.331337765427606,2.314770209545377,1.0649182394692829,0.9980203694805746,0.6393804295137178,-0.24940449950932098,-0.527707887828687,-0.4756145117502785,-0.5887197165299114,1.256470494970617,1.5563204443359087,-3.6544856338862397,0.5379182097972269,0.17425073540107178,0.3025141521891042,-2.4922779170939102,-1.909038157935253,3.7164661193083024,-0.24049271167799183,-0.401894748034308,0.7239614773126505,0.7395922411247203,0.14380466220827823,0.4158082503814679,1.3265329354482582,-0.9805707376008239,-0.8671150957710976,1.2668229882178783,0.513153438600081,-1.1504560764151774,-1.4280258437572853,1.8422401196622928,1.8691096591262608,-2.089660109073416,-2.3490151379896025
3150,2.499867381306109,2.5605960057381156,2.5988404879850595,2.6820516970821475,-0.8142556287477452,-0.7336298597177119,-0.9145122927164463,-0.5808235481530599,-0.8414479182698819,2.2793528562060352,0.6931754920800317,1.2296210743980558,1.0752941254699269,1.5068421685711193,0.09952608788656632,0.3402142832592855,1.4263031765602898,0.27353559871109,1.4592169698265898,0.09952608788656732,0.08261480082102897,0.21076773508728142,1.403752351977235,0.19733655197070152,1.4835077791584865,0.08261480082102896,0.18170706089734415,0.30396974287759254,-0.3167132447287712,0.7401435246943229,-0.4279299248953422,0.4650363705791057,0.7149625816987767,0.762156090222041,0.6995268390818273,1.1255085730592407,1.4149868659179181,1.2503315490882827,2.1715345810635083,2.395465035679384,1.1631470464027456,0.3630097252344466,0.2622534348443429,-0.26285732199960654,-0.3875925535419997,-0.3168098083484437,-0.33264516616143447,-0.4894309926208978,-0.5732206984368482,0.8083421594038759,0.7947957755553122,0.6089805852815807,0.5274228882747781,1.2186410610467955,1.5528700830954814,3.624129108030839,0.8559698159964194,2.295667657080581,2.6881227353054116,1.29907418028028,2.463468914406292,2.3668172921127435,1.25294816126296,1.1830476278937951,0.7595693748734635,-0.3348292819789775,-0.8193617919411744,-0.33709436495366624,-0.9167888548798001,0.38472588555624443,1.1477866463854933,-3.319705139111431,0.8448965788884235,-0.2864251453067549,0.9093515286280027,-1.6352318507725059,-0.7346744367165139,3.0009191948159346,-0.2374746629790365,-0.05850786957872873,0.814730648312288,0.8374501228227803,0.2197352368645168,0.5046437416899477,1.4908998747988071,-0.6020796265397554,-0.654319661721133,1.2587040712814137,0.6606896608512416,-1.1462671690133934,-1.3835225551004735,1.8748673479440665,1.9012780743848103,-2.030688572361817,-2.3091516551855036
3151,2.6004270212347667,2.587774171970236,2.7114786154790353,2.6949258267925402,-0.8931862640044451,-0.8401124619168558,-1.1335006742032812,-0.7201634740746187,-0.6972139902376379,2.2236355035515416,0.5875290484933559,1.2918021593583717,1.1576518874841868,1.5518564879206371,0.15500821287815475,0.11704556159219154,1.452006277124553,0.1752084126949489,1.473168806833993,0.15500821287815683,0.11387609115349448,0.11736207073769123,1.4197320419224098,0.15491022077941027,1.4884785108804908,0.11387609115349696,0.49392842024209727,0.21895557446672553,0.4075869849974,0.4102192270536057,-0.8818799520160802,0.4157154892738383,0.6092579254079754,0.7192218808609198,0.7256129858189878,1.1009224244337794,1.4204473588727011,1.2601271885345129,2.167837941440333,2.3912221817830233,-0.10783865173339396,-0.3645540485913285,-0.33000487058580047,-0.5790474938503934,-0.7377285314585319,-0.6950630788167379,-0.6638894613377685,-0.8043681460238183,-0.8712136327061812,0.16759543662425422,0.526840182262295,1.1847665736197184,0.4064962901722154,0.5276780951344221,1.40582417106311,3.6595002387961313,0.3905843928295433,2.4304969852500076,2.6539281383431974,1.2645980251742301,2.557891468191754,2.447397774747739,1.1553157936213514,1.1707995936071252,0.8143505694744729,-0.3675074753582277,-0.3375232955005318,-0.41102381099156104,-0.6579176862139077,0.5276187006231591,0.7594247864420456,-3.548047274673504,0.30572416404162245,0.2584191142566237,0.470245710245479,-1.524609468865405,-0.9656172652858747,3.2717555238828795,-0.476453821375219,-0.9871871144286233,0.6674728239907222,0.6915362646945588,0.2411579792665818,0.49686677512978905,1.6312080189282478,-0.10567448702799973,-0.30365497356197674,1.2524548771688098,0.778118391177199,-1.1894006008130522,-1.3467920547723398,1.9030821633041506,1.9220382621264374,-1.9806526387372512,-2.2682541855863705
3152,2.7502399771042794,2.5821188212237622,2.6227880475258316,2.463299428332096,-1.0118023651813326,-0.8730964886643874,-1.0393584382421885,-0.7710431374545601,-0.8402723683066101,2.2854182451696974,0.5293168763545556,0.8668056373624364,0.5853033016588958,1.2283307655203914,-0.26779782103466254,-0.9368011616626312,1.3369810739559964,-0.7496796309734358,1.4426601469434976,-0.2677978210346599,-0.08066492346361616,-0.7641960798828922,1.3543155529085682,-0.5715280671393482,1.478282531194854,-0.08066492346361354,-0.19814210437779148,0.0993682242383974,0.5827804608492712,-1.1306738746292124,-0.47453842686496067,-0.26015081267995477,0.09102844243059068,0.24617713492006082,0.3566613125541733,0.7641057708358726,1.1972279115541773,1.0176175761489406,1.9429674366259175,2.1834709545145783,0.31202378672522557,0.20431020235226624,0.03848487363476886,-0.1646232814886125,-0.5344196520310692,-0.4861837941197469,-0.45051160269553775,-0.6289274051584715,-0.7023897553081044,-0.7312338980182355,-0.0575434418469921,0.3326412161116768,0.3312918805977273,0.6906542540884991,1.281329694814227,3.408525820784499,-1.142388353485795,2.5946713389828227,2.5479559559150355,1.210653589858567,2.54548426942761,2.670203442585936,0.7483866902018671,0.81275959366799,0.6130142850870394,-0.5223736683865476,-0.49110274763232986,0.4346068508742711,-0.7656255131480654,-0.5192107892325633,0.49440000081898305,-3.6008044873157465,0.4471524424871456,-1.0508413894493203,1.533832986707337,-0.17183946128138747,0.9734088081400708,2.8411904579920866,-0.38305165288947046,-0.00926664242299146,0.7977140636960042,0.8340964103210349,0.37410465642472435,0.6584055543165998,1.6662645696840583,1.0626613030760519,0.11717404944494712,1.2481016704823857,0.9047034479812855,-1.2286064774748537,-1.2731836640212963,1.927478633273116,1.9334188137127188,-1.9535513877143582,-2.2238703058389686
3153,2.4301239023533667,2.4881414144653307,2.471455716269887,2.616382465462259,-0.9094398041033391,-0.8727651010008491,-0.8799016844939095,-0.6817396940470043,-0.9324158963627325,2.392284511747631,0.3475981132046811,1.1187860227709847,0.9275931201350024,1.418945951575949,-0.16921139520955777,0.21215634981787268,1.3399819011664988,0.015803401607678527,1.4233722000188964,-0.16921139520955764,-0.08241061126572541,-0.010327303652987738,1.347284393517341,-0.061414378378392996,1.468556786838985,-0.08241061126572359,-0.4383385378842876,-0.24416271678634333,-0.9197463298073477,0.7823020393219055,-0.172005977422919,0.32701061784213936,0.4243885223151678,0.4702707678963674,0.5952354356507448,0.9145162059187588,1.3319638750510698,1.1651183075883542,2.0692736178580704,2.296304907099895,-0.23293909258279136,0.06141403650490858,-0.18696084695034668,-0.29925458165814567,-0.629659696572118,-0.608982808570519,-0.5718081661680128,-0.7251436650431698,-0.7918314140933064,0.6688860865747578,0.1391980220904506,0.4832787785053089,0.5797275767238279,0.5141941045856648,1.4517754019923825,3.6446770082122155,0.2261264213559458,2.5590960862708965,2.600017111873198,1.102865483484481,2.508733169472134,2.642437603789409,1.125572228054624,1.0051016311738092,0.6081812719432952,-0.5586874136283192,-0.7998381682301589,-0.5197444021121072,-0.8559201666999462,-0.392282426634293,0.2801741118738254,-3.4292726781820937,0.7823441243390215,-0.016691221710305862,0.6265664913850036,-0.45651233935526575,0.06473781420019009,2.7826302741661633,-0.4581203326803119,-0.12619481565464602,0.8870961523717379,0.9278739127433231,0.4211232184795298,0.7186778220628639,1.5203348090911641,1.049132370517185,0.1267827099313719,1.243619050127924,1.0007695438882853,-1.2454684344798392,-1.1858066901034623,1.9526759760221615,1.93390252762244,-1.9153173392087215,-2.180575355745433
3154,2.6404070328404843,2.628916017754469,2.6662845793698855,2.5929490534912514,-0.7698279066253395,-0.8569058047690604,-0.909824101463865,-0.5605889043651938,-0.7958593761834932,2.3420130233681253,0.4422200975200951,1.141076526976536,0.9611538430519305,1.4307676630705386,-0.16742786491596243,-0.0009887204922447072,1.3239688102482665,-0.11272154599984481,1.404997159710888,-0.16742786491596234,-0.11128193327453673,-0.11563128643814712,1.3307147014115448,-0.15190932923896386,1.4571868429013901,-0.11128193327453664,0.7958750970138874,0.6641614884640726,0.7785784191682084,-0.1725823463339091,-0.4764094039720833,0.17315257669442513,0.36874091442132934,0.4089394265625219,0.5685966041021224,0.8565363337365459,1.300248889516223,1.1365703960951252,2.0361946761791625,2.262720761357758,0.7350461580569403,0.9182760263514154,0.7557367366178842,0.4182848560338842,-0.14436868197887343,-0.12678872476267652,-0.11789262821964745,-0.3280904146813169,-0.41217485881257776,0.02454095895192518,0.44967776450756175,0.4106544166807205,0.8183818452276206,0.4518166162066918,1.5120937735345774,3.2718644901305534,0.19885521655464863,2.604000699240527,2.597704718775627,1.0630328062995347,2.650486026500007,2.722564602075783,0.8605049362947466,0.9466982864213516,0.7178451163649553,-0.6130740251269178,-0.9016918197782592,-0.5680818805879749,-0.5371885445581666,-0.6396522560398913,0.5377786876329083,-3.5043993966091054,0.8852144738007025,-0.044922786241536734,0.13005703371883073,0.27074868122273865,0.32690279234597114,2.762698404349346,-0.7076940507281536,-0.8963545634412563,0.7456829312321434,0.792046749852776,0.48995661556179065,0.6675278477575486,1.2526572033973404,1.0084845646530116,0.046166035355457435,1.2364818207728985,1.1031885284570848,-1.281076618904932,-1.1008998356503485,1.9741316551130184,1.939695218651239,-1.88023357540797,-2.1390230634300997
3155,2.4998430301374297,2.5118813196486034,2.572626680710511,2.42584912532415,-0.6281853093674661,-0.7652898017888173,-0.7607443383432488,-0.575524220407859,-0.4566865604051747,2.1417369975243905,0.23768175974857073,0.8234255816582847,0.5253057220381204,1.1943409409689885,-0.46859647251192815,-0.6696708707053822,1.2144458143355803,-0.7208053090296048,1.3550445626093084,-0.46859647251192516,-0.28467615934627216,-0.677841946948591,1.2583433906836934,-0.6465683283616377,1.4326575160597517,-0.28467615934627116,-0.23069774925979009,-0.3328275120790723,-0.3630905509831581,-0.29305849940103296,-0.6033774497873797,-0.256040811550974,-0.04089318336148062,0.06802158393845964,0.3135140139798647,0.6131752555693843,1.1321959900859526,0.9511060223774,1.8692856206544393,2.1078642707537254,-0.34671362195476574,-0.1141678514005674,-0.10875554906100804,-0.2987082521419627,-0.6552780423718416,-0.6502934148000595,-0.6093321283303365,-0.7579044525029751,-0.8152239594410241,-0.5271081038972784,-0.17517584284415294,0.4502771820370947,0.3883172276212434,0.36858553159585317,1.244090285608351,2.865138339768644,0.25631612428393474,2.592805364713861,2.599869706161548,0.9998079798765256,2.6739005806518032,2.68979129642892,0.48892358840307726,0.8085826004614164,0.7945710167131419,-0.7579615146704373,-0.7225852357714633,-0.6495096711747645,-0.13242005124756615,-0.7409350456886196,0.6845836930726409,-3.2959737813626844,0.6604190904911289,0.23294455984168458,-0.5233794089057029,0.890985064742156,0.3852365216456149,2.5617371902056085,-1.012196887863679,-1.5261248849723745,0.39305168267915647,0.45244617872551407,0.6452890309891203,0.6838024920776689,0.9860700112960443,1.0691376545559357,0.0954513831919806,1.232850581801313,1.1436956764581423,-1.3234139062683419,-1.0230136495886257,1.9949530589293039,1.9313253620291377,-1.8446201989446076,-2.1003807488124346
3156,2.4822326481778756,2.4127160453712997,2.400305223704236,2.2878907743137566,-0.6396573620248852,-0.7695690231790354,-0.5983900498204925,-0.5067146982628731,-0.4380266283893798,2.2010563900834295,0.15426242436083534,0.5675803063264742,0.18570070572907818,1.00087441498055,-0.812762008387443,-0.7681861297516949,1.0601588244054345,-1.0114654263445206,1.268628551343726,-0.8127620083874394,-0.5189913794323399,-0.9196705489800917,1.1501674513332176,-0.962074537640108,1.3900632683857088,-0.5189913794323394,-0.5397519704568677,-0.28331003047999975,0.031332304417839206,-0.8207654563725809,-0.20513254506842987,-0.48844919065257264,-0.3232392289091404,-0.19166351587609382,0.11692336487642506,0.405276028274808,0.989347118132685,0.798041276132217,1.7262414613338213,1.9768159882781855,2.150813390509515,2.268365916548564,2.2917163649635266,1.8876388102372814,0.8332048303707721,0.8974419576720537,0.8442874033477189,0.5145503632256088,0.4058197359038022,-0.4457903561373512,-0.4585824842365343,0.04956132192805953,0.6774521758098292,0.12134593348169109,1.1366168708492146,2.9196866546760436,-0.8171807725719328,2.5780712199546807,2.583157370175133,0.8680808941066854,2.803439983767931,2.658018237586295,-0.0194010153514856,0.6934838449728032,1.0068597473758896,-0.829590741522771,-0.8487242744904886,-0.6091557388216664,-0.6406548587425959,-0.851790583986838,0.3024900481904006,-2.945134171365129,0.7869913378563631,0.060300679226755305,0.22702369566931846,0.4504819359895327,0.552293224035265,2.2248489073985276,-0.8110729626732842,-0.37680248684637807,0.3681024283537138,0.4335555057641863,0.7123251707567908,0.6701257331512578,0.7195018029802898,1.1515779304096474,0.2397359088608567,1.229214550134877,1.2050681321893484,-1.3765465804668098,-0.9243902553270986,2.015173076934995,1.9185859148752697,-1.8000294561069579,-2.065057338614013
3157,2.3989877515180957,2.293903769948025,2.4352220950222967,2.3381488253679987,-0.746216270793291,-0.6359776149956786,-0.9761863835616222,-0.5806779235960547,-0.45372086806181655,2.3432452901506715,0.12335426342438659,0.7076888061766377,0.4013999177978871,1.0948066958049059,-0.7836168112754779,0.05801853856433269,0.9858297258024704,-0.4911533596044637,1.1854686114534145,-0.7836168112754744,-0.6110814591450142,-0.3656414239293393,1.077608822264363,-0.6487543491953573,1.3406643723125304,-0.6110814591450129,0.21249537979058247,-0.38073499471384337,-0.19584220381639833,-0.2700201960765744,-1.0495675696310023,-0.2252226798719856,-0.14321823049223678,-0.08789024745326181,0.20861000425814044,0.4328790373394583,1.0296638900036748,0.8445132960755277,1.7539374215414087,2.0057893689498423,0.15125963088235828,0.5254484123429864,0.6484166266666842,0.52233577298891,-0.07481473514409356,-0.016534641820225855,-0.04010236298092447,-0.22225800218122432,-0.31164202542910224,0.2746324775175871,0.00871045331995511,-0.030884049825017502,0.2750308026766684,0.28967447860586854,1.169976425791173,3.2212690172998832,-0.39881082929000544,2.570159005772033,2.570979903766405,0.7461982418858654,2.752225245089387,2.627193974935405,0.14783712830257295,0.7767700314189451,0.9989435369658197,-0.9117194421841952,-0.6763328653872249,-0.9033598650359392,-0.3410347632279968,-1.0941646554443323,0.0918190314302323,-2.9368248143366524,0.5809242185955795,0.6290255765009618,-0.511689456140369,1.1504409680654881,0.6163828191522169,2.1324325476685995,-0.863978964428254,-0.319180595859844,0.37666274233745645,0.4481593887754496,0.7779328756465258,0.6239919966444785,0.48417281848655386,1.136821432480744,0.27118792104892353,1.2225328990891071,1.2226717349358007,-1.456621340648292,-0.8049951135445462,2.032088410219661,1.9034596683638123,-1.7680957332974698,-2.0241486590595255
3158,2.248532380258292,2.260409890882872,2.373728666105902,2.274521860356442,-0.9298772303055527,-0.8056085403880161,-1.0739913304009787,-0.6863122260276053,-0.34443794145138046,2.2058223802164143,0.11477428590135053,0.6235501508474373,0.2871021732041778,1.0307765706220815,-0.8062021630469648,-0.05785696264289986,0.8990545734043719,-0.5774998714155773,1.1002666774522927,-0.8062021630469627,-0.7108097450129657,-0.3964829021464292,0.9957760700970475,-0.7351706268353602,1.2839060019383204,-0.7108097450129669,-0.15047413359111808,-0.04958690107893788,-0.44080597700891094,0.10270424903836653,-0.9155245178607562,-0.22781115106354072,-0.21460195619338257,-0.19329733002453806,0.11151738702472715,0.3055685155080974,0.9575178199433712,0.7709190812643257,1.677009275747803,1.9410349456261764,-0.9464700620251871,-0.5013525915236255,-0.3457467529796413,-0.31062077858566417,-0.6204447412761062,-0.6069454637343968,-0.5987850863290876,-0.708942407979623,-0.7709165918920807,-0.17328150953791738,-0.38046086224009223,-0.17074529505319086,0.16749562085544603,0.30707810461634205,1.2055836780357574,2.9629797131952156,0.3795369870736585,2.545104327918624,2.555252009702329,0.6197324801630687,2.7218695669628996,2.597270698746902,0.04997238772520263,0.7387277748793805,1.0149540417968617,-1.0175455040866659,-0.8742134244911911,-0.9565821079885118,-0.7903663202669364,-0.9546979581332578,0.12756310639196844,-3.1161474172228303,0.7805348504721629,0.5220567144495232,0.05442960049468752,0.4241330018686866,0.40416164157829043,2.382980844449141,-1.0636848557565006,-0.8346503679844034,0.2574556826623863,0.33615922048824787,0.8569584553330554,0.6706637569384001,0.27173630741792243,0.9751150492706228,0.5533393007794297,1.216214645276935,1.2722821802761106,-1.522059875926859,-0.6616384300259096,2.0444292089610343,1.8868076008880261,-1.7403632951078418,-1.9771245254655674
3159,2.1775606629783373,2.1074210903175463,2.1923815815662264,2.1831001438707114,-0.8997307273922395,-0.9405411917019932,-0.9602683243700073,-0.6677158066229791,-0.1729805700361179,2.161744638286765,0.15080736319743818,0.4520631338080322,0.0500277102580028,0.9056336501687728,-0.8983789492451552,-0.21378300893306285,0.7881381414216775,-0.7339993615019195,1.005398493885352,-0.898378949245153,-0.835685954094325,-0.49711270178533284,0.8969070416032449,-0.8846134037221703,1.2176807367778488,-0.835685954094321,-0.6220803971962223,-0.5528235953006088,-0.18576198148834633,0.015828819491186565,-0.7622146370164338,-0.2838953193096903,-0.3811577589981084,-0.32817614523033,-0.046760835427698266,0.15767262471556417,0.8531006552050339,0.6675429145513854,1.5740924594816639,1.8518781877863377,-1.4951149996492479,-1.0722685547737296,-0.9412914778522251,-0.8204577126309502,-0.9258512406968096,-0.9842815862057103,-0.9560966936458706,-1.0236003107241798,-1.066921401315937,-0.2935953833336847,-0.525776778290895,-0.056055209365446904,0.02403963198627251,0.4348557413917803,1.2860411258310804,3.1003885608102935,-0.16583699375366054,2.5374138076125923,2.523916840274971,0.41847222228926834,2.6619458411129733,2.5682039150778455,-0.0568616138120899,0.6671116960601797,0.9908878492609484,-1.1229690269201458,-0.7559978050304645,-0.9110785278438819,-0.9603166491906069,-0.9098695175125123,0.20623156594515066,-2.9835652883510604,0.6299015399625834,0.5696347176789426,0.3416547068004379,0.1582267544023148,0.3860145646909459,2.306178537709034,-1.2096496325108175,-1.0105873506068697,0.0756431541783209,0.16397464557890834,0.9619035480515927,0.6340649325448782,0.06096506941017564,0.6854708302735049,0.9039368346398502,1.204874773926219,1.2974491149744383,-1.608012384625178,-0.515164577996949,2.057287669355962,1.8727654124870272,-1.718860757641016,-1.9302245817708747
3160,2.1696943885911266,2.172791862899124,2.2453884427774726,2.1730665467066235,-1.3567873206991174,-0.8767055337659928,-1.1283425121859303,-1.1401760841434043,-0.6480010805837653,2.321735519365826,0.2753465304075878,0.489942293938064,0.11702022593800891,0.9265268156216728,-0.8544594322582517,0.09039602700499108,0.7102207178154346,-0.5218063400186064,0.9154543591373356,-0.8544594322582495,-0.8953623859367481,-0.24299866606189802,0.8131910094627017,-0.7533989113864376,1.1471381713269968,-0.8953623859367476,0.2661173884885471,0.3449692689990814,0.03199389320617513,0.0031173800252597425,-0.7107850528735239,-0.14516626922021286,-0.3047004310357335,-0.2765548802592502,-0.052357309782913794,0.12063526848478338,0.8307243719508025,0.652803568421413,1.5493983903229036,1.8319014718592554,-0.7158545750410714,-0.39939096245355127,-0.37299006431226045,-0.25146098261242067,-0.48586527468041735,-0.5952567270873059,-0.5988852706893328,-0.6976962798308064,-0.7536171815881763,0.02199524939852757,-0.27283794298363223,-0.31809084882636207,0.20430351343476252,0.19716960898112545,1.2251632077915717,3.2870534257168713,-0.7393531812698534,2.5413925367604393,2.4867992148203384,0.2784516247701672,2.6168151084466023,2.5399521554830957,-0.020849802476890007,0.6830169423868646,0.9830813903995633,-1.2061720843957133,-0.5801787082999417,-0.9496844443551857,-1.0468680970127073,-0.7205701825435815,0.36286652362209726,-3.029568359675847,0.41901729331982374,0.7866921329885097,0.4225574033621069,-0.2175457819537103,0.12240329115635384,2.4540470963611645,-0.8212869591517079,0.7886565646020476,0.5443229777594542,0.6366041622523009,0.986600060619707,0.5066987717499913,-0.07642026048290046,0.39711564242725894,1.4401466332019255,1.1933936310216904,1.3153925492919625,-1.6363811521068998,-0.2901582210559157,2.068902831438312,1.8633939413640694,-1.6804271228289451,-1.8695044752447219
3161,2.242064124202178,2.1602127757297587,2.2835024080263,2.289688704009459,-1.364224569077474,-1.3894001210762605,-1.5925291970543876,-1.2010599167274727,-0.6777089255728024,2.2663478215444828,0.3628910386461615,0.8019412306977293,0.6152230662281939,1.1279529404895694,-0.5149906504430951,0.755625198457164,0.7300024753138985,0.10854513874056335,0.8623188578719919,-0.514990650443094,-0.7916565759950244,0.4014993538612571,0.7870044145697358,-0.2532891066283268,1.085322914313591,-0.7916565759950225,0.20961324675806248,0.01695902359302632,0.3186765555252386,0.20232775676944137,-1.0107880917630425,0.3002311038705752,0.06908367474172576,0.009376265053978145,0.11605171642994577,0.2887792621178289,0.9346926002832853,0.7755485255288141,1.6404764033559363,1.9215445370282405,-0.5049030918194202,-0.6920928462214103,-0.6299470522725898,-0.5111165855615302,-0.5980007335877112,-0.7665364654825072,-0.7699114495241423,-0.8370070121140778,-0.8908599568015637,0.5407716305193029,0.1845747279924414,-0.1970067035936572,0.14990915338078237,0.6819314401740204,1.395423598272152,3.2962315912540867,0.8355317420686523,2.5939782668485813,2.4299934742420546,0.15790285510087773,2.572299417505468,2.508175259229405,0.28926144912896773,0.84214767261891,0.9753260506591714,-1.3020587041960876,-0.7410995331873013,-0.7888720552127757,-0.9539249273184109,-0.9818022879090643,0.303867281493921,-3.0234807337566836,0.5793091717484529,0.4149656338649732,0.469995762846539,0.26581653585728227,0.5744786093337803,2.3598889311599955,-1.2428258488255124,-0.6430304353641382,0.563347753085014,0.666152927352029,1.0792874480408945,0.6324777366200656,-0.27327304518112905,0.21165879613456323,1.8117390120568455,1.1809950070953452,1.349881553123896,-1.6446715972620725,-0.06382020945629079,2.0784808157579535,1.8498465612668697,-1.6983987339386737,-1.8107458547050066
3162,2.176945772142237,2.151742260790309,2.0870151067966987,2.1195556376732365,-1.160808074128054,-1.277192648115364,-1.383412215813474,-1.219522163424905,-0.44067345286561044,2.197527305204373,0.620738556396445,0.3638500656304565,-0.010142297155956319,0.8242439588607322,-0.6392504266110823,-0.28262469137916735,0.6403666889596966,-0.6025942948462218,0.7961978670788147,-0.6392504266110816,-0.856771737366463,-0.2625550334834122,0.7050160346097752,-0.7427143498494346,1.0187012621643345,-0.8567717373664634,-0.7198978539848753,0.03327200189491471,-0.17735575362970885,-0.27560513477788395,0.06808767898609107,-0.20489279342387717,-0.2908828172885206,-0.2943908062227694,-0.15731004064141058,0.04523511824760251,0.7451702810299037,0.5829918435481658,1.4612470003510685,1.7670459003572545,0.06414787939388047,-0.5408298147897523,-0.4718366014198778,-0.33719901731650953,-0.432353548061961,-0.687084418262935,-0.6950711027848006,-0.76663461107185,-0.8290245406299689,-0.6318386476590797,-0.23897931695992475,-0.16081644713226087,-0.15841232609224504,0.11875964464251768,1.3645900038914327,2.831529023231727,-0.39492760269270805,2.5952143134074777,2.3870913892650494,-0.016116534548222105,2.5256242596274907,2.4773797686613412,-0.011078765279435462,0.6784641331814576,0.9624320479951411,-1.3186883524773916,-0.8507588260859515,-0.8630602697294538,-0.9737011745166679,-0.31685251584711693,0.5901059287306845,-2.9363482492917465,0.6975014326394805,0.4203146993090049,0.416231488678402,-0.7093570263857112,-0.3072615671900547,2.5797769646390813,-1.4654607960794113,-1.4360087313002692,0.31949067385655666,0.42965856171543476,1.1219607055730425,0.5924452646351472,-0.37292146533198905,0.08301014038189064,1.938078209253902,1.1654328831110923,1.4595856294460716,-1.725942676531046,0.11614532283960119,2.0870132033024604,1.8425212927451464,-1.720875686931596,-1.761489775361253
3163,1.9448755836828728,1.980284945042743,1.9714230024922519,1.847093531063885,-1.2118173244753685,-1.1809837002334076,-0.554806693486859,-1.0112408401102246,-0.43102217476331606,2.069521707353442,0.6299492922007095,-0.3089541526268822,-0.8525053470133591,0.3232131183396036,-1.1415886096402326,-1.1371395616741506,0.41688813683715076,-1.4547601227815872,0.6755474978500338,-1.1415886096402306,-1.1218355349481868,-1.0571770719729034,0.5407446354360211,-1.4479957913565744,0.9308996497969969,-1.1218355349481839,-0.4205383259196587,-0.6704259461593648,-0.793589297025593,-0.47298322413883115,-0.23419613131714614,-0.9651078119398767,-0.8188376717108335,-0.7899054151434487,-0.5896673961092693,-0.32415575104164257,0.45160171675471245,0.26569645448492046,1.1816986429286735,1.5221696857955809,2.325468287310863,1.1024597152983102,1.1104815010066729,1.2997186490935617,0.9441262418869528,0.4352846574815405,0.3248696600152787,0.17898640614957806,0.05442070709904349,-1.0826655757163526,-0.6595750841561454,-0.7390454150625526,-0.5108295571702934,-0.18487959098950593,1.0138304202406174,2.7212288787336583,-0.627728995036665,2.6920122537437576,2.2414276040963,-0.13030634007196096,2.4383364322827403,2.4475142783910577,-0.4694540647721985,0.39003843159915447,0.891777618906012,-1.310614662181082,-0.8518705506470448,-0.8935835018613794,-0.9876345192741082,-0.9625127089597012,0.5941600471771848,-2.8393884955508013,0.7001221197468235,0.4646141695832879,0.40231215112212215,0.19625751469486752,0.464885181509935,2.2340073360811354,-1.2769738965107769,-0.6798791170278357,0.30809296231394406,0.4191092580734538,1.1098041824565512,0.2860312987729848,-0.312404284399728,-0.1769948283678834,1.946046057473641,1.1478185155428515,1.5394019402719505,-1.7645356320248033,0.2956407213810897,2.09490706616327,1.8419338212661427,-1.7255611509110689,-1.7071904879463664
3164,1.901322346565344,1.902819184453156,2.0009452110129824,1.9584205043804113,-0.9879096686850363,-1.068074979200173,-1.1328013910149297,-0.9653627593784362,-0.4581596536345909,2.1530396577641535,0.713600274328693,0.016611434772124404,-0.3481915093174876,0.5290197084012379,-0.9960358445268463,0.31704471442286314,0.34374712220190407,-0.4830072357994647,0.5699200045026124,-0.9960358445268452,-1.1368637663695136,-0.07433288112955513,0.45035093572536644,-0.8008015318396015,0.8416957740884307,-1.1368637663695118,0.15591422108529082,-0.29079333267866786,-0.1272260450937796,0.25338886211910683,-0.8643839860079846,-0.36053601222032006,-0.39626899035969204,-0.45782096174881864,-0.3676585990077772,-0.15323931172391045,0.5507821993910279,0.38513152040186915,1.2680775446803532,1.6074449791847667,0.36399450662051724,0.14250671677246032,0.13938224657924989,0.34114886330806726,0.1959940115323418,-0.1834992974183504,-0.23940095445675794,-0.33124364535723594,-0.4273701970525686,0.5073953000190756,-0.29288172431306053,-0.5832448324357768,-0.20964706287401516,-0.1253786691324932,1.1651845047201697,2.380158482652622,0.17026080958076303,2.6810578785480077,2.1910848520988364,-0.23561746743837178,2.384174955259557,2.418531086221617,-0.14772249172863186,0.5380423807400317,0.8620382085871271,-1.1221061148649842,-0.46027720891267315,-0.25468537228779414,-0.6091012353496431,-0.9982018936613326,0.0625806380896024,-2.74484450847901,0.2998546610481497,-0.06870248386375853,0.5764800061297563,0.7013776913416891,1.0294144402240113,2.149421800112998,-1.0725509079926951,-0.4571445245821801,0.3500111691288375,0.4488277949146642,0.9579008143529105,0.00040468573297749197,-0.32403023730221886,-0.21004905619059963,1.9291883107887664,1.1304224036137103,1.6178597976664153,-1.814220006498228,0.4139482951274719,2.101654870313831,1.8385936703918504,-1.7748283004416145,-1.6699273064454416
3165,1.9181362259959345,1.955184699109667,1.990256314477779,2.0790109558301535,-1.3702735659479137,-1.225924557834265,-1.4346941632646724,-1.131052978048016,-0.6532303922262059,2.2215673106047293,0.5999600784536943,0.3488582330878058,0.13470573520780046,0.7467760267497647,-0.5681726038683192,0.9641006936625586,0.3755248697427356,0.193281963052067,0.5101260275646129,-0.5681726038683188,-0.9801552567810391,0.611986237840089,0.42403483218621296,-0.24322776368072396,0.764723051770432,-0.9801552567810393,-0.004916220482247083,0.287017842536376,0.09777495250291961,0.7682152338834248,-0.5056845816018716,0.19988524547857012,-0.002814802091362203,-0.0857630394396776,-0.14511888479721777,0.03047431951229174,0.668828421446068,0.5131308525899352,1.3584934409919434,1.7011912664930935,-0.44908610226475587,-0.44669664283777727,-0.40703608946108943,-0.19472516071267348,-0.2385843212626798,-0.5390220342167613,-0.5699224203719302,-0.620338894327399,-0.7123832383359444,0.56707142176363,-0.043460886033398656,-0.224087693217627,-0.2772737732516802,0.154997669435718,0.9220949467425703,2.8196501055691088,0.2793608185370613,2.6681262832504995,2.15399578235073,-0.38090987547456906,2.3280992210595857,2.39038585658117,0.2154817467500116,0.7015061588903972,0.8269750309674001,-1.1634815185368363,-0.6821342238983192,-0.3857654432810152,-0.8847997589492436,-1.0449697129231772,0.23961896973211902,-2.4676154573899916,0.5386039654820136,-0.09104229258868207,0.8212040619607147,0.44016056096695594,0.9834488480432895,1.8840550653093895,-0.9976699336332424,-0.15067393284664926,0.5406888835713851,0.6401705850888484,0.9525977927631425,-0.12755839751028314,-0.31934204737407607,-0.06965834180913251,1.9059601767586194,1.1185391447007482,1.6181165957260617,-1.8289001756808017,0.577395467912935,2.1133000135949027,1.8452783483418713,-1.7357646532835145,-1.618577049923647
3166,2.0407247402281765,1.9107120498172658,1.967958689383907,1.9232961544643337,-1.5055528577736625,-1.3321951652672237,-1.5096697244165762,-1.3402217195369595,-0.971831618011452,2.342500460339245,0.5335851721289828,-0.014766436084676138,-0.32622655591893396,0.47373487377363754,-0.6152777718481437,-0.11259377561623916,0.3014321580343048,-0.48593775438702796,0.4447448852786002,-0.6152777718481418,-0.986142256460052,-0.035656601576347084,0.34676175967299494,-0.6795437542633825,0.6868076882972518,-0.9861422564600514,-0.05268241303002501,-0.14438855299378736,0.508437385359855,-0.5690977957743141,-0.6392938017751773,-0.1457413067542992,-0.32825356855957144,-0.34196075077286864,-0.38406861850998114,-0.1749900956393328,0.4996370562334526,0.3284832300090052,1.1806682026992228,1.5581314923706246,-1.1769202909915308,-0.8049028572280652,-0.8652997523983527,-0.708325957260007,-0.6558381398476754,-0.8679258534194462,-0.8769981139269153,-0.9013799414301386,-0.9845797185975312,-0.6207559457860413,-0.5758547834253761,-0.27856466634946836,-0.4836436322840051,-0.15959588970925007,0.7273995844832111,2.553517964619038,-1.2654308899654343,2.636574309040792,2.11846518386552,-0.5153615973596013,2.2938570498393926,2.3630373206270923,-0.08280754263614705,0.5419581987600326,0.8202024261956816,-1.186536256078777,-0.8573276569891238,-0.7686710338261885,-0.8752311567892185,-1.0054513269229317,-0.10660469091343135,-2.67944536717166,0.7292760948152713,0.28258044065277893,0.38612577627956524,0.3968346589310621,0.6262275084425176,2.1167784861114294,-0.9442314340647425,0.12496767782316699,0.8559658950690184,0.958709968609443,0.9600868237740011,-0.6693515222804804,-0.27610642282356296,0.12388915923177102,1.891546874660537,1.0971400787022363,1.6001016528937864,-1.7383385974896297,0.7328852531615889,2.1187003435919927,1.8316564959404575,-1.7727333901790647,-1.5844693520764417
3167,1.9506875657670186,1.9888445400069175,2.0225225751920783,2.052087503714526,-1.3774054825344562,-1.4859149242179772,-1.6538782152381755,-1.400890103236482,-1.0269289763091458,2.36740902416574,0.5225875672626342,0.3385811680205224,0.1716773874899602,0.7091860578567313,-0.29361964756081005,0.7230203383677402,0.3397512024912906,0.23476864940144154,0.4141797562469311,-0.2936196475608086,-0.8192102173671385,0.6581611523109991,0.33584407090449914,-0.10694609648901666,0.6220531965599968,-0.8192102173671371,0.26748101652761547,0.4057300409184428,-0.2969035885668524,0.48993756980337055,-0.5175030633539414,0.4387695015562391,0.07950059891456157,0.029293347467316665,-0.11948232439304052,0.024227747429695128,0.6284129622798281,0.46852222040179264,1.279116439092619,1.6607719837358785,-0.6759947033991185,-0.28340616296573723,-0.5079257348948462,-0.380226078843387,-0.35546825534714516,-0.6194098786399195,-0.6246613730696491,-0.6905077156993553,-0.8014874852639988,0.6085187672265047,-0.006670290479082908,-0.17237074561817475,-0.12939251534134066,-0.14175881205851604,0.9070411722514307,2.446779583859446,0.5078642546516504,2.654664879863204,2.0575569490693333,-0.6056209966748233,2.3318537085392212,2.336447008388399,0.12154084930673593,0.7176312099977887,0.9156164391373542,-1.1904086645235685,-0.5500219872179672,-0.7963878384628542,-0.6338265186344123,-1.0151291081317637,-0.44213244557423215,-2.5849487976777965,0.3863428295694799,0.608796883688505,0.014599431959835776,0.7030125944424299,0.617057165363749,2.0373937945769263,-1.1284702427486035,-0.6194338960680462,0.9077310014471508,1.0155598458340709,0.9798272023114326,-1.3707923084111842,-0.24691986656199327,0.07266275898724815,1.832622000843379,1.080045656644227,1.5809558823843788,-1.6371593410614556,0.8628560112307233,2.1249268124001217,1.8244648383688973,-1.7622026673290867,-1.5555456617044687
3168,2.0963901299035936,2.035220591762892,2.1230188261504583,2.0692349857731296,-1.2052767665907864,-1.1868770528224035,-1.494162467447792,-1.137428942464402,-0.9650494357729921,2.3148468797866526,0.38304282629227476,0.4336439164133053,0.30391395178764047,0.7710394881784145,-0.07402857109904223,0.49240045314199615,0.379592645244346,0.24585683444157563,0.40741543330551555,-0.07402857109904176,-0.6562313631368462,0.647342891977533,0.33644236858493193,-0.006411809391662051,0.5702267795144673,-0.6562313631368437,0.4695263406353788,0.27265376263526386,0.6081003974073528,-0.13125880711751006,-0.8608340308235819,0.3375353937323647,0.17858231168548175,0.1113180540314273,-0.046689784074287054,0.058780681813180184,0.6384368600083096,0.47633369641324846,1.2655497428128673,1.6669367399752628,-0.17131256400897432,-0.22952177754088035,-0.2917724172004894,-0.37187771615502424,-0.32423443688872833,-0.598550413265353,-0.5875437875858389,-0.6587762183755441,-0.7826017017091134,0.13250794934983476,0.5676410050466042,-0.07094186275731924,-0.27413952565961724,-0.16900044680438295,0.9623266116090617,2.5572906429089644,0.3335582399559868,2.6311691604882776,2.0325136258897367,-0.64665687560934,2.373241772172165,2.3105790089770726,0.06782479441637326,0.7632637827229051,1.0188095400472592,-1.1976429371315087,-0.809682887358145,-0.8735418320144744,-0.9339294507748257,-1.0252405125559416,-0.19311941769248764,-2.489696667878048,0.6744855643777287,0.4770914142454422,0.35332403069492324,0.3598595089222531,0.5685107035535591,1.9551646356991401,-1.2112842722976696,-0.8745398124886827,0.8428704323354895,0.9554144122930908,1.008421796742286,-1.769866171633344,-0.11621296296634252,-0.10435954339080034,1.764848133982774,1.0669754198680816,1.5573439652379666,-1.5493584188445897,0.9672648693086515,2.131433528804505,1.8182049090506631,-1.7766360703852704,-1.530224505787274
3169,2.0261315045175996,1.9050353038439807,1.6477854784809074,1.6132292303786442,-0.08630918887733152,-0.7792470285702252,-0.06293756280195573,-0.49622185282056086,-0.9090823133294155,2.2398874908768227,0.46610297441848614,-0.6660170684216429,-1.0130070840323602,-0.09276165765839768,-0.8829550420438375,-1.8244093220730753,0.11385994850174791,-1.6963696182060257,0.3115805266080936,-0.8829550420438365,-0.9670619416412662,-1.24977804923544,0.1642998429890056,-1.477259682723597,0.4923568207252401,-0.9670619416412657,-1.9250838447350964,-0.5308380213113709,-0.21483768576205875,-2.0257627414889927,1.2984647187039382,-1.283581470170898,-0.9082701665021339,-0.8668684015508081,-0.8100908254324044,-0.6054457567541822,0.14169284307273977,-0.07970239260062467,0.7878975958666504,1.2614311316547069,1.506156719904386,0.8603737439397852,0.9224063053323828,0.5961230648324022,0.5932971645317132,0.13070030658849532,0.10851243793525901,0.0028198904055519586,-0.22549226688662563,-1.9423417149933142,-0.577736755065202,-0.6174611096648727,-0.7889385261684131,-0.46757150378731255,0.5567725809652967,2.1210720256239046,-1.8076598735080383,2.522638601322491,2.051212693393495,-0.6195245202977459,2.2849342418952476,2.2853997554558805,-0.8229117268068188,0.2329322649263978,0.9340492842422748,-1.2817890027333378,-0.5637736040161707,-0.9237579232431069,-0.8841477125041866,-1.004519298951898,-0.06081485822057699,-2.5368029814131345,0.38375730934944396,0.7766320828298703,0.22656687489922164,0.391615846436542,0.5028236167982493,2.0242014699013375,-1.289898627295734,-0.23715294684047852,0.7746847196340668,0.9141130225786213,1.2226873828427653,-2.4100927773474483,-0.05677940144251875,-0.7523853756741645,1.2218026899580772,1.035492980869495,1.529667774340507,-1.5201482379118054,0.9793190097984258,2.1338801389107065,1.8064265236655692,-1.82511277903028,-1.5305924023663935
3170,1.573340646211817,1.5590183880468556,1.6977334905486228,1.6378470986398523,-0.11241826729562296,-0.08579400896357592,-0.13930400179357325,0.10601806519422968,-0.8879083404148492,2.1710248688758935,0.41150585309293547,-0.5619184167855513,-0.865854191271353,-0.025887883990861008,-1.0531368020927823,-0.3908987615291896,-0.03481559185449824,-0.9479544360180663,0.19641410285486063,-1.0531368020927807,-1.0916112966241884,-0.5085785856474375,0.039658435136558534,-1.0657633380021085,0.4035644382781574,-1.0916112966241869,0.23039179991384148,-1.5460102730796323,-1.7054950051470095,0.2977612421947014,-1.1183752250829404,-0.8380276746139926,-0.7172128012935644,-0.6983840410319212,-0.698203908528727,-0.5492655248159511,0.15847246479638674,-0.0696488642593013,0.7844255896171201,1.2740678597199042,-0.9054848506026875,-0.8899983088512627,-0.7805009434581284,-0.8011116541346069,-0.7106446451830911,-0.9143655728907321,-0.8779370627654528,-0.9075195145777756,-1.017059503225788,0.1304291379815986,-0.7736177943384275,-0.5821661642367938,-0.6174299463687519,-0.6215129636522747,0.6795492992375024,2.065381219670127,0.43766761711091373,2.4373668023953354,2.0434116737424084,-0.5948596881108602,2.252006215994942,2.2608778314202365,-0.726732412650846,0.2772436831104532,0.9268302492524045,-0.5552729957481178,-0.4642980767719976,-0.42684623417871,-0.19656141645581363,-0.6454290900165848,-0.6363191722097731,-2.2155073167584196,0.4120146477061637,0.16939525455903956,-0.1955217922336089,0.6985688809682506,0.45852814084573695,1.8719431344903759,-0.5586868621988558,-0.14374486580970658,0.8330568247324968,0.8922867370270069,0.520874740320494,-2.596459227099545,-0.03486465098859989,-1.059524343335364,1.339178034552249,1.006977179835113,1.4941617097392232,-1.5082434443406008,0.9892202633680902,2.1360766139017153,1.7925874128915185,-1.921192670553596,-1.5411590248922558
3171,1.73161519942863,1.6091942609584957,1.6853481150161584,1.657623661856835,0.684811295255403,-0.04895989412141542,0.29202333460900254,-0.019867484288624403,-1.0885968988662722,2.2849636853091404,0.30767420838002274,-0.46569989338824513,-0.7276054765440338,0.03500634337961688,-0.9353872745833192,0.2583860893584363,-0.10953411332776097,-0.47823199756160434,0.09374207213159978,-0.9353872745833174,-1.0952825538933761,-0.024489708602823256,-0.04777989024829403,-0.7468522249044222,0.3138171602419667,-1.0952825538933755,-0.03529392639603649,0.26277186546687575,0.6486779314400332,-0.395676211041052,-0.7455778316716619,-0.5465580710401259,-0.5106816180937744,-0.5589266270471599,-0.5926898407645946,-0.5171019019027412,0.1738676756566408,-0.06296798091211112,0.7750978447092474,1.2824999057814053,0.7384666043128555,0.4212457679112414,0.46738762745021606,0.2973908185746291,0.305082048309666,-0.09359981687633047,-0.08211087144006622,-0.1671337701994528,-0.39733499855566257,0.11122037766289426,-0.442598236088209,-0.7210141201929918,-0.4714242781816645,-0.6344008468938788,0.5440987300135028,2.080401047147069,-0.4424416184610345,2.3758692227332054,2.0298289023454106,-0.6156791200152719,2.2202226231697555,2.2369837967496644,-0.6407394214502201,0.3164878745519995,0.9196153663914759,-0.6878012372957121,-0.21488148273316274,-0.4118879578454859,-0.36015234685616954,-0.39543302710666606,-0.5406856706242669,-2.1287134950755155,0.10787332402423513,0.3795824934630151,0.052340466517830544,0.1406550120082175,0.15935797115196426,1.896340065714192,-0.5420462057070984,0.9744124994439369,1.0197701875892689,1.1051425943465214,0.7406030225542325,-3.0088218154392337,0.10096474137023663,-1.7080836642944037,1.2412504234612152,0.975491168369513,1.4645518904105483,-1.5308239535435044,0.9771645510490305,2.1378035634227857,1.7772992649875545,-2.018052508668696,-1.546353015180197
3172,1.6232986416633333,1.6429076387378039,1.6762085866128595,1.6992808121340726,0.17583593372736267,0.5007660314872298,0.1375603275822511,0.40744805089746433,-0.9825372550259951,2.2764999817658236,0.3277762072402592,-0.306183899694417,-0.4984648648633062,0.13738951859393694,-0.6617925074365872,0.6104893792684095,-0.12148513231051583,-0.08076553034078199,0.02103314212569002,-0.6617925074365866,-0.998907232368301,0.3789396451453038,-0.09618038338548,-0.414630600505572,0.23153546001037603,-0.9989072323682997,-0.02025110701495094,0.19126303959809038,-0.402883332684774,0.35843729207983904,-0.488194835993386,-0.08282924686313561,-0.29390541768539125,-0.37206898542313305,-0.4655481893421298,-0.434188873574575,0.2131679731017417,-0.03335561955656908,0.7895954723726251,1.311061244624611,0.027936875199829046,-0.04978226768617443,0.037811039753448156,-0.04984299825802077,0.027303752385572894,-0.3524541008538789,-0.32526496439932023,-0.3906416086193453,-0.5871461547428807,0.21230095128585083,-0.6195082279727536,-0.44575729173476186,-0.4886692923106935,-0.419942472623362,0.577307970541403,2.160764598824058,0.2330531707296923,2.3224798339462613,1.99426566296282,-0.667085015374559,2.191653739539696,2.2136900303224185,-0.5070819270377851,0.38365581462962356,0.9159437511592946,-0.8120460927108442,-0.47107206087925646,-0.21954790217632705,-0.574660564599871,-0.35690854390126436,-0.7240563391659193,-2.125459973140578,0.37010002579508766,-0.12862213132916275,0.5681270510573141,-0.17305226209140953,0.2668573901543851,1.91610281664189,-0.8618052619437425,-0.23433956305439463,0.8978544180715202,0.9912376720459978,0.8010736288954733,-3.0140639831860256,0.0050236287988156296,-1.8875883892688035,1.2516113186735613,0.9478424216566113,1.4345826225997087,-1.5189309726239282,0.9840014141787078,2.1388271223598583,1.7640091747916893,-2.073175215459364,-1.54002513393285
3173,1.691226185692021,1.565697041341397,1.627823038439814,1.5651188426601288,0.636146957471397,0.011913428951212926,0.28919373220072025,0.3280539937202122,-0.6903925113600058,2.2188987862813923,0.6401840613014618,-0.6089849863533062,-0.8652476065080014,-0.10380855411323837,-0.7145946207998504,-0.12511444520417808,-0.20926773522811204,-0.5594458894713679,-0.05776305050398484,-0.7145946207998496,-1.0165772309052628,-0.079139269427781,-0.1822204493532155,-0.7316191396659361,0.14727583432632396,-1.0165772309052619,-0.19301187909655718,-0.3377921212214422,0.2955876988852397,-0.6665986085607734,-0.6675023638687253,-0.23734761029677287,-0.5957428536087253,-0.572825872749172,-0.6379188641722126,-0.6094593218496389,0.06052078083861531,-0.21331344188029389,0.6335648796612054,1.1860031077388855,-1.122332280931123,-0.8112252950645497,-0.8377492873702904,-0.7968244825946645,-0.6647109379081184,-0.9110998732214739,-0.8475441998656674,-0.8881194749507534,-1.0044647401514373,-0.5842076595102518,-0.9411268663558815,-0.2781349437397516,-0.5942372936616037,-0.7008378217789112,0.45130845058546576,2.003070364724222,-0.4019385039878666,2.256559438442012,1.9591200200686012,-0.6978675733713752,2.1617254580962326,2.190970587774776,-0.7794872218993113,0.23213042964357827,0.908888930923048,-0.9209806841732958,-0.3848822055754921,-0.5259336473214813,-0.588280490003313,-0.6583478213628854,-0.6930128971840912,-2.1849282458362023,0.2524658719878923,0.38232238863624357,0.24786066036275642,0.24630646203723888,0.3938297387587179,1.862063087701306,-1.0837755948208567,-0.5362643672692654,0.5893694630894839,0.7035388966521009,0.9582417413218708,-2.979079263410464,-0.30701064949346457,-1.8403827044755643,1.2328618002166514,0.9160828558613158,1.40145538961593,-1.493197695354606,0.96923112120068,2.137337688811751,1.7592240791318914,-2.1294693254269803,-1.534929961021376
3174,1.3905386222192961,1.3249598003791907,1.3679712284528796,1.4393400317521194,0.8806092909056724,0.6250027268996179,0.5612551972341072,0.9593844410990149,-0.2504483241330573,2.0788371301436985,0.7272827410817099,-0.8772083352220473,-1.1733422249069274,-0.3259325041042773,-0.8798097016438069,-0.3797617788902277,-0.33925286094824103,-0.8243015737826243,-0.1551795237795461,-0.8798097016438059,-1.0959317392179357,-0.32880440772231256,-0.29445179244552067,-0.9504505110776691,0.05585970005792619,-1.0959317392179349,-1.1208836012800405,-1.127846830188493,-1.1822449230808019,0.22391128001185126,-0.5207674911610382,-0.6371574668567002,-0.81584080353899,-0.7628455521247789,-0.7871985483155375,-0.766145784174353,-0.0819584457348852,-0.375544240101002,0.48391954302659895,1.0672287429246137,1.1131442443671515,0.8731119705332994,0.5633616224842863,0.4975395131273327,0.5331580831762794,0.017238530174938628,0.07778963393229597,-0.03579580140793272,-0.2966427580252506,-0.5602366579901491,-0.30586970053904244,-0.6260883426841747,-0.6616556639159584,-0.8284031889096405,0.313546248806378,1.7575704606644935,0.010446589408117362,2.1708314590742006,1.957738955372056,-0.6126646981997782,2.0192041600308683,2.168801072632736,-0.8045149204765404,0.08748416944341127,0.7251207504840714,-0.9551817200929661,0.02495273571269676,-0.7454052541892557,-0.4489250676071297,-0.2725564000846513,-0.862930526386999,-2.067491432301797,-0.2128105321767061,1.0684706566852522,-0.19280630553386915,-0.1441374427852413,-0.26546397105991026,1.9097680219372928,-1.1933628053510226,-0.777613545312736,0.13985927736446258,0.26425428260461903,1.018489076338697,-2.938322063307714,-0.544462184292338,-1.4441485209980724,1.2378860299304608,0.8862452162422767,1.3681854274313385,-1.4136424611540692,0.9452904069279916,2.132886261886827,1.7562422921055016,-2.1615639758917355,-1.5286685901827282
3175,1.439508980846204,1.423331436573012,1.4289793243162723,1.3314117449445027,0.8223868381807427,0.9174066654538595,0.6224415885782673,1.0592815092058971,-0.3713882416875542,2.07325726274221,0.6949722982489331,-1.0924731677487611,-1.4089209067906125,-0.5113495662840942,-1.030899851540225,-0.3490769492900457,-0.4825894232363151,-0.908577720407231,-0.2696700853848206,-1.0308998515402235,-1.1910726329576427,-0.3937396517613755,-0.4194837597719888,-1.0574319032959287,-0.04405437036016272,-1.1910726329576415,0.2734347939332842,0.49413729674673,0.21103450869993762,-0.5882754466021763,-0.2982159986501001,-0.8511769248925865,-0.9276341145694655,-0.9402699560334163,-0.9075540968990714,-0.899232553065364,-0.20412361201607535,-0.5134717793753203,0.35352288954816935,0.9650831339957296,-0.409462784498843,-0.17791612402151602,-0.21528176238125316,-0.31230034636803616,-0.22264585427191136,-0.5670717856823083,-0.4930721006759975,-0.5650010046661574,-0.7336895638769401,-0.4895154010791387,-0.5877648650017845,-0.9619221382235054,-0.7915538067797948,-0.8168918351804527,0.22647017752771834,1.5512978066401095,-0.5404498728280605,2.0798886965252055,1.9377490721327693,-0.6087428068439485,1.9944159102189085,2.2517778060984455,-1.025647836840214,-0.12183337895849977,0.5979783056681368,-0.991884195815429,-0.47228004368898835,-0.37721435902517936,-0.33565664358938463,-0.04381267849791992,-1.0605055285849196,-1.8427172682638975,0.33552017359030273,0.09254483089709674,0.054994415600447016,-0.33826777382612894,-0.2516072981632029,1.7868532542846671,-0.8927396124997238,0.7957829446730772,0.2570870209572973,0.3851209633753644,1.0468422299215372,-2.8366974309643913,-0.674758692094272,-1.2924690180308258,1.2685247547033707,0.849132183281467,1.3261990958570338,-1.351650236973107,0.9271364329478821,2.1279167873973153,1.7544354240763154,-2.190358502057824,-1.5185811268445926
3176,1.4565587753272053,1.354149785900585,1.294940354896782,1.174471402513785,1.3633439701497603,0.8421757672516703,0.9771059239864405,0.9641181970300576,0.5586350202965065,1.8569298754670325,0.568811291935913,-1.3957476915273261,-1.7232855055345675,-0.7827193369009507,-1.252328769401179,-0.5095307725011999,-0.6647900364157372,-1.1554233530565914,-0.4090207235278806,-1.2523287694011778,-1.338297331974405,-0.6057667130483494,-0.5728520656211071,-1.2967725803274257,-0.15686053513557677,-1.3382973319744043,-0.5914638095034759,-0.3168139734756435,0.08275408289572982,-1.4889475153108114,0.1363300365395945,-1.1311891199575161,-1.175682797285278,-1.1895880313240976,-1.116845040812346,-1.0926086137825093,-0.3818961164902126,-0.708785856312952,0.1734949881165445,0.8188483595508116,0.26168676064290913,0.17897493337131967,0.2410252005303544,0.14691872810936746,0.08487610717221805,-0.321743258535238,-0.2391483825618413,-0.33387513256138707,-0.5345706364875311,-0.7271055158326334,-0.9644726018360525,-0.9959939605127158,-1.1098166500731614,-0.875557304157284,0.20092225415744802,1.5099132646554723,0.2020861065204664,1.9698492501239986,1.9275751742180358,-0.5522907224288571,1.9413521900852655,2.3167503750942324,-1.304459759692281,-0.3811762546288039,0.44248640409212175,-1.0406343244875347,-0.4154284970542155,0.1458939768472414,-0.12831921480592157,-0.04199944619080432,-1.1778103435182503,-1.6342956315044117,0.2619787645969835,-0.5871892521639637,0.3417986451513374,-0.09287375981055929,0.17038270303934558,1.587487229263019,-1.5349052398861769,-1.7655727499617844,-0.6907666967378381,-0.5428507695890402,1.1544471987821172,-2.290924497980048,-0.7177276243151824,-0.5148327122353372,1.2183663748004165,0.8132900842733158,1.2724636956066884,-1.0914013339871829,0.8795860353806638,2.12127831047436,1.750713852293651,-2.1795719388042403,-1.5149079788430149
3177,1.1848948795249488,1.2816470813417031,1.3040858036458645,1.3092228051583223,1.185037281498106,1.4332337175704963,1.017334973135647,1.4505272658533255,0.4182157783901631,2.0085709527783178,0.7435329601654675,-0.9165792534826273,-1.034887449110093,-0.47778773773497185,-0.8688890301349351,0.8601629577458836,-0.6750116242784404,-0.07325324292645397,-0.5055374862452663,-0.8688890301349339,-1.2182018831424428,0.4740460747579606,-0.6314639168887194,-0.5010054214746398,-0.25984736875432973,-1.218201883142442,0.03933497356778663,-0.3396027221989372,-1.0998510621891446,0.6162471023808646,-0.38749229463440654,-0.2094173022737662,-0.606854240660614,-0.7046349641736482,-0.789004049992346,-0.8428256074641184,-0.23227713519126358,-0.5541205189532733,0.2835684477207529,0.9298132548601378,0.35825076569804876,0.22274746050471492,0.3138565379093281,0.27580713555374753,0.15163398399443978,-0.2497832030024541,-0.1737139156194769,-0.2700383868952154,-0.47642438176134205,0.6360390595165052,-0.775084330007563,-0.9843402624456306,-0.7897675110762804,-0.7976496348981099,0.15077756759307398,1.6704230200243266,-0.06799902544624617,1.9030986251894546,1.8953764026586728,-0.5004606113574807,1.8898542061042052,2.2900992069253636,-0.8974007051389639,-0.203522297397294,0.39083012435081554,-1.0193024696704902,0.05972467496203864,0.270443387898887,0.39154267411762905,0.05309047393316707,-1.2103727208836896,-1.5685782859745863,-0.265755634012794,-0.3233077547825921,-0.2517437964906042,0.39239747281053455,0.15365075769496828,1.56399113286572,-0.9137403997593153,1.0064480392780417,-0.5469989935188139,-0.40402037161002174,1.1133812371591503,-2.122889512559064,-0.7716090856302618,-0.17107931581841584,1.2001842124919075,0.7833857496671665,1.2265471243997492,-0.8957863269071984,0.875610672879587,2.112774943493148,1.7494911573798788,-2.184543561623963,-1.5065860051047841
3178,1.3198105205481134,1.2655115348629071,1.3937716245082152,1.2972042512904194,1.2701849164200967,1.0191515811154155,0.9712183137665462,1.3608878218361287,0.037968568429699215,1.9808851105418368,0.8590078777035018,-0.9165132870800686,-1.0336158387954901,-0.4813013169919254,-0.5784861027109135,0.650793945684236,-0.6739345039205139,-0.001977724123116318,-0.5695279564590376,-0.5784861027109129,-1.0799167231473428,0.5495212125712466,-0.6730558646069621,-0.3589030003255192,-0.35130167740613516,-1.0799167231473425,0.40377089701502555,-0.06670565055826162,0.5658589625240167,-0.15550605148516605,-1.0784329569000688,-0.030150015376815623,-0.43656657475302696,-0.6159816581863211,-0.7373239666728633,-0.8134673891603503,-0.25068962188777727,-0.5811250725806376,0.248018841997754,0.9110920460978577,0.42152163655800656,0.49812573331159216,0.5536455983185334,0.5748517941911363,0.3999176727213403,-0.016582552302229145,0.07662640671424982,-0.05677948038547029,-0.29396560255601223,-0.05246689407604429,-0.5347391255090674,-1.039881199288705,-0.5225418860283189,-0.7698970755588205,0.31008381199688134,1.7165293745007568,0.04395173100409451,1.8414803773007065,1.8697686370550903,-0.4526564027152614,1.811201281108012,2.2641802716400083,-0.7760417516617982,-0.2092075425830824,0.29297680637308027,-1.0390383426915635,-0.033339003254473705,0.27863046951566606,-0.00033852105453789194,-0.059797941479506005,-1.2402930012475024,-1.6909479120758097,-0.16608775761140285,-0.4200529152132699,0.30829267821185713,0.08562764859752901,0.3004010249364326,1.6434999953066103,-0.8123669349900883,1.6255309591284128,-0.16551316491932672,-0.020191010421930385,1.1415591777568987,-2.0204899243184475,-0.8535457616061777,-0.021701807035297237,1.1831248145131323,0.7437434795610731,1.1529091008370607,-0.8159546829355354,0.8568147654383342,2.1037922505189384,1.7481729669019315,-2.2044451560213862,-1.4985856506684194
3179,1.429716516139933,1.4846710359370936,1.4875688522456525,1.6158877323028877,1.142726294319277,1.3003037452934638,0.9360054934063691,1.3960837319073718,-0.05232632867565417,1.9821442674869494,0.6996775468061063,0.034600235825189125,0.21050882812335875,0.1732013817652526,0.32487854746064554,2.022918651821308,-0.4439929776179269,1.4388562889938445,-0.5327241560078224,0.32487854746064476,-0.6025946303958435,1.91144527512956,-0.5686125644294233,0.8717103977859095,-0.40228363035787434,-0.6025946303958434,0.42541015013150146,1.0978725250606312,0.4637083230985799,0.9311070661236636,-0.29958410822243176,1.2303771878630447,0.46909674080069036,0.28617211877408194,-0.09347175257730463,-0.2958439521012484,0.10309208422249531,-0.1965492193229634,0.5439271776716403,1.1867278551371405,-0.7763131350034336,-0.5536460605699962,-0.5552444871186398,-0.4680505934440754,-0.4729656171853462,-0.7138386815760701,-0.5701642010769383,-0.7003938197576655,-0.8332631004874721,1.5044937046735678,0.407110572130682,0.07478168417584058,-0.26777046701701807,-0.37530700208119844,0.4491203043614904,2.0143241418890665,1.6132479535891355,1.8231040376558667,1.8210150405440404,-0.568064644682612,1.7916199736626166,2.238959061254873,0.01729274363219863,0.20737219744389965,0.2872166156481502,-1.1392873931563936,-0.3133031226840006,0.36538636897345844,-0.4255179681872085,-0.11069171101602265,-1.0780354044092457,-1.7495252579535514,0.12666928488472456,-0.7969002984897571,0.9988063002797328,-0.3508641292277178,0.4334155743443289,1.6860092205017534,-1.054735570164773,0.8677394652928769,-0.0875322551371555,0.06891522166380049,1.2232925508024612,-1.9087167298354348,-0.7568995859786511,0.07453864346035695,1.1198390745912423,0.7301848052263782,1.1235516334426034,-0.765517371372622,0.7971281674540469,2.096267357958874,1.7431369491507092,-2.226394746117656,-1.4886299898967341
3180,1.3141428064567828,1.2586350066541072,1.3524041270630967,1.3684522223510767,1.363810948406378,1.0838642821623787,1.0542388511452507,1.4256004272257254,0.33733051994554974,1.8154896909050948,1.2131406082893748,-0.544639872533993,-0.5116067492763422,-0.2915814811089174,0.18770304412056074,-0.3133881455418482,-0.4528928863182275,-0.06181140998417577,-0.5112718340623366,0.18770304412055983,-0.5039270314917648,0.3918061186857892,-0.5768215096917996,-0.0759775049440004,-0.4448649837260994,-0.503927031491765,-0.6008194760101997,-1.0844157908584202,-0.46692028180657424,0.2551470111312303,-0.8645796142135305,0.1022622745512279,-0.16325378632875356,-0.2081800771370173,-0.4980771739369891,-0.6302908908672662,-0.18269769648266013,-0.5066593250971433,0.2752134610774948,0.9583308693125289,0.12399798378659493,0.14302135671510874,0.14410033475046352,0.19414813032436376,0.12412130715040061,-0.2371060386980561,-0.05116785412861229,-0.26116439714801687,-0.46850420036804885,-1.123619259695785,0.10690952856368756,-0.34063153498868054,-0.7055864444030413,-0.6317950858568101,0.38766551436222146,1.6681596477050014,-0.45394365215157934,1.786118769792712,1.7746298771272173,-0.6116840660089439,1.7554210062926248,2.4170842610250514,-0.5069240198441785,-0.2677175462477681,0.007936395936945798,-0.7542574708094184,-0.5936101774126331,-0.6493265718990131,-0.7929062039114617,-0.6885967188327016,-0.8555521547864617,-1.988719744623732,0.5155319800658507,0.3606611196359585,0.39661280449977276,0.03796799436255705,0.3250518438266973,1.7022733835908062,-0.934136088677141,-0.22725923905704973,-0.43583209390238026,-0.31977816103996454,0.8778529138423367,-1.5943166934568926,-0.6925290588582904,0.28359689519685194,1.2782990626227495,0.6996967106244505,1.043143555959506,-0.5914577924354829,0.8003299970718161,2.086063404832864,1.7472647617184698,-2.2314181124136607,-1.4731789360171355
3181,1.3912494514830107,1.2918701822395684,1.3202371289743047,1.2474568675387026,1.103869348439557,1.361491902629145,1.0936771406986445,1.3971882932110553,-0.07351751863573086,1.910908362763712,1.2486951958318684,-0.785268560421746,-0.7942162697983757,-0.4967131388730147,-0.11060950371780245,-0.675060565132788,-0.5284745986733155,-0.48173960940108973,-0.5230814353455221,-0.11060950371780315,-0.5216471552724158,-0.07548901180609362,-0.6233077334398867,-0.3992859287040989,-0.48889036822690374,-0.5216471552724158,-0.1462206828478794,0.1759680411521394,0.3282640626180684,-0.784377491365843,-0.4439966152978663,-0.5011099316716778,-0.39927371165597575,-0.44875503134297445,-0.644302472896285,-0.7641338440137088,-0.32041581901571453,-0.6427685289289159,0.1365612959977582,0.8422161449787132,-0.18762696512591576,-0.08229947380469127,-0.04410546640978464,-0.06424106755826463,-0.09239128493165262,-0.38848203941633386,-0.16180240732423695,-0.398340298357158,-0.5930653102594887,-0.5616823574871702,0.1823976186760951,-0.5589715538082212,-0.6917270822790449,-0.8717892653792049,0.11944615526415321,1.5434321466331433,-1.101454274163631,1.735859391351689,1.7408954640895973,-0.6803035269122647,1.7063554866457513,2.3837005234600217,-0.7034261197553408,-0.41018493109493,-0.046911274186641976,-0.6136971748544012,-0.8402835107816994,-0.7018837279813049,-0.2821569760797818,-0.37452912875045696,-0.9071434299572929,-1.7510005272813212,0.8189722941726746,0.20688874367169566,-0.3764770119748957,0.19865342429946897,-0.10652994206362913,1.5968201865043004,-0.3846080318408379,1.599194122759056,-0.0019519821464201845,0.08978280216198363,0.7135903544366095,-1.374318503903162,-0.7459425482852446,0.4533955869692571,1.366436014301645,0.6664514233822647,0.9557666180582899,-0.475100664195214,0.8332093146770538,2.075755127407903,1.7557344837556557,-2.260454772093843,-1.450885316745295
3182,1.1495161984396587,1.058819254479287,1.0731889997073552,0.999422579593715,1.8323376832132734,1.143678043704975,1.6872899396322771,1.491834095606575,1.0697722027855776,1.668989179723117,1.0339359041590916,-1.2484867445361612,-1.3089525020784611,-0.9105992674247188,-0.70361564098832,-1.3335162277084909,-0.7310059731438796,-1.279117300229593,-0.6009613343168441,-0.7036156409883196,-0.7400735128724555,-0.8815805099581296,-0.7506759239188301,-1.081600841282843,-0.5513800867949765,-0.740073512872455,-1.1259360923449357,-1.142637175407796,-0.9979206677937207,-0.8304989209085226,-0.3158089875042915,-1.3382915721487683,-0.9233362824775682,-0.9648297776774768,-1.0261988626450667,-1.0930450825818725,-0.6046952953426336,-0.9397573310779618,-0.1297746279802184,0.6111939102114269,0.31292571551370074,0.30590006692579713,0.24526126088293554,0.254605295973036,0.21321190794265021,-0.08587116954309945,0.18170365599148675,-0.1515022777107071,-0.3923845954718966,-1.1702243036997086,-0.6484732757326858,-1.001977346203241,-1.1377638731207744,-0.9881310329057075,0.1208521939250899,1.3258520352584902,-0.1283796215612626,1.648228502729449,1.7284500231568205,-0.632636014927376,1.588536294789421,2.6708661088327386,-1.060531763423842,-0.9787333480712622,-0.600473312566347,-0.6792726147567092,-0.9071998573508477,-0.4454794729917171,-0.2379975476026874,0.03948142070821523,-1.166816822638744,-1.6118825149349076,0.8809850878467707,-0.21352373722375256,-0.15619736898440278,-0.34106480156228686,-0.4091513366757069,1.623766361268744,-1.255965727480936,-1.8480011613126996,-1.172735069193207,-1.0493894111878659,0.8585117383790816,-0.8343293017811652,-0.8159387139107966,0.6070025892029052,1.4487669342016931,0.6190864198212037,0.8552431914106551,-0.17803268782826986,0.8273022471154546,2.064156568571997,1.753904502241213,-2.251679698279284,-1.432331646354389
3183,1.1408523965052655,1.0567388048904702,1.017834410186983,0.9758018366831053,1.8795641601253785,1.7425800876457547,1.5410154996471588,1.7051826636496017,1.9807144130626873,1.4728091374433419,1.3759692650287765,-1.2709834581160393,-1.3322849852921248,-0.9356583793660864,-0.8686119989030738,-0.37732845343989097,-0.8588487957859842,-0.8138399447554298,-0.6971058006909239,-0.8686119989030732,-0.8450149642893668,-0.4281664354906527,-0.8500273796097242,-0.849229155708236,-0.6226775887828749,-0.8450149642893671,-0.2658350705233309,-0.005843084363380025,-0.03505745613165991,-0.9165319613781825,0.04487772659110246,-1.1674852212529756,-0.8317307671910258,-0.8897378876068571,-1.0006489338052456,-1.0657289206341831,-0.6347484787426657,-0.9499646308101469,-0.16935799632384213,0.5815272606381185,0.6762132881793487,0.4177532160971097,0.4988556442606168,0.5495566342900545,0.40818833131116605,0.11497658073826597,0.394654758414845,0.017338264217036183,-0.2522855098863307,-0.12015905192581973,-0.6786951078152152,-0.8544407440047741,-1.1962911312848974,-0.7771738599273565,0.15882809391012884,1.0938361289929164,0.8329229332447606,1.5818536389241145,1.6762089665226818,-0.568667815956213,1.5466498426263657,2.626884303921274,-1.0369019544337263,-0.9981728617470682,-0.6474665052454961,-0.5214896107413441,-0.45635325587308173,0.2300412812245427,0.4566526435703052,0.26751590998243124,-1.2098413779909236,-1.4041328301437621,0.4079321607448071,-0.7385443041069195,-0.38521571269873955,0.16287877336070558,-0.14379256022461534,1.5079007956678356,-0.9140223111865299,-0.9271661179819893,-2.0799193903970323,-1.9648654337788094,0.7130927369257212,-0.17166915470101995,-0.8978799126944309,0.6570550890223473,1.503116488280112,0.5787464298119073,0.72026723920058,0.10488457596464722,0.8445640628841707,2.053351295608943,1.7581610882079173,-2.2010160172672295,-1.410218637823051
3184,1.060369695189004,0.9372870261926911,1.0328661043047693,1.0105003079678838,1.7275311009104672,1.8501513671680214,1.5703551099081239,2.0435484423750716,1.5828467598450753,1.4296676029685855,1.4510259818851179,-1.1351352440076607,-1.1520513394599445,-0.8432646658837472,-0.7059248576116822,0.3603507071771131,-0.8979420480477439,-0.2606222642679316,-0.7746887429132169,-0.705924857611682,-0.813065644394576,0.1231345685731862,-0.902802111599553,-0.4620583362164435,-0.6910362866022683,-0.8130656443945751,0.059427194934616005,-0.5979464894805143,-0.34088042036743926,-0.3049366439892652,-0.8459230694740733,-0.4831116647805286,-0.6145294509859972,-0.65981047779383,-0.8567637719016371,-0.9494867315374808,-0.6000582928003866,-0.886495576796604,-0.14765937940328835,0.6047576805003151,1.2998985843705981,1.3480858078498166,1.3499772939372403,1.4485813291722571,1.229953705967986,0.851796854070323,1.2063793140327506,0.674792871323418,0.29349358289291194,0.16098337678222394,-1.267567859360112,-0.6247654979030459,-0.6661328635408785,-0.8510231830583315,0.25526503067947004,1.2461700340266582,0.39081554757922976,1.52540141452849,1.6326474540352254,-0.5093367920884924,1.5325281714617451,2.58468458249757,-0.9315092335647722,-0.943800560598363,-0.6501387142883932,-0.6595753853485308,-0.3043450435276607,0.10284473071692204,0.6376884963923717,-0.04812363092994001,-1.190284655379731,-1.1731107272113594,0.21103891729095137,-0.4215878404730568,-0.7753863357847709,0.8280385612152834,0.14216155771319175,1.1559522105418678,-0.47131424095780844,1.7179829240945235,-1.692622440046908,-1.5669559130098327,0.8298052668118175,0.23339491091070458,-0.9876947408875727,0.7585640170877356,1.4997253964229893,0.533456759282816,0.5718156507809501,0.3095632354196473,0.8423492001068196,2.0438291763342384,1.7735020562023807,-2.1484058696072035,-1.3941750131745327
3185,1.0141148734068905,0.9031118514260894,0.9976714383389557,0.9482777185279739,1.891441036872693,1.7764439912257906,1.5943641032292033,1.848611576470981,1.486718320066148,1.3317437369274423,1.2403392132278237,-1.2419482015982173,-1.2780490172673402,-0.9389390830631211,-0.6257021117953493,0.17471130985751926,-0.9458789503628359,-0.3182600595724512,-0.8429441988205197,-0.6257021117953487,-0.7932105389005943,0.07440268111223917,-0.9574812607011901,-0.48129435787257374,-0.7574367533368798,-0.7932105389005936,-0.17436715900891092,-0.17256871350536793,-0.19890062296702546,-0.39275106966248385,-0.8372500035807138,-0.3910597506349136,-0.6904987565277912,-0.6967362629063467,-0.8815411519611137,-0.9871346343584408,-0.6780108897312261,-0.943405027837921,-0.22018928739243102,0.5416530955451777,0.13029535775534828,0.3546183134500603,0.36705536669063704,0.5885104965817176,0.4868197131611656,0.2359155473021812,0.530050821758203,0.15024679435415647,-0.15322590367665112,-0.306760010884151,-0.8995173804038405,-0.5663719280987525,-0.7756467318826504,-1.034855168506131,0.3297478505111035,1.0006095467478306,0.15673045257049134,1.459497951035516,1.6215860996987512,-0.44119372906878984,1.5141557684515121,2.539050670712746,-1.0509686227589086,-1.0070907243662828,-0.6538476826406073,-0.7877615831458944,0.518872765661587,-0.2257622225076899,-0.09408985863985865,0.049842091967802565,-1.0907266214854914,-1.2680945027585317,-0.7329200576050332,0.7879297458363121,-0.115597006834064,-0.1829304339562247,-0.24327768594364185,1.2907439909356584,-0.7173063994532489,1.2337565328341835,-1.6101804165477909,-1.4679387279824871,0.9725054071150656,0.5103560454264281,-1.0365224331697183,0.87264804225152,1.440445368153403,0.48154404210596713,0.4064342010675247,0.4512084715977756,0.8236480553277115,2.0325080918807235,1.7769711297580086,-2.092408363576003,-1.383600457285576
3186,0.530952937848421,0.7574191937978135,0.5693826694231103,0.7657625859849483,1.343974959310782,1.8981997184806854,2.067116601500192,1.6607572319149686,1.3823396607319378,1.2883093311049576,1.3993259340796897,-1.570691757693641,-1.647860003890553,-1.2364716753854637,-0.8408041322750037,-0.48884240872037404,-1.0793106924213336,-0.8637605885322663,-0.9345872759395522,-0.8408041322750042,-0.9030725410361248,-0.44724354614080297,-1.061165558195721,-0.9022903226497438,-0.8327797688560205,-0.9030725410361244,-1.9959171958982107,-0.7422125036524345,-2.058398112647009,1.2858829890335612,1.1464882409508501,-0.7932171471232933,-1.110894187371697,-1.038748890277818,-1.1349631425542261,-1.2093720615798698,-0.8883033227635219,-1.1424169353659046,-0.41201702252578953,0.3694050294383293,1.5803856181041864,1.9465037420609819,2.0040880856722905,2.2055120368275745,2.1893545391718305,1.755964055944285,2.1630028965859025,1.543684291754641,0.9807957294734599,-0.8941516336388592,-1.0471529803951414,-0.621086320241214,-1.0260088253147979,-1.0928094887857085,0.13681303236294576,0.8278597960221115,-0.7552907447853361,1.3710819462780504,1.608344794988492,-0.23188374645856624,1.2673916225444388,2.1941330118071516,-0.9674523142038404,-0.9665441664948999,-0.6605140278427585,-0.8872459234978755,0.2776498169341052,-0.3571594774483375,-0.06987516595842418,0.3654282232781932,-0.9753519025162488,-1.0722274599273094,-0.48284921771339423,0.748235242791405,-0.2923552406064349,-0.6021440002236259,-0.7355681646902043,1.2198965234465937,-0.8091096982146742,0.9585941908149791,-1.515714453296221,-1.3709697797580864,1.0059985338069999,0.7655214572920567,-1.1159200054845808,0.9034207248237514,1.4091478970675495,0.4173979996801051,0.24899351916851215,0.5257520874535933,0.7838271711822394,2.022510383379907,1.7843170605477143,-2.053507407201407,-1.370798566003212
3187,0.852987739945465,0.7178785005061815,0.758392721714797,0.7124884849778623,1.8224050814339599,1.3443982810399249,1.428387028382329,1.6878830108064706,1.706141882994291,1.1483020389095366,1.3021320704879256,-1.6444240755578432,-1.7274400488263806,-1.3091117769515586,-0.8757814134864765,-0.08380216987544807,-1.1769131960358177,-0.643466207900146,-1.0293799675520845,-0.8757814134864743,-0.9557242947062873,-0.2168633562677082,-1.1500610316957305,-0.784427388882031,-0.9120887940538293,-0.9557242947062867,0.8855238794380274,-0.20704631789030487,1.411608095058325,-0.7987567540991783,-0.4391602428978854,-0.7802939636022805,-1.1014988934628485,-1.0515729081208434,-1.12258598966769,-1.224233108311403,-0.951976790544151,-1.1812811499553106,-0.47156697027995453,0.31386736532524967,-0.9986595079920029,-0.4546181003937976,-0.3691867182273143,-0.14448021287605653,-0.011265963073748745,-0.2093633802446012,0.014157858075868628,-0.24505936658272065,-0.47395902352142416,-0.2732076236238357,-0.640703412434336,-0.9065033372022302,-1.1426750306672322,-1.2720559883915497,0.19111920792192352,0.8427932699489808,0.4123439114150693,1.2965248301877175,1.560155900707344,-0.037349908925850585,1.2581346292452789,2.167659382086865,-1.083167828390627,-1.0254115920005813,-0.6610799001646231,-0.8200512675376456,0.38550738326481454,-0.30190540599817606,0.3253252492804354,0.4969300214008572,-1.1459064843076232,-0.8933974617466138,-0.5897407966753422,0.770230477394611,-0.7790042026612711,-0.3202748262151922,-0.8509581992294684,1.0919732346107542,-0.9335374235690461,0.32455662450335193,-1.8352406507418084,-1.6898630827790342,0.9964174801728524,0.9554966985410973,-1.1565525648419892,0.9780001945653182,1.3624719728825228,0.33833403734758966,0.09825572778557462,0.6069641666512159,0.757654969002852,2.012841466175763,1.7895673282887599,-1.9912954673137147,-1.3642091416652466
3188,0.7422630230110833,0.7682002615376127,0.7808921015473451,0.7427767627759609,1.147469963810249,1.686342338494612,1.8490954225865106,0.9637716600090509,0.8733021531875544,1.2678053818705715,1.314171001959963,-1.5051789631912407,-1.531528307128633,-1.2182275400213831,-0.649692807406053,0.5029762814172972,-1.1942694569671608,-0.13696180665177243,-1.0984149702313037,-0.6496928074060534,-0.8827110657064162,0.2891554544725308,-1.1930206318390797,-0.3988474085694219,-0.9846638902415836,-0.8827110657064166,0.09057783662894694,0.25957576464282894,-0.48493216526458477,-0.026649708727181864,-0.257087188498254,-0.42961484192301796,-0.8576440453952742,-0.881919803512929,-0.9482050086766223,-1.111685282616947,-0.9192542630962355,-1.1182790581264197,-0.44698100455978573,0.3329947666376672,-0.5510730549872078,-0.043900943292518264,-0.003938083616440032,0.21219533515476202,0.35087853897017257,0.14388230844919073,0.37304193801343793,0.061727031726262316,-0.21874373114528492,0.13790107744469965,-0.5244047991655065,-0.8455629662519183,-0.9633685695084598,-1.2663287627864153,0.1364611881155976,1.1609288806268179,-0.4454794843399769,1.2334868675728188,1.5168100749796984,0.09995284516341557,1.2031378632201828,2.141374228750906,-0.8915817071595831,-0.9779954282724347,-0.7381277009906734,-0.9204085348123623,-0.036181859642740406,0.12536494095024941,0.5678370522254856,0.8195012001732281,-1.122545505126864,-0.8791267265137356,-0.1391322673521127,-0.20634819031867757,-0.6498485497109098,-0.49188039611271006,-0.9027070316412271,1.203646118138918,-0.5308988142440358,2.30242838175279,-1.0009866284290845,-0.861857517522392,1.0158203039667728,0.9973364444474241,-1.165807478132377,0.9999315048425521,1.2617192368541008,0.2527245125826418,-0.033119164545972725,0.6537557791649455,0.7311081248899916,2.0019845764181046,1.7928246097922889,-1.9594573439961966,-1.3562390865201392
3189,1.8225657209937003,1.8058784170068634,1.6455800947988506,1.7286249356462688,-1.150249486383223,1.094427044293633,0.7086374882132045,-1.0557824576168713,0.28986000045064997,1.4351952369406822,1.236980260885088,0.8134556860428788,1.1341546937421891,0.6214998662092392,1.674030216097468,5.011550192667913,-0.517819519878523,4.160864208412081,-0.9101306862001367,1.6740302160974643,0.24751001104146045,4.392889867344015,-0.8169045174849365,3.132433649387203,-0.9616784594486727,0.24751001104145925,4.01901551293992,5.1636352648955395,4.585104946349964,-0.5425985356943497,0.7106050332256592,3.3889459575067002,2.011234016325506,1.6428821018658726,0.9629447166207514,0.45861371588887706,0.19612502302475676,0.11345512997456356,0.5505160703280775,1.2156304766086083,2.8546185657837704,3.1986684191322303,3.3244695910815922,3.846583150171999,3.928068356033445,3.718820906704295,4.085214871004658,3.33179674964123,2.5479313404921777,4.694758634754721,1.5928788620405547,0.19696464536844344,0.3929531121164285,0.18534770193400682,0.6161781358425599,1.7725227173631557,4.355291362814467,1.2301437741324284,1.492644461529927,0.06722821745355696,1.357250575564277,2.114952045029667,1.1919890149308574,0.2929238915123583,-0.4620059264328025,-1.0317333221056189,-0.3044962323132261,0.09803238766713916,0.3354668361992345,0.8456716581172913,-1.1529331290758387,-1.1432649620546036,0.13816374673812187,-0.4142885888418919,-0.3575892452062269,-0.803655173685405,-0.9551769136832075,1.476706819611566,-0.7193829367284511,0.6898031926336926,-0.4222232248924118,-0.30833316639114144,0.8607708828150191,0.6223189644481417,-0.833463239065602,0.7086958368833601,1.169927558463883,0.17812274825420177,-0.026802405492302596,0.6422169570019352,0.8721734455757203,1.9903529866099383,1.8071122534398767,-1.9686160565712933,-1.3102372464170084
3190,1.4779294558396732,1.6358994305658374,1.5380096945780957,1.5565550946508695,-1.4531272690295833,-0.9661836616709849,-0.7141111252230719,-1.3187602578193396,0.4233945935083798,1.4267936073750145,1.3756013300452363,0.46670823277967066,0.7138307854043581,0.33537666340722827,2.106532175218306,0.9691873620632158,-0.19350349959065521,1.9781439580930036,-0.6728910309340832,2.1065321752183026,0.7998837896389643,2.1283197950075707,-0.5797654919060167,1.962965618548623,-0.8924159769819761,0.799883789638964,-0.4626406058525209,-0.7529714462162591,-1.338858395029003,0.367986814474107,0.3432451935244513,2.047947905789698,1.4542556007503948,1.1354573685826093,0.6392919911394263,0.21699153495119086,-0.005458883801022454,-0.08954675393619037,0.36700236703224304,1.051562416346425,-1.2385262844420906,-0.6872757537668063,-0.5230914263447596,-0.24453577001850407,-0.06550146663322098,-0.10619588504970784,0.06019571401318161,-0.1520920427933912,-0.37251716294223935,-0.7477427403452284,1.3616981351427406,0.3142829745886211,0.3151298029975658,-0.020958155146187336,0.4630308860379622,1.5509596024082557,-0.7767479766577177,1.2452058861869677,1.4248321653036256,-0.0016990486264258035,1.3466810878070645,2.08924012549452,0.8003895628638653,0.0894872967279438,-0.462003555811774,2.551550900427793,0.8361974108264204,-0.7267195779538883,-0.5728217506971274,-0.7519126587245573,-0.504900802147409,-1.6639958434744424,-0.4290999489811996,1.7633452173156385,0.0037666850552069697,0.3891186002147291,0.3378997952691802,1.3780541062569218,2.41390398948047,-1.0759916487732073,-0.11072529450393281,-0.4471536055904246,-2.617887895404514,0.3810749945709845,-0.4868160242114944,0.2783250782983748,-0.557543068403552,0.10727207644732813,-0.05635404207519355,0.6146102410602534,0.6150161169534459,1.981291822070674,1.8282803501533242,-1.9781813875466254,-1.3347411152032296
3191,1.517372152543662,1.424261602550902,1.3719173774209894,1.2783392105167757,-1.3860025601172186,-1.1735417666525927,-1.0888089959352556,-1.2384092694135431,0.14406365332366694,1.3468233516925243,1.513866234522638,-0.06280617540945745,0.08935945899855573,-0.11603733323896956,1.4657205696893443,-1.3821334817191004,-0.17118254783927914,0.1310051943263294,-0.5072989807314665,1.4657205696893416,0.8460934778062966,0.1779600223905772,-0.4979402209210472,0.6730932629102168,-0.8196000461361488,0.8460934778062954,-0.7372693654555726,-0.9717304911684643,0.17568656805969088,-1.3165223701365472,0.08337660878316085,0.3563224568057221,0.6321732150742002,0.4746895754531435,0.13064984245436018,-0.1789358129965698,-0.3280699115305249,-0.43176026065271267,0.07365771046028007,0.7910782788399283,-0.8295081823128941,-0.5781880209422168,-0.43115927528267567,-0.10578139007982557,0.05258626051624264,0.029020900485686053,0.19241082310239122,-0.02304985970592166,-0.2623956302474239,-1.2494750856716403,1.1629000380558359,0.06691070051377915,0.15995291884628932,-0.338275641861423,0.26820522600949037,2.43827297046084,-0.9853335791019111,1.237397401729192,1.4013741803794248,-0.1273490664480396,1.3363061183834573,2.0636903563227,0.13862813876140972,-0.2551764319377443,-0.46117524100151797,2.282523866132035,0.8133881655936831,-0.8360429090195471,-0.8619160398277318,-1.103137630096617,-0.6590760121911892,-1.6025327741489814,-0.45273647460731226,1.880608000181304,0.2835140232277998,0.5463256772297399,0.6795355365769284,1.1853119151771037,2.354462996512597,-0.07711028640668488,0.1430792973549195,-0.165300018796586,-2.3491694089026347,0.2729061395210386,-0.34258154654367984,0.08974323990991283,-0.9202677951990071,0.036504015997322274,-0.11317289193289365,0.6263876493386806,0.4383933943442287,1.9725883187848314,1.8478450666320994,-1.9712330944370948,-1.3544595470949816
3192,1.1472965803289599,1.2664592008458877,1.2695716484759922,1.3128594045109843,-1.580316399350582,-1.4040190070419567,-1.3785568615458088,-1.364022895687199,-0.009257861922078064,1.4892696011500577,1.4047194801501928,0.012165913426648581,0.17158511286564118,-0.051411848484315056,1.1120149186876944,-0.8377746814062599,-0.12982774668451666,0.25935056343822566,-0.382713926108323,1.1120149186876924,0.8898064584574948,0.17319391232517356,-0.41389195664784983,0.7119721071279741,-0.7434677801960472,0.8898064584574938,-0.5100015315247762,-0.7482878537779731,-1.502289432248059,0.865965787436517,-0.2583357748644949,-0.030817791208972403,0.6481568036559464,0.5818266384735562,0.23084999074044213,-0.09362095406855599,-0.30118680292613065,-0.37868181617163765,0.09950893427909784,0.8155802077853622,-0.5431601344664335,-0.287042982760323,-0.1325868012766054,0.25727919590404946,0.43085770754311736,0.43306515732752476,0.6545925113450527,0.36016155513647474,0.030911628788981096,0.15771623972208093,1.3852667210104683,0.5137531506234329,0.034800265504570466,-0.35190860609742647,0.444433417772009,2.414806401025374,-0.5400133989326105,1.230082592880824,1.377732191693432,-0.2781475486620472,1.3252454791481902,2.037888767947972,0.2436193964790931,-0.20246540744645058,-0.4611947509752352,2.1733076942986513,0.5675144680070666,-0.9758491231338199,-1.0381340258719804,-0.8049690114010626,-0.9225056318969198,-2.0184073798051965,-0.19583294426993406,1.8366915993669781,0.37441791936263175,-0.08484205942205555,0.20256852538375092,1.7302308928461616,2.1912222400269195,-0.4692237781754356,0.2895733508076157,-0.01419659108475377,-2.2634917408746573,0.20255640313780868,-0.18336805830575953,-0.0009739387568014579,-1.0790842559951392,-0.06023777761795123,-0.1778123528383208,0.6426790398960907,0.25754866521585185,1.954603308426038,1.819648306232163,-1.946092829397091,-1.378315593400363
3193,1.2850871808849822,1.3060330167198544,1.3756889729590878,1.3158151304226289,-1.4724846819166821,-1.6041214330214038,-1.5922971346394823,-1.3474017440839308,-0.1732297560556658,1.5261308740738189,1.2455347566259856,0.032235784042473445,0.19504656823999128,-0.035226923379561,0.8507003576805877,-0.6334042884055315,-0.0986177559997773,0.19844776667288622,-0.28897433246153964,0.8507003576805862,0.8976833062770816,0.017377848594854767,-0.34185931344837767,0.6214932114089347,-0.6672514204156584,0.8976833062770813,0.4969409297592784,0.19252610897195574,0.5790687575737719,0.11327555307717233,-0.7319095062849211,-0.5534132967024235,0.5591269905157213,0.577097635790653,0.2572595090252208,-0.07046497406695584,-0.31169087985069305,-0.3637324108784249,0.09195620891671405,0.8115407364021973,-1.7648823658048651,-1.3573646251556217,-1.2334920588145697,-0.9699551512058466,-0.7449735225175195,-0.7611084720121457,-0.5994429435941981,-0.7642825736665667,-0.9231784901566944,0.0021090555513303072,1.3380798948651678,0.5582357160595175,0.04933393010685038,-0.22251239664375838,0.5026880318286383,2.446584404323635,-0.16842094183507933,1.2236816417138163,1.350905882894445,-0.39935318509186857,1.314135221832879,2.0123932435336482,0.27187563214315724,-0.18902385520301307,-0.4606863287516766,1.9490592198882424,0.7941670630340468,-0.6406678062133147,-1.0920725433952783,-0.7647265110057103,-0.7136044893696171,-2.110831711178219,-0.4952462219594326,1.565304482750572,0.8150831318945447,-0.2057581576125963,0.423616097394258,1.844122303928648,1.9772074758800144,-0.383187709802248,0.42082219447366626,0.15213465210715515,-2.0348447689953697,0.1163386167218231,-0.010411039934911187,0.15999120625842378,-1.1470917133696776,-0.16112344681069413,-0.2935532168414529,0.6906589569654336,0.11528540230864555,1.9371985744111282,1.7904399682452734,-1.9039321150015953,-1.4262788726372504
3194,1.2887945540381602,1.1832831287605377,1.2821910579977482,1.2935382424841992,-1.2886583447984739,-1.3822505757374461,-1.2788190198401903,-1.357767264137496,0.2975755157156089,1.2757678204124256,1.4367621564166504,-0.00041023486219144415,0.15540529846546983,-0.06294121122356945,0.5977698548266625,-0.5969061788842919,-0.0919740254552648,0.04001327320025739,-0.2242612336355602,0.5977698548266612,0.8547779756246101,-0.20156492525232442,-0.2904817836728633,0.44932503457798145,-0.5953978730754587,0.8547779756246094,-0.4717228173381211,-0.6259323777531806,0.00771939745723561,-0.03440639860607084,-0.9286038093378687,-0.2736265041912673,0.40544530172238746,0.4493873360732247,0.22271073134069763,-0.08177679238355696,-0.34619921561765266,-0.3797697125385104,0.055889618711774634,0.7846842937908948,1.5404953865045339,0.46598947863006357,0.48426610791900776,0.9631044043153943,1.2590273171886774,1.4212051885409374,1.5169401031235195,1.1633803208497506,0.6989889124403993,-0.12538539567117674,-0.9436371325625732,0.46714345705010296,-0.3716507912832444,-0.1246440867023949,0.24159246802174794,2.1118994304744296,1.1352954480232822,1.2204369348826125,1.3132939452384553,-0.5440404963543733,1.3031693435310017,1.9875927851516169,0.23551578415444097,-0.20922252835275248,-0.46017818284478584,1.717669186027257,0.8269454445226554,-0.5303833492190626,-1.0924528942707241,-0.9302427837086632,-0.5921205612596614,-2.0732216015112113,-0.5746034880152481,1.4215948733018609,0.9369622015862172,0.02923494749888164,0.7170435886545636,1.7474934853344888,1.4196374928045477,-1.8650190319180213,-0.09071484677410849,-0.3188555749752925,-1.791721651447103,-0.11240887861517482,0.2832339593326817,0.1697327869313644,-1.2066016304920155,-0.2650895234562841,-0.37196116846362853,0.693090111420521,0.03546832396259167,1.9190476372128211,1.768036508716903,-1.8884595049814887,-1.454317353367505
3195,1.2644989903395256,1.3171280664578922,1.2863437897505032,1.2981735804957764,-1.4459844106506687,-1.354307602697314,-1.4118513488663382,-1.4764128029751906,0.1740612661609329,1.214563065420264,1.1760392856436361,0.02974539563491071,0.19310237030763588,-0.03982067980334137,0.43487399962837503,-0.37673416126770476,-0.0814149125825259,0.06492861669675562,-0.1775013280173895,0.43487399962837414,0.8072136248619781,-0.21593544590161884,-0.2441774859931865,0.40492884799116974,-0.5281378530428011,0.8072136248619776,0.004442349671532544,0.6835519721506949,-0.1133134233138584,0.13624927505835405,-0.027774980193366067,-0.008171366503159945,0.31241771213394454,0.38856056430801766,0.23373115106769876,-0.040015565673753306,-0.34600166271506644,-0.3621267849769821,0.05018735643961239,0.7819569532341201,-0.7487493158007864,-0.9839319188684225,-0.920530901589859,-0.6341620132626166,-0.38859310990708784,-0.3064198019012222,-0.21768341478671713,-0.40702573407385895,-0.6203293667933513,0.016104503603501814,-0.5824177181158061,0.5799107104898218,-0.07165027344263737,-0.010633880087209278,0.20731874184833635,1.8573247265113895,0.3410795623508465,1.2120251246801401,1.2962054303253654,-0.6234744544014623,1.3434403453302302,1.9634538647063609,0.14847823910631863,-0.19185085540846455,-0.3715339794471156,1.4868566827545655,0.38668778958755107,-0.6126362363459417,-0.7699382057104281,-1.0463293352499585,-0.9018236564222908,-2.0813705256176744,-0.1333004301365439,1.1372659543173786,0.4105804858094016,0.5775776441806195,0.8012694770002483,1.71768169424329,1.5220618700352995,-0.4853485071253639,0.00216247434441653,-0.19701295408400563,-1.592359512490758,-0.33342033703746177,0.43831873686778733,0.29840588735022383,-1.2340717513276223,-0.35516122615827844,-0.4902678035524869,0.7018207613267253,-0.08286421766526354,1.9020006443128792,1.746087463098225,-1.8674091805019064,-1.438086243459544
3196,1.408872929606185,1.301397708702034,1.1687860959491125,1.2843862214145736,-1.4728565113478314,-1.4717709692055425,-1.5506340280226947,-1.4364613207850847,-0.1628272665657945,1.3409522747335867,1.101139481549215,0.019860213847630134,0.18036392551072594,-0.04846749579750835,0.2920974930106017,-0.3284648090551288,-0.08063460855349752,0.0007779143019420411,-0.146014777393388,0.2920974930106012,0.7374281345594089,-0.29812909384220493,-0.20940628524555824,0.3023915274801188,-0.46700681954076667,0.7374281345594081,-0.5883247330184955,-0.07186163463220152,0.6244613333426189,-0.7496263214290094,0.7122923165292255,-0.07185937826920417,0.11244705019079722,0.2882176389451017,0.19473252964262913,-0.03298425483529708,-0.35419568195400425,-0.36201819895724424,0.02487092941920438,0.7629537932062924,-0.3986418602174909,-0.6600919020796299,-0.692913725737661,-0.45018040740993726,-0.21475618331414756,-0.03443173613939074,-0.024305207468238353,-0.20909627458397528,-0.45404380866230337,-0.07082524123034682,0.004412594713335954,0.8702670322050812,0.05973666379232007,0.14025841985144474,-0.2505549542660456,1.782857670317846,-0.7214815664835291,1.2022753531053465,1.2920801394181565,-0.742233554375234,1.338973826919199,1.9399451718356868,0.12253808759186595,-0.1971052856712132,-0.36001395685523363,1.2604662712221992,-0.16660240851420066,-0.4729409329871346,-1.0033210466159999,-1.1209037960608073,-0.9829876564303471,-1.9201767555926492,0.4278409346259431,0.487345322271565,0.8873486380302924,0.40927569118451057,1.0059295602897431,1.5308425293100694,1.4162246507533767,0.01173287368859504,0.3126659137067113,0.14146211653827387,-1.3825481999873188,-0.41357812596682547,0.5136886418120735,0.46897247512225915,-1.2413261987755653,-0.36913534764714234,-0.5202785764509096,0.6795282035301538,-0.18354628997892328,1.886844892707307,1.734510934800633,-1.8327631434677698,-1.4246726882025291
3197,1.4276283771461757,1.3069218778987588,1.4373808786415248,1.361051950671401,-1.9874142664241483,-1.535183402301436,-1.8454892322418837,-1.8823778754889153,-0.7256856420407469,1.5189864012949201,0.8954992231345112,0.2311988759644226,0.4503679819080718,0.1148230647245311,0.37805098242250934,0.19001223543239326,-0.02254758120610881,0.3713804306436109,-0.10504680776867924,0.3780509824225086,0.7518416933888209,0.05274363836984661,-0.14663406499256457,0.5447396789010119,-0.4048071392454848,0.7518416933888199,1.3218282762266784,0.036511273088895,0.08343987840611292,-0.42827157430226453,-1.156757505958262,0.25779535757629224,0.15394165668679408,0.40963908816909067,0.3470069796659118,0.12709391657523805,-0.261583024840555,-0.2432949839305312,0.09460927999677274,0.8287132989952973,-0.6183816838203535,-0.9447549675732932,-0.930953554174054,-0.7266474665244512,-0.512392152181442,-0.32005859529539993,-0.3399663990165055,-0.49097860109360836,-0.6896193881488759,0.38648712832402615,0.1090415128554647,1.0978084360224314,0.4781183376695933,0.08052546657750852,0.007833609533079539,1.703779949005941,-0.484225541615132,1.1925008412710545,1.3071700143106693,-0.8451563156613482,1.4541515147808073,1.917037428172405,0.04451474525703581,-0.08230467634399864,-0.1405991870047088,1.0390435180868447,-0.7068520061212528,-0.032843668278145506,-1.0600802672524445,-1.091144596385671,-0.9232115645951229,-1.8397164745441588,0.9700425745902601,-0.5372356028817873,1.4367758017263985,0.30064135555090543,1.3146056063813192,1.465495128269052,1.33448863801913,0.322323179922074,0.8521826816124511,0.6997783296829754,-1.240264950839347,-0.33933089009212064,0.47104245277611917,0.7228281177622311,-1.2211239641018468,-0.467194883194285,-0.6313825602629785,0.6860940213642356,-0.2743123967546516,1.873447163201288,1.7179125355961054,-1.7699143893445521,-1.4320281825459513
3198,1.3682610145001155,1.2864357745252804,1.3871038551687913,1.2942468929985684,-1.8442931906224351,-1.9992954411848607,-1.9098712041702353,-1.774446345677848,-0.7194075198431467,1.663610860320211,0.8592712170523512,0.06816138426364728,0.21401490698132972,-0.005286932165994914,0.22917800003548844,-0.3460482686024491,-0.029487665288281457,-0.050817442333852963,-0.08002665978870555,0.2291780000354882,0.6652303996731068,-0.3614695881454055,-0.12159801754652887,0.21461729217260248,-0.3497400281360292,0.6652303996731063,-0.24333128510439977,-0.09177474937764638,-0.2473194776040569,-0.47521218055856623,-0.9530523163257374,-0.03698480326429211,-0.21576637817578306,0.10446897797589323,0.21190945295033667,0.055965722104852456,-0.33145707909644967,-0.3066850468869338,0.014852770327515485,0.7611489534235297,-1.0195416790721652,-1.1304536857981085,-1.0286903027773473,-0.9268038520428943,-0.7378102979806436,-0.5717735294909136,-0.587258706880628,-0.7108550535551268,-0.8791575375173446,-0.33214030702450387,-0.045536115736605744,0.9371844517608096,0.42409668153902885,0.01927777094859771,-0.24431577330199503,1.7958609307117674,-1.0895724334760675,1.1938664894314015,1.3171176151936328,-0.9577170318506681,1.400381938279618,1.8947032202847764,0.0003701278212778442,-0.15646764100759245,-0.21324523596833092,0.8405901460163097,-0.9114924407477494,0.37687436060269713,-0.6788450388833898,-1.111246302022824,-1.1010543180193484,-1.763822006171358,1.1492895308729214,-1.2396144852909947,1.3424548910976675,0.7833071468685744,1.6562874452295935,1.3852239122289107,0.8094320057566637,-1.0436997788775773,0.819677242865699,0.6955002831024185,-1.0377743199924487,-0.22097007241434727,0.25323759054153877,0.8101834065673732,-1.1865916544600799,-0.4957415030593701,-0.7163330371433277,0.690262470289903,-0.3113159204099073,1.8619699303562403,1.7045578326926507,-1.6982953327482506,-1.4298955173145587
3199,1.2346548199637009,1.2502762344701082,1.33518688966718,1.3600225437846156,-2.0925311185146893,-1.8245418973433691,-2.114091280820589,-1.9913830876184289,-0.8405341926076907,1.6712072152109,0.7802605670096274,0.2645251706715626,0.4717370114724382,0.14323769780872145,0.2943412845889046,0.14256957685732977,0.015546839271669846,0.2863710430742597,-0.04783222631924727,0.29434128458890413,0.6590872781043767,-0.028065352710332177,-0.07174518003546161,0.4297003850274445,-0.2950908131644167,0.6590872781043762,-0.2582551332610355,-0.18144943766485078,-0.5774874806908205,0.6581561778519152,-0.8452838482881025,0.21908265351572095,0.10024608236181111,0.14168286962490095,0.3734054708396949,0.17760198904040808,-0.24475316165376107,-0.20361037109685365,0.07483463487766752,0.8202899614231546,-0.6706886925896569,-0.9101719409696767,-1.1257903230800401,-1.0412044323734377,-0.8344702258765379,-0.6931319843745666,-0.7049586561192097,-0.8184598979967211,-0.9586187244447075,0.3334122442387367,0.16799283434078524,-0.5589306478738216,0.4676714021408427,-0.2457830667981228,-0.24269416884466855,1.835075349030526,0.33582264950095597,1.185660254176568,1.3322960687344207,-1.0618334303381642,1.3351816622399713,1.8729168491143382,0.3237282041885577,-0.055549870592945035,-0.3072638760180495,0.6413819666293743,-0.9905979511364232,0.20796864330326428,-0.6982843084863576,-1.1183714191597043,-0.9409740453221977,-1.819193640364469,1.1927635300366626,-1.0790869925601223,1.190307997907634,0.7719592315012471,1.5324499469195128,1.4451660473628447,0.69308155348375,-0.8637221682937467,0.9158650255798255,0.813096121888636,-0.8858503837100948,-0.07282746675832938,0.11004057246862683,0.8976762942654564,-1.1309169699112513,-0.503125611202394,-0.7488681124998092,0.6992285500524495,-0.3286060257785486,1.8500556928615892,1.6819696335302967,-1.6495547441509206,-1.4609130558865766
3200,1.379455300391572,1.280592156739218,1.4324087152916267,1.392952372402782,-1.9991553839764595,-2.09399174857832,-2.041884284064129,-1.9474012646591168,-0.9449362534582448,1.6567189566492107,0.8590053788249864,0.37733802017656076,0.6173997099014158,0.2286740326239235,0.3668725723653218,0.15943662796622923,0.06987726156638878,0.3458481951131336,-0.00764728807700296,0.36687257236532095,0.6678229245163867,0.034061544110843923,-0.016330733228224065,0.47661425989119993,-0.23957916554524306,0.667822924516386,0.4828477002665393,0.16716574221881442,0.6420292959410312,0.015113991016840843,-1.3239582219162094,0.2884389361381864,0.25578338454983524,0.08743128742604935,0.4404673714929183,0.24527688994352176,-0.19753300851222755,-0.1387857396412926,0.10438530202809393,0.8495168351312952,-0.7144074525772721,-0.9876771810536188,-1.1925304404308412,-1.1280160786414608,-0.9409766485597364,-0.802585488148542,-0.8057431590315247,-0.9106878216669991,-1.0328973662715397,0.16904925966376497,0.23941459173913568,-0.24721738137278804,0.5964459968977864,0.048321011861556906,-0.1962587160423184,2.00605476462266,0.25722624348349266,1.177128931809739,1.3525543238648143,-1.1567675910291662,1.3111566806238253,1.8516541940185185,0.46809585192124215,0.002619900850701984,-0.33066229911216133,0.44590437060245414,-0.9842280104047152,-0.3436977783184206,-0.6352349456138401,-0.9236733491386622,-0.92451627318674,-1.853383753526419,1.1461247592556214,-0.3505758796411315,0.5187398423604619,0.5700896719187434,0.8668469264606982,1.5598553939147968,0.5044756944010497,-0.8513954724037828,0.9968404445773379,0.9195589571715971,-0.6938335382395074,0.09561476343327525,-0.023639987503917766,1.0225671753858574,-1.0658158326109763,-0.5114829728131652,-0.758590390976915,0.716402209599258,-0.35175706864757655,1.8368734459103686,1.6639875424744661,-1.5923556825825367,-1.4523168812067166
3201,1.385402946498255,1.3653848166009577,1.4669806990689571,1.486107031465453,-2.1079018000894405,-1.5971981636401402,-1.8833244403416274,-2.111117117879953,-1.0871924381848166,1.7201747180253806,0.7277314618863007,0.6397928668394153,0.9433937430447648,0.43213685901472937,0.5656967282967114,0.44895145632058864,0.1721122464633023,0.654538165248618,0.05433587384994405,0.5656967282967109,0.7483205991888429,0.33268655280863435,0.06819472353156675,0.7271018914336908,-0.17719106057538372,0.748320599188842,0.17040734793648477,0.4542323169486431,0.03248954647135833,0.5087377347066502,-0.9866627903625405,0.5458269754764311,0.4842651962514888,0.4042096972128081,0.6105826459708119,0.4103645852244566,-0.07723307479939448,0.003961313342708994,0.19998430038478548,0.935274832378269,-0.0527164557063753,-0.6625896028098397,-0.6768089731256122,-0.9512929435507042,-0.7579061489492499,-0.5891131780272252,-0.6244986689381019,-0.7180249098113118,-0.8686140888606741,0.47355151920857974,0.4940108984434289,0.3528158005715566,0.9733451708184259,0.2832570671823726,-0.22310063098113717,2.2700306933710683,0.1929467371940819,1.1625121187091674,1.357849622493333,-1.1979252939705833,1.3261586059090429,1.830892589771801,0.6740427610330482,0.14166710542854954,-0.2858638217552308,0.24115329502405983,-0.9443261803107089,-0.7649847563023761,-0.44222096933721,-1.0914646772822691,-0.9735171060892032,-1.9405345365208093,1.0648603012862163,0.23532229142623454,-0.1964022461878437,1.0414097575048835,0.7489296620565551,1.592864358287963,0.3360710151823632,-0.8094967911742872,1.1155636319808948,1.0609413783136548,-0.5210166539824783,0.13684076354484298,-0.033506463633484036,1.1388891500523124,-0.980182930555008,-0.474961834754532,-0.759525129227253,0.7389771466568158,-0.33441330406182734,1.8228660098237721,1.6395409914043544,-1.5380703946188674,-1.4419052588181924
3202,1.4767203141497511,1.5417621920445888,1.5548801571332393,1.5822304985806792,-2.052067814824413,-2.12984368662189,-1.683190267328891,-2.0325398484684354,-1.146591777198407,1.7306434026780464,0.883548384339896,0.8926801952921084,1.2351876601833436,0.636149195342189,0.7941969938555887,0.5194692112788557,0.30537200437302814,0.8532104456482399,0.14152046482122183,0.7941969938555874,0.8711816420146512,0.5104190372770357,0.17617136833659597,0.9274347302032058,-0.10432431535089019,0.8711816420146509,0.4346627332056249,0.93568459141944,0.40391478096516403,0.5319784616127735,-0.397566819484754,0.799395534348325,0.7011117222633662,0.66888177573319,0.7524247486492371,0.5787077631860333,0.04373713610859875,0.1446697956956518,0.2974196291445538,1.0270001705120027,0.004394386119942632,-0.5805473074437317,-0.6804722452043099,-0.9764609901724246,-0.7925143216987858,-0.6352393815614134,-0.6641560918370236,-0.7508904328198716,-0.8900341724432141,0.48671504046581066,0.5407408421856215,0.4596771915143,1.1850774420860322,0.6730393607020903,-0.09098270828247314,2.4149020508802037,0.47761000056044556,1.138819776928871,1.4096249035342967,-1.1542634581614413,1.3662857105415527,1.8106107150895936,0.8267777783722482,0.2855698509069459,-0.1960547400487809,0.08214754437240021,-0.7208734449368653,-0.7125249332739451,0.15975773195591628,-0.9219380486663853,-0.9507022219217777,-1.8785044983312436,0.7952043487969194,0.34893535778325036,-0.9747773126736631,1.510187627385489,0.5842968416004442,1.5979551029414143,0.12679093663698868,-1.0193561612085986,1.1563084968645758,1.1215106397772792,-0.36849374557301245,0.2873659608686805,-0.13326201718949374,1.1977047984849474,-0.8826584520420182,-0.44962584923641413,-0.752689540448607,0.7610975447404584,-0.29637328968396465,1.808277187732822,1.6130976866673041,-1.4909338580656124,-1.4410204724424356
3203,1.5480056284809058,1.5192330393796567,1.5836803180441834,1.4685578904496677,-1.6744334137841923,-2.050788278162322,-1.8248010203128444,-1.8420827165237936,-0.6291743287635594,1.7117421213319963,0.8106265487562071,0.5218187308130883,0.6763322864635475,0.38138325698033476,0.5251301706426745,-0.6242048264107308,0.30507455195603395,-0.013283978477362906,0.1996176734601284,0.5251301706426738,0.7869208884102974,-0.35467431363252905,0.2124635199654513,0.30494815626863436,-0.038284539962829454,0.7869208884102964,0.13974218744691455,-0.10768404472229647,0.31703663000464477,-0.5257133345260625,-0.7567422003341449,0.07025254176491283,0.29865003591610956,0.3050277428154171,0.4663958461289968,0.3912348210682202,-0.08899803326908165,0.013106576708986828,0.1654784181919891,0.9169367129344166,-0.3257334830064927,-0.8358129014201577,-0.8434799435039564,-1.1215233725175948,-0.9635795508660843,-0.8298790392027401,-0.8375825986505723,-0.9185301344551731,-1.0270008329298155,-0.5752576007881346,0.4295395197410064,0.2689153156495933,0.9945735359169048,0.5721937349836943,-0.13570454121879258,2.4271976456838917,-0.5348324511339455,1.1313062905513926,1.4411826212838987,-1.1137826577729564,1.3544764811158267,1.7907884914196304,0.560964849392659,0.14546613554929153,-0.19716347386545086,-0.06519324114719995,-0.6012718255388344,-0.5804772898406517,0.5739664882316188,-0.3344108784171799,-1.0590619714166718,-1.7205010217753811,0.6397516950634787,0.2730781460310266,-1.4168391402694864,1.1543856720691639,-0.037949621228999704,1.6572547434973572,-0.43123270858968643,-2.4600371735488653,0.6222656827106992,0.6063930838456436,-0.18004813207192963,0.4754395051902108,-0.22143283992230842,1.2983880540316484,-0.8020449723894819,-0.4484502652727036,-0.7601781369268766,0.7633360626164136,-0.26303949207971433,1.7928831873975732,1.5756956889154237,-1.4556943279497958,-1.4236798363817258
3204,1.6056983286640547,1.7856125877977687,1.6200477245645508,1.8814820984923426,-1.6064040341420651,-1.652574082338073,-1.5301729914824789,-1.7287762820667911,-0.7108950182938828,1.770904063704413,0.6983908019572189,1.3842643393875032,1.6150755704848323,1.126868472302735,1.2754382482429625,1.707778831293231,0.6019438275244596,1.8917513871019858,0.3403333078592835,1.2754382482429623,1.1425987420534631,1.479449519057771,0.4168756407439365,1.7466228704339086,0.05793840903649563,1.1425987420534622,0.1736275276564755,1.4044109193745655,0.2534044708587189,1.4812950295713554,0.8123770179243224,1.5799544206859015,1.4055277726683684,1.3344219005478837,1.2408627597751123,1.0709847807508257,0.41126450297769396,0.5763644475190784,0.6131100577618149,1.3122092797293847,3.1673268903064242,2.5003355200465847,1.9877401293094785,0.9193177116682316,0.9885399478327653,1.4997974073940497,1.2350979663938848,1.0628896194988262,0.713043062418315,2.0854502305612566,1.2632941873223265,0.9980680806370934,0.23366687980150314,1.0138639840190296,0.2855038604352045,2.919302510890118,1.9777361483604858,1.1095633369110334,1.5589417032153066,-0.9725158823069435,1.4634247732137353,1.811260171069854,1.3727734977064765,0.6803280263367087,-0.04220983256810564,-0.18950982560668583,-0.6606669443184858,-0.7632389504407127,0.3591648279550311,-0.4369546915415159,-1.0439351163948623,-1.645245300563119,0.6818314881947475,0.4716436540634108,-1.3295970119985094,1.0452285472924288,-0.05364952169553229,1.5428338838875035,-0.1210579178122702,-0.7089502107306158,0.6904911765552211,0.6897273993291472,-0.05657401169033609,0.6912141804193944,-0.5570518917129043,1.3042275419662808,-0.7044520019988618,-0.4084201563201274,-0.7505140584114557,0.7688168809300594,-0.2261550301361127,1.7779531945673845,1.531424215006581,-1.4219907444951196,-1.4065376729395003
3205,1.9047765282019227,2.000375220223165,1.9998140524528882,2.09366678903076,-2.150292254762475,-1.5860222390749086,-1.8702981888127812,-2.114254713899842,-1.1751081295583299,1.9344458328874912,0.4234685477998068,1.7181807755106173,1.911883754024991,1.462109650192261,1.8945301454272365,1.4156752709039422,0.9407562124145719,2.1350795003103293,0.5506386842354594,1.8945301454272347,1.5395686895267506,1.656218859555008,0.6683296176968732,2.1284441095142963,0.18830082932387937,1.53956868952675,1.88115107211244,1.1305343302297703,1.3164458100791279,0.9711968935693273,-0.3770526335455285,1.928861519373306,1.8261600948132037,1.7538649821199834,1.5731730752306399,1.398658251573902,0.6742326293344584,0.8704348345693246,0.8428427654564294,1.5175041375266451,1.977468164370548,2.1963651871223844,1.7405189733258497,0.9674122304938088,1.0125068696016137,1.582413116835716,1.2914284255753843,1.1641173721363989,0.8173433795613714,1.0613586118250375,1.7064218998800704,1.3515896964371188,0.7359040920626634,1.345058534671368,0.28151470443769605,3.0688511782828,0.3273730855970489,1.0752943812961948,1.7156435350239645,-0.7743583748591553,1.63060298835883,1.9469712238403785,1.5219497976367538,0.8224731416986926,0.047479946637324924,0.5062792541047741,0.39137315636849884,0.19236405474947582,-0.5998841411473449,0.2732962291192802,-0.7993483285538165,-1.1355982885007732,-0.3358807601382461,0.06726061223418374,1.061220069574277,-1.088545059254102,-0.18985438111230396,1.2782565440094589,0.8095780318669203,-0.0032922001341918715,1.225736423775692,1.1482984154363731,-0.7930241318858486,0.8236014848766234,-0.7730495962926142,1.2709267103981055,-0.6308943730930683,-0.28379086978047163,-0.7234709769526508,0.7945751452843539,-0.2540716772412688,1.7630886496825195,1.475231137021601,-1.3725109021867434,-1.4046172074071805
3206,2.0196920113246177,2.0536839315498736,2.0755671632160433,2.1460107588243247,-2.2014268040988036,-1.996706683897547,-2.2536820795674744,-2.2187145418263516,-1.1802367506517384,1.8835420084277061,0.48123065775626,1.8078824877654789,1.984260787238324,1.559269984476358,2.0022427229508613,0.25904036522290647,1.1853923241741546,1.5190480776586028,0.7752818256355095,2.0022427229508586,1.76645831779564,0.9603988484005221,0.8866302257232654,1.8250918949815624,0.3390446904149746,1.7664583177956392,0.38241260476157124,0.29555763195934076,0.5086496747924496,0.6278329561492761,-0.5523895753778999,1.5451995375896754,1.728371673550216,1.709052328537612,1.5479385062917916,1.4436387673932083,0.7368708659189436,0.9483894003805434,0.8996449878399527,1.570183854493784,1.3594149718186803,2.1035756982267286,2.021057806754045,1.251223973285514,1.1529777837863486,1.7857090022706354,1.5283989106549412,1.3671840893093574,1.0221114355383414,0.28058846473422155,1.615962352471944,1.4746307507248997,1.1981600697652082,1.6468999634106694,0.5633727578809408,3.1623862877615845,0.5481060159983113,1.0505014714830299,1.8607387025642625,-0.5715296248744055,1.654997493546544,1.973268792813492,1.6146244256485425,0.8662469774515796,0.04383721906271859,0.5071785285920432,1.2915764824497271,0.8521686555360989,-0.1617204663803517,0.8837739872352759,-0.7656206289569342,-0.8701889252029331,-1.3065289847524377,-0.08084116677367871,1.1701152178187724,-1.4339639936123987,-0.4305812998167322,1.2264476381803675,0.4965554793132962,-1.279217900497061,1.2293832089383647,1.1524969865370758,-0.8055369812481082,0.8799560187733771,-0.865078758835257,1.2383254335476328,-0.5242317183061466,-0.23432528044318787,-0.6916015788994181,0.8253626452610009,-0.29698906257173646,1.7480607011540263,1.4238069832921556,-1.3160206071990965,-1.396008347638891
3207,2.137173057801811,2.063434506969508,2.1406561999767515,2.1745995147751938,-2.2692549790497485,-2.227674015626667,-2.326122882656651,-2.193802686599845,-1.379718698449308,1.8843079192240055,0.6075389263909252,1.8665881944156741,2.030685886698269,1.624229782039099,1.817700320394229,-0.41580229837358207,1.3488042552423734,0.9948271880903846,0.9817237809858129,1.8177003203942268,1.8456272783396621,0.35015968130830927,1.0662618939043536,1.4825119808797438,0.498006473358017,1.8456272783396608,0.333814095586045,0.07111536789005742,0.5263719135237424,0.1293056140448746,-0.9510834939448514,1.1164642470412032,1.5717422697827803,1.5928709512969708,1.4642728645648677,1.4539395788317087,0.7768480926294765,0.9952120456476379,0.930010300257686,1.6010759440237072,0.6131214241941361,1.6200976509768459,1.6349800084637318,1.080031819223423,1.0313952560592636,1.7006734260018068,1.4318920507771358,1.2808321895168067,0.9733696196920724,0.1618707506961141,1.459383138667395,1.4026697486638522,1.1973074641615866,1.7644141111899112,0.3127255821239995,3.1183050736993136,0.1670765111978688,1.0499803570468373,1.9833133056655818,-0.37529500035375507,1.6555951790517058,1.9701722673570035,1.705230602385183,0.9099309964979075,0.040076123563996334,0.29831784712805354,1.4264312459767579,1.1428612014223436,0.6227811746792916,1.4508979344213444,-0.3553695556981032,-0.670557070517689,-1.486199351493,-0.3678866458527404,0.3870257387665913,-1.3250769933874196,-0.9063931520269543,1.2241397380019972,0.44024952883983864,-0.7726219838182685,1.4051166694852013,1.3522874392925308,-0.6246196507579346,0.9036857785226364,-0.923414965135874,1.2051644929359624,-0.344276755121254,-0.12758970995280142,-0.6242326778044287,0.8554689203535788,-0.3178916318327107,1.7329146093606473,1.3769197960433177,-1.2468145487690032,-1.3819804785940701
3208,2.1462567589602948,2.1338830722946107,2.2178103374339626,2.2205012038210064,-2.1589542099484094,-2.340253204449611,-2.278451066115158,-2.1436819972747925,-1.2907161057012086,1.8802032865601523,0.6543402387489063,1.9493080378733842,2.0974381123876285,1.7148074518431504,1.567105697987373,-0.5716691067891092,1.4714014219533953,0.7331981600241738,1.1621058005104388,1.5671056979873703,1.8440330266264842,0.01584379894759289,1.2215222577979494,1.2656287475989916,0.6585133703753789,1.844033026626483,0.3893390464231333,0.38412837015396745,0.061811130840726335,0.33668893176202247,-1.016852758845107,0.6245979306435857,1.4332723450955351,1.5111661570442918,1.4154975488965877,1.4912952882501578,0.8400953717566265,1.0648220691320742,0.98172913434233,1.6494200743139729,-1.287565272653484,-0.3965391593051473,-0.27448255769556845,-0.4825591012760827,-0.42418027259723906,-0.09874671108462692,-0.19241811998086164,-0.28695476444232143,-0.42766407927518957,0.2514382923350071,1.8647704072442362,1.613298905100639,1.264991498124002,1.7968546903368927,0.31682020718369036,3.0444995467964766,0.2813750760273687,1.0930637049317145,2.0745555098052795,-0.16886534974215486,1.7184688407815467,2.007488409483033,1.6815080598753949,0.9334438411746292,0.08716922930526042,0.08906381839709024,1.2759375099444772,1.09348881151092,0.7279014737184072,1.714221944924414,-0.6329193962927466,-0.608330332874127,-1.358458837374929,-0.42330403430993047,0.1787549605532698,-1.5790432581192,-1.2702601747231168,1.2494738491354893,0.024576658751447638,-1.5544149009657469,1.2942028929427567,1.2643868195718044,-0.4160720127474005,0.9120810104766678,-0.897097517846082,1.1556017840673474,-0.08383754887047214,-0.02974200437872609,-0.5536585641821175,0.8822070967437536,-0.34408430433808956,1.7179441747235145,1.3351158913916783,-1.1919054472991697,-1.3607013040510683
3209,2.2077117618625723,2.0940761849150555,2.1740652567149383,2.1640971411049343,-2.3032387330276047,-2.2300225942035787,-2.208131678049692,-2.2001806060412887,-1.4193682440540776,1.8996640128466489,0.5764850681858539,1.806346536388812,1.8979470371381106,1.6151052442957419,1.081011700232004,-1.1212142581452496,1.488869872379624,0.07486638865142778,1.289003341791165,1.0810117002320032,1.6779475809099282,-0.6785373261505858,1.3104867170515746,0.7048527184493856,0.8063361708530608,1.6779475809099273,-0.18372372106679935,-0.17867090065795452,0.2887039896623388,-0.3143630912915027,-1.0116580104638875,0.09211580141646564,1.013989066530879,1.171761775005271,1.2591769104354824,1.3711169953911417,0.7754104930262719,0.9921112570080748,0.9167977529596955,1.5958880960971906,-0.2264164392099035,0.49480789807731645,0.6829026073051152,0.6779423068412457,0.3637268286792161,0.9075752253171285,0.6855292815033147,0.5897540667742316,0.37859213857541935,-0.2468084780439338,0.732694041666621,1.414937692169646,1.2289787426945047,0.5558232386308204,0.24331999765338408,2.8610915182188497,-0.39005847175713715,1.174943136949831,2.117955188125709,0.009371339640826594,1.7136661447458519,1.982862619965423,1.556515861909165,0.8837529548014179,0.10625400246586306,-0.09960965503268428,1.8014865915950335,1.4315252832757779,0.8585632905561776,1.8134181481375875,-0.6586229533892444,-0.597708673133669,-1.9533923766435188,-0.4330042652330273,0.36325595606607025,-1.5830490734637175,-1.1244591178126215,1.2686276647245653,0.013810144555587243,-0.9994391759670851,1.402845937065489,1.391605950905159,-0.2663836705064976,0.8906691051046245,-0.9334794435418899,1.0511443787703456,0.3966851683938317,0.07354819896107191,-0.5018919638309002,0.9081240254561698,-0.32903791192497,1.7034182609382045,1.2968138609584623,-1.1357003787824216,-1.3298473031344797
3210,2.1892503048408867,2.159640453552323,2.2442603444246396,2.1730086641634263,-2.0570418804464228,-2.3335681068609446,-2.321402818489052,-2.1731321977478903,-1.2004766657520924,1.8392935459376674,0.6331414054844079,1.8428672162434394,1.929752678470681,1.6552446791744482,0.7074432088570318,-0.8673440273657778,1.48848461177094,-0.029077003868814337,1.373965764046809,0.7074432088570316,1.4861812018677183,-0.7932632613832868,1.3750882018157549,0.5035129716279043,0.938929104259839,1.4861812018677178,0.37946764417199663,0.3732592514310467,-0.045695124336868925,-0.16462966481434332,-1.0774541795140204,0.06567203679823926,0.8092734293755907,1.0003439153270983,1.2215350752045513,1.3497552368271213,0.7912083509933338,1.0100901788861212,0.9277474409714126,1.6071231920923699,-0.4956928557336683,-0.07678954217503905,0.13359374355507547,0.22778447047478542,-0.004901122463340752,0.4499125900491467,0.27652615966018096,0.19753480540667387,0.027789483343552964,0.07698338903705378,0.26319101513165344,1.385540258211165,1.2446825438095395,0.7700627795290186,0.36005354711610427,2.6901415288036774,0.3711294387567346,1.2717217874468432,2.1417751317138176,0.19922848828556053,1.7629798219257298,2.0065436106584533,1.465135987366561,0.8710017883390055,0.1492821446126465,-0.2846366333398415,0.6386946756164311,1.1955467857882085,0.8326071493311532,-0.04457594403245286,-0.7421494805875299,-0.7092132171434957,-0.734484127263793,-1.0894209316524148,0.1337955907847073,1.0475659857794182,0.9962846213951393,0.7107840309725252,-0.43732127210348576,-1.9061784367404093,1.1659961183256666,1.175084104314151,-0.058010126172933656,0.8730682198578263,-0.9290247114359208,1.30899278008135,1.4502968468082549,0.1478540243965254,-0.456073706244204,0.9239756798454141,-0.3132338455367846,1.6887293348954215,1.2670325758819505,-1.081544377794557,-1.296979677764266
3211,2.1518542718206226,2.037790675338052,1.9284869750946454,1.83764180975368,-1.800093532788685,-2.0512334525107656,-2.0129668500962357,-2.0178999608295713,-0.959735673831723,1.7091510186348777,0.7561391177165165,0.6304861320248949,0.3234206895867199,0.7740963663703112,-0.37520693018281676,-2.489335599018327,1.211914384976604,-1.7438170221380291,1.335780415614476,-0.37520693018281537,0.9082022785532956,-2.429017452122354,1.2636363989373898,-0.9587831975666646,1.0219349964935778,0.9082022785532966,-1.505771300398874,-0.5842306078924706,-0.12816517215038528,-1.8278687493873638,0.2938069193690545,-1.2561782400233636,-0.3394092434561949,-0.050758345818274986,0.4585712458564073,0.7317687315141455,0.3675533588460806,0.5519139911172191,0.5309347231589205,1.2725410977516232,0.06397219594713476,0.10363013121686143,0.32667586117926933,0.5279333596970391,0.23521113429478402,0.7563032337277055,0.5438426607817364,0.47297660210712283,0.293099359724847,-1.6258782500667872,-0.6450411955128258,0.6573438402444012,0.8102146431766387,0.7079035278918195,-0.004136235378073021,2.46584499070627,-1.1365257608926709,1.265884801539878,2.154834417720691,0.17255125818183878,1.7564504421570837,1.9819581203794168,0.5826526702466948,0.4209954851332998,0.16575007965295585,-0.4652951037970526,-0.22774155792504738,1.129540283510211,0.8646822608512754,0.022350572226981637,-0.5876596513483507,-0.8378188856479183,0.16601714500040896,-1.7341873674845196,0.009940429646889085,1.0002151747106016,0.8617524810316778,0.8660802448048707,-0.6223047159325286,-1.7919689528790679,0.907906185136981,0.9366719285939981,0.14957248235321358,0.9321512022250296,-0.9375219457041556,1.2927963849726716,1.9420219460687864,0.21665541862107113,-0.4187319242690839,0.9323904750424097,-0.2877400272018769,1.6741347856997961,1.243979034178005,-1.034684883533907,-1.2643169686156637
3212,1.8621153646123667,1.7984113805240796,1.8945153528553675,1.893322273146046,-2.0458278522910196,-1.782447634302787,-1.955774786847196,-1.9443759629908288,-1.1519479218477668,1.8004900212970338,0.7246003796986842,0.781868754163823,0.523462937501842,0.8977511854180605,-0.7078872363780838,-0.7677309256176653,1.063295574944291,-0.9429844781174226,1.2591819730708158,-0.7078872363780818,0.5404603852487945,-1.5468412508995233,1.1901771748684642,-0.6390024614971155,1.0731221098572907,0.5404603852487965,-0.15581949217096314,-1.215303288901293,-1.2270646788388337,0.09029246408828778,-1.1074276185319698,-0.733368511616123,-0.26281840771235476,-0.009590616813007253,0.5172767932993478,0.7814471799245565,0.44738674718132543,0.635966892546496,0.5943723395785577,1.3285461739701658,-0.34294803907021565,-0.5252343229604031,-0.33069615953692355,-0.0491457023540202,-0.2622951972113161,0.12669990024985026,-0.01388155327824343,-0.06137493433416648,-0.19931031453265222,0.28884854497382273,-0.5856587615889642,0.5924140708163543,0.7857159664298194,0.7385204863919071,-0.041544956100390495,2.5888984356050506,-0.15136176951772848,1.271002396187164,2.1778059654540725,0.1393971981948079,1.800080903309163,1.9580244258560948,0.6217806731851786,0.5217642618895989,0.27339999527250475,-0.07708603933106625,-0.4100638890647987,0.11342447649564055,0.24157401472129314,-0.0549640665227288,-0.9357275618999557,-1.0288910496126686,0.4278624077386206,-0.5019824265810815,-0.22644605638826423,0.36982584307106875,0.1573933782795664,1.0336112381516898,0.07115507994360261,-0.7267591924502155,1.1381614965592401,1.1261066265733992,-0.2553509313936787,0.9615485937945308,-0.9457258290767574,1.3025091325490974,1.9057933069106618,0.2658100345894595,-0.3785957337822096,0.9455272674911379,-0.28275791148952883,1.6598039935527527,1.216866361119606,-0.9747498930912316,-1.2416727782305532
3213,1.8650652594480597,1.8186130251199135,1.6870840895424124,1.6577709350861645,-1.4888808535536497,-2.089719087394169,-1.644828242548976,-1.9048299969409628,-0.8752999053024291,1.789022190077941,0.9564302591126869,0.08123571676764167,-0.2973885570717572,0.33892355139249686,-1.3556581095635118,-1.494005066348502,0.7716036011929392,-1.8144905530862923,1.1078681940464734,-1.3556581095635074,-0.0010616839334124703,-2.2557768257700754,1.014241028422001,-1.481020457260595,1.0769671385601842,-0.0010616839334110215,-1.0549465319112614,0.10878396562637652,0.011494637820828595,-1.2604522326017766,0.5069152072187394,-1.3589242294151167,-1.060532013204245,-0.7192843721450878,-0.022090791159629537,0.32446701746201334,0.14861955414297184,0.3024292579844847,0.30598721519187855,1.089030627399207,0.5086497377732734,0.13181606834315984,0.38772000614820723,0.774013129544985,0.4696458678047692,1.0370242800944478,0.8204482516178881,0.7684013232632867,0.569815064551395,-1.18735619035754,-1.2505400914055627,0.38102631548965615,0.5524657505995703,0.45378842216267873,-0.25724949437039396,2.25727094479084,-1.2412815562627086,1.3146480853148161,2.159677795949733,-0.0010812405207082938,1.8568684099948365,1.9347118733140933,-0.16747338473371776,0.20106781106544058,0.4066289244935733,-0.2535539507579513,-0.5254970033049549,-0.171672795503351,0.10733545804273995,-0.007380253331242172,-1.0143920851206327,-0.8884977976512131,0.5222041999634408,-0.2101752948321396,-0.35275770866791456,0.14003432361098408,-0.12670269838824536,0.9072082936756082,-0.4506427891154823,-1.7327345112454187,0.8443337673576042,0.8566873270797101,-0.002257463484562027,0.9293144579591046,-0.8844794653925775,1.2441258233126504,1.7360528658899157,0.30077573083612913,-0.33697943621167653,0.9508424624697026,-0.27032176831634785,1.6450405160612738,1.191814298657552,-0.897385544473046,-1.220638326848306
3214,1.3117509038711779,1.4111041925206116,1.4198721234469174,1.4945167088923037,-1.454399488640665,-1.7194463115275207,-1.3402476636450786,-1.5274754867881104,-0.19562044735307715,1.661364174025168,1.2091173623343767,-0.3332433507504688,-0.7424913024494211,-0.014588697438491739,-1.866811853639351,-1.199249424632547,0.4479744824932803,-1.9834232661040012,0.8956308171217682,-1.8668118536393457,-0.545220101151986,-2.2486510996167195,0.7910564025618887,-1.8493532940001385,1.0328042820885541,-0.5452201011519859,-1.3741801060440433,-2.1420880794777295,-2.4225106506839538,1.0103812004866888,-0.4128063649336999,-1.5284969206954826,-1.4589895553553696,-1.1643137370063843,-0.39482453078783486,0.004014881191191653,-0.05837391600913688,0.07584762146919993,0.10305162253779326,0.920287737879746,0.12364402324378806,-0.11879255944019249,-0.027096196817966694,0.485468930847217,0.20149043065394295,0.6659063019838742,0.49374324563303706,0.45374807965146646,0.278315621563184,-0.842712884210677,-1.5171095552595413,-0.5771879033187477,0.23448472624152208,0.2845162276614298,-0.2842642219495501,2.037823795156769,-0.27491317561569323,1.3519989194891877,2.1291059437613993,-0.12121080771563221,1.886862596779607,1.9119917867287322,-0.6958644472926185,-0.020024186359848397,0.4927855721137939,-0.1470358589525258,0.28459560300773096,-0.4791156414561518,-0.23060037590897162,-0.42933692419621605,-0.9508414265744903,-1.1498170619171495,-0.33107260989182224,0.894283660475691,-0.20701893184436657,0.34711826053218825,0.14961544520931994,1.0266004869217051,-0.6189657089198156,-2.7099011056113524,0.17918648355575345,0.1709725140872838,-0.0972900053154222,0.8896246986254178,-0.7448012732035514,1.2307703639392766,1.6097521085042048,0.3192880209027495,-0.30051487470083565,0.9430128553393259,-0.2687618505330661,1.6303401662282937,1.1815549285425782,-0.8451904656865692,-1.2023588040921773
3215,1.11335102795153,1.2490483222504782,1.1992114731525647,1.3111515975528396,-1.2453484510802824,-1.4315577431722035,-1.3897046701244924,-1.3500851061247705,-0.09526734930473035,1.5566876705625285,0.9778119008931225,-0.7559806185480346,-1.168549145444951,-0.39389479627758733,-2.279580958468048,-0.9993066822984149,0.09257567449773303,-2.1446883281791145,0.6315103458554828,-2.2795809584680438,-1.0824737488747402,-2.2122496190504717,0.5227252660983623,-2.185418451431081,0.9405466645341821,-1.0824737488747385,-1.1602587909913658,-0.8840236625177361,-0.9134070722037466,1.1242920749265413,0.04718074886901812,-1.6081827381625566,-1.7994734772080465,-1.6438728693356974,-0.7904564192638771,-0.34611934616793094,-0.28721004369863634,-0.17360580454726876,-0.1269017096955377,0.729837882655684,0.7817383280742181,0.5797066227050559,0.47031359148966,1.1708990626796008,0.8325026109522503,1.452923398121084,1.177052056078142,1.1748082134168056,0.9533521089025452,-0.9581177914497846,-1.9679217434504972,-1.2175315229739032,-0.06839224038707462,0.05680097545665893,-0.548919218908715,2.106874733513497,-0.5172993806254581,1.378506837797722,2.0924992359111205,-0.15334054982912132,1.8102903768069443,1.8898373061860994,-1.0147200008948192,-0.2731247157879321,0.3805197042474548,-0.19365263419232895,0.8716989605105893,-0.5839406440649013,-0.6740573297932094,-0.7082446504959429,-0.9160677638106938,-1.371120872357972,-0.9703706817392095,1.5265671604921403,0.33075146813959994,0.2174619246503751,0.4100677906718911,1.1579310920881527,-0.24314067330470743,-0.9970724852638038,0.07447942903544628,0.0733265906302949,-0.020495940205449214,0.8427793001550193,-0.6891269561245059,1.2204043423859818,1.3326003893193652,0.3487417163241341,-0.28380868319012487,0.9390738111170972,-0.26749361809734123,1.615469271485504,1.163347765362439,-0.8181772826036918,-1.1855267767672966
3216,1.325821323429514,1.41571297717786,1.4133926558163528,1.5190761173581575,-1.4561406906615288,-1.2364075701357282,-1.3729389411316264,-1.294695623133734,-0.8647306682070427,1.6641610863977985,0.8433573215815476,-0.19974878835001747,-0.4330684419010309,0.036351403773116325,-1.7013637887025412,1.3108162930037661,0.02784621279768633,-0.39439436555941565,0.4325645743331204,-1.701363788702538,-1.1576182052008497,-0.32447298506540506,0.40101532295031295,-0.9942314694428963,0.8408022307687752,-1.1576182052008486,1.0950890918070562,0.8956178787904575,0.9589242054606659,1.0734207244271161,-0.33272728809864294,-0.29181764192303433,-0.9865006013676885,-0.9985822280113406,-0.38614611280065336,-0.02869054689140628,-0.005603555939256229,0.12638588270222365,0.11681915323573432,0.940199203513728,-0.0009063082186425399,0.06385044853755378,-0.04346662792178157,0.4716389056006131,0.3327643038062108,0.75183334210269,0.542649776873868,0.575496284216652,0.3890026800745602,1.058570286037499,-0.7603137949554325,-0.9724839354005168,0.08701168509298454,0.31834908527758166,-0.42421357170379753,2.1325793077581876,0.6093115323637072,1.4228738753399985,2.0594514556453993,-0.26719843207112803,1.7920364914700881,1.868223242114767,-0.42768391694089886,0.037861346773555356,0.37488799365233944,-0.19038110348693335,1.6975393960463916,0.3181808146863349,-0.9769023591719483,-0.9873326301577082,-0.5890481671711821,-1.3093929131674873,-1.856036149817865,1.0013467751148115,1.8129594610442366,0.2581455069821018,1.4626920238529597,0.9980796819165415,0.306413814667734,0.9293110386595056,0.8397278037041519,0.8463287660766207,-0.05867907722807899,0.8211319212672342,-0.6098146796141538,1.1360707462254709,0.9777995151832475,0.4033736513650331,-0.2555109329443206,0.9451701214108854,-0.2608366278922179,1.6009135049046657,1.1290366337217885,-0.787499959483155,-1.167394609901045
3217,1.5368972083683596,1.6506038933041456,1.6117467762294826,1.750424276021419,-1.350037893417107,-1.596240248191977,-1.4984518516673382,-1.5009319596268695,-0.7630159659992786,1.6669975701853048,0.4766017402098868,0.32715944880884457,0.2082465286096859,0.47398142599449994,-0.7234058797176797,2.2460938585526264,0.17025266177726267,0.8406405894681038,0.348435591408589,-0.723405879717679,-0.9101295927848739,1.00635421619149,0.40894927247453317,0.04682166156812256,0.7624715981599962,-0.9101295927848712,0.9957388775473599,1.2518106862832057,0.9359515539932479,1.1884878466570863,-0.11267538371075245,0.9952529986552417,-0.14804915773599908,-0.2841165169164825,0.05838614480566058,0.3196521294009338,0.306346027203047,0.46409215660825126,0.3908548067576944,1.176798295779307,-0.3888669252773401,-0.09133523737580188,-0.21297903607514412,0.17043132806915162,0.09036857011162061,0.4717241307073335,0.28593044204384277,0.36981790395079944,0.1665625780138883,1.1780187604548735,-0.354937078157137,-0.6502262529028242,0.2734282437038535,0.5053681714232583,-0.1368804507876479,2.1501230507154463,1.2868298799006501,1.4736428688140621,2.042678947938473,-0.3904974616082663,1.7742029401767518,1.8471259435778837,0.23627373079413563,0.3914069612231604,0.3692229441310619,-0.1302512403168543,0.5100125695457776,0.07039613450847326,-0.9332751262643766,-0.6902434773043162,-0.712904431748396,-1.2365468875163603,-0.5699347420587546,0.33572618604989274,1.4688504610602977,-0.1276294211501647,0.9050092308333254,1.0292616923384519,-0.19107621115847848,-1.0974541394062955,0.7446894641134999,0.7455050938763678,-0.09850712567039618,0.9061268421737504,-0.5259919296601471,1.0655129848414546,0.5514194353102903,0.43712292779589806,-0.24560512691588687,0.9511683693591027,-0.26129137047118023,1.5868649463151294,1.0843335359717519,-0.7481763449603016,-1.1513912026403623
3218,1.7443208472347844,1.7771930855456806,1.7717400243783072,1.8366923110439421,-1.460852933537114,-1.394020865153016,-1.3858796688270432,-1.335410642543559,-0.7324242927834264,1.6749858509803144,0.25542283142078986,0.5259720630379282,0.441037253663198,0.6447754933884378,-0.023648295281680106,1.60122212118976,0.33013009040972435,0.9407749084193966,0.347225654617241,-0.023648295281680432,-0.6267181007607526,1.159073173967982,0.45348824128889276,0.34029339163846944,0.7090350451408133,-0.62671810076075,0.8084589827161033,0.6796722670748986,0.9218842232639368,0.49230951115086874,-0.3751622842385188,1.2561127606356657,0.2421051271970966,0.029191010909759778,0.18676676603371656,0.41232207443000113,0.4317782278436636,0.5956837361324192,0.4899317784457067,1.2648219010088984,0.14642389131184635,0.24967778640024477,0.24778068629638178,0.541757661407364,0.47911516499035167,0.9358122029155979,0.6849825555449888,0.833937604588603,0.5823111512373076,0.44404965751472253,0.4128141377307453,-0.5880608100409972,0.5507425229001203,0.6925204458092262,-0.17637394664465753,2.1139161806238342,0.4437002443425386,1.5306806833429598,2.0293521456863384,-0.4536824893645492,1.7567555260466767,1.8265231790494765,0.5171791319689516,0.5391883061394388,0.36353989234469236,-0.017863917852907165,-0.31261615045856533,-0.390151020517774,-0.7198200773756693,-0.38116270842820793,-0.9546743360674061,-1.171660611432354,0.3329724524218431,0.26410040863260825,0.6260605566588779,-0.32290364611746225,0.16262113523359706,1.0718493193243483,-0.03181865289222505,-0.9811310265945091,0.7260810009289071,0.7125010873528963,-0.22271027580201452,1.0020033465733067,-0.4416416832602686,0.9973929261697861,0.04200291871720718,0.47048956251380575,-0.2401123517934581,0.9622320933659358,-0.26505294077618585,1.5732488571259358,1.0352852918788207,-0.7268903706284933,-1.136754885900439
3219,1.864531196206768,1.9637529301021714,1.8897303044948914,2.0556585865535677,-1.5830755080205952,-1.4915867693119305,-1.6174733339199754,-1.6148267962268488,-0.9936523414929903,1.837446851556952,0.09455058107457717,0.9447874248785914,0.9086310435126527,1.0212933981808996,0.781110247618289,1.8274376528290346,0.6069151997160497,1.6286763935844928,0.44202673136213017,0.7811102476182864,-0.18245790302733564,1.8120954956567425,0.5906102527266417,1.0784884840585218,0.6952762519505186,-0.1824579030273362,0.6096003151610501,1.0091984177000226,0.5461676743464694,1.063038951633434,0.07261444453486914,1.7910317414941024,0.9751876201514849,0.6833771749787709,0.5869646806452693,0.7887569924814296,0.7366691722752016,0.9075054184333302,0.7556641929613962,1.4930441839886845,-0.6865809400118936,-0.45932495742818447,-0.3901112047741836,-0.2546429037537655,-0.08621906907729315,0.11291266953295762,-0.03336014073680729,0.062296069184345285,-0.11901938848684418,1.1312533937942661,1.3554921442091479,-0.14289577732364694,0.2977018248382146,0.8854416038378276,-0.01003071188960233,2.3212790417208753,0.39253569930740806,1.5690272246594683,2.052480939975594,-0.4458612981690477,1.7268899288984958,1.8063940282992812,1.2038561381015553,0.8896712408890002,0.3334550892528476,-0.17331041130681238,-0.5544550262759835,-0.5427871315106421,-0.3137520765949205,-0.056087075402911864,-0.9848155873313004,-1.1626996422250777,0.5667474132302102,0.26658145197699834,-0.1535905274036548,-0.3043414455497451,-0.3594365120716447,1.177247641761688,0.021036784685645866,-0.3006401113599031,0.9695135609712706,0.9741061424800634,-0.09831736197794952,1.0608551789271643,-0.5477139137393956,0.974543672803346,-0.10860962840780373,0.528365464216806,-0.24937288458881995,0.9746493883086498,-0.25294311023191013,1.5602860053849155,0.9898544750190227,-0.7008694757125117,-1.1185269003341398
3220,2.0237027838674826,1.99617803634633,2.0239110729917678,2.038903647464733,-1.6619000943884623,-1.5898851183765998,-1.7599365135529932,-1.5299244855791272,-1.0124383417935505,1.815902044630659,0.060937470670196114,0.9494563241979185,0.915777507175953,1.0238220087932715,0.9748426016448482,0.43639403119776915,0.7649663877435684,0.9259499051552009,0.560174677487664,0.9748426016448465,0.08160745376283265,1.0705438368213522,0.6885217837310837,0.7667005482602618,0.7051029158113704,0.0816074537628348,0.6964237971648845,0.20189589081071768,0.7266144321152235,0.057791160598670725,-0.6561425791253439,1.012953151411697,0.9785710077518196,0.6895065793767238,0.4927706472363417,0.7379614334153795,0.7234686323799105,0.8777382596240809,0.72717992191707,1.4746551073961496,0.007679262752745751,-0.06915490648084971,-0.04701024824148598,0.07927758681267745,0.29307661754200853,0.5385121620270255,0.3268524471291864,0.47799783155847764,0.262395105271157,-0.05496206585995785,1.7893668154889115,-0.18600643975120795,-0.00021219642640978134,0.8319426050615701,0.06741843787688238,2.229506911874569,0.02698308899673312,1.6298071339730784,2.0554742439186438,-0.42227924256351684,1.7266882058451312,1.7910773323754188,1.1700048492944943,0.8873074365339034,0.3521828214537111,-0.0789495087889345,0.606670800859713,-0.9043876574853407,-0.5948410709194335,0.2847831609834345,-0.9500398442597909,-0.8992641697562397,-0.6653891459248596,1.7281665697574276,-0.15153041810956808,-1.1556977044758276,-1.0647079636589531,1.0265225103474613,-0.05455285610377049,-0.9817409030162472,0.998156821100093,0.9916180716070072,-0.2007728010543313,1.0350707192228354,-0.6564162995254023,0.952753019580943,-0.38392699866501134,0.5950798741634803,-0.2713341905437384,0.9816524685626806,-0.2418735808649042,1.5472623320301522,0.9403961322923056,-0.6736055317075407,-1.1033727385358896
3221,2.0094792343095995,1.9015719540163916,1.8589130527275193,1.760421846326014,-1.6887730631396602,-1.6382525683034854,-1.7359673740886001,-1.5992953860042554,-1.186581968727204,1.7808839375298622,0.5491308734834729,0.20682428865721544,0.03309267915020724,0.4017664801682379,0.2667300198938755,-1.6106343761786612,0.6326776560703207,-0.7874003896259741,0.5933314587665445,0.266730019893876,-0.07717507496370032,-0.6488743866057913,0.6288402788722839,-0.4841091562787901,0.7002231154474509,-0.07717507496369971,-0.8119988382708344,-0.4634303388262779,-0.0384796770707485,-1.4466526461205218,-0.13991660660832766,-0.5623249169698274,0.13420384440218625,-0.0005608004335521884,-0.12296938286349719,0.21746596971639143,0.3547066739797223,0.46897897024940993,0.3685993682861532,1.1778443281786672,1.1338380629582119,0.9100113949412216,0.9221376890133405,0.9932095894838124,1.3018011271489478,1.7385289584605852,1.334220817119958,1.6113991038089335,1.2929054383584402,-1.3743168390077498,0.6162655273936387,-0.10437122157185866,-0.4426568488746187,0.38437120954621184,-0.07446282891605698,1.8998806932945995,-1.3590806370414736,1.6961625183964226,2.018121694933767,-0.4702468079558316,1.7101246647986956,1.7717433246549337,0.45562264463476126,0.4942799281145197,0.34656330822560977,-0.2775450186615959,1.5256788532040755,-0.9605070825043429,-0.9242650214135554,0.23589286318743144,-0.86772824403492,-0.9216993677956342,-1.6850259615360115,2.546799033500102,0.2744321588186715,-1.4862421110114614,-1.047717910103674,1.0322740218153186,-0.13162877043485624,-0.57687733437483,1.15071951117982,1.1670808626339166,-0.02062519862727992,0.9282099760432959,-0.727226066119829,0.9517466588961431,-0.42202138622245366,0.6260832110209241,-0.2719029312406382,0.989333398532565,-0.21281867468260227,1.5342664924078588,0.9089287781906513,-0.6478678543452318,-1.0854527964086105
3222,1.7172292238146694,1.7722555024072195,1.7905286877729574,1.8249827773139224,-1.5651130923824204,-1.6268453995715595,-1.5799403246165358,-1.537695297468663,-0.922459337473442,1.8024484987749771,0.6731505917928196,0.37309390942911475,0.23783412065393036,0.5404397061844074,0.06960889312462996,-0.45166789047512673,0.5955615055504717,-0.2249238895385465,0.602575130260551,0.06960889312463127,-0.10999303032174143,-0.13635061349549046,0.6090114741532002,-0.1652536090436564,0.6920096867210602,-0.1099930303217392,-0.33644403989357197,-0.6559992913729403,-1.2640517468276142,0.5976855251180687,-0.5533406163720516,-0.3209549888308952,0.3691324209180251,0.27196466220984267,-0.0063175178339572435,0.307721298284669,0.45179346888213295,0.5632030632990391,0.4405262049059026,1.2451870000186367,0.1252936765613192,0.12026170357336467,0.1924977006310839,0.2513958527094423,0.6027094050987993,0.9457179459388871,0.6347791515436472,0.8599590910875256,0.6181132090511605,0.34596781184683756,0.23024459055736754,-0.08511212794472112,-0.39425237941413993,0.3526621177315172,-0.06558174696115873,2.0229762562792617,0.25338099155571475,1.7629481909335456,1.9841236774296016,-0.5383079106359845,1.7436865602321292,1.7528308826852412,0.552312945565207,0.6146123881427096,0.4391049326918182,-0.06532157087177162,0.3914619044861338,-0.9835582508877876,-0.8457988896603219,-0.43165449290950914,-0.9527734465718194,-1.2255802522755226,-0.43131512388972,1.630390845484853,0.13119662491709316,-0.40251498983963085,-0.24479957028419919,1.1100557813945622,-0.2523936013716333,-1.7144822818556895,0.9102983125388014,0.9025619074837575,-0.19936392049925236,0.8051090087283734,-0.7041409694471036,0.9433224554642077,-0.5180018735962991,0.6491046792387021,-0.2570379892158142,0.9942369177484544,-0.2056267442094487,1.5217667544663107,0.8922814002951147,-0.628722808659351,-1.0776119987978623
3223,1.789007599522853,1.6991829066572148,1.6902335906111883,1.6288133036567345,-1.4794853638521666,-1.6744853287529875,-1.6448619450138642,-1.5026412064192247,-0.8649597834946874,1.8251417544228479,0.44894490794516223,-0.0989199644926917,-0.30368088944762406,0.13080549928821397,-0.5027355220338716,-1.2925385063953687,0.4066521188404735,-1.1200681367482412,0.5432370650204529,-0.5027355220338695,-0.35843681643208325,-1.0053039294452932,0.49514204865168526,-0.9127298815139575,0.6609661279374006,-0.35843681643208253,-0.5095934834166257,-0.3725952267833614,0.3362090064671372,-0.9641869086649295,-0.34658395898700023,-1.0830204637037522,-0.24222387617769633,-0.2392677948260064,-0.4408212032679047,-0.0604563086096733,0.19260912754961296,0.2719840722691271,0.18092940127134055,1.03340088726309,0.6727524757889394,0.6277434676890565,0.6740098037948049,0.6730898791062044,1.0942418846627062,1.5660466665187578,1.1483107866721178,1.4900095759299914,1.1910912339102522,-0.9935486915435098,-0.43987780523829045,-0.02169356195741038,-0.7198477336804583,0.2502323112650688,-0.19164579662784506,1.8751259038964123,-1.239896885602858,1.813579731533285,1.9396841218669727,-0.6408743460919124,1.726713257047066,1.734323226347514,0.056248975243526324,0.3382066560031685,0.43348933813404095,-0.23729856395657842,-0.3849099104362614,-0.9835085659592845,-0.8748840434499777,-0.5520986779624558,-0.9545906829298041,-1.1243102862431542,0.3735087782097129,0.9878701034228187,0.174979114782517,-0.26402926128405524,-0.09888860346232994,0.9656994056733226,-0.2615993297211349,-1.0762867361283264,0.8352604084268328,0.8460758022609215,-0.02485957746505133,0.4897283886365994,-0.8042876712396473,0.931357147091684,-0.5272243873819378,0.6654446291715451,-0.27077358160006665,0.99878328319701,-0.19692370072262066,1.5088194580702614,0.8575055030600817,-0.6142704545351814,-1.0672746112741298
3224,1.632486459284045,1.7628541880122996,1.6883420677349064,1.7877203247865219,-1.6247546991602289,-1.5011511318582191,-1.6846024635596808,-1.6507051172598672,-1.2622545214134482,1.9339874685560574,0.07414704250030352,0.267697368344931,0.1519260135488894,0.4356213797088987,-0.31693845270696075,0.4130434105374709,0.4135162612580258,0.0342525010956894,0.5060188221931645,-0.3169384527069607,-0.3263874805003407,0.12750522788334007,0.47907008050418004,-0.13428676964356182,0.6325795511303401,-0.32638748050034166,-0.009734162871365547,0.3547283285851363,-0.6899191385237425,0.8708943802175096,0.11344113968962699,-0.06035946633578429,0.17249107987667373,0.2440079293207004,-0.09289133653231837,0.19634532150059092,0.4160216322994188,0.49795521832836137,0.37707610825495264,1.2021373624573648,-0.2168295685401414,0.0021716627049064184,0.030265663785327523,0.12973753721666798,0.5170854186827667,0.8430331758865991,0.5477765502472096,0.8314919834465796,0.5875618738026812,0.8257204203012751,-0.5758524524702039,0.5373484205760823,-0.44174619460897463,-0.03551026236927666,-0.017795519416243338,1.8687680351366234,0.32341936788157744,1.8528476351528709,1.915010102766472,-0.7035096887296336,1.7695982263261556,1.7162044899656597,0.3860036253725808,0.5998573495590378,0.5449542362418216,-0.21785366304857137,-0.6400257169668788,-0.9705991257118635,-0.4704751229692664,-0.7051308268791305,-0.9607003433724504,-1.2321320471091974,0.6506846480277866,0.7605213607529954,-0.4161150780178078,0.4630845755286089,0.09743799891929236,1.0264939502442643,0.08253597095861637,0.04816208229171723,1.2324579125330286,1.2448557133000961,-0.06816344325006388,0.200737300546142,-0.769677632452538,0.8696351913363829,-0.5023826525804183,0.6885750225135365,-0.31798108494295885,1.0078647826866793,-0.18477259574124194,1.4963652041395201,0.8132794432810329,-0.5873691320313444,-1.0576457908064607
3225,1.7243579451951243,1.609727931760948,1.2541774156190473,1.2727498812895202,-1.0675356817464958,-1.633926086959284,-1.0459873196264229,-1.4643665925656395,-1.3016734690374403,1.9478021247067305,-0.12659089276652694,-0.8120289673952236,-1.004402222789457,-0.5650364543664514,-1.425107595473587,-2.475245523392418,-0.006162888419991651,-2.4511152469831385,0.335675883337305,-1.4251075954735843,-0.8876548993434406,-2.2387397594834035,0.21482039151273724,-2.0917148905952807,0.5530589126760647,-0.8876548993434407,-2.231959640402765,-0.8055523717908643,0.42080255260873806,-2.6343834009391665,2.2591805670761476,-1.847861984162295,-1.4470783794474278,-1.1473648606563671,-1.11262591671811,-0.7245957405762067,-0.28016394280304413,-0.2649085232071011,-0.28993346267233294,0.6461079042244798,1.3360392741767284,1.7022398654898876,1.6595152517454343,1.853795875650082,2.322220007391257,2.977666003493125,2.3801819084705147,2.955850369495981,2.576195951008336,-2.599161119021699,-1.7488162040193909,-0.04088928443431594,-1.1499892133691845,-0.8800863120717327,-0.4318786970394373,1.3783925583773289,-2.9741018336097,1.8726048711178027,1.8704301669592058,-0.7422533476338052,1.7755200812114396,1.6984596588859555,-1.0475944103814967,-0.1677932821987198,0.5846637481045406,-0.2523956849223008,-0.6007795372278112,-0.420274933394976,-0.7523101117058384,-1.0217420419455097,-0.910683393140945,-1.2275041537865454,0.6026601900665151,0.06158161874339153,0.6404704100572727,0.5832715607555152,0.9238571867564188,0.9126280607870573,-0.20209307719129443,-0.5421975518872515,1.2684686979441522,1.2953178874507154,0.05708037854152685,-1.006937127259128,-0.21780690694663102,0.32221191459267967,-0.5620047695782544,0.6242827628007945,-0.33677372561639224,1.0003593619461177,-0.21903440383011602,1.4819966428168387,0.7681694023462451,-0.5566257716698956,-1.0523670120513549
3226,1.1968151394217352,1.1465771154208129,1.2706900632939613,1.2538385824652116,-0.9452798987596783,-1.043846978708453,-1.0043846229078721,-0.8510244973899102,-0.9388254766108377,1.919874415904241,-0.21803614822643244,-0.8212970917130783,-1.0117218539906887,-0.5776537802572327,-1.7483684470344851,-0.74030643825665,-0.2843336665234644,-1.6216263732133822,0.12550966004784378,-1.7483684470344825,-1.2264204797152132,-1.3493525424733392,-0.0030921081027627476,-1.7196078028148771,0.442483701760258,-1.2264204797152116,0.07128536367702068,-2.471452821731835,-2.3457561277694277,0.30406519686258743,-1.2030499408605202,-1.4616399539728928,-1.429386191613935,-1.1489307669199562,-1.0676487824050134,-0.7587390406739716,-0.29211119322630447,-0.2973518264242887,-0.3196306415157271,0.6243189966598255,-0.3147962396606372,0.043865915337619216,0.06311054723110068,0.2899910039519279,0.5962032964681416,1.0091571299435464,0.6869758113280334,1.0480114932452764,0.830578306375289,-0.10881818150677998,-1.1809999338675383,-0.4212482533032872,-0.7611353500636479,-0.9640377917846333,-0.5315897721738817,1.4681253093333175,-0.021134635354650894,1.8182997643216825,1.8693015777742314,-0.7785015201950015,1.7634745232722242,1.6810745113543233,-1.075477364174849,-0.1822453020240168,0.5893701283121653,0.9455849952547187,1.0896247958987368,-0.8684620244132805,0.2061523381573021,-0.2415722399825601,-0.7493170467617182,-1.5852581707574642,-1.0115018754113216,2.040142599008754,-1.3045643233080164,0.6151684821711881,-0.39221664374411613,1.5649518418902866,0.6334805245241037,-1.631498193361427,1.0310221692657173,0.9310303071635535,-1.0409561646390464,-1.6971975152059615,0.3031272362911529,0.09615342422352346,0.3502951827056339,0.5759119083953346,-0.3371296070077045,0.9972158558762779,-0.2736881204325695,1.4680038729027645,0.7299628860180797,-0.5279758263766579,-1.0686414341292625
3227,1.2217964685201905,1.1566831090200547,1.3127569169431872,1.206158866797219,-0.5794818033113163,-0.6993814459279568,-0.7563308309249165,-0.4922028689728641,-0.8907964250425492,2.012417267038786,0.0019033872930993897,-0.8886274554852344,-1.079121211854584,-0.645781644317443,-1.7567625511788345,-0.04422124174429363,-0.4922064975824912,-1.2108403304253572,-0.08692341131647664,-1.756762551178832,-1.4368794134385559,-0.8479399075997679,-0.19644106692554028,-1.5194584457639624,0.3122979286491409,-1.4368794134385543,0.2068514229171446,0.0513032290535709,0.11041104847501733,-0.1373983487209185,-1.4378320214284528,-1.105202718810664,-1.4200913513990516,-1.2641451238764374,-1.0767504316440122,-0.8385057968455641,-0.3469280226895123,-0.36901152390334846,-0.38988315439373816,0.5709094671799179,-0.6044314568375342,-0.2564903163467808,-0.16972064952038093,0.04149435807409075,0.27699298793831784,0.6605043993772745,0.38966544783691065,0.7180456899105535,0.5324082884575274,-0.2656539246658832,-1.4472480629874436,-0.8838054693325097,-0.9019680783630433,-1.055777892529194,-0.4738463646689249,1.2397143285260521,-0.8114345827933493,1.7490052247598173,1.8607432314087755,-0.8213911086501351,1.7460748641331558,1.6640355651757401,-1.1705625288793733,-0.24241907408133062,0.5834935188304651,0.6821653762456208,0.7073797833121545,-0.7687036804121843,-0.23198762003320966,-0.051859429924600325,-0.6123461009047507,-1.6181263717263072,-0.6453501837198842,1.5908811507991296,-0.5391737849283388,-0.2113708273499722,-0.5466732176537283,1.666354490475739,0.6249831154027281,-0.47828862815253104,0.9556725026928619,0.8893760241311884,-0.7332237902815185,-2.220220189506079,0.5944325524546897,-0.1234050102119394,1.0041136934650974,0.4988367476686809,-0.34009809585284007,0.989148824585798,-0.2980500495417534,1.4532930560071349,0.6894299086122267,-0.5169933041328807,-1.0769432491357764
3228,1.2459645274125442,1.3104575501691649,1.3031362010290364,1.3712154069698756,-0.7165254298555905,-0.5380897163533038,-0.7742203264359228,-0.5445489829276737,-1.0183003928144352,2.0257080165162846,-0.2203131806344751,-0.4659932819358351,-0.5361601822382944,-0.3069558694024061,-1.1296163573824707,1.4002078610650806,-0.4772041285679613,0.08024915000593706,-0.2234429530627415,-1.129616357382469,-1.3114856794731806,0.49343567354388723,-0.2647887958002626,-0.5420211113305421,0.19326199995605606,-1.3114856794731804,-0.07274525066481831,0.8473977413628924,0.09662230730515964,0.7377524194547115,-0.2615101597752618,-0.031243417901782845,-0.7609529874994903,-0.7596144392723971,-0.638929431915982,-0.5496905383922295,-0.11302512950735985,-0.12766767819036642,-0.18490393143918404,0.749724597877709,-0.3828788368906588,-0.14908254302368246,-0.07617904911312891,0.10740319267078795,0.3456217827348475,0.7966918870317042,0.49408087871480855,0.8602597235372997,0.6614687095398166,0.8675549988953946,-0.6136449013813692,-0.7460127182940072,-0.36970137573244566,-0.919910421048666,-0.17087840743540847,1.4133524071409367,0.8251422106364047,1.7120136189798723,1.8270120175882005,-0.9381367780354289,1.7289601975607214,1.6473300286972707,-0.6808356857312393,0.026080921756765994,0.5776701078820506,0.44627964422371913,0.9441362276879369,-0.14851915447769096,-0.10197176750333913,0.12058863733788007,-0.6652113314080904,-1.6663189734765165,-0.9390703997323385,0.9685591963712655,-0.018961962052861946,-0.30589710891714145,-0.2662203769950773,1.776051694933431,0.527298718173271,-0.08511802921816704,1.0577884374624906,1.0157207143536162,-0.5354190077041324,-2.3416945773172717,0.7941260516312634,-0.3276556796075483,1.4106595858896904,0.45342266378087565,-0.36618428286428695,0.9824271092415578,-0.3416298994473403,1.4400312187745303,0.6460650290154678,-0.49559711557224856,-1.0841315325283971
3229,1.0019000933865576,0.9561785727399278,0.943238375536188,0.8963360968498364,-0.28229958326975346,-0.6504179527574886,-0.35392812546725566,-0.4395400911118755,-0.6210830533471842,1.9639323475542378,-0.09903155985514882,-1.2943833618929392,-1.4033543961420707,-1.1115004927755687,-1.8009789690536964,-1.5255675252974374,-0.8445125784592423,-2.1281678502840538,-0.44233201858578025,-1.800978969053694,-1.705003167075373,-1.5796745117435524,-0.5439546889091974,-2.1807646900621216,0.03771370742257531,-1.7050031670753711,-1.923604713362885,-1.9203059316898337,-1.1585448754892032,-0.6828796078323162,-0.14363731886076336,-1.529041178234019,-1.9132964647014792,-1.9257199144797321,-1.5336465453894517,-1.3703896431626734,-0.7536496177603019,-0.8143215154476714,-0.8008665942728644,0.2299644827664054,1.9236596237426298,2.099738120892616,2.2452271528358585,2.666684053929615,2.9453597786340144,4.03536008723806,3.267874570262303,4.2685252905817235,3.8081379065187977,-2.4656101951389915,-2.0915044503140257,-1.887259449490262,-0.8146323162877509,-1.4146325546013188,-0.6350339165153654,1.278705626666895,-2.4444791748988224,1.597040425962515,1.8320769740452034,-0.9168044441353969,1.602305434449851,1.6309457557062457,-1.6713697360556505,-0.6882928429862912,0.34771222168891547,0.36583090259229156,0.0676614693432138,-0.2545004368909721,-0.7149413982735718,-0.06529678882361464,-0.9057220361510918,-1.6285617449759873,-0.011427042923221957,0.3897315577247073,0.774509922196045,-0.79123788977762,-0.12188086072658505,1.6711653149791712,0.06204850977108842,-1.2650345431805046,0.6547016718658208,0.6223959326456229,-0.38805852054422324,-2.686881092477948,1.1051131851758724,-0.3359170175369998,1.6946264824150417,0.3198117309931147,-0.3458077331731224,0.9746835573951191,-0.34427815942195833,1.4236335721497615,0.6051640328629336,-0.48778043746478617,-1.081192000784299
3230,0.966431256681266,1.1225688850280233,1.0534538262669302,1.2211089353605398,-0.3949808530761237,-0.17830312351984096,-0.4071119679545781,-0.35061538499591266,-0.6587895978887893,1.918394675142651,-0.09659147677531425,-0.5936303143065925,-0.5701444533141212,-0.5167384094486334,-1.0625083199375505,1.6483480276516909,-0.7955480062448033,0.27165704767316895,-0.5712732819892196,-1.0625083199375494,-1.4925416394458346,0.8231231779337562,-0.5997065974808908,-0.44258971742563247,-0.09894257006025738,-1.492541639445834,0.5783241595934994,0.919556588317195,-0.20519864245126346,1.5911681708721708,0.2597816876423596,0.148482881986913,-0.638702312116876,-0.8625328406237353,-0.7429284821931345,-0.7883412377644705,-0.2960715239384906,-0.3350003225568419,-0.38726327709833436,0.5822919877246964,0.5319572308502818,0.5910266248051734,0.7746845844775071,1.1189291033603157,1.359755586957052,2.194135191729266,1.6819281014901881,2.430201570706412,2.1323960529363326,1.7129163098565419,-0.14301790498312694,-1.3343059484749993,-0.1123899185627112,-1.0588118537679685,-0.46551343157250413,1.4550514634429614,2.0560976189583684,1.5615929158656583,1.7749198797438213,-0.9724657112985408,1.5654168867858165,1.6148712038790267,-0.6921609818220699,-0.18033987108735386,0.29663867750150213,1.321846993560647,1.8077820440056414,1.509232426718493,-0.26697001270209636,0.7386354778853577,-0.491069065925852,-1.6540847543518373,-1.7216254675323768,-0.5007035973552741,2.126313307741927,-1.423015258712434,0.2949285169649998,1.972883572905398,1.2986221676677594,-0.131693664490857,0.7903916267426625,0.6584211262548648,-1.2984173122690938,-2.7097039027818837,1.1744482903227813,-0.36059657675780366,1.915723019488314,0.2772545538866994,-0.3490350770913527,0.9682307960766604,-0.3426298810620508,1.410096212186182,0.5512638867211557,-0.4732061760549072,-1.0734969677152864
3231,1.2232250572213996,1.2790236123959349,1.2224474535906762,1.3046868936831808,0.04066585437439406,-0.0863035478363605,0.28842650869389114,-0.007046917419287362,-0.5950407739402535,1.8523510239992094,-0.13671987115538348,-0.4144429709672033,-0.3638992295006688,-0.3609158701334216,-0.38564365853497706,1.5123868951333153,-0.6814191753801415,0.6510123480414755,-0.6174603157929205,-0.38564365853497706,-1.1839942957720122,1.2157303694114812,-0.5957430674048547,0.022645119925774757,-0.2075482409381925,-1.1839942957720122,0.9132415386789416,0.8573886769567605,1.2675315321353366,0.5002818060312799,0.12915352985623563,0.5173550909718604,-0.23348594585099533,-0.4533952156537131,-0.5111699096604896,-0.63363566096074,-0.17398889376648652,-0.21648722226983366,-0.27739748067653525,0.6703762663575815,-1.2397438573759056,-0.9064968787364088,-0.8175175427955812,-0.5604509571058937,-0.3675812624425194,0.0716116404904638,-0.145418303937984,0.28116206425164697,0.09263939637904295,0.41971221643527623,0.10298579151057465,-0.7633659700049548,-0.27574047268734453,-0.606624328543381,-0.30498828842637316,1.557741592957815,0.7583958721247656,1.5402561353559456,1.7156786194926055,-1.0885892680324984,1.551452544851726,1.5990953964543873,-0.4308126478893286,-0.03918957916913784,0.29143154548150424,1.5626163400266113,0.2592949593837905,0.878045808679131,-0.8747270855611702,0.23626542930224553,-0.656135238753366,-1.5506265127340408,-0.01636610768092924,-0.9437153585709536,2.278961449806035,-1.426201137355496,0.4100637283376062,1.6895701620350243,1.4591913893145074,-0.12110087080379331,0.752341040768348,0.6020862180205859,-1.45186862880172,-2.6725998050081174,1.212069483809589,-0.45983431657590484,2.102670261146817,0.25434267572681796,-0.36702312218566774,0.9527535647216293,-0.2913115521042187,1.397341677389259,0.4964884473348455,-0.4738610242349413,-1.0595791080153911
3232,1.2751250209823342,1.222851570123577,1.268346927715586,1.1582789185845956,0.2489221569228135,0.027159951953750386,0.02569702885317138,0.17617093652144683,-0.8364500649189406,1.8896319085038045,-0.17949452068933258,-0.6579100593939606,-0.637064605777108,-0.591549399607048,-0.35844179000980186,0.055911337976558534,-0.7158899218086103,-0.20875016689505846,-0.660215508862977,-0.3584417900098021,-1.0889989558770563,0.36667531819480964,-0.6562864638219088,-0.4813496110045234,-0.3076140177804292,-1.088998955877056,0.2299443157995798,-0.3163718371912734,0.2450384525848613,-0.7265464272813615,-0.6289359319708581,-0.17696967828811466,-0.49784311846979806,-0.6760246974259643,-0.7557813087385037,-0.87413888178613,-0.36607229392928914,-0.4417560860748386,-0.46966257714833703,0.5040541394713757,-1.171200878722931,-0.8630632109107185,-0.7924733715161689,-0.5492225041175555,-0.36749543761174824,0.0865382791263397,-0.1278382505121038,0.33589143332754184,0.11843146301709949,-0.7772283929029378,-0.13951240071951607,-1.1210171239888573,-0.7852469298996002,-0.8443849424021844,-0.5194156597873749,1.3818888985987121,-1.077025625144086,1.512071429136034,1.6487265611410808,-1.1953670183837488,1.5377325117889071,1.5836078868396737,-0.8050267796660772,-0.2532931403536336,0.2862076851347226,1.2906279968890835,-0.516287866507749,-0.011268606971596337,-0.9377939026204064,-0.48667157187099636,-0.8379396468750242,-1.4179924899136118,0.771599201565206,-0.41026992277701935,1.359622342090007,-0.4430881064245549,0.5885848586101882,1.3046803971087275,1.4080559970478683,0.8122869233706056,0.9637250762091663,0.8498777132856608,-1.164440444189155,-2.653970545461494,1.2544597810231968,-0.6885226250490384,2.150088181827191,0.20207122848720585,-0.3660562330881402,0.9223872004086608,-0.24368911114887712,1.3838164855533686,0.4440807745120075,-0.48257104972804954,-1.0453012389957257
3233,1.1118502987110428,1.1272146957489932,1.165843282405485,1.121067687531936,0.6243777094358457,0.3138828102410123,0.4723179939702777,0.5277720325021052,-0.9764091007031973,1.8921810238646473,0.09173832107415601,-0.705569352733939,-0.6912110635351134,-0.637880133589306,-0.3518416401224923,0.00955016497178785,-0.7542671117678976,-0.23224037612692447,-0.702044059530991,-0.3518416401224922,-1.0067165788109844,0.31812454247353084,-0.7138950595002598,-0.45987412329808924,-0.4002041606023937,-1.0067165788109844,-0.5847061107652164,-0.5389270073580562,-0.8167116934552264,0.05337690774389395,-0.5629110657525102,-0.11355245204753923,-0.4603189678663336,-0.6376621089082052,-0.7841954486187114,-0.9241415381777511,-0.40526526534618834,-0.5043325110271664,-0.5155449134103813,0.456200373696881,-1.450042940954042,-1.109590008858358,-1.0379025162316529,-0.8485322783939688,-0.6976878497363442,-0.3161691349428389,-0.4707110544205756,-0.08868911672995246,-0.2638073082572901,-0.21404819408067005,-0.6324738361034057,-0.8745978887093793,-0.9515276092978121,-0.6301587561361162,-0.5728792452324172,1.3621364081600935,-0.2818958341030258,1.4712788750929673,1.6252419496898745,-1.2562014293263526,1.4882348022058853,1.5683987258879064,-0.7856021502684019,-0.2993491118129064,0.20604378325386008,1.112548186459699,-0.8499253522092555,0.33394449866778003,-0.3156647881579927,-0.20248710834068975,-0.6368827021053469,-1.5250031481555826,1.0990954946988103,-1.137104743018425,0.8373791512229724,-0.09252673391260392,0.5137743271700002,1.5147613545395864,1.1720985043769807,0.805514148595934,1.0836262445366711,0.9981897839307986,-0.9371568545828045,-2.675915683188643,1.2531792139392008,-0.9530676567525852,2.127367843499057,0.14520754310836592,-0.3679918408711091,0.8700768132276296,-0.1701588346877908,1.3701115194000848,0.39374132069890494,-0.5045755900714421,-1.0265744036629365
3234,1.0906067071670134,0.9795328821277687,1.0957290139523101,1.0171280155679463,0.693772066340149,0.6886101089347847,0.7273962986467534,0.7841869895107115,-1.12234169956895,1.8852783804025097,-0.0173665233573572,-0.8762493995513365,-0.8873819179976702,-0.7978524734463845,-0.5082474313043425,-0.35666661878999856,-0.8485900341947877,-0.5586101053270215,-0.7627402629682017,-0.5082474313043425,-1.0096750038495272,-0.02392178337205966,-0.8006778409684183,-0.6897425602484639,-0.4931285730446784,-1.0096750038495268,-0.4122151787703784,-0.8305048719342027,-0.12005272979259535,-0.4637614802879744,-1.1230668142621532,-0.7614269215187824,-0.5538553843134992,-0.7522958283882701,-0.9624725713463859,-1.0638513597537467,-0.5432245214222309,-0.6615626573309245,-0.6470000545426718,0.33436979191952715,-0.6630571180846777,-0.9338459510543352,-0.8722272350348875,-0.6959564301961642,-0.5445100916266403,-0.1398595316738857,-0.30861304101092113,0.10535916371947722,-0.08847210365406843,-0.5654562371100298,0.27059061514028204,-1.3068922448163849,-1.3714479616765665,-0.5713472399973422,-0.3561360537645438,1.4400641337160682,-0.6143076285265501,1.4222033497640743,1.595658254739565,-1.2874599954922799,1.405082123257181,1.5534584316106652,-0.8636416558969765,-0.4491679537782834,0.054151609968273846,0.8453817956098866,-0.561557659805458,0.02976853176693867,0.00033093725687892786,-0.4990316138313666,-0.5503025974254728,-1.5400936717310096,0.7444036932165894,-0.5017860133555717,0.033011853752091376,0.7335862962563475,0.6346692471489036,1.431379892471681,0.9244240025034787,0.881429765928718,1.2000114439498177,1.1467871618493923,-0.6763922342435856,-2.6886397887112468,1.248241303126845,-1.3857627411602724,2.0876886699929154,0.06911074176148833,-0.3904907869025594,0.8220426973697829,-0.03653535188223796,1.3558512942646066,0.33679295855505276,-0.531909984922887,-1.0083661986171928
3235,0.949741240853141,0.9619461554454782,0.9445331153599313,0.9244033955912901,0.7844558407778072,0.6808319812754745,0.8231195320529706,0.7934219794987963,-1.0197416360006188,1.805889141576418,0.1753655727969995,-1.0278616951017279,-1.0612705114629761,-0.9404203561683063,-0.6854237956225244,-0.4038245735099888,-0.9679623774458457,-0.7071877034520098,-0.8447239082367242,-0.6854237956225232,-1.051693397656839,-0.18303603793483006,-0.9042579123335766,-0.8245147116337916,-0.5899706894582577,-1.0516933976568388,-0.8698498317153489,-0.11535931660227008,-0.7131996231557506,-0.17562160639293012,-0.10264087730883135,-0.940412477279405,-0.7502687238762228,-0.8624698247222242,-1.1274993268450877,-1.1684408600352174,-0.6652798461943001,-0.8027357165668495,-0.7656687704686624,0.22329768746122752,1.39257915373025,0.2185169450237639,0.11986954722842094,0.31481344126096444,0.4414149361188256,1.0575911487538645,0.7577565422990602,1.4415644025012377,1.1425767077152222,-0.5182727830813962,-0.7572170654803062,-0.6341221191307219,-1.4815928814228219,-0.4751816072513788,-0.45766892210715,1.3323618356233289,-0.19018574904627436,1.3646643489567172,1.589998426853687,-1.2608060859133574,1.3934150525078355,1.5387779611151227,-1.0959726062817725,-0.5846590978765177,0.04925650700301127,0.6477970245130779,-0.7883541157871355,0.6435918054713852,0.6927775894432066,-0.6101607741531185,-0.7736340097521405,-1.457788745887591,0.9535254210237666,-1.4902606183396025,-0.28594892590138193,1.7390096849861987,1.2528282530912032,1.3112106812192745,0.5508494029477923,0.23821823926311866,1.077347850327605,1.0447071791752562,-0.47694557498076307,-2.7326132560516863,1.2367674236793023,-1.523767949227412,1.9970087969403212,-0.01525575561959022,-0.4151447242099292,0.7756353073400377,0.06693184840698473,1.3417632957695254,0.2786050889261716,-0.5494376171428048,-0.9872982469998354
3236,0.9345769639202522,0.83285722479079,0.688683320968982,0.6382529530823516,1.0564243415218526,0.6826686598702576,0.977127513546171,0.8810152858889728,-1.1230603645714832,1.825494011743471,0.6672814954455905,-1.4759757892303136,-1.5463380488874356,-1.374652099641629,-1.2854327821220326,-1.3569292724756363,-1.2546857350528287,-1.683489277583461,-0.9993259517409511,-1.2854327821220313,-1.327118759497601,-1.1337856118957919,-1.1111154284901257,-1.6344808117086758,-0.7124233194699706,-1.3271187594976004,-1.4534431461434514,-0.742913916557411,-0.09993196279318811,-1.8715118739821732,0.9129012222120554,-1.7203454968921714,-1.482141442417596,-1.4261990732069776,-1.6506993565269852,-1.588718666313098,-1.046341792433272,-1.220355216520077,-1.129882563267028,-0.10283997346593646,1.1510460502417494,0.3157859215710561,0.2006520214649312,0.40802807725586704,0.5662974915267177,1.1905181098019053,0.9127221438613919,1.601321293211879,1.3081153311676603,-1.5358654806050571,-1.640483861483545,-1.0974975740885249,-1.5241026659281225,-1.0498242950296062,-0.7134323668831665,1.0118214488791792,-1.8219806893266277,1.2657281378679384,1.6199532515149946,-1.153981523353429,1.2790057599329037,1.5243486845746037,-1.5940326710023403,-1.0171309842787055,-0.17177376786392293,0.4533224264027575,-0.39299669224810146,-0.21053148973531677,0.9578941187503843,-0.7547285980591122,-0.7044199637844764,-1.508478559705981,0.4971129727026443,-0.04810116434157745,-1.6257704973222293,2.25056433918367,0.7537749044316572,1.3196398561823757,0.5177976667836374,1.000236771100084,1.1592159354643439,1.153983159184009,-0.2503701319377071,-2.9098705464369963,1.0020720442145945,-1.5617680321866143,1.856354338054066,-0.16890043013328881,-0.4564604328221796,0.739389561116081,0.19223346418130435,1.32523881569652,0.21868685134314228,-0.5698312027727728,-0.9660480317567472
3237,0.5188133934696816,0.4170338438338075,0.4567952099911237,0.4174113769554336,1.218987542729797,1.0045638114620774,1.113184564603556,1.2721106221536214,-1.2101024753373555,1.894675103349852,0.5025879513824113,-1.7589194506925199,-1.8261305664465979,-1.6673887720271876,-1.8107754566965775,-1.2106514459991784,-1.5840317269247202,-1.9450736951769112,-1.2175423698801646,-1.8107754566965748,-1.652557140471379,-1.3536569645955219,-1.3628016226095891,-1.990204780110768,-0.8653044978666325,-1.652557140471378,-1.3344215391567549,-2.3272379116771633,-2.084513195984432,-0.6653702010956202,-0.43287928910819123,-2.088204291159794,-1.9369338080220624,-1.8592469574062769,-1.978307878716433,-1.8724876158541948,-1.326783161487614,-1.5299396191955963,-1.4022289133531907,-0.3550949554012897,1.4169782010827046,0.8013960787284454,0.8437562857321836,0.9230387678292447,1.1372217879574784,1.873469208403489,1.5171932265352917,2.3618870365877203,2.049804428890058,-1.2074246136799898,-1.8226990557070928,-1.3940450537779252,-1.8913316800595437,-1.55069606702872,-0.9282381746359487,0.7819893841738025,-1.7206492842038577,1.1426207296140538,1.6740387679435367,-0.9940948969867679,1.1482008006666473,1.5101623610606087,-1.863183700623413,-1.343617765662211,-0.4300286560468627,0.6903988183238581,1.0012251731038504,0.2900553579294866,1.0710264890871517,0.14140504918458258,-0.3789016941741848,-1.459926760364166,-0.956659732400102,0.4454860296685277,-1.2301605917701746,1.0926522058606605,0.05712570538205997,1.5734676478939564,0.7347248517374895,1.0660655285745082,1.2691547245579482,1.244733962351932,-0.4453345276277451,-3.3463511138857998,0.8790552213216146,-1.710481075787385,1.794202332070575,-0.40950516128667125,-0.4766548333393725,0.6657886148769167,0.3459357968434228,1.305993949705744,0.17373561613366748,-0.613965805822183,-0.9394055608887083
3238,0.4469872387849807,0.4403644652553292,0.510761537069899,0.3906684541363598,1.2279064077809554,1.1738200510340482,0.9687337375279647,1.2783261147154068,-1.1751223080837907,1.945953218026969,0.19566562210988592,-1.769038531064903,-1.8338481141034355,-1.6817381735784243,-1.7796312319808256,0.04029553729442378,-1.7767098916781494,-1.1823535239772132,-1.4304513915970098,-1.7796312319808223,-1.7726773755928025,-0.5371329710736812,-1.5532154352087495,-1.5347456577187113,-1.0293621912331476,-1.7726773755928016,0.28176809833236416,0.11970970107354166,-0.3850830638148391,-0.37451857833643154,-0.6772805177095111,-1.4903146395720424,-1.7079958776191715,-1.7263210304570376,-1.8816280441568134,-1.8135212031764403,-1.3403942948143652,-1.553703695570663,-1.4206007656372366,-0.38907644484694287,-1.359742897788337,-1.170103060634234,-1.0829428889466826,-0.9906758142519952,-0.814181877058415,-0.5118466866448086,-0.6074583869608947,-0.2597588289509181,-0.38040233170446036,-0.16706328976062282,-1.7906015828601793,-1.699454359489329,-1.6857654201905279,-1.6665491073657135,-0.8654717435994921,0.8743844944786774,-0.49914098595696177,1.0172478803629716,1.708278757634836,-0.8623890350157358,1.1394069542250262,1.5983243726089182,-1.900126071995231,-1.494336294316256,-0.625494350016642,0.7311540478726405,1.605163128571994,0.823618504748763,1.680318279927303,1.050202485391334,-0.06309038125211333,-1.2244386511082506,-1.5969933802658365,0.2501615805750047,-1.520155537673856,0.5290922653177061,-0.6295488267663945,1.6314403899002334,0.68132747378759,0.720434702589726,1.2380218504985574,1.209399189717216,-0.4817430330670947,-3.5160791991236193,0.7914693320218465,-1.85940066314964,1.7403901597814018,-0.6694448838634811,-0.454739923257499,0.5933866059614158,0.5298121631764824,1.286399733649805,0.1246398001576,-0.6641024813395107,-0.9151863232472562
3239,0.4457723184347557,0.34838733748650813,0.42650710145691567,0.34562389224995416,1.2001133259730228,1.0068339384702825,1.1468711423667381,1.2679285528775392,-0.9815634722854999,2.0010202635126153,-0.120768225215987,-1.806367938805611,-1.8697949816750807,-1.7232239318715148,-1.5544272312660115,0.4904577355379947,-1.8943156717533969,-0.7659004596175929,-1.6133104597830406,-1.55442723126601,-1.7757325846583447,-0.06278478390800084,-1.7016607504319294,-1.230432666188689,-1.1932394412526544,-1.7757325846583438,-0.5088852236088993,-0.5395208728709925,-0.02417547038498352,-0.6570777691437688,-0.7210507178664856,-1.0390427156241664,-1.6722853351869587,-1.648584947990988,-1.798879268140077,-1.7869817710664,-1.3806158275531597,-1.5785268879570078,-1.4647571537522364,-0.4445650466613775,-0.04932717637821904,0.2377317631596152,0.004715337614510244,0.04532990831041081,0.24077365601910333,0.7754959655900339,0.630123972100224,1.169997475834658,0.9667811331035056,-0.2684103399097133,-1.6516051316297686,-1.004795450172082,-1.9276285203108658,-1.9318861592574383,-0.8217214076344591,0.8206699347576997,-0.6366974615344483,0.898683249256709,1.7080349903163174,-0.7196439631277499,1.1203737713760114,1.5971994097513946,-1.9600267504982978,-1.5619087378119079,-0.6747509335055902,0.48427568785229236,1.7430436549681143,1.3877522545915388,1.457127430481152,1.3247289842247156,-0.10917590630249518,-1.28309351703932,-1.785428991998943,-0.3727067820828261,-0.5676058602478977,-0.13620444452991107,-0.5180844404553685,1.7808853922295746,0.32257280497159946,0.23826457781869984,1.020744015523676,1.013335023666878,-0.2545000666449911,-3.561101620620306,0.8628786124029787,-1.787962175544729,1.6471559549892751,-0.9618475065731468,-0.3990511064156981,0.5242450714384999,0.6898437370240122,1.2661287572427575,0.06996741841836156,-0.6979128606062578,-0.8933956044781733
3240,0.35950041872219823,0.3040404224337364,0.3919753121709488,0.4139714440869357,1.537650670561169,1.1697130413376657,1.4041068668637537,1.4346721678317378,-1.0294209650443018,1.9916740298041145,-0.13733927795722464,-1.579906769049012,-1.5538198212003116,-1.5531794242196344,-1.0190637082878367,1.2112997848454627,-1.8756745340597938,0.027778670029535633,-1.727969738715739,-1.0190637082878355,-1.5821083636829396,0.7580385976820616,-1.763379320614107,-0.5700467972343767,-1.3378295184691544,-1.5821083636829396,-0.2279866404197083,-0.26860633574245707,-0.46247674793792354,0.34596404897671973,-0.7869847532727772,-0.16531847073507663,-1.1974458330521178,-1.2235426773845965,-1.4885310429178928,-1.5712068379474897,-1.2708284829932868,-1.448679571538417,-1.3622524622065133,-0.37251971373911363,-1.224058489988592,-0.8117839135402343,-1.0057676159465214,-0.9458791985443068,-0.7633325026487685,-0.4576670316408046,-0.5127521225688312,-0.19114365791453658,-0.30919002958531766,0.3491122715807879,-1.2689941467079953,-1.4170066687171918,-1.2078252309406168,-1.8372986499481105,-0.6957564159479901,0.9707846101114641,0.37467394338433885,0.813296418769523,1.6679694560917702,-0.5796099778681858,1.08430115491759,1.697424975961534,-1.6768231526620772,-1.5812283549379105,-0.9455776131448312,0.2618399705419173,1.6028466128738235,0.4354275210407368,1.8205724057388573,1.8135471179283424,-0.17206043423709003,-1.2383357749791177,-1.671481637090776,0.7628350429905248,-2.1581527041760866,-0.39944083123924856,-1.871076878003326,1.894331659988575,0.29389171864478997,1.1596633226197202,1.0451790326858,1.0677927308223443,0.011355008217210725,-3.5481338901885753,0.9497042364619251,-1.711892155186691,1.4806309215335716,-1.218719161950472,-0.3591604202059255,0.4406512954033049,0.8304110703862356,1.247008697369161,0.023975371922738405,-0.7526722278988329,-0.8717496031895807
3241,0.48202448424722905,0.36133821231329755,0.4270134768013063,0.36308072686978954,1.4645198008605567,1.4431408367903271,1.2982829583436066,1.652005856235716,-0.9545040883774523,1.9789675697552218,-0.024549557484671983,-1.639013892900738,-1.6232533184117148,-1.610292550762598,-0.686184369845825,0.7545218940564529,-1.86537817833547,-0.0181563149371723,-1.8000910262641157,-0.6861843698458256,-1.4017917687967276,0.7170584298120308,-1.8122262104444136,-0.4791024647885285,-1.4639837925100658,-1.401791768796728,0.16906103324916116,0.3113317209437074,0.6103335443563973,-0.7699777126021686,-0.6230346692808447,-0.1435831030506974,-1.061145918312817,-1.2424643384242036,-1.4521636572815486,-1.575302740842072,-1.3246649051450226,-1.4941677995814113,-1.416345472304454,-0.43529942809192046,-1.2655429446359432,-1.039140931560222,-1.0558609527165277,-1.1151470928490028,-0.9568880080599744,-0.7064181709905711,-0.7415975131741895,-0.4689583139090999,-0.5683005206664633,-0.30039706969581365,-0.7134744835105274,-1.6287563673185985,-1.2523746400920142,-1.6141306858896671,-0.6312080471178642,0.9810588438858239,-0.3120305072067901,0.753341572579571,1.5720237217475908,-0.48766203337678116,1.053071303667937,1.6806438535857129,-1.7266634640611405,-1.6385318277918657,-0.9923744799056476,0.0609039972979622,1.0640635141807817,0.9011743786452359,0.7968105815776655,1.7105073128496713,-0.33953441113206484,-1.3627533579364444,-1.1277371715790572,-0.2944271183389503,-0.15448219642745845,-1.5038996972097605,-1.38048279094702,1.9843536534480493,0.009003627003327692,0.7641771319041828,0.9507249547582641,0.9906536261053803,0.18850100262263866,-3.4465548475498466,1.0383466118734468,-1.6826279394900883,1.2624254169863165,-1.5059053561618996,-0.34758026005196835,0.33609976432206845,0.9765100649489337,1.227556713839893,-0.015560042189817656,-0.8088707667359416,-0.8509015854114242
3242,0.397181996734335,0.38241772674398145,0.48655326287519574,0.4853819860861211,1.5979288514448986,1.4190167830823648,1.3119935948621542,1.6323522367312644,-0.7850159982525037,2.0998496560797735,-0.10362947295685863,-1.2583491705405552,-1.086086499914621,-1.3284501640997979,-0.09546412512767136,1.342383890654878,-1.730470039990282,0.7384670110549008,-1.8001663495364577,-0.09546412512767388,-1.0532953611334417,1.4256148240560012,-1.772976737317212,0.2202030312485236,-1.5557812098030162,-1.0532953611334421,0.30670170506907884,0.1023688115423615,-0.45209247834836147,0.5567255079006023,-0.9219036383348659,0.4113837719557218,-0.45531243212382894,-0.717836975942241,-1.0610661809597361,-1.2916700747068033,-1.1481723665061547,-1.3008706704313746,-1.2496999137487166,-0.305276794543063,-0.6060820124550924,-0.9230574941156212,-0.8545672498177445,-1.0354284937852059,-0.8973915825187235,-0.6397109924218293,-0.6721892947090875,-0.3882713885419802,-0.4960091871025589,0.633661125429242,0.12337912119074083,-1.1939191318462432,-1.0312816937534728,-1.5473376834389954,-0.6335738528503785,1.0080792856293517,-0.0027719658683950867,0.7325854715916005,1.444352236620095,-0.4190060505115647,1.0079904952937344,1.6641948249809508,-1.288236945568805,-1.4450562599458792,-1.067600596865401,-0.13198472082352458,0.23301212691042295,1.3100151848036132,0.6801678856501348,1.3400649652673795,-0.44483185487008325,-1.3918323105146446,-0.27088814432926456,-1.5193933506502721,0.4718350243954444,-1.1121070596787992,-0.6060880992018626,1.8866937657490692,-0.2467105672047665,0.5887182050951303,0.7635289822887634,0.8220065224399251,0.3931381250030042,-3.27829454434006,1.1819109570005775,-1.5209083112514072,0.9886122068201717,-1.7598406207325892,-0.3161160791612591,0.24692964016610106,1.0800461462942694,1.208597931936123,-0.057384169583893516,-0.8562624486179207,-0.8351575385708773
3243,0.5686007305614785,0.7156200584663261,0.5897246941422319,0.6967781014701995,1.4518366467835064,1.5058743874988467,1.5880760791756832,1.5741945077146626,-0.7462984820155802,1.950150335963565,-0.436196656581721,-0.6879844390168443,-0.34138728245795774,-0.8864839744489659,0.7194210909551987,1.841609526026077,-1.4557052958197245,1.5930946377588018,-1.7037585808343272,0.7194210909551951,-0.5218142568159008,2.1730096567331265,-1.6277835308974278,1.080748741533746,-1.5966731039445314,-0.5218142568159027,0.5479603923347058,1.8486605535610818,0.8478972415656826,0.8012562450049173,0.7667732391640353,1.1667620577623337,0.36097168010700287,0.036309855347066836,-0.5244931358445384,-0.8838723145448207,-0.8590776591166839,-0.9918214288657842,-0.9736046006592263,-0.07502424582708644,-0.018176134532600977,-0.5148844016380996,-0.4320285155356111,-0.682868259553794,-0.578304028517262,-0.27092171658956615,-0.335281248439397,0.023215386401229183,-0.10717749790700523,1.0963217363024624,0.7052865975376293,-0.787539814900055,-0.9714756249156481,-1.1169183120840245,-0.45768737787296576,1.0267490933116001,1.9217394857458436,0.7235907288233537,1.351271789986765,-0.5348499197480909,0.9975332696356319,1.6482213979938007,-0.7042997257967246,-1.1245808102016785,-1.0697965133496117,-0.2449734342344486,-0.5451519683127605,0.7054948293643151,0.33052334077726164,1.2030454964941064,-0.45847390439340885,-1.4132014737608096,0.5422828938789165,-1.368714052377091,0.30614772230435733,-1.3382176554419738,-0.9170774683821412,1.859784662045678,-0.25691314308939767,0.8665582627970245,0.7139600524697358,0.7801379650415532,0.4753908451848166,-3.14720095139327,1.0032440379881995,-1.5600534761904803,0.6640363280254509,-1.9186860741747385,-0.27592539663086446,0.17991898138493134,1.174686199131187,1.1936976725038042,-0.10855390072943241,-0.8962883303767013,-0.8193339283156824
3244,0.6812853023560141,0.685582681056148,0.731822999636108,0.7135875220768035,1.506254286139886,1.390365275478656,1.2493119523305358,1.569045607146904,-0.9624407730230198,2.004641264860763,-0.45571009857945083,-0.6280100449440672,-0.26815366468926793,-0.8382202730131294,1.0818465064739555,0.8225506247778195,-1.2448775246761645,1.2270263545965854,-1.5661582705046002,1.0818465064739538,-0.10675423897035796,1.6891865208935934,-1.4893207643059676,1.0455582002875756,-1.5985200956020955,-0.10675423897035817,0.7571394695445861,-0.18452446324510885,0.5398003138132851,0.19968627953230567,-0.5350788811231846,0.8712438234838795,0.5169783303150449,0.19507773306592463,-0.37690200330580387,-0.8143651257748423,-0.8231170522052544,-0.9551883901309871,-0.9420594641527239,-0.06262828983096445,-0.27499550207570883,-0.9419313368797221,-0.8438156574183008,-1.0133625947666285,-0.9058076097311661,-0.6813253936782329,-0.7000777948204895,-0.4315194792764904,-0.5299382419784119,0.061407423962916076,0.8587679018408598,-0.5888281975238261,-0.3243171619006053,-1.2671155065927016,-0.6814778287328429,1.0176501319966649,-0.27550703618320055,0.7357206874875761,1.2283299217251327,-0.6429037774594264,0.957407194664776,1.6325542204860004,-0.5595201689913838,-1.0866055462258257,-1.1324091452073821,-0.17006951867778794,-0.3983841478723753,0.01543036956940198,0.18440703274659082,0.4837034358779264,-0.660663997795692,-1.4248601677948076,0.397804731589056,-0.34893205147252193,-0.2504135697435547,-0.4759442316717321,-0.5794962178524798,1.6323542843596575,0.0011307223248337732,1.6023169115278497,0.9357475571464785,0.9991507945665347,0.4156022003378068,-2.9481475953209157,0.5221718317095689,-1.5193155580660447,0.39061528209595964,-2.062303071295156,-0.23859822493606395,0.09977676939953559,1.2790474684075503,1.1787796647588256,-0.16015003922892215,-0.9485278172532535,-0.8027043850444886
3245,0.7004177236041023,0.6356355508567073,0.6705791258492034,0.6820659192429168,1.4409505250601917,1.2517432488618214,1.3838060379424117,1.5104099799539983,-0.6427823687017191,2.019944654567539,-0.3110891248309149,-0.6803738302942968,-0.3471565840121025,-0.8789465300548178,1.0930298614203109,0.025869759693241356,-1.1139137831471149,0.7594223076032297,-1.429215442914208,1.0930298614203073,0.1631116844777655,1.0948757308465673,-1.3789589126748987,0.8348278948678202,-1.5755537460266085,0.16311168447776275,-0.36740686299104364,-0.2902300539294175,0.07531063608591879,-0.11728269804743033,-0.4416857648263828,0.44157367777193074,0.4977804549190904,0.21425735109273983,-0.3811299939444947,-0.8343949401670293,-0.8547507331405843,-0.9843929814091601,-0.9722946083141872,-0.10621521765444829,0.4672128514307587,-0.38497111412172436,-0.4193407520943042,-0.5923270100571862,-0.5644481305337903,-0.3042356161318378,-0.34460954742650474,-0.012121791964047966,-0.13117994605596492,-0.19037988735767764,0.6066550067406229,-0.4845724082621124,-0.8000351835793011,-0.7547200294432275,-0.5344936111918215,0.9681857240697392,-0.34844763710358106,0.7367096865759708,1.1343834233081318,-0.719831360165927,0.9275503057380406,1.617182829443272,-0.5676660950257094,-1.118261461494809,-1.1736146152419578,-0.37039248955168474,-0.1564239181326496,-0.3816167185473392,-0.6618656885379949,0.6735416081112549,-0.4249050126363118,-1.4158550118596152,0.1062664064896266,0.3676048756889277,0.5362593015534982,-1.7698265087421172,-1.120817382986146,1.6860953904626848,-0.5902401517929812,0.05776424083014414,0.5991008751944349,0.6754262741378444,0.593534363051278,-2.758026788432143,0.16515573247225462,-1.2030849757371016,0.026035997798206752,-2.2322099339383112,-0.19399121316234177,0.02955228489288551,1.3261206199301088,1.1638291600607393,-0.22507048280884956,-0.9676628819274113,-0.791558607312653
3246,0.7803663882436139,0.913171494050691,0.840729405722873,0.9929409660920105,1.3974074997714054,1.4897223143081229,1.2207209041519285,1.5228227983059877,-0.6079560952293503,2.0837033493366444,-0.5586335559206382,0.07240707691201263,0.5574364206104668,-0.27041420550355966,1.6907052902910638,1.3730724485118038,-0.7803687277271887,1.965505188147037,-1.222222358925912,1.6907052902910613,0.6875411461830951,2.115890002444738,-1.1408761069318878,1.8642907521457868,-1.5050127909237947,0.687541146183094,0.9081036688488754,1.4930937870874312,0.3757340164085711,1.3061629645916022,0.29516657640014693,1.3445708071359685,1.3704597683843545,1.1148249262989147,0.29823998953753295,-0.284279943600756,-0.44222736183717154,-0.5499210916657484,-0.5739194430965251,0.23861630690469324,-0.1675375961141086,-0.5645437613231968,-0.7081461763967547,-0.8163107080663837,-0.7859147063217564,-0.5802849472489122,-0.6034017893455516,-0.3226639631235094,-0.41702862526111345,1.5869069189139553,1.4853526267155073,0.5340680801549166,-0.5075892807898749,-0.3902778897308868,-0.19495582137767858,1.1035408336392403,1.3187047568659735,0.7848957110545309,0.9988836624887537,-0.7995141564345277,0.9568142982384044,1.602097270171412,0.17758938985081826,-0.6578876097359209,-1.0948945278600708,-0.5512609881147412,-0.3833001206506559,-0.5820026359327964,-0.20674843833248682,-0.1443676626769225,-0.5735063318094838,-1.3746829216065808,0.3188695147051363,0.4410184249715613,-0.34669914763746684,-0.04255995814430152,-0.2812949850259631,1.375262081988289,-0.5469288590291768,0.8518506251729615,0.5465352563770145,0.63950129782924,0.7567347485694764,-2.348269999585342,-0.07403316399950058,-1.4231626537772117,-0.41805080022627883,-2.3155106407152,-0.1656659440920456,-0.01872902335664679,1.3183738295718996,1.1520089631944246,-0.30961854048833787,-0.9837973605011398,-0.7822383871812217
3247,1.014461310618548,1.0059763553099947,1.0382179907550484,0.9373443958255424,1.7260685747185238,1.3985179085724588,1.45610248152973,1.6343782950693493,0.012006398452006023,1.864455110958744,-0.6486523103719062,-0.043815010301721774,0.38564149065009923,-0.3585992962151252,1.6464841115604445,-0.08823942809357685,-0.5984054902406792,1.0697351798109906,-1.0215098445398814,1.6464841115604423,0.9563610844692878,1.087063580726801,-0.9672291275038308,1.3601319251962736,-1.4109323507765648,0.9563610844692855,1.04499704748367,0.4786993779018601,1.125507699897196,-0.46611647851105165,-0.504658668146827,0.6231188593125662,1.0234617733981253,0.9551399958616336,0.21245192371429517,-0.3336390206607383,-0.5169602785468824,-0.6175869935774833,-0.6338237151978064,0.1676004166886127,0.5930810158668279,0.3957090315299363,-0.04020725738992469,-0.3170041498656278,-0.35214180683015045,-0.08528449913738322,-0.14024443336095596,0.22462281410007498,0.11103804034961808,-0.3042329883924351,1.0421006041422534,0.8393267110145086,-0.3865232728056313,-0.3996120172896452,-0.050538101823613804,1.1650967500810132,0.7765045054807388,0.7830137597651838,0.9683524386638992,-0.8346467815049192,0.952717864084375,1.5872880657192974,0.04349286871235335,-0.7245253221788507,-1.0841243157953941,-0.1437842465753508,0.7877460445134599,-0.5256716361268984,-0.5584964113692928,-0.7769350343004312,-0.8474910278353348,-1.4274777956885496,-0.8643376582907748,1.327348333044414,0.22464398817513567,0.44106159416937585,0.5327338167245763,1.2240866099914496,-0.5762423431471584,-0.510140301449601,-0.02628040375541107,0.02033718643013261,0.4331390576793614,-2.18393002417201,-0.06770532954344242,-1.2116105545599758,-0.8387277208072392,-2.4456803932456888,-0.13758438049504151,-0.0881530048286157,1.4067073728296957,1.1409607521492917,-0.38690958242724444,-0.9794849002318994,-0.7649196303135799
3248,0.8541130020196304,1.0474572813212248,0.5477484378934743,0.582891086962514,1.64084900830304,1.7738485846183056,1.7763939507818909,1.8541831191076021,0.7066245156126,1.7370251236958798,-0.49174218987354584,-0.7872717983189464,-0.6173278793219301,-0.9563851827363854,0.6911197967554554,-2.177448527181322,-0.7373409412886364,-0.8320469101331095,-0.9364155258914455,0.6911197967554535,0.7366270711541836,-0.8878213107039908,-0.9768187161627361,-0.09546266491471486,-1.3381387693652789,0.7366270711541817,-2.62170646212614,0.20178455572084517,-0.7858791654275303,-1.6530725745968537,3.434279213394581,-0.9942439442522338,-0.15462926080359848,-0.0431567287536678,-0.44477146398900447,-0.8616481412191518,-0.9780092582982381,-1.0874800526148445,-1.0640846028192656,-0.24411169163506663,2.06302046348841,1.810455319033211,1.44114160115029,0.8508543995381344,0.6968850581811519,1.1275531769917517,0.9799850137547599,1.561944312919147,1.4225353610697866,-1.8139941221510016,-0.3106896124082364,0.277657690943297,-0.8006036463380124,-0.9789304737835298,-0.33142327757834916,0.8237784379069085,-1.3350992873421428,0.7667770810422543,0.92123537055111,-0.8721892865045163,0.9580741934997793,1.5727461885718335,-0.8981257006130896,-1.2187238187851563,-1.0545174784363769,-0.32937244365265467,0.466910027658181,-0.07035335435855364,-0.7694746498776988,-0.8398107531589007,-0.842325293432371,-1.4198428162790484,-0.5519000677972445,0.47532893690568995,1.0322322941825752,0.2763426145358495,0.9640066638400926,1.1995130772889055,-0.7633921011972135,-0.5967122254471745,-0.7320281064024469,-0.6820769495829729,0.5945060638426939,-2.07894884486878,0.08922027050699322,-0.7756955772547212,-0.877589826382345,-2.6665241623714704,-0.05322192112640948,-0.14961926460826583,1.4413497235996071,1.1282117597189047,-0.4717249643940227,-0.9431391562396991,-0.7488637867238411
3249,0.5698581519502315,0.48590791699735336,0.4953084727459463,0.5095088753818238,1.459289013636025,1.6604640985748604,1.4015921220605057,1.63544520881261,0.983723196829466,1.622482593678913,-0.30598663433495615,-0.9070641536643551,-0.7669975274032658,-1.0575458438202479,0.08420933289577065,-1.3819957779864507,-0.8655591486551064,-0.7720057794296635,-0.9243836321215841,0.08420933289576936,0.5159744865770812,-0.8935504424548069,-1.005284784219318,-0.24780352506594874,-1.2863192306069575,0.5159744865770808,-0.31599536797726824,-2.917536036187818,-1.388661359500689,-0.3796211556291349,-0.20923662812368768,-1.1516048790132685,-0.43583860047822615,-0.27363703745763085,-0.5564154501333879,-0.8993859076563668,-1.064653638233821,-1.1650286291254592,-1.1397671419554938,-0.3365411821618983,0.07006422486343811,0.48621898643719436,0.3706140021569222,-0.010646486884766973,-0.2203605220147709,0.08392777723180686,-0.02056377442377931,0.3930029330212458,0.3246214886734119,-0.4024506242740262,-0.520331774694307,0.23229729162303842,-0.7596816899867613,-0.5317294958739113,-0.42305327484209737,0.6679697682622356,0.15245900486704372,0.7459710402843985,0.8767401010194092,-0.8924409089645413,0.9614597751520081,1.5584630344193262,-1.093764791234206,-1.306887622847501,-1.0291764029425483,0.22076674626347542,-0.36564229504039963,-0.7137934945292236,-0.21094312898582157,0.10296855821063285,-0.8342783225227457,-1.2352583675931184,0.4258467672759306,0.623076758068484,-0.48513254341165557,-0.4010531665221709,-0.6820129163647741,1.318552844577379,0.05066958019645598,0.3765477082560632,-0.9513271493314407,-0.9651667352250483,0.04853387531563439,-1.9523336775673001,0.0934730091289271,-0.6053395749087285,-0.9213136106150157,-2.877082386322031,0.03230542709789442,-0.18622393067756945,1.5778710681331007,1.115732829760718,-0.5518960731698649,-0.9014947607207496,-0.7257291391578619
3250,0.6509716411715925,0.8079931754093435,0.7144260982785154,0.9009289267958396,1.1009941757388477,1.3043065486661207,1.4736909765025998,1.2376481465835956,0.206092204619295,1.750414814718903,-0.23376638558311938,-0.04722242646023791,0.2514318266752262,-0.33891407497326254,0.703809309766761,1.3958085357984067,-0.6416577402212823,1.316610932836446,-0.8384344140111476,0.7038093097667593,0.7888491649378427,1.0982749545079447,-0.8457550780671103,1.2577128274594411,-1.2102541863815535,0.7888491649378426,1.17442588687938,1.7092629679504152,0.38123570428442705,1.5247342057704016,0.468844522751662,0.5348438154766694,0.6335590715177996,0.7151222714307668,0.2977746114585584,-0.17779375327609045,-0.5542314783623199,-0.6195185486852693,-0.6388598285224046,0.10201842830092113,0.11688195571418158,0.5680420956504315,0.459256669806167,0.23271453810960038,-0.10069440599605821,0.22251912032963098,0.08931004854946364,0.5440773705542168,0.494177260457733,1.9952713519345862,0.47196122699233756,0.7790462634408631,-0.12006776638331211,-0.4643779163770877,-0.04982464018348549,0.8957221749776126,1.4421262424421508,0.7612226516710513,0.8106609033079679,-1.0067106034893776,0.9345091874241968,1.5450979514635488,-0.007238228011238552,-0.7359877801047217,-1.0619878937296614,0.027575541402878424,-0.5414024714455106,-0.887359866982799,-0.20434803815648853,-0.5508540085134176,-0.7506096907508569,-1.055170460509979,0.5815933793582259,0.7030559406516196,-0.6867640299154087,0.5423691630099101,-0.02618096569657602,0.9182779965907826,0.4815894270126321,2.4193171606085504,-0.20113863337685767,-0.18714543223721244,0.16793183066312117,-1.8281659119189033,0.15660860875450291,-0.6672699923343098,-1.114391955907329,-3.0565220720215893,0.08011159259399797,-0.28272634850244044,1.722201635912116,1.1056417390897522,-0.6344359892378405,-0.8858408132095075,-0.7085115439562376
3251,1.9275925865960175,1.9712631910952905,1.689234999236107,1.6069528628402792,-0.972916424199698,1.125509108224282,0.8393599325735728,-0.9847497353019599,0.11317797853776153,1.7111291197722194,-0.3255575164678076,0.9824548770536703,1.2574033642027418,0.6663812130793463,2.4107803566112476,3.7968982614308433,0.035287172097511955,3.8848424937812864,-0.5460693685923166,2.4107803566112436,1.6795787515017366,3.5324096181368816,-0.4022753204156601,3.4544429720952476,-1.0533849112259024,1.6795787515017364,4.98728919974503,5.707886174914238,5.828206811197565,-1.8054033136591385,1.4861018965976442,3.275588822130414,2.4086013588032347,2.3828585171291596,1.7425075199573883,1.0254256638994377,0.3528754185113817,0.34356250761861956,0.2515036339385025,0.9029922920915272,2.8916197100224355,3.8470381485589975,4.061631928028736,3.6050592516248963,2.8425015614877185,3.735743461887987,3.206652869850182,4.31940646456374,4.321016579844826,3.4476960567841237,1.365594431704153,2.0741902481614023,1.2347392198270768,0.22022425430348683,0.7010468375782746,0.9368085718037636,3.925004905856983,0.6832302876302552,0.9769436118080475,-0.838460385096686,1.3252667479913298,1.6568410256677066,0.8359060345982426,0.12227695108995572,-0.49302096702272424,0.6662377309623342,-0.6614400084740999,-0.19484205497019913,-0.8996455313317211,-0.722784197635411,-0.8089759721549727,-1.2325252439538603,0.8121787935005753,-0.2914960594267228,1.075931073610923,-0.047562132233292274,0.7219614805709156,1.0489926471726638,0.7012930124186475,-0.4035419122803715,-0.04615924480093995,-0.13264657726666246,-0.7969453948149724,-1.6198684441209734,0.19157636376457193,-1.124589010524882,-1.1054123116324874,-3.163032554521673,0.12136287993490211,-0.4073294990634851,1.864486845810923,1.0989147541442632,-0.7050617950034497,-0.8755138980288164,-0.6971816919819346
3252,1.4755414831053575,1.6975746958151459,1.5690238077153416,1.6753362415480562,-0.95280167820789,-0.9409293130890858,-1.0529296212173198,-0.979972059853494,1.6949662384412623,1.3841115372222554,-0.14554238231394181,1.084464241496004,1.3489683500267455,0.772558712768102,2.9625789531764113,1.2997858227617347,0.5180388572133282,2.7651315276523483,-0.18364348537390426,2.9625789531764064,2.24231616683427,2.285789974407729,-0.01677085670560784,2.9847575789653353,-0.8449065787233724,2.2423161668342684,-0.579428672204826,-1.217574183127707,-1.8726300247703684,1.2027618514638836,0.5696343137405194,2.9039898542800855,2.2608616976544114,2.286508266359569,1.8481678584347299,1.1677037397262924,0.43285508735558526,0.4458576581089399,0.34972080642488873,0.9767453310592167,-0.2935793752228408,0.5170788222402553,0.7295578964153202,0.6771181444800506,0.4115944137223706,0.854626652709964,0.6024152744581996,1.2240488636419815,1.2560131327536384,0.346736170666398,1.6809956202079201,1.977163737415259,1.6726702845481984,0.4809237365919732,0.8121456321607852,0.9117529510428062,2.1258290842021377,0.6132319330923363,1.1068472707595822,-0.7174562797991779,1.3140941718474064,1.6408060414185426,1.0565678138566623,0.24572671363896723,-0.4908129641243767,2.6644831665453403,0.5441901836977724,2.0423544893785337,0.5804585563705075,-0.9796853849234156,0.11036120697362505,-1.2973078146894792,-0.1446176910739241,-2.1933512765455565,1.4297382294316587,2.0834487078631856,2.754788545632039,1.0356308777020682,1.539788564751167,-4.2785303876155725,-1.4142431353053833,-1.7282214290498126,-2.6679089903697837,-1.8182187519313342,0.3728190206486553,-2.018330090484565,-1.212127622263617,-3.3870235708593808,0.17229490624581018,-0.6831323268938329,2.003360707903026,1.09212489777248,-0.7480930185843955,-0.9237707642432008,-0.7013755758105478
3253,1.6474835095764548,2.1036624899139857,1.700466533413034,1.8863547132286078,-0.5666313023676367,-0.9466119826053535,-0.8373261332511978,-1.1161686823040164,1.874555690374274,1.3047973970207993,-0.27489191968444165,1.3415297722833561,1.5756140489082842,1.047117238667131,3.248380901601419,0.725546899606485,0.9790698398615596,2.6249971307488535,0.21835955083292893,3.248380901601416,2.7116641449529815,1.964924284951969,0.38419111769022635,3.0713714785871886,-0.5918780236560273,2.7116641449529792,0.6690163029517713,1.954834625371333,0.7696237731005611,1.444809710836251,2.478523463612614,2.6551009332818545,2.547725208523973,2.5232592606764017,2.2248847085383745,1.5325946669647148,0.701845586748606,0.7420651581585122,0.6316030503080691,1.2163756234208607,-0.007515368350173422,0.6524367803025453,0.843679920656256,0.8965544090187078,0.6815461736053414,1.1455228688237005,0.8411901805138877,1.549123447796619,1.6282914267997382,1.0393333933705928,3.0816072524195195,1.9665858434812982,2.0114248027921344,0.7781373083773183,0.974703569682031,1.1200585472647566,1.5486828206408763,0.5232145048925594,1.273156211893664,-0.5357360437669495,1.3958476319241286,1.7241018033647904,1.4131952526398153,0.4454008380367543,-0.48897324473423837,2.294823328805023,1.2935237327421616,2.1105038074462064,1.4399994094321757,-0.6289114696792301,0.33434588044390523,-1.2869219972593582,-1.000778613684919,-1.6733869339588487,0.2738729124478573,2.583077142635198,2.370904610605175,1.1409557925688705,2.116938326298529,-0.7039064929041482,-1.6313601899488621,-1.9017196884423326,-2.251596298282792,-2.0256395575043014,0.4400961006166323,-2.3904485950564354,-1.2407805657571769,-3.5775855520112403,0.21445569821875737,-0.824067801165205,2.1766448303525063,1.0848783673465432,-0.7896770678581477,-0.9525729919716786,-0.7197286817616303
3254,1.9738209182430877,2.1499957515412893,2.037354321447943,2.0634981430973056,-0.701875762668937,-0.6328863958236444,-0.7525646187512504,-0.6353285190730519,0.8835266173708405,1.4375249397549992,-0.5096825033359536,1.5428231304925741,1.7445441662555163,1.2708301387264211,3.2870247031588735,0.20191976499590703,1.3943852840986035,2.351714742705729,0.6317052661778821,3.287024703158869,3.050568733168211,1.5140451026033073,0.7798913255504754,2.984519809118634,-0.3040753251744482,3.050568733168209,1.6981836031002884,0.2914014879714755,1.4491164303847406,0.5887660510179606,0.4650315923369859,2.0332756257273212,2.6660348318791534,2.640609162969754,2.490367928837527,1.8394243384414444,0.9468390586398,1.0033177696449709,0.873443192752816,1.4192140271910174,-1.2690023577210534,-0.673982625257092,-0.5106078115168629,-0.4033879263051122,-0.44672040032499355,-0.10590071853527107,-0.3122349245268119,0.13609214575716447,0.17569283142495584,0.8871190022662316,3.6585056482523046,2.2505732612507403,2.331877821641618,1.1275867138490767,0.30019827273686905,0.9288581278554351,0.20372341495714896,0.4190086745277081,1.4889735012957432,-0.35620676121854356,1.4228815734477476,1.7482616197331828,1.8188359281450925,0.6776691048514684,-0.48684055240628904,2.115124149402459,3.698193523760441,2.1038093487596776,2.0998584470668558,-0.11673916742079436,0.5768373316264773,-1.3438411401727497,-3.6054874480984407,0.3244554747375611,-0.7143118757304717,2.6286943577997914,1.7524708102999689,1.3674723037469414,2.544414281679604,1.4226505744712208,-0.6647381803038515,-0.9043454613792666,-2.1059723615608292,-2.070797295730512,0.30184752606389365,-2.5542481685583023,-1.2743502795230632,-3.4062104369238275,0.14653567002506349,-0.8283592382119067,2.10372746356655,1.0776401176239179,-0.841318856370673,-0.9724980814626535,-0.719808833908256
3255,1.9604121910706522,1.8899572726110214,1.8521358214465018,1.9215783541214146,-0.7354117355159586,-0.7073832502367388,-0.536703386083095,-0.6101600476041357,0.9758221375889831,1.43524655369272,-0.6089635932208479,1.2750135217107668,1.4028626893618534,1.0547309264794054,2.570065734590862,-1.6451522459967864,1.5340140102664213,0.7941696250067859,0.9561974876193904,2.5700657345908597,2.9723221723896454,-0.20259551366325862,1.0244238257932399,1.846288580151537,-0.020912090097231606,2.9723221723896445,-0.863954847592717,-1.132922181468133,-0.011781607640854994,-0.16920805658087798,-0.03662149759255764,0.507270212280184,1.899127091452924,2.0040856746742293,2.1180725233135806,1.5869086106800927,0.7698948442772633,0.8318465474114703,0.7107380677559147,1.2530419529679113,-1.7303104803386766,-1.187158529090991,-1.0430724330692127,-0.9161197682226623,-0.8970707291053498,-0.6737676022923359,-0.8044516949144315,-0.4811462265983459,-0.4709775079758423,-0.6170167685937404,2.388108680280965,2.1004255173183752,2.047419813953337,1.1059509763811264,0.32739189428342996,1.1690523460165163,-0.6750100767469285,0.3569052360952024,1.6411717449388323,-0.24984472626616913,1.4102219211206257,1.7300107062795547,1.520861219741625,0.5105848119389546,-0.48448406586951337,1.9046513669853165,5.053710471395896,2.5627960034930966,2.7023550978550506,0.5180949590592835,-0.1963228757969584,-1.2990901030351132,-5.09944502101255,1.0014453162221268,-1.1068460010691703,2.474185717589745,1.3712638620082085,1.5251177917945022,1.7836318449545776,-0.6400562546230983,-0.7770938990945914,-0.9979561216565297,-1.9134627348816777,-2.110535851898222,0.11202843723523125,-2.6515202435806486,-1.3010036610585336,-3.302272028671564,0.10236144604302362,-0.8203056732963124,2.1502927984115416,1.072315483832403,-0.8847691983918288,-1.0005233359928316,-0.722068786190386
3256,1.9954107936046592,2.0235059795891894,2.019303825329659,2.0803046512044685,-0.7304368854702867,-0.7093684027989998,-0.7102554988583332,-0.6656428716137794,1.480541542337992,1.357762915622228,-0.7566877536165065,1.466549430808191,1.5804313373473633,1.260944096044776,2.2296538185144414,-0.7661368183614938,1.7231290490502615,1.0958554321893101,1.2391547505124931,2.2296538185144397,2.93103235633288,-0.027102194849943775,1.2822664438151148,1.9416391739996324,0.2620020372654045,2.931032356332879,0.8787457556067195,0.6900381850806772,0.20845969375242313,0.5987998057434845,-0.3105018586614648,0.8095702632340218,2.0545696778581135,2.1306067429766364,2.300211241929179,1.8286364893271336,0.9847705827333975,1.07847213745207,0.929194378849666,1.435412953036298,-0.6304164390205872,-0.7920849436299943,-0.6377549458088008,-0.41749037559938074,-0.4785803600171027,-0.22752667298058332,-0.39273554764175034,0.014025200721297633,0.045854379474149845,0.8285444780487851,1.140219012006236,1.831959738805355,2.353327991975227,1.6849353245344054,0.6994668127075183,1.1099321763526002,1.3190147171022828,0.2909251663482396,1.8227117541817377,-0.12403145777039318,1.3977376595910578,1.7121405730808308,1.982118420841519,0.77731008674201,-0.48185820448785466,1.6494692657613201,3.698764906098056,2.3866085144378624,2.330761716572141,0.5221969529604651,-0.3140873055835821,-1.2986653261152246,-3.6940227418397034,0.11001127218372656,-0.7778908798101226,2.032797713384138,1.226901381453355,1.521832870983534,1.3019947295269014,-1.505696020725889,-1.3064067038997742,-1.5066610449804063,-1.6724275006827094,-2.1963463691844765,-0.08535955747144838,-2.7521815731731887,-1.3113158034045531,-3.2949441330584337,0.07452811284453242,-0.8306421027454344,2.186712396260548,1.0645942301165119,-0.9408959918785638,-1.0399207831825676,-0.7233805703044281
3257,2.087211904851069,2.2016631020743866,2.0801432795420824,2.149617755816284,-0.8418106881852955,-0.7429326074300222,-0.8493749911855986,-1.012455089848749,0.8456389824442236,1.5501027568734373,-0.9015582384933494,1.5624830442118036,1.6661257827381768,1.3671445592991753,1.907295680985061,-0.7430954644623943,1.8743910255548113,0.8926053290313398,1.4810660375942224,1.9072956809850594,2.825405392904391,-0.30701953446816954,1.5082916863008116,1.7056983577525684,0.5382359349966798,2.825405392904389,0.35914126923825024,0.9155483105414576,0.46487759510643406,0.47347470435980094,0.5826822406697496,0.7130595926995524,1.9154307829802764,2.0019133874562236,2.2733656741905945,1.9148794655217485,1.0838090434427288,1.2029838132273205,1.0369164597434244,1.5127509390032399,-0.28679075234965234,-0.741181034982366,-0.5984251356542435,-0.2797028864273281,-0.4207347931408613,-0.17274386342246617,-0.33386081820902436,0.07141151276751209,0.1220118806975812,0.4093723474876846,1.1622185255642967,2.073429978662828,2.2803100687227404,2.083208237206468,0.7440968702515596,1.3323075837030625,-0.6780849296653166,0.23787125673325074,2.002273630258206,0.026822057868763845,1.4553222748210335,1.768771756264986,2.0403060509104662,0.8180900070524598,-0.4793978129430085,1.4772012398450407,1.8068149362046564,1.9330901912572998,2.757571571998403,1.5358547393103739,0.15416742455579222,-1.3140818753971892,-1.6994583999881854,-0.9493429975751609,-1.9487748579399635,1.1998136786420246,-0.30449073556530387,1.8571770392445426,1.7683041527678323,0.7309336089760983,-0.6935814026748028,-0.8683219751042621,-1.530190175380242,-2.1466818433148487,-0.2856170542419489,-2.7620624744880957,-1.309972716192855,-3.1825293124282994,0.026050618852349123,-0.8351757864271,2.2494365035304322,1.0583911669997712,-0.9998157840277724,-1.067888870297792,-0.7109059094441673
3258,2.2500846093352767,2.243557456695361,2.293400320584482,2.3049819926468613,-0.5740168292890924,-0.7641020931404617,-0.7387004814545522,-0.951522145184563,1.8768559340129818,1.3563333458917999,-1.4520542842326878,1.737012114797125,1.8212158619554186,1.5624973297760751,1.8113305971425624,-0.20680797106741433,2.0639367255118715,1.1466283650376126,1.7091283706906786,1.8113305971425608,2.7651696714955896,-0.1045049384581123,1.7456024453901742,1.8077516939571774,0.8121558670546942,2.7651696714955887,1.1347806120880604,0.2850836665300665,0.7984956103665817,0.43479265617811913,-0.7426654705881793,1.0546603601163858,1.879673868916021,2.136171164785098,2.397889868931199,2.145210756297385,1.2980829584233933,1.4487177492344394,1.2561639361310735,1.6919833609588217,-0.41839619420421426,-1.022935882503504,-0.9803502455320747,-0.7111920028173417,-0.7671252110990149,-0.5778452900015216,-0.6956024847594208,-0.36776961838131944,-0.3389172622432594,0.844601128489585,1.0602849694724876,2.9891052035336334,2.1943963303334506,2.3169653224804705,0.8911045796477709,1.4410445622826376,1.9731532531713665,0.20851246226528436,2.195477636658611,0.17855809417026486,1.53909752739455,1.7920954872050252,2.248373267089566,1.0326426029387719,-0.3618685529499467,1.223604154751988,1.0051655632367176,2.249356679667023,2.6956942048364447,2.303554617238795,0.2615526313505764,-1.1281041254960082,-0.8844181119838668,-2.067403920055111,-1.5184785113545507,0.08921123444146656,-0.9726432114091949,1.9065004874302918,0.5736966486701425,-2.5254540895728823,-1.7502649329109894,-1.9027377894327036,-1.2467752646565886,-2.2746488680905212,-0.5906183460624065,-2.7671569518649353,-1.3042683934155748,-3.1378400365781314,-0.08406291480328817,-0.8409757198941341,2.3110414309237495,1.0496113955579718,-1.0937868230180225,-1.1180201156904939,-0.6998274202616424
3259,2.2276698684673057,2.0998428627314536,1.9568129179987257,2.0723605502519806,0.015838584204567133,-0.6294157200085475,0.10337434612750163,-0.4328522869458949,3.9793733946491034,1.1073140926807779,-2.192873124232412,1.2159388067076546,1.156263177969216,1.14699116373384,0.9890857192066232,-1.97853078366896,1.9739208216436692,-0.45790415037052873,1.8291214099065345,0.9890857192066218,2.3438789590311373,-1.7131474016785895,1.8089156426402193,0.5236931266386656,1.04619444500285,2.3438789590311364,-1.5861847113665404,-0.6000535916743217,-0.021110659726520445,-0.9056391695536352,0.7918523179680864,-0.005204921645442001,0.7604695800939144,1.272258793086785,1.752285901337758,1.6887411251905362,0.9800376854689751,1.132412927972654,0.9658717398804051,1.4151223807882798,1.0168392331243443,-0.1880532492337924,-0.1899439080849813,0.24683152693717186,0.12690303728691804,0.2935381519226282,0.08379205845442714,0.560472494510763,0.6741870314937636,-1.0596526304859495,0.176633535804465,2.7201350860817484,1.868946248636979,2.0999848125810225,0.7237212504348494,1.2020755799635467,0.2754680960216001,0.25134411769990445,2.3000395875896382,0.19499430049795868,1.7484909783356446,1.772985113808588,1.1535175750239932,0.7292820731875439,0.09145410458254323,1.0875055573793664,0.5894488441423376,3.7772886997727997,2.5489336447465574,2.766644163702144,0.46738811009179226,-0.9790225715996369,-0.4628000452957546,-4.405505585333521,0.4900535230827559,-0.7462555075379521,-0.30508269709310853,1.9067363420208743,-0.11141713225747144,-3.9850081807812803,-3.8733964166750394,-4.009464049741708,-1.018331983786836,-2.373567169028899,-0.5535336369743856,-2.4933166614865185,-1.3147369801886921,-3.248490844488065,-0.18242625673271887,-0.7771169680488706,2.376640112667998,1.040057573391677,-1.200062852001399,-1.209930976718568,-0.6771613534255067
3260,1.686133085712569,1.766143588531473,1.6165501525859503,1.6771941187939166,1.469373740057158,0.03910134947318994,1.324358265307958,0.25642795717877376,8.941490256766805,0.7175133846312478,-2.199846252036406,0.4071889230366659,0.1998152106591358,0.46294876124336976,-0.400218554360727,-3.27962822994136,1.584503219997404,-2.209191147292672,1.7717760361383021,-0.40021855436072484,1.5522206021655909,-3.3384626301944467,1.6600096666901623,-1.0824084951101345,1.201081005679028,1.5522206021655915,-1.6735102352992257,-1.5350213935513897,-2.343457745007732,0.0012595116888509984,0.9332995925479637,-1.5994487636263448,-0.6113226277245988,-0.017366949606439752,0.826308399621715,0.9910657956716306,0.436654058506284,0.5807042110429588,0.45795286037120625,0.9441430214033818,-0.4201941756144593,-0.9002215911477119,-0.8294348735776031,-0.5887138199774048,-0.5596755421238043,-0.4748958854788113,-0.6029805318963626,-0.2715102171098575,-0.21475108929478146,-1.908210300320957,-0.40111500057986127,1.3765911868510292,1.3878117224370692,1.5320041893634855,0.3840371281559268,0.9700629492060636,0.20882283068928215,0.3361994641798142,2.3173075507811975,0.09914073355415412,1.7300479270707496,1.7542102825143535,0.19608182765424226,0.17212798511417957,0.09189248643768697,1.025524768063207,-0.33285108264453117,3.514792385712728,2.027404547905525,2.4311239045788895,0.27882539146310875,-1.1529981175570985,0.5142946997110129,-4.742380489168572,1.0530910042840564,-0.9340699661175147,-0.07683148800003511,1.975959285004384,-1.9349196308618748,-8.032980727151136,-8.881462359359269,-8.973317600708835,-0.7082771585647167,-2.2195171115105197,-0.4199904533678346,-1.3408945008521507,-1.2670696722411954,-3.4429959229301805,-0.2086677138657807,-0.45427859199864934,2.530783171707455,1.0302477681047568,-1.2847140002697461,-1.3668885756327407,-0.6394121159124079
3261,1.7602403138878995,1.7869109447059024,1.745318157287596,1.6428223459470925,0.3387265753122176,1.6031773485303298,1.2970520239542198,0.14914942724699465,4.64129431808005,0.839439252916934,-1.765397826853702,0.3734397130496331,0.16118933559423304,0.4337293450808386,-1.0690781788655987,-1.5789592751515031,1.2914529768540335,-1.6690479079526535,1.6309842115674307,-1.0690781788655939,0.9254796663362155,-2.6367856761095743,1.513239860161923,-1.0797301187337704,1.2926911883856795,0.925479666336215,0.6832485302735011,0.14177931631678012,0.3711691756221241,-0.7176582779360231,0.06198235448861691,-1.38896519189473,-0.7295908664784915,-0.3474813054055249,0.6355871021151925,0.9222389666675457,0.38972242484037,0.5450742852022399,0.4248081157411747,0.8951803684174804,-0.3581996204104567,-0.570777087450095,-0.8119677826470493,-0.6105182184010326,-0.561175513423994,-0.4850989855521821,-0.6057817038646331,-0.2861499367623681,-0.21532147383963243,-0.15056751790710615,-0.82147622450028,0.20352642187889597,0.9279848016738047,1.565091580638584,0.3699030337355028,1.0424256534796512,-0.8887058346702674,0.44140192554937163,2.313333434267352,0.0199269697871578,1.7494492072023864,1.7358366068857092,0.06145679535767104,0.14734297463303936,0.16961777084674762,1.4310560657851024,-0.6322242690771546,1.510307145888455,1.2220682481613157,1.450041480376643,-0.16406518343754478,-1.2625608934333017,0.8964872097852402,-2.4122862582979843,-0.07875818445897849,-0.5460666389070085,-0.5269763585271122,1.7615637324408555,2.6356427843024393,3.9694622868646934,-4.551330198498768,-4.662341781821651,-1.2867227637640863,-2.1663795891035336,-0.4002368068942407,-1.3125011425631805,-1.2587831216787875,-3.591446742542681,-0.2231051098789453,-0.41917467470140324,2.6285392438552835,1.0216073624079913,-1.349832085113847,-1.4317120764000424,-0.6183067920939074
3262,1.69040004917284,1.6181067731829697,1.4417631698385032,1.3468701553400158,0.3076278461692097,0.5183030815847395,0.31634118455087634,-0.16615428268172033,4.4899937534832945,0.7360512953238407,-1.4372069549971398,-0.1641177832959838,-0.43846011279589464,-0.04157103719974064,-1.8989213826749123,-1.9709145818113623,0.8572173004854711,-2.463539554108215,1.3858199320914357,-1.8989213826749094,0.15862066931054947,-3.179692424052297,1.2469529621391773,-1.9809776866336113,1.3072803072781998,0.1586206693105506,-1.5293479680682176,-0.7932583294705795,-0.2913980351981531,-2.225507479947393,1.20907703458945,-2.0518967821422023,-1.5159442028999943,-1.232750726612328,-0.052996148494891246,0.40023371162351384,-0.020040608252997867,0.12678162418567793,0.04149475934531814,0.5360352780975725,0.2741245469282659,0.007115304266102915,-0.42691659529090875,-0.24678866108919534,-0.19908450976283065,-0.13314983969110783,-0.28341823365985686,0.09562238748649915,0.21667816663910971,-1.4980452508635673,-1.6313380497495311,-0.3782512782592373,0.6096025389145265,1.052609348508383,0.05009919644501648,0.8231994227600126,-1.005708063561399,0.5472768792307601,2.273133105729091,-0.14690020271578,1.7111918293417347,1.717848474859515,-0.6170245955363226,-0.27552640220416535,0.13019519120250878,1.1417676507186396,-0.2649126255132248,-0.2525753818815191,0.4117428275653546,1.410300544202609,-0.2535768894266103,-1.2760526413222273,0.4592312488802749,0.10942948817024996,-0.9274072664558841,-1.4828814917890338,-1.9194555952934447,1.7565057398641077,1.0737734885231451,0.14797170401600085,-4.428817203836412,-4.509253891672601,-1.0205545072077995,-2.0351487963289006,-0.33321085509173054,-1.2543697579075475,-1.2574124607953792,-3.652208538386117,-0.21206969065675396,-0.3979934521499403,2.711666659556944,1.0132676926723474,-1.4122923656684316,-1.4844782243366428,-0.6016537625450238
3263,1.4305048208825677,1.5248859665966588,1.4555606412750801,1.5978672149927153,0.010835146513455738,0.3247431605100881,0.17297038855292557,-0.07070228984001742,3.0253247549674565,1.0154411811656954,-1.316678060712196,0.2550741480308275,0.08917680818385633,0.32334132442656904,-1.5019122667433726,0.9135616921186885,0.7693956577131565,-0.5018434485537953,1.1922747024838838,-1.5019122667433715,-0.09653604952738117,-1.059279866462878,1.144460185486633,-0.7618928199525333,1.2963590652553754,-0.09653604952737778,0.07553863938584802,-0.4406551816445208,-1.1822906151038113,1.1511171170282375,0.34683013227442233,-0.26836622201660687,-0.7131707798918632,-0.5720964499153185,0.3751181936749465,0.8181444812295773,0.3309513770066727,0.5078372482943653,0.382113924550227,0.8251627978733225,-0.5222956475480984,-0.36837728013533383,-0.5933744848007118,-0.7112373313927676,-0.6392814232444857,-0.5752588956836925,-0.6727233229345632,-0.37161689648552726,-0.296874234449939,1.3178515690190569,-1.4239011603449918,-0.2972270233613854,1.4487308948051332,1.1068323454730291,0.3261933591540501,0.8725024092569033,-0.22855924740686195,0.6758163121271499,2.240653786154761,-0.3018412575789872,1.693449725069661,1.700231108923655,0.06888575509275609,0.12586816450070423,0.13219719152251902,1.2836246934770277,1.0090153895092764,-0.6806523430332676,-0.1837092458670066,0.5568508533377937,-0.6249378740397554,-1.197768967574548,-0.8838173461658106,1.6573991396114178,-0.5257742727007093,-1.006949633422678,-1.2323411359625385,1.3949639890571843,1.8776129928298622,1.982862991924494,-2.950724395168717,-3.040416694514622,-1.2063887304837042,-2.006060484656463,-0.25911068351684213,-1.2122359355762762,-1.2515274651779573,-3.6899283274852204,-0.21868891351174063,-0.3978478629156662,2.7426097619244727,1.005636204343557,-1.4729019899424982,-1.5137755994871331,-0.5861218016678457
3264,1.5817246916261132,1.556292652216664,1.6023577804891478,1.5569291504292129,-0.47534754140780155,-0.09215897900692308,-0.23668370274664066,-0.34251768828268997,1.851524367356254,1.066500596242926,-1.5345261438152193,0.20716808311268833,0.03366298349950264,0.2816635083309717,-1.2608626181402054,0.5542236543025778,0.6735483093672125,-0.5487875079479417,1.0301231265903692,-1.2608626181402032,-0.3157962245276976,-0.9095416476231548,1.0357444562448748,-0.8124755621812225,1.2637455721388795,-0.3157962245276992,0.7751846383016676,0.18040083859174863,0.727862738950502,-0.12791249571380905,-0.6046810250721472,0.014441859812230853,-0.701963669849042,-0.6635219145002407,0.2128517900555636,0.723489851059616,0.27607768450633496,0.45271125087563047,0.33636798542141877,0.7677458818928283,-0.9011906371432091,-0.8557173346122041,-0.957654496749146,-1.1253714911727355,-1.0191191678246807,-0.9610752927616204,-1.0173971493803746,-0.788193521071966,-0.7473285776003303,-0.19089120005293575,-1.0564112424240544,-0.6296827400017442,1.5035046867309598,1.0474105076766769,0.2391180632377903,0.9490354114648245,-0.5043009411892496,0.7964636678058635,2.202720086524846,-0.43120655342716413,1.6760660433286172,1.6829705094277576,0.0033250252751637318,0.08901069002867891,0.13418253359619906,1.3171743928774113,1.0322856157667377,-0.8389975617126159,1.0145881730940765,0.5593337856251597,-0.3626176844335031,-1.2177878803200974,-0.9043573865050041,1.8636947698298374,-2.527171531558413,0.45216778139942226,-1.3642815520529576,1.4135255970211993,1.8884034884174001,1.6886449529641079,-1.7691327428140928,-1.8669067672830786,-1.322554434244624,-1.9282535365638838,-0.17437285595469088,-1.1359490589660084,-1.237238266532314,-3.705378867728406,-0.22820113124930966,-0.41990956263465284,2.713813842682825,0.9991317198333766,-1.5364308845454016,-1.5367172119366805,-0.5807080398577388
3265,1.558281476981039,1.4389085783608018,1.4678290387448663,1.49759033642712,-0.2777972623605085,-0.5228456714535282,-0.3248096691746356,-0.31708606988884636,1.9449872825199463,1.058605177696022,-1.661845690257633,0.11633766920126173,-0.07406440631219921,0.20397246422495938,-1.1524042696415653,0.24548480719443502,0.5586224287025936,-0.6563461747806261,0.8820652920219824,-1.1524042696415624,-0.5205366669733724,-0.849959645012918,0.9138797210502021,-0.9118836893083241,1.2109604580028153,-0.5205366669733711,-0.6848225029882091,-0.5687643871867811,-0.08882594613907022,-0.37700214461906795,-0.45730581002621873,-0.10051951456221363,-0.7685026025879556,-0.7507144761348282,0.013465895592278726,0.5916894841456624,0.19479167998483546,0.3638945471414177,0.2661935259204121,0.6854421127097109,-0.5412250709845252,-0.666129301864959,-0.6392260930798764,-0.9913734537389025,-0.874468424753542,-0.8531819769126174,-0.9019557981001743,-0.6675340441880454,-0.5996226243851595,-0.2934492851468139,-0.3558687697751582,-0.5301649071192304,0.8915343025275344,1.0220685089141048,0.16186612254504787,0.8681861751164597,-0.2680315572193645,0.8905456990979037,2.168977928710299,-0.5926658525687412,1.659032659162131,1.6660129822840102,-0.11322589916043593,0.021781181719404973,0.13537334973162188,1.0339894570334276,0.5775622120955632,-0.4659227826761441,1.2348874231161768,0.4598343451502999,-0.4405115265040502,-1.2475866167368592,-0.46027799466885266,1.0356004060940163,-2.415501096657728,0.8636528081147652,-0.9403939983260486,1.4088454044687087,0.9111234899385559,-0.3171605811901303,-1.8846015924932125,-1.9580260390466562,-1.0217282646418506,-1.8666993562614778,-0.134853704959346,-1.0475184436136458,-1.2136965602385035,-3.7187486083179655,-0.23072780462718692,-0.43745974372952634,2.674509952067455,0.9924141091019139,-1.605403178420326,-1.5540308792648592,-0.573968947993417
3266,1.5346928386924987,1.5217293839988528,1.593683808589774,1.5569607349303973,-0.594985523546154,-0.3278889530658186,-0.4273466881749236,-0.515821033768074,1.0766342729014409,1.2639317197208917,-1.8775499402434896,0.24687079719251326,0.09916371495534158,0.3130325444742201,-0.851220479660817,0.7057076570027419,0.5282533159139221,-0.1776232672582638,0.7728383801527403,-0.8512204796608143,-0.5807039157448232,-0.253529597696683,0.8391980205470854,-0.5607082752700095,1.152431570280979,-0.5807039157448239,0.6712380325518842,0.4418410848768677,-0.09295382040507551,0.18023940127451615,-0.823609735680974,0.2635339873870359,-0.4516457647527434,-0.49268890594873527,0.08162277155720328,0.6493791818636304,0.2833355492014255,0.4584103907143623,0.3542566589725639,0.7437512155123573,-0.278660883026774,-0.49436550543180974,-0.4741624458971832,-0.9148870559932154,-0.7676767176840072,-0.7893737775556798,-0.8314978229835042,-0.59792692357616,-0.4992017132050153,0.3245691282337675,-0.14944425683580867,-0.6798590234253081,0.08000930486078645,0.7331431679016049,0.14041816317220718,0.9755737518356138,-0.8434163646419988,0.9917370522734544,2.1333559054631444,-0.7086890106660053,1.6524773671693174,1.6493873082430164,0.05660671409735095,0.13650924302869888,0.15797135140079147,0.7780153161464453,-0.27224061703072655,-0.5490774994477173,0.3686391934362583,0.40963880887505927,-0.5425001230756175,-1.2156020348280474,0.41298452155232457,0.47257316122657095,-1.1972705256000886,-0.12453533921286569,-0.946128198523573,1.358948852840522,1.2947291343105456,1.3710997862620735,-1.0288635123691188,-1.0895404211723043,-0.8356037691680894,-1.77002091311023,-0.08970190733391571,-0.881390285011808,-1.150178454425524,-3.6728740278312526,-0.24581027514933662,-0.46406091170327424,2.5996392255442404,0.9867075146647213,-1.669967842718227,-1.562558516574822,-0.5706383837974215
3267,1.5407128182455272,1.4488058378084996,1.5141783129612265,1.5120469369267184,-0.8988603198985121,-0.7063097581312083,-0.702728785461883,-0.7365952889262438,0.4329063383183588,1.3027651345062974,-1.9856561505719683,0.17737397413898773,0.01105415681344359,0.2563662494357073,-0.730941747826617,0.27945273309439445,0.46831663521993366,-0.34459023756005674,0.6791055057398238,-0.7309417478266155,-0.6547471035275813,-0.3113142727992502,0.7526922734584367,-0.6490860375034402,1.0867137827285023,-0.6547471035275814,-0.40321058065713883,-0.35340887388486614,0.04464669836540517,-0.16470199781502026,-0.773867632958736,-0.1070099454980084,-0.4110004057468908,-0.5350657442866689,-0.06640169164903871,0.5123240939875315,0.22515372735630798,0.4023020045371269,0.30267690279299014,0.6774960564669975,-0.8640614483965849,-1.060809343289939,-1.071260872248201,-1.3451212935430283,-1.1631440413349445,-1.1929457413649032,-1.2054198874027082,-1.0410383588780208,-0.9932005406155845,-0.22056950760706762,0.420723940932758,-0.867666800484893,-0.06361908284072149,0.7521930838071645,0.025758110102850444,0.8885971608948718,-0.463994830547008,1.1094407156430104,2.0799778232353026,-0.8398981567965287,1.6225123913018955,1.633081461848732,0.00974039130095292,0.09067753893852994,0.1311663178820806,0.5412539276907188,-0.7559308104767559,-0.359944392537829,-0.6903653226686254,-0.06717953074377486,-0.5816250894346184,-1.233565286717784,0.8960207068280991,-0.14336144093294692,0.6251099027483181,-0.7500102482766337,-0.21224132873829796,1.2215095135257958,0.9892097313766544,0.9696155581899676,-0.39754184628800254,-0.4466745620149639,-0.6653338854264308,-1.631236942935887,0.0379502446186568,-0.6599872475606395,-1.0167192036016872,-3.610266057871832,-0.25790988701259104,-0.49157708107164216,2.5084672098015948,0.9808419431741685,-1.7269014365788322,-1.5637228884346148,-0.5671490824353612
3268,1.5993636291411075,1.516005806047504,1.5566594790488106,1.5579741976366754,-1.159341494946871,-0.8370244047211902,-1.0654215717739586,-1.0890982778593319,0.1132527570272486,1.499526263161226,-1.554096821939041,0.29475450067839015,0.17389329737680467,0.35090974656815305,-0.5003319892449771,0.5415219135828601,0.4639173200041774,-0.03015165451004795,0.6150824946328795,-0.5003319892449749,-0.6368116796456705,0.0692650732655076,0.7013290373566434,-0.3871627843171801,1.0229465140845515,-0.6368116796456691,0.23226995521186106,0.361974089595166,0.2955270591202675,-0.2486707800493015,-0.5818286764644803,0.15013744459696482,-0.05855861377891535,-0.30427674687416956,-0.06494680125172961,0.5321576951078207,0.29459282557715966,0.4858924912392136,0.374832673507287,0.7185966452036314,-0.15611909502064492,-0.700421907655594,-0.7165896843536461,-1.0830269779495292,-0.9543697022042529,-1.0180096879473743,-1.0268213543834166,-0.8474910694744039,-0.7659980779717422,0.25611797657829155,-0.04464128815253817,-1.036703870082194,-0.26051815921444804,1.244105406649612,0.16151854234378285,0.9877753531225056,-0.8591955160888304,1.1810422205180398,2.0523140970703,-0.9314046757501719,1.549871559765464,1.617084014688778,0.31229995018813955,0.18559860855972862,0.01308378627786141,0.3074540817684345,-0.7604452550899351,-0.062374716446711706,-1.01133140781392,-0.08315236505824353,-0.7105021657547349,-1.2149405521389787,0.8647834103804359,-0.5175415646651713,1.453292994589511,-1.119447830279952,0.050294035293014884,1.1980857374984621,0.560487737537195,0.21578094182226779,-0.09224984724908858,-0.12891494856858185,-0.4906666216607427,-1.4425365349456536,0.09139921842501583,-0.37703255791474166,-0.7815325115477629,-3.5263501658830645,-0.26500928891881387,-0.5068612611102974,2.4278264295461307,0.9756408535927112,-1.7711627608557643,-1.5603384674854426,-0.5626536742799311
3269,1.529724210013208,1.4542136342753371,1.5303229233832705,1.5426452437301528,-1.2655302666051433,-1.1703122177656524,-1.1589053878627735,-1.133932892105294,-0.027503746186121433,1.5122449336732957,-1.6743872702186338,0.29285877109104436,0.1711493364123082,0.3496644629032276,-0.3853689945255463,0.26796864945426846,0.4452115961629227,-0.11080182848848909,0.5658523892000366,-0.3853689945255462,-0.6252352517665637,0.04362600785453531,0.6487078310952357,-0.3964541480977086,0.9604386030309763,-0.6252352517665622,-0.12786416135815207,-0.29794434808730175,-0.31224886676409574,0.11720091069825887,-0.8775015442674656,0.08974374516427626,0.04907871889914374,-0.21995159238491896,-0.19523434579511192,0.44166463117829713,0.28393001565874076,0.4824806323520891,0.35824317484707663,0.6851550708595225,-0.22204487771758127,-0.589518435486368,-0.6972048310847186,-1.0981844015872781,-0.9655131624817853,-1.0471623003858528,-1.0581004609405715,-0.8864766938237889,-0.8038697295277445,-0.06618913588544555,0.010343981670459246,-0.7395039760934832,-0.4965153258031394,1.321422234802708,-0.17849246713412503,1.064098084650078,-0.1515751274232432,1.268833330093059,2.0119672082107654,-1.020596512090789,1.535158958886962,1.6012404246085654,0.3095673546700489,0.1846575911488561,0.013989417481537206,0.09155291201032768,-0.9822062288146406,0.2358563155001173,-0.9693696835056893,0.7507934517240669,-0.5764031275393456,-1.2138849143186918,1.069514008888977,-1.0600847223113232,1.7256919936755497,-2.2259558393609384,-0.7235516702870526,1.4666891376992368,0.2190105765502524,-0.2547596974405252,0.03418400690792003,0.01106942479888624,-0.3064997814608239,-1.2536993021564256,0.1447616305481553,-0.016724208995897764,-0.4423890192363377,-3.3822017590372213,-0.29113339366113394,-0.5212503473181068,2.358652918479783,0.9704801841695532,-1.8131154409887713,-1.5479033540395564,-0.5555339235084658
3270,1.5692361025169725,1.563864856545288,1.6338063839749406,1.621490685219669,-1.3252761026502846,-1.2971300296790993,-1.2730350651515656,-1.2563412199762278,-0.07463812426516249,1.6257005485587905,-1.7558606587603849,0.4860659906357169,0.44593062191702604,0.5010743459606781,-0.12539537090858643,0.6114857161535161,0.493993432222094,0.2726237326212705,0.5500381590294625,-0.1253953709085856,-0.517594488432478,0.44334656466431344,0.6409034880581279,-0.06091855395363093,0.9087095451490803,-0.5175944884324775,0.5585935143621098,0.5811688370333895,0.20327345545980677,0.38889607054369457,-0.8487661243116369,0.3504112357484993,0.3065421164701442,0.14441312467803064,-0.1041472417695655,0.5163361571100117,0.4120153933011703,0.6203016996164531,0.4697547992555593,0.7674667097838854,0.027761691708925756,-0.3995204983100783,-0.556996085552216,-0.9919075813106811,-0.8921745430916378,-0.9821014334043667,-0.9969633964541281,-0.8289314311786705,-0.724041116307963,0.42966856975649015,0.32924135361480705,-0.018380909439945275,-0.23871093776252086,0.9524693465613655,-0.2739357139623278,1.1201092899147342,-0.18415880550861644,1.4552767243385327,1.9094420544488737,-1.0558572409708602,1.4974455612518982,1.5856789782619953,0.6180751865041842,0.33037361605147236,-0.03449403680878061,-0.12443048421597723,-1.0614720236167772,-0.14790661521430937,-0.6874409660544125,0.9444253270137801,-0.8449732367764655,-1.1673999336366607,1.1209356214697919,-0.6466586419630503,0.859149114230684,-2.138262312650267,-1.27135439170026,1.4825502568502085,-0.06354600466338085,-0.5269447768915544,0.06632763856904544,0.05757560225777081,-0.11444553298593023,-0.9971545233092394,0.26100384567828977,0.3439103059396306,0.04443711681952018,-3.1763951599472944,-0.32713955220140095,-0.5472615320263573,2.3664783949678205,0.9654046056150966,-1.8536671235084365,-1.5355461318646324,-0.5444218504818602
3271,1.6422520782260204,1.6167265975301655,1.7061564991003495,1.624117428973813,-1.0483324054533607,-1.3266364555453631,-1.2899022616929556,-1.218339036513299,0.3380149829986171,1.5851885950531797,-1.9253415099546243,0.522642228271374,0.4977574049241209,0.5297522079822331,-0.004910291888047681,0.28026774790826436,0.5230989914716552,0.16171010272700914,0.5496306163918105,-0.004910291888045962,-0.43405108222120975,0.34404152869695553,0.6319179974121384,-0.06917403869145233,0.8653191165132996,-0.4340510822212106,0.3976508110996602,0.29085488217500427,0.36772926554200974,-0.09050056814470257,-1.0285300085012434,0.29955232303507895,0.3206780011601024,0.2510359503426182,-0.10461651729389242,0.45403725979808895,0.43126557211283534,0.6334889213337948,0.47753333218786365,0.7574937273717431,-0.18084665613029047,-0.571916994615452,-0.6420615945691364,-0.9819553737825586,-1.043591532395483,-1.104024862247599,-1.1083282137927735,-0.9712234210899477,-0.8874550644832913,0.030250189796641364,0.1992392621969489,0.03797022026932139,-0.4330384494990352,0.1692732973121856,-0.3127019477417866,1.1752790669667559,0.2564216616153408,1.7171085807244535,1.735215156469635,-1.0636454544953755,1.5089844823365584,1.5703979932615855,0.5993313139945692,0.3580553426435672,0.020652416398611928,-0.28497998987367035,-0.9280121415998162,-0.8447895040386963,-0.9310376020820347,0.3509548236874737,-0.8904488217464642,-1.1075464653144849,0.9526351334146592,0.3222474865598852,0.42570742909835985,-1.6063052028485874,-1.1121566971103969,1.2305610904137068,-0.6290996900038868,-1.6143547466584938,-0.3606396242491379,-0.35347447741834787,0.08464519253243556,-0.7706577563553726,0.5830472459369813,0.7250625361026838,0.415961172856989,-2.9929377624792384,-0.369613078145648,-0.5815312991020397,2.372186352424484,0.9605849829097828,-1.890135385102219,-1.5286582653809893,-0.5326567979187181
3272,1.6340428865910672,1.6033011548210083,1.6246004135672305,1.5815655213805189,-1.0191230732276273,-1.0698875891303639,-1.2487999565518486,-0.9901450513648469,0.46983011444649175,1.6267773104818373,-2.0558806966916885,0.4333715896190744,0.363994998936626,0.46537444705428893,-0.0611717522788677,-0.13744787162138555,0.5020001700769381,-0.12360954543884335,0.5419465088768473,-0.06117175227886798,-0.41789822392698617,0.06547593521048937,0.5999712803842846,-0.24157721397370288,0.8235556118293713,-0.4178982239269853,-0.4143191602549613,-0.048331209944000975,-0.021059299458181725,-0.3291066386880055,-0.47357305409185857,0.025553536680230835,0.11760536216301712,0.15222964067601827,-0.1891540194570581,0.32026634854039093,0.38508795238197946,0.5791925876366285,0.42324373447422015,0.6934319101249985,-0.2595061431603242,-0.4255243276159993,-0.5916185804165589,-0.9153782118740578,-1.0529657078683368,-1.106580374977786,-1.1098597799931655,-0.9852336622581207,-0.902591309510382,-0.2113955050449503,0.2036589956034911,0.44933756974081607,-0.5836663980765543,0.04506678960950732,-0.3719942050010079,1.1929623215735734,-0.4689787302742924,1.9100904105419831,1.592083501596671,-1.1037873368724032,1.5061794503363934,1.5553878768732863,0.4938090827705256,0.3137374805509595,0.04535696527180306,-0.4784271912022782,-0.9772911317691448,-0.9917541851135465,-0.7658455246550558,-0.8228959845525402,-0.8735172545778335,-1.0385735181670834,0.9756227460980316,0.4665799362976917,0.007740011501266196,0.21425702699562327,0.1939900102729288,0.7771376603582155,-0.5463856042132609,-0.81910193246563,-0.5071852623270756,-0.48557220953842345,0.271527280435929,-0.3102126936995236,1.2242362060046617,1.2289415178901675,0.8363134910540786,-2.8144876076849834,-0.41661383251725403,-0.6254630477446804,2.359650001923478,0.9555246905161398,-1.928874224835032,-1.5295510794462803,-0.5185015775626265
3273,1.628292786739432,1.5162297914455622,1.4922631407893305,1.4118634590995847,-0.7019290872461346,-1.1082368757375616,-0.9419655979801882,-1.0172463667214304,0.8960340305476222,1.4949829937517325,-1.7152796415148752,-0.04819224201913816,-0.3193062017810086,0.11034862118417207,-0.4719870656852891,-0.9702435727685184,0.34444380019940646,-0.9006497496658612,0.4817529362860873,-0.4719870656852879,-0.5823298340688151,-0.6798663000678369,0.4879334571551082,-0.8449569579284905,0.7655622364563214,-0.5823298340688159,-0.6941997764680133,-0.4306423965260857,-0.00884062176933219,-1.463089846176197,-0.0844261730287951,-0.6645628053090646,-0.3573681740253137,-0.27645799393582926,-0.5041471356293121,-0.01903736894582228,0.15496453571720545,0.3253512064769188,0.19190379329078777,0.47547528195569694,0.17623077346392702,-0.009077943347039904,-0.23994108348203969,-0.574695171247428,-0.8784801935488679,-0.9661109253652448,-0.9600877599810677,-0.8406725580227669,-0.729628967418014,-0.8937219441414098,-0.3039894274097061,-0.24343205721920527,-0.997399578951333,-0.37803736734996835,-0.554327125391449,1.0925277068246124,-0.23419619009268713,1.9148196556179065,1.5660871417051663,-1.198396726108445,1.4922001259102173,1.540639481825331,0.06825718210398067,0.06612750216027279,0.04591937585765388,-0.6502020761252035,-0.9865256158114684,-0.6370896869203913,-0.544231052502361,-1.1157533505001052,-0.823044804799943,-0.9991886991167457,0.9590797340337212,0.01749376708129644,0.08386830648833593,0.8875339999829882,0.8396589674182663,0.6402462974799913,-0.943267842669172,-1.3536378175058137,-0.9485534881011833,-0.9095999933280914,0.48889685739565564,-0.21727860823225048,1.6386138127549084,1.219772442632807,0.8131888029715996,-2.6927314021329605,-0.4568967308577456,-0.6698881913219942,2.305718519513796,0.9496898252959459,-1.9478331004795129,-1.5350834873225905,-0.5062269167467888
3274,1.4713579497576292,1.431266684298288,1.4346351088296982,1.4770532775669842,-0.9793696915365793,-0.6912797283764726,-0.9185580141556471,-0.9060990695366357,0.33401620807225824,1.6313596436016633,-1.9037721834513766,0.15045372153504974,-0.012401985857416843,0.2534230783622065,-0.4500396012304145,0.04824571857124706,0.295475928255897,-0.28363539358854195,0.42452802685891416,-0.4500396012304133,-0.5989334012696832,-0.06828909374749163,0.42825903439653124,-0.45260688897524853,0.7060820034085434,-0.5989334012696825,-0.3092926932045876,-0.42976051050931785,-0.7442376612060505,0.047054778329814195,-0.3071258799308799,-0.2909005179169643,-0.1363687238629744,-0.12746922785162995,-0.32118943939731304,0.05264773569143244,0.26574397688059886,0.4368025463873385,0.2821892332553386,0.5420797957193387,-0.5602752530019629,-0.5941630267947776,-0.6498234202440967,-0.9653141963839073,-1.1861232561878847,-1.2254436191993634,-1.2093309704313715,-1.1215643020509776,-1.05637061393845,0.3508698125750057,-0.12205860838776439,-0.07568026218216378,-0.6604843812562994,-0.49459343775664344,-0.4605081350463714,0.9563911049769087,-0.3986883033394435,1.914202770716434,1.5460512983451806,-1.3066803270674112,1.4980420604861346,1.5261440798065238,0.22684096446412808,0.18801675256405756,0.08891083594436612,-0.6316057453411533,-0.9370863602757104,-0.8791387784098731,0.10225246559219311,-0.9074273054370644,-0.6224104912657277,-1.0654758644339324,0.9091345146366299,0.3572209503344145,-1.164200775146041,1.374830992435631,0.3901769978411583,0.7770756241294735,-0.15582553167407026,0.7763072727589722,-0.3813451209891628,-0.34860866691361203,0.42242006203570187,-0.27520641265169143,2.110339795898274,1.2175567018312734,1.0348718304066704,-2.543998029900128,-0.4973706532342413,-0.7187850712196208,2.247453027520504,0.9441071472665671,-1.9698797701919541,-1.5307098012264397,-0.49203010807850595
3275,1.4900728825219038,1.3995847347537516,1.471208948274817,1.3974953644081773,-0.8712006557560994,-0.9592000219608068,-1.0183269157281574,-0.8411603634759055,0.4305627551941159,1.575037192558999,-1.8442644618317465,-0.054148282037986835,-0.2925662600003447,0.10112716934010094,-0.568554735090749,-0.28467723677965484,0.1975988610023407,-0.5621511729900917,0.35222620018454376,-0.5685547350907488,-0.6750431724065967,-0.31649297668296567,0.34011939492352855,-0.6671463967399271,0.6392292122900316,-0.6750431724065964,0.19906795762816304,-0.154849319232585,0.10025827932183956,-0.6330910797822872,-0.8882456370981038,-0.46508778245692617,-0.3560746160494606,-0.30891173957822055,-0.4423475753158236,-0.12686887714942957,0.1672630532747444,0.3125994902313751,0.17314245165266945,0.4337405859016335,-0.49316986181226985,-0.5882066168261565,-0.6207966038592156,-0.992138612798605,-1.2103111680687488,-1.2520917465816852,-1.2169563585673309,-1.155271043700136,-1.094630345325222,-0.42095117588950426,-0.4924113949386824,-0.11510492205673438,-0.2920264890659475,-0.45193808916134653,-0.5392620756768545,0.9482149529709311,-0.14942837953780636,1.8838928185832733,1.5310493021726241,-1.4065297036555502,1.5373861199952872,1.5118933368654415,-0.09062084059012049,0.08226032262098375,0.2044624281655385,-0.7730327353663867,-1.0165809883469472,-0.997087025940599,-0.3020106619468102,-0.724409995642104,-0.694413741373731,-1.1471680402589282,0.9731018110476732,0.44220174972513215,-0.6971862765833695,0.6373802395035378,0.07031618116215202,0.9228965913233568,-0.791528451392308,-0.6548357527635412,-0.48862196186170187,-0.44418405969185715,0.5745051237117305,-0.3726272520784145,2.3082133758136956,1.2166323796537666,1.1088297387575479,-2.4200480997084286,-0.5387755815371739,-0.7616667118359115,2.1747498131078604,0.9390200192920428,-1.9934130548971747,-1.526497661969976,-0.48279811616636187
3276,1.4170394879204986,1.3505135352493578,1.448419961079152,1.4200158629981674,-0.8915704414541958,-0.8430270047828073,-0.96622014123873,-0.7903065444646531,0.19279207782951083,1.5822538001508308,-1.7707224802510044,0.04397548308174235,-0.13769987959918195,0.16968442619314986,-0.4983777088493981,0.1601879984490738,0.15426207027199595,-0.2517130123458253,0.2889167138651916,-0.4983777088493969,-0.6732684778096247,0.003968561970742333,0.2802536348293828,-0.4546085125466597,0.5726898858168199,-0.6732684778096251,-0.11947212290721247,-0.2472813447425533,-0.34603006694307376,0.0242241700977019,-1.113086709294987,-0.15767603568384808,-0.24700176353976272,-0.2170044979420375,-0.336935769412909,-0.11202442680919311,0.21104178080430372,0.34482678326496663,0.20288658185974548,0.4493362874051848,0.7507687980823752,0.491822042889714,0.32986530521567253,-0.2277105082632433,-0.7204850953795066,-0.8403561026038984,-0.7939265490685092,-0.7285406303257113,-0.6017148208402705,0.12522587292898635,-0.4512392781340908,-0.17718439080801862,-0.22404527932265872,-0.5990184382324784,-0.26414063766750934,0.8963671990502344,0.09368086902756477,1.8559317551628094,1.5003157893377337,-1.4958124039660996,1.7371470254686319,1.4978792905512892,-0.5353987548176107,0.13755050741492636,0.6705955031922384,-0.8908907047127481,-0.7665893204850841,-1.006195999577748,-0.8044647308914292,-0.7724355653534214,-0.6111697113759073,-1.156532870761277,0.6863537461920604,0.6513117764227667,0.04392166105215976,0.1025427279866832,0.12165936717672168,0.9168650846568147,-0.6276457953045572,0.14569473612451675,-0.2577112540544029,-0.20558603736943723,0.6821657552883,-0.4275467987267785,2.1708300914273506,1.2183539187281374,1.2098247241366618,-2.3236770087193626,-0.5661346457362927,-0.7931207511013851,2.105928645995476,0.934241863511723,-2.0123336485692915,-1.5151316770733216,-0.4649403466151104
3277,1.3748525390147013,1.3116128614003433,1.343640513738409,1.278256170243655,-0.7244606021565021,-0.915581804799756,-0.8519732095300813,-0.7986057028851676,0.7515884455194919,1.490421015387492,-1.7246746924310083,-0.36053887345538915,-0.6766467301407431,-0.13292743919618144,-0.7266344786954945,-0.5451847132259048,0.01008083625993988,-0.8249227067526108,0.1963927112490998,-0.7266344786954937,-0.7996187105065541,-0.5278282669149937,0.16248774704380328,-0.8892481097322019,0.49375399983231705,-0.7996187105065536,-0.5679752625803799,-0.19702915974075005,-0.20083285375368612,-0.6758357989405747,-0.5520950399155916,-0.5634204007995359,-0.6227844028981945,-0.5718471106129791,-0.5556426241498835,-0.382806634402534,0.015720653682074294,0.12382212097660651,0.007254648007037258,0.2632231014312419,0.2211953937076921,0.10177626831862843,0.05285985891451516,-0.4059246973709952,-0.8629540585171235,-0.9722965817011967,-0.918874270903254,-0.8696084791910668,-0.7642021345880219,-0.7648536754053389,-0.6909069830892356,-0.34595618387042615,-0.037410137654776264,-0.8436290685799752,-0.43296635449695875,0.5968265416247308,-0.3120462323835261,1.8138350265485903,1.483935927425333,-1.5279869739959082,1.704939178385191,1.4840943286523545,-0.8456072879660441,-0.06938453158820435,0.637549221784198,-1.039818518497056,-0.7385628574782589,-0.9793180358861243,-0.9642818366400765,-0.5535772171898566,-0.823039622805119,-1.1603711575682232,0.6330700930049299,0.6411268864982601,0.31443774276467984,-0.39325715243158077,-0.12512771990527335,0.997768560451799,-1.4360181657751077,-1.7501214516470203,-0.8309933754987409,-0.7647937936580593,0.8523666928905345,-0.5230198362047359,2.223271545713967,1.2175327362722097,1.272851133522773,-2.2515090946317704,-0.5901294155102969,-0.8430332521344508,2.0591242704602615,0.9293517860719124,-2.0235689728218076,-1.5183577076713013,-0.45254697736385924
3278,1.3161045071317432,1.2805213926238834,1.32297050392182,1.3129022536027837,-0.7753661621620853,-0.7290644525715025,-0.9340392553157991,-0.8563354869683079,0.26336872923499133,1.4771243565485528,-1.6145717102872252,-0.21598238669735584,-0.4475836792981932,-0.03444020715599078,-0.646861112649701,0.18486085618413503,-0.04896574973327295,-0.3420619811312114,0.1141082193167022,-0.6468611126496999,-0.8057180569496969,-0.033348730148141416,0.0873362030301898,-0.5699538189794152,0.4142362183946721,-0.8057180569496962,-0.11331290710165268,-0.15477508750111404,-0.28340686011499483,-0.02024209936488081,-0.6406986803214805,-0.29383126014962174,-0.44076714770600095,-0.41915886771587857,-0.387971065453146,-0.36112367355279196,0.07671043297110348,0.18226551505486607,0.057244520604161894,0.29449609876251076,1.1438506063076685,0.9304046634335111,0.9162844453536394,0.2952284448035818,-0.34968562005847664,-0.589708068175506,-0.5219732791082411,-0.47721016264415406,-0.31185635459709893,0.19477028821888884,-0.2176520891351895,-0.3651735601696502,-0.31533208990491596,-0.9731284266732612,-0.21460963015338322,0.540076623209262,0.2858934525064861,1.7863581376460054,1.4412268793386718,-1.5509323174950915,1.7012343457751273,1.4705311694015604,-0.7529395941170223,0.005574926383214858,0.66725879266917,-1.0332918291377584,-0.45647950734111803,-0.839972407318064,-1.0615695094082407,-0.13921628004330852,-0.7261478796810833,-0.9765543302652416,0.33062700317037325,0.6888363860682913,0.6218933060731721,-1.0804166919706566,-0.516687633652775,0.9527426235563988,-0.5779818588928547,0.7403198130135838,-0.3389305239535677,-0.27493415612127375,0.83752884138638,-0.5485496960971301,1.8863877389380481,1.2119506498058883,1.336482592124877,-2.1994865688021896,-0.6107518343001471,-0.8725120176961878,2.0258327372153095,0.9258592958450198,-2.030639815931432,-1.513154422784922,-0.4421549406233793
3279,1.364635545851302,1.3061637852412276,1.3391618025864929,1.4086830802166281,-0.9351731446616246,-0.7307059293721352,-0.9529023338189481,-0.8325252932184514,0.22851492995506426,1.5944533493435977,-1.4435512026631097,0.11027091511768557,0.04541808808000587,0.19261534966598665,-0.3037461893026504,0.8111375698324459,-0.0016202759118098872,0.26601091571786256,0.0757870016301537,-0.3037461893026499,-0.6673021489501268,0.5721309288133639,0.07710705250424638,-0.08177345701157146,0.3484363482095596,-0.6673021489501263,0.091133056234166,0.14858326725595064,0.2519488030057579,0.3170640437009555,-0.5680464697911545,0.25864110613478014,-0.09501483465700254,-0.12057360597073483,-0.11849642729796096,-0.23933583836672248,0.22507632748558035,0.3213567668252635,0.19672789413766661,0.40129993160205224,0.7495408665810142,0.8699547946502009,0.8404763605209801,0.46135189223539746,-0.2861326441807505,-0.5524566822801215,-0.42706604684267874,-0.4487631694243779,-0.2747822001131618,0.5363933802039389,-0.1390675229566989,-0.18101010625274047,-0.13630499279989902,-0.6430069643951085,0.008871052120395151,0.6027961009453582,-0.10455483795320103,1.7829582485528719,1.375585253520653,-1.5933709693439062,1.6836953625766333,1.457182843030807,-0.45920112896687687,0.18072361539394138,0.6665972742635864,-1.164245006017295,-0.791542701351424,-0.7996764355922129,-0.9178575829950972,0.11205569864089572,-0.8469047401482724,-0.8998073189379548,0.6705210000352075,0.3758295967122728,0.4530692571731422,-1.2499450909610534,-0.7889375932860233,0.9622230155855773,-1.0468881193091184,-0.3632142359251187,-0.3133426064187324,-0.24203818886871614,0.9339041322644138,-0.600358713997878,1.0778914938432163,1.2106472016619747,1.4391630002956652,-2.1460766924168206,-0.6338421273460563,-0.8890367701066175,2.027891733248166,0.9224952806809806,-2.038561600360432,-1.513243440736237,-0.42240214531569703
3280,1.2951674866846639,1.2904333732509934,1.1894759425953914,1.1607580277185745,-0.29950272603388556,-1.0907177842068723,-0.5584524340802314,-0.9047787695314065,1.9310157955647698,1.3040192699930635,-1.6791699253649979,-0.6039351305327237,-0.8607848511078209,-0.35795776018160935,-0.6798791820888325,-0.8913029829165141,-0.17541638625684536,-0.9984709023983136,-0.010376439325694552,-0.6798791820888311,-0.8202291420143304,-0.6467613533282328,-0.0525928365037478,-0.9821956115560818,0.2674858558288532,-0.8202291420143303,-0.8253923578651337,-0.07144391314799682,-0.33602684177672637,-0.9543224364150762,0.6047502024796904,-0.7576752395956251,-0.7442290215921998,-0.7433275342636213,-0.5986679917874108,-0.693022116646112,-0.140287463896729,-0.06377616449894644,-0.14680448198630633,0.08691232962282232,0.07148965424667121,0.48298328329044016,0.47490975834825083,0.22597808154475219,-0.43117232810868017,-0.6804648038989883,-0.5381066943824631,-0.5943326340256064,-0.4392572737523307,-1.3477231760510129,-0.5498065509294479,-0.7273679277024102,-0.39882516176348964,-0.5218618604036476,-0.061726841146673275,0.40700059569574343,0.18048147406653434,1.8067187602706791,1.2407349604482534,-1.55216983162407,1.632627632268464,1.4440426745666464,-1.0102950806402762,-0.19925682596991467,0.5914344278744029,-1.2217050801048863,-0.9460457679671257,-0.9392965056645842,-1.034866912690802,-0.39356710875128315,-0.7612273998769934,-0.9446463023005776,0.8281130836053995,0.4323388362454235,0.46678110929675193,-0.6974773330745654,-0.2902049939145168,0.8367262700042737,-2.5496525124102183,-4.246158093491232,-2.0294268863208247,-1.9438400651167886,1.1004356231394328,-0.5213383786580346,0.028824259833561416,1.2090651064803,1.359694194056463,-2.1888856046655376,-0.6223189396409853,-0.9089686914413662,1.9625630933167257,0.9184253515494656,-2.0427551997410642,-1.542598884248363,-0.4179558318922134
3281,1.0616295965767144,1.0909303505385342,1.1108635714460569,1.164280790453381,-0.2549250895201659,-0.31684767647285933,-0.4356930293057171,-0.33096976952700663,2.101643682291936,1.2727801074299843,-1.9414677941185687,-0.5590062978402891,-0.7959038475005772,-0.3261932258320877,-0.7311243903555749,-0.12396674576772494,-0.2764272827991561,-0.5811656241274452,-0.103028388155582,-0.7311243903555739,-0.8719515220491257,-0.22364379425550598,-0.1504921717223723,-0.7419057708189198,0.18136593883662872,-0.8719515220491251,-0.443964539453787,-1.0576450638387682,-1.1649479587729035,0.7448581188141615,-0.42067529313815766,-0.4870209292201969,-0.5929321671169566,-0.6484499499887816,-0.5454308554747203,-0.667375724898735,-0.12655932079660048,-0.052876467383331724,-0.1398629076996272,0.08356302616203176,-0.551074580732835,-0.1675270304973062,-0.13347245905038246,-0.26143256610300813,-0.6336489834519226,-0.9497169173814562,-0.8303186478198342,-0.8799859308500873,-0.7635269625263313,0.019276494913974124,-0.5970230279434957,-0.7307619072324725,-0.47332426467604377,-0.48574375147851395,-0.2263463133263865,0.39212688564827997,0.20396671522371165,1.8081681485824825,1.150750568716173,-1.4767280558290912,1.560446979394669,1.4310688962096856,-0.8294601322518423,-0.17584276971335566,0.46705273177357687,-0.8800767127052372,-0.6493794383696342,-0.322548477131677,-0.8130037882425816,-0.6311892111698681,-0.8041193305270156,-0.7596521624743796,0.5622335727834062,-0.10850237069488065,0.8481391459670373,-0.10947083384678062,0.5030070464382405,0.5663696317265254,-0.918750958244253,-0.43249949541217153,-2.174734594185207,-2.1143523569848437,0.7858310892639383,-0.18366353256613396,0.7862532750145931,1.2085057558548347,1.2505002398971332,-2.1936028236473084,-0.620594405695845,-0.9458870895062821,1.8883739328085178,0.9146921146671659,-2.0479901677951444,-1.5767567488974543,-0.42104857313556665
3282,1.1511674837624428,1.1224253941146307,1.1266877601318097,1.1659287878101685,-0.5163350097559288,-0.43619928684942694,-0.4200684592077526,-0.4018160108621338,1.6190469660179716,1.2238770636583975,-2.0536263908705314,-0.5180852697459309,-0.7354817436889398,-0.2976417099213146,-0.6382861264119565,0.21514589703702497,-0.3312560124573664,-0.3164931080236229,-0.18391193569141165,-0.638286126411956,-0.8577778960299751,0.053259021622560784,-0.22328508849445325,-0.5521052534993952,0.0965876292354691,-0.8577778960299742,0.08278564327370906,0.1773443609399155,0.459764481301042,0.1086043299672503,-0.2885728470031018,-0.36753207389961073,-0.4590244171953093,-0.5397083335892666,-0.5254076611687298,-0.6414519560817364,-0.11087243839097166,-0.049193371079244944,-0.13833906211596875,0.07828223962661475,-0.6660918657625998,-0.30290948116766175,-0.23738898433560454,-0.2837920984568529,-0.6448319707603662,-0.997372816525276,-0.8794943124327652,-0.9345708853418129,-0.8235604637125292,0.009158615712066205,-0.25679657003367434,-0.6645662335465633,-0.4169856396182122,-0.15936509371167523,-0.4096082098270097,0.5499195159956449,0.29768143562475985,1.769171017089783,1.1414514918349095,-1.4346440536894147,1.5271696950922307,1.4182683385962325,-0.7486350509092029,-0.15591794992799904,0.42592738494113214,-1.0327613452669688,-0.5051364578089634,-0.2382935954992822,-0.6882802478536446,-0.7059789640021189,-0.838671556303464,-0.719489624608372,0.3831829121901147,-0.1001406111344101,0.7594417424539156,0.14083257601806903,0.6637013909549918,0.5004863866374908,-0.6490280676396589,0.6275898661945735,-1.6990205322232819,-1.6327845701134627,0.884378805907614,-0.0385106062781464,1.3186279739792102,1.1812134830413146,1.168426828879745,-2.173298551541441,-0.6237483850291671,-0.9883648829475467,1.8529755520768836,0.91102162449121,-2.048419177007004,-1.6092332475365145,-0.4222943804278577
3283,1.1979464949238696,1.3058188730347131,1.2783513704966232,1.2257945873334717,-0.49272327720551845,-0.5514030015563857,-0.6700560326817724,-0.6903196597633895,2.391544866267227,0.9943816021490822,-2.1029323730242924,-0.273046927858303,-0.3637825452811689,-0.13299209988156585,-0.3590482020421484,0.6559012207842133,-0.3067860913075664,0.1357063957724616,-0.22934280552999953,-0.35904820204214816,-0.7370922344382953,0.5009317008950438,-0.2464712708058556,-0.17837841761291637,0.023694246700041714,-0.7370922344382944,0.8512878525055566,1.0063025608214178,0.24215084121505148,0.2019093514990376,-0.04208489826885426,0.024905890944100693,-0.20707567893299159,-0.27241978443524745,-0.3604930839716659,-0.5043978810698367,-0.006713388958267349,0.043520201711237494,-0.05560733374600077,0.14423516391334004,1.4910178737104636,1.651798817556098,1.690779618839105,1.75219525355265,1.010719447852405,0.04859250879491693,0.25258262829379424,0.12327310693564172,0.41334197733122435,0.33466189273487795,-0.19548466538429093,-0.28769980738649503,-0.39828501203151867,-0.36968718005233403,-0.4251270091776953,0.7242925971505774,1.7095786146592429,1.7428250088565571,1.1278627688306366,-1.5047027602175111,1.5080808593922728,1.4056584480627448,-0.5437671297881616,-0.041295248899404294,0.4156621623058331,-1.1751661055364315,-0.7616521021286117,-0.3067250556667387,-0.7364039897254919,-1.0967291239793318,-0.7026578556652973,-0.8601748338940598,0.637914281825809,-0.21761693115635902,0.7544098476681408,0.6175513306321027,1.0854534676802416,0.512142051545588,-1.6015803915928661,-1.7324168656071623,-2.4818033043737904,-2.407858950488311,1.02298514884202,0.16544136937471643,1.475446474502642,1.1364320068473914,0.9044333244082883,-2.1558454716148967,-0.6319045117138954,-1.0420455994837217,1.826246263229369,0.9060500495699063,-2.048276752005556,-1.664514542316924,-0.4168932804823765
3284,1.285381622149049,1.4362638314384744,1.3233654354598199,1.5323629491467599,-0.648790355725345,-0.5431500809694955,-0.6239595153374875,-0.5086488560882088,1.4322998425761082,1.1316594949972205,-2.121824659631554,0.6286859200078474,0.8020795665626274,0.5389118904640331,0.5376217433757243,2.11119129879244,-0.02246619606258871,1.6161081128135377,-0.1605293205998817,0.5376217433757233,-0.2809217681459179,1.9082815020986819,-0.10583717171838108,1.0539029139281555,-0.0039189310015408894,-0.28092176814591835,0.2494318338568299,0.7166613342060661,0.4500172513956639,1.78611249958165,0.6868596850446947,1.4762398252392108,0.7753284196297282,0.6408473980216776,0.30658483777796364,0.06831408827921125,0.47233866117662726,0.5176558851902553,0.37577824718957664,0.5177459243819127,0.7464504590830656,0.8704237570769029,0.9880441937054089,1.1545849473960368,0.6416566963659136,-0.20469443915093835,-0.021770112190614137,-0.12745163062635778,0.1148132560943069,1.7161247266759223,0.32306828549666494,0.1305929487158085,0.03759870475594428,0.03715578685674184,-0.3265154120693889,1.02009830010594,1.0599877279660626,1.742738325761136,1.1438086257842097,-1.4911060537110021,1.5015700224223827,1.3932335205366615,0.31148045035032546,0.47940929587150083,0.4331204677570346,-1.276403410596434,-0.8908136815763317,-0.7422779592108653,-0.7655401480253543,-0.9053290395325175,-0.6639646284788956,-1.0184429915239461,0.7614768588031957,0.22840136546273798,0.29112573621706,0.32110003027723255,0.49353542920350385,0.7444235281785726,-0.5987822097720495,1.3509321628366127,-1.5250247948694502,-1.4464413737945172,1.0921646984652063,-0.32526573335992787,1.3190609774833715,1.0921362101677636,0.6091228999900689,-2.1073971701578618,-0.6746496355708712,-1.1018761696445996,1.8041580539427087,0.9005715932119791,-2.056942607716455,-1.6933807684650892,-0.400064045456661
3285,1.5211253630096513,1.5076913017200229,1.5014066523219343,1.5919821418831726,-0.5939564209645746,-0.49193668542990926,-0.7064329002058799,-0.5507035535736842,1.3028707975607892,1.179526677364809,-2.271021509402645,0.7958344454483485,0.9866313656719164,0.6776574168854765,1.0012666857874841,1.0894295067005098,0.21289572473480006,1.3367357036996907,-0.03252340706608499,1.0012666857874828,0.09243321522903003,1.5600813894689844,0.03874116014998663,1.0830861662668039,0.0055689660572110266,0.09243321522903011,0.9973900782840031,0.3990269009094634,1.205529471793675,0.5166919681072978,-0.2571350989269581,1.3415256135859248,0.910482809444833,0.7759091170115732,0.428006713346869,0.19202000014646636,0.5764974692092881,0.5959461867288545,0.45643500642913176,0.5880089439809552,-0.0873440666660915,0.05440945538940602,0.2374168735171755,0.42685107962846985,0.07286134927792917,-0.5674482903074243,-0.3974566882397521,-0.5018249527512497,-0.31189241918256155,0.339610118056675,1.0978716771411225,0.3710971352133021,0.014837820922285359,0.17643000031668835,-0.26235938831277367,1.3078113146396058,0.09926825696796444,1.7038315226168708,1.1856091204373143,-1.4372122164122612,1.4565086251578523,1.3809880786760964,0.5969242610912484,0.5990659376499885,0.3630549165242567,-0.6598631018279167,-0.8711006124481895,-0.9211790991141574,-1.012002847426107,-1.1475435805670422,-0.7419410504857418,-1.01050992246471,0.8369462596903477,0.4700075166884488,0.45423190572915867,0.3588756422266728,0.6423564556388588,0.6541591059975584,-0.5118506875937207,-0.007934154734311485,-1.351994896619236,-1.3156688302034059,0.5197402464186642,-0.39696217345646595,0.5125815824471719,1.0475608640266982,0.21712760549476165,-2.0494394222712837,-0.7203079533876156,-1.1647248918097366,1.7671234877967412,0.894898015157718,-2.0697373675726105,-1.7158478426733028,-0.3899321674427303
3286,1.542055982416973,1.4366696781114279,1.3925674680047306,1.4524678119463648,-0.6353727830261686,-0.519489353378841,-0.4048592957682836,-0.5084410728878448,0.8510256687668373,1.305859512780998,-2.215865618023663,0.34401372302223027,0.38384811005775105,0.3438776858159483,0.7485044316380529,-0.6131371018980977,0.24156262805950252,0.1598932876402834,0.06284987907047791,0.7485044316380521,0.17097132202251775,0.3272814024035223,0.0830677572874855,0.33132189081166435,0.022850032313474822,0.17097132202251764,-0.6166959697337558,-0.3677496967091748,0.11806583797073952,-0.640572238978688,0.09736612224318375,0.32944048837857887,0.44312409275322695,0.3691539569279371,0.13205509307420116,-0.029610506031000166,0.3704947173557645,0.3495839899665799,0.24960389914058992,0.4092675370981216,0.5594399379698302,0.7930520953782167,0.9372821472773687,1.3163113270011615,0.8587537237055997,-0.0428105023532833,0.19527458723141897,0.02937437138687839,0.30009508591103135,-0.7636916568755445,0.7447473879821598,0.09068432206496244,-0.1827255462643713,-0.06190816660340886,-0.16567546037958153,1.1367743813002973,-1.557558979313195,1.6860966102178645,1.1940134606873134,-1.449473594904016,1.4433670885448429,1.3689168601633592,0.241350461453576,0.387892914033029,0.3627594852330564,-0.7971737010007655,0.08920366893093808,-0.7355156658147959,-1.0643127878378205,-1.0517971989710282,-0.7919970928970218,-0.716734752484707,-0.22100552819705763,1.0009149662527455,0.7511725250182607,0.1662647980321568,0.6790980530201721,0.38208171543001435,-0.40746414599869635,0.6359279599444843,-0.9080755026404471,-0.8624954026293178,0.6423579355594387,-0.38450489647322583,0.27388371582099974,1.0263856875888568,-0.04229008622843028,-1.9957716549012898,-0.7609506755060839,-1.2322434432323313,1.717187574024171,0.8887376436111891,-2.079753270218009,-1.7251313813893239,-0.3734798224757122
3287,1.4372816756438942,1.3902938064285393,1.3455472826623909,1.4626987013492039,-0.7901473815147005,-0.5701468444931415,-0.5139613881910657,-0.6220328804042141,0.647843374805727,1.3913112439792958,-2.094609306619156,0.40084139506821154,0.4544056842429785,0.38793410806272244,0.5708853534294457,-0.43064409283927635,0.2671451981959484,0.14210682397698843,0.13533037014682234,0.570885353429445,0.22652861087630147,0.22927086685045667,0.12393717405996818,0.30605042079966666,0.04560882284822807,0.22652861087630152,-0.27928788817455596,-0.24748618569555855,-0.5258858177506185,0.1895120198719567,0.11790522409154686,0.07475519786799302,0.41577203468786206,0.3823870530373236,0.1573131493493246,0.02260011032130643,0.39455513595603364,0.33531838927265456,0.2557496176694464,0.41750318852964347,-0.7049509096352988,-0.2849176752021574,-0.18614504376273938,0.13181895732983917,-0.05178555131718114,-0.6478096230572227,-0.4454294793605963,-0.5972888460426193,-0.43089128019387424,0.05728268785918117,0.7719019267939371,0.3520664074274393,-0.11602750843813549,-0.0011581241063583375,-0.21155231579486822,1.214839773432296,-0.4313151331543541,1.6721588111838863,1.2049320272762734,-1.4818159975931453,1.4304110076116667,1.3570155065310008,0.30190026515313056,0.4228654741856065,0.36207139082342304,-0.8153066140308811,-0.10990644602797922,-0.9346989685795682,-1.0256709587150383,-1.175761799660662,-0.8282168653246695,-0.8307196079102976,-0.00990450588509923,1.1024899954607086,0.45976759502305536,0.38433430388547896,0.6683110299040164,0.4566585224460492,-0.5884744635701258,0.09053928456962788,-0.7055608351390507,-0.6604531960692388,0.6329093501227214,-0.40865072992841794,0.15185558471653934,1.0007200206436768,-0.556114640094317,-1.9197150995877477,-0.8205429972649343,-1.2897904569652787,1.708530828692438,0.8829101199218665,-2.0850577163630453,-1.7352000467570492,-0.35398779286452214
3288,1.4754902882227532,1.4634985198921113,1.50407665496908,1.5291079736760957,-0.8816903593796156,-0.6925662033100943,-0.8066465024620719,-0.822633720033923,0.4813785423606824,1.4495730065397885,-2.169256858591769,0.6060073251696936,0.7069447975575686,0.5478690403155255,0.5790871894685254,0.008229201418871986,0.33862239034560576,0.40692705074139446,0.2085198224925091,0.5790871894685256,0.32757255661196777,0.4193759625042626,0.1902408306048196,0.5006566063483584,0.07829887201719478,0.3275725566119678,0.8890055992953563,0.3995551119326674,0.197353741247694,0.39409139902536433,-0.6473826924836232,0.10351876571147561,0.5644965978738921,0.5530883223668402,0.30408640236045137,0.18293787780005874,0.49902593693588876,0.40774974038053474,0.34156395044209037,0.4958141219674589,-0.4277780380992122,-0.21822201547688175,-0.15396997222205053,0.16398098064114205,0.007229894322923113,-0.5993633298407277,-0.40709648359131917,-0.5631015883153785,-0.39390706311370266,0.3691959645454892,0.7907010732445405,0.4081560844228021,0.20220200794136067,0.022746310282285572,0.011130939635567395,1.1131281393379917,0.06544801104047065,1.64825221602285,1.2282854690749885,-1.4630262139607264,1.417650623234213,1.3452803206094828,0.521734624649134,0.5509753611450438,0.3612336943204412,-0.9663402710308759,-0.1343421523825234,-0.7475086096042821,-1.0550446777676499,-1.1774614232660112,-0.8239044048829978,-0.7632905063692002,-0.008751214903615077,0.8522341208107411,0.724579939954584,0.3540628687611466,0.8268408190505988,0.38394413204107886,-0.752513641233625,-0.021858270384276745,-0.5491254637386938,-0.494492373159573,0.7602480269995382,-0.2751012565329566,-0.0910232160103944,1.0040752125041257,-0.8802501283075663,-1.8406223840567437,-0.8555607050043372,-1.3421689996537423,1.7028383662124482,0.8771211159444917,-2.0942710260531556,-1.743291429463175,-0.33080956570404313
3289,1.6340994670697433,1.602462017490839,1.679677579859283,1.5952587168803047,-0.7340980451733536,-0.845965811194041,-0.877681102080233,-0.6488268810232163,0.6621902420448739,1.4536559653451704,-2.2373912237411755,0.8053513989898919,0.9428216693345789,0.7074741348525926,0.6639243052625923,0.19261352821345704,0.4390704680487284,0.5740130868631117,0.2923008943242164,0.6639243052625912,0.4530303035873765,0.5211376416735644,0.2765910925753638,0.6529370593353105,0.1233065644285251,0.4530303035873765,0.9805124146870889,0.7707546677157218,0.8077354526376,-0.25755920619643186,-0.9925043715467274,0.384734406839048,0.7256106291886385,0.6752901066767275,0.44538688867302817,0.3304708214792625,0.6075456604369235,0.47873076246034646,0.4402376916082181,0.5750033025755746,-0.513410303647195,-0.415352623490375,-0.40213320672410535,-0.10463441981531983,-0.15109320112794514,-0.730574934203062,-0.5415535200779686,-0.6804934806125966,-0.5595259996248525,0.3774777913896861,0.1815467728792775,0.35828460264804934,0.20766762936100747,0.1194172130289573,-0.060197304281217466,1.1283723782146087,0.38531532685281017,1.621095578534128,1.266488733778,-1.370712317444046,1.48297944431375,1.3337056956123918,0.5325867995794646,0.6814925137591586,0.5386629163470685,-1.0708455988510979,-0.10823182993566943,-0.6466874336243787,-0.9370843779218211,-1.1609415753820964,-0.7535850345516825,-0.8368949571965758,-0.05495707489018959,0.7439451842162585,0.6684585192952913,0.47635861908351285,0.8930705940957466,0.46477712005321425,-1.126573926571246,-0.7484629960600163,-0.7374798631617496,-0.6741180388538045,0.885460851594024,-0.1672719160242215,-0.3409320702106751,0.9956345132163082,-1.0217761037649262,-1.745597386022114,-0.8902888424226695,-1.4194488592459114,1.6868040369240493,0.8719628443521336,-2.103623467192209,-1.754923643179672,-0.30964092812108496
3290,1.5823132345256063,1.5039475548931858,1.4633029547564114,1.419916158741628,-0.4480637864265892,-0.7445155498100214,-0.6574448818559002,-0.6319374682002092,0.8063248464396633,1.444613702635567,-2.137668599539394,0.19200447297265064,0.12523047746643737,0.2579853509388833,0.18543059838747186,-1.1272957201593268,0.346888154802895,-0.5376078394332284,0.31603255202423075,0.1854305983874724,0.3117796366065227,-0.5997749009502762,0.2538435944625175,-0.17828914212337757,0.15432846046092966,0.3117796366065229,-1.1969358353649122,-0.513356391517694,-0.24713605375777434,-1.1780393372002436,0.07343837049756198,-0.3447318891663528,0.05672259343120262,0.12309654081238271,0.07913757094396418,0.02267406665873602,0.3362168499269989,0.17037641036325082,0.19180986363095726,0.34973976135398477,-0.319268458687293,-0.2973384034093109,-0.27727631896028826,-0.0039007929664950664,-0.02690010404226043,-0.6339533445277906,-0.461746232361737,-0.6128183191558788,-0.4835104749718578,-0.9623508029271077,-0.40718821380333037,0.4872139486026594,0.07148369807400633,-0.1846168036886294,0.2186237910210407,0.9352845194624436,-0.9914656709917101,1.606857531916742,1.268323667948504,-1.4133792734269557,1.475486883136126,1.3222861339760605,0.05610822879236277,0.4088805824015095,0.550600813443504,-1.1648245811473548,-0.6276086513229516,-0.6799238385076795,-0.9160527763694659,-1.0845840328338994,-0.7930541473037493,-0.8234573892787018,0.4926474873427453,0.37570106268483994,0.6008081184807569,0.39865208475982405,0.7746912491067056,0.4772095898946677,-1.1791156649890997,-0.5103609700058384,-0.8882822087987211,-0.8151407247808549,1.024883692234644,-0.11541869795243204,-0.47452367986340377,0.9214742117395076,-1.0251047021750377,-1.695592553006378,-0.8878938057110582,-1.4744718921593356,1.6655100611545297,0.8666501432298304,-2.103767646312138,-1.7660547270307687,-0.29333448244461874
3291,1.3775963085260372,1.464802967769771,1.31445414856242,1.3816354554180243,-0.6802237080700915,-0.4990113087919943,-0.4815749622171966,-0.6519058015376644,0.997430289798289,1.3952462633407205,-1.9693078804744288,0.09886476569448793,0.007362830355674198,0.18712112639301687,-0.13927941345237407,-0.7668504895200026,0.2526396995566278,-0.5491154254047335,0.29902214025895646,-0.1392794134523743,0.1638740449527903,-0.6262255488207614,0.21550480507970632,-0.29689213468160647,0.17076366468805548,0.16387404495279034,-0.8441230016718514,-0.1951783161279138,-1.0458440070217485,0.044166874215330276,1.102552499213223,-0.47141179038294906,-0.14201304101207837,0.01401067773259088,0.019296861657954516,-0.03430181749769555,0.2757223713797055,0.08023298975267411,0.13668586294348606,0.29763280717223173,0.3924170411347696,0.01109742470129443,0.09158811492585647,0.3483332767084534,0.356036499397595,-0.3827433272148525,-0.20072606659775835,-0.37672637234008255,-0.21475290114970685,-0.21207928862152794,-0.15870225022478412,0.41396400713687914,-0.012802537494715218,-0.23668672317478615,0.20094306963284012,0.96212039254191,0.059690528381566015,1.5939110493877222,1.2663900058219388,-1.4530130450325183,1.5033999223642986,1.3110172995573421,-0.13037327758124653,0.3632992616283178,0.643527434609316,-1.0615620037681803,-0.7230295994424512,-0.5192410649016918,-1.0186591850094224,-1.1129425492591016,-0.5346881404524285,-0.9669079705046872,0.6127357656041132,0.0937920585408683,0.955541959986934,0.315013063284569,0.9460562381183139,0.6198197166249589,-1.1177563604648597,-0.7236976661013907,-1.072172950490563,-1.0098696725662024,0.8874430407719823,-0.09102277217040033,-0.5539563228929936,0.8985123489561485,-0.9014969497373042,-1.6604438975923816,-0.8849179771451178,-1.5230158559222013,1.7425254898837246,0.8619532334181732,-2.099457807067655,-1.7873654962897734,-0.2754740218529462
3292,1.5340347315127085,1.5596273823191493,1.5520099575343926,1.5721688390805404,-0.8398618780275797,-0.6346711040341537,-0.7674645721130505,-0.7654263401519316,0.38749555248562834,1.6024575796875875,-1.7671871132603092,0.6512760374289703,0.6993627764780889,0.6168260380264446,0.19924257267838563,0.7886255924197003,0.35831671817672983,0.6036419000759122,0.3245001680948937,0.1992425726783851,0.2814301561820151,0.4893270930425098,0.2835479784101649,0.5127844563470821,0.19876426831232516,0.28143015618201495,1.3570397341437985,0.5357331367349027,0.8292313463706518,0.2985609663441109,-0.2211523772568816,0.4106799760366425,0.3612909773593398,0.48753954976223074,0.44439860327986075,0.3035755786546004,0.5640857778510894,0.35442287817417767,0.4098885529616301,0.5367858200471797,0.6317797207603068,0.20155056893826231,0.3493050567601439,0.6016007575204863,0.6963841041963414,-0.17236987732698994,0.014977649744199635,-0.17632055793251505,0.012514316161290864,1.0796929795760661,0.30079602475930345,0.757983841526994,0.45249477518957376,0.04115221280387966,0.42954731251067513,1.055245613394003,-0.0262406357595689,1.5660972304822989,1.2932573573029587,-1.502824487583544,1.5040985835301437,1.3199763998027385,0.40671857554888813,0.6710259822642188,0.6296117682636312,-1.1840495112411558,-0.901624340524592,-0.5781504355128744,-1.0658792096039191,-1.0685593233171808,-0.5287366375511615,-0.9658361732565575,0.7867843637464156,0.027236953229482403,0.9626587364762871,0.19678492236099698,0.84440327418644,0.6369583543841076,-0.6389475280541462,0.9173063729069159,-0.47004032383082794,-0.39965123334209784,0.9766222686222888,0.10343513435711835,-0.5965296211084299,0.891570504602794,-0.5580657762011613,-1.559813326638303,-0.8863430609429639,-1.5423952145435618,1.809944731597706,0.8574092884075546,-2.0976966944484374,-1.7930053007028075,-0.2495218722709843
3293,1.512549812031209,1.410703984901815,1.3884394407588119,1.3878859698347936,-0.3998540757939348,-0.7135019917428516,-0.5420213610209085,-0.5109700550597572,0.32740841557978956,1.563129813913387,-1.7873761482220294,0.05696007563354575,-0.03936153250664461,0.157585014153514,-0.13681951428256098,-0.7918219824126157,0.2615704700357672,-0.5625439256780512,0.3077800797512403,-0.13681951428256117,0.12972201521169355,-0.6408717060684309,0.24083981497407175,-0.3297976179008197,0.21183732448182915,0.1297220152116931,-0.9158238351288448,-0.7988729630879005,-0.10119554167267591,-0.9132700002788285,-0.06517931177914849,-0.40622641356759076,-0.304656282133353,-0.12146189466380204,0.03664713464587282,-0.025309270707483764,0.28033531885900975,0.039923997735739444,0.14466159083748983,0.29813328501291875,1.5691659640966469,1.2966257475103844,1.270124027780377,1.6810838837113264,1.8466369222213532,0.6269907492460484,0.8701249151323597,0.5878836946701674,0.8938431910746005,-1.0160993183199054,-0.3289352543910926,0.31971649015511494,0.14354991178267637,0.015440657930390381,0.10937408408231548,0.946160810018537,-0.8838085236840023,1.5509439559332323,1.2870003807231614,-1.5164815185011487,1.5053382125426487,1.3407290215511383,-0.12059170022183693,0.3329577903635172,0.5907478234212493,-1.0105515843240969,-0.8525030738883778,-0.11060100786119637,-0.6193756379645691,-1.1388649857757924,-0.2557594662102776,-0.8714592521004066,0.761587447681098,-0.5364550820487475,0.8352713986458392,0.8273138331217242,1.3260770395072041,0.511908669576782,-0.87739357815236,-0.020395231507473036,-0.39786574429681676,-0.3337347678204379,0.8888314480066746,0.13918393637433402,-0.6742464666096003,0.6533177270865023,-0.3886388353416896,-1.4902985035948233,-0.8872126076867455,-1.572781046588495,1.8234992814819158,0.8528791838966899,-2.0901847005188,-1.7899214763933848,-0.23467065945617688
3294,1.4293437103385633,1.3816905032255846,1.446310635402112,1.3989190571424008,0.3714337781327334,0.10953680904927723,0.39383654628173814,0.3392342700375854,0.243375735918732,1.5867918723271475,-1.7329108071372632,0.12074768488700996,0.04238590609269261,0.20646289695034234,-0.23917186743356134,-0.24455335257809047,0.20866629837726852,-0.30994955425880333,0.27820031387246547,-0.23917186743356142,0.0396417566640598,-0.3818777592381014,0.21225206908556693,-0.22233114482785607,0.2160545483139011,0.03964175666405989,0.3290206732446565,-0.15032013250129828,-0.4232944165879001,-0.21991335064290135,-0.8592548696856831,-0.1475135206461884,-0.22586739588726315,-0.14600836084412183,0.06845683327893912,0.0025521125428300106,0.28740280634670756,0.037179628534988816,0.15998763728199353,0.3071925417565045,-1.0190714080088554,-0.7349731014535206,-0.7745162990489735,-0.5534982583828078,-0.3617044997144703,-0.7821900789267178,-0.7088685170034698,-0.8172697718280436,-0.7151109842871909,0.06331936173528252,-0.4679228905611379,-0.19866244067011363,0.025511903720614258,-0.04761330143258439,0.5498617205994247,1.1364227707587282,-0.06183870949036464,1.536080225739419,1.2856868860318118,-1.5287162797599532,1.4913996184099905,1.3561858024489604,-0.054614434253979875,0.3287330984258594,0.528120783146715,-0.8986602032584496,-0.8470982967831733,-0.5895560219609962,-0.9085632411587606,-1.1584797591000608,-0.5752503803918849,-0.9375660958739265,0.7740512746018015,0.08430437364299312,0.7080249916521751,0.5086197642740482,0.9504127754405508,0.5771110192883969,-0.7543862420030585,0.4174253560524807,-0.3059781631140093,-0.23956472824867883,0.91624174016577,0.183562068060421,-0.6788165582149086,-0.2929082712525464,0.04905391822102005,-1.4359150055191678,-0.8792110656036454,-1.5875365149007197,1.7709638045866347,0.8486202237367388,-2.0832158130649523,-1.7800749694996876,-0.23317817280408756
3295,1.3640597453293788,1.4062736848898725,1.3982402250830799,1.4330633226382723,0.4367563458050021,0.21995867160715044,0.19516464835819491,0.45354736998155315,0.08650350568048353,1.6073423179262571,-1.7243857179643454,0.2504703916457125,0.2099929603428219,0.3052790702383335,-0.17361877737876816,0.14913778375814032,0.2040564182470658,-0.032257478325690855,0.2568768858988885,-0.1736187773787673,0.01868699172515439,-0.09185673301460415,0.20673482041897484,-0.04721882353911988,0.2182229611387327,0.018686991725154322,-0.27920356401359203,0.14126750884463815,-0.33924574879653147,0.5265992636077569,-0.20364127765558482,0.012646754817854341,-0.06360895530786938,-0.09754346986944247,0.13810008801267853,0.06645485804549181,0.3351078699728917,0.06807082229894645,0.20705809345788795,0.34540768501983116,0.3506725347167182,0.5366991913803947,0.5023461689447082,0.6880870439238526,0.960450809681809,0.1905853763107209,0.2714230904567968,0.0602386959573761,0.28259981842675613,0.18927591658611465,0.05140713191586422,-0.24621623473262433,0.42040673292311237,0.08618491336519647,0.29028656109809486,1.2121255442889283,0.10269770974628326,1.53002310179482,1.2940563734239974,-1.5617701881618573,1.477687281182804,1.344460773081749,0.07495822918398679,0.4030392143647376,0.5247151234946686,-1.0447344701153618,-0.723305106257207,-0.8713115278349193,-1.027782095713583,-1.175107143131622,-0.10604261349707508,-0.7592828981751099,0.6160538485909748,0.546659159424203,0.5556037634985899,0.38789055175774473,0.7347924585440927,0.37973547913295386,-0.8308887513478497,0.6336647620015577,-0.15925697686133206,-0.0812614651328106,1.0660394784035572,0.2455265426572292,-0.6284830318939248,-0.8099950240184671,0.005742136878376317,-1.3715625322019387,-0.8772923610736808,-1.6085428495004588,1.738978582109816,0.8440243489126341,-2.0717362613772354,-1.7792427102460113,-0.22497004676825808
3296,1.5131990499469985,1.4154310712117648,1.2005498474337215,1.1402417977778394,0.9596601711026065,0.6254064789064605,0.6870992775770807,0.807901547217749,0.09525298186295716,1.5707125323041726,-1.5626243917491698,-0.6403083918376485,-0.8372328054154657,-0.41884855420852884,-0.8446787305551307,-1.5748383686020104,-0.0586016219791435,-1.5142511638255118,0.15120491819009502,-0.8446787305551295,-0.3371990296195003,-1.4909695196274717,0.048436316529611,-1.2072745077466938,0.18542914054774204,-0.33719902961949977,-1.140354508083382,0.05366617752864413,0.7916632719851922,-2.764293439585591,1.7222155882774517,-1.2931638514621377,-0.9503960342076632,-0.8917970077941847,-0.49477802978113833,-0.4593264103486163,-0.11861846223343842,-0.4107074180008372,-0.21783871452465364,-0.03808228574811799,-0.21707906224439238,0.13248697134019832,0.08994477964433772,0.2032520748978205,0.4794182287750128,-0.13041416252497895,-0.06963118956873363,-0.2433467681622674,-0.057191702996342346,-1.657863559342506,-0.6091806849769121,-0.5295828835393983,-0.01061138477455138,-0.3052402807124436,-0.06344638974211704,0.8461228436911901,-1.574709776048179,1.5095346273588466,1.2830219972799681,-1.5002018350503095,1.4559786183479744,1.3329039919801244,-0.7134531522567893,-0.07565330086865285,0.5019000531168044,-1.1684242508758536,-0.9142650248983665,-0.8919681380952401,-0.6349254258955939,-1.1102638636263504,-0.3653264421397114,-0.6447072777078601,0.8033535165477635,0.421612223015277,-0.0870373615475037,0.7751739293806843,0.637604281787631,0.2790478701651131,-1.0867741805319833,0.486058300900044,-0.17685709337860495,-0.0833488213013909,1.2733145717084422,0.12378552474912864,-0.6453265960273442,-1.3147314305338866,-0.07331718741447525,-1.3504041957994863,-0.8700634739870614,-1.6180272252467574,1.6294704015572916,0.8382954451527965,-2.055883581193093,-1.7790445115890277,-0.2286472265116141
3297,1.3523316519303086,1.5661585571252716,1.369960769498058,1.5321434554635038,0.9639141174933484,0.9382346905840286,0.8385359364968765,1.070493342659471,0.08444824032280233,1.6115553883717155,-1.516008630550069,0.3865727551983245,0.387584576814556,0.41446891929558255,-0.05708634646337726,1.8273461760416492,0.12460949981653884,1.044109299502729,0.14452799311359787,-0.0570863464633765,-0.09031556498355289,1.026319773409957,0.1296979055090556,0.6111018377577733,0.17691689247667958,-0.09031556498355206,0.9653499075581093,0.8457892066610362,-0.841316558425729,1.3374465236715365,1.5113414129305263,0.824382214375755,0.340515177869338,0.3049901444540937,0.3569252372325254,0.267297296643743,0.4819407196611693,0.19924477938264837,0.34788143850009845,0.46037666888854983,0.21585414309776996,0.485434880334452,0.45724332927901445,0.5682680097918822,0.8675134073351517,0.20195142218680176,0.2727193692882767,0.05474094036206827,0.2889242504007002,2.2359875895465406,-0.09208714705805493,0.14765518327262234,0.5561200447693735,0.3496198971161172,0.44595686972848686,1.3347783426316078,2.212378339778075,1.4964931782082918,1.31098424754738,-1.538354758706954,1.4804977113936375,1.321501860945483,0.3385713849116228,0.6020562660299833,0.5861169552809086,-0.6333231995206264,-0.590203368261196,-0.6082508547085196,-0.9698429018698401,-0.9897298878721068,-0.7226036731126474,-0.9125971253625378,0.5383656882409682,0.3138318758108506,0.7934129962157171,0.2050433823343004,0.7266237042629481,0.6152305811838904,-0.5702422652598452,0.5377510037207591,-0.12874144880129085,-0.07243445031643568,0.7671216766166962,0.25677319693642453,-0.37073019008875957,-1.60714307808755,0.5320120318560294,-1.2818993879659621,-0.86340902562732,-1.6199426054997499,1.5494323757579147,0.8345332929958008,-2.042610177672715,-1.7831816061127246,-0.21975955617073747
3298,1.5579175306294883,1.5498637763479437,1.5684170101505506,1.4644189774699725,0.9395457809824912,0.9159153037545826,0.6851725263470251,1.0730951286906842,0.5975485518010648,1.583731520178163,-1.6356799128707311,0.2263228531056944,0.20431448862086624,0.27866838926821247,0.11563211438204274,0.39690649879095774,0.18069451135618012,0.31522240226709214,0.15959981897651979,0.11563211438204256,-0.010108489327277264,0.3307578108411894,0.15813817700138952,0.21009298687346892,0.1763074906341565,-0.010108489327276612,1.1255571563137976,-0.07940604852851849,1.0914914209564979,-0.7048830010162094,-0.43924761321526345,0.38341099315700206,0.13075743329217726,0.0939246904290513,0.18513962001702342,0.1433534320793171,0.3680374007367261,0.06217034156533601,0.24642610060592224,0.36721762560618476,-1.5843087073086202,-1.332894054316848,-1.252102137171982,-1.20133056299372,-0.9947769871008807,-1.1593987488926074,-1.1085642798365565,-1.2001309645984128,-1.1427177395724322,-0.3817422914175482,0.1990183807052706,-0.0900542829184027,0.3710821437926551,0.221337590590991,0.41625711313119235,1.2742078295416448,-0.23074183836112908,1.4878792664430343,1.324848187221085,-1.572876306228551,1.4669471165047852,1.3102500610401282,0.1767233180293685,0.5046903870383327,0.582394599923002,0.31211352282211935,-0.8607545573429234,-0.8361763992948988,-0.41338714189083053,-0.764949104206879,-0.24945145645047223,-0.49706693969728355,0.9842845908111004,0.3912350306079738,-0.37101155144759485,0.5692729204867195,0.2546388148313734,0.24927628639172267,-0.1436513783765076,-0.7966458413040254,-0.5766341995109301,-0.5877495349118229,-0.1334627468738537,0.336178328289572,-0.280928591303826,-1.718787899276672,1.153377733414751,-1.2296302304114182,-0.8584731721917085,-1.5884628266957863,1.5143139282775975,0.8301073090719732,-2.028113305248785,-1.8046688994399918,-0.1894221638681053
3299,1.4660444108104476,1.4808612776810137,1.4813645914409077,1.5653866296476988,1.1266317976619018,0.9240498663140475,0.959054230940232,1.179442866165174,0.5263842030166059,1.6284976452184854,-1.4523327025050459,0.47344637109599613,0.48397299493096585,0.49126152371597703,0.4202987044530423,0.7025646512153739,0.3054332936193552,0.7065651570178225,0.21306524628092366,0.42029870445304196,0.15815595074065442,0.6962523243964797,0.23355928758846942,0.5652185722295794,0.19225212358472818,0.1581559507406543,-0.49925079949469386,-0.3789359110616358,-0.476959080899435,0.7241104476229724,-0.2699425803262624,0.7431316861311679,0.4799129271821059,0.3728265976701306,0.3942357039426343,0.3290339691178266,0.5128754868779922,0.1922491143659042,0.39013952600179064,0.49229009669031226,-1.4359217711377867,-1.2418736982296428,-1.1618621228016839,-1.1228816846157033,-0.9358533257500058,-1.1139131261270943,-1.05356899484165,-1.164239898897131,-1.1006186188509723,0.5622128612936186,0.4299764962041139,-0.030437037869006835,0.07983966199086039,0.22879494846030293,0.6130854981884217,1.3638668340925375,0.38423256191749916,1.4897165224596431,1.3505007313245592,-1.5654360388452129,1.4536244264643492,1.299144430754204,0.5030699684215306,0.6939644964752398,0.578429704665744,0.11493109557566385,-0.894989638759303,-0.9525394859131474,-0.586728504408822,-0.910394678752591,-0.24098823258444635,-0.4972938068383668,0.9893093807552481,0.5148668098134335,-0.23904522870007108,0.5633338594094177,0.34095575849124016,0.19266229357345654,0.1754827736417522,0.7535264300411021,-0.5192129843551898,-0.5139230575251484,0.0856028734403459,0.4412155507130468,0.13811213753577084,-1.7495846904218055,1.382662877825694,-1.1659464744357382,-0.8443984422206616,-1.5530880122926018,1.4748732884471363,0.8259796553298757,-2.0109563981397414,-1.817478964165664,-0.16824250750754297
3300,1.5798512735073198,1.4801605017312747,1.436431100391936,1.3988145198492,1.3109817019347152,1.1396374950347261,1.1924620888585526,1.3692599856983705,1.3338647014076537,1.4934297896846969,-1.626608659545231,0.022250424640928617,-0.04299037445704197,0.1124988570917591,0.0772326775391271,-0.8005840855792491,0.23274049660108093,-0.42244889106949707,0.22344732733193076,0.07723267753912717,0.0593685866084222,-0.41485712477078873,0.2037918502067755,-0.23207002808060923,0.19853050522138194,0.059368586608422654,-0.2636853576882257,-0.0013773441091771287,0.5999330364565783,-1.3519670381419184,0.12938775161891056,-0.1048432090635556,-0.07980093618424057,-0.10492926351288683,-0.011828638137470999,0.026057542741746164,0.2410707588697483,-0.09492329981346236,0.14607310740249607,0.2713039634444155,-0.9929142524868916,-1.1223875546282107,-1.0456360247291507,-1.028631785340588,-0.8551558660199827,-1.0428176274937413,-0.978984597289052,-1.1149715966309834,-1.041382708732729,-0.930963219273753,-0.08972026753768142,-0.023856028956054362,-0.24438123234773435,0.3241942742170631,0.5380526198162112,1.195955251966013,-0.23129364429637345,1.498371863455942,1.3480508437146355,-1.541787195727473,1.4405250727800532,1.2882057237985092,0.05188777059919586,0.4267547988582425,0.5738886155565853,-0.02634382866129731,-0.7126159074279886,-0.9683238256698269,-0.9011747896486926,-0.9021479605106673,0.006387984208656762,-0.386654671796163,0.7687222879849621,0.6835281417852465,0.24739697316607265,0.168044705372391,0.3180531582238184,0.07401431018787342,-0.661274749374012,-1.2037690739146574,-1.3380612945219137,-1.3220935161599086,0.2513686993966758,0.46862965402576334,0.34506595461494327,-1.5991031204075443,1.5068391396526755,-1.1502753766428349,-0.8293751913753997,-1.4805305750751583,1.4304625534242306,0.8212329346446,-1.9944216742952618,-1.793987800696162,-0.14317728575872113
3301,1.3843701228409584,1.3348098800821986,1.3362822008585662,1.3582627704395194,1.3735406230912817,1.2573364607752997,1.128464643001814,1.4396141784877539,1.2145423523344299,1.4853771557581263,-1.4785009633856125,-0.06264215858580499,-0.1405361895558352,0.04001195682422072,-0.1839461149866114,-0.6099367784304801,0.14814454221663448,-0.48887481089865387,0.2009607965645267,-0.18394611498661156,-0.05574308310880681,-0.4818495397311558,0.1577307124317617,-0.35464445257119426,0.1935363261550728,-0.0557430831088067,-0.5828831715285752,-0.809283877248013,-1.0165710158145105,-0.22251928872435767,-0.2667740897646282,-0.551137869936549,-0.21336749593004348,-0.1739967389710883,-0.12868205122811674,-0.038530833806433136,0.1600038907302645,-0.15938605785211463,0.0864490468119175,0.21441171025653627,-1.2907515884923568,-1.4545238963500018,-1.3992462598504876,-1.3828816646646491,-1.2181209487512112,-1.2989719419496666,-1.2154222555028908,-1.3532538026746446,-1.3119727544189739,-0.2384151277638045,0.5718952687922967,-0.03301882135498727,-0.11250068009397333,0.266830553127804,0.7687821411308331,1.43940938081235,-0.1821876309346483,1.49604718988351,1.3449846762456215,-1.4755449060821366,1.427626034412727,1.3836766164746837,-0.036440467954182036,0.20795385491684268,0.33415058546241766,-0.05155449448853053,-0.9006141082969489,-0.9654427447728665,-0.9593446217514692,-0.7581961365944136,-0.057475292619828526,-0.5267906815284259,0.9682528852839773,0.5291988540733021,0.3452463097827043,-0.1074331049754142,0.13873194600861735,0.28126998087387245,0.04496925594323481,0.947148643031125,-1.2204608597833897,-1.2015810018738675,0.28678980110290564,0.5061194385043235,0.5389823847948771,-1.5907876983964608,1.56692618819726,-1.1454144603596499,-0.7964360001576867,-1.3995546248351032,1.3881551255398372,0.816819588430898,-1.9772164133740473,-1.7691267955447343,-0.11792363319479252
3302,1.301871850584444,1.2228759900989354,1.2617765320481753,1.197893319531376,1.5811183779077287,1.3462719881285725,1.3423398125195412,1.5940788274493527,1.7200805976452325,1.4545259799304513,-1.2622962375588633,-0.47751148433590557,-0.6134953974019483,-0.31723261563261507,-0.6746940973913164,-1.1339596785999075,-0.05206049680843424,-1.1366553249371818,0.11615578693895237,-0.6746940973913161,-0.3182877031533358,-1.0859220897887418,0.034396179444261266,-0.9310195668258101,0.16252796220829335,-0.3182877031533351,-0.4437337399372178,-0.6462903597446156,-0.4571263575477436,-0.8040414212639528,-0.5969966241557549,-1.0601147255637302,-0.6418418441711905,-0.6175089684133104,-0.5030112918518816,-0.32597960890106326,-0.11223282168383197,-0.4148364578248817,-0.14749608242961684,-0.0020426156070843236,0.06686167713245511,-1.045353713409099,-1.0611546314652267,-1.0992294699588485,-0.9416504696133123,-1.0678173985155897,-0.9539826722767759,-1.172169027644811,-1.1024933229347564,-0.9177075300388347,-0.8604828849880609,-0.6616704948335113,-0.3617738275762536,0.05614769314337938,0.8177117286086844,1.2180200842168094,-0.7850895769152899,1.527090971382644,1.3111059540333048,-1.3808413949433513,1.4151844729031533,1.7729111896360756,-0.47928458481970293,-0.6499077270383609,-0.5335856362858709,-0.24547771684852288,-0.554124782592302,-0.961610658458312,-1.0245951789671528,-0.8137848319689227,0.2275260743537269,-0.27453137264928146,0.5613992452531805,0.8052321798207966,0.4553877784048514,-0.11000254346668091,0.21158985676004916,-0.01609130137505805,-0.5806795716834079,-0.23285456530486331,-1.7408838515458276,-1.7064135475861961,0.5083630481147406,0.4265100286702224,0.9476113422165894,-1.2273045114920167,1.5894071379764474,-1.1459049654409967,-0.7448908126695467,-1.279938096824639,1.3057715055877885,0.8114397223941178,-1.9491559577660718,-1.7297507031356576,-0.09785225941846715
3303,1.2342750936590008,1.1807619362553599,1.211272581010716,1.1669555346032043,1.5421192608245387,1.5531679786070662,1.3287402143112956,1.4698435470251927,1.308890893181652,1.5641233593123607,-0.8349864926886775,-0.5393158792043812,-0.68169205464499,-0.37168423122755345,-0.8714071842861111,-0.45660622220924163,-0.20612965927573107,-0.8685608610931489,0.005992102388542663,-0.8714071842861097,-0.5070714835027368,-0.7790164716745062,-0.07979249371927807,-0.8567986231376291,0.11291063098494356,-0.5070714835027366,-0.30741086633829806,-0.2567449686050584,-0.37632549437897006,-0.5337289016119635,-0.5174552280878498,-0.9203093075601695,-0.6810057355383868,-0.6672118538548522,-0.5744910445121134,-0.37786653008392407,-0.18275579971182185,-0.4544772761427211,-0.194215975100459,-0.04990183946223588,-0.3145361147300078,-1.0419535020301287,-1.1776896560530346,-1.2087731555340608,-1.0928129353953455,-1.1828181730993592,-1.0570350390324874,-1.2712884898231556,-1.220344099536706,-0.19324952306204762,-0.7794684682714356,-0.4079757407647823,-0.5044570072876956,-0.06212798996701077,0.811243632406077,1.1751264904534455,-0.7886883253366257,1.558024332299451,1.2738308926640767,-1.273650263492722,1.4029500577859506,1.7539380312323096,-0.5453775999643147,-0.6900696252229248,-0.5367274970677005,-0.2544252812628442,-0.20929314836482965,-0.4493028252913373,-0.8708980402854384,-1.0403518171558839,0.3262851880713315,-0.45377309552356604,0.1861973364165732,0.41692152817303285,0.8507672203428605,0.40486016765553584,0.9333000845455224,0.08972959956225597,0.044193738090969326,1.5799039681316296,-1.3296568875806107,-1.2941908810249012,0.5114816228572188,0.24319363425207297,0.8274648803767165,-1.0165862995452104,1.601574533141865,-1.1296737806093522,-0.6855381661160763,-1.1837781784666481,1.2220332322705973,0.8055880332072644,-1.9181889020073661,-1.7001955454226794,-0.07662628794950312
3304,1.0901335527630145,1.08062169512012,1.1498561242588712,1.1035111556277484,1.8781662459208515,1.4447865110504023,1.6141556121195066,1.694261450302659,2.3771608545185194,1.4263740610092315,-0.6837044136796839,-0.6905347159822293,-0.8524949080866424,-0.503030355513742,-0.9918703068167244,-0.2831321465225906,-0.35750853008844113,-0.8483265434733684,-0.12025097259100298,-0.991870306816723,-0.6762400310327494,-0.6990338179965095,-0.2029130329244534,-0.9177944836939133,0.04644681734844346,-0.6762400310327497,-0.3754210116341827,-0.588236024641391,-0.792031201182726,0.0794384412774397,-0.8624292612560859,-0.7757040724953294,-0.804026025396205,-0.7513848519263931,-0.6788164057042587,-0.4832282479378006,-0.3034328997857957,-0.5396324777247683,-0.2824787444712305,-0.13963695527862624,0.14967352661894312,-0.7683878122403149,-0.9023588839242488,-0.9935998612790299,-0.9321359904177551,-1.0439350148341175,-0.8964239799183772,-1.1621913899769736,-1.100662527636603,-0.3788082929617635,-1.1978508024744965,-0.548054690497552,-0.6929853215601308,-0.5190750627769087,0.7886235496198015,1.0884689918090564,0.39016279220339806,1.5841670479496994,1.23540311480489,-1.1498194487595021,1.390895112525493,1.7353717139850946,-0.7062834830154965,-0.783934732743254,-0.5398849158940839,-0.4409480363796994,-0.2087874925184764,-0.682060719225394,-0.6854989918091546,-1.1161702071708723,0.33326729719191395,-0.5168118671925307,0.15596645564385703,0.7217048941868575,0.25877476576721176,0.7464386933731809,0.8335130637928759,0.12613758165303027,-1.1665637638557742,-1.2458981898281332,-2.4131106084533056,-2.3625708494126534,0.7494521500381166,-0.010181714429085451,0.31132221752678274,-0.5047626390423736,1.5561814002905348,-1.1054504008992194,-0.6333253574023768,-1.0256664875260457,1.133917869456729,0.8000900431524658,-1.8865779469415158,-1.6300638416889206,-0.049758242360884886
3305,1.0146430345878141,1.0656655288441652,1.0981414282087205,1.0958517680980182,1.8566987533136323,1.9522608059037885,1.7028846090862442,1.9910680511093022,1.9727511943958684,1.5459210310530827,-0.6549652914228786,-0.6897847685507116,-0.8485563695153564,-0.5039525226796987,-0.9216526998967607,0.15928513549725487,-0.45434358183527734,-0.5391811546387097,-0.23835180575599751,-0.92165269989676,-0.7572495891936487,-0.33702601931195625,-0.3020873875969196,-0.7344245939862798,-0.028344460096799796,-0.7572495891936483,-0.3205857734255248,-0.10467461419778895,-0.43130513411161175,0.6083517701889436,-0.5190274754256268,-0.4966798354320956,-0.7225380984457409,-0.7072279176216776,-0.6490152882778232,-0.48695196916200456,-0.33559289472537823,-0.5374187331916581,-0.28687750476622276,-0.15688939392506474,0.010500292875341098,-0.6883930617950458,-0.822522525822691,-1.0551114849009202,-1.0178587311680327,-1.1032050526406298,-0.9646517901632526,-1.2083455797696128,-1.160468375689492,-0.06143923236926838,-0.812643832766312,-0.6274138810213005,-0.47384486089981565,-0.6053255014058138,0.7145697625688087,1.06627889863225,-0.7017728740549861,1.5960416639784762,1.2068717108866618,-1.0155807636613288,1.3778771342340639,1.7171962497039055,-0.7008992196369151,-0.7855159570311666,-0.5458117688686189,-0.5922484831299984,0.3297892900997004,-0.5662094245929633,-0.411297877483233,-0.7184347173281139,0.308156063511131,-0.6029565645029528,-0.45131089773872,1.0030094025382967,-0.04196757414484405,0.5183143243854559,0.42929146576724314,0.37424367299089567,-0.30283604639016437,1.6390302164680874,-2.01752205402643,-1.9571054438314712,0.8914256056051592,-0.6573283384771488,-0.26949256292666385,-0.018580355364688043,1.47958977583434,-1.0765707915936236,-0.5753718057505643,-0.8765550534617711,1.0421420563073334,0.7939326027007821,-1.8542916223902575,-1.5653627635046274,-0.025047780583620536
3306,1.13069733499184,1.063258849333919,1.103826011996417,1.105909836337043,1.7712454631367665,1.900213458085775,1.717305949981984,1.9610489184678175,1.7836681893411315,1.630615093890578,-0.538241441661826,-0.6247912282310748,-0.751745078231344,-0.45912767868251897,-0.7322181348584358,0.4387761707811486,-0.4986487545342787,-0.2443791924657475,-0.3327708838669755,-0.7322181348584351,-0.756102286463826,0.0016079196173116074,-0.37167078101902307,-0.511914764317714,-0.10343181796210617,-0.7561022864638264,0.015035729095672813,-0.0337566112165541,0.6148272292194188,-0.20132233759109272,-0.5966097947858758,-0.1720537395827598,-0.6797362364949334,-0.6067992926451341,-0.5938556023585682,-0.45533015683329064,-0.34091854188307286,-0.5010961505983225,-0.26443369847578585,-0.149364832012466,1.2885370795149131,0.6076232390822527,0.13292693815644777,-0.23831099771960285,-0.3430879995266017,-0.582298358805345,-0.3367140561994632,-0.7710811075281907,-0.6675172518847301,0.04143231688332011,-0.6869658360196962,-0.09188246013655149,-0.4127729864420073,-0.4336271552922003,0.773236284380771,1.0239536747141078,-0.3971199598599464,1.5645428128594698,1.2004881973368107,-0.896650178103707,1.3657642493504765,1.699396509519994,-0.6443402394311278,-0.7569266853439511,-0.5504431824149647,-0.7671166136900944,0.014382615761233291,-0.4518691334156224,-0.6522405716430796,-0.5660528419897346,0.21304200618772978,-0.6287231363116687,-0.13720000724518888,0.5998865099520948,0.49497978639365264,-0.0005411289576155053,0.3333010153273301,0.46293618919585827,-0.5859582799874152,1.2478417891626117,-1.8392974285005264,-1.7685335061382226,1.0440557290663857,-0.8285069240499847,-0.4533963493756529,0.21914184488739186,1.3605717913717714,-1.0419039313140208,-0.4953278395458327,-0.7473582360114318,0.9557428864468095,0.7876353804044799,-1.8217196084673581,-1.5165889339574534,0.0029419187178729585
3307,1.0594915857872116,0.995070825549458,1.0367659698538152,0.974034900555712,1.8448879726186043,1.7849951256593501,1.6461156488179216,2.0329836051230723,1.7903663554635634,1.5907477179426956,-0.43757240341753045,-0.9932823974811207,-1.1894275874361715,-0.7673729307080084,-0.8602960524375137,-0.3004819964566414,-0.6367314029978391,-0.7698184706728617,-0.444035758121345,-0.8602960524375132,-0.8672105403984511,-0.46600702884853007,-0.4929453431538621,-0.8930606068995212,-0.19003783506931277,-0.8672105403984508,-0.40858366272992885,-0.4070725155302459,-0.40094689759852453,-0.6638588651421526,-0.597157125663966,-0.6405634172219627,-0.9432093574991253,-0.8981114626647512,-0.8437542055266697,-0.6924616257833356,-0.5616632284359847,-0.689633325637768,-0.44643175353043624,-0.32905762208651557,0.04728468162574974,0.13438246138387766,-0.34524543014196635,-0.7452205293179948,-0.8014442524931867,-0.9368334905720969,-0.7425309133086829,-1.0605299536849324,-1.0077976234868493,-0.7684097539263878,-0.6192027382238262,-1.0231590834480992,-0.869298504663284,-0.6149430670907904,0.5238653104739028,0.9022180705598937,-0.5980670509868872,1.5120897295169589,1.1999769506071112,-0.7583793320508803,1.3375974302354245,1.6819581650617363,-0.9557261396272937,-0.9636495293662332,-0.5933681500916342,-0.9321022134734462,-0.22719870594531044,-0.8551927740946146,-0.7613857403405686,-0.7937802672680512,0.27651178296204526,-0.6634304921203098,0.0985016566469888,0.9308320088963836,0.16601346742444945,0.18986674885517163,0.279264636386523,0.40975604961675566,-0.865586664034419,0.9242327167659142,-1.8561512261964015,-1.7745397606911215,1.2157147347122015,-0.909654699178189,-0.6857797505100803,0.40702237854544565,1.2721160694320186,-0.9858756250778465,-0.4191221548962961,-0.6136880231830921,0.8679246030285441,0.7806378625398179,-1.7909440997454749,-1.455567288018959,0.024765408528420647
3308,1.0189179355822864,1.1216489117874053,1.1006647725899088,1.1382664058214478,1.7790081172512284,1.8327997826474276,1.6492263412210133,2.0020884437523385,1.6303862352760061,1.6606945641048816,-0.5075235613652369,-0.39413817834285353,-0.35889393870040615,-0.333507358317129,-0.37906792297097575,1.118680088368177,-0.5655945935900337,0.4013395360256386,-0.4936174695651919,-0.37906792297097575,-0.6973983146933993,0.7016365849805744,-0.49573677754700074,-0.014586543750507712,-0.26014815446654727,-0.6973983146933991,0.35384346190605076,0.703782921093388,-0.23790315299665182,0.8961161408252039,-0.03761384855330906,0.27068352196824186,-0.2793701279595009,-0.40002796450084077,-0.43579340342426187,-0.37795630794940843,-0.32274968642265317,-0.3965281228935805,-0.20014997922774,-0.11838578831096251,1.0495868065569498,1.2188504229737573,0.803457316495517,0.03244965793966713,-0.13950388204809575,-0.4279392904437814,-0.13194810936760837,-0.6425040292627975,-0.53717340084561,0.9239358191033142,-0.11545289627002679,-0.6232777861906121,-0.39198109773130646,-0.4973898128634576,0.494030275814061,1.1227395518602703,0.6447015219253157,1.4930938730740067,1.1905848124193161,-0.7480430893058125,1.3664234098177979,1.6648676344800237,-0.5640089135408052,-0.6810179599656635,-0.5059983771935797,-0.9396851943075479,-0.37883356586028527,0.0807127956846626,-0.1653074093851126,-0.556720588124376,-0.024475831705846596,-0.772744096412214,0.26173764356253976,-0.4082676097897472,0.3713422680799324,0.5939484558540102,0.7721670394593061,0.6277068859855159,-0.7583676448068205,1.2167001501759855,-1.6953150922186488,-1.6149525422729372,1.212960686141598,-1.0763550242362703,-0.7736053858946988,0.48461049936238276,1.1877309539097114,-0.9466880870163373,-0.35252005424278476,-0.4991628117679205,0.7946491667473433,0.7737236071962714,-1.7620265346759714,-1.3895197033536602,0.05655820368113902
3309,1.133124699272097,1.120185963206725,1.1712644780470287,1.1850530576258518,1.8790302590910504,1.8062440209462436,1.8320883454444725,2.0005583279106545,1.3868700316747986,1.7531784493328104,-0.4191828198054095,-0.22752536641448154,-0.14049639076467987,-0.20873536521686678,0.004564374376290527,0.8973361931383885,-0.4716699987242888,0.5336430605750634,-0.4940230863388618,0.00456437437629007,-0.4980462267584861,0.8293734667814193,-0.46939344567717456,0.20360712375586687,-0.31066063898779933,-0.4980462267584865,0.37855081212389763,-0.02767252081857251,0.5991703488059829,0.367646528128115,-0.7101035268160287,0.4257743323853229,0.00028548887076239386,-0.1797812876242112,-0.29604000503887756,-0.28731570611819857,-0.2712341075916902,-0.3064532830805933,-0.12913772769242207,-0.06553235532796232,0.3604941332748807,0.7218899598626394,0.7476892580479383,-0.18283569096781,-0.31464925630732066,-0.5738675849292577,-0.2740630012056519,-0.7597767129794435,-0.677980843964479,0.23477799936981722,0.1656980387310229,-0.7281242368829998,-0.3505875031815486,-0.5308192265146794,0.5230208029929194,1.4810853427011466,-0.23206522233175267,1.477816331156681,1.1804703679959208,-0.7433356413321934,1.3288827953445126,1.6482339059181002,-0.3340177008775868,-0.5974136305188535,-0.5737515472961054,-0.876825941980126,-0.7736746310124643,-0.34810446646755616,-0.6830370139921541,-0.7080329437451631,-0.10534395686185126,-0.5522466524967848,0.6990132269896338,-0.16700926133709734,0.6788442473349858,0.16393535978802504,0.6006944465569698,0.32193836738754517,-0.6373329732545652,1.4408041629569297,-1.446637667698377,-1.3693251749361195,1.173100722190382,-1.1100588052867169,-0.7434788568654959,0.5130567108484166,1.1285471429112464,-0.8766685475579609,-0.27222394885448503,-0.38527518088899737,0.7210969116535835,0.7656779340463574,-1.724146098664413,-1.3380652941602371,0.09653665599932468
3310,1.2132642448950723,1.2554149034816264,1.2934461677493567,1.2268016733013967,1.947968232828634,1.9490885921349312,1.7087821259347074,1.9585337511205845,1.6710045911691667,1.6364472602931228,-0.6116579981670404,-0.0754600290114256,0.05753892392499105,-0.0947232153576444,0.2833209233945767,0.6504667620252991,-0.36933252185794047,0.5807213166576678,-0.4587218067360964,0.28332092339457593,-0.2952279880478066,0.8445706496327849,-0.42308605122893134,0.3524612181857542,-0.34111764146698664,-0.2952279880478067,0.6904283995251973,0.7375164193822124,0.4016301549862788,0.07079095198219493,-0.6068550423686743,0.5018536882764416,0.19529468614610568,0.00042650404167032086,-0.1900444192107484,-0.22285152286959473,-0.2290174426241896,-0.23639815335920106,-0.06549735456723584,-0.019053720889622757,0.008408408127196345,0.5432414761788774,0.5644542277339946,-0.21927522931199778,-0.3497817795708194,-0.6009686325053787,-0.30333441102646513,-0.7842561620551496,-0.7113466887834505,0.20416670324579253,0.2885934337623633,-0.3750355354895348,-0.34888912802807376,-0.2791983599910353,0.5906733473807976,1.5130326087359802,0.8835454955649982,1.4637192537580774,1.166599851724317,-0.8467472102574174,1.3175161720223738,1.5881266607252391,-0.1900881654333962,-0.45385929453225254,-0.4847573681614202,-1.0128195022111153,-0.8840270006055247,-0.2913364700511209,-0.8272381805238574,-0.6763712505903665,-0.07541999257083493,-0.10508836110516973,0.7972524374347735,-0.3300996790461443,0.9856314772857201,-0.06324953409334133,0.6087392868493713,-0.16152798695472395,-1.1378561863641712,0.4183935960380917,-1.7395512173867964,-1.6538921215064626,1.3135467066389095,-1.012696801877922,-0.647869749959424,0.5380350514702357,1.0049262818200295,-0.7841118679380179,-0.17207992485805904,-0.27011957309821005,0.6487902690038713,0.758215743686913,-1.6935624000016463,-1.3128902265511615,0.0855794610325108
3311,1.1434645714179532,1.0815753684253235,1.0386910755211838,1.010920083809915,2.0525509886508275,2.0491699854233913,1.9556238237479546,2.131304868929421,1.3383703825207538,1.6882070091301142,-0.6784526717793266,-0.7571765967816605,-0.8012651105434152,-0.6437027812043293,-0.14706631419002122,-1.00223261298966,-0.4958458750312928,-0.6952075735486486,-0.47917357276312067,-0.14706631419002145,-0.39770098257390263,-0.42535921535769133,-0.49929083919598377,-0.5498317222409239,-0.38212805514080517,-0.3977009825739028,-1.5054362186002226,-1.006776857632795,-0.4056650812661538,-1.0376485247478378,0.20275280029846465,-0.5636720017629195,-0.42994938381769565,-0.5275521855063695,-0.6483518964921583,-0.6333413126455605,-0.5773270263504928,-0.5838084329249065,-0.378562484392538,-0.3167426679655229,1.9538893791389385,2.38655613889048,2.5435864313459704,1.5155669506949727,1.118493574763434,0.5612371343864944,1.1362317676503204,0.18590130913882805,0.36844576343339697,-1.24553535585455,-0.30723118378240666,-0.6931956776117405,-0.24715567342240868,-0.5116648323598377,0.10343412681792467,1.2812576904982624,-1.61417356122497,1.434478692391674,1.1425345755776926,-0.8046234109022093,1.3072212770789413,1.5728963174907202,-0.7987708026156886,-0.8101084130717233,-0.49095701533603975,-1.1424570359134223,-0.8341560314502695,-0.6804426976907134,-0.8513747376379022,-0.9757375238356744,0.01915057049681544,0.0054499748004835,0.7232060107295263,0.215022375584292,0.5378687303602352,0.33762592943258,0.6585125651187903,-0.4081231967137025,-0.8252392258917195,1.7138097013839915,-1.4144477140195533,-1.318587612402116,1.4550985609753326,-1.024216760097823,-0.6202932242357228,0.5582801746314425,0.8096196996710635,-0.7273318497294282,-0.11373423836693664,-0.17934778599627918,0.5735535648846568,0.7494379696426455,-1.660741216710697,-1.2665286196607122,0.0713086188474202
3312,1.437866599127922,1.4131668945414213,1.2405503993590579,1.180192991547762,1.55453854257705,2.0221536293947944,1.7683557185794518,1.5654093393825739,1.1909642450683653,1.673458881519115,-0.4053654114838037,-0.20022861944404988,-0.09766859650705065,-0.21578679335493142,0.11829964169325476,0.6179049236853892,-0.416827276824515,0.4472801789184034,-0.46543159434353315,0.11829964169325423,-0.24042308673017918,0.6537096255129781,-0.46482426518366543,0.26503489518574974,-0.4075849090105706,-0.24042308673017937,1.1488565382877352,1.835301601972418,1.5377921685622107,-1.941010228832559,1.4006947782019084,0.12137753887642638,0.15100486061948404,0.04469553798592706,-0.22717286324130156,-0.32192027991798156,-0.3294151794893899,-0.31065250646336773,-0.1311727195322823,-0.0984175977759917,2.2216818727837753,3.106109599710754,3.4045403976295696,2.7574006631924237,2.1832398548615104,1.5190376780376398,2.2927475555350143,0.9863478260470399,1.273067094635206,0.9339986934181564,0.4805914772009768,-0.10841598686782285,-0.5720419851826457,-0.544644767586657,0.312783618328013,1.346244147889806,1.114757016976266,1.4215142872560846,1.1335175711281646,-0.8663983097134655,1.341562540430008,1.557936339527398,-0.4118135749346348,-0.5184929337142541,-0.3917070724013166,-0.8924360602024618,-0.8555995834081267,-0.3826743611897966,-0.9324778512998013,-0.7262184463555578,-0.5181462166420526,-0.21059200194528035,0.7863648632086676,-0.18991293043153687,1.0471067616380798,-0.125513016789611,0.5960032894453098,-0.06785698658558817,-0.7137899711925645,1.1168504490587197,-1.2503226603404263,-1.1767885753811214,1.1277234352040137,-1.0056273232861666,-0.6196860749875216,0.5973061554726955,0.6758486164115959,-0.6783997873816456,-0.029859162424724063,-0.09181357845785289,0.5090908387476505,0.7419231002214018,-1.6208563236431774,-1.2442175674027927,0.0784587733005182
3313,1.193927985972028,1.2294859206790307,1.2479864971097108,1.281056733249894,1.426829950975355,1.491586970533836,1.3367752749737263,1.590283201501268,0.8630645531751273,1.716903486697451,-0.476477991970043,0.09692058138688173,0.25408832367321815,0.02377294148129121,0.46760239512154583,0.8134577430173685,-0.2732775594858555,0.8043992758903306,-0.4064717576183096,0.46760239512154494,-0.00981519514963953,0.9580486556371411,-0.3817257414430042,0.6227127215185747,-0.41002488179013086,-0.009815195149639789,0.0015501846845738813,-1.039033774437935,-1.2979529844358824,0.6151380548351781,-0.3933247265525563,0.4968883046982806,0.4463953566463646,0.365383279434525,0.0016195496771763058,-0.14827123958852986,-0.20239257697124002,-0.14993683793436285,0.008633871194978165,0.023891140842851346,-0.6850898340170803,0.009439147664188385,0.20347968140669756,0.20045358068429653,-0.06156914363525466,-0.2916764948521969,0.040909963072890125,-0.5398734628348898,-0.44504824763784445,0.5243267105159624,0.29293969489518423,0.1206295087096071,-0.3483409922433887,-0.20717563258278132,0.7253721645891367,1.774418330172599,0.3616774001703063,1.4108740425371553,1.1356038458815665,-0.9225635478583224,1.3310806754825428,1.5432376372002534,-0.10688770459131522,-0.3470429159325982,-0.3980934036912697,-0.8227209510272142,-0.6323434047545862,-0.8355404577048559,-0.6085527475941135,-0.6633424308466477,-0.37640283290058996,-0.16269246215914093,0.5558508946835143,0.5806454655893656,-0.052913017373609816,0.19150244733969143,0.13250084434216494,-0.09583679626819123,-0.5100565519948566,1.4421405187026233,-0.9177423149611458,-0.849039957849905,1.0382123823047689,-0.9040857601582114,-0.5299622424146477,0.7489153215998416,0.5454978538940389,-0.6103352431120529,0.10308873205503753,-0.04819062707875896,0.469811790081822,0.7339094643812327,-1.572984105909016,-1.2588875926720846,0.09890613066653314
3314,1.2117401832433354,1.1630658393879723,1.1938236055795663,1.1697314187739805,1.5848878581661232,1.2794194301778463,1.5865935872071462,1.5131030924136553,0.976198223485569,1.6813802517860081,-0.09684284207460174,-0.24908909741598878,-0.17606914430410095,-0.25692587920977494,0.2916933232535226,-0.410384801272276,-0.28246796099827626,-0.04193913947575132,-0.37028754942157427,0.2916933232535218,0.012067312762910917,0.09075751744483475,-0.3743001658225491,0.06786257623387851,-0.41043781555352327,0.012067312762910556,-0.3487066050661108,-0.4048733742797692,0.0576267939440216,-0.36864803830186177,-0.5040350055641201,-0.08366493248687393,0.03602631554546759,0.023107721952810932,-0.2351115231091348,-0.34889042719212127,-0.4047339597758084,-0.33536551771789225,-0.1605525435540974,-0.13785047915294163,-0.1482006966749517,0.5340012082541646,0.7672512085639178,0.8721481007355252,0.5698998586713291,0.22206048812883156,0.6293940343782086,-0.1251029056281531,0.014930336199477139,-0.6633566983870026,-0.12288926907465676,0.03091939385893169,-0.6597483429509079,-0.370611106237697,0.679485989653758,1.5503943418906028,-0.48536817610671124,1.4022973490600357,1.104845377112643,-0.9992799162082128,1.3207480904114883,1.5287915372137098,-0.4151677965737239,-0.5325432216715477,-0.40455479490166135,-0.9011584705107235,-0.7261521111428789,-0.8470603394032216,-0.8115832135489697,-1.0172506386870086,0.18114983406558424,0.3585972063702646,0.6449892330272817,0.5225134752846243,0.26538339509560893,0.4457464012778289,0.5713904662778112,-0.8182982172408712,-0.9145661049244465,0.5793329364967428,-1.0361535278078453,-0.9606046167823575,1.138086097133815,-0.7830630519507372,-0.3091429367052723,0.8373825767371262,0.25011581652373654,-0.5745282947917174,0.3163756235180372,-0.02028688602358937,0.37894606641509354,0.7256758683151728,-1.5190045944864317,-1.311699498424371,0.05949685118516263
3315,0.7948250109593551,0.931254215184613,0.7479161800198458,0.6718222120090656,-0.15362764478330598,1.502863939645622,1.2552525906609069,-0.18737671367873818,0.9340120217532821,1.6663945595768221,-0.011384610071911242,-1.460935805538324,-1.4901218814664423,-1.3568888238822343,-1.0076614420062062,-2.974330228383946,-0.7399585326078545,-2.459289911839969,-0.5048436573853152,-1.0076614420062056,-0.5395359825017472,-2.2622438594525835,-0.6344844680901598,-1.8574252267385505,-0.4671908097179603,-0.5395359825017475,-2.562171467602625,-1.3159184436574112,-2.204741370868913,-0.9962063165727293,1.6189654197432877,-2.136553692361107,-1.5218635813003965,-1.3862984641879392,-1.2896683967060452,-1.248645794554035,-1.1945740529546225,-1.1480037987249554,-0.8907501884499478,-0.8247190019386548,1.7285625151436832,2.643939201538702,3.0167050983084405,3.7575356723397983,3.120352640594847,2.4721207348255967,3.175479129236877,1.7461172637605225,2.0928569413912084,-2.790666662935229,-1.505090509571963,-0.8595720931432081,-1.1387826498730453,-1.0402078767431906,-0.154530961362595,1.2037839383353302,-2.8845436257690884,1.3106297852077695,1.1438217713384986,-0.9215704603009033,1.1984344564084037,1.5095570391890987,-1.536568175041983,-1.3701098484937821,-0.6684685507235795,-0.9465869662360387,-0.8915715633125975,-0.8929165916530222,-0.4845679326991764,-0.9147164008764984,0.18647355497930176,0.19734437212132577,0.8173924270941132,0.44982905111949884,-0.3304874602982922,0.7113049169328993,0.40207812689966976,-0.6007827831901053,-0.8349247412992877,0.062232537844538985,-0.9971201109309714,-0.9397099764297987,0.8712640280292063,-1.0568077239750842,-0.5951848729333727,0.6742423373233156,0.1741920379328552,-0.6589362298857872,0.43904698224653643,0.04035356701704003,0.3734522319825788,0.7135263522161297,-1.467149071544614,-1.4079217573433076,0.058358805852286345
3316,0.534373797767833,0.5436985492452348,0.44827830629093934,0.4238934697232508,-0.40034809517305614,-0.06984862694207128,-0.20319056452663248,-0.2994669003396068,1.260570774634217,1.5309817674239719,0.13058963917010305,-1.884080664799004,-1.8804445530513818,-1.7993674030136282,-1.9763715125828403,-2.22769961516413,-1.2451052885037759,-2.6608230004940614,-0.7707831861675687,-1.9763715125828385,-1.1301868769736114,-2.400977924063896,-0.968209378309294,-2.3436173665443554,-0.5851932053908467,-1.1301868769736119,-1.77538470792546,-2.179922846046343,-1.423599076579341,-0.9019399601927338,0.8347733874767957,-2.8063904992292663,-2.129342492263354,-1.9732164772144714,-1.7749723964385888,-1.6633416290885028,-1.572292823697481,-1.5358674401042942,-1.2491376709404785,-1.172276205977233,1.4921591161846732,2.379914425398115,2.6993858249473806,3.8108684733949993,3.3973016331434147,3.0656702627131827,3.487267143614395,2.116245798593794,2.518868727586644,-1.4461249509337113,-1.596717645383452,-1.3291269944427828,-1.434702798370511,-1.0035518418744545,-0.955331952116188,1.0790766280193438,-0.7929649920107517,1.1725774381075538,1.2141681391413692,-0.764525191133946,1.0418661806388076,1.34230219012577,-1.831714985166365,-1.5524903720627237,-0.6759299370987174,0.6221093238151685,0.6175722741861528,-0.1868771243757953,0.2328196159641983,0.08253630864600074,-0.6127539395982949,-0.18769979527273034,-0.5715698298509613,0.7415994977887839,-0.6168257552389462,0.174406006162953,-0.26426174097357774,0.24113735288100577,0.3420601918388417,-0.878876168798052,-1.2197673520349706,-1.2704286563912113,-0.6607254810222365,-1.0154281011055655,-0.7922148179328761,0.25338008480000757,-0.4337246405560252,-0.8451569079145885,0.339972850381644,0.014511328347960083,0.3900166867822814,0.6995192699622071,-1.4165984528994395,-1.4922511159896104,0.056946613488001084
3317,0.38118588602220455,0.2982803372006502,0.1461623619266188,0.045876306639498154,-0.36286331852227904,-0.3866180905807054,-0.5663729197745998,-0.314171203902259,1.2105012791904315,1.5536415769867737,-0.00839547614210163,-2.40032473699378,-2.3207664936603907,-2.383875631285419,-2.92822285412008,-2.2549934883362877,-1.8839301911092414,-3.303953335749873,-1.1722812181926587,-2.928222854120078,-1.8463256995896062,-2.9018273330393347,-1.4239120866755428,-3.1390883920499117,-0.779099050285804,-1.8463256995896065,-1.8532726962192616,-1.4187511864098872,-0.8909786099869801,-2.6291565356206847,1.5169435018883923,-3.577614692166468,-3.0753278948804263,-2.8534744095974367,-2.462967739300373,-2.296437659081288,-2.1440002067836246,-2.127669780053863,-1.7885487789612529,-1.6996478491611329,0.6540042295703415,1.2084278230955725,1.4985285832239998,2.681652304880036,2.3991276409439135,2.3444661256773003,2.5531980724387573,1.5232655457709758,1.900185257761791,-2.2063425584832737,-2.9439328907279636,-1.785384322210287,-1.7499741151305817,-1.93507767153103,-1.3612743471259807,1.1132402413376157,-2.468750226083874,0.9636307397692564,1.330328367398015,-0.5519299493430493,0.8871616948757944,1.1785355379945908,-2.502145079799036,-1.9599761317747575,-0.6837175089538442,0.7832833148850924,1.0608093020989928,0.5654745461138975,0.7509654458563914,0.07830453726052625,-0.13247916425602244,-0.38421204812498605,-1.0272923310966144,0.11929552452316679,-0.5222544382809838,0.8370526750577573,0.3818144275782906,0.4545391409992879,0.7792579845606054,-0.04269599332769843,-1.1592121778268998,-1.2196012519659503,-0.8070020982391354,-1.0095040200997791,-0.7572217222672715,-0.028965964352445982,-0.8441064462739226,-1.1023525607864124,0.22055613531919774,0.015294134348416552,0.48303422966572807,0.6797575500770779,-1.3608338070209045,-1.529201170266267,0.06539843897260196
3318,0.1428532753571845,0.042127044029521624,-0.002069137634820754,-0.08707875903448788,-0.34289914790901294,-0.2370131599086655,-0.40183177631832434,-0.37084078668554893,1.5983985815033313,1.544028449800119,0.1172405568988612,-2.556614918191548,-2.4444022417865674,-2.5746351787322306,-3.14521944522955,-0.6036107626095771,-2.3712120240200947,-2.4953481712750034,-1.6128054996694867,-3.1452194452295466,-2.3145992691816915,-1.9404313835338705,-1.8382582087072414,-2.8050735457348694,-1.0254976171617705,-2.3145992691816915,-0.9475263741278647,-1.5078423141473487,-1.3436537878263375,-1.8004513349375217,0.45610917451225036,-2.8704796143468725,-3.1055367866958212,-2.957758723296548,-2.5953898638675,-2.458556895795265,-2.330804780804566,-2.313910013833254,-1.9724318477728338,-1.89978747456934,-0.3226980461248658,0.37292865611335496,0.6303899990378102,1.5747943254712093,1.523400384115894,1.657362245552776,1.713704973146059,0.9339924322178638,1.2493089093194911,-0.7966895952839879,-3.4333496463155213,-2.307031222928978,-1.8966568548915959,-2.0241760457427995,-1.6450589124564694,1.2162929267729856,-0.7433226103200374,0.7769478701899624,1.4361373594766906,-0.3260005230679999,0.8130540779807843,1.0992706362013003,-2.652279333049482,-2.070682593563933,-0.6938185913601295,1.426329617594493,3.1236939997490536,1.3312816721744403,1.28207353824196,1.5916569917274037,0.4340002434930604,-0.3694582324636773,-3.165450432632656,0.8295452515113687,-0.4446974671914352,-0.6772224320315767,-0.8937527318266243,1.0749377146740013,1.0596826748303299,-0.9524263067484441,-1.5046550184904808,-1.6084828321436981,-1.4122320685293166,-1.052474616334035,-0.9522695187312563,-0.26482046892302347,-1.0761184431292674,-1.2637599691405184,0.026117692078933684,0.00995168684404693,0.5103242183471206,0.6570824714754201,-1.291151323454807,-1.6043878704563368,0.025167092913582944
3319,-0.06531859205467291,-0.11241803279356904,-0.10145666048144611,-0.15842629613462114,-0.28558050952187936,-0.38821341900385625,-0.35845851386437294,-0.48368191274915684,1.437263541432493,1.5776820867744987,0.2944578906065793,-2.630197784032762,-2.499092098030773,-2.67022299304418,-2.872944047771968,0.5532347015873454,-2.6931331756037378,-1.6523635121917284,-2.02241771174813,-2.872944047771967,-2.525507354529774,-0.9384473833401638,-2.179757061096859,-2.284271437357452,-1.2989783120060483,-2.5255073545297733,-0.6333126573725187,-0.9091031777089971,-1.166576481241827,-0.7332520268428392,-0.12019959882646364,-1.839287352887951,-2.8802241968071955,-2.8726720352147073,-2.5605880912481447,-2.4879748795486183,-2.410136061699414,-2.390323373922443,-2.059482947726589,-2.0138375695997834,-1.4598930531977485,-0.789873099478363,-0.604920283109593,0.005220048387724574,0.056033756843048475,0.20889512582635306,0.22070318794407973,-0.22280932574523563,-0.06072943981560182,-0.4237719198932629,-3.297782804948703,-2.4876974133709386,-1.910840284477859,-2.2204509302284356,-1.8523093284095622,1.1042900523137786,-0.5555683023592686,0.6094038472007817,1.4708754945817248,-0.09624110621917573,0.7640253901470504,1.046498788193957,-2.6773699392366157,-2.1107953887300144,-0.7054645074489936,1.2457974220039305,4.262516965062855,2.2189855889718713,1.5660756964398947,1.8310867761840735,0.8562151273361267,-0.2371844587407737,-4.4218668017095535,0.7375614350397339,0.18443166911690795,-0.6636414888413404,-0.4575412469297676,1.0299217550935096,1.2873361025553702,0.21539970570826897,-1.3551902949593808,-1.445886099583573,-1.229672930347648,-1.065636758193872,-1.0121368775307142,-0.32802784593198886,-1.1605995219577048,-1.3738134836330966,-0.20107701618273582,-0.004003166457391059,0.5635421054648784,0.6318115947364471,-1.2297232421704478,-1.665264934222085,-0.012259077056695145
3320,-0.2181811609590471,-0.2409222350798395,-0.17605175217404243,-0.24162930962165832,-0.31879741424570246,-0.2922923930094482,-0.3838119658667558,-0.26345850489194944,1.3014502007614122,1.5978692967700716,0.2913547870905282,-2.724262515419571,-2.570741971470318,-2.7915464376801316,-2.451863512280704,0.9583161606964979,-2.9171793004193645,-1.1401329277401497,-2.3762840054140586,-2.451863512280704,-2.5736350529423033,-0.2790305254141535,-2.4661446719234767,-1.8964866214670526,-1.5825803327191035,-2.5736350529423038,-0.4666619285094495,-0.7438150323651755,-0.8470348669466733,-0.18229157539795446,-0.6852320344382854,-1.2978298029608395,-2.6738311859989943,-2.7784775282426395,-2.5720083363757196,-2.554141032126475,-2.5196453542128374,-2.4918266122337926,-2.1708285291326064,-2.154542867977814,0.009610330881449948,0.29117915494435875,0.5515337403207412,1.4861891554581959,1.6156936784797573,1.8729477846890625,1.8464846405284654,1.1265061265362741,1.4714133077284415,-0.4841063741438671,-2.3454565864295,-2.6812690376623314,-2.021206481851478,-2.1402250166186536,-1.8425776801072695,1.3493904241897694,-0.5408070250701941,0.45313937208486216,1.489702216251471,0.13382217181267536,0.7284500180008178,1.0080120805396195,-2.7847510466155874,-2.202728071795235,-0.7177550914877625,0.9966613183994338,4.347545256026797,2.608015750027988,1.6253793761514281,2.1686768324387398,1.1662777501588117,-0.3289077068822738,-4.541429485994579,0.38981662211202767,0.5994616637404911,-1.0832448949105584,-0.5488270464899158,1.2718545554462999,1.040619939363109,0.1618274209013953,-1.2355380923318144,-1.3098342043013758,-0.9983144591674181,-1.085160574074491,-1.076774177234031,-0.32775417286071656,-1.2003467884528796,-1.4722533847241877,-0.36307893854625195,-0.01561397870837702,0.620173048020262,0.603419784712698,-1.1618539950331255,-1.7362581323429382,-0.04658832342006367
3321,-0.28368289857358014,-0.28183967761400425,-0.22434190850169128,-0.27615663277108804,-0.17234804172811594,-0.282858207079406,-0.41910448977783715,-0.22963023561209966,1.614444677565013,1.5465552643064662,0.27419640190204275,-2.765871674390136,-2.597848943915656,-2.8528394668848263,-1.9061384091238573,1.2886861552632485,-3.0358397205904106,-0.5705721168728056,-2.6550148791724317,-1.9061384091238571,-2.4638059739504268,0.3918097907762411,-2.681471228639816,-1.3986958943926613,-1.8588511236935006,-2.463805973950428,-0.29222937955532513,-0.2253249419992634,-0.35324590435628445,0.06730957404483433,-0.6035429225368051,-0.7073567429152179,-2.3673944395004867,-2.524939851047894,-2.481317441182497,-2.5348041787044133,-2.556633363792661,-2.5192469407036433,-2.220927680676334,-2.2362373816722294,-0.464239586052814,-0.3980208460702399,-0.23763674155253764,0.45462049939449006,0.6647675389217826,0.9209119522411661,0.8635481332063624,0.37831523348254903,0.6148585439521786,-0.18819677110059488,-1.8286697486619554,-2.3859722893563475,-2.093828355422171,-2.1349549281215117,-2.007740976925158,1.483125996116768,0.1465675854124769,0.32270202237931583,1.4626209087833812,0.36092114803825653,0.6606726912072532,0.9845392942025182,-2.6769594276646,-2.239444001645609,-0.847349933836754,0.7767561747885111,3.228117177157959,2.9517009886581964,1.7944050841298698,2.0667866773619954,1.1844247392362446,-0.04741202060664342,-3.362561734518742,-1.0508043127968136,0.7954412255992365,-0.7252410980720765,-0.10365674615078796,0.9229313137810821,0.5104909248715884,-0.7040171238173936,-1.5634903461707363,-1.6219306382816514,-0.7638599721715538,-1.0473669420058769,-1.0755992128759357,-0.3297592646455193,-1.221933732331121,-1.5185735823215536,-0.5182205323315724,-0.02339007800100935,0.686002769375931,0.5751438356447218,-1.0853429564782797,-1.785664835403474,-0.09696508569275641
3322,-0.21161740536840445,-0.09260913891479058,-0.17613938409394225,-0.12325115095864002,0.17744297826132882,-0.2177515967356492,0.03245870608860968,-0.11823004914538672,2.459179629568088,1.2732879823867624,0.3547139648941189,-2.201414094711062,-1.8818456375055703,-2.418763394644635,-0.982002885801688,2.1971941659581877,-2.9240937744922424,0.6009664882187744,-2.802581275035141,-0.9820028858016886,-2.0698956504378696,1.5855333746103302,-2.7423007836182185,-0.3644158696799508,-2.095587689245088,-2.069895650437872,0.303574179321821,1.0871849176426112,0.4001276232205092,0.6753564223303878,0.8734369885167546,0.2920740415217854,-1.4162349166839348,-1.7251330196243455,-1.9985328643515354,-2.1559697090762437,-2.2938093723477304,-2.2356280700982594,-1.9967830079023592,-2.0555362512269575,1.6084553970534798,1.185616885976839,1.1996189581656835,2.3162555005449246,2.80380984113409,3.3182789446161305,3.0964329998198297,2.381569680560635,2.8807695521064556,0.8875609460613761,-0.4660868558673167,-2.4033396592599012,-1.7140131639969143,-1.7740715033372585,-1.948064437124072,1.2360942387270248,2.459303131755169,0.23024683704817586,1.4206544238888859,0.460724639857256,0.6395259572247238,0.9772197263665875,-2.16749453914723,-1.974925354007131,-0.9010060898187371,0.533500015561064,2.2399180311891818,2.5691108284067865,1.9257749457948017,2.049088294615992,1.391465237535922,0.16656781424350925,-2.333892778924602,-1.4146669779431598,0.12280815546932587,-0.5617329089812266,-0.4134711915425913,0.6898649579905982,-0.08967964443199322,-1.5965811535724046,-2.425609802957615,-2.465019578506451,-0.4733164710208595,-0.6719270583397678,-1.1752421947779232,-0.6794887056658849,-1.2320289542502243,-1.5002249932603196,-0.6603995840309206,-0.0454627291015706,0.7853497653710194,0.5521266238471496,-1.0118045496411305,-1.8060053849177147,-0.12822593631901158
3323,0.030952596293103023,0.11961250553369226,0.062692647255,-0.029378808120237365,0.03558790415057758,0.2796879578737245,0.11792469618318506,-0.036746713751640465,2.0416081135705713,1.3282839337932897,0.6586159466834552,-1.8752803861113232,-1.4771403719336458,-2.167518638764654,-0.1478239129940641,1.9756512534141237,-2.7263920139844577,1.0571331228835048,-2.832069415784218,-0.14782391299406833,-1.5809658833518199,1.9999910909679934,-2.714831830514933,0.23962114867025203,-2.280837796969994,-1.5809658833518212,1.4287494011828954,1.1598255598103575,1.2788850551150823,-0.455775256587282,0.5594892300798905,0.7147983683940505,-0.6504181693159873,-1.1818054283027148,-1.6655814871398817,-1.9091396066496562,-2.1282448394382563,-2.063697609778557,-1.8675390512646548,-1.962578327011116,-0.8223937182242543,-0.7910757869774018,-0.6789677625208944,-0.15659159933431951,0.21090065743372094,0.46642680187337154,0.36092389852883827,0.05868093235141059,0.24512798755311746,0.5182197130375497,0.12526342342132063,-2.3954611746553693,-1.8261835538254458,-1.6361376210763254,-2.005541720916115,1.4312239591269877,0.3434742453171346,0.16248466835957373,1.3613807415860202,0.4443857938812719,0.5729202289995484,0.9699641042796391,-1.7192118753319043,-1.8199641549775118,-1.0692182517085747,0.46200328692998177,0.6518541308980903,2.5332760540828088,1.3889069219034007,1.4681491491204215,1.3364381894172372,-0.06816590320578052,-0.6330683065673278,-2.7128918917685696,0.9641366648299985,-0.40402577551488494,0.2910193595469286,0.6931736735487803,0.6943822432507357,0.7551617670769581,-2.012950986562662,-2.047684459259322,-0.4294070925528898,-0.39018597604506006,-1.2720872437699167,-0.801361420459236,-1.2421673426384885,-1.4653608662145183,-0.7731333909513233,-0.05031726676966591,0.8418972301621896,0.5296959811210492,-0.9420818373454145,-1.8142262567916068,-0.16523209339697353
3324,0.010389820770927673,0.03339163740005162,-0.015079203925137678,-0.07164126604161587,0.06866516673803143,0.029087341007599996,-0.009326461895152204,0.21058349644458105,2.047260362309996,1.282219859141787,0.4684646114108574,-1.9215579780314247,-1.5308504726741394,-2.220275446296736,0.26203201256409164,0.9730270962728617,-2.5848542736198876,0.7529408697933223,-2.8022718882966884,0.2620320125640901,-1.1855210245285654,1.6265631237239289,-2.682240884085344,0.26079405501419145,-2.423422282847164,-1.1855210245285641,-0.4698227799070839,-0.48520006945929517,-0.12252006017258403,-0.6030649541574825,0.4728174073261719,0.40413252324008425,-0.3372514015967564,-0.9672665247767069,-1.6178136525267754,-1.8933363095145874,-2.1629902918325463,-2.0952441643270148,-1.9199295337804392,-2.044931301834696,-1.2952541671519637,-1.1226211612325543,-0.9652577654680137,-0.6037747520264376,-0.2776430020689716,-0.020849312833408153,-0.13485938054275085,-0.3535462205027859,-0.22458322520504095,-0.24199575913657254,0.21157761129844702,-2.263079184949612,-1.9371408397920566,-1.6111337271581,-1.894417637865707,1.2368710760873876,0.03870751116800212,0.09342088255275038,1.3158273573036394,0.44967819697223554,0.4616157354182712,0.9627714800533528,-1.5120918766460154,-1.8841905758435664,-1.3495568424765754,0.29099742462263445,-0.2405107391490784,2.5158146739090013,1.4618861155999092,1.187997383828151,1.3984603846636592,0.1353370866491692,0.3015316713640414,-3.4119812310533497,0.877870520289972,0.07426527156908629,0.6524269711768491,0.36242913174656205,0.2707028498199137,0.025363575705607187,-2.0302280430645827,-2.05286867880676,-0.26211128103505305,-0.09181203678584075,-1.413106001007142,-0.9452796998864242,-1.2464934461783446,-1.4181161788585768,-0.8137335625440788,-0.03870222845346847,0.8406003473529392,0.5080680172007819,-0.8897043089358482,-1.8145862057962363,-0.17834717505261044
3325,-0.16419582796043328,-0.011127204362977965,-0.06159110472599003,0.06961250768639334,0.11523362820434498,0.04174791860119211,-0.029487406593962297,0.06848699805956965,1.5799034032129935,1.4548755611127455,0.3972015437825775,-1.4526980446214885,-0.958130134633732,-1.8437475099504659,0.796497253012963,1.271736788492707,-2.3326013931965113,1.3016468828403898,-2.6934071909407975,0.7964972530129591,-0.6935334422183894,2.0426770667778436,-2.556686079764262,0.8636499045391367,-2.5109238557604856,-0.693533442218391,-0.2798202332435747,-0.25309249316598187,-0.8872249854267396,1.67541791257617,0.48969314296780614,0.7800254242011391,0.335905371805877,-0.2333384651616495,-1.1963007577649885,-1.5561671521532199,-1.9262991805853245,-1.8377988476012308,-1.7206961594059142,-1.8744129020103155,-1.2229470535648255,-1.1399699623558415,-1.0850690643548015,-0.7637869854938746,-0.416943620858739,-0.18666626523332192,-0.30609487366132715,-0.4717407735309367,-0.381936538915246,0.752802620166357,0.7734667192309408,-1.187709505150589,-1.8046809588688848,-1.446420485978319,-1.4971903747506137,1.0886365676126346,-0.034542098063064984,0.04683747019054783,1.2592860788509328,0.46519141253167207,0.39037194818842386,0.9556409524691201,-0.9313832613072514,-1.6433995588962718,-1.5318907275490918,0.08060706325873991,-0.6107151054215141,2.3180586294024295,1.6399997492350304,1.1186780651128871,1.257814554649503,-0.04532819416584649,0.6690470318992806,-3.4368804736474523,0.3630414305162126,0.3940494403706881,0.5918412287199463,0.5216175557246867,0.3983367135084625,0.9544951138772642,-1.5761811692716932,-1.5834637274596957,-0.05570349442703873,0.011592289030577897,-1.4236715295366238,-0.9006727084656746,-1.2441858852262142,-1.4459432662180942,-0.8458318581559287,-0.07162446480309761,0.692768304321251,0.48623595118977603,-0.8530075978572867,-1.8059513063862913,-0.17008776224289646
3326,0.1641160736479027,0.0897599233632977,-0.08267312397177869,-0.06531036026683994,-0.7088188996113463,0.10257144996263129,-0.1298760716459288,-0.5811966735360088,0.30240542690103406,1.820763486059376,0.9339684206836955,-1.6691521713308575,-1.2358053166028053,-2.0433850777034412,0.7690235968264756,-0.06878275498296536,-2.2356490450054554,0.496123282894529,-2.586183049745662,0.7690235968264728,-0.423666205886271,1.1232542238586047,-2.491252975036556,0.4461624781685995,-2.5670532201968443,-0.4236662058862753,-0.1281475645493572,0.5153931583942987,1.6265384155747198,-1.5934656352774343,1.6527599464977927,-0.10912534117460777,0.08899121993538353,-0.27562500298992104,-1.3348665702127582,-1.7110467286493403,-2.100451395875373,-2.007349709416592,-1.9024841288827155,-2.0762356371197184,0.2408316881632763,0.007690218821846908,-0.18021563135458946,0.25979059209328675,0.8431924624767351,1.190946305074515,0.9427018687201779,0.6987549456072147,0.9003417399880447,-0.7280605921258729,0.5313615404588796,-0.9534436039666297,-1.6717654286124808,-1.6107369880303086,-1.592977236247116,1.1096079560508183,-2.5879292902246656,-0.008786076505122966,1.2076814398993077,0.4212985050186753,0.3486279567655928,0.9485716671806849,-1.153826952613522,-1.8519694201465742,-1.6431304457837312,-0.006270272836777313,-0.2050157442070455,0.8128520842460534,1.4725950474092298,0.8461558122645741,0.7315432920134075,-0.23346013133951735,0.2195914742443598,-1.1948696201562998,-1.2976301423927659,0.5854569514152369,-0.3544913435376368,0.599597549704543,0.9403030752022254,2.2519480901881925,-0.30308872295003714,-0.31170419874797944,-0.11918853220640972,-0.04825967978235805,-1.348764412605777,-0.7150094544991121,-1.1948894826507936,-1.5308741703786461,-0.8843452968657014,0.008556575911709103,0.6245230720023097,0.4570105221799911,-0.7982199239278787,-1.8008776164820122,-0.18053487316642897
3327,0.02631352189636992,-0.07722459823356759,-0.06271694533516782,-0.16797451777910014,-0.8010018751482982,-0.7145369750131274,-0.811006217639597,-1.0992359039184558,-0.021495812924207817,1.9222844810779534,0.6102591222673421,-1.8105747741168559,-1.4172472064632846,-2.1738620857286555,0.573696199747615,-0.46926386227934624,-2.207008550977015,0.12380405459104542,-2.503744785847409,0.5736961997476142,-0.2726594854156065,0.6319444453585115,-2.454529776026868,0.22695027385662817,-2.6039256609155417,-0.27265948541560603,0.10494727221739578,-0.8752370001991142,-0.6833256721871439,-1.3326645660472314,-0.14182855688539772,-0.5605702611991967,-0.15407241755183085,-0.3326853977475038,-1.4025801185258526,-1.7683887365026079,-2.2186200684840633,-2.115620117387517,-2.029360322730078,-2.225654331791715,0.24208452722101534,-0.3353733331595045,-0.49388227374099947,-0.24629855653603247,0.298108188539872,0.6033925262087347,0.37771633157372875,0.2070414042396769,0.35024610224430675,-0.5433523078611899,-0.11194580204384424,-0.4105090015948119,-2.015233820104534,-1.5609901901600618,-1.4462190177393082,0.8882421074081405,-1.0425098710519105,-0.06788798124831719,1.1516544565869742,0.37925232548245486,0.34148459760917627,0.9415628170579051,-1.3735633974907668,-1.9967878650699464,-1.6707552841043687,-0.10251914860634007,-0.35638930523202367,0.1858329860206312,1.2521123214622873,1.0839891391610277,0.7674416986313886,-0.22891167375124102,0.3682094149084565,-0.5257981480922531,-1.7432341317489093,-0.006254791904053558,-1.1878774505611298,0.6942786798953622,0.21616731132816422,0.4635379613214627,0.015131839978874939,0.01210210945248964,-0.04606866204540047,-0.2572690778932519,-1.3455109173306177,-0.4882714839647397,-1.1275348878417513,-1.7019144599234655,-0.91516234973167,0.13070934197743517,0.5691119696440313,0.42328571470523574,-0.7592296056695266,-1.788952689713194,-0.17762298799142573
3328,-0.13025212085727858,-0.24979948679599065,-0.16452774868209752,-0.2214248472932554,-0.989400158325561,-0.943192529224137,-0.849224070752827,-0.8869619200278109,-0.10068802064918729,1.967482058287255,0.47885895202291207,-1.8646322918858713,-1.4897527346398722,-2.2245355193075698,0.42768567054846224,-0.34893431298459904,-2.182835356321092,0.09201661352396966,-2.439535165602149,0.4276856705484606,-0.15610912145341885,0.48810298296698545,-2.417648472161512,0.21281914155030596,-2.6249709682005045,-0.1561091214534198,-0.5659654697066429,-0.8837799555516218,-0.7557562103131226,-0.6181431687666059,-0.7932475251830062,-0.6201334595349904,-0.2705225297104117,-0.3036181576156221,-1.3415608763715083,-1.7406890125015924,-2.2561732353527653,-2.143380002596818,-2.08574941591932,-2.3104734780239564,0.8941452859372686,0.26193719105682306,0.11175213390337717,0.20727504122823961,0.8465079676257259,1.2723385898461628,0.9753407546220485,0.7961920335668978,0.9954141293992887,-0.2745474047328702,-0.46381852080736424,-0.2392476391686971,-2.183441607010697,-1.8120899536689608,-1.705295475965642,0.9282821067653801,-0.4790056531272801,-0.12305891003929481,1.0852965469868094,0.3711129300719862,0.33425764046441164,0.9346136426795244,-1.4606804915615768,-2.06158663571404,-1.6990600845309498,-0.24118171656044415,-0.7174996983084279,-0.5432937176206483,1.73953169480088,1.020846143904127,0.5784909146060887,-0.46478721527616584,0.7362168395203025,0.0998776494481269,-3.4034415422545328,0.6846574447391588,-1.7434168221091388,0.9061717137393831,-0.1349404904896335,-0.23192283672726244,0.0858628272603234,0.08929129142395344,0.049358977751009274,-0.4533611683261318,-1.3270458414336566,-0.29005717856401375,-1.0219387112731135,-1.7975356571641212,-0.9425146635917222,0.2264020768675581,0.548818088554082,0.3867873192423802,-0.7271173546732319,-1.7755404907738426,-0.1688231087735526
3329,-0.2578706128223186,-0.3199211131467544,-0.3309921779306947,-0.3576283762195938,-0.5415237314819097,-0.9189159526074289,-0.8102327627186632,-0.7140466834065634,-0.0912331335869307,1.97122122863549,0.49442754648964093,-2.0451375456950136,-1.7170583424604964,-2.3920982974199303,0.17144170567672176,-0.6061178359173114,-2.220607140404071,-0.2381201778611959,-2.4095458247122483,0.17144170567671924,-0.13744063845576376,0.0786758736184323,-2.41634147842777,-0.04242381425101218,-2.6410304351451677,-0.13744063845576404,-0.8992093694675504,-0.3454211857609147,-0.6027426198717296,-0.6596289487615988,0.11655215880736564,-0.9724778943429759,-0.6117723813468086,-0.5659309796081742,-1.420323729235101,-1.8305342602296668,-2.4053444187922333,-2.2816917177939837,-2.2530955548798763,-2.4990444845725017,0.5380905752820213,0.18532340586882168,0.2087432824032311,0.16173455751562932,0.7873904125996875,1.265513398337531,0.9749940348357667,0.8771650574248991,1.0571593531275416,-0.6843305609559064,-0.6577470144678064,-0.31682079848343403,-2.1720919257860554,-1.9914156959932323,-1.7878913380213524,0.9011683528962355,-0.7019575280678674,-0.18934622665118336,1.0338369469656499,0.4145514775175909,0.3269390536946939,0.9277234329840583,-1.7391118416838214,-2.2488281348946226,-1.7285267269838456,-0.41970783686785273,-0.6562169871594965,-0.8234763366399191,2.067300720007373,1.4247963908893355,0.880239686192849,-0.4530657159471356,0.6449761367332599,0.5059923918214534,-4.1566373301404,0.5419168976123271,-2.4873660352485,1.0652909161929736,-0.39032536983785016,-0.25523319325936267,0.0654368555442013,0.0851048391747319,0.2965901544573928,-0.5975233674697653,-1.312184440888208,-0.24522210782494086,-0.9261082335302249,-1.892064519737803,-0.9629857786728618,0.274089603772921,0.5996251931910562,0.34492491175263035,-0.6766538527915342,-1.7612843785578773,-0.1686808243974744
3330,-0.30200471090733244,-0.43123177111961924,-0.47284226058044315,-0.585383320951429,-0.698798051994495,-0.544917732226486,-0.670403962336131,-0.5902394464764718,-0.17050972072231552,1.913674174830842,0.9883644301261362,-2.3214436012205772,-2.040363754733748,-2.6569673446423567,-0.25460765236645655,-1.0014353796006967,-2.354586869469583,-0.7676881461646377,-2.4363862751885916,-0.2546076523664567,-0.25593237222935405,-0.4930071476024898,-2.4774229259403207,-0.4984182657339851,-2.666796134988793,-0.2559323722293543,-0.7404411930951518,-0.5364509514607779,-0.19641972612246697,-1.8491751938199381,0.40382989744556214,-1.381394725928,-1.168161935222762,-1.0446785713739104,-1.638706880083988,-2.0533639584064134,-2.6614548120927206,-2.536900888038637,-2.5176474046871737,-2.788776377630533,-0.05324290555994831,0.025978339964856594,0.02976316176044378,-0.08926273934330886,0.47988345541553507,0.9685106380256735,0.7036311549598003,0.667476684486324,0.8013093780913492,-1.1236121136468773,-1.4636313014224749,-0.5145334068921689,-1.7528111424454287,-2.241832872313692,-1.9206428461747627,0.6583315081396244,-0.8857808429387594,-0.2604883949698752,0.9512344068620735,0.49395245517793007,0.27075869493619953,0.8757493450097559,-2.0974036198360033,-2.484944223370518,-1.7552981813424247,-0.4979135036988246,-0.44275850984969395,-0.823430644785502,2.100307472886341,1.7542446184609504,1.0175512465748673,-0.4716850666540685,0.4048975552270782,0.6814179378508324,-4.117833994972022,0.12851066187952703,-2.8779148808793455,1.2310048604705326,-0.3739711931124488,-0.08863641062968913,0.14007031394204253,0.16275762294942167,0.341246628345197,-0.7323772939520097,-1.2922238506178365,-0.17869081565562217,-0.801486000290986,-1.9884175110934137,-0.9936831031438552,0.32513260778028924,0.6298224121314732,0.2994790408547006,-0.6292966344365664,-1.744806799950723,-0.15214345475310495
3331,-0.6036453274903903,-0.593412475499045,-0.5120573571590803,-0.49399415058686874,-0.560987912683094,-0.6870424111083959,-0.8004831048777605,-0.5482983692283011,-0.37816064188166726,1.9053849335809103,1.0704239152147033,-1.9509893467582362,-1.5611747625600458,-2.3672101614339573,-0.10998967909124714,0.3400486122772196,-2.317120607012866,0.12456655099278298,-2.4402127989895437,-0.10998967909124747,-0.17552913672332643,0.33617232765498617,-2.44939039381452,0.10089444572609998,-2.680182594774405,-0.1755291367233281,-0.1711950404540539,-0.7659754363001651,-1.3625144914832477,0.7597186004437344,-0.7079789871893868,-0.5456170597677272,-0.8250302021246523,-0.7122007227298992,-1.2736911121360648,-1.7713182039044983,-2.475735542209496,-2.3340000601519666,-2.370906838154055,-2.667757392700376,-0.9758663577369047,-0.7974969755769895,-0.7951043568540659,-0.8116567211065278,-0.44782171685201577,-0.059890169844636625,-0.23498786467884752,-0.24841434581299623,-0.17086926396738925,0.5025373584786237,-0.9348976431524422,-0.3001937718248771,-1.281133535882894,-1.8823241489153277,-1.902643567788049,0.7934511764435551,0.6105354092274725,-0.29903793017721775,0.8333310976625893,0.5744021138401031,0.2539847848023574,0.8611146178091548,-1.7982037178683554,-2.304518560610514,-1.7801948404149084,-0.38561932083052763,0.6574665883468989,-0.6211965522729881,1.498204006819977,2.1966104695818434,1.2026349549063264,-0.718342927422511,-0.7614677213846951,1.3262663455936003,-2.9362537468055634,-1.262338096180724,-3.2126042805212016,1.6767898303210051,-0.133609876067929,0.3413389291934571,0.35498701436186314,0.3726914223882156,0.26044644777525566,-0.8702026796882744,-1.2473300643172984,-0.1069686443867496,-0.6986479622939741,-2.0414001782334474,-1.018562526246631,0.3440741143028603,0.6835214516755673,0.2546545505907532,-0.5776969424296292,-1.7249730408776316,-0.14324426555105313
3332,-0.5649104631369513,-0.677900970600952,-0.6289488948331319,-0.6390108451327479,-0.38567850338171733,-0.5662922783674172,-0.546563408435119,-0.4016028465337053,-0.29069333191568364,1.798369939505285,0.9405125245224338,-2.1083779865418446,-1.7635297056327044,-2.5042717114495168,-0.16806348051407685,-0.135265341589565,-2.3351660034701522,-0.19682279914643552,-2.4479759480499608,-0.16806348051407713,-0.17644192951015608,-0.001423801525080547,-2.4488611806732985,-0.12196210785039635,-2.689336568623495,-0.17644192951016055,-0.588437767991008,-0.3834110987231498,0.21353625305076898,-0.44979034741884316,-0.4068174886524139,-0.7571485497500796,-1.0758206218183461,-0.9925067953989638,-1.327656203775107,-1.8615671101213895,-2.5931234177253297,-2.4479758816529262,-2.50814032434292,-2.8234980959459737,0.07139552903370364,0.29045084644572733,0.06021226910191919,-0.07682456303544904,0.34032870452586067,0.8898057527870834,0.6192900404090136,0.638002387214075,0.8027036510271781,-0.6916691886684603,-0.9947138346330298,-0.7871299169743884,-0.8900677213690462,-2.1881180357694707,-1.9732861624193139,0.29792279460711774,-0.18694201339172656,-0.3275009831609592,0.6857137919995788,0.6783797107151117,0.19956088618399506,0.812813913747323,-1.9585348665605806,-2.4034491722431297,-1.8020528461078782,-0.513219601551013,0.2907282715088596,-0.786550139981255,0.7322794853574656,1.6555753536510531,1.1981983028650176,-0.619042690444208,-0.3856632315737143,1.2357782751853574,-1.9816714607144388,-1.4513984891747718,-2.6610102430447706,1.3490258706647713,-0.5643756252363001,-0.4113465389205207,0.2595937017834821,0.28702889932076675,0.41181500525799697,-0.9011339218233149,-1.185114452799576,-0.1501353648898492,-0.5582846865282877,-2.0798205847304017,-1.0389136609282486,0.33707605689867165,0.7622983871898874,0.2091466005561395,-0.5620842071198233,-1.7099529928526513,-0.12232647446529869
3333,-0.8472551731699167,-0.9040005153232052,-1.1482233003988562,-1.188493145653382,-0.03509006912533654,-0.3392736912091556,0.08689435062612166,-0.3224429107492714,0.260196293764684,1.5834471839291617,0.9837687129866738,-2.6579799354613196,-2.356393856868658,-3.0513837706138136,-1.010029667777447,-1.9543325375154976,-2.6479920036021385,-1.864791262034332,-2.5630074429625007,-1.0100296677774507,-0.5650610127223669,-1.6095314746821103,-2.625982596756576,-1.4541521786089444,-2.7346505079640884,-0.565061012722367,-2.682960042441275,-1.0834854698387901,-1.2498613458804393,-2.1830153521815148,2.2793986314452903,-2.3487118578896586,-2.27635864011214,-2.1909293676284736,-2.070412075164036,-2.528921524775925,-3.1963815795263564,-3.065875707880225,-3.1040333336810373,-3.4308892101572988,2.0934135857465446,2.169139246718549,1.8459446673489979,1.5551691059183397,2.215459405326734,3.2104840727148023,2.7523890299529787,2.8437989457893873,3.2265573914776393,-2.6656083329688007,-2.015568782520183,-1.7523274198078982,-1.3368584820156928,-2.755896059561194,-2.3962559705059254,-0.3186386635091095,-1.7584989331641812,-0.434774874387675,0.6022002475805109,0.8949616250032472,-0.04351966678253018,0.59626910231938,-2.5898142065873437,-2.7963263800532627,-1.8263582015537057,-0.5777938022102209,0.23775862040199694,-0.24438467011927534,0.06776673624870712,2.1139622357964414,1.289053710218598,-0.885202127979391,-0.3376041919387817,0.5053699437073829,-0.3820601073044779,-2.911081082279604,-2.749544336633476,1.8312263446134625,-1.1183660943566813,-1.5606410712467123,-0.2959365039617004,-0.26142816944481145,0.5352931783220193,-0.8846713746006124,-1.166169515842837,-0.14692934316174844,-0.3689870790085833,-2.067052507685578,-1.0507529878091832,0.3103968888061195,0.8441035492805871,0.15329488970753208,-0.5391282377790175,-1.6953803909360494,-0.1344533677173303
3334,-1.233341997199739,-1.325097656586314,-1.2104491077218378,-1.2326068107942645,-0.11818823091754523,-0.01388481976675755,0.007072108777261058,-0.054932738678966794,0.08939310361975407,1.6335543351602808,0.9291660089438545,-2.6338704347544355,-2.3447840280056673,-3.0113697502023364,-1.174368483812269,-0.36206763273380044,-2.792774606470599,-1.0275373540465933,-2.688859206284699,-1.1743684838122708,-0.7534539832405672,-0.7613107631844747,-2.7314860633001903,-1.0248873335374378,-2.792130729626259,-0.7534539832405701,-0.28092963252165387,-2.0299115366304603,-1.726262367729089,0.05798277663646458,-0.9601550005620588,-1.7586494791922547,-2.05458180483739,-2.050286530682006,-1.8789700700577658,-2.4222318682417288,-3.1253951058915503,-2.977819352874901,-3.069168606554756,-3.402066356061963,0.4085558658534817,0.6057247252675834,0.7333468096136093,0.3901522025618377,0.8496814793367299,1.6341398102556424,1.3336831457630254,1.41877004063234,1.6841838522214214,-0.17044608180487683,-1.8036983360643428,-1.728969916578342,-1.2725817001393518,-2.62583245362262,-2.394183187285948,-0.39475958535529454,-0.39409274254566123,-0.49412556630520654,0.43857091970599926,1.1027955104800058,-0.07624009276666534,0.5713540149989265,-2.560344769938729,-2.75479392579464,-1.829473104346765,0.8019949378890227,1.6162309651817683,1.2717515130132255,0.6164194560832147,3.100354690205437,1.8649788159618628,-0.2798235389111797,-1.6251607782125082,-0.2809081139626562,0.5565243175766131,-3.645763031204472,-2.7663748254779015,1.7295485026649133,0.9247276839188424,0.40982300338984556,-0.0408205489307165,-0.09107562346846704,-0.7728309676265154,-0.9052404870165087,-1.079462554130691,-0.12243691896313542,-0.19648783360237856,-2.0630784635385995,-1.0580386998102644,0.2751900771344111,0.8877185299290228,0.0931384114908612,-0.5290839900557417,-1.682788119204052,-0.14227293923933537
3335,-1.270796783724797,-1.2725881364423821,-1.1996654970855298,-1.2042299779465944,-0.11212829436525079,0.004058392743651766,-0.2376879821216771,0.0483990982898978,0.3192269663848702,1.6841641828026808,0.7919310808566734,-2.451151508832307,-2.130480901079343,-2.845394427832122,-0.8888678744757047,0.6705834665275923,-2.7866140710201983,-0.2093255558305919,-2.7675335950482984,-0.8888678744757064,-0.7412909571034029,0.07303425181281936,-2.7540206801480127,-0.4590106680096233,-2.8400897148632804,-0.7412909571034036,0.12028484722993737,0.32612698379660376,-0.12799229758429295,0.5055892047388248,-0.5786169308696609,-1.0617281105718468,-1.5910367244418118,-1.7053162418552237,-1.6121278309882336,-2.2133923286903627,-2.9690173288745454,-2.8011290859127924,-2.9552189065073473,-3.293603631451318,-0.8505336720170781,-0.5721163393839727,-0.40693397438791584,-0.5153904972448344,-0.270371583309188,0.29802273614019537,0.11320200977916361,0.1878416105604808,0.3231431115777051,0.20287969667519418,-1.2437940407406598,-1.8771927065800045,-1.1099236814778868,-2.0295146709624747,-2.41201048658457,-0.3089847428936034,0.00016691933178055785,-0.4823759687648167,0.18044320746362127,1.2459224992419131,-0.1309261605395511,0.5652909034135671,-2.3309608166462583,-2.643491135475213,-1.933632035731293,0.5522329721661016,1.6909268014271324,1.4221453856698845,0.607204906047289,2.9790888810089498,1.93948218056508,-0.12597942941715812,-1.7390671090505112,-0.4105292422044603,0.7428544268409576,-3.5017912589329225,-2.5540780331008213,1.56911008648849,0.3006903079275734,-0.6239862876136311,-0.28646480739462216,-0.3215574617260146,-0.5376067138596948,-1.0317318135547862,-0.8285096522958205,0.05767107727250511,0.04877810502812907,-2.061398069247984,-1.06055238784357,0.23584223920533282,0.9091489244988993,0.03018751659309472,-0.5169340002486664,-1.6730510163954821,-0.1377842237962979
3336,-1.2989861689867264,-1.1786523275409169,-1.2076392673977867,-1.0809412987268672,-0.0778304499357569,-0.07259635127547756,-0.20760823233785933,0.06369588664471758,0.5597132651471196,1.6732340289270893,0.8996594643899992,-2.022967192761973,-1.5924963225975348,-2.493699516814203,-0.28477810867449543,1.3856289507047548,-2.6358481966190226,0.6402645331054349,-2.763160184129556,-0.28477810867449765,-0.5238627549558644,0.9093275397920827,-2.681289829747165,0.2548174745635518,-2.8584012068083022,-0.5238627549558653,0.015903625235012497,0.5198837339255528,-0.07820279225978731,1.4800404054302407,0.32415183164560285,0.03445490007627438,-0.9494820035164739,-1.1703203595226848,-1.2208917316241816,-1.8843454715703867,-2.7102902407537193,-2.5245771845110982,-2.7451530802507764,-3.082061856311508,-0.8160775387616944,-0.43641504010523335,-0.3394721035473861,-0.35726863113971186,-0.19710076601161758,0.39984758256719455,0.22558154917937837,0.3210318816095022,0.4511563763965847,0.6597470820595358,-1.1873634740777423,-1.4743958642927224,-0.9141056768534256,-1.6099579038465797,-2.3079636554146066,-0.37727602560967244,0.7798351501551117,-0.41421713512901953,-0.1251253156757623,1.3055390219117757,-0.18753627282320842,0.5592273013195946,-1.9179204750216536,-2.415443516400447,-2.035114933321659,0.313375345452731,1.0637376975017192,1.6808525742530884,0.38780612291342886,2.0355840625848995,1.9819675587249699,-0.21324262961423074,-1.0981599503943733,-1.2667433222341073,1.3785098723406777,-2.4637542888245956,-1.1823243036172904,1.2235200819345418,0.07756996928542004,-0.6046887692347799,-0.5420982787548394,-0.5623853862768933,-0.30765703922605686,-1.1640617419549044,-0.7418181454916941,0.6392096191259523,0.7418961276914797,-2.055524904294657,-1.0674660460840149,0.2174377990071675,0.9109571488345387,-0.03008829316873524,-0.5085494314513986,-1.6665494483994596,-0.12460655903317716
3337,-1.039144351781158,-1.098306762803347,-1.1268369120605477,-0.9702470754315138,-0.01687598368518873,-0.09083636060978605,-0.15793411482908196,0.042667124081805424,0.46790378995058923,1.7447344246430874,1.0025376802524166,-1.6773396085812973,-1.1676418708335774,-2.204517114336212,0.34947189243856636,1.4288770586962247,-2.4158460497217082,1.107982540368499,-2.679686880342718,0.3494718924385635,-0.19853687182028817,1.3298233429520931,-2.5467703820395604,0.7720024208724017,-2.8388843210236896,-0.19853687182028695,0.46615282105831685,0.4234386767517405,1.2266652954442778,0.47967981447311747,0.29672643347073174,0.8353430375677269,-0.41473089817745235,-0.6687962106363363,-0.9212284782280543,-1.604851947712804,-2.4842018396025067,-2.2835746762780493,-2.5630287230052375,-2.8922214952504492,-0.6185940385966605,-0.30274715409092817,-0.24908264117321804,-0.17277764453052716,-0.09538164620445867,0.5505105224059684,0.3682513739782016,0.5189110297501734,0.6324732611768644,0.5707084789523353,-0.6519053382277274,-1.1528022362732198,-1.0001076206062007,-1.0484563412687056,-2.181154611679892,-0.6210498966515354,0.28469242925413546,-0.40187686867573663,-0.3069198009927487,1.305875835531288,-0.21514041512985005,0.5531622312021767,-1.614850058891511,-2.220896894128351,-2.054379356459769,0.1666934323952834,0.7868558551794772,1.1563776029295498,0.09337890881511274,1.2927127594301204,1.8642360849668334,-0.1495143887940444,-0.8210707629551337,-0.830852097581882,1.2131126210346541,-1.8007012532180182,-0.6865314435276386,0.8026348117672254,0.2526755055808376,0.245742249441776,-0.45905317212007835,-0.469563773509268,-0.15911486766406432,-1.2655959444794045,-0.6415053544181434,0.585635103481761,0.8530560492251642,-2.0547470185323307,-1.0762506459762373,0.20338351294852525,0.8962316778576297,-0.0898429985479488,-0.5018703112050388,-1.6581029542795465,-0.11171921829051497
3338,-1.013973287101519,-0.9995345547233009,-0.8761207996587819,-0.9301040207715171,-0.46481015835605016,-0.03349854867426933,-0.27338569796555034,-0.3013450934237056,-0.0281723419873369,1.7864365156314337,0.9153108486594493,-1.5336589799343037,-0.9959206671448805,-2.0756298014721275,0.7902674516912634,0.9641033747876898,-2.2047014411616748,1.127225676267801,-2.5482421611056023,0.7902674516912602,0.12379803674618794,1.2813252350128383,-2.395666663218312,0.9708540169839225,-2.785962113601059,0.1237980367461883,1.3374901560191175,0.5078874755703774,0.1332680597972923,0.5646964853907835,-1.0204877366536753,0.7649686315114003,-0.09817354150999047,-0.38126524073571266,-0.7732763397604546,-1.4260645752922603,-2.3558473348696514,-2.1391647782275625,-2.4669920746609884,-2.787227951010642,-0.7435084240867964,-0.7504151881909406,-0.6964570835791737,-0.6120467742381064,-0.5720840902541348,-0.04280074148728394,-0.1794982540329643,-0.06169644724152268,0.012892270597285226,0.2125078269072748,0.66549706820881,-1.0181915342980614,-1.0881159580656634,-0.845064629116365,-2.006417091987211,-0.7505086188741041,0.04527045114378802,-0.40664915986618827,-0.44092463750276306,1.2429789162827207,-0.31293663623613344,0.5470946973865285,-1.3271442601091006,-2.128210249020607,-2.2264984565803303,0.007262135429607945,0.13973581056631917,0.6362372795000307,0.18512672357392596,0.3597477064973785,1.6998186854009654,0.16587990123412016,-0.148802398655437,-0.6912312603708163,0.47109679724772585,-0.3127015587044413,0.06489005077214047,0.01943235242262218,0.4818874185702465,1.0103146602603306,0.028688421755750135,0.022736165525789602,-0.0931535440859607,-1.2424424518641686,-0.5681596413887249,0.6282941707331701,0.8813690250221615,-2.0592643668243857,-1.083504064015546,0.22415285498786003,0.8568401628729022,-0.14969388842936215,-0.49487187960003887,-1.652408046500082,-0.09282131473009372
3339,-0.918362903808848,-0.8555564079231659,-0.8233834483406448,-0.8228420657015079,-0.6222426278743376,-0.4648780331117309,-0.46387062402067253,-0.4746610725860532,-0.22487480637224955,1.8208639782782727,0.3433121162201559,-1.2180386488492547,-0.605323730801945,-1.8169857901862274,1.2017563408729324,0.8847345980663651,-1.9650996639893743,1.3503092787902828,-2.3763215085090077,1.2017563408729288,0.48882733906202647,1.3984871810711708,-2.2117406710241445,1.3058495880613936,-2.70007144951446,0.48882733906202275,0.2861027016068386,0.7174411475874484,0.44103955185582905,0.6259590544967368,-0.23416237403371878,0.8560515872549045,0.34720865474327034,0.04226699230787874,-0.5121353122982804,-1.1506108058287572,-2.156421415958759,-1.9186060405598746,-2.3060267908222882,-2.618768190249666,-0.2399667165002458,-0.5812922192240627,-0.5782114478986613,-0.5151977101649052,-0.4893682634382993,0.06694420816775447,-0.07329438288608778,0.07722470877620834,0.14735891055892847,0.5326826760378303,0.9916420954947534,-0.6551275668110013,-0.9079268669526646,-0.651767278387673,-1.9727709541377352,-0.6865425466027582,0.42163861636005945,-0.43604613412628046,-0.496607034974277,1.1016575853833046,-0.3854525275466742,0.5410236848627145,-0.9476416889734959,-1.9540974043620427,-2.3301620776596095,-0.19973831023677516,-0.202899286037611,0.3779955631562717,0.3469230903234217,-0.0396279147121025,1.4671188608197347,0.37341775364793417,0.1893221124345917,-0.6366278571335504,-0.0608481995629965,0.4659448895964602,0.35377534094435653,-0.3860911820022129,0.029896653452835296,0.2590709249712876,0.21372461102596424,0.218166433704885,0.07042588991063563,-1.2179310848584368,-0.31942135919597364,0.6822770558646863,0.9380970398988826,-2.056175368043994,-1.078753104058039,0.22995210434014804,0.8224698620526939,-0.20944546407458042,-0.4743634022606497,-1.6452601361448482,-0.06294872336961534
3340,-0.8441895151586697,-0.9467297577973514,-0.9797997093974454,-0.9030960137248087,-0.7403088390131052,-0.39124839268615613,-0.621336003745479,-0.6038510897385208,-0.37860306711297825,1.8974412282211035,0.4925101619019609,-1.3223382403677124,-0.7718320497685348,-1.883667472559868,1.2048728261050496,-0.003154773377205374,-1.821683979113068,0.8034774492753494,-2.212411766932442,1.204872826105046,0.7025802915765088,0.783841935791599,-2.0703303223140144,1.0150626198655868,-2.598862910445108,0.7025802915765059,-0.7748121795624185,-0.4139774790838695,0.3412681543692053,-0.32998694864493205,0.3357220212119832,0.21931226098960568,0.20837937548525912,-0.010275280095535395,-0.6026623966707113,-1.1381387291756901,-2.175295308134083,-1.929837713592651,-2.3457880473463444,-2.6512098628504392,-0.22486334455051085,-0.5582833867020708,-0.5526605748976811,-0.49437545462531446,-0.5245536417969895,0.027237095630220472,-0.10406542272599753,0.05249542422645221,0.12068441663347865,-0.36162175911385797,0.7348044283579238,-0.41360602178537015,-1.186550909438697,-0.6281977257189738,-1.9506809514434784,-0.6784195519994853,-0.735271848112693,-0.47509502987477764,-0.5345523723570074,1.023521431939366,-0.49587559898322164,0.5349481580812729,-0.8880895359818549,-2.0182440059217623,-2.50259332308027,-0.34612396580750343,0.031592369933432035,-0.1300451741651927,0.12630042892682336,-0.3566338648968566,1.4036390985262592,0.32171185309481404,-0.08247971407129016,0.1873797241064775,-0.32278135935061847,0.6682465646790331,0.3424274576512941,-0.49247977317563835,-0.14421318348005216,0.1037097163670907,0.35942965550321243,0.3709536139236655,0.18460151540909187,-1.2146038673045805,-0.16324106525513307,0.7687956508048363,1.0838956101344928,-2.0562104001161026,-1.0773795890692257,0.24991213985402744,0.7872567312158638,-0.2764390505863122,-0.46449763267777194,-1.6363978212652452,-0.01976998711130962
3341,-0.8706888880514791,-0.7770030322905512,-0.8295890045742279,-0.7701993305920382,-0.6766474331024929,-0.687420553884811,-0.8351085199231905,-0.6464850580958265,-0.44118485854425155,1.8239324196969395,0.2549660064187821,-0.937754197640275,-0.2922684595144346,-1.5776796790187104,1.397290126341257,0.4268256592739755,-1.6166347653040396,1.1916018604942629,-2.032425231466304,1.3972901263412512,0.9888823090233592,1.0485041575941012,-1.889379515489335,1.3789449283501465,-2.4776645282875718,0.9888823090233553,0.7912032796490801,0.8297144310446015,-0.09764591183145498,0.6469127877451948,0.4865205894464995,0.5248401362842003,0.6745490489987924,0.4324501136034115,-0.3013388678451079,-0.8323169680891291,-1.9565869427636957,-1.691037511324578,-2.1665302830262214,-2.46774413361583,-0.1765577339230943,-0.6074758436920693,-0.5286821509694669,-0.5051949814531439,-0.5446666172076148,-0.01164466671967063,-0.1367640589191089,0.017505698006910823,0.0849071753368096,0.6505554197260418,0.7282211237861881,-0.37380235970465553,-0.849583765907347,-0.45789143387598685,-1.8710044974526925,-0.5355330569914744,1.0675172837197042,-0.5038448497176569,-0.5658109248761402,0.857794399045868,-0.6445023378882246,0.5288670597234648,-0.2755520656213877,-1.8158821420339066,-2.736624078234496,-0.5036824100517366,-0.1853928718027007,-0.5002992338777369,0.5273657913603488,-0.40923404096984306,1.3778359454950797,0.29989479940348496,0.12744308193514542,0.46617507480442844,-1.2805684831006878,1.1967791929451048,0.11704866956042846,-0.49245188792675765,-0.3877565022553624,-0.1140499950165058,0.4130577423844151,0.4344792842670501,0.34364748534564005,-1.1856642832084352,0.020160097458479808,0.8175322910705293,1.204154929513095,-2.0471043596512404,-1.071765375746381,0.2590263085325892,0.7507960200036656,-0.34122393117898575,-0.45800888056599076,-1.6268799247826717,0.027034107935928725
3342,-0.7347561405448103,-0.7432665521405436,-0.6681638003824482,-0.7236930758815391,-0.7654046971324862,-0.5542272991761771,-0.5920631905265372,-0.6011239801957639,-0.5575445052592043,1.89940241114427,0.0011242743351578888,-0.7907457817462479,-0.11424759103309419,-1.4551076121214928,1.480897529761057,0.19088212060123042,-1.4293569138880273,1.104490275980402,-1.84819597393163,1.4808975297610543,1.2284941216403407,0.8617708049401749,-1.7110268526105568,1.398054727728065,-2.342003789204485,1.228494121640337,0.8245717543300938,0.17051608712278515,0.5999733539396546,0.09183983720365305,-0.5846223947742031,0.5040098464488802,0.8306806868472849,0.5824535235885203,-0.151552628573091,-0.6457856695312251,-1.8458343265011639,-1.5572178690855818,-2.081662072845753,-2.3764956072561194,-1.1050608521071212,-1.2690553365668458,-1.1829971644627009,-1.0925274325570642,-1.1271961089734623,-0.7693337686710102,-0.8398604486438658,-0.7540437165608948,-0.7304838571572824,0.23026162692292326,0.5718924138386985,-0.07371218546433408,-0.6576518118750222,-0.604282989472734,-1.7228782751814984,-0.6812988070406897,-0.09663159365401627,-0.5296943419710151,-0.5877310390246128,0.6840810406933632,-0.7335552675331487,0.5228094250290981,0.015553902823674332,-1.7293496990974255,-2.8299964332765426,-0.5963241646057292,-0.26786934354249375,-0.6011016460543007,0.10697901278141833,-0.6481545051614412,1.2792237244927038,0.11465817221885603,0.202625509803735,0.5199143763064562,-0.7956556166462007,1.0492960983791926,0.32827968156001497,-0.425274270684404,-0.41179413812573085,0.0025663865815881027,0.5245474766493196,0.5501361174120502,0.4133841034751023,-1.1473894276639864,0.21667104504078244,0.8703513401431052,1.342960704538396,-2.0413086372244895,-1.0626473000346786,0.29667830530261147,0.7188564857836536,-0.40667787160551444,-0.45606046982407367,-1.6097205138122463,0.07219316668078458
3343,-0.7513247691424002,-0.755071862695672,-0.6842427302384021,-0.6284416504422177,-0.5301376328309292,-0.7176123102104374,-0.3347565171746126,-0.5138936924455783,-0.612983913888159,1.9240606085981182,0.07549358927656696,-0.5253884681788763,0.20531809110896287,-1.242297365838292,1.5787189563443367,0.22721945515119726,-1.229341268175392,1.1923283329284136,-1.6567705179714238,1.578718956344333,1.463012222578109,0.8429889419921193,-1.5203732732052793,1.5278750336511258,-2.1927853400580974,1.4630122225781044,-0.06453825113512847,-0.039332326496159774,-0.05997378598617302,0.7583500980251109,-0.544801333163883,0.6431132784431989,0.9241509619496904,0.8594810793839952,0.0957789368772074,-0.3821717502831345,-1.6859154835887844,-1.3766823710647629,-1.9499236810776601,-2.2411105333245045,0.3169781606135696,-0.1646816592600958,-0.39562131838580283,-0.3180120665412301,-0.46561569651775486,0.04813809379407496,-0.048766299405928935,0.08829635183876192,0.1620828830187668,0.450830004692423,0.6799262678666754,1.0063363175072821,-0.4761265685299423,-0.6274664346894505,-1.684600676094253,-0.6562509314943279,0.37996741016955893,-0.5513768027437325,-0.6027201079910309,0.5261314226235952,-0.787925537534053,0.516745646807551,0.33789249563986395,-1.5866659432307109,-2.84600190130547,-0.7650931225043569,-0.4455273054732653,-0.8481820676228315,-0.21832837205005232,-0.4414686364165028,1.0797804573183138,0.26450414469269856,0.36913502106324253,0.6778430844017787,-0.6114263614084959,0.37719886749975984,-0.11322323062721341,-0.46326123580173517,-0.6372864230120653,-0.057149929463806835,0.5704022333593953,0.608561383611284,0.6160108203953683,-1.0802886955582367,0.2692375180453687,0.871895716419468,1.340940973969097,-2.029260326411433,-1.056259935807659,0.30368430956776366,0.688861606520451,-0.47155364408270967,-0.4454288731213391,-1.5988809690282924,0.1226861809053822
3344,-0.6795991041809052,-0.7591082559297736,-0.6494672024354603,-0.6646249137235186,-0.6313479748931935,-0.531014169268172,-0.698362507402495,-0.5350993752277187,-0.6263270186870666,1.9162658801582995,0.18338625314859477,-0.5793703835033014,0.11134095092399883,-1.2716673182321994,1.4354597072720472,-0.3069521430292625,-1.0997234721113602,0.7760758649022591,-1.4849671482255071,1.4354597072720456,1.5634444325505554,0.35470195885986494,-1.3662218026769333,1.2468672512666161,-2.041244747433352,1.5634444325505512,0.18377105802497598,-0.0030654917592175916,0.31322401528433347,0.1100316743203353,-0.853870822272642,0.3484201050732094,0.6461396014783123,0.7694152224844247,0.0908046448399124,-0.31606601852600846,-1.6698170190755142,-1.3507532748098905,-1.9520131187338952,-2.238588374229374,0.7224090695765052,0.3353878338528857,-0.07718969004681649,-0.05920104298929539,-0.22637865812643013,0.34420994784517756,0.22140419309282808,0.3945722580821701,0.49012311116279267,-0.15489989239449653,0.3661358191332757,1.0151979642611983,-0.33832402815377444,-0.6126646597980807,-1.777598419226937,-0.6938769707010639,-0.11354462735956913,-0.570830372241334,-0.6408245356822365,0.3767146503771289,-0.8022538548331409,0.5106747383850204,0.2780909020594811,-1.605533419938601,-2.7833343923746674,-0.8881576763788774,-0.39911939103469074,0.07143946089686884,-0.5005980895868714,-0.3761126432211549,1.0080127747875134,0.2532101299651221,0.3021888095580186,-0.42889177403308587,0.7527361888698444,-0.03720632212562564,0.505045424302844,-0.41625172640716107,-0.8020860791440406,-0.2326878404440715,0.5766128536844899,0.6207301655298232,0.7126058355165737,-0.9316571215816164,0.34444833333569624,0.8135355881839168,1.264034708805855,-2.012756659857419,-1.0516377127620822,0.31429625554133767,0.6472926983394911,-0.5390214669175414,-0.4509545847915578,-1.5887807740901334,0.18303943850161072
3345,-0.8002431803952708,-0.9135830651751147,-0.9677548471381456,-0.9772824101571729,-0.53644556270418,-0.6350547874762325,-0.3515189708505325,-0.6085134874293004,-0.5812958273139851,1.9979006685454272,0.013351064315999682,-1.166810912319214,-0.8022830813710867,-1.6722966950870553,0.7418963519699435,-1.533379945784963,-1.1714143108943171,-0.43062978420636727,-1.395790398624219,0.7418963519699426,1.3344286000785144,-0.8574549598132384,-1.3333159518427236,0.2598569538814358,-1.9143248539297693,1.3344286000785122,-1.5205008947425296,-0.6884177764641743,-0.4906290644852693,-1.0171172636700676,0.5015434974369825,-0.9086796375963557,-0.29528348266146526,-0.08765088569862646,-0.3989073209523936,-0.6813044082122911,-1.9494776021616698,-1.6361800719827773,-2.219071489654375,-2.498615058722772,1.4622313165468765,1.0934296779770052,0.8671861499469731,0.5530365176011922,0.41482740177296296,1.065012089599896,0.9160780430417789,1.1549242347016893,1.2996168382474012,-1.399894940150996,-0.1100382712505716,0.4628281309194949,-0.411694961712866,-1.0778636461446087,-1.7722713217776562,-0.8444063305770512,-1.8572593080216133,-0.5966885052532308,-0.7097005518374326,0.3637541596296754,-0.7946618486965835,0.5046472233061465,-0.4451369704697993,-1.9517286398224574,-2.684842195853818,-1.036180749817355,-0.6490571182448569,0.18018843011366645,-0.7053515048626094,-0.3785213259806554,1.127547999917298,0.29514118076790025,0.5489970608341374,-0.7823645123138169,1.1447748976973162,-0.2573919112095119,0.5905484549467536,-0.45198246966792777,-1.009541262650733,-0.3644048224886985,0.5225708044787225,0.5766947436821297,0.8699847541854836,-0.7554425042582223,0.4639665091684305,0.7624528653541668,1.1500792029115294,-2.0196230704671825,-1.0394013873860486,0.38011015168612744,0.6575551099638706,-0.6223109912861515,-0.4457803149237046,-1.5746597810842675,0.23743015061145878
3346,-1.0696816153899091,-1.1701571951049539,-1.4427022018139326,-1.5408725509844141,-0.6081783090886377,-0.3903580487490254,1.8780941699344211,-0.503245362507884,-0.5550412304305936,1.9531337210618984,0.01320836587485209,-1.9144289697379206,-1.7329129394594738,-2.266828911697167,-0.5087545751551396,-2.7376005335226528,-1.504880454877934,-2.004937591094642,-1.452351132518337,-0.5087545751551394,0.695158830490494,-2.3561349497108335,-1.4763367938439427,-1.1909998450354649,-1.8448069973421548,0.6951588304904921,-2.281296046141083,-1.1495996731311688,-1.1048896387697045,-2.7399247268257994,2.3678243937449457,-2.6089999966119524,-1.721026716717115,-1.4600720791838326,-1.3320180767254586,-1.410134939790585,-2.4719621544475094,-2.1963544026834443,-2.7021427657481882,-2.9733601042486226,1.641620118479564,1.583153890610009,1.5192488592120985,1.0854258745574954,0.9896164083305204,1.653203311813501,1.4835190194778227,1.7950271059559681,1.9898199654578967,-2.536729673679896,-1.534964384493479,-0.6265890880516694,-1.2334017238838648,-1.4671699041160535,-2.117293604210529,-1.1044469089474855,-2.464964594071668,-0.6965837638524858,-0.7463003579257563,0.48724069351039845,-0.8834153381747948,0.46902898632460344,-1.5130539814641675,-2.5374626959559197,-2.7042378729743914,-0.6644551701746989,-0.8085218724139105,-0.4810162752425929,-0.6382920197972054,0.39500053675242114,1.1410680014568857,0.4927923525152169,0.7726616966135761,-0.09119222454276109,0.32963130951888603,-1.2321622395144793,-0.8403331499803446,-0.27113356731449284,-0.6395086583430267,-0.3414646435874436,0.5183180284876423,0.5494949888443801,0.5080844417349115,-0.6257959229880952,0.9825618566795813,0.7116655181852157,1.0799227588538756,-2.034542715483937,-1.0140366373005159,0.4575629889426128,0.6635785576989692,-0.7288394068813793,-0.4544794757277004,-1.5604778945239952,0.2816459352897011
3347,-1.5115769081534671,-1.4935139379807187,-1.3978412327539291,-1.4007203729571245,-0.628787480514566,-0.693180729544616,-0.6992572592348266,-0.5086138027352468,-0.789157209003531,1.979277203606156,-0.10315378517554642,-1.5295931383461157,-1.2554195611312546,-1.9586690561032192,-0.642592731091801,-0.29375253873384705,-1.600985927573178,-0.6068531847039051,-1.5233696730389603,-0.6425927310918018,0.4318454904613628,-0.9693662420290989,-1.5213035968763755,-0.3969217849084907,-1.7992642773703265,0.4318454904613609,0.2475516930366936,-1.4646977005839752,-1.829202738352674,0.7088001204117149,-0.6748454808656092,-1.4600895512602896,-1.215681545695184,-1.065023334831999,-0.9386997081638183,-1.1222186637242764,-2.24627928555127,-1.9354175811561076,-2.50562297053376,-2.7763882354782607,-0.25946051280142024,0.2501816272423238,0.22127810620757987,-0.0022701276028548414,0.00957770850874185,0.4505964929338782,0.35080829921372514,0.5651291844433125,0.6762512012205228,0.68071011275727,-1.334474468809817,-0.5880585013870587,-0.877037790290021,-1.2132652662121253,-2.0163381954407673,-1.0776947440608178,0.6250433184278023,-0.7332789890242332,-0.8535595520950702,0.6009122200345284,-0.9000185751558399,0.46280488589349084,-1.1723197481091256,-2.326949988180935,-2.65597774750238,0.6698168994890636,0.8465516920614342,-0.25170226786089633,0.637424623041874,1.1185805620363658,1.6113401457014254,0.8633126873315952,-0.8129688616310418,1.0495341881483615,-1.1406379164024623,-0.8362422767020672,-1.5220171822326232,-0.26670062556931257,0.9116565538075543,0.4299047070077754,0.8330656253095088,0.78410904030186,-0.7471988444366147,-0.2775552190932223,1.415397792624664,0.508447981287761,0.8997920087544747,-2.0481345167244065,-0.9931261897186278,0.526118925969656,0.5552355155491924,-0.8348830864871118,-0.46787953702937635,-1.544578011293855,0.2865239600934056
3348,-1.449908570928532,-1.1536386412341773,-1.3231285306255725,-1.0275815984205634,-0.3517217074559187,-0.566195279207692,-0.5424973664578737,-0.37060620590376997,-0.3584023558705753,1.8664984770652242,0.08755494268719526,-0.7041683555274454,-0.2848984837541639,-1.2834496047038961,0.10150368780650099,1.6221471050031788,-1.4194815093399757,1.0578997626423912,-1.5072009629006826,0.10150368780649954,0.6161428575949359,0.6789990710820359,-1.413447088050998,0.860096089521568,-1.739634874319288,0.6161428575949364,0.4048846999115966,1.6192433895153155,0.2986269089359562,2.524544057109665,1.4905349849755265,0.44031030306672286,-0.16545768634569422,-0.13516211427512023,-0.13557292825629627,-0.5097578392353117,-1.7910151329752417,-1.4234346873484516,-2.109281083101495,-2.381400590146217,-0.9311033927687415,-0.38926881980385586,-0.3537604051252326,-0.4859443689322853,-0.4620450826141942,-0.10736647836411593,-0.210334426008442,-0.009390682091911908,0.04271786682984054,1.743364844855595,-0.7699349879590134,-0.08138861207954334,0.34338541349006985,-0.7858022830483742,-1.8207670974517207,-0.742029341587987,2.3897977048656305,-0.7300246543063729,-0.955178225530889,0.5204550879539108,-0.9171385677497899,0.4565600876341597,-0.318668044611453,-1.8550553726367947,-2.609858289857407,0.4943667813913965,0.9342768165412936,-0.2681158047334852,0.2520686730416983,0.7725595868823801,1.5423682462799615,0.8824072731548114,-0.9321013127981533,1.1433638507424382,-0.6452080756376493,-0.7770292453980483,-1.1291682335891207,-0.43996710504513875,-0.0565886147908794,-1.498755363736923,0.38970004570855726,0.3553133646812064,-0.5301537756689975,-0.10401562406876394,1.166593723424434,0.6481149118423195,0.9638945199557031,-2.0718743954306227,-0.9895515291542877,0.6406458723975642,0.4650696812479139,-0.9299922059441879,-0.48912925532747853,-1.5346115076218039,0.2984046051508065
3349,-0.972419272245515,-1.109941171599961,-1.0258006800197272,-1.1467235514974174,-0.3858959595201469,-0.21607570702316442,-0.384361512808477,-0.32588865841125025,-0.3641815956412421,1.806166267410973,0.17587026508889894,-0.852209452559908,-0.48051333618583164,-1.3914096086001995,0.3000521641273573,0.4317130766874924,-1.3382428039906697,0.46336149806691684,-1.4679797780755761,0.3000521641273557,0.6536440261087934,0.14057037743984815,-1.348252392752901,0.5127650921158344,-1.6780708706338683,0.6536440261087921,1.4875811194749475,0.23138154761992105,2.0351240581810424,-0.951255390999535,-0.5746768497282133,0.3671761783276064,-0.3908882469044036,-0.38824099904134624,-0.2768814300269785,-0.6281753224546972,-1.841777270468257,-1.4666689519578022,-2.176347950585826,-2.4423554054841947,-0.4600636028561946,0.010035681441507507,0.07442579563491152,-0.10520921361881412,-0.12994229625000564,0.27787452820289615,0.13132626079856918,0.4055446189019281,0.4705022559897294,-0.49571627595395384,-0.922845375451551,-0.42339920601899783,0.25048352724843354,-0.7472265710526631,-2.106440276608859,-0.7566673646628709,-0.2216072438717979,-0.7359181120093272,-1.0463808074964727,0.41855641384319875,-0.9347687234624084,0.44912624142395285,-0.5439755832086172,-1.9513315721443119,-2.5640191587213352,0.8561420267570615,0.3216538382254377,-0.761539566941211,-0.6322314710059687,0.07419822046393822,1.2847657644978794,0.45471924552302273,-0.22353908589718907,1.2335923530459478,0.003090281194438974,-0.7792281831590798,-0.6861597621306754,-0.37599894392383537,0.8197695870566196,-0.1374111243562344,0.41720508633501807,0.36069438174523455,-0.875711800015774,-0.04571199025822625,1.1317923012824542,0.7453932382616059,0.9970807023901496,-2.062540798879041,-0.9757726143517104,0.7009868491670981,0.33539070842403806,-1.0318501762272911,-0.4945028944737926,-1.5271150572441836,0.30310737319231473
3350,-1.0624098864990765,-1.0868332283508049,-1.0080250929507466,-1.0858336726255862,-0.26655102659887364,-0.23663642670206603,-0.4757930876300268,-0.22030806046404983,-0.5488611027967072,1.9229227459946108,0.37513776178755165,-0.7032012632245188,-0.30829413047078297,-1.263533797048255,0.5319760818635502,0.5052426007445854,-1.2252760716092221,0.6617203363008883,-1.4025113363583344,0.5319760818635484,0.7448179869152055,0.34016583761594127,-1.2601037391796275,0.7080402034582778,-1.6100446548477148,0.744817986915202,0.11281476933403804,0.1323480660375317,-0.3365617655510992,-0.11047246870820197,-0.5286134130381183,0.7115895522925518,-0.17515860673047845,-0.2033669235139008,-0.11083648796777468,-0.492254858076136,-1.7113711514041061,-1.3177283958398411,-2.076516136515832,-2.341743235380742,-0.7659665887016202,-0.45060417799889707,-0.3842247538882423,-0.47641155229537113,-0.47550680949927293,-0.14978460472620667,-0.28258987347007203,-0.03660695783873832,-0.0002748688858578898,0.29464283889699616,-0.17041281198373015,-0.2058695081673195,0.27735854271384697,-0.4321302413408475,-2.095566459506929,-0.9119810906121167,-0.215466838799688,-0.7301398434309697,-1.137939905681919,0.30682824551159693,-0.9524717954381342,0.4375103029930829,-0.38327124629078807,-1.8436304678138182,-2.512555869764529,0.6406570155955026,0.2638497925465127,-0.5458485286142045,-0.9095347888138804,-0.045787857202831884,1.6421814144950548,0.38929522177815545,-0.19207935623975883,0.9121413792122612,0.626437432959908,-0.923029360033206,-0.3764364907280949,-0.3704191417878328,0.8159421210252509,0.4287079575018658,0.5898824179914626,0.5474033693714005,-0.6510577710722586,-0.04030083985392442,1.1256294629813932,0.8793129110801452,1.0979494494760185,-2.0452936990158883,-0.9671951062669192,0.7455977943098464,0.27740057292156034,-1.1342793375501725,-0.5022534737177732,-1.509907974512461,0.31617501813485777
3351,-1.1807260283340868,-1.187961147415678,-1.083737905445727,-1.1598485617837264,-0.22085222212282374,-0.28645181374554624,-0.38479122993643394,-0.14063207888511997,-0.44800445752548357,1.8214432786571133,0.584673048354656,-0.7944209764312693,-0.4366849840166844,-1.324740865509835,0.5253264825828471,-0.014367993851525415,-1.166282550726351,0.34030982845038665,-1.3384099272782433,0.5253264825828449,0.7520182601437,0.029794031243831957,-1.1976353297232007,0.4996210839913011,-1.5424135642335262,0.7520182601436995,-0.32787224842269413,-0.41786521800125104,-0.45863608327773164,0.1521381339783907,-0.7160360797975279,0.08571539011861512,-0.26111375512037116,-0.3100180637079322,-0.18002424936898068,-0.551720873151009,-1.7191827463054818,-1.3183378128060765,-2.0909294046689895,-2.360509739722152,0.4931085242712105,0.24095940215900777,0.305503042118495,0.13896582748078815,0.1458148579449867,0.5396982615847468,0.32657239492549867,0.7713104701589562,0.7647845062851655,-0.29706999003817397,0.8728340930606137,-0.5172653637960035,0.009121331469811637,-0.6144730808246558,-2.0184833649080236,-0.8895375478204448,0.17203465295101633,-0.7350306974077959,-1.2105969935825098,0.2264640151692684,-0.9711862922650214,0.43114153197695515,-0.51109856164331,-1.8916627944339526,-2.4724913208769195,0.39511463679264325,-0.4096963560374252,-0.7379324137033083,-0.9364277895270181,-0.5177108696998197,1.686709673798609,0.5811815035206588,0.4956429735375897,0.574264445690799,0.45017639787104813,-0.31758518310932604,0.03611343678271269,-0.7602467091970259,0.2654037432297062,-0.3740252262336876,0.47384711840524146,0.4467772113785016,-0.41217144146593004,-0.03832620420548356,1.0962612873934323,0.8185027531322121,1.1110840382995888,-2.0286905861317033,-0.9669245592112269,0.7696897379843326,0.21271742373188707,-1.2409408327672762,-0.5197648595445997,-1.4952521924131146,0.3312278282785337
3352,-1.1979415681489578,-1.2582563316862603,-1.1924318026385563,-1.1395277481786634,-0.21417362019787853,-0.2737340394327351,-0.2932859238225343,-0.09049626976682684,-0.48431843988960327,1.8063085578742089,0.8776116420303416,-0.7297674464315643,-0.3581230294506581,-1.2686678493321875,0.5621430466932404,0.08120785014658917,-1.0948426197696552,0.42420279834695784,-1.2709679006509893,0.5621430466932376,0.7789978908500483,0.10354358473766126,-1.1278566719241863,0.5683475216569451,-1.473566788005634,0.7789978908500463,-0.48174961992939713,-0.29585687899947194,-0.04399239557222565,0.3465203417687927,-0.4325157772961985,-0.06479737469393765,-0.09794622740191503,-0.21679829764143727,-0.09645443307682958,-0.4706669353467435,-1.6391040495371112,-1.2272502900510718,-2.0244921791231976,-2.2997759497290144,-0.3310960999842885,-0.5331993014466843,-0.3911806759712509,-0.45662093162898837,-0.3900658354042958,-0.12997429449294565,-0.30004628777236264,0.06120484766963516,0.026218037071431784,0.1009688061654761,0.6062401769570723,-0.558586860614456,-0.11964869137031754,-0.43887415200407665,-1.9974077130087076,-1.2276186423569364,0.18575385386867205,-0.7524226336734609,-1.2459128657137497,0.18748826756582493,-1.0418005137219766,0.4247209061114722,-0.341503523116726,-1.8454506653339844,-2.5156554819344654,0.17470753954905596,-0.18782594332708255,-0.4236694437626656,-1.0085590220450122,-0.2742071846595236,1.6033976413100852,0.577950106141237,0.22634877161159828,0.3699918791887553,0.9077946977029394,-0.740763956209834,-0.008610642677175125,-0.6364991482166394,0.21667800461245698,0.03346681218057302,0.4970828148618166,0.48329224512053276,-0.20425031071179087,-0.012709308946149361,0.8847019472984246,0.8065133225804708,1.0903690751634325,-2.0066034831348785,-0.9674301301050795,0.7897284025073312,0.14014437370164443,-1.3392516112824764,-0.5593610216946197,-1.4796342554742936,0.3486537594317985
3353,-1.157365004924365,-1.170825500213789,-1.0818046840258928,-1.1928154536127602,0.024808311663061283,-0.22686063334650106,-0.21077269849128719,-0.02134882314391663,-0.21775323555066328,1.852042146927522,0.8626586635248885,-0.8081420607138625,-0.47445544066820927,-1.3180772146923652,0.48878570898039836,-0.16230540750848715,-1.057012667208673,0.22783264822386037,-1.212986061044016,0.488785708980396,0.7540385866881496,-0.09111440137450012,-1.0769701043790252,0.4199604829287049,-1.4078346443606795,0.7540385866881493,0.5341376426077552,0.3932639067793193,0.1674905292454285,-0.187376904768337,-0.6275599110177826,-0.16049001705376137,-0.09261048161737924,-0.26644788307896955,-0.20687041368191955,-0.49141194799648863,-1.6332611372451358,-1.2208715077818002,-2.022402937136539,-2.3026258865405502,1.0586528724815996,0.5932149428944598,0.7606268945138069,0.7972175490879931,0.7071974145527481,1.0470767623295312,0.7488628427628434,1.4248255392538314,1.3647865926560874,-0.23056468357554757,-0.28544444204803276,-0.7780411932598035,-0.2411737526355428,0.13832593142830998,-2.05826784392456,-1.3838689116914311,-0.4515024114609329,-0.757265066062634,-1.3075392215275936,0.10361027325888446,-1.1511063411992728,0.4182149027637409,-0.2517064366595366,-1.8820450358808432,-2.617733497371549,-0.05204652828469415,-0.40180951357890443,-0.3269184638166899,-0.9413589691779912,-0.5057534653904416,1.5817636528113745,1.038525703129128,0.4237209472206781,0.06458238788838185,0.9258362892522884,-0.3571720631202339,0.35546322492569593,-1.1407164717421734,-0.33745058182219656,-0.729163344867678,0.2156739168455289,0.21876149183908827,0.053473339036305995,0.029386649591188804,0.45934737032347966,0.7174746236344799,1.0121696510565856,-1.9805387384053046,-0.9663032414187653,0.8006480154424823,0.04709961787397478,-1.4395203767390226,-0.6095282106149577,-1.4576135994199895,0.35165502398859666
3354,-1.2053329688198589,-1.0990794069940375,-1.1173327350179998,-1.2434530811778735,0.036174125243553734,0.1187883419370136,-0.09038049276157341,0.07022841972284055,0.14014878091326416,1.775138815282156,0.8081103001445891,-0.8813862220568464,-0.5859096132016239,-1.362418694175044,0.3816315494146674,-0.23591341254631482,-1.0386112564294128,0.11132246395541397,-1.1680275555900885,0.3816315494146663,0.6991548493109423,-0.20337244345046301,-1.0399463483813107,0.3080526068364695,-1.347543365702695,0.6991548493109412,-0.1556941807168979,0.3284329456529162,-0.1935031383027641,-0.19547698364829227,0.20782047193012587,-0.2946359837061195,-0.07355358654520133,-0.2862411405899583,-0.30927372596573377,-0.5062928130384899,-1.6206996687085353,-1.2101879310371955,-2.014565593715142,-2.3020882306043498,0.25169325180858376,0.046077324225036624,0.1132350522192768,0.33569764836903937,0.202637448851745,0.5199584136208237,0.257817776229169,0.8508335654883639,0.7938795888669561,-0.21474927232674082,-0.15657115996640472,-0.7967203123694179,-0.4436970694438833,0.12885811488890103,-2.115176259163803,-1.332253182751252,0.14170919925788103,-0.7722573739507835,-1.3493734365892829,-0.014394880032241203,-1.2133492525170642,0.4116681676351601,-0.2508137647332448,-1.9119603794066187,-2.6419486624323802,-0.24779184731853748,-0.6167030476097916,-0.007455262424290176,-0.811204820646029,-1.0213293271305393,1.6785139808573375,1.3214984930830613,0.6264286034577845,-0.5220017578542085,1.1052914262675375,0.5040119467004746,1.2581126713496096,-1.619488749376561,-0.5978628890181634,-0.9218185325062453,-0.15577308547462573,-0.14017063567709714,0.239062324530921,0.13395123468421027,0.1651575058902204,0.7541481044722409,0.922306322211515,-1.952374556712966,-0.9628322286746637,0.821528821887789,-0.04785401083011266,-1.5439684775905906,-0.6636025434506729,-1.4295935063736365,0.3550869204614042
3355,-1.4507831612272037,-1.3546060071753137,-1.4809955485146267,-1.609091809925785,0.33934584496692227,-0.0014067215823119266,0.08153081653523851,-0.058582996289645146,3.638548215020988,1.2899697265403791,1.2332832826459217,-1.4420567796493893,-1.3376786945814567,-1.7671104565190308,-0.23464887165151288,-1.3490655588099563,-1.1987394354956045,-0.9778660813599057,-1.1935931758401317,-0.23464887165151288,0.3696493403056677,-1.226418292253858,-1.1131444060866165,-0.6067133633204349,-1.3151276068487752,0.36964934030566665,-1.6951196373045931,-1.1149919260300143,-1.0001765254715138,-0.8883478681059586,1.1026979686486318,-1.3672840776641506,-0.893997307250273,-0.9871262176819104,-0.9644865615726053,-0.964838830245719,-1.9164581452875105,-1.5439212309086274,-2.272957328292048,-2.556912811488772,0.8232072442241234,0.7899461422253512,0.7419939435307734,1.0460528569707943,0.8582856386351234,1.2629054902280163,0.9027044906365763,1.7095313918701138,1.6654091116658625,-1.6069448680449585,-1.0107612210900696,-0.8673213896393137,-0.784642108079113,-0.2985483997297965,-2.173348062871606,-1.547668840010409,0.588526462778125,-0.8104110248393434,-1.346415099149039,0.009037191163595245,-1.245717805831954,0.40507787223539543,-1.0033199866836986,-2.2794416241365485,-2.619647182197809,-0.43287270468261696,-0.7686616934877933,0.06580309882547897,-0.5408243221332677,-1.0837094907463918,1.784515386639565,1.2962097440470337,0.763186560161052,-0.74800230139358,0.8149166699899149,0.9038026860611612,1.3983505206211504,-1.6196881971336712,-3.802556063256752,-7.716265069517375,-3.679951071714389,-3.6461907860398206,0.4696396871425655,0.22874458933431893,-0.015414136481714538,0.6693629623420515,0.7906564768091995,-1.8981593121317684,-0.9724988202374826,0.6750116970930328,-0.13343156331241257,-1.647424141295094,-0.7262223805110671,-1.4222826624270846,0.3533390286667672
3356,-1.62690986855172,-1.5839002182024353,-1.6390463754816553,-1.7548177814802415,0.6592146861257935,0.17665414651743225,0.40521544668794907,0.3560633982483789,2.538012568572696,1.267674687150899,1.5224729091056777,-1.6244596622160083,-1.5573158166800152,-1.9028101410707758,-0.6325519250987741,-0.8702076567022052,-1.3536589284797738,-0.9509539184295545,-1.2643294427975984,-0.6325519250987742,0.060198912973048295,-1.1488157340795218,-1.2037857394224523,-0.7527473903999741,-1.3086329536644064,0.06019891297304612,-0.7551357969884654,-1.0155407652069963,-0.7295962002813401,-0.7343478150739204,0.5680233234448429,-1.4954806070177709,-1.249855554520854,-1.1379972097341802,-1.1876522823285922,-1.1054134555139232,-1.9958199231380707,-1.6338707696406183,-2.338310932209727,-2.625507280427578,0.6061849697742532,0.8430361372135029,0.6513493559822049,0.9871782313461678,0.8500902939329077,1.2492320119869378,0.8742148597748008,1.711289508625664,1.6902338352938875,-0.6698872169740551,-1.1746081045043189,-0.23988529049126808,-1.1311097064340891,-0.6044920481586407,-2.206755897439634,-1.7699321888760469,-0.5791809553286903,-0.8740510474416897,-1.3280481079709885,0.07876616007313336,-1.3739829236172572,0.35549048626686025,-1.099914242969433,-2.3642660221127625,-2.668166281474419,0.013940167169859729,0.12145180174647176,0.18197856678802335,-0.011147189689611047,-0.7322878874208619,1.8928267152066884,1.5924667764121427,-0.12832370453188555,-0.12415285637956941,0.2190535392563184,1.0185166098033556,1.060702775516619,-1.6939752676838662,0.634622748795535,1.7024535067762885,-2.5481846430169495,-2.538496241155531,0.11139410761834284,0.3896364666568444,-0.347074489005572,0.8858091347091295,0.6443333130119232,-1.8408613685168584,-0.982346389222109,0.682213002015781,-0.23218493404202162,-1.7506378091970534,-0.7953594187310963,-1.3723150420297654,0.3725691918106437
3357,-1.703871645895417,-1.6014261094578561,-1.6681413709798574,-1.5923985153554125,-0.020628203447658363,0.8349008572847553,0.580368283872632,0.11357914382297928,0.8349628301539594,1.4298911806634125,1.328557546748092,-1.1913560750587067,-0.9725412632688427,-1.5831065479751583,-0.38199705864408634,0.5478916039745881,-1.3384556243921886,0.07910686549202056,-1.3061212581893533,-0.3819970586440873,0.032806264275644675,-0.10173391169491126,-1.209106708496507,-0.04906725951323574,-1.3045621612502822,0.032806264275644474,-0.14758070323271016,-0.08754863619227558,-0.3326732519378011,0.6880825067778652,0.66287039693305,-0.46184797267847194,-0.772157934171849,-0.6178741322115886,-0.8319180377718175,-0.79283902630472,-1.768084417373016,-1.3817794994947852,-2.1430016868683155,-2.445836180760084,0.7663948749968411,1.2745486232286714,1.1436611542380037,1.5021809810554623,1.3656909806818536,1.844010099096799,1.3719737991843823,2.405165001077135,2.4113513155206365,0.7402474275352462,-0.8944122900503667,-0.22158348895325938,-0.9953316926977038,-0.5652757646102683,-2.229062202099003,-1.5552937668816458,0.036034626372348846,-0.9067073168166144,-1.3296919325390573,0.1526077332327679,-1.41196761432586,0.33488268667859233,-0.6836468611491773,-2.1451729251801335,-2.636195656624586,-0.08543884254668335,0.5524189733992262,-0.5433596440343945,0.5915330220882568,-0.24028932434101913,1.970214721201024,1.948760001467436,-0.6047884849618195,1.1618386878343794,-1.4136475683812282,1.0144596579022758,-0.14991591131717466,-1.7538472667204512,1.04756608103437,2.5447650598243734,-0.8435122797072471,-0.8379019468810939,0.07616175409038477,0.4226601249972506,-0.4953400669868617,0.8936354330450699,0.5945218998339448,-1.8020630888453177,-0.9768481175974035,0.6818030356277434,-0.3852659640699726,-1.862297757522945,-0.870181532274402,-1.356471785230729,0.39016186180273954
3358,-1.6371796670186485,-1.6828663860213844,-1.5739433249933747,-1.5498032652189375,-0.027636781070842928,0.14696563607183413,0.1988344844847847,0.15341488303058606,0.3638918749518623,1.5353934390711994,1.6118089015452144,-1.0768358081253948,-0.8234081768661367,-1.4927387673224792,-0.08645044717826415,0.6463989214817105,-1.2818493198411038,0.33618696934413245,-1.314261442608042,-0.08645044717826639,0.08440278260123871,0.191505661410555,-1.1864105377976606,0.18576706539546053,-1.296443897402928,0.08440278260123697,0.44621139379083186,-0.37618254205022544,0.2737732942715844,0.5403568173551184,-0.743161296076558,0.001300440196854307,-0.5292635199404101,-0.5261215599053831,-0.7044753617473013,-0.6681758118347784,-1.6686324463311693,-1.2645722445812708,-2.053555205553453,-2.369047670851463,-0.9105240052324144,-0.43829186225007205,-0.3438836029478344,-0.17778234043949417,-0.18489837512969082,0.14509615067527729,-0.1465367747161573,0.4470770253960017,0.4330619970741079,0.18415649264157227,-0.7113734451367157,-0.7338240615538837,-1.0618723693820016,-0.5712151009621951,-2.065847922166502,-1.6870998896935645,-0.28392323758850446,-0.9456013790947685,-1.3343434366075213,0.22143559410816455,-1.4249099069192748,0.3276106122887428,-0.5841954574997007,-2.078653258713862,-2.5954974701982025,-0.19043432351815948,0.34086075030352453,-0.7090580970192184,0.469550698919159,-0.26053776453288635,2.0266931526181775,1.7080493215615207,-0.39271851291383003,1.18476698374652,-1.4273119190700163,0.9016665668632823,-0.26205150207903816,-1.5615230502615078,0.24743825348555096,0.9397482372131694,-0.37649755422642256,-0.365396172586274,0.17323031933223515,0.46125701378863165,-0.6256100708029582,0.8809902307718182,0.5388892838468127,-1.7722969356048535,-0.9752327146251577,0.684884858859027,-0.46541851209152013,-1.9691234008610548,-0.9378644520607187,-1.3368169050832146,0.41126678356599417
3359,-1.5943474210059572,-1.5869089060970802,-1.4882615479311432,-1.4405213735171536,-0.2243355477219498,0.09346924306128605,0.02385259812322148,-0.05998390281788057,-0.37791307822200704,1.7001053435303544,1.5656919259557565,-0.7933788415918768,-0.44851990267713365,-1.2816097881285469,0.29665174723051857,0.8365973366135067,-1.165164829246805,0.7072577670340282,-1.279217377155374,0.29665174723051707,0.2376122099632817,0.5682845261871318,-1.1209826710565023,0.5429957583337467,-1.2759852483050176,0.23761220996327914,0.40535541805832204,0.4260853562240684,0.16585799047417807,0.9379671307531071,-0.6714419146378476,0.6176261682621862,-0.16173113174126322,-0.2579271124736943,-0.4486468723215292,-0.4533472165855346,-1.5055239176856228,-1.0709673152193109,-1.9138816353468686,-2.2435602130470693,-2.2480803096295716,-1.6851839187650928,-1.5776829425143464,-1.4415163279641792,-1.390776185269367,-1.1923076482591266,-1.3113306909197298,-1.0668521999818283,-1.1088306099061176,0.48719148989790967,-0.4012564169309259,-0.41161844826796773,-0.8929834761799181,-0.5805109208183814,-1.9997484668904526,-1.6157082639658693,-0.2440086927130644,-0.9743757848284695,-1.3502560670916253,0.22637270317525598,-1.4372212006890888,0.320244105698851,-0.33452240930847077,-1.9422479482041577,-2.5574224916135133,-0.3925953136377382,0.0684450704125255,-0.07933449609667995,0.5596293677385084,-0.24773819308564907,1.8288480379710155,1.8499830718272383,-0.12928903736728328,0.15894342407853496,-0.8499340125560088,0.9840728456876676,0.24285460178051563,-1.6770313881053174,0.35420451154846755,1.5097449707418686,0.3567479029594398,0.37653078776022336,0.32562239997405823,0.4684948752788113,-0.7126965268142265,0.8626570249073233,0.48888711020548314,-1.7488706303812076,-0.9689143643238488,0.7073981801246825,-0.4507441515568745,-2.077261902913971,-1.001496051871344,-1.3158797619636875,0.43989685531166967
3360,-1.5392416588760824,-1.5530847539531214,-1.4067610327195852,-1.4043827006439977,-0.20947546727822383,-0.20121032914000483,0.04580460844261671,-0.10958281798993097,-0.2468993170877444,1.6803505739726536,1.5049794181893046,-0.6945180652498222,-0.3202077885846474,-1.2049414802267937,0.5448733179983708,0.5422671336426459,-1.0515248688592265,0.6928017521443846,-1.2165602326868221,0.544873317998369,0.3861453622098738,0.5507702679432798,-1.0459568166430964,0.6255946561559539,-1.243657729926637,0.386145362209872,0.3830513567306234,0.14648137436723532,0.2234781677769226,0.8241900401159957,-1.048687627799508,0.59661420473521,0.017610141250906933,-0.09706235316226502,-0.3408988299083958,-0.36359448011301426,-1.4156139829418473,-0.9594917035426197,-1.842214834895733,-2.1791659599252395,-1.4523897556979655,-1.2157358250879486,-1.1167621959203846,-0.9992053615651845,-0.962394562740484,-0.7482538355022332,-0.9320122808430574,-0.5617982190533038,-0.6064220555505837,0.1561774959378143,0.40355494933063174,-0.45875241230549746,-0.4773420877709106,-0.4631275696443664,-1.988308485712063,-1.637700075925159,0.26815577749274466,-0.9988092618847084,-1.371185279938929,0.21030093710414705,-1.449540746910097,0.3127760762259095,-0.24734015337415233,-1.8872524380208282,-2.5210716715649877,-0.5411491092378504,-0.3267233508000449,-0.40776782459073385,0.3280557833805769,-0.22699028657792403,1.7296418959765314,1.7736583364159726,0.27348110375659734,0.23197312848932714,-0.9039275414864337,0.6903727413658709,-0.05518167478315914,-1.6048400871233643,-0.6156738418955499,-0.37162456598131566,0.21649263062410837,0.24526570499358855,0.46776253178818034,0.4985073430723157,-0.7765084444677814,0.8530480725834527,0.4802431263656137,-1.7251193406244827,-0.9596815263693265,0.7350565341874807,-0.4240958436292559,-2.180484512546547,-1.0629862814929847,-1.293970975799592,0.4776561311852385
3361,-1.515051213926581,-1.4888351524058772,-1.3711564560822087,-1.3977037267824977,-0.03959642960246745,-0.0535044685042957,-0.016881882520647474,0.03505090498070132,0.1109523560700926,1.4896636413153468,1.6497307544903081,-0.6716915443014709,-0.2917322753986609,-1.1839806892728781,0.6509984229058083,0.23257451633415577,-0.9578041056380208,0.57471946708912,-1.142466388003755,0.6509984229058077,0.49846678703543373,0.4167609535034123,-0.9737761905300493,0.6048536105799133,-1.2024931186024952,0.49846678703543223,0.1604790385083574,0.2814547436195956,0.0913516085484376,0.7216936562525694,-0.824609548690664,0.32463061880101135,0.09605373014806953,-0.035220690546603095,-0.2761927002509519,-0.3135181625089492,-1.3629332462817207,-0.8898090878585236,-1.7974879584460244,-2.139509109942753,-0.5311330539848262,-0.7652953612550674,-0.696638500256229,-0.6156903177133661,-0.5999849192727481,-0.3612002913305205,-0.5941339302900059,-0.11891026688730791,-0.16714525645754466,0.02152033042659477,0.7224612634188352,-0.3533389515107089,0.24193096636338274,-0.6051824052235929,-1.7716315697253737,-1.6967046499851244,0.9239974198237857,-1.0188987830750382,-1.406156334074006,0.1555297421453304,-1.458923831387219,0.3052167046833544,-0.2283897190611894,-1.8664714748489086,-2.4892253856058497,-0.7223457319760378,-0.6395241524799905,-0.3987760474800102,-0.2774687619591247,-0.394795775661354,1.7183674256828607,1.7914150848705659,0.5833196892852682,-0.050459928769151424,-0.06765212893274863,0.23757611018553762,0.1619386125848695,-1.6999591821821949,-1.0132019389665523,-0.8329796090647106,-0.1535288301665865,-0.11178342732768483,0.669744773336389,0.5942483424612314,-0.7552586263878582,0.8528835143021727,0.4174797717364163,-1.6979748504443095,-0.9577291632198991,0.7832095594564504,-0.34532465634224374,-2.2744021912136043,-1.135739184329725,-1.2739673812938923,0.5139438359679326
