,open,high,low,Close,vclose,vopen,vhigh,vlow,VIX,SPY,TNX,rsi14,rsi9,rsi24,MACD5355macddiff,MACD5355macddiffslope,MACD5355macd,MACD5355macdslope,MACD5355macdsig,MACD5355macdsigslope,MACD12269macddiff,MACD12269macddiffslope,MACD12269macd,MACD12269macdslope,MACD12269macdsig,MACD12269macdsigslope,lowTail,highTail,openTail,IntradayBar,IntradayRange,CloseOverSMA5,CloseOverSMA10,CloseOverSMA12,CloseOverSMA20,CloseOverSMA30,CloseOverSMA65,CloseOverSMA50,CloseOverSMA100,CloseOverSMA200,VolOverSMA5,VolOverSMA10,VolOverSMA12,VolOverSMA20,VolOverSMA30,VolOverSMA65,VolOverSMA50,VolOverSMA100,VolOverSMA200,Ret1day,Ret4day,Ret8day,Ret12day,Ret24day,Ret72day,Ret240day,RSC,bands_l,bands_u,ADX,cloudA,cloudB,closeVsIchA,closeVsIchB,IchAvIchB,CondVol_1,CondVol_4,CondVol_8,CondVol_12,CondVol_24,CondVol_72,CondVol_240,CV1vCV4,CV4vCV8,CV8vCV12,CV12vCV24,CV8vCV24,CV24vCV240,RSC_VIX,RSC_VIX_IV,RSC_VIX_real,RSC_VIX_IV_real,RSC_IV_gar,close_spy_corr22,close_tnx_corr22,vclose_VIX_corr22,garch_IV_corr22,close_spy_corr65,close_tnx_corr65,vclose_VIX_corr65,garch_IV_corr65,close_spy_corr252,close_tnx_corr252,vclose_VIX_corr252,garch_IV_corr252
2349,2.2316730052357925,2.1806957072301274,2.1207154569657956,2.1855491552250985,-0.7676094272028027,-0.7532441387077099,-0.8017688491637076,-0.737622941582793,-0.7444881308161961,1.8883661753713519,-2.0898545899626035,1.5782597482736338,1.4649354909189174,1.7117463693115091,1.2893327938818364,0.026710757435223838,1.4823131149262136,0.909472628351472,1.1147978425588216,1.2893327938818353,1.2282884515121517,0.6652761437166959,1.1957577376079684,1.1836219502695835,0.6010654408194345,1.2282884515121508,0.08364970042719704,0.11082081593533985,0.5138521746167859,0.04715436239901237,-0.5330327838275533,0.9267350110158014,1.1965291688167967,1.3170088048272237,1.3322845711748748,1.2249149749434192,1.6593734696600195,1.5915247346565482,1.9729616306360236,-0.03343904346720399,-0.7372180486256253,-0.5867223517312623,-0.46942539968220404,-0.3003575163981205,-0.18258771243486197,-0.5195776195884768,-0.4679795195130427,-0.3874340653535789,-0.4274359502906574,0.645757195980256,1.3552458519634794,1.2172470305956087,1.1099487025796626,0.03725756538272647,1.7413758775890087,0.7560007134294484,0.1423699191650289,1.6637924731380096,1.4990854056332565,1.5133229649968798,2.09646216933579,2.34153174048278,1.0459023992080974,1.8173406676539245,1.6638782243870296,-0.37585323702475637,0.026386625266773982,1.4959314016778633,-0.5420300022359021,-0.7271126199268954,0.6145677227362015,0.8348718303801155,-0.11308434148521222,-1.6358698943797232,1.9385624035623275,0.1138134949829467,1.5934007621775275,-0.8869721372901864,-0.3524959721878213,-0.7139960730016943,0.735778067184332,0.7398674604399551,0.05447549689682869,0.14525812636569535,-0.5170282170934052,-1.4262944174061292,0.883044047809304,1.7463703199867533,-2.28442181558451,0.8497598437252075,1.4463124424905531,0.05507677633634337,0.8178800821733584,0.20007185423019863,-0.10137898205493535
2350,2.311568660242494,2.1386660264609767,2.1467978862976507,2.0546791933425887,-0.7871118130270738,-0.7616468871787272,-0.8137322682672584,-0.7569264312521502,-0.9331346980407966,1.8485347178678784,-1.9721898667013418,1.4252219828171806,1.30064737460492,1.564005135268644,0.9832554646123207,-0.735171459504882,1.5412283418748327,0.26477299858538966,1.3458483458717343,0.9832554646123205,1.2101708340818194,-0.013537500529539233,1.3667044824078838,0.6996971683996936,0.8527342678809127,1.210170834081817,0.15507877820881924,-0.03736164659181893,0.3033980138911362,-0.5670168565946629,-0.9032646027096473,0.2024290225939062,0.8790995348356553,0.9310109894427956,1.162332514931276,1.004110466990526,1.4737942139211968,1.4324558085261365,1.7846227970348418,-0.13968922070076364,-0.9303978998159935,-0.9173010359987535,-0.8192752940546458,-0.6660486714936968,-0.5132596950141398,-0.776042948354431,-0.7256394120652959,-0.6680177523173717,-0.7100943376439205,-0.2847583998288486,1.1254515194673373,0.7817803558988569,1.1823689046336003,0.220289811682928,1.8682564009534632,0.5552663365752696,-0.3684402133974987,1.5303311993947173,1.6106271587062275,1.8800094228795028,2.1278029648506145,2.2874956979571235,0.765642082949438,1.66890213105545,1.758109118164742,-0.48809910204610485,0.9794379785341538,1.1836053562282824,0.4895437172598436,-0.7116386130216154,1.613235372045598,0.7610044535920376,-1.1680858336922546,-0.6933848209761708,0.5594536658254815,1.0346922050224672,1.3445939821077812,-0.8112220578484335,-0.3047595602227443,-0.37175562987967764,0.9209079703917817,0.9340674275744026,0.1555900800223118,0.364900619317368,-0.7055412391119599,-1.1704786281650599,0.8096476492228907,1.765505435206215,-2.2636175568709547,0.8403673912296411,1.442793337661646,-0.005457584538376764,0.7725246662256433,0.2578792035441442,-0.046641100633920005
2351,2.16567200473904,2.0297346862177217,2.1716437390459618,2.0543980157221737,-0.6855735384527949,-0.7391139848998669,-0.6738884456197468,-0.6681853014876882,-0.9202429629927009,1.8748301135184589,-1.9341607982929754,1.4798786625927032,1.3552363094286541,1.615056128616061,0.7274538248711941,-0.6185452169997637,1.5661875577775008,0.1520797200071977,1.5057980128295845,0.7274538248711945,1.1457413457294667,-0.17608521346232178,1.4944524923197973,0.5531734060393146,1.0913702108125707,1.145741345729467,0.19797020776770738,-0.20991669304044097,-0.2571722060739325,-0.2191494905231109,-1.6042081547796865,0.09384240442374141,0.692458896265399,0.8128112139931756,1.1584684057623456,1.0253360412279613,1.464943128343902,1.438759272465793,1.7949064210457877,-0.09735644151498525,-1.1092344316616127,-1.0968550027070891,-1.101302948710643,-0.9607335390547211,-0.819487263814022,-1.0184293959300281,-0.9731951443263795,-0.9411450302697113,-0.9817536290563842,0.0758033631246664,0.437590404525421,1.2767690272214502,1.52395950961085,0.5930276278130867,1.666909552170103,0.7253800020720731,-0.10122123990778185,1.4028420094905216,1.6992066455482688,2.169109141964509,2.1133355800034552,2.1719718071794776,0.7819755679083729,1.7293031372098435,1.831159621589466,-0.8723643034246362,0.714716024621106,0.5319351238132174,0.7426690479559459,-0.559053288730968,1.9209537335314997,0.5659997262501505,-0.9693054903821706,-0.1426947723683253,-0.3017673578730785,1.1261529466448659,0.7764373081861542,-0.6054693123815015,-0.8314968617481183,-0.6611684736501432,0.8734707415034683,0.924621057030478,0.577506324446612,0.5888778727363696,-0.9289112777289248,-0.9492262437970319,0.47471654864101925,1.7648661735373075,-2.2351903269484565,0.8278951553739078,1.4553662989479232,-0.13363688208645075,0.7238983287786351,0.3125587949930686,0.017580554681541634
2352,2.141968692725315,2.072708273797131,2.179501173989232,2.138827405344194,-0.7307788927250016,-0.689169123076274,-0.7343271403747907,-0.6987653903910419,-1.0818189094961872,1.8288578250712546,-2.1264165534763526,1.6366587976977973,1.5045381202927373,1.7724910402516938,0.6246238591244097,-0.24743512105716992,1.6290942361249376,0.2959047327721476,1.6334194954150283,0.62462385912441,1.1117611598234944,-0.07935003517059007,1.62846250258746,0.6058628438144604,1.3201337141335996,1.111761159823495,0.12242796111821701,0.19135235153726146,0.002153830730292396,0.12280366562988529,-1.5136158440728564,0.32326078490185545,0.7286266237469149,0.863821765092256,1.2895570215394825,1.1892444348538287,1.5747710570888653,1.5832830646643932,1.9267084355520858,0.05449805542296338,-0.37348240839311525,-0.7513922831436595,-0.8224989965397451,-0.7092399130736412,-0.5447173004866716,-0.8004708835775938,-0.7532551239111711,-0.7180225584391371,-0.7590152090152666,0.3322683144812059,0.2075394270103574,0.8782265164264738,1.740231961559704,0.4790898341206983,1.646853746474918,0.7055616002943133,0.42260884423252054,1.272061748016833,1.8271793253734063,2.4383357466555133,2.0901335202436213,2.216718965051381,0.9801452699910027,1.8255609804970916,1.756969061198749,-1.1297273449591037,-0.4807932142265708,0.9405844123930022,1.4511900434140523,-0.12306173889867575,1.61834091502568,0.719323113256262,0.2609154511825559,-1.3682693045900736,-0.6945670967184467,1.3909383234465458,0.7281547225140755,-0.7355102661538829,-0.9313170407619111,-0.3428668425155521,1.0186380498702865,1.0897677604550702,0.8214149770876509,0.7244761060943038,-1.1591348183666914,-1.1618764084947193,0.1667619523091981,1.7564945955592541,-2.186027879278947,0.8175917616814276,1.510497610834203,-0.22659229140068682,0.6712770415245243,0.3777425648858199,0.11238967634813128
2353,2.2590935954163625,2.1636348051586145,2.214026288314727,2.076292320237832,-0.5963612569018487,-0.6703743587502983,-0.6584822024006851,-0.5982486240292209,-1.0360554092690792,1.7630919099730387,-1.8535761736924659,1.610056662660484,1.4831634771967084,1.7382016308778017,0.42730361347633067,-0.4786890754694983,1.6147852462008927,0.02263873729533867,1.7088451687863104,0.42730361347633256,1.0015218560235017,-0.34909455047142346,1.6948217004097708,0.35447928761486597,1.5203183282666424,1.0015218560235009,0.22114112151876894,0.3451030959642773,0.41429987149124586,-0.40714347107356647,-1.391421918453074,0.10676583044416939,0.5165824840621095,0.6282882074571462,1.1750353737350547,1.1246437035879298,1.4834805051517757,1.5119528655464598,1.842900929650077,0.031866741315054695,0.08130283547879766,-0.5510880550128875,-0.5534660668466881,-0.567563523442754,-0.40354953040113345,-0.6901520630464527,-0.6420970117810192,-0.609240061835352,-0.6432909079539821,-0.0918925612489071,0.3116755401680515,0.8495321855175445,1.7474155836971546,1.0244052665130905,1.7102613037874255,0.7679659112490996,-0.012108133041701299,1.1811056638585387,1.9463978629257033,2.698737217422608,2.156690661947531,2.338548242974976,0.7675993610079728,1.6742726610628007,1.766584969597256,-1.20381137459497,-0.9640242045383051,0.5724211668839959,1.9719649875207381,-0.2024710281808375,1.635283936425086,0.7075577938852713,0.7655086150579256,-1.2491009090369911,-1.5895147125307303,1.9080879408951386,0.5347580761169681,-0.7282606947402068,-1.1905960958976638,-0.6503515092398948,0.9664808738612639,1.0473899505488071,0.9635057488238628,0.803564791583643,-1.2419693514993773,-1.3981154231585506,-0.23008436862839987,1.7302362204943262,-2.132367354680805,0.7974511172066813,1.60376268928647,-0.3329420270777271,0.6440019937205144,0.42806117860829923,0.21986252723294314
2354,2.114997862873859,1.9683585340950076,1.8134384065589957,1.7516059966136837,-0.344133634795786,-0.48304604042092897,-0.4357319713347178,-0.4059027741525537,-1.011301177254117,1.6271126075472462,-1.7311437914831809,0.852888839027295,0.5657068208671439,1.1038590257144896,-0.1075827431046595,-1.2787023010582101,1.3720779105866328,-0.8246473683514713,1.6617654310060688,-0.10758274310466001,0.6701763876578504,-1.1133809536068184,1.582948919066875,-0.3895311240133899,1.6461836580586942,0.6701763876578523,-1.143239828555248,-0.5464870625963225,-0.28400083747710164,-1.0225807472437902,-0.13873271104908172,-0.5741952976326472,-0.1405535069241822,0.06755713161414494,0.664272296439227,0.5951697541634057,1.0236309678458715,1.0183219048209886,1.3775602559648465,-0.33118938386597524,0.7936139783142954,-0.06424722466500084,-0.1305215821622742,-0.19170303601727784,-0.02973789142013059,-0.36356555261411894,-0.34548294712096017,-0.3082654854436718,-0.3310546640481968,-0.8803660885950664,-0.3898990158487017,0.6797219179544292,0.9121881355171242,1.0719273718272762,1.5125022249288096,0.7324430228332927,-0.7679174812856729,1.1254539866235904,1.9874990284218381,2.5651517495238303,2.1712104794201688,2.2183472917379787,0.10983931602196916,1.2778430289418214,1.8980739464122869,-1.3687317046228833,-0.9026123080052844,0.390250812627915,2.074177834532823,0.522666200974351,1.8056001572265183,0.7667711083584481,0.6612111779851199,-1.0055906548290194,-1.872541063558975,1.456665735397424,-0.1210743370418239,-0.7447231492507763,-1.32752827815561,-0.3606785726618914,0.9276893948871021,1.0308158040882678,1.2495702652918732,0.9101244882275562,-1.330363280417664,-1.8501650459703969,-0.8961698522715865,1.698830032226502,-2.07178638772611,0.7713464703034039,1.7027331997699389,-0.494793196491948,0.6283288681876724,0.46406439118846193,0.3369888713229515
2355,1.598424819329597,1.4929394784375403,1.09389494178249,1.2499224402772278,0.5663990677650966,0.2816044383260271,0.5205911947571854,0.3830726426470843,-0.7309143023040234,1.433903901768163,-1.4453398334244467,-0.24399642299094,-0.618141906624193,0.12445656421570993,-0.9124438515111825,-1.8955440346106176,0.8674654274685974,-1.7373996207386306,1.436819265802215,-0.9124438515111812,0.09810675289441555,-1.883308242453865,1.2521417290349153,-1.2998458675768436,1.652965266624172,0.09810675289441584,-2.025815454970163,-1.4242244024119384,-1.378880455072715,-1.0097251279191026,1.5129597172484748,-1.5060694710766196,-0.9946250371518358,-0.704115895990756,-0.08071536271729754,-0.2105147517809448,0.32118381161521586,0.2370021859736582,0.6680603061817749,-0.9107173338292612,1.4641565102607526,0.747796511123682,0.5689646070673771,0.416374161668424,0.6351847281656597,0.1720984946673818,0.18226119391817594,0.23720899877931784,0.23302037660337763,-1.3894897703734859,-0.891302596891252,0.14178300704671226,0.13454952356444896,0.6672533100515905,0.7801478744928028,0.23326751435677587,-1.216957696745134,1.1415390451184169,1.97350196026664,2.002252970975115,2.1360361406745882,2.1121963595689865,-0.7990261912552471,0.6114794833677155,1.9369411256538407,-1.1101882101018061,-1.0872235175403628,0.10843013408548027,0.6333481995809694,0.7112949410894482,1.4921150149564195,0.7356675487697855,0.922821314194676,-0.8120949684603604,-0.5788794943002262,0.01309203891125821,-0.44971456663793186,-0.7014886717722244,-1.293452298743244,-0.0477314222121606,0.6608708134887894,0.7742048878341387,1.3629366316607026,0.9416603980184909,-1.312972618428055,-1.198541878899339,-0.935981084301598,1.6563157974401728,-2.000928316893404,0.7176205608470705,1.7140740741142655,-0.617190038641353,0.6165220956151976,0.45363593879312836,0.3883887725653003
2356,1.1736647669182534,1.1334540030258278,1.2403013245763088,1.1091978290440776,0.7392021741031883,0.6433673124493773,0.6468969568113668,0.7548957649356853,-0.42507637156868816,1.197768863126163,-1.5020397329454407,-0.4848714574100453,-0.8484283725146221,-0.10745981533020427,-1.3126058395721736,-0.9767512367574424,0.43535991624796166,-1.4667375670048428,1.125738342331009,-1.3126058395721716,-0.37781932337069934,-1.5365878297192803,0.915946241241601,-1.3348234537168553,1.5674743083628848,-0.3778193233706981,0.3966449231902046,-1.1057443003825254,-1.1655601690063269,-0.24013442117529316,-1.115992944195308,-1.4324460945567732,-1.1504231496507227,-0.9407939726837217,-0.34470902084243504,-0.4286951968715488,0.09033273654412902,-0.020828054630143873,0.4606292959250601,-1.0708978526015356,0.034717477457855764,0.04349932788909799,-0.1276932626615957,-0.20403269135698587,-0.06806941781685456,-0.3551501045000678,-0.3445727907270886,-0.3248929027863418,-0.32536151613701164,-0.4398076575879933,-1.1081601445987228,-0.49277027899225034,0.4483497496996525,0.8933217653933218,0.8721260017582716,0.16159113547590812,0.14450012150962338,1.2105572812844716,1.942568388707116,1.5252112959076918,2.050005358291792,2.0174974704685003,-0.9850529669131461,0.4345694509811278,1.8765463134160163,-0.26461520545622536,-0.4418564044039407,-0.5706289934833666,-0.7315016282745551,0.21201389703968765,0.1845405746590727,0.25823116895636916,0.4179298533945818,0.3395828573163813,0.2927406234192504,-0.8152109265360573,-0.53393302115925,-0.24824752787650753,-0.49509112103216885,0.09220803406546133,0.4201948912885941,0.46481142499159117,0.5700538363098753,0.9203720396671888,-1.2981521362330715,-0.24599405727491078,-0.6342274106812373,1.6146330070773767,-1.9453151710083956,0.6669348679694824,1.6968843974756065,-0.7300185898650098,0.6106808797886866,0.4268964220577286,0.3433860865216997
2357,1.124149813521267,1.1133404140532537,1.215115566394085,1.2317138617609575,0.7262395535973326,0.7714711197698888,0.7258684640359386,0.8323020132062277,-0.3771066611671562,1.0804019976404322,-1.2241753820147638,-0.19292624393111207,-0.48463404717233716,0.13633328521451404,-1.1906736846864752,0.25966890333930387,0.23438458671939333,-0.6769269776142931,0.8433278671900718,-1.1906736846864745,-0.5957658644793259,-0.7095925889690188,0.6983207868901877,-0.8602289626570948,1.4425827742413326,-0.5957658644793251,-0.08537609439137166,-0.0978688607558612,-0.1712280060318309,0.2942699577364253,-1.1083788212625856,-0.6769721342778336,-0.837767088623187,-0.7750220606332762,-0.2424060048595674,-0.18674856469464615,0.23994433393326797,0.14644165913303567,0.6289729092438686,-0.9183088919641347,-0.8339784356327047,-0.5147921208704904,-0.6409873350255674,-0.7020965024824859,-0.6113699246523442,-0.7882658392437465,-0.771524151757329,-0.7714771921708794,-0.7772835633872243,0.3343378837371548,-1.0970427033010524,-0.6470548874770211,0.07173780567209176,1.2043809183507848,0.6321355528251296,-0.08083154207523258,0.7822643929626302,1.315494454157452,1.9144584756085135,1.1075459704939028,1.9729393335426353,1.932291470169132,-0.6801907008700554,0.6402457945263964,1.8225225177521653,-0.6423432882011725,0.06596617625906503,-1.0188922048010967,-0.47837924129989967,0.4532419922877177,0.35596216374685974,0.16589460420051177,-0.22215318881446763,1.1382742427456964,-0.35260295663575725,-0.7706063103674191,-0.9989724537385388,-0.1392083586525888,-0.6441487175201647,0.6275668332768035,0.3349252625413005,0.4145084204764825,0.9518197243964979,0.8613020260721421,-1.233335174846083,0.14629148825408672,-0.6371758505342595,1.5663685232233957,-1.8777010702318149,0.6172844221242336,1.6689469038856064,-0.8393262968511797,0.5970878718513882,0.3360115649245584,0.37099719862753183
2358,1.229288490925465,1.40516139092408,1.3416119355383527,1.4814409118691387,0.7187348745380875,0.7624254222997259,0.652279250694499,0.7879212793869047,-0.6234700251400299,1.0915213040810576,-1.048309715605832,0.2853046838614578,0.07255986386898039,0.5572442606252668,-0.7399016025376349,1.0722239432728304,0.26775639796120015,0.10556486121659865,0.6684213538856552,-0.7399016025376353,-0.5649777037720488,0.09547539986975433,0.6349964711016352,-0.2621453147344925,1.3284164246291004,-0.5649777037720481,0.33878976166838826,0.8686008000497392,0.2709011318666314,0.7138030134336439,-0.34836246819773115,0.25909046898942656,-0.3915084278960201,-0.40081477317627257,0.004180425728980749,0.22815107715960367,0.5506536404670158,0.4961110105169217,0.964917567787369,-0.6166498549693483,0.08100929987514574,0.3812660149033198,0.22732563500732364,-0.07813428180279743,0.04640484749843071,-0.2551814230216362,-0.23172035623393655,-0.230874583594947,-0.2219097904212767,0.6780431735697744,-0.7680527455498812,-0.34303605792939024,0.28778262518916226,1.5805384195343573,1.1384976239252786,-0.16219640441910274,0.830753606726463,1.499209793341727,1.882623521556985,0.9157384673631113,1.897573536476477,1.8550710769020138,-0.16745771250688093,1.0297594202189502,1.7618226421525784,-0.8794255668788812,0.15882565070337865,-1.1103150028849877,-0.9753325258332958,0.9580819169967274,-0.06811349667358625,-0.07007799047439969,-0.3820256151943364,1.276673882516974,0.09607557055630955,-1.5689142491386379,-1.400540111114432,0.132434682349127,-0.6575570860820602,1.1662953404674035,0.5704443428566363,0.6673546261601979,1.1843441076229069,0.7627731858486348,-1.0976498326010813,0.1857733990830836,-0.7344993267079676,1.5155376727690528,-1.8105209729701706,0.517402620741717,1.5763996852273827,-0.9080007927590805,0.5725602254326311,0.24624346998293797,0.26860874950740804
2359,1.6661914903902522,1.6909161795325727,1.6259939724808818,1.818732260255783,0.6252039167556779,0.64428382596147,0.6776922130215258,0.7215001719348315,-0.6943471715614499,1.3878860225793008,-1.1247220384545635,0.8580871459089716,0.6781194878232842,1.0945417668755097,-0.08843065315312099,1.539961899106132,0.525290536422655,0.8435619745965365,0.650416685423372,-0.08843065315312092,-0.3109202866890319,0.8212864552001624,0.7457221099010486,0.4122080969355048,1.2682562601337712,-0.3109202866890335,0.791800233738626,0.8592235928112315,1.1840950034199063,0.4813565391462873,-0.46620677644729364,1.1257931233364684,0.21612372527121113,0.13063489660365998,0.4165861120580065,0.8170360185105697,1.0138947993689185,0.9803371563226456,1.4264757422636714,-0.18704885013875835,-0.46823886186051955,-0.12134379477914427,-0.1771431971025968,-0.45254435526223974,-0.3730739205317765,-0.5735559908565574,-0.5169912799737302,-0.5613167585230653,-0.5512235203266491,0.9804628479636298,0.04190085757887731,-0.2434347221423735,0.7190661372505053,1.288103158246079,1.1627732333669938,-0.012252886431188811,0.3047196889603545,1.7093311060739331,1.87163147640171,0.912692968870446,1.8286578465967456,1.7846572140434571,0.5492143155119542,1.5621270108485035,1.7053757943786945,-0.7831177039097057,-0.4158564348949661,-1.3700403994985033,-0.7218117539462402,1.6205044342713713,0.9024995050956768,-0.15940781643990087,0.2623244868676916,1.1984232380063062,-0.3913815704573354,-1.8275679304122177,-2.003415213450297,0.2695457824619503,-0.6934046614473514,0.7592348693728582,0.6540737140512207,0.7361117878671951,1.040682469680655,0.685771042789865,-0.9529702218571487,0.1322547690902132,-0.7840787346282213,1.470014128013341,-1.7489831337350052,0.42044457813516145,1.462745913668474,-1.0193869751885436,0.5417284899357517,0.1314717079107442,0.22465971429356205
2360,1.6895566478339816,1.7362921490011385,1.7546664438919035,1.6843878810753785,0.6534371018239012,0.624641313761397,0.556915464329362,0.737452065471896,-0.7822735622953997,1.309595416375548,-1.044419910246086,0.6535582680975112,0.4608786063476968,0.9037732813488702,0.0485902043237687,0.323568377635141,0.5949888714108151,0.22395515187718698,0.665436832015552,0.048590204323769336,-0.22583444167824698,0.27508456911538426,0.7663301405147857,0.0668197057146817,1.226533992444477,-0.2258344416782455,0.37312762745246847,0.13308163200139406,0.07884901051587664,0.012324309795121552,-0.9643319414824172,0.5775812303810386,0.054938673347958676,-0.039405529795289745,0.1985001658106415,0.6101480930288263,0.8082726414086431,0.6996342193018078,1.2250082844789418,-0.325798749298981,-0.37347107601145635,-0.31456757647597317,-0.2928319262414525,-0.5894212608173411,-0.5443179242262903,-0.67455935998929,-0.5118153448140023,-0.6695118589770629,-0.6626425958259836,-0.35910651910475383,0.5183911863454215,-0.26569289596053464,0.5298697543013304,0.7020749348517685,1.1135349427398171,-0.2692793980610363,-0.210219070871778,1.9749080296912365,1.7946470651160518,0.9637552622749447,1.7658507156208623,1.720114877926961,0.40394493755048805,1.4093076405796028,1.6537140360315408,-0.40775683572826554,-1.1486843548136734,-1.5145662955498898,0.06655803324777572,1.3064929271563144,0.9941205104029184,-0.020200372008250613,1.1540245116689065,0.9148121261937578,-1.3191895653192636,-0.9315570316448774,-1.834207274678806,0.11081825378039951,-0.3186613684613921,0.8261567644720845,0.7838745536318295,0.8263538175916095,0.6621623143932442,0.5497139688549229,-0.8436577320329188,0.00645627355359354,-0.7954921879540651,1.4250274394823765,-1.6922121789501914,0.3017650008201883,1.4087478691878421,-1.0456895635331303,0.48673463632791814,0.05107523484341012,0.2868533219774163
2361,1.8511952780908527,2.3563910123208966,1.892235859489417,2.3214759990151443,0.8161987138676811,0.6664169707973794,0.6920271207407659,0.7718271701111123,-0.7823027486822629,1.3993879649483587,-0.9831349863943152,1.5553468203250393,1.3255902936706832,1.813656137287808,0.8691910241354772,1.9171351950591262,1.1175748127906533,1.730388808445187,0.8784519857078817,0.8691910241354771,0.28114039550895653,1.6281211129189201,1.1152622499430713,1.348180489768913,1.2866595552803926,0.2811403955089567,0.42631007162746987,2.0786260179247864,0.454146474539534,1.7204905543157394,1.6710979755207076,1.713995925202083,1.1561999907154343,0.98386198496487,1.0676857069680366,1.7179235948812261,1.7632934749319804,1.7108368340659854,2.106265515805075,0.5786993460590645,2.567927904342268,2.176411063920712,2.3345137815371486,1.7118800502904687,1.6681329855411824,1.2094212556117074,1.590972751420913,1.2299907596737187,1.288764268610902,2.0090603045693562,1.6075498228675504,0.3405036660872201,0.6624505374698559,2.117483805212154,1.1074343751976827,0.042537737500981436,2.1821982447234642,1.9839101945883946,1.9373647018322677,1.3328125310130934,2.079619439715583,2.416369655202253,1.16793597720311,1.9048905705050765,1.5471252041139667,-0.7606570164463627,-0.7761561089818558,-1.569989805552744,-0.16749866251105142,0.4635476217096323,0.9400246034812654,-0.2592963214635542,0.660503591305904,1.1994512433712972,-1.1268583216757726,-0.48686361315258797,-1.2721560201154511,0.2939566139535015,-0.7240621255037658,0.8104971159062349,0.7501089761322162,0.8308563126442408,1.0822306868066618,0.437876855896886,-0.5271976384469201,-0.11408413102370055,-0.9308887048799354,1.372943147372543,-1.6181742928010094,0.16925707750055843,1.3861084841935964,-1.0250833699417605,0.41392957100203115,-0.08638478137337065,0.31562976512248203
2362,2.4025145834858534,2.218044688997704,2.0105525257070984,2.154026362989163,0.7981475683419668,0.7767871050072976,0.6896262969161683,0.8674785855801808,-0.8449633161374722,1.3371980236068792,-1.0971967510927054,1.406806150578118,1.183790640747864,1.6548412104358863,0.9725482629801793,0.23835333452626026,1.3446925794419238,0.8140299453922251,1.1087282340535243,0.972548262980179,0.5118352043001936,0.7402467464966426,1.3172205027262323,0.8388618058436962,1.3874836595081073,0.5118352043001946,0.4770936246970997,-0.19088822421984736,1.7593278441342763,-0.5304930983518141,0.3849407234292627,0.9252062414216177,0.9644924646554064,0.7955973704518323,0.8456654762423,1.5014790918634158,1.5647974216468006,1.4554954282158208,1.8857108572165582,0.48183460327542926,0.23506144724550823,0.4293340923628102,0.5985034652866112,0.36837223070006814,0.327884743392746,0.12869330811622334,0.42780445083142365,0.14687412617821494,0.15661404406583687,-0.2735994921778545,1.3140602204342327,0.14473524861502987,0.3019157339366502,1.3287758022235119,0.9044532510426058,-0.2377070923078196,-0.17605501774198848,1.9575915088058333,2.0513486425435548,1.6635881654594769,2.017999402084778,3.1169330066837757,1.0274571617603607,1.1818354833710185,0.6355121103356339,1.2305517998640656,1.6241329833569769,-1.108733351106192,0.046669238156242694,2.472767102293841,0.9579856000609336,0.027765266690820616,-1.482831360757147,2.0936013315695483,-0.9608193385760861,-1.862933762445852,-2.34013994513822,0.16075006884592438,1.2353419616202237,0.9297836710041277,1.0106999033108053,0.8931482434593347,-0.9717984586052918,0.413457887422856,-0.2795148854184302,-0.419983887725675,-0.48209270016668576,1.3259605410124484,-1.5602845972198043,0.004971326439497971,1.2748596745162084,-0.9775845007952729,0.34484694821310946,-0.18373296725536195,0.44261073718973953
2363,2.1780577526621374,2.3195089572930816,2.242588944763045,2.2812793801455777,0.7521513518052272,0.763030900822159,0.6948827806055871,0.8382486659542087,-0.5347917834347039,1.310707304063298,-1.1363780027686414,1.6579073381392186,1.4238996886229602,1.901388406113262,1.1171083105144881,0.33158004641543304,1.60123526095684,0.9693492192657654,1.360140279491132,1.1171083105144872,0.7666780115417069,0.8122550335408304,1.553836120167848,1.0422386271278827,1.5285610930145603,0.7666780115417061,0.912488103464552,0.6030360493461382,-0.42248688837916104,0.6355002227444119,-0.3730373972918066,0.9641163471630785,1.263686827919904,1.0717191941406858,1.0631692273361146,1.7694895901315983,1.8060414518250676,1.6879596603728155,2.0834555582637755,0.8232957860072381,0.31863787836547014,0.5088105455100408,0.6502837307554067,0.5430258135748977,0.5037354607551384,0.29494812646415763,0.6096248074623375,0.30917166374300586,0.322009901649272,0.6262733729688094,1.2967486113518416,0.3789096076151548,0.6041285906179601,1.5655342458214982,0.9165640075860823,-0.13858992174845775,0.8207495253045664,2.0481790231333323,2.114998453964705,2.0286319392303915,2.086407102612293,3.3116583771408976,1.2372860731415627,1.1819798586486052,0.3966232511057204,0.4006783024526517,1.2536944639704062,-1.1679587861593779,-0.5427654951761248,1.5576096216842303,0.5783415109123795,-0.22700756697097044,-1.2795275442525078,1.901576836694803,-0.42752533594068426,-1.614279023783537,-1.729419928315474,0.35124356366047926,0.13676819437695673,0.009554897189502596,0.601841984607532,0.5729945606936283,-0.14225463116412013,0.23595116640698827,0.19529391440664862,-0.3738151875646632,-0.32565486866770005,1.2770658105414108,-1.503378398990555,-0.12814195267604664,1.2139321610268075,-0.825915557209864,0.24941763199435577,-0.2964475389836689,0.5024608636367971
2364,2.2402100384731165,2.1211022538247724,2.0155968192378744,1.8242150554182277,0.8772346316168506,0.6204430427275194,0.7703177084864813,0.7450879167867508,-0.31023411158093434,1.1829505691458264,-0.7898192255323184,0.7094374036658385,0.40836287995458626,1.0471582610024925,0.5031770244813961,-1.4328051623123368,1.4315451626041857,-0.525053916761651,1.4536885399191941,0.5031770244813966,0.588049339404619,-0.598956871054233,1.5034717714935697,-0.0960460843894924,1.6188308124474786,0.5880493394046189,-0.4866822847519095,-0.40075545129012313,0.42817250911049703,-1.2027858683387274,-0.10551668569833943,-0.29848997094169233,0.48310284618935967,0.4095422985578373,0.37238270887232205,1.0010860028893853,1.1769026124088198,0.9653829978710738,1.4717805517842626,0.24403266179001315,-0.6170806995988246,-0.2204475910310202,-0.12989185706479608,-0.07710967462031472,-0.10911269012553713,-0.23113489486910244,0.023671471034094768,-0.2384214152995244,-0.23147334317996593,-1.2196031668234224,0.3199734276624884,0.27142466624184847,-0.0003346913461640089,1.198546419623515,0.3335799255881224,-0.5739774024629515,-1.1321934878597362,2.0891804290093767,2.1026549100092926,2.1925714900640734,2.047800578772257,3.0300665364912507,0.41573563785616685,0.6285129401537944,0.5087340348848813,0.04153083895537173,1.1548396284799773,-0.9188942768973372,-0.0881966484871312,1.7555582823906863,0.615994942349531,-0.14453555901915585,-1.2576431808510748,1.570010237628605,-0.6817642823717948,-1.4210069586698064,-1.7124825285073657,0.28969644498317176,-0.12717631886924866,0.36960554083755837,0.33019501278070934,0.3467540842934651,0.26632768169474225,0.1249757570579862,0.8864006303309295,-0.3280326406968999,-0.1656456870027332,1.241460056556106,-1.449069342600888,-0.24186391281140748,1.1914844438080605,-0.6893171011292484,0.15564227288866697,-0.32086009652919834,0.6209163753838831
2365,1.755010690134888,1.6745893006692107,1.5146997990423396,1.7915357187736467,0.9039986306099803,0.8713592044246659,0.8433767991674485,0.9964449255917255,0.042933328249829414,1.0178916307917292,-0.6558536467835303,0.7747025165059925,0.4837819669127306,1.0963199265122583,0.14756134775989166,-0.8100801824680793,1.3078985055122165,-0.39160577466781743,1.4635441812650654,0.14756134775989221,0.4354548030031496,-0.503838879960659,1.4520890439132224,-0.12032095135776666,1.6683309722761026,0.4354548030031484,-1.4411237655825428,-1.3521815533759898,-1.3244562759985925,0.2997870953848063,0.43422154559768744,-0.47425691379369694,0.36408733643961533,0.42593647367454934,0.3193576435531229,0.9443218584147506,1.1616223412621312,0.9283637798211508,1.4410782788675556,0.2907814896243073,-0.8777866883992176,-0.3193738360642997,-0.3241278133313975,-0.18724616707750694,-0.255671042247521,-0.3486765576030035,-0.0965438540355952,-0.36573407841728367,-0.3599417312165885,0.022365152207890013,0.4962836052222439,0.7581000479678193,0.0994850547514138,1.1014181506445393,0.5251445368338812,-0.5821220054175195,0.5325594878456409,2.140826930540983,2.071003225287977,1.9404514488108384,1.9893125643216898,3.0368836751515205,0.44543052920293535,0.4816058266633447,0.2414384543870301,0.24341845552416327,-0.5820036149560502,-0.9548379062749156,-0.955419042626018,1.2590159841824302,-0.5107090062628551,-0.5570112879208157,0.7004232196042776,0.6276581366257719,0.1609068139792477,-1.6837117225499794,-1.3871919298057165,0.664856385102367,-0.0196475592395925,0.125139525860396,-0.020810726944820848,-0.014107331112846776,0.06486765892092948,-0.13737112624595982,1.336760715828704,-0.3050605545312853,0.15211883221886358,1.2004786514788819,-1.3926971687607397,-0.369259374187007,1.1784819909363737,-0.513188402037493,0.07228921718131798,-0.36859499003358787,0.6613392871201652
2366,1.933580605680282,2.0061979962810828,2.0361842836037543,2.0768171317604662,0.8479072157539171,0.9077723893349848,0.7808386108205666,0.9673285840474054,-0.1709001673871027,1.187078089517675,-0.530528071760589,1.2562811166812982,0.9859964531830446,1.5533923915633343,0.38897132146201685,0.5649039609814638,1.452906917148024,0.6016226399187719,1.5242927301937603,0.3889713214620173,0.5568383396439487,0.381135541471141,1.5655011812956932,0.603787335030394,1.7326585788360036,0.5568383396439454,1.8116427170964273,1.3198868981629666,0.7163480006384905,0.7202984516143571,-0.8641818406440778,0.47502694743655427,0.7798058771641616,0.9243742180493126,0.8041071185461732,1.4318474648955868,1.6135636926784451,1.4359946581764331,1.8387525150176665,0.9239125412846086,-0.013226233884166558,0.08740105766450423,0.07217137140067711,0.24369845692461004,0.14151462846828436,-0.012285829829200692,0.27560177153254906,-0.04300031318866144,-0.027948022400091865,1.098403361054973,0.08900768903825183,1.2644243260088428,0.42046946005809516,0.8993114714430773,1.2835282710369669,-0.3091613842053468,0.8105789951172108,2.1907887781171143,2.0858687462449708,1.9219166272321222,1.9422517990966601,3.0906388877551736,1.1370781277668625,0.7840441458940642,-0.10234893979443159,-0.33364146527729355,-0.7320502367387034,-0.3157713706611935,-0.9515551284097624,1.056179141914003,-0.14727802015314323,-0.5852321219696209,0.7258920520028176,-0.08757548942528291,0.6913741348764619,-1.5190745961594767,-0.8948261228972023,0.6759366142594436,-0.17201941790651218,1.2640724652331032,0.14599385552047786,0.20275809883806067,0.6332120019404236,-0.14921612266112594,1.6051588369369558,-0.28548914582574786,0.27061056033284475,1.1541284584917264,-1.3189003073076404,-0.6525641815074308,1.1724641703049548,-0.31664770764936623,-0.010556753429685336,-0.42062881512790057,0.7735676729006749
2367,2.1989779580558007,2.253286713166698,2.248010118707239,2.29529429716987,0.811622498982468,0.8656041642085208,0.7728764348131704,0.9255473551982345,-0.4586338509156979,1.42739532935696,-0.5040562020400157,1.6060457362235432,1.327681968932077,1.8982630709895274,0.8135045861358096,0.9952085850372795,1.7301659550754915,1.143793346998299,1.6695313998925558,0.8135045861358111,0.8266481452844401,0.857105983432639,1.7802233819316782,1.1023895488257203,1.8358776131366066,0.8266481452844399,0.9113056438344265,1.1124669913542096,1.0693790196407582,0.6242965105780063,-0.7409009975688262,1.1084558344170448,1.0948289904660666,1.2539046769063416,1.2328804341976867,1.815548577910215,1.9847472283515388,1.8550993860567588,2.1510822343694787,1.5425423374111977,0.7484894136956519,0.6146700511024179,0.7418769075034056,0.9003198180872705,0.7632819964141634,0.523631537612956,0.8607845002410296,0.5008645096878054,0.518915332687722,1.0032869812803726,0.6504293366376818,1.4631416313690122,0.6305905176302167,0.9464243028837828,1.2259187522840431,0.013178896653191871,0.4353061907005099,2.186201368869806,2.1697847059702813,2.040858433342669,2.213716571995148,3.249042008524573,1.1786018615063132,0.9013225187368221,0.025946768415979357,0.034767409438883214,-1.165373471914814,0.7032877903791693,-0.45771990363390347,0.7480957097072899,1.4342245033898415,-0.32470005749039044,1.2980357825101887,-1.3253269051112295,1.0389268122832194,-0.908133779679213,-0.11659137816128862,0.38907698265624674,0.24153752810807158,1.4491331353328845,0.486766633932872,0.4950355689093212,0.23703827788665177,0.06902523124601483,1.8356380318331014,-0.42546584919290237,0.3341974557882811,1.115558724089242,-1.2417298436034552,-0.9555416752618213,1.0233330291035247,-0.20788677701381822,-0.14041430170811325,-0.5282123376141948,0.9148251686450382
2368,2.4680826304842887,2.3896400815865673,2.2625539567456525,2.1013047273117618,0.8820035992348667,0.7103107613864054,0.7585534540148904,0.8540844869069398,-0.4778068069300637,1.4282665600574573,-0.626898738733004,1.347046536504857,1.0603905724483287,1.6464103095981129,0.6636410059462663,-0.3441578064652955,1.7569482699398928,0.2543033750192842,1.7714838620905686,0.6636410059462677,0.8298429332343914,0.013701498572685088,1.8435452283462332,0.48964095155331766,1.9273363876728355,0.82984293323439,0.3116018162149866,0.8188851583370662,1.1990344517394593,-1.2094960603062197,0.08121552682372928,0.636350586495842,0.6425428882756603,0.8208634304857211,0.9557945011557287,1.4324333208353068,1.720545348266322,1.5567781029197951,1.8864177322087263,1.358186204505577,0.20173083691026944,0.08765916646472531,0.20778209685197532,0.4203594423093934,0.2823848728493947,0.14244206528159797,0.4214709496060592,0.11768870896222429,0.13397268221859482,-0.4236662918612478,0.18169725756290103,1.091363495030997,0.5256120868360651,0.9016366137421737,0.9845623717109669,-0.2654614032896439,-0.5627917201493914,2.119297634343153,2.233683322563279,2.220123436637345,2.362964679319325,3.289549537197573,0.5036565435209923,0.41691475589667454,0.06357135358100414,0.1659169743500229,-0.533900362735317,1.365289057943145,-0.05228357659654383,0.7739337214634069,1.3666321314989278,-0.0033557322072164763,0.6358732237481789,-1.6145928570447001,1.1867455215212888,-0.6254165517711048,0.2450989351317282,0.07130532942501601,0.17783353658072815,0.9159876406478937,0.5200259924360863,0.5162734989267563,0.12263872580691401,0.2339281688682144,1.9213206617494982,-0.5682095463404804,0.31160110745911834,1.084791145754598,-1.1905866394837867,-1.3954963175940363,0.8997585973571113,-0.1656098656755306,-0.29015942437691195,-0.6620063534051683,1.0633467292466219
2369,2.192437651067035,2.172869278912221,2.180052835373393,2.140199139132261,0.849612659124503,0.8926494764754868,0.802863968249939,0.9107283238404664,-0.695448325548549,1.4473037908354802,-0.4660263232691144,1.4785622746221183,1.203592980829514,1.759924927660046,0.6152070344100831,-0.11204872173200066,1.804020351973685,0.36156465076861494,1.852178791068546,0.6152070344100833,0.8511708894266015,0.08171617493552227,1.910560457823454,0.5537562357982172,2.0105993631632395,0.851170889426601,-0.04011859240559656,-0.510439236567393,-0.6516372695846131,-0.07622461860377347,-0.7666244710756867,0.587880495027577,0.6848373096067841,0.8088937186265845,1.0690749181739019,1.4921646671381872,1.7969934105584313,1.6496529058067981,1.9447371541841296,1.5860318648627554,-0.18085131935542753,-0.22132440089879585,-0.11580860544313326,0.1547192302144078,0.047385843374827576,-0.05811777663942696,0.185923859552776,-0.07778846963768428,-0.07167219789080531,0.35681398398393027,0.9031736732280423,0.8772401756551723,0.9328847563022661,0.7780974859880109,1.4323277037381232,-0.4328253349700891,0.3542497343602154,2.011837714070716,2.3153871502209857,2.3489217011187153,2.27485785827529,3.0072167470769546,0.7354333323616623,0.6511342421194709,0.15775766415249204,-0.32923787827642587,-1.0828515652314123,1.085230154448629,-0.20045538557975007,0.7196234991861827,0.9111241566949201,-0.25557153726083537,1.1291182428516382,-1.6143212869702632,1.097557794568978,-0.6950453668807083,0.12755377885813576,0.3189319023955594,-0.15867595138927676,1.300948046155115,0.6989500449453532,0.7361217758801571,0.6060362120140331,0.41409618931627756,1.9774292673177,-0.8634953327454458,0.5671458687500909,1.0525615404756952,-1.125267628590247,-2.0526395000680244,0.8352162768161153,0.02206525379808997,-0.4247677610598497,-0.7713913744388524,1.1689351555977552
2370,2.2886523667002208,2.3721266797763345,2.295024034892513,2.2551385894467626,0.8933864294507667,0.8079561841387988,0.7282255837394176,0.9043462784213482,-0.4455455925303242,1.4211839829794781,-0.3350420297372368,1.6823669922649644,1.4118651777728841,1.9513264430332338,0.7416063601623524,0.2992288687117899,1.9221273763667799,0.6945384386290728,1.94537314539118,0.7416063601623539,0.9539567463906243,0.3596944887198195,2.018658327087893,0.8173895360596988,2.09810695776165,0.9539567463906259,0.6574904505485494,1.0788397997588175,0.6108338263414724,-0.05835036883141085,-0.1721078179724925,0.700708521471275,0.8470207289605703,0.9582818472690493,1.3002921453399665,1.706579681938579,1.9838384251295462,1.871343206639362,2.1035103887989215,1.9502578438293048,-0.22812042887326914,-0.2531340410374673,-0.09486648857459765,0.15416334615666824,0.06241475987710248,-0.022429074019834908,0.21274297854031485,-0.047281042713202125,-0.03660421974830802,0.6621560803065291,1.1895668424652204,1.194162650945205,1.602504255177346,1.1240820427232718,1.817793795812299,-0.5946153743829222,0.8841121284337315,1.9137618993552157,2.4133326264348423,2.5388335968280114,2.330457685768407,2.9687809490953403,0.8813020809844494,0.7973111958555413,0.22041986092366245,-0.5994699349006476,0.0426024023136271,0.6970186433162825,0.5230481233797458,0.5403332599748041,1.8363749881707896,-0.4280207599500293,-0.19725716097720852,-0.654999170821509,0.07020979088675984,-0.021468486611114623,0.02896580152073147,0.4754391751119208,-0.7780060434059008,0.18968845634540626,0.40475261875704477,0.48262780752883727,0.8774270075666333,0.47799094832754085,2.0104678150814763,-0.5809836975323082,0.7877767089803058,1.0165130373194398,-1.0485072445570855,-2.8452312168520457,0.673261513101945,0.3438550806307852,-0.5575876143057884,-0.865939630047274,1.226107734428782
2371,2.170036984570187,2.221536544134376,2.0980244563163057,2.2403592652764135,1.0182986392375823,0.9218175715277558,0.876210553001449,1.100327627192814,-0.2889500582698011,1.5018802529794324,-0.44961875978765664,1.7280643562735971,1.4676664771406351,1.9798980639487729,0.7192575212346983,-0.07268506392047644,1.9761300596074705,0.4647581977772225,2.0203345004523117,0.7192575212346985,0.9834718289786841,0.11616958991916332,2.0830740216763552,0.6718557522407322,2.176071005814404,0.9834718289786847,-0.5330297762720916,-0.3458517724685526,-0.20579099923942804,0.36359445575634364,0.29892624314354765,0.5358687284653336,0.8329206995676066,0.8870727521967858,1.2898032259094423,1.6428061028771153,1.9603541543362244,1.8658673353458868,2.0767511324861614,1.985992423237739,-0.5282698100841544,-0.3693335422585732,-0.4017808017660465,-0.16779164718132183,-0.1514493922238311,-0.24134361454427505,-0.03571083574269656,-0.27669938663087146,-0.2732674106815891,0.1549480766019552,0.7641126673503476,0.598255335532517,1.7621601641948945,1.1416705325030523,2.049290593056149,-0.5662834481554322,-0.03562199484749555,1.8058782737086707,2.494871246342386,2.5971169389706406,2.2731806107478394,2.749353089037073,0.9478752577839006,0.9510874034756857,0.3912470548676697,-0.5542743350711368,0.8640625322865891,0.9889188528584475,1.8863257145404553,1.036567573027857,2.572850761448099,-0.5915311787001222,-1.099721251252008,-0.5165724663779535,-1.0452421850438947,0.6372531642418449,-0.14868511543263216,0.6846606138304654,-0.6456842026356943,0.5555551138848656,0.24073860555507162,0.32792112741475987,0.8535526429630689,0.5413990286869732,1.986992510571608,-0.21224285368453766,0.8672553332890509,0.9842349027494123,-0.9743117968720341,-3.54432715032944,0.5696158088070837,0.6873651822654163,-0.7347790623355982,-0.9337768329068311,1.2246791419840393
2372,2.213007767413895,2.1600788631722154,2.222001721352739,2.1639565230241944,1.0192693274607492,0.9798746698699955,0.9250586294858314,1.1044862925210264,-0.3461951628075171,1.4487745351060033,-0.33830150493615424,1.7012044945743852,1.4562274391673273,1.9330011679603474,0.5301993792127495,-0.46207159245531687,1.9454491339687239,0.09900567155192457,2.051792897743929,0.5301993792127511,0.9098974328428239,-0.2409933321870415,2.085286543041043,0.37759360581486956,2.229728847811068,0.9098974328428285,0.6614909803350962,-0.018582761790966334,0.3589150302477276,-0.14608755727589834,-1.0914549159796982,0.34679390749060035,0.6650949424112039,0.6792159549881462,1.1779841883223845,1.4889630496328594,1.8463936809401913,1.7517635451490228,1.966933582642686,1.902562243279288,-0.561488678440243,-0.5422931223464045,-0.6388232001898452,-0.40276646315684855,-0.3557032313529191,-0.41995641341103734,-0.2379348985456572,-0.4590519985375168,-0.4599007339704404,-0.07369955761940104,0.28800884005589295,0.6658379650609976,1.5962368267719127,0.9796755009938808,1.732140141958593,-0.4589163786807018,0.13384431723965154,1.7384910714904007,2.5367605123462367,2.6460404564283,2.2031760181223414,2.5865402979318235,0.9030500984715807,0.9660448938562373,0.4715868094755991,-0.8161653420377815,0.15476313325227878,0.35857886168427217,2.3170963008120644,1.1495005135245264,2.943781030394082,-0.5725646012587318,-0.37564725499136686,-0.2697213137194286,-2.0064662320788957,0.925824760965069,-0.5911172982074075,0.6771079418904616,-0.7565162160535713,1.0437962002333365,0.2650541283524586,0.38618768473737,1.102156979542457,0.5836569167587858,1.9656790317848896,-0.10404331155782127,0.9451105032896481,0.9599350952078377,-0.9039362496015787,-3.8975644603006243,0.4770111098291193,1.0643480620296362,-0.9174819322787893,-0.9960304695748077,1.305490481314805
2373,2.143273460358756,2.278148822863326,2.165316047156595,2.3074751605055344,1.1743371855197131,0.8685460810553295,0.9928286249234198,1.045056601809165,-0.15346894930476476,1.582581341019952,-0.5340302000005405,1.9039816180472555,1.6545670402801735,2.1306099930014675,0.681557008007556,0.35192489610027033,2.041038231000162,0.6830563427395541,2.1042402642199236,0.6815570080075599,0.9911812342843032,0.2846100982705514,2.1600192265276448,0.8008143680032198,2.284025500391675,0.9911812342842992,0.003844335569914894,0.7692243640330026,-0.037484687074471446,0.86177896731016,0.27779728688918853,0.7527427028489567,1.0129814371914108,0.9978780074118233,1.4671241455977755,1.7640428865197293,2.0779340645021125,2.0392700891983138,2.168106387811684,2.2794053264730305,0.6080301367318619,0.3802388441550437,0.30216950737685533,0.36477657383681106,0.45324397564576774,0.27990491886855123,0.524608185103976,0.2158172436238979,0.23602182689804801,0.8409193738763172,0.8566984038245353,0.7258159214164568,1.6037596817561697,1.3014373539016029,1.9859388692345266,-0.7332048562172319,0.6214449964206008,1.6503707530024128,2.6086818616280683,2.7429065456811528,2.229846745021321,2.6061292114777816,1.2228970922067761,1.182801221327217,0.44344454335289457,-1.039142026162759,-0.7090082090010681,0.15393117397940634,2.0744113351464866,0.9395927800936,2.3681109128036364,-0.46884596318348803,0.5299727185557407,-0.5243418192805303,-1.9218541124749189,0.9266444367051296,-0.5619237348674323,0.5545449934839384,-1.1119665120611646,0.7067615749437796,0.0199373126940006,0.19582271603650092,1.3485505572843584,0.6456598960190039,1.862798430802057,0.03438426532868497,0.8844645304270726,0.9339560507575255,-0.8398384239007489,-3.9839526885198007,0.3448192018473638,1.5511774522020405,-1.1344828476241617,-1.046533254291505,1.4013493595174147
2374,2.346057873371265,2.288602536111439,2.2985222427602077,2.173287500332519,1.3840534612713657,1.1682608446153941,1.2635368889375733,1.3811710719252508,-0.26550479164212326,1.5357103282175337,-0.6175475930211959,1.7190928612972427,1.450729552485811,1.955771772368082,0.4201912772390903,-0.6574566342762643,1.982460999173106,-0.09737185662976476,2.110610165250355,0.4201912772390919,0.8708318144557751,-0.45361311810820026,2.1337876447073536,0.2182473513478182,2.311532253896128,0.8708318144557754,0.71391720212832,0.2861617495539838,1.074653690978931,-0.9347459860429452,-0.6378467160997497,0.15549674015429607,0.5948375953668636,0.6812591389655112,1.1883409882513838,1.4698886183699786,1.8540372627519903,1.8076167352952768,1.974388387561872,1.9991205734091217,0.8376759353472519,0.6250793684426871,0.5981608869284833,0.6261074967378605,0.7638878902135413,0.5922447062899856,0.8073620391374853,0.48134675919522985,0.5138777916530506,-0.46377310245100595,0.5183376541458341,1.0329250908291143,1.1645296577382986,1.4732414864875347,2.479034625702615,-1.1233250698489747,-0.3003145523870856,1.5918978057392015,2.6262820995519474,2.8229279209743776,2.3250935946271047,2.5403753976089924,0.6142888779154143,0.9555815116100038,0.7836338524593623,-0.6427355752047256,0.1949978276291118,0.1733734087451581,2.082962391708666,1.4156720937303395,2.795167257466413,-0.727188923326701,-0.37943375369395277,-0.06600087512806588,-1.9160865738874693,0.6037707232531417,-0.8842616322840908,0.8563487326876286,-0.5638565707492859,1.4745369469593101,0.1935215738302716,0.3157189868260458,0.9869883095980049,0.6812166197885142,1.7919453130194984,-0.13324871230971513,0.7919004734562489,0.9007071389572556,-0.7681137826769726,-4.303567581467754,0.39152116417189436,1.9834296117224217,-1.3619777841785619,-1.1052794421588574,1.318283661893126
2375,1.7361166928018372,1.9120230072861895,1.7907317706942254,1.752872370158311,1.3293884120954318,1.4247006900542396,1.4253330369708266,1.3356399095580933,0.3892430298241502,1.128321925473041,-0.9085230824290265,0.4046536006603616,-0.09340608193048264,0.8988719635673792,-0.6650504547846251,-2.444132056749028,1.5964458449836132,-2.0532065707561924,1.9684118597741558,-0.6650504547846231,0.2793989130973279,-2.1452282027638288,1.8837034592468624,-1.4428281064775441,2.2619567734816566,0.2793989130973278,-2.4497522324868592,-1.867878425786182,-2.5690234446388516,-0.08404688486957379,0.8738116824941073,-1.4672191237211074,-0.6507154179996502,-0.35682558086084554,0.24570904486391365,0.529848015800992,1.1310883519881185,1.0216360187493396,1.3644484423731873,1.0710153988818398,0.835636593434227,0.7777925889717936,0.887764141180882,0.9584617736687618,1.2474194903257227,1.4076977091407934,1.4263450417003667,1.0395807520191886,1.0440427031309916,-2.036625644782152,-0.6516610567147152,0.4536147741368074,0.7405731742007005,1.377913716515279,2.5517823147072667,-1.1857824176105283,-0.8908723701567987,1.6015154241252787,2.5448119398494202,2.5274247456957,2.283628761605544,2.3900492121328543,-0.6883359261794105,0.1701306397059426,0.9677945533924294,-0.8974597380237752,-0.24900228710650588,0.6798460800225229,1.3107205801672785,1.7601439008925748,3.5032901749548775,-1.1141331033477395,0.0552934080821895,-0.7849774533338459,-0.8052577603767339,-0.29544095373559737,-0.8712905860483434,1.269859069507831,-1.1700192807009429,0.046428836291668184,-0.584861367626145,-0.33946575493365344,1.2275447365435264,0.6862699588422333,1.6259466607093747,-0.3923569898381807,0.6317446661177427,0.85393875893486,-0.7063239702538927,-3.887543010460164,0.05154128727674042,2.2074126599225377,-1.6048859097304695,-1.2147914821978292,1.2235742378960242
2376,1.86920503732751,1.944055949642192,1.9544159346140575,1.8749027589314504,1.0696099548071636,1.365879899842004,1.239752039462982,1.159968464038465,0.21230708194533238,1.4357696273446046,-1.2499216705675515,0.6680130269034059,0.22295683046695305,1.1254066597995747,-0.9273860430096541,-0.49797634046919664,1.4388110143117068,-0.9513696256967393,1.8202324066604152,-0.9273860430096519,-0.045255914191403235,-1.0955908802803074,1.7487441396181953,-0.8823430006421483,2.1872852222674797,-0.04525591419140186,0.7738763350011456,0.12625467537725052,0.5150146736628682,-0.1434473769777686,-0.39389336483427706,-0.7932091868749257,-0.41514319722618614,-0.18346973563230423,0.3802734336744983,0.7523505635320632,1.3079290548741738,1.2499621734121618,1.5288048960078786,1.3312911726544772,1.0992199850540039,1.3225804506501369,1.4205743129738877,1.5557810418442317,2.008137313820567,2.4218627835392454,2.2281472750607585,1.9281642853642693,1.9405246384294765,0.5195382234479715,-0.5220712403782615,0.2373061841469108,0.27355259235927726,1.7146990428523428,2.2129803690365857,-1.2880304118011496,-0.20407173337399317,1.646689891316305,2.4798776981568182,2.3133715564168744,2.206730959749335,2.2598710175134182,-0.31207896293621085,0.5373196916661065,1.0368470172399722,0.33392951190645803,-1.0446993549307493,0.19881528384786493,0.5188820147814193,1.6650357854271662,3.435559282416544,-1.1940056448756937,1.1951348640178907,-0.6767645037151437,-0.3843806322684081,-0.8855208315734662,-1.0954508549774187,1.3505785153294738,0.4244364802290751,1.341938711616766,-0.1714742601452877,-0.16189207421918417,-0.026346398514041018,0.7123476383450317,1.1970698083731397,-0.9468012539299498,0.06424950552304039,0.8246159437597667,-0.6602542848773332,-3.5984716405585733,-0.22930874063624787,2.5163923315024825,-1.909371442561675,-1.3060001279432547,1.0792837335058085
2377,3.8552618479188405,4.358089540838442,3.7603122306251455,4.236295716803101,-0.32113676974984584,1.0554268210858064,0.912780433468049,-0.278156181264929,0.31423980733301526,1.7025346353615747,-0.6222631769770873,2.6373395223891385,2.0509832478281296,3.261578980383681,4.270814031099844,6.776363649473194,3.498690499367557,6.5217732286864205,2.49594544764149,4.270814031099846,2.845025342149625,6.138503652912565,3.0383702890654787,6.06102421537815,2.448211651011853,2.8450253421496248,6.363132118512958,7.1021712021000445,6.258366233101176,2.1880719240603423,5.312498934035422,6.036313973485983,5.262770327009501,5.083264406800115,5.004624429764273,5.405687111159492,5.050934659883589,5.31730994569719,4.780428660024658,5.617534591768879,5.560858088615422,6.5427309970818595,6.602880787502477,6.875255127814333,7.216897606702971,7.518247759322874,7.384414191837549,7.462520383793235,7.490203379690787,6.894257162139359,4.516391952002255,3.682538236925593,3.658514555800721,4.907428375459287,4.290844572545764,0.7805918607695229,7.1208915331914895,0.9243942191267571,3.2280326890909294,2.5852842234171893,3.558335174867047,3.9158525767683408,3.4717568149641043,3.2438031030108005,0.7491837709676674,0.03468286379965348,-1.2622046601845347,-0.2529661280548893,-0.29229956342669233,2.129522558830906,2.808430946485084,-1.2971848206778351,1.3377208978079513,-0.37001196798731845,0.11747357874647357,-1.9203153738828593,-1.6995343887986611,1.5128586777406834,0.02073203705009597,-0.32983593026397473,-0.3296693300240856,-0.33568804915493444,-0.13325034715106485,0.3898677503831453,0.7764110683576844,-2.2349592229528605,-0.2509615963565674,0.6869087231888037,-0.490717201731529,-3.2957509716018047,-0.4684447040508757,2.7960174927845935,-2.3255551158758108,-1.2834221373244359,1.1168386773723809
2378,3.7103808928657442,3.4957924537052367,3.5557346779789394,3.3589120023529904,-0.42500406883359654,-0.43483637804185865,-0.4609080622112145,-0.46786678940810017,0.2514867513056224,1.602977059767331,-0.09719173127178735,1.5637661836738244,1.0692614984453934,2.137988596364575,3.964003274230502,0.36001713128251017,3.8538931348474312,2.208514407054489,3.098740276225598,3.9640032742305014,3.4721028857389435,1.8356410896969995,3.464365455191547,2.8668616223797194,2.761480829000053,3.472102885738941,0.29356842554213297,-1.2378199588553267,0.5907348741049953,-1.9345203796330124,0.5404370830639077,2.856002110972372,3.033053860703435,3.0524522355308887,3.2632826975189184,3.6479539214053815,3.6211094652106572,3.740375364346306,3.5441040057679842,3.9252185613260053,0.4027053068564696,1.4666397004016065,1.5960171179006208,1.966685503314232,2.2909663792624246,2.594082732130661,2.466581399768419,2.5513912642398493,2.607533433098685,-1.377745941355951,2.813427881360082,2.846542946027478,2.590877105018716,3.4553954925507377,3.4866784091107283,-2.15622542790359,-1.2735738557549647,0.7966959113427059,3.3665861983903267,2.764480329350429,3.2568528610675562,3.479271296024163,1.7870605549824121,2.024128444079967,0.8279529913345255,7.785112329360888,6.5672382536514,4.796246980547789,5.07322583192612,5.941360872373028,5.158276060058001,0.6996983132074899,-4.188960378132598,0.15430457128639496,-2.367077136370944,-1.8706081641902175,-3.2699853800795644,0.46566553030967306,7.769308124510409,-0.2619045718780819,5.547719432356526,-0.2830944647360192,-7.7674802653022255,0.3463860176591008,0.8056677985779821,-2.4784834000271836,-1.833695861539957,0.6263071762450283,-0.33035629035388575,-3.059054884880248,-1.0414652024230209,2.884757609658457,-2.5332110268038215,-1.250869350364319,-0.4308083851555534
2379,3.211406108458183,3.0663179641668687,3.078646622784401,2.95467800614981,-0.7045824727080883,-0.4225509878552645,-0.5128020055272832,-0.673039268413911,-0.3783493090535933,1.6493197170367995,-0.36237751491662923,1.2339536003642395,0.7726283754825863,1.777467057547903,2.825957754224493,-1.4328427036627818,3.656003286860287,0.5705330386382496,3.3988633252580196,2.8259577542244942,3.241837504050615,0.056998353734776165,3.5015677490924015,1.4967163290646286,3.011311290593684,3.2418375040506104,-0.8719166932086005,-0.5732962797843455,-0.7643032143434864,-1.717152750413733,0.9310250169908326,1.3282030517734689,2.0291155572048463,2.152376285389395,2.4801422783291893,2.8837475078788954,2.986705064283331,3.053854379692245,2.98903848097245,3.2218420181745095,-1.4395624419527437,-0.43040045247176445,-0.26302930376880407,0.05956158815163646,0.3560508789563654,0.6258267395063932,0.5139973268399686,0.5479425731702664,0.5934252234719885,-0.5719922784523407,2.4407961104353397,2.2985412124511906,2.5991202101661135,2.6872146700058477,2.6880230597745665,-2.0635570910980783,-0.6116191791756099,0.8259939021804442,3.3394919046529066,2.798294990589738,2.994729744592997,3.1526757148853246,1.284814864680632,1.6089430802226126,0.8094611458719138,4.836336495635308,4.097022022603812,4.322892493629522,3.5377119799997,4.2910787551910525,3.9494811116673327,-2.013881941072232,-2.562006465994626,-1.6685792474951906,-0.6776512273930653,-1.9687560995990856,-2.164084934586063,2.7876111171907745,4.849494979486427,-0.06557072143087168,4.2269019164081705,0.3266976911385769,-4.842452262541759,0.3651760450513129,0.7268707286498601,-2.1550040913948454,-2.0878839856366507,0.6088649022049948,-0.2362190449614819,-2.705673421947426,-1.3812239848465828,2.9001121238146115,-2.688428845559479,-1.2081304965199777,-2.3677342656160327
2380,2.812582247703993,2.9304375924884285,2.922076093646422,3.0952289160877964,-0.6867950412064506,-0.7576946328955203,-0.7700403759743529,-0.693260657347814,-0.6393984070881837,1.8431209851489028,-0.25273067358399826,1.4764726477873336,1.0176940078805374,2.0041487246798764,2.4936434390279203,-0.32560269032546857,3.6108867624713943,1.1764306417162553,3.553813097092855,2.493643439027923,3.1965986479920807,0.5404958283770293,3.5676108521605134,1.8974861398590213,3.2151672309089143,3.196598647992074,0.03024032963649419,0.10386640838089678,-0.7299316966768644,1.57412553569476,1.1997012348703704,1.149695940247464,2.3108435061618904,2.4229250552953787,2.7367532047284095,3.124109603640236,3.184833342047369,3.251609721577192,3.1677248542765577,3.4186629518323866,-1.35413489952469,-0.38864448636988114,-0.2075053956744891,0.10561151113245487,0.4164824504760909,0.7316382079550707,0.5763322193447176,0.6519285905962509,0.6992423742525238,0.9005677373776724,3.545767478163909,2.5047599761161243,2.9259268690214797,3.0354151375753906,2.936886527939174,-1.6330366006747818,0.753015588610798,0.7874825175823059,3.351544970940808,2.813141349603222,2.7928034481783492,2.8966257835928433,2.510202161823233,2.643943215518072,0.8365958019999976,3.3139640704686193,3.1884396144765583,3.532050553533623,3.2877227527027264,3.2233128058782228,2.9266760482700165,-2.081757262853583,-2.495883901652459,-1.7283623136608912,-1.1428163703295044,-0.8379161516814441,-1.4843618797895035,2.6223519515267033,3.312249856274783,-0.43261782837608226,3.137579306272597,0.5895107883829032,-3.3239700346295127,0.4382500260895336,0.738923409740147,-1.7017979650563695,-2.1498869281526205,0.5888144488220358,-0.12855849350601223,-2.4520830238508258,-1.6203199719385402,2.8757047486700693,-2.775165544078691,-1.1630611491485123,-3.512374512462977
2381,2.8524348883092814,2.702567160286135,2.917087146828288,2.8657540299920417,-0.6519961365695708,-0.6989115804280627,-0.7620966839120414,-0.670472687611313,-0.6682976254609886,1.808551294758311,0.028950882587391185,1.4336931618363076,0.99461551958029,1.9256279360239774,1.8028042658736416,-1.0960973440507111,3.3774724038388633,0.3129370164180998,3.539653662936972,1.8028042658736423,2.844042205390138,-0.42298584713301857,3.465388921473096,1.1199761113963547,3.3327737751715576,2.8440422053901373,0.5651492206224442,-0.29363787191240076,0.6222271745017202,-0.02005925517487251,-1.1019416162702016,-0.13105161190135226,1.7223816843172626,1.881244932059992,2.309493211185277,2.69852559751085,2.8332469353585856,2.8674232646077806,2.8553197850430863,3.0459550077235273,-1.7342929472117306,-0.8763074648844082,-0.6966740269366865,-0.3462155303396342,-0.09736304043538835,0.20672601614610223,0.07209719014405039,0.12902099066958952,0.16322718660821295,-0.1974894989573672,3.0026799726366344,2.2580252785489527,2.4127907421008987,2.3111793148087463,2.6195109978335007,-1.9199476673643738,-0.15578137353535346,0.8008046722802126,3.299495508676567,2.803495108514251,2.636652447715519,2.688471117782957,2.323531758159368,2.52606159652997,0.9232361705599981,2.4397836874655323,4.363511474620653,3.376345803808209,3.5590605104848856,3.4019826905960286,3.1313323492985847,-1.6699527117139583,-5.25427841302836,0.06674325641218193,-1.9315564229508806,-0.786016161330265,-1.951578691712687,2.3147986929805007,2.431863133336446,-0.6008156497127298,2.406557002610673,0.6213658474800993,-2.4518181597159407,0.47823920629083017,0.7958206745447058,-1.3368141568673029,-2.1425492842262948,0.5764481373885264,-0.013469501033733074,-2.2149312411552944,-1.7995347347666117,2.877852827924197,-2.7698591268657764,-1.1172244192136327,-3.9871543431927114
2382,2.753600634281666,2.5934145828639257,2.7608726603560667,2.6270449144664183,-0.7912777916181296,-0.6765687303546477,-0.7558591806522504,-0.7450604600328491,-0.4604527111930817,1.9206112326667724,0.14016432384177457,1.265225409081067,0.8376964832359428,1.7399558033820175,0.9456832203335237,-1.461538184146485,3.0499849372206356,-0.4281635172368237,3.39161133026573,0.9456832203335247,2.3113479127082295,-1.2033745431268592,3.257961427232609,0.3429214715716225,3.3550779022879835,2.311347912708224,-0.04962618807035269,-0.004341489652086338,0.1336948289416776,-1.0335843972379117,-0.9813230337754777,-0.16861588315158943,1.0845218937830008,1.3195477135321538,1.8456393891220133,2.267453925219748,2.4756573644465574,2.4862765883971534,2.537886285468515,2.678137464049391,-0.835342024774907,-0.8492660782073597,-0.6515577467479112,-0.28744527454147556,-0.04988473727488101,0.2720058632199793,0.1298844185584919,0.19752792362635613,0.23845892134315835,-0.3626734949940446,-0.8950969361371337,2.029273786065921,1.9340165772950255,2.1675151209484103,2.384289662321371,-1.4922931075092418,-0.5270508629235399,0.9350221392330024,3.1929361147676163,2.7834133794579414,2.4835350540930134,2.514606537132886,2.049078713802706,2.2686260978073927,0.9226524226790043,1.689552177072537,3.6994729254186076,3.0613649492434405,2.91055977564047,2.656213093564364,2.748851976579491,-1.9270175024548888,-4.537782108405785,-0.04711918627728989,-1.2718919582783235,-0.4102138789776354,-1.1945702643268563,2.3642098144917836,1.675055451938305,-0.9324741036869523,1.6689924092412116,0.39661163278975475,-1.7123701836522758,0.5051493382931574,0.8446839111417666,-1.0344614038136553,-2.06879889922243,0.5786373212545082,0.11024739479570475,-2.0034880288123555,-1.9673034250655699,2.8681082928076345,-2.7276537185263834,-1.071973281059164,-4.077052556487679
2383,2.4791990740143572,2.5484213282453556,2.559391819692264,2.481297900023508,-0.6155358884097085,-0.7750162967955116,-0.6363671204606511,-0.6790900378101888,0.9427525728520614,1.8390692197092207,0.1029550549702015,1.2416319123124817,0.8334066881887494,1.6884895636565762,0.24995352578869295,-1.1890523760509417,2.743894530011781,-0.6537369452268211,3.1782002782028833,0.24995352578869764,1.7783235318182045,-1.4000280280777282,3.030883310936325,-0.06534221804655892,3.3038062736617615,1.7783235318182058,-0.35651836746794807,0.17870796482356685,-0.6281636947469887,-0.19589767885028395,0.473296603538067,-0.2579451525527666,0.6893725402985954,0.9589787853426811,1.5634140238301635,2.004612582338114,2.2605899143487767,2.249779460989732,2.3456880054023235,2.4635071470369017,0.08103957117787429,-0.6674712477243608,-0.4763894839090644,-0.0768491515522272,0.14774517199490073,0.5042057920384637,0.3513262619025544,0.44333778026399917,0.49558289700965436,-0.16055642135274747,-0.21640484084243858,1.6709427938991102,1.946135457837285,1.909862691099269,2.1841751261806204,-1.1071973620546136,-0.05834964155163652,1.0233597717860403,3.088303775165615,2.7610307590728205,2.3689613891285717,2.366299213188174,1.962940308613534,2.208575074944199,1.0193570284330105,1.1291359443741344,0.7420360442997329,2.7275489259502486,2.2636694507651542,2.3857973670535575,2.4702399073709342,-1.53016635653865,-0.3754948847356279,-3.6178628392863867,-0.5224838032118336,-0.9287907641546456,-1.1057851278568505,1.964095384618231,1.071228112262554,-1.6706396433951356,0.5680660822995592,-1.0190991650227434,-1.1477209281579204,0.5308067153584674,0.8641327039331124,-1.0908564054227832,-1.970155576287971,0.5832336530265951,0.22239768075268213,-1.851058641674132,-2.072727406721749,2.82124830533797,-2.668670872681194,-1.0726940014957767,-3.998309596181015
2384,2.0983201692985842,2.174215383332966,2.169095467298553,2.158323886266063,-0.4918029994865257,-0.6251678550208664,-0.6122304283962781,-0.620667224964652,3.337707179695989,1.3991381284351927,0.8043385115500753,0.6097059544027605,0.15497700005906187,1.1229446619416419,-0.7538171919826411,-1.6800060831144303,2.3206790074699253,-1.5541550147097334,2.886592702817079,-0.7538171919826382,1.0055939694623024,-2.169073223855888,2.7093218917141795,-1.0828889227231842,3.178112350438844,1.0055939694623082,-1.312288804573671,-1.0146144467590927,-1.2061582763639003,0.2714201007237819,0.5831003982862161,-1.0615456930421903,-0.19782571068992477,0.15076744226110786,0.882070235264874,1.3997340632767994,1.777702700541944,1.7299511609235494,1.9175749164077653,1.9906809918145987,-0.5521492579022651,-1.060045940053307,-0.9067367407512325,-0.5154727494968828,-0.2857302163362816,0.03413242861301639,-0.08702204656999675,-0.03227449425033827,0.032927538036674406,-0.8520440846804553,-0.37944247687584265,1.3368337676614201,1.4512900053915565,1.8381001436716342,1.8565814833373393,-1.0587051026173213,-0.3435696088522942,1.2200952366200977,2.9429674457967074,2.6054952459872607,2.3238001814454843,2.2366444345301337,0.9589929688096925,1.5327898553842925,1.4446667639671316,0.6933826996964593,-0.3035898456168717,2.294550165551364,2.200436861517547,2.0817947046629506,2.236164423795446,-1.1427813288201218,0.9336508476789215,-3.927186461749039,-1.013549001400772,-0.4752465724887827,-1.0627017070758313,1.5719461898491978,0.5959208170234574,-2.2759279060186612,-1.005333601646881,-3.4324568440352157,-0.7098281177804242,0.5113287610519006,0.890364177778177,-1.6611119125982152,-1.8665579818570615,0.5770505369149584,0.3841068714885305,-1.899149231272774,-2.1301873116803165,2.751180713140191,-2.522033338154688,-1.1203715346598848,-3.7853067891367296
2385,2.2255541770497484,2.190048380640622,2.2872350227757416,2.3194350186054864,-0.6526528489785335,-0.5259123709515441,-0.6403197521939427,-0.6064673261248396,1.506427191495541,1.6599858893113826,0.6228306312702969,0.922529421981361,0.5372638392572405,1.3780285472164404,-0.6715799237742802,0.13422917205076967,2.1846521036119726,-0.28898275480957447,2.6551668008310427,-0.6715799237742774,0.7084414007446902,-0.8371174918603024,2.5484741084652085,-0.2486679415654326,3.042762408740101,0.7084414007446947,0.7726763306020575,0.2410622517059467,0.7110992013273302,0.5662678135276527,-0.5726127328863716,-0.028911055995530798,0.0740570386165632,0.5186671020513971,1.1854836224692178,1.6763179076409076,2.021822360806541,1.9720532267749935,2.126270118522482,2.248328337548744,-0.6815700679684771,-1.2122049511485316,-1.0815400274918376,-0.7140381160188926,-0.47501283789270965,-0.17988663272587335,-0.2899264370226833,-0.24621494128829885,-0.18504184983543429,0.7618248911892531,-0.44817729309026716,2.1911548824716878,1.606915893665539,2.120843695656833,2.0507545785917967,-1.0734961668981198,0.5551562724253227,1.3675532688416974,2.849246724930356,2.490118047952446,2.602624950534555,2.1226755727343907,0.6480286220500437,2.329478742007709,3.5421092498577313,0.44959732786392287,-0.610617474707159,1.837494393435222,1.6314696034235532,1.9561155321710375,1.8838160563535604,-1.077942958831019,1.2267760787488442,-3.318142113250416,-0.5535776143414237,-1.1866217448912073,-1.3165763084153208,1.4915812545462148,0.5148171414578987,0.675830286112494,-0.3114869314489988,-1.5912612048302641,-0.4756895378067892,0.5228747014229059,0.891741366337839,-1.7441518611931093,-1.7309305135020636,0.596099439292042,0.5574331302240856,-1.7782672671071553,-2.16308530563742,2.730078762295297,-2.4236543327909463,-1.1353906808660574,-3.5640462211564046
2386,2.2565187478386544,2.352834217946862,2.2878766532675745,2.400358278577387,-0.42178341686043735,-0.6376858899003593,-0.4520653246151336,-0.5547854353513147,1.014545377445172,1.79166308413575,0.5431635663463872,1.1346184683385863,0.7963392423223054,1.5423085446407003,-0.26588625944894984,0.6809772672022247,2.1670412203986005,0.3092341556792926,2.5020554638195227,-0.26588625944894717,0.6488384785550491,-0.16500801673144502,2.466119810733626,0.2257679055437715,2.9202850275227688,0.6488384785550488,0.29303406485733446,0.8199995028822156,0.360591347216085,1.1141360123248032,1.2653513565887358,0.623221402000179,0.16793303644795748,0.69601930007018,1.356806725885216,1.8094307578500786,2.152345090986179,2.0876508554319506,2.231886162498489,2.385480082505025,0.7496500076063259,-0.48154530731956996,-0.3687603973518649,0.021235914764739367,0.26704904275039537,0.6462478357905727,0.4988702540079336,0.6203989834448097,0.709599468550312,0.5619933322170659,-0.026219512647453702,2.2646161135364937,1.7809300627660811,2.0384120536564105,1.9285723165246924,-0.726754960172219,0.47077541099714637,1.5912566197071594,2.7708748793690567,2.4243499588071935,2.4986667692576017,2.0597458946248213,1.283790670460336,2.7309357966607677,3.3482136718867586,0.36075285977368593,-0.6671455878577093,2.3916780736291705,1.757344263758518,2.205683020057663,2.0729473471794417,-1.090342960346378,1.2408962194051456,-3.8340387848786124,0.08264962098195712,-1.5546309794035083,-1.2133202851835956,1.6009737899606482,0.37878928486779373,-0.019500249214552335,-0.15718838483120925,-1.0708273112966462,-0.37679816511059605,0.5384018734389926,0.9194026452167776,-1.7821339403183214,-1.6221452425301814,0.6188305332525006,0.7254798665159599,-1.6825937930237642,-2.1713458588041235,2.7060581932369594,-2.3415559461852817,-1.1100203126608121,-3.3008353942640807
2387,2.1904529948672526,2.0487781939433516,2.1099166086489327,2.066600219819929,-0.4041796532802689,-0.46320973043371877,-0.43050114442513315,-0.3830395549632142,1.9674325691068237,1.6064453860155143,0.898042289288082,0.4394044300301212,0.045243125797620465,0.9281033249131523,-0.8201478424029098,-0.9265351742409256,1.9065551315655627,-1.08461571037441,2.3090262963423,-0.8201478424029053,0.15051467277067196,-1.4103920202649884,2.2445254679298543,-0.9862393799123107,2.773534292051886,0.15051467277067082,-0.5246252642924666,-0.8719452253746869,-0.02067627059575831,-0.9734380622602666,-0.19949369815966858,-0.3390381675180617,-0.42287911580799564,-0.2439366824292118,0.6522357743350656,1.1595431931597007,1.6551207382978232,1.5442549659459708,1.7897349638924134,1.904234234942122,0.45709365345912784,-0.011420860611431806,-0.4540812088300776,-0.06566371612379188,0.15860061834814437,0.552071479343965,0.41150033634701694,0.53362305964788,0.6231972524766446,-0.9587402899907914,-0.37257289446447966,-0.9469049667518201,1.3572956900951514,1.3985295218768214,1.60853434536395,-0.845894729676433,-0.7954726067974713,1.9143568820464334,2.6459733353512727,2.330101782033217,2.35658428298739,1.9646346098526444,0.45891071833689245,1.9472070454210577,3.097393562753767,0.2257262459793079,-0.505692130021891,2.624440674925969,1.9704287770933504,2.1592824512837137,1.9495970211441773,-0.7567697975788468,0.9044817473065458,-3.725579307330205,0.12416322589373815,-1.1757277522113658,-0.9016057564467014,1.3508942880783665,0.19030865922478,-1.0342566949410608,-0.7374599680148256,-2.039531058472304,-0.24225458386755822,0.5874756346129897,0.9733433179402556,-2.1316112959723847,-1.5189529819394034,0.6493945745383799,0.9277313345023036,-1.6103426268140193,-2.148114657409742,2.691316401283403,-2.2271584111772444,-1.0959022085450236,-3.0565381005580496
2388,1.9282024995404192,1.902820729227542,1.957962002925243,1.9397063672613168,-0.22172612667395014,-0.4012591419762999,-0.24118964434769208,-0.30770347875989434,2.7564855280366096,1.377915482406083,0.8176282701701839,0.34028010468883885,-0.049995471317482554,0.8241628341342697,-1.2332874285861783,-0.7046734081453788,1.6529096412735387,-1.165467729617495,2.094307888444682,-1.2332874285861741,-0.34237782675210987,-1.375941953000147,2.017889099875418,-1.2267940754958409,2.6089030528352244,-0.3423778267521059,-0.47557176806029416,-0.3880161062907648,-0.8879512495072358,0.07307539861401437,-0.228011780968719,-0.4982730529843584,-0.5657696089310551,-0.6455538327084769,0.37178713559444476,0.9014119102043956,1.4722923772798042,1.3276806039000957,1.6194128930007838,1.732527158466669,-0.5701675643242083,-0.5455765365270435,-0.9945658257046511,-0.6671769869077981,-0.4458417097730065,-0.1146626276327235,-0.23324067509690952,-0.1601316715263694,-0.09041660007438407,-0.3051453192003544,-0.4545910511050176,-0.5033376964645577,1.0276331898019688,1.364935677717445,1.3058002451011927,-0.4586657013524867,-0.05030743800923471,2.1968729192572196,2.525692405302846,2.2172620359915136,2.242156043626656,1.9017455809133303,0.3019170779607656,1.7132266611444371,2.8325255799696607,0.14560509597484722,-0.6357828518302949,1.1662095794014569,1.5117622621772848,1.5526261042673986,1.6237859936370342,-0.8551945251370354,1.0399113939652516,-1.9573515659372736,-1.35668353356494,-0.702713456898857,-1.418454467775251,1.2146263152546652,0.11247256876162094,-0.823313238365318,-1.2525924144485974,-2.820729789880139,-0.1543950937472817,0.6118070089489144,1.0322329922307074,-2.236047464400153,-1.426272215564941,0.6607160992427095,1.0902409982932388,-1.5825824394388235,-2.1288347923384787,2.613085051739127,-2.121913487853286,-1.0864220167954362,-2.84625960852789
2389,1.7937692157469232,1.7013950242509879,1.7921814306798505,1.7961123301634685,-0.24496516317372485,-0.2706807683655406,-0.30903382159206416,-0.21043087249587542,2.5213424419033226,1.3794331606414734,1.148301729888324,0.1292578943708559,-0.2761769300242773,0.6327908587758677,-1.584077475815307,-0.6378315612335028,1.38737199940629,-1.3170549270860095,1.8623624794588682,-1.5840774758153082,-0.8474502176521742,-1.3967662491585735,1.7777043780234905,-1.5017000572848391,2.4290095021317915,-0.847450217652167,-0.6271758888594243,-0.6564985806855888,-0.4319323789437101,-0.027246234678053954,-0.7397865615285034,-0.8823053543193807,-0.8087734794258475,-0.7664005106681016,0.04250959639889981,0.6064903971272217,1.2553697083303557,1.084309458518516,1.4233654007568228,1.5300658923653707,-1.0261467102400956,-0.8512782491630908,-0.9611353683277971,-0.928857700739895,-0.7138396744624541,-0.41274906471229805,-0.5143479901781758,-0.45679525737157695,-0.41471922442355535,-0.4271717793379295,-0.216485635303353,-0.4456039159147408,0.9457106176543876,1.116441222948145,1.30212248993494,-0.5884398811551347,-0.4546374535242154,2.4327252112515096,2.408251514042492,2.0772379921465336,2.129293667399547,1.8431139580065083,0.05574134456296599,1.4084399676993484,2.559857166669815,-0.05816673194565835,-0.6450796506959197,0.26318847669040146,1.092449441976989,1.4241384778535553,1.3137256883540749,-0.4850720423971091,0.9182852262949818,-0.8487252821247242,-1.9803988958698957,-1.1324908358893948,-2.151474376533766,0.8879311647076068,-0.05290116255339387,-0.1198516277351688,-1.3612213327880576,-2.5798537362721885,0.046221126824103946,0.5997378734014991,1.0708614447277107,-2.143897718908993,-1.3322710548308552,0.6729745996071483,1.302722192331448,-1.5488622627939583,-2.0957471536867884,2.538998069795314,-2.013549650121237,-1.0419724710094824,-2.6532743444995925
2390,1.9661892765026558,2.0025376319714594,1.978474686480841,2.0446468756909812,-0.28335636605854597,-0.28790188196425637,-0.4040303392427366,-0.3978971110469273,1.5208365745561443,1.9755492701657997,1.1891077612058758,0.6353957836308073,0.37369606208799894,1.022655835806034,-0.8704708080209141,1.1965558216800547,1.422428633152909,0.3061710338910373,1.7251976894184982,-0.8704708080209134,-0.750144883869332,0.2620964219620029,1.7150002891936473,-0.1944582780019399,2.2789521271499527,-0.7501448838693294,1.0590038869925693,1.2817393272571591,0.908614124380842,0.6672765865299165,0.6875650386570759,0.3651744994183931,0.11498822697325074,0.04858097466913672,0.5868217746202249,1.0725166765603376,1.6379986534264808,1.4780558896637348,1.7526786733445976,1.906377577602625,0.1072081559804325,0.11406334539119728,0.005226241620631673,-0.3472158865007477,-0.14659028609233613,0.23646872589399331,0.09650361220386398,0.240839166565352,0.29748760708662675,1.0996033593899512,-0.023075800624669296,-0.35336066433939495,1.8145788682989312,1.3885919745193236,1.5875317065210321,0.09349956381790331,0.4930109268685918,2.653859751483866,2.327934814649752,2.015830129953603,2.049018385033948,1.8023389145326616,1.3367215581426812,2.2630821410107886,2.365032770658503,-0.19485348907373826,-0.6085885762805584,-0.2869853215905025,0.9554839831385821,1.1725088290787302,1.3070524793160605,-0.593511055505814,0.7745540343417807,-0.1439371976189644,-2.493223814615919,-0.8575870367406233,-2.246467455664798,0.8815594376356596,-0.15653108587526696,0.4737531312650907,-0.9687171294554977,-1.5677114868104658,0.17971504258643908,0.5290117550103435,1.0891137020754862,-2.0015653591482385,-1.2397352086555937,0.7064141508039166,1.5096133610487787,-1.4709102761872948,-2.059092317069274,2.4581400359797514,-1.8953628926718689,-1.0324728690603688,-2.4844332005824574
2391,2.0158052702958247,1.9857536352301168,2.0000243474722437,1.913874105199486,-0.45224398648450603,-0.34212172010986386,-0.38332684683361684,-0.38146899671377643,0.5528083774055954,1.9156396976462975,0.8344210210698804,0.49061537088837054,0.21803881123250504,0.8866032480105196,-0.7576278808546827,0.1858275514316605,1.3487472208018079,-0.3074609992869338,1.6098169858169524,-0.757627880854682,-0.8346979169504865,-0.24407512210066318,1.6055793822435453,-0.6226907010970627,2.1398106651330684,-0.8346979169504853,0.29985777454583373,0.08411919918539368,0.39601447873408635,-0.8786912412350019,0.2232726448633531,0.17991450779360865,-0.08609537990581463,-0.1869949880679067,0.2876424294778073,0.8135285387724949,1.440554956409169,1.2540857011074982,1.5749354620706297,1.7222664253856428,-0.22672653790081207,-0.28984746966529046,-0.32722316946565017,-0.6288699237109666,-0.40145478022398234,-0.07283216819248194,-0.18085722863032908,-0.077323457050824,-0.03650606596132225,-0.35170537055966167,-0.5327708993318545,-0.4206942026019279,1.5321507406029748,1.2082497311177058,1.4631779136252911,0.1266770155775318,-0.33035409445848485,2.8652634459501556,2.2367417128203706,1.9677603533339194,2.068323287477155,1.816794277067128,0.7414611236876963,1.8328780779223055,2.4050644584978023,0.11603710122627402,-0.4930167178731131,-0.5753544541695251,1.95061936486789,1.398280142609563,1.5974863839766693,0.06224871739179178,0.800666734248946,0.306118078762168,-4.407679008376957,0.3984715434727761,-2.7815114323239793,0.4649915894305058,0.1551792046366996,0.3503925686123633,-0.18521465015502328,-0.59836288108569,-0.1356060220655564,0.46417859479100776,1.117233941284957,-1.6998836315032968,-1.1494559824096802,0.7427178796338681,1.6784203624149072,-1.404841087273802,-2.034776583827821,2.382425698065717,-1.8155377102925354,-0.9863532836469472,-2.3549440214821287
2392,1.8459325915762386,1.760226846394919,1.8795818512182432,1.7919779399616211,-0.41186902411482884,-0.4728126254095223,-0.4163323516245084,-0.37715767899247254,0.5331706611295192,1.7326850103443754,1.095587605980257,0.3365230482629076,0.04581582669318532,0.7459935136551593,-0.9057189520395001,-0.2621051674793746,1.2114353747899473,-0.6919986294125393,1.4860231782743187,-0.9057189520394945,-1.0251808934262596,-0.5480154322417842,1.4635555196593628,-0.951007011012677,2.0012609949135234,-1.0251808934262598,-0.4041416825957295,-0.7473701878172182,-0.6037245910131067,-0.49747650040127434,-1.154229830944892,-0.1484014520011217,-0.28793864429862,-0.35021610604350184,0.0016693615462383441,0.5638695577130838,1.2571939836930344,1.0482552723547331,1.4098166332626207,1.5521205985928477,-1.0238876939360955,-0.9881098781899172,-0.9527843490283117,-1.1026967627847666,-0.8780651275321562,-0.6113048060223846,-0.6962485685847105,-0.6580064037905822,-0.6284292076164554,-0.3554212480291299,-0.19098675106925736,-0.4205442015888632,-0.918197418076786,1.0817529798901662,1.2306662279314984,-0.016951030779711468,-0.18708479855097854,3.0343702452539616,2.141064172852843,1.904933335794162,2.0099628266076452,1.742976695510943,0.43569894446731317,1.6397881993819323,2.448660654538378,-0.08391959408659537,-0.5896213404461478,-0.7561312942617316,1.7042173947256691,1.2591115958449866,1.4749999184220273,0.12383962581678637,0.8128949634863598,0.45281304813625484,-3.7838054802816545,0.31255367154335323,-2.6105131238731225,0.3736844357796324,-0.08233303798264154,-0.3368540245172903,-0.35538449278132983,-0.5748126443575331,0.06407457931357627,0.4196871932633392,1.1843943999720759,-1.4781395677506242,-1.054333347457271,0.7746793765364901,1.8389281309142949,-1.361331517892932,-2.00378170899448,2.3127268351659183,-1.7385679028761207,-0.9295867611235477,-2.2240789657314197
2393,1.7125159641733414,1.7088827906638389,1.7874242707166392,1.8079926945591462,-0.4646005912149522,-0.41995769265084254,-0.4981769394535722,-0.4299647626486794,0.15187958931847634,1.7279047634850935,1.2198832356162654,0.4883529844734743,0.2571952516018977,0.8470235914767846,-0.7871752805460497,0.19679431330442518,1.143987038448313,-0.32082742492599925,1.3813312664730468,-0.7871752805460492,-1.0648548121419337,-0.13606389503799493,1.3633036493363986,-0.6640881513860353,1.8724717232746595,-1.064854812141934,-0.3102268320390224,-0.12127409072432754,-0.4942017286922295,0.8557077166534756,-0.7602025659466756,0.01716001189361775,-0.09953665984661245,-0.15631898102219347,0.032152565809507254,0.5875567778448169,1.2809933549059815,1.0637604849404703,1.4263130091710383,1.5811664716552611,-0.9450544720034315,-0.9511628128954128,-0.9550688156965202,-1.1238380720369074,-0.90490950250814,-0.653403329825928,-0.7320928020937342,-0.701725857737862,-0.6741218145479023,0.16661225610987715,0.07776193632325927,-0.28274494126141764,-0.3741961406126882,0.9713696838949604,1.3791562498324896,0.34429118931023217,0.18492339393787774,3.16948455663523,2.052484325443631,1.8482039272394781,1.9734737711495165,1.7333408181972114,0.6174787254514661,1.7082180305889612,2.3207327356941048,-0.22954098470425185,-0.5874837432914118,-0.8426671319242862,-0.35154139200427287,1.1194580313625053,1.238290300037881,-0.012093109088063518,0.7161684391110659,0.5651061933166506,-0.4432471189901725,-3.0641302612972794,-2.386225059468747,0.4341167564231383,-0.21220762159401638,-0.08786066320283169,-0.28585446927014235,-0.1915349373094857,0.2056898214364922,0.3990177024816825,1.2131851816947732,-1.277790856176909,-0.9535298064380473,0.8115740926984152,1.9974137881117582,-1.3133519281830432,-1.962602029150253,2.2311697201079816,-1.6491564880909333,-0.8770810472937154,-2.0932205677649955
2394,1.7256287956012764,1.703605340730558,1.7623398952548133,1.6842930492423858,-0.4863323431864929,-0.4738898741301541,-0.47366152652642285,-0.42675088182022775,0.634371952195656,1.6219502243809607,1.0012038815042565,0.26975330107429063,-0.006474699969142246,0.6634688792721151,-0.9493858268297193,-0.29146496819327244,1.006157852386859,-0.7396625527334936,1.2644235588477837,-0.9493858268297154,-1.2243940138520908,-0.4881868070673733,1.2258787639640503,-1.0122384359918626,1.7426612144563713,-1.2243940138520908,0.009874091425118593,0.05988964670095049,0.16459655065075038,-0.3783640876592648,-0.582652934531171,-0.47472421687608146,-0.39981162997397385,-0.37465970339393284,-0.2661349095457785,0.31734944883327154,1.0899394214080185,0.8472634766795673,1.2554038022034213,1.406637678419842,-0.4112736625188578,-0.5862415771839516,-0.6177525859384877,-0.933272248392691,-0.7246509075295249,-0.4622349834031855,-0.5395802696266597,-0.49228524961993236,-0.4627331325026225,-0.4064211717551545,0.08759635595552885,-0.09432775662512163,-0.31910813451991166,0.9046887262304579,1.1521604225433077,0.3555934335128631,-0.32328741002800443,3.3026512391865896,1.948918208715833,1.8038249370593027,1.892412350761731,1.7174031713526392,0.37972300894663086,1.3740818820695768,2.0200957782067395,-0.31174543619186773,-0.41214206250411245,-0.8009320454778908,-0.6471681688058032,0.9949850819837233,1.3867442699420427,0.33122560098777526,0.4068364666085398,0.6587250718606468,0.10461222162450351,-3.1192429769452947,-2.1044845930469185,0.1303148313800817,-0.33137094922401716,-0.8117703822867609,-0.6113098101637342,-0.6821589205551112,0.2860701068130222,0.359400671443568,1.274285310264041,-1.038456211364081,-0.8463313741200265,0.8503090827243156,2.1140325648278266,-1.319398613770295,-1.9318563674460485,2.1593709923049174,-1.582733414983649,-0.825982312809929,-1.9711396993347488
2395,1.7116607858446058,1.6483469897893528,1.689789771862784,1.7188307812701817,-0.6400447688711454,-0.4800760007426943,-0.6013876233519525,-0.5601679056246225,0.07885383715506274,1.7263548881392812,0.9160693040157483,0.4586029795169771,0.26110640698169285,0.789306844727056,-0.7855324239600052,0.27830834892558964,0.9534675764836941,-0.26992551666143977,1.1692163311962993,-0.7855324239600013,-1.2076284367429253,0.007588837313650593,1.1379832230473794,-0.6396697353376829,1.6228966233079583,-1.207628436742924,-0.26092166248499254,-0.15645949530596823,0.0360768435297815,0.04761297429078876,-0.4172617316135303,-0.0583118842807122,-0.1638020218178492,-0.1623916972299698,-0.22971192570366725,0.36288986165400855,1.139650262679441,0.8896711070377851,1.2966254703698177,1.4603745672887558,-0.05964610169142804,-0.5733644806847811,-0.5488138249523808,-0.9294744499357616,-0.7338385310973593,-0.4777704686176933,-0.5414556304580105,-0.4985638698596996,-0.4730899389928379,0.21985879225776314,-0.4036557297980066,-0.31871084149082857,-0.5501561166027966,1.360879032679087,1.3224931328138658,0.052311004966597574,0.11160198323100912,3.3638068967210843,1.8599136217684042,1.7617888521022347,1.8312918333109558,1.6517192076869476,0.7473721980429473,1.625940419908597,2.0109965503454887,-0.38606259318194625,-0.380184972845178,-0.642446418146336,-0.6269442602044327,0.9128443397760957,1.158764369471782,0.35827808040062104,0.31279161862078453,0.48950607708912713,0.26711717517737277,-2.752698381044606,-1.8141273905627493,0.08864588336316956,-0.36092078484538975,-0.09257055288656234,-0.3855845449700486,-0.13057849637736677,0.35271423983474964,0.38698103465652994,1.2614954447903741,-0.8124555779717096,-0.7171097827498647,0.8903133489790989,2.2386904255434623,-1.3335745249060456,-1.8895585339524499,2.0891690769178926,-1.5341518120282847,-0.7565818617110988,-1.853493493503998
2396,1.703470390570339,1.7826819412578263,1.7683084863536915,1.8450963773119857,-0.5990679325733611,-0.666498890918124,-0.6820190115107709,-0.6199500844935731,-0.28856599966804264,1.9071331654937298,0.4823302450456091,0.7921241681490702,0.6924195016346699,1.0326586050808035,-0.236981913888078,0.9532545080917098,1.0346264824628422,0.49884273554401515,1.1346757961111167,-0.23698191388807774,-0.9340679166350373,0.7686911906288183,1.1370984328135783,0.0686151771587595,1.5296423017596592,-0.9340679166350406,0.5238688114330051,0.6315138847441119,0.04794368276976997,1.3275490154844007,0.3097014769201479,0.5923061611391096,0.3847437079382334,0.2511746324606785,0.0229755975894649,0.6055842477496791,1.330537300519555,1.0919118181843908,1.4664771200655655,1.6465887870838605,0.9990863324351645,0.10855665392999839,-0.020472334524864366,-0.6078618464279761,-0.43936911355100766,-0.16257339430196147,-0.22099352311085205,-0.1453728289037314,-0.12114764299356948,0.615478535070311,0.14553170143077454,-0.29373995775482814,-0.2621397195162158,1.4780840478328445,1.6056373366552406,0.6542335815540111,0.44937574589067564,3.417910944140166,1.778640053031294,1.7513361744784257,1.8532730175949221,1.7431488933642618,1.2116919032337137,1.7856818144102047,1.747728225782338,-0.4074981655044504,-0.5960056934303044,-0.7329306433921317,-0.8338260313313439,1.3443168138352664,1.3295687365033355,0.06624794562812422,0.6155409929093103,0.4291871801304339,0.5088541906600518,-3.574702853703157,-2.4175417407620285,0.4903840274408666,-0.3900676318624606,-0.202863017688784,-0.21434583167307925,0.2448228346192421,0.37583105021335583,0.453719595118053,1.1632799222910657,-0.33520734252970896,-0.6069644577440031,0.9408332226597524,2.289440006518137,-1.3188238734055968,-1.8406122532869424,2.024965648048966,-1.5006309631990737,-0.6895733120726404,-1.7504334129195411
2397,1.8136424444275283,1.714592703116478,1.7751425139573536,1.7053774366456065,-0.47567447223790554,-0.6480745812637855,-0.5779946198407987,-0.554603925015789,0.16840715577377177,1.807416802952444,0.7637601758274774,0.47126728806952295,0.2907504693485318,0.7794102007145608,-0.34463019772468184,-0.18622236637612152,0.9740294748275431,-0.3232867968152326,1.0906641986782581,-0.3446301977246834,-0.933465811478854,-0.016281324698891802,1.0679277975395567,-0.5181855881896981,1.4417484568049266,-0.9334658114788472,0.15135129692179705,-0.20600039137871323,0.6292281099423603,-0.9750258886598822,-0.7183888565098695,-0.0035768715501835815,0.0051386174146748655,-0.07239550991014758,-0.193316892154291,0.30384110327733654,1.1065382916688444,0.8512591259672001,1.2741997732085724,1.4462073010822674,-0.29378209008691936,-0.44837929454374287,-0.6245917891077917,-0.7799375959149233,-0.7934365077644421,-0.5603703559202378,-0.6117661672331566,-0.5780526034534789,-0.5609032966403775,-0.49180850528365205,0.06623161226758661,-0.09183765783274202,-0.3123807256756182,-0.7843784861226515,1.3536894959470016,0.41593189804973024,-0.4281857438299535,3.6044307116231975,1.621160073039084,1.7368189366163378,1.7869240008335063,1.7475737908991613,0.8642671956028376,1.361999921222727,1.4319995206518095,-0.2699769690170359,-0.3498754140899328,-0.7582824737526246,-0.5810793992748844,1.5154380261136078,1.619553968648501,0.6363037247696699,0.3417017127858967,0.6592984991835386,0.047078991347127,-3.27016928008305,-2.570280278525053,0.1490437821522558,-0.2888421058049849,-0.7883446659464887,-0.32689530420165797,-0.20758655334857842,0.2456100171124055,0.3129938888531113,1.0007757617398703,-0.32944045975418074,-0.5297731607293911,0.9997988971648041,2.3127360534226358,-1.323836783953214,-1.8181029912554916,1.9706630848240412,-1.43507445373378,-0.6321235260399546,-1.6674074705566615
2398,1.6163035478112404,1.5149564716249622,1.5731032604959634,1.5182707816655296,-0.24024809969801808,-0.4832846937910509,-0.3692986925931744,-0.39608570974547036,1.3325322862828717,1.4499465164154373,0.2278194276314663,-0.11498759965951418,-0.4309008818146674,0.3272254870446602,-0.8879116964259826,-0.9393093914647657,0.7760326090731409,-1.137236287613943,0.9930113662987461,-0.8879116964259823,-1.1937460069240078,-0.7932235326964233,0.9168052160666398,-1.2347374891920095,1.3403412292028234,-1.1937460069240036,-0.9976958078979166,-0.7858841326501118,-0.8621766703033675,-1.009228752203021,-0.7328222755260161,-0.690994123849046,-0.5507179250006364,-0.5124857972382681,-0.5808151353757984,-0.11733905669415588,0.7964399509168755,0.517632800304366,1.0123617552722866,1.173711519733115,0.27691564960927334,0.10922254200074241,-0.07083658354205769,-0.34175954535032343,-0.5401435079577931,-0.29512948943218087,-0.3444145197189414,-0.28141878308895796,-0.26709520665032616,-0.7596974751533697,-0.4690779404314248,-0.29295893526788586,-0.5309986920793955,-0.5929370039739609,1.346337547750976,-0.8878194417081551,-0.3936332553479788,3.820583808694868,1.3796889519301059,1.64062749056467,1.7844070455873886,1.7158322184619652,0.0174133341944037,0.8660195280785862,1.5519007009456893,-0.34735086793539766,-0.378969659455598,-0.6225285545109775,-0.6114315174435635,-0.1543558254725536,1.367509429962569,0.43184291978605904,0.33514084558145596,0.46652003530324077,0.2694418242649806,-0.5415073378115368,-0.26663860628296776,-0.3842377631401937,-0.39626344555298704,-1.1718551759130615,-0.9947304575567677,-1.3640504154145203,0.3324363870243466,0.6942494878715393,0.11740646556375041,0.7640182353006241,-0.8016559097277158,1.053749620076878,2.2800447037606775,-1.3268352309153273,-1.795948502184389,1.9169835758947673,-1.4211339425331422,-0.6042848960980415,-1.5879816704786895
2399,1.5968602832362928,1.575330509183956,1.6180189279646395,1.5577930632076347,-0.47607580367783175,-0.2452184454005949,-0.3829047495974904,-0.409626947235998,1.3359415378762804,1.5644615426766404,0.030174390328370018,0.0712477572593762,-0.16646392604447924,0.4539823969275934,-0.9059900346267501,-0.026389398335585137,0.6847936977031309,-0.5406731887549102,0.8970784762250709,-0.90599003462675,-1.248742762156678,-0.19212904953273593,0.817824223232236,-0.8286187196176825,1.2397362360476236,-1.2487427621566785,0.26954856715560627,0.270934206389933,-0.0581440144386232,-0.5044622689492114,-0.5208232775097574,-0.4360566850706591,-0.40499351779336795,-0.3377343279460657,-0.44892817161712445,-0.06921749088646527,0.8379379627480695,0.5652536914248629,1.0613151991648384,1.228534604701766,-0.3218642243691066,-0.3011899902748001,-0.30631422964455485,-0.5585977223759458,-0.7270111060883041,-0.5001064879666645,-0.5541424527699882,-0.509798018320438,-0.4982552562217518,0.1754331215187364,-0.13762255311160249,-0.03178958402455059,-0.16292149208493617,-0.35901233886615225,1.552378140241906,-0.625508282200769,0.06592226519270021,3.4051945767492775,1.3655783029268902,1.5762639523178645,1.7336542411727391,1.651476685496902,0.344796997812035,1.116311515993418,1.583034351987403,-0.32633623625876707,-0.5979417254135264,-0.7019625646699372,-0.8167145194006659,-0.6284655292480669,1.3576611500581734,-0.8382526561816751,0.6691994865356206,0.3880727730033525,0.5203952977149591,-0.021528835356417312,0.30054760666255415,0.35336138829576685,-0.325551551057322,-0.40790129445387413,-0.9786060993500725,-1.3825349928582176,0.301480173640262,0.7876213179923958,-0.140660222075723,0.9024772660443031,-0.7666109249550195,1.1012455108984864,2.275760747372685,-1.3490831653348336,-1.7489463486388248,1.8717011629126736,-1.4170895076449468,-0.5710995005610918,-1.5277097654046667
2400,1.6249634693560464,1.772884498524969,1.670334884712133,1.7492679458359621,-0.2215676769586381,-0.46527157629063876,-0.3044082348859,-0.43457565884238686,1.2229768712846947,1.822131499664601,-0.03918885284663197,0.5627919180098009,0.4677449389528525,0.8122648359786369,-0.23320763521309587,1.155014018001275,0.8007534330647291,0.6497041529278827,0.8732396393996803,-0.23320763521309565,-0.9266454337040082,0.9637946795826515,0.8429881888591434,0.20484243504289318,1.166089845802886,-0.9266454337040002,0.3101286811013656,0.8635556871196848,0.15913236398171268,1.1110549757683021,1.4741418590984363,0.4649432199295978,0.3179609508433436,0.27816367152261695,0.08221653031526133,0.3097865570684449,1.1239123577929218,0.8773443387380827,1.3228757527699755,1.5037884126644743,1.0669467130829626,1.0120328815940407,0.827466226553611,0.31323522148211635,-0.1394237774190302,0.13302983109569103,0.07420137571932844,0.20378421532720964,0.20819305750585523,0.8474402746128693,0.231102105989941,-0.1421315596261049,-0.12948489467907212,-0.3707279784706983,1.85782854876389,-0.018966837613426348,0.6223545049010354,3.0972409329167943,1.3878122464872256,1.5583975955532565,1.8099148682924175,1.7691477064176293,0.8755153224308074,1.4097961299652182,1.4599384532443203,-0.3721674708808771,-0.5290266329244199,-0.533748890916337,-0.47094239768058765,-0.5277451660509597,1.5671004746640038,-0.6489624916662703,0.5401681946961554,0.23456416213032882,0.1379574651179845,0.2635658463934004,0.2936055545848207,0.2548365999861783,-0.36608062021322546,-0.08851587992434878,-0.9566698667940212,-1.2474006552510648,0.3578049994186875,0.7815137545032735,-0.6112935075442372,0.9400546271873912,-1.1786065867206823,1.1412138756417742,2.2037083820819627,-1.3687155480631203,-1.7126777947258576,1.8194702735713832,-1.4294434000765515,-0.5376924292313611,-1.4690010945253624
2401,1.7380073774473943,1.7637471622484677,1.5830699962039096,1.5935236137216073,-0.020950130630280405,-0.24843844946349458,-0.03332022107237555,-0.16842773025649982,1.528342900315142,1.5728102810368532,-0.039315509497080854,0.06836880176188205,-0.14681730984706018,0.44355634171172675,-0.4012795890871346,-0.2723358383975423,0.7362946280418418,-0.41370715662817154,0.8352880034781195,-0.4012795890871327,-0.9523721013482546,-0.05859188736493699,0.7794817140052113,-0.5754655913547101,1.094607396147681,-0.9523721013482526,-0.5011194864195707,-0.02745977844858218,0.5794303815077693,-1.4902261888897967,2.5152033876403666,-0.11813541956040782,-0.1940472704027821,-0.24435546273433767,-0.27691003262592145,-0.07047769495949445,0.8460705629700261,0.5813535041690804,1.0950144562062527,1.274203689758168,0.7011310953355095,0.7982665704788903,0.5726616318170789,0.20306946947255589,-0.2305057469777268,0.044016501288763575,-0.03024730900949163,0.10562504071315482,0.11192319794970011,-0.6669712325982021,-0.539213110216477,-0.28776029048601914,-0.5829127386784219,-0.5295656777410275,1.810098220810652,-0.2951880250621609,-0.42833706818243816,2.9129741290556788,1.3685834661232552,1.5465044209327952,1.7999203065356242,1.743710625722427,0.15536308610634159,0.9847228788473463,1.5200430298391951,-0.11603517289753193,-0.19504039954344232,-0.5398476309359941,-0.40452347036852254,-0.5244544400619238,1.8794396663546398,-0.0496712682739556,0.21292705890175986,0.5156955588266344,0.013636246937046646,0.34342003195767223,0.2827494268410554,-0.18670600508558122,-0.12871420981950846,-0.27334773471736096,-0.8999189559521823,-1.5389890875497605,0.11360482033768425,0.7461490531946321,-1.1643190246004582,0.874256251172438,-1.0395977421163967,1.184380004451004,2.1731724115968696,-1.3474845315145085,-1.678045036843555,1.7632450925766074,-1.4346193165743621,-0.5062210370883836,-1.4206385423489025
2402,1.434975898384307,1.3250152183025512,1.1731099731421566,1.2022892641201943,0.2551332013044782,-0.032940122532308165,0.3814461894731851,0.0751204726207383,1.9980789783475281,1.499812946179935,0.07465246250675088,-1.4659620901260546,-1.901906340316286,-0.7528492563590726,-1.6531066823407623,-2.0158959478704617,0.33096928046106894,-2.280161099530928,0.6732307096098565,-1.6531066823407643,-1.5905531353192948,-1.8584343809091926,0.5128672457125453,-2.255275811490971,0.9825341249949244,-1.5905531353192977,-2.2369608108841534,-1.825784011429834,-1.5237916575790487,-2.331402811578536,2.1605472416699962,-1.6886100982529462,-1.5277130021967478,-1.4476589184768855,-1.2655498449126903,-0.9822744104187758,0.16748341392778476,-0.14959763218745958,0.524721371125398,0.6951792989635643,0.8261397167767627,1.0588297162930889,1.0312103340568401,0.55752775576726,0.0001522141128056071,0.31157892268569115,0.2212858199442032,0.405888048952,0.4134421769831468,-1.6956699030521025,-1.3048187541643204,-0.9336546011955102,-0.8842270609863903,-0.9849974800336092,1.3842435409087426,-0.7971674311340945,-1.7754320110952992,2.7270230372588817,1.3246058189233971,1.3677993490008804,1.9756235189936533,1.6785899535230755,-2.453466456587575,-0.14115690191588592,2.570921140977596,-0.21062218962016985,-0.5359702750826251,-0.6170708297326709,-0.8053694949686089,-0.6591802212859947,1.8331359770092384,-0.29058427176738627,0.6546290788980986,0.3350322582328674,0.5990831077260033,0.04207649804321282,0.3999368189455309,-0.0652418820303936,-0.23096172712444574,-0.1949168062300382,-1.242112613556745,-1.9915611908384045,0.2186821189910854,0.6404770325123753,-1.2904725046039378,0.9034396680878374,-0.8398198138811854,1.2164308735637892,2.110888970939872,-1.3140749078733436,-1.6450070878238758,1.7095280329183218,-1.4262582749509305,-0.4485628560812821,-1.3704866429220606
2403,1.322279535301402,1.351371439384972,1.2756690085534395,1.41687596962952,0.07402910496303781,0.2691467033103732,0.11366453982632618,0.06531983666302639,0.38771735459035495,1.808553992596288,0.43327920893995997,-0.8904387750803107,-1.1506004647047565,-0.3368418210963805,-1.3615207749319653,0.4731953549037617,0.25900098213451156,-0.4229021709284214,0.5413119446715019,-1.3615207749319636,-1.5973516946516062,-0.01709528115532429,0.4114769714764402,-0.8834314496999062,0.8732455407395349,-1.597351694651604,0.4813247807515091,0.046463276533263854,-0.628393404990308,0.6851274054021168,1.1780333290737568,-0.5420951315837039,-0.6908254582082919,-0.6915665593076615,-0.6956006104346187,-0.5677746178672438,0.47730648360349487,0.19056312311684123,0.8142104447589843,0.9982807205929705,-0.35047765159190747,0.02458460031789747,0.15054799561964463,-0.08259477286674277,-0.4644141023140463,-0.20877482375375772,-0.2900092775955534,-0.17026919108171626,-0.1599129217213818,0.8583046188938538,-0.3359226663679444,-0.6339971433178754,-0.4645390313437987,-0.6660106430632698,1.666653016003667,-0.0028087317264614085,0.6171103435836678,2.5704698797511187,1.303546865962622,1.2214983644912893,1.8931299462738462,1.6183741235994644,-1.3788539617833298,0.6572244541320661,2.4205732977439642,0.2580753496385702,-0.13225281293489857,-0.7865302066414803,-0.9897158353454893,-0.9619171352806788,1.4010667037924585,-0.78888268373581,0.3602790734069082,0.881111503393129,0.7069361413001478,0.2964248006004907,0.6736248775739041,0.1688861747245356,0.3240038780496568,1.3626486431222984,0.013895017782979644,-0.3845632931495766,-0.2513935979411853,0.5916858020254995,-1.384966554409427,0.4444439862776003,-0.5829385095287087,1.2650985856245016,2.0455320214943415,-1.295712683325894,-1.6215820707317343,1.6654585646471642,-1.4549169747544337,-0.3718015177833003,-1.3349224889844002
2404,1.319340494211703,1.2912113438149668,1.3371476273009715,1.3097309769762449,0.02718420013810923,0.09351753282734405,0.012982582415932146,0.09317573823067636,0.2716031785654046,1.6995351843734106,0.6870825076572473,-1.2076204824795969,-1.4868605727973898,-0.591600055606579,-1.3951019004430938,-0.0773489685148971,0.10722285125458506,-0.8212502081982237,0.40238841549909055,-1.3951019004430925,-1.7074297948316293,-0.35919846892671425,0.2672125217933162,-1.19402724217566,0.7573047557764143,-1.7074297948316284,0.25039554128259944,-0.31345492914538814,-0.10023105939192822,-0.2532336805518645,-0.3219726173151095,-0.8546130553448965,-1.0114382398292054,-0.9948222288653713,-0.9738790520461108,-0.8514927684948106,0.2608317489345972,-0.047076122149838535,0.6408703641345995,0.8325688123531876,-1.1538713657773685,-0.6362907111332766,-0.5287809175916615,-0.5731413894012563,-0.7978607082842353,-0.5878860955494482,-0.6616280509774422,-0.5979578922867875,-0.5858283597993965,-0.5041159080806609,-0.7635053949599365,-0.6979852973418332,-0.5067404894769579,-0.5618906193475006,1.277068692484396,-0.2904224580098706,-0.4212627764774992,2.450906927611356,1.270563044845323,1.0888168423808278,1.817848992786005,1.5624524410373346,-1.6768014440197911,0.41241818581437073,2.288343084574252,0.2790630395977949,-0.4648835249009976,-0.8504691112259783,-0.7016910284693677,-0.8190812043548178,1.6764471953071585,-0.04050950477654828,0.8659220243187421,0.6937909064912644,0.13143852080968127,0.4379067796464089,0.4331987115313325,-0.3193038068042013,0.28418602102564083,0.13942109345056716,0.09330500913930187,-0.27098213968388574,-0.2739930402453141,0.5538905974553909,-1.4433065256528128,-0.1741719617208123,0.01896405714343947,1.3118575982007588,1.9908703689217084,-1.2769457681981753,-1.6089720256848472,1.6228510517261066,-1.4966958741540108,-0.259054005152913,-1.298969746772515
2405,1.356204618515623,1.2585432552711877,1.2531416239064441,1.2128273493816553,-0.12969772333916652,0.030003604900518604,-0.10922379768779707,-0.11089091649846622,0.9957217147615144,1.5649884006361219,1.4217744985570657,-1.4626059304272305,-1.7374537706821198,-0.8168751597235887,-1.5140512633218526,-0.2415696309042746,-0.08817834825010798,-1.0063138789164991,0.24361955066207755,-1.514051263321853,-1.8427130982813227,-0.5016767061328615,0.09292757210155742,-1.3693390446471148,0.629844059342336,-1.8427130982813216,-0.5220025043366733,-0.19571420776985515,0.1126702571781189,-1.5254129292929672,0.32911298280380524,-0.805725834122583,-1.219840909920358,-1.2068430056753527,-1.1784466422677495,-1.1110105722593482,0.061866022514198274,-0.2720219060352434,0.4781529445218766,0.6820463164277691,-0.8029309322572343,-0.5178015194394585,-0.4341602227922688,-0.4689525216258065,-0.7230942412127243,-0.5242386419961608,-0.5924964431473418,-0.5230067620723484,-0.5125243843976971,-0.46334262523764264,-1.5212315903934557,-1.0295086394015471,-1.1030813818688903,-0.9615413170581426,1.0042087044271784,-1.6083379572179688,-0.34532390479262803,2.349033854856538,1.2316190879693991,0.9473271752306904,1.7571549747274906,1.5103218932633187,-1.9302833121562617,0.1878549875354236,2.2048735945882525,0.043032050626854064,-0.5307838528829222,-0.8821521786001995,-0.696987182273029,-0.7073273662038281,1.2883388050293563,-0.28549755294988194,0.8108550306526919,0.6840575935629516,0.07806383802412296,0.25225050699789103,0.252749297417229,-0.09364403390000368,0.011193149390779956,-0.7252213328333208,-0.48773266552561223,-1.0074476355720856,-0.04783240621887758,0.497246778577916,-1.4776926486119877,-0.21171569858009867,0.45973312881882056,1.3593616207717303,1.9875285235589544,-1.3168465438607024,-1.5883579635964524,1.584644370667178,-1.4867873414365622,-0.18019038139828167,-1.257365072023848
2406,1.1377380959047263,1.0783325133187136,1.1100168068312122,1.0583899182519645,-0.17152558251228597,-0.13201192274423063,-0.18703625826447298,-0.07738265803859166,0.9769426018508224,1.3208454567471075,1.4442831024175191,-2.0124601920471457,-2.2936473635635615,-1.2840049670001175,-1.8077763632676433,-0.5706616350291062,-0.3736347288194747,-1.3957494718960755,0.04110198281272356,-1.807776363267643,-2.068776538211956,-0.8468463767072268,-0.14197356046274467,-1.737387183367022,0.48088282212829897,-2.068776538211954,-0.8598146314843347,-0.8311892051439942,-1.1576543537808104,-0.9543340442873156,-0.1491396581221946,-1.0653476428747515,-1.5456157185865835,-1.610281820893849,-1.5226137844029413,-1.4966421160823904,-0.25121703424476327,-0.6182896235048786,0.22105254427187254,0.4405457099706001,0.12001453223670143,0.08596283993268783,0.10664092081493716,0.06136595133280553,-0.39017421700037375,-0.17629756988557077,-0.26143141655528784,-0.13774231148943336,-0.13445056298724528,-0.7392446148979259,-1.5445480046738396,-1.650887331144011,-1.264687022545439,-1.3790874204288364,1.0364723759273764,-2.0757229917178264,-0.5271193985709093,2.2947188973554775,1.1688026051085612,0.769611716360441,1.6924917008205178,1.4615652407541002,-2.4235062640162894,-0.2742480991451087,2.0941929577382328,-0.1360964550239216,0.0875682606077384,-0.8920358518516517,-0.9347779736507725,-0.9669334111210682,1.010280404837011,-1.572710070522471,-0.21551696907468135,1.1906247120762006,0.4770966418615667,0.36570529007432695,0.5962234743195253,0.7510253473456083,-0.13402483116620034,-0.10905985092373507,-0.6277491479372389,-0.990292508600662,0.1270114227688559,0.31892295856205966,-1.404578525598464,0.39226459955638454,0.7313491016339082,1.3862598213183575,1.9829358982868897,-1.3285243750071687,-1.5545153673331367,1.5490183381330742,-1.4919555607570558,-0.057760975090547804,-1.2735727545649842
2407,1.1513243407249147,1.1331258792777599,1.166673477805416,1.2295934717600416,-0.3880434468237902,-0.21092416262541708,-0.2109622381761113,-0.317789733941599,0.8591347877826606,1.4867470387758626,1.6516907644373604,-1.3519535776757234,-1.398219433297107,-0.8584762124906253,-1.220502280730463,0.9784908928056661,-0.3909663627573905,-0.05072276725722697,-0.10255639103234626,-1.220502280730463,-1.8492712924735977,0.537324485551516,-0.23565457193027853,-0.6538670724550317,0.34255722899517704,-1.849271292473597,0.20409527344270123,0.1556327038287939,-0.03167989042480805,0.6513360965005275,-0.14464041167399916,-0.22531706746472932,-0.7671430937860032,-0.928549318482558,-1.0192777366345636,-1.0720959327334143,-0.0006058167254434215,-0.35592027544336163,0.4487340394777713,0.6827267293298344,-0.49882957557423124,-0.6167210411235096,-0.5559962036897316,-0.446873089251896,-0.6166025483204698,-0.5679855172661818,-0.6462759142113473,-0.5790909366389535,-0.5734903922222453,0.6652386389589341,-0.1137015978157857,-1.1243321775270483,-0.8859304301112754,-0.8633495000083199,0.9993330842156798,-2.1080570225667437,0.5697212908142162,2.2055707343344992,1.1387010269639164,0.628063389818654,1.6330046917650984,1.4503762559763793,-1.4990176948593468,0.3329574504815303,1.877159119358733,-0.19824002343673075,0.219996251002292,-0.49975494112246366,-0.873341135485667,-0.9322568402602808,1.0392374602523424,-2.0880127065318015,-0.45068425981061344,0.7999423328825794,0.878879614909903,0.38879529263479956,0.8682424805702662,1.1916777816854336,-0.19102146482310065,-0.18784265229979585,-0.610859301541887,-0.8851090446477194,0.1793962838444575,0.2420532805512722,-1.2259032004057864,0.590814752325995,1.1608846120680276,1.4183379768176851,1.958902945570436,-1.3998123544690417,-1.5230007234766705,1.5165685145930374,-1.4793614067253102,0.01515448767654078,-1.2604349069245702
2408,1.0697374316661048,1.08872412921903,1.044666181179559,1.182920720739688,-0.5406359153108986,-0.3508050828014026,-0.37134015779436064,-0.4495151568597071,0.22617969433431473,1.6172150068593751,1.3131296225379903,-1.4112230902583018,-1.4413694978774627,-0.9324467312523759,-0.9494872682828563,0.45691809836955427,-0.4489642179675954,-0.24424410381789452,-0.22000748157207153,-0.9494872682828558,-1.695500064692598,0.36958867044161486,-0.3403404887356332,-0.7052955063866944,0.21001154507022982,-1.6955000646925962,-0.7229547330960546,-0.2577731239570168,-0.4944937594182748,1.0206207483481888,0.804807029784114,-0.22390596095301565,-0.8290281246819661,-0.9269531246049584,-1.105006058694269,-1.1454243298806701,-0.12458507611485443,-0.4958286606560647,0.3516232979569147,0.6032288520351796,-0.44536425006882396,-0.6723709101617241,-0.6021682051414763,-0.5021765632819712,-0.604638753894071,-0.6179371650266617,-0.6935620770284711,-0.6360175964052498,-0.6307940425800387,-0.2646124463111716,-0.7897587124336666,-0.8931999618084793,-1.0606106131451276,-0.8615535719282924,0.9425831641324857,-1.3657430289192012,-0.45115888680817906,2.102782447191835,1.1139098073745002,0.4546951444237177,1.5775592602826145,1.4082023370579015,-1.5201048279990705,0.26110159643019276,1.7902647411120547,-0.12285347273624551,-0.3215654540447084,-0.6769930955594305,-0.9431723868127326,-0.9524109210767022,1.0022459391997873,-2.1411850677386943,0.39662524124386433,0.5918562352691057,0.7745684469266195,0.3235568285789674,0.7518540413081096,1.272585778754803,-0.0947051463403685,0.10820462427206662,-0.21910225688821813,-0.26304585957014404,0.09901534345009805,0.18880912952491521,-1.1319533178885384,0.5928469413713158,1.4184026271196553,1.4082394496092607,1.886381262586294,-1.4604795459151163,-1.4864463773413903,1.4855914822315177,-1.5044292998341315,0.14783441617397117,-1.259186780502189
2409,1.2080723717894517,1.237581084780536,1.2396979945656532,1.2961007738470358,-0.6618142922139922,-0.5690221985616292,-0.6718128259547335,-0.5966964764243539,-0.7445483155684054,1.837558351491539,1.1161426505543162,-0.9721546882953077,-0.8637567946755611,-0.6398283476495681,-0.4046958454549079,0.9398767989685302,-0.37289368026935393,0.39340303079893946,-0.27462736726110765,-0.404695845454908,-1.3672057333303773,0.9921272428766663,-0.35921714744165767,-0.08547872400918387,0.0989305258424385,-1.3672057333303786,0.9255248014099062,0.5325924172868877,0.6047048408209541,0.7493168772344951,0.2563011279636659,0.35416918044277707,-0.3436191875280715,-0.4616963601505041,-0.7974023743243608,-0.894487208170678,0.02287983497770996,-0.3404837965193851,0.4891703810624811,0.7606139529751642,-0.12098697260507853,-0.46322584555062135,-0.40718158883440253,-0.32209949510617836,-0.44140692656308034,-0.49756011072083234,-0.5800670260718079,-0.4946509463091649,-0.5024331800576016,0.39232737986269745,-0.2468036947937286,-0.7871423376706239,-0.7577990225989834,-0.5916198552007024,1.1318317516605287,-1.2155202173651063,0.16807859916298995,2.0340893711711114,1.0968898667257707,0.3430153318534267,1.5259742985835898,1.3976895720425107,-0.8945519076198992,0.6824612781169291,1.6127302309801488,-0.27842766441915917,-0.4563392052925297,-0.8163896036763306,-0.9717073310928548,-0.9396109533896971,0.9452486941061754,-1.422868717218302,0.4972555371314693,0.6622838173672401,0.6474245603406025,0.2605472310696602,0.6210313474272632,0.7305407044152231,-0.23569425198198896,0.2960915710033051,0.13515920908930557,0.6950520954185452,0.24752962173607124,0.08695321986906306,-0.9767986020248589,0.827168196373155,1.630075701409568,1.383050200572058,1.8044565689630434,-1.467506136726114,-1.4511099623269388,1.4595519888074613,-1.5274747363365246,0.29018533395304474,-1.2545053704255504
2410,1.4135956715905424,1.3089421766564875,1.379754757236152,1.2951547156412977,-0.3375764347883998,-0.6156206866456826,-0.5017752315412081,-0.49425355771668555,-0.9196166012461346,1.8677731700395315,1.0698443848798742,-0.8853816778930124,-0.7366214168084217,-0.5970001400233295,-0.1268377756313577,0.4794077262022961,-0.3259927524006615,0.24699643604490207,-0.29623604191461744,-0.12683777563135865,-1.1067785331218305,0.8106587269932507,-0.37615755331741313,-0.06719689452028406,0.0053412886069895945,-1.1067785331218307,0.624791720035684,0.21257824505029982,0.9148474171213423,-1.216528130563628,-0.5504092539446159,0.2649005923300892,-0.18762164191460823,-0.4201359579852974,-0.7573510325391593,-0.8759666625794006,-0.02786213322271173,-0.4005313724793923,0.45067005280149225,0.7478743068542151,-0.7083711645034518,-0.7532860775018108,-0.7435292445992153,-0.6049085977384147,-0.6628735877764548,-0.7047870830839875,-0.7817500134307455,-0.7060256624545579,-0.7358322605124721,-0.08050227690127948,-0.008236534946915598,-1.205125546485166,-0.8874772308910998,-0.9953688996804513,1.0953728735772632,-1.4365698933610456,-0.14979534978290734,1.9823125646024606,1.0767465498833533,0.26401386179481806,1.472129715424282,1.4204511102928652,-0.7233623377720941,0.5923847480899113,1.3191513650005409,-0.28699247865281957,-0.5264231115189356,-0.8804324001942004,-0.844427780016757,-0.7063319038096353,1.133611527971137,-1.2445095266016954,0.594995875599371,0.6872722917534606,0.3464947996223806,0.03263918501265736,0.24680549689571438,0.69962586723078,-0.27824522478089986,-0.11674253633438081,0.20859870777467,0.8900948614359732,0.2691818395268465,-0.12044993393262207,-0.8518164604986915,0.7437534090051819,1.6359758324184237,1.3455808827603806,1.7280364512620183,-1.5060112166639212,-1.439023723225263,1.435957390810703,-1.5340480647386636,0.398426723036015,-1.2251802024122744
2411,1.251608935914136,1.1921425553189033,1.312773016486543,1.2863084164810428,0.17690268793241173,0.10661907820767917,0.016352451440122207,0.20351010626075192,-0.761613631274762,1.7528416847031052,0.6861294619531085,-0.7869708345139433,-0.6071941134151057,-0.5452110893582224,-0.010423698714086454,0.20144957995829657,-0.3027237043559701,0.12862081034530687,-0.3032924691969827,-0.01042369871408822,-0.9039981879751683,0.645794086757623,-0.3935698786282606,-0.07162077743925058,-0.0744797035307786,-0.9039981879751684,-0.407365894380698,-0.5264248553753257,-0.8404901005576081,0.25052409808229553,-1.1527417455191233,0.0038818412520429716,-0.09509249672775673,-0.3728209450104299,-0.7297254626056414,-0.8605073455835022,-0.08159087825928302,-0.4566314484735687,0.40500343688048124,0.7249184603765032,-0.8547223949712687,-0.9283903381950654,-0.9656783709839492,-0.7954893406500302,-0.8116308231671774,-0.8363128484731855,-0.8994531681955856,-0.8566669427137489,-0.8837737026453983,-0.0954663354940475,0.4010595133077719,-0.9331944706870786,-1.1648600414975097,-0.912282173945977,0.8267441715985034,-1.1689715057397247,0.003195902162593231,1.957457546360069,1.044010316975688,0.17344550184937466,1.4478596300565096,1.4148804740162755,-0.6837914077627122,0.5653366525444163,1.2409866454470948,-0.3979185359217558,-0.3907244238432578,-0.807264052407587,-0.8982762011482217,-0.9497354530913329,1.097891911703174,-1.4494858502423198,0.3245938673293128,0.7031966683526949,0.5375787872992249,0.3701201495412164,0.6399309281112449,0.7781766346908062,-0.4034847556257461,0.008453740019568333,0.03202562387774965,0.7675765190635673,0.398895077870202,-0.6161793008815382,-0.7056242847762131,0.22690274793814155,1.3036294516584859,1.3069417094871922,1.6536367661464517,-1.5514253164574108,-1.4486841469538505,1.4124320521120168,-1.5688143968799526,0.5422203756200437,-1.1913136859227658
2412,1.1974966415815078,1.1144733006066958,1.2079054801141638,1.144090890057762,1.81151458215706,1.3827842176312544,1.6554975409113486,1.4954663765452954,-0.6179906061351638,1.5947931106121935,0.8975122399384856,-1.3284048676088536,-1.2765998563114422,-0.9919937655126473,-0.3432287658383472,-0.5717063992241013,-0.4356066324268136,-0.5809598824293001,-0.35323536815873163,-0.3432287658383491,-0.9281745291412117,-0.0996860398299477,-0.49371058639455834,-0.6218775752012895,-0.1600233986956721,-0.9281745291412113,-0.586980473565236,-0.37049989006527684,-0.3299699305099561,-0.5727622733099628,-0.8671867323817273,-0.5954987760433607,-0.5717239112452367,-0.6614061766537261,-1.0377616053149465,-1.1208674596108175,-0.366335249119984,-0.7576117230888537,0.15378027792169643,0.4989565870915509,-0.5144651476724893,-0.6696556911912439,-0.794069549698511,-0.7088301430748536,-0.7287760047302232,-0.7803043669774791,-0.8424184143912575,-0.7886116484346611,-0.8261067695929125,-0.6273297816810884,-0.40099239320424235,-0.40382661108636037,-1.216881826484031,-1.0122675422216019,0.5236699552614344,-1.6347306894849878,-0.5376482530577497,1.8856396402858528,1.0234979417722856,0.05134619378987793,1.4028410897238448,1.4085223491336516,-1.1015407119263247,0.04635921533993713,1.0838111681230982,-0.4741038005402067,-0.0011991836816304953,-0.8608636867844688,-0.9440785599468168,-0.9494361191855764,0.8303443767052996,-1.1994545496813613,-0.298625068975259,1.0798254902549722,0.5491313772416654,0.3032032173933333,0.5949886878204931,0.5833071815164695,-0.4786479901869768,1.3733007207549814,-0.10808662801737226,0.7406725985778891,0.5394936665643605,-0.8517174526395876,-0.598390570021561,-1.0863347987818741,0.39853860553691994,1.2575554229164596,1.5859329223095362,-1.6379875808686013,-1.4483900391808477,1.3884716118525577,-1.597296451355191,0.5109873012885457,-1.1759381397495454
2413,1.1517461920417682,1.126177272050699,1.0907522041260642,0.996692359969425,2.2080384048851998,1.9982645790319966,2.0756642429522314,2.0947579878424682,-0.5439577215649597,1.4624562235677687,0.7427343392584479,-1.837374367404566,-1.872659966540998,-1.4441070177405237,-0.8380497428351726,-0.8468656954765633,-0.6757675262798177,-1.0459953476430723,-0.46936441976358834,-0.8380497428351731,-1.0964080874379774,-0.5926057007154188,-0.664928102031657,-1.0703225729631223,-0.26501379778953676,-1.0964080874379782,-0.6544457584853186,-0.01808447102102247,-0.291427159395839,-1.5256282836143757,0.6266344314123895,-1.125425266027136,-0.9375320812710612,-0.970651122349759,-1.3269131081054277,-1.3784705681318001,-0.663153152406535,-1.0599907734389624,-0.11191862608263332,0.2609191801579848,0.5494470989631954,0.050283452723797646,-0.18826267806683136,-0.281237584975184,-0.36256540747417354,-0.5104337192760432,-0.5786420665496761,-0.47290410595105126,-0.537774900763231,-0.6631622075928628,-0.6441380277314013,-1.117604037409379,-1.1753416631809708,-1.2920494882615743,0.3959474599752707,-1.9016543650830344,-0.5813943482851869,1.8260936779576091,0.9915115604337196,-0.10812726933405888,1.3601749420967535,1.3671631971808247,-1.5321845480399072,-0.39522212778764404,1.0508565395714304,-0.45516945889276295,-0.4708440984770984,-0.7344222991457653,-0.925075783250679,-1.0078688334376606,0.5258449713459351,-1.6371077536672989,0.40665809733364117,0.5501561596824068,0.6920254351919995,0.4276306108206517,0.7885781016746145,0.9427364326743717,-0.4564275732298569,1.8486581908648305,-0.12742608010779277,0.6995668126776267,0.5390862428330911,-1.4914202176889173,-0.5705061396691896,-1.6199524871209847,0.13626346026516467,1.1785509251551267,1.5189600786608524,-1.6316905690647798,-1.4338224394117816,1.3616109684732765,-1.6283810459878256,0.3780148830091118,-1.1636653269633155
2414,1.0274368532697182,0.9330381353951777,0.9413758625325297,0.9344672341300064,2.326812614476493,2.356341416693549,2.346710561213753,2.434702664267892,-1.1056340252686907,1.6748409396329742,0.45260067400698334,-1.9074249168389046,-1.9577983035488713,-1.5386991969273687,-1.092405483257011,-0.44254213031010414,-0.8877950181986884,-0.9199320227252368,-0.6215882885574514,-1.0924054832570111,-1.2244630767090587,-0.4713057252469854,-0.8362964512420723,-1.0621277139025196,-0.38659221517502873,-1.2244630767090585,-0.8186466192000871,-0.8241577996659911,-0.6577354915817271,-0.951461206306612,0.0876858384731424,-1.073259004278452,-1.0151600051479452,-1.090756281617911,-1.3892356540381805,-1.452272763040114,-0.8013389870607633,-1.1949111114049533,-0.2418242656205089,0.15060337965484286,0.48153026043877695,-0.043000385781604145,-0.122778962994156,-0.3394585601134077,-0.39614838486279796,-0.5483187736999399,-0.6124759315160171,-0.5141987441002898,-0.5795132560304581,-0.32026090592319806,-1.059442583244319,-1.0227696021207429,-1.3483584382288214,-1.2611568695571462,0.20836514666147832,-1.686939219433583,-0.6209166029246317,1.778116206259487,0.95439177700342,-0.317246172739832,1.3197571424280783,1.328005257290225,-1.6051323511833318,-0.5220762317142862,1.019012651832933,-0.4297549432156808,-0.5282183048146638,-0.7209508924213235,-0.9291349748340564,-1.0508163215207986,0.3951898692236932,-1.9152473062375643,0.5079966873305731,0.48983231731163457,0.7338180427338628,0.49306358960212127,0.8738472777740058,1.1872842636024366,-0.4037292432218214,2.471517475976161,0.1717140230070001,1.2633078835464124,0.5220391930837883,-3.0204857440675412,-0.46987449808570103,-2.1331153003564207,-0.008728620125293931,1.0331983420107829,1.4536362189772174,-1.6861204515009853,-1.4183274673542348,1.3321167728903764,-1.6531847251317267,0.05467183560234322,-1.146766516744386
2415,0.8893457771141382,0.7922818252117052,0.8647117445920257,0.7702072074975242,2.180293024027887,2.3460338623227344,2.2902547458663207,2.272253142413884,-0.8130009263794054,1.6501514442146252,0.5006880241837102,-2.3633748620637993,-2.462033605041231,-1.9813937468758847,-1.4614064359932375,-0.6659403333785726,-1.179946461107847,-1.276543131887387,-0.8269109209262803,-1.4614064359932377,-1.445335166016046,-0.8171109502658648,-1.0666932068980346,-1.4305223852852298,-0.5347501491545397,-1.4453351660160458,-0.46280677869344217,-0.6260446930215157,-0.7225981969388899,-1.1983840223873243,-0.6920383610886582,-1.3444624956496145,-1.4060840478435555,-1.4173178034486598,-1.66035265264119,-1.6960531016316849,-1.110157268137639,-1.4960851934798391,-0.5315960926842075,-0.1146741953316423,1.1330312874575075,0.5495923023508664,0.48943762771998983,0.06307584760383983,-0.06176302495366592,-0.29967436310609147,-0.3709872328188497,-0.21285188474048916,-0.3123152272090885,-0.7290124984720936,-1.4189588027733715,-1.1354481318591785,-1.875848729465314,-1.5586169804451553,0.04984996384063574,-1.712669021881009,-0.7997108512278034,1.7045808374500566,0.928337073174918,-0.5370607941900988,1.3399381419636538,1.2909905205896428,-2.2334923477212896,-1.0173450948578204,1.215261014753853,-0.4890709761808447,-0.22430056055885284,-0.7368010067455211,-0.7921819995580933,-1.0651546084835943,0.20729972654474918,-1.7210733797936908,0.02167996874392681,0.7519383386233142,0.46275743244192236,0.7115061096084964,0.8930683064231657,1.0362358099410973,-0.5000720095021945,1.6373393232676836,-0.022593715144379856,0.9659703510753832,0.5761111331032991,-4.689695660351243,-0.3531893467901184,-2.322409432069056,-0.19561695095775536,0.8429822217336606,1.3925072622663381,-1.744195644329809,-1.4204451704256766,1.296277362868984,-1.6684975640008959,-0.28237073475796154,-1.1321136535863252
2416,0.7691117378081759,0.8416632029820542,0.7811180835525814,0.8421130446277619,2.2044062869015404,2.10902090458737,2.3241537869989513,2.1807174174282737,-0.013744008667761562,1.5327692763820358,1.366597739957098,-1.8883467281247486,-1.8279072918002306,-1.6639833316839323,-1.2148671531672588,0.4065730563344496,-1.2736794338225017,-0.43303905031530754,-0.998941702773327,-1.2148671531672601,-1.407906043149974,0.06428696127926373,-1.1944697458402105,-0.8033209342989072,-0.683890109377562,-1.4079060431499717,-0.49317957252575584,0.11704661428998954,-0.6439017285619764,0.5702508624159394,0.8416326296904237,-0.5997975444289395,-1.09105995493753,-1.0703331011790496,-1.361766822004599,-1.4741793974205004,-1.0144582135807396,-1.375986131166787,-0.45670783910926477,-0.026952974754565696,-0.3340189884597689,-0.17827441180432424,-0.2773078760889996,-0.4638913446869295,-0.47208362784607966,-0.641427604953868,-0.6935880223528978,-0.6132977133294084,-0.6761847684627869,0.21188061397864194,-1.2292882403894496,-0.694689732943561,-1.532024320947225,-1.6526809426293403,0.10335819984729425,-1.816214638170992,0.3654979138620453,1.6570253160103647,0.8948462127523387,-0.7086077316384605,1.300970232773312,1.2561220908535908,-1.8013353359418873,-0.6682575109393686,1.1772471378393419,-0.42149153776568316,0.2202254352657171,-0.6636162457847851,-0.21916199449313473,-0.8697839304865518,0.047573685829091036,-1.7362697076614566,-0.5933331669735312,1.0065892817303832,-0.5118592516920591,1.18847118764786,0.6785419510532837,1.1658285542760753,-0.4544688891813708,1.2898425554237805,-0.35527926946059923,0.19053081221507626,0.5135426072500937,-4.907487563606732,-0.35240084849963255,-2.121571494765426,-0.31168366613853093,0.7255323911363386,1.336417547126374,-1.7146746777072368,-1.41040210361084,1.2679473013443483,-1.6550656528231968,-0.584211769330607,-1.106426091481593
2417,0.7091454318782281,0.817723054427572,0.8054965283110663,0.918186717881326,2.1962050272525784,2.1581295571116215,2.2930497064902036,2.219491487318282,1.1789833845584525,1.2665430139298404,1.6258917069149992,-1.4622012935715962,-1.2745666854627753,-1.3628867412065635,-0.7385932399063178,0.8254111622017607,-1.2396380416077337,0.12043679963814881,-1.102613013136745,-0.7385932399063188,-1.2132115035489341,0.6377859306851564,-1.2379809942935482,-0.294216191785257,-0.8158546342233469,-1.2132115035489344,0.03576706998648568,-0.17025723267779674,-0.3619674873447217,1.779763568220799,0.25934444875704543,-0.03535623123906133,-0.739276130193271,-0.7648084006925724,-1.0892071615125736,-1.2746295336325835,-0.9141060791268104,-1.2524533425090778,-0.3755376330211793,0.06734055992452788,0.007696390415728177,0.21644589600810907,0.08091685611389457,-0.21658623918652228,-0.22889095523372807,-0.4950021814821689,-0.5425359799043066,-0.43862985622460127,-0.518763459067702,0.22212704855812918,-0.7405691180798737,-0.8884401017811568,-0.8077888901094648,-1.4130743308055158,0.11940142828216394,-1.7658823547045335,0.563682972048703,1.6059967064769103,0.8690101349518154,-0.8644182427962261,1.266010817728968,1.3625865887367536,-1.4007493009635057,-0.7140300481795749,0.7121829370186574,-0.4515614537897465,0.1129408330350308,-0.7532607585778613,-0.4462557122011679,-0.7371367418187269,0.09886173145073532,-1.8366797990330521,-0.45259344932950124,1.0315690424935293,-0.2147157975936072,0.6429652641449464,0.4049438735484303,1.3437718880343759,-0.4981391011207179,1.0668153178398665,-0.9497105856428956,-0.9713850450450152,0.5450470569598649,-4.359764354460459,-0.3236832607919776,-1.6798669063456708,-0.4968384972690865,0.6795018631222676,1.287895109974755,-1.6112274609136297,-1.4158838970537941,1.2438826649570027,-1.6366678557097436,-0.8528916911847344,-1.0925765721609872
2418,0.9269143336403955,0.9556721975595787,1.0246863210704629,1.0513066990470707,1.8818140367313476,2.130299505786018,2.0117234143857408,1.9989336489503184,0.7935185835936941,1.2608212974828517,1.5287716235947515,-0.9125616779742002,-0.5774349362511552,-0.9565860989312399,-0.0843249338808516,1.1298435412462156,-1.0750088556046644,0.7062835360904839,-1.113687765548127,-0.08432493388085173,-0.8634000986379927,1.200076062706684,-1.1841986107522529,0.3174985169284202,-0.9121889902268941,-0.8634000986379927,0.9643727475371431,0.44655804596957976,0.9167834009008269,0.9773159179333669,-0.6730989855971143,0.5180850693470594,-0.2713838655944119,-0.37445447950146804,-0.7338129672187381,-0.9937528052793929,-0.7272598181742849,-1.0488219461849946,-0.20820603624945666,0.24791786553274406,0.3486526428620069,0.5005542226578238,0.454957927434946,0.01294575709199262,-0.0328837970152571,-0.3680204273285429,-0.41215046187879806,-0.28630228369920013,-0.3795299105315185,0.43060711437262034,-0.09960884824964852,-0.5681296327025114,-0.9575170303397131,-1.0262625859070336,0.26957805921591754,-1.7429603883136349,0.48979800895414904,1.5469663861292773,0.8518805721620948,-0.9346518842204234,1.2303635288086672,1.4058673930097754,-0.8285396748814289,-0.3939705645445517,0.44422239442870803,-0.46953446404306115,-0.3130046401862351,-0.7526233237388801,-0.8333023540783964,-0.889968583303234,0.11549108143758541,-1.7929492854105036,0.16510463260020516,0.7013167378241799,0.5144134042907412,0.35289273702139634,0.6365199333241501,1.2598966230072934,-0.451844198151807,1.97915564362424,-0.7712765813388056,-0.6137315192246156,0.5492596544820035,-3.517784126488665,-0.16211248341477363,-1.6051602761361314,-0.694541412968698,0.6536530959225503,1.2402216200988418,-1.566226253055427,-1.4235702757734479,1.225939507550458,-1.6285537702626467,-1.1176744706382835,-1.0704502208941902
2419,1.1915877126589107,1.3116507126051473,1.2027548509768122,1.095399499246809,1.9847956878673148,1.8221737679534673,1.855438899645659,1.8013524209880751,3.1499527084467056,0.8515914511531125,1.1513797510456383,-0.6874209762942957,-0.3051976727727607,-0.791257999469275,0.32743858479574506,0.7096611209526235,-0.9243022154069582,0.6619410124247769,-1.068061112791071,0.3274385847957441,-0.5434303291654036,1.100079214657699,-1.1118056156516416,0.4471672635044043,-0.9748056693769688,-0.5434303291654047,0.7220767864943385,1.223438871566476,1.0752157487965548,-0.9165427137445672,1.324631589313688,0.5538652831147762,-0.07580960987902031,-0.22363982745269173,-0.5912670091469847,-0.8995592465947555,-0.7022822771931488,-1.00581234636211,-0.18441596657918702,0.29115238138416905,2.9399143248674915,3.149245442026273,3.0530880597257615,2.203501282823848,1.9173086626012266,1.096282572130613,1.0203410418457837,1.455800425092537,1.2271624400172603,0.07125564868681873,0.13517108406896414,-0.7109144745238618,-0.7384011453789938,-1.0508631396931192,0.45547552981077016,-1.673421358532165,0.5764274270013485,1.488831288450542,0.8504704967953463,-0.8795807365527418,1.2864278314713633,1.4787064494627546,-0.8887128860876145,-0.47579241731694794,0.43004750320888463,-0.4121574314609383,-0.4765074322492672,-0.768263790810617,-0.8734081712450742,-1.0375747566436178,0.2651699255367999,-1.7692769996773798,0.44297859666283557,0.5972143146283424,0.5719987675427217,0.5728132793084904,0.8500856306426757,1.1845589995912986,-0.5083208642058763,0.03430381402526951,-1.8726368280706909,-2.9440281899399214,0.5005127766406413,-3.436427309820751,-0.0690285759151168,-0.8475293005677367,-0.7610622392425445,0.6115245570449332,1.1904869340159812,-1.2122890458604594,-1.4058579905681214,1.199258740713138,-1.6405642023060643,-1.2808562740430294,-1.0485434378661092
2420,1.169221128999313,1.2916572241581485,1.2429959798430577,1.3545436795811403,1.692725376558677,1.9237746272092535,1.8218911494873014,1.7855744033994292,2.5688321922557718,1.1628629177265513,1.666392064973546,0.030739444257754895,0.5084127975559836,-0.21386622477631742,1.0845325118714824,1.3100668571035852,-0.5831350042229801,1.4915988972777483,-0.9189511232953586,1.0845325118714813,-0.004269346569646551,1.8241715496772197,-0.9069089675140733,1.2989210503042738,-0.9810712841632406,-0.004269346569645975,0.03370851137368148,-0.17334058014824538,-0.20981929056807314,1.3403761773819276,0.7355986235744274,1.1214057647678244,0.6973365196605128,0.45478916792325746,0.011749242955169423,-0.4330482191856634,-0.3478524103243118,-0.6387447055694536,0.1641932561028261,0.6573324464574386,0.768047704132097,1.2120824775200625,1.2705952263195905,1.0039119557385574,0.885499484075127,0.33995711045045524,0.2744673464238247,0.5533015634299381,0.4089493023556826,0.8336719021099582,1.0958600981799398,-0.2938874617936144,-0.24709054030746405,-1.0429372318987562,1.001188727310775,-1.2769913994710007,0.5729691157098548,1.412173259391185,0.909179433791825,-0.832433787799912,1.2569519562760765,1.4591044218159788,0.021191290732801342,0.4121851477420206,0.3813974216279522,-0.47181286433871694,-0.34061520016993174,-0.7795734498413952,-0.8569160565540458,-1.0629343078824638,0.45206917595432805,-1.7018013145335924,0.2045078141584025,0.7192030641160873,0.52767720695795,0.6509255340595974,0.8834039964389325,1.119641642407845,-0.45296327045978757,1.8548211346684693,-1.666611080471231,-2.4165706704354353,0.5458575685234139,-3.323227421932465,0.175040824734976,-0.40197495199593075,-0.8778229476171155,0.5730086828033055,1.1470052798701367,-0.9190482464943402,-1.358578555125496,1.1752116444874965,-1.64672382409705,-1.535447247361108,-1.020117278971149
2421,1.3607690994048196,1.2776773661586187,1.295626046744235,1.1834661452607877,1.8159098539457768,1.5537801960039177,1.7066344768980848,1.6335801749604018,1.5399088873171711,1.1249918291587941,1.9916707654220243,-0.6338784678178736,-0.32095708931202727,-0.7738932591677556,0.8323968158435429,-0.4343337529535941,-0.5462242239280537,0.1897460961723691,-0.8074180044073619,0.832396815843543,0.12599436433046218,0.44285488608116813,-0.8501387706069478,0.391593538169924,-0.9741273442245594,0.12599436433046157,0.08541761174201179,-0.17657242071443924,0.6632290598970929,-1.5284746896561332,0.005125876105904814,0.044590394291035534,0.170287127919552,-0.03685830841327067,-0.3452357965454069,-0.7425672821462822,-0.7114421488736791,-0.9694011920913617,-0.16363887611095115,0.36483348272902666,-0.5673935413987975,0.049633706960747426,0.20588331153811168,0.1714831226654035,0.14091604425724572,-0.21519306904757976,-0.26678918612740943,-0.10038988510777774,-0.19367944940816287,-0.7292039445814611,0.5106637953799349,-0.5944894026449457,-0.24489710426266773,-1.0621990379491575,0.8636532917159903,-1.2422269613448351,-0.7393791739720825,1.3611027449219617,0.9243860626623158,-0.792121875744954,1.2300983889885682,1.4739715108495224,-0.4923256073190057,-0.25235660069822347,0.2410574677045624,-0.19385515725421326,0.7323593732886212,-0.651602998922914,-0.4576064723989999,-1.0606543226501857,0.998153646352716,-1.3145645290940664,-1.1936054987796754,1.3695767368528626,-0.05454904755793688,1.2632791554934168,1.0034117745008586,0.7520702276683964,-0.15365345022985163,2.2995925078153396,-0.9366600717172741,-1.3870554370927533,0.2826007486088761,-3.051819690485739,0.34533016430900965,-0.12030048609984677,-0.8508006993463865,0.5065967871994117,1.0949924207006838,-0.75814182628014,-1.2871898147287517,1.1547399478256373,-1.6511515025033325,-1.8847866089412308,-0.9624180416559692
2422,1.207701426590104,1.153610770554322,1.0472704246206193,1.1168730432030278,1.628733218006912,1.76240764013598,1.6854627581959796,1.7471959781515014,1.2692166145405976,1.1489511015925553,1.470050821755386,-0.8347634099391158,-0.5677674346798605,-0.9566770718971115,0.43702747762381594,-0.6825766495518307,-0.6043310301063661,-0.20621284461697167,-0.7533967937982969,0.43702747762381594,0.11655059595249628,-0.03234285466318623,-0.8502255007717222,0.04759795028068594,-0.9689352041321635,0.11655059595249623,-1.2246551579722997,-0.5576673329671056,-0.7718583135268545,-0.8629130803773686,1.2749205541717559,-0.4451558172970604,-0.059335702395667274,-0.2141482163153488,-0.5132068294247083,-0.8620006118997221,-0.9029204908715106,-1.125326606937768,-0.3366802445453709,0.22401857120603225,-1.0695557470788395,-0.4383871331336625,-0.274909447887154,-0.16156912861990594,-0.2056868824772691,-0.46590295869588527,-0.5087944100406919,-0.39540042259638214,-0.4642710080971527,-0.36559727799599273,0.15107451185790527,-0.4763249679740042,-0.6392915266713713,-0.6184841257391325,0.7049748872750076,-1.5693545086421787,-0.39917571777521477,1.3138326923241634,0.9113909861442244,-0.8837127404986005,1.1981890698952662,1.439646903332634,-0.6414336379259369,-0.4244285954516321,0.22892479083885808,-0.24753470611550732,0.2435857490457902,-0.7200697136967642,-0.4272560428801217,-1.0514449025991888,0.8673517923470577,-1.263167002702858,-0.5102412350368278,1.0764912107403073,-0.2127434161301916,1.2875074818222172,0.9273402305088482,0.7157481291944513,-0.23527905254784062,1.6456990068445423,-0.8469001869008373,-1.1343480825208256,0.3268282482592399,-2.558955301233485,0.6579966819171194,0.07360774145166556,-0.9086647613514439,0.42754135239408964,1.053005021549057,-0.6399662284427391,-1.229202493232105,1.1379489757689156,-1.6688649777323403,-2.1742702467515422,-0.9159330467687293
2423,0.9519565550405136,1.0706016808774599,1.0074461285938494,1.147893571823239,1.5764854230482226,1.5977051333722245,1.55455903243426,1.6486897367055222,2.0835055778919878,0.8170182217460202,2.8411898612725865,-0.6876158810516022,-0.38466550914940323,-0.8519851306720635,0.2580861779652754,-0.30786547695595606,-0.6281323201873086,-0.05796420105203885,-0.7257519085008499,0.2580861779652736,0.13241721263058434,0.053818834274796196,-0.839360344810567,0.11855472351884037,-0.9628305201783144,0.13241721263058367,-0.32957471168461216,-0.40918798078832885,-1.1606853369565742,1.3248522191160113,0.8058322369224411,-0.4167303459945431,-0.04424471926996518,-0.11950215915605959,-0.4429245394960809,-0.8047734451513363,-0.9297165961796845,-1.119487208684091,-0.35438792552741066,0.23265195617374662,-0.954281234638732,-0.36844997552331976,-0.24312159567304067,-0.05941865560150501,-0.1476520764917936,-0.4144984037053165,-0.4538505407854285,-0.33521057816960503,-0.40693194534817156,-0.025960029196909196,-0.12764010365808987,-0.17319560294640415,-0.5482384803413841,-0.8976242756706574,0.5886248208990157,-1.3491335050817999,0.3713251574739378,1.2639124626618266,0.9187895796265381,-0.9840217508097405,1.1681532717222343,1.4258522776935274,-0.4719514910587295,-0.3116503443170537,0.1668756510560976,-0.36649122278662133,-0.1577046547866632,-0.7131015860786696,-0.7495855428982732,-0.7970954794942235,0.7079507394169072,-1.57575035051179,0.0027911759680523426,0.7637869349489009,0.40963317682590744,0.3350720191076208,0.5470182904497607,1.1943301406525755,-0.40208441835343606,0.8189674920914064,-1.3731993537864937,-1.9649963550568714,0.4415129827965634,-2.509957047332522,0.9674794489265497,0.3576224223879933,-0.8843656432838144,0.3158140035089423,1.0081572912677197,-0.4180528918506563,-1.1851319456953164,1.1122032297293518,-1.6340997615400856,-2.431852284644022,-0.890165404087065
2424,1.1477498358044436,1.0723750141991282,1.206483482425519,1.186351354218374,1.4156032976203856,1.538780278041104,1.452406924213941,1.5055324401246395,1.0761971147090714,1.041278861481737,2.7664037114184046,-0.5081178776253931,-0.1643316148131913,-0.7158218680625154,0.212692965777001,-0.07804124897214114,-0.6196117946201419,0.07020142802494493,-0.7045756100682509,0.2126929657770009,0.17259411611949188,0.13696180812719883,-0.8140670020555811,0.2020130214575309,-0.9528942764995173,0.17259411611949121,0.6779197080227576,-0.12148931509767508,0.6260047297205676,0.15917484603355642,-1.1494031785632277,-0.3370806404817077,-0.030002609245505456,-0.041793852385818966,-0.36812369274759515,-0.7367837306656783,-0.9338915912941088,-1.0973758971283056,-0.35803408148514787,0.25245412442602216,-0.774327131977947,-0.6222110435606706,-0.5251055962332419,-0.3115790873720536,-0.3487345798145608,-0.5640950097902441,-0.5922218561745898,-0.5145435796231256,-0.5688347205259,0.004852723018641629,-0.16828265136511406,-0.01570635587776836,-0.6911508389995752,-0.7298928573567409,0.42030109242440966,-1.1590350144447161,-0.21692944360027827,1.2486559981778536,0.929651608610484,-1.0722181618413595,1.1399606657063373,1.397838257508237,-0.27134768336858733,-0.11096726115308411,0.15536959702828412,-0.45424518370585054,-0.4213967417485444,-0.5325156529469814,-0.7282221220575108,-0.9533837944556813,0.5904202437860591,-1.3773454435154933,0.3343258969388727,0.33984790469174364,0.6274349616285227,0.6644692728348278,0.9583893543650803,0.9173889684408275,-0.4094691933399545,1.9857582816437918,-0.9123974465312709,-0.9666403604459706,0.519482862418369,-2.8313912339328224,0.969859131071207,0.6068465030155956,-0.9017175383832703,0.24925102598813692,0.9609573726667135,-0.28156025471540086,-1.1556540792152423,1.0949159581070291,-1.5995196129058262,-2.7019809074785273,-0.8616364690605327
2425,1.0633160018521264,0.9812726314732563,1.026390740805306,0.9454565303273167,1.4955001562156855,1.390868658824011,1.4718193818438878,1.4640865583822438,3.326751914498688,0.5160094375209323,2.0938052091852657,-1.4090866622486828,-1.3127233261269955,-1.4768482805069676,-0.39328324360955447,-1.0358108712540461,-0.8569222480866939,-0.9178547218180326,-0.7727921993978888,-0.3932832436095548,-0.08134888853888686,-0.8604108138114341,-0.9324356446131807,-0.6625379820155836,-0.9708031879062783,-0.08134888853888748,-0.8681828312833544,-0.41952795959467815,-0.4671273187458357,-0.9314371915746472,-0.334188216522018,-0.9377739502002379,-0.8055639202980361,-0.6938823520957292,-0.8454655611767831,-1.1058957166444643,-1.3739821014432443,-1.479204109962142,-0.8160121076525093,-0.17960378357680276,-0.3428468974288534,-0.5683765059038034,-0.4978721065530621,-0.2829509697341658,-0.3259730107150425,-0.5494893991284336,-0.5677527129344275,-0.4949399897971762,-0.5499480062150084,-0.9025583366269596,-1.191609883676196,-0.10484331289345082,-0.9957977092521697,-0.8729049396363602,0.1802399929696891,-1.431009219612122,-0.4308509046828678,1.2157920788255463,0.9199099446981935,-1.2366609147162895,1.126635053399167,1.3735185005518595,-0.9639388804633797,-0.8261991206442202,0.18904410498064542,-0.5111821487118456,-0.49107780989215005,-0.3595293909334038,-0.8188275535126315,-0.8767367292442569,0.42178842501596925,-1.1844919847009228,0.4007788927453032,0.07120909026596908,1.0460791459519645,0.3879773907057384,1.002067947014714,0.7658859308277163,-0.6208814640048929,-0.4730999475419854,-2.1898912079401947,-3.2550811987775585,0.5803029091877145,-2.863321196983829,0.9794373323276936,0.6807534078922768,-0.8950628141359904,0.115970426512957,0.918834726980808,0.03784037931310437,-1.1336325687987108,1.0670810083235076,-1.590382473729699,-2.750894297287239,-0.832068384351431
2426,1.0110064776017065,0.9257681133835765,0.759481586278919,0.6883198548220055,1.6258569441747994,1.3580665446199887,1.542606923422466,1.4288040167417146,4.363143490375417,0.06893952490124386,2.8155646218622183,-2.101135943287769,-2.1139339745499526,-2.0975538847765263,-1.141514186507284,-1.286954182844819,-1.2391508253328334,-1.5076343019064036,-0.9533367432402825,-1.1415141865072858,-0.5057408957874171,-1.4281144010902855,-1.1590058513003898,-1.321551904965875,-1.034801617677095,-0.5057408957874194,-1.172221529148468,-0.281030927737342,-0.339469817204438,-2.2397274814968475,1.7085523444484065,-1.4888136599880062,-1.4539501218626998,-1.2835391397574392,-1.2958168554930733,-1.4286679361187944,-1.7614241918100249,-1.8108268741078293,-1.2625346904934571,-0.6297322657384272,0.14243608992922643,-0.4041721305929656,-0.3220238756479012,-0.06554343071037194,-0.15684766791023289,-0.42211135578093095,-0.43776032617226907,-0.3578424700456361,-0.4223631825311808,-0.9151017683338207,-1.2918586977167188,-0.6512058437646588,-1.279646030240594,-0.925986168897347,-0.5359266906732666,-2.0507655214075875,-0.548551069724644,1.185299680371611,0.8976057264377705,-1.4126467676135435,1.1583218359316863,1.348466917488544,-1.7560539819240946,-1.5180846895903644,0.37585425101520215,-0.3732277159631841,-0.13547898537658173,-0.35468064075867267,-0.8216095058584278,-0.9522038358727285,0.18128156653673172,-1.4373125233016208,-0.03393218250743276,0.335256594180613,1.0565628322380531,0.5263208087952277,1.1177046960160868,1.010157530487453,-0.445900637871979,0.2937476967714219,-2.8716178620330703,-4.332724639897423,0.4544357099237459,-2.583450440553401,0.6586771680612252,0.7160695856151812,-0.9199288872069685,-0.06237633796539004,0.8500655401980105,0.4282609526221022,-1.094906934866324,1.0375805093406172,-1.5536287845237347,-2.550053213458212,-0.7875155485968707
2427,0.6358459997827096,0.6259448001820342,0.7347850681607738,0.6564670134223195,1.4491131045029706,1.5938224675552148,1.4509998776718172,1.5173017287497756,3.3069347771146678,-0.034069125086688225,2.8285843144454828,-2.0254686620224813,-2.040637742248352,-2.0269578079806965,-1.3536456324380688,-0.3892502881114521,-1.4905617470797488,-1.0330402921325896,-1.1655000174434864,-1.35364563243807,-0.7736684489400366,-0.90695345666205,-1.343832735406895,-1.1071791577759806,-1.127539760967082,-0.773668448940036,-0.22227297937515353,-1.0108894129429955,-1.4382033313260076,0.06063270879877294,-0.8795683496071726,-1.230987740452871,-1.4413260433602986,-1.3244558211211814,-1.2827778258974114,-1.4024922450756254,-1.7996628104921106,-1.7813110616783978,-1.3521408963421253,-0.7308943260678051,-0.6620834090475243,-0.8655816206103871,-0.7675733886560109,-0.5524943194457741,-0.549448202081607,-0.7029627324840061,-0.6450010878880804,-0.6961369321911948,-0.7323255637379125,-0.19811232925778138,-1.1861178345280272,-0.843999447640014,-1.1183091717110245,-1.177153770010659,-0.5669522589601627,-2.027412851248435,-0.11376944352873276,1.1628851774374138,0.8730112760419632,-1.5637636588428596,1.131689983342329,1.398186040777272,-1.7084869714608883,-1.7061528203369611,0.1424867676711773,-0.2638364691602619,0.060614967121928404,-0.5761508527951511,-0.5667751687060952,-0.9716477544676674,-0.531761222167007,-2.0447272539824275,-0.2537724893795273,0.7624506176878018,0.2692746557096552,0.9572701902498707,0.9518136978453294,1.681388238350447,-0.22586277181912187,1.9406705141265261,-2.2422275881417364,-3.285037052238967,0.3389624462702061,-2.391404754094304,0.3960788829111262,0.7986036394440715,-0.7420865824587656,-0.2811193790219218,0.7707869885089409,0.7266049234090722,-1.0640066135619113,1.0060251798170357,-1.5081453627191412,-2.3635712406225875,-0.7613520842569385
2428,0.6999041824127752,0.5834839270188894,0.49525536607389453,0.5140332044068496,1.5347033315967256,1.4458997302085344,1.4183621949662049,1.4752928998251789,2.8967567878177567,-0.279408226467751,2.243963158046134,-2.239628552621044,-2.2897529274205954,-2.216561364240273,-1.511172733531705,-0.30842055014879177,-1.7341191773976472,-1.0747035325996808,-1.3966699433734615,-1.5111727335317064,-1.0299233358110864,-0.8803518646800012,-1.5407207148110327,-1.2370892044637065,-1.2467422896884854,-1.0299233358110855,-0.9898108358160799,-0.21751263330026901,0.11570170274971855,-1.2609165767614225,0.8839043295475373,-1.2348857262759683,-1.6139939815880453,-1.557213283698224,-1.4435014004849809,-1.5246858414040498,-1.9577422090923153,-1.879832858267231,-1.5848801134187842,-0.9954789301074959,0.6166869107010376,-0.20386413274495482,-0.1375223194895692,0.10475641475251167,-0.002314351222769331,-0.3034071464167867,-0.15188731697617885,-0.23255846628556243,-0.30594480893285375,-0.5219916453671172,-1.4465020790919754,-1.2635763668262667,-1.0601918692273413,-1.240574951221727,-0.9053429150501884,-1.9302648907524442,-0.34364322823216426,1.1537581497159888,0.8367708593758898,-1.6138436060925037,1.0844986518075537,2.130501981843537,-1.869327560648905,-3.468611176451131,-1.903774025725478,-0.38396692697954066,0.024985690078678784,-0.6835295899274227,-0.6683184873437775,-0.8824378338458894,-0.5722558073550756,-2.0504819880412803,-0.2776294083292616,0.871829749408328,0.312185704376398,0.6440465553861696,0.7239137870134078,1.7708715360748912,-0.37006527473751566,1.613727641118781,-2.11479280186226,-2.8709639902427733,0.4621135153435794,-2.1956136332421927,0.1527416266369003,0.9020154567529471,-0.5830061036891463,-0.5494532168155206,0.6951308878122837,0.9762275765296459,-1.0388468861774767,0.9737371807620052,-1.4760281432599627,-2.1745247392901974,-0.7356518228626553
2429,0.6077810838032889,0.7436643626918208,0.7417307139990343,0.6614454234317018,1.5185628848122903,1.547451953049845,1.4778331316000168,1.5699408269666424,2.5543044353389974,-0.40497434061800747,2.486641972212072,-1.6858720672612493,-1.5437918191780542,-1.7983536854273372,-1.0838725462906476,0.7331104696026717,-1.7411054117746068,-0.14770822091572694,-1.553410091610415,-1.0838725462906493,-0.9912911507376726,0.10831960386880415,-1.6087477647346233,-0.5171397549701257,-1.358404629828672,-0.9912911507376724,0.7773282777616486,0.3643072308649694,-0.4225421698896746,0.24143514656670614,0.13668562487063463,-0.337654932785874,-1.1295104458250422,-1.1689158649973161,-1.126720001578839,-1.2692452176525417,-1.7670679726179759,-1.6625220566327406,-1.4239875314697268,-0.8388422825942615,1.1293294836979257,0.5532421759374192,0.2877997376345809,0.5696684039685724,0.39043594787695846,-0.004447699035764736,0.2143280184858465,0.11563046542848879,0.014850023508386136,0.33602737917641484,-1.2488375586537708,-1.1350127713155662,-0.8265327013376036,-1.2400843989444814,-0.551364219288262,-1.6181290219380335,0.48627034227736776,1.1259700947223186,0.8170169258493203,-1.7255385057185715,1.0617177081868985,2.064533706051071,-1.408885943034303,-2.876265699963486,-1.8709040208203849,-0.4160067758175764,0.3523074007590693,-0.49322139269411513,-0.7022185516450389,-0.7866870537160765,-0.9078036929307036,-1.9560894469429373,-0.7784080563981433,0.8859673837467555,0.6423381106816461,0.41723292868906275,0.7526974244063185,1.7457816927774341,-0.4017966224956876,1.5923705230888687,-1.9451264441611962,-2.5284549829779546,0.49354739302988543,-2.045721774057524,0.03557557823776587,1.0032185682084442,-0.41378424921012863,-0.9649096961427005,0.6440664755994061,1.1935185360278926,-1.0167214246018388,0.9319151381944091,-1.4363472449356383,-2.003386212545896,-0.7118458045521948
2430,0.627638042416385,0.512871925016933,0.16839651912341577,0.1561323125887622,1.8267099337138653,1.5429755897861244,1.7614288023947078,1.6084462505855617,2.8131949824030653,-0.8081530791449681,2.1660574946433764,-2.574318422808667,-2.519667822316774,-2.636771117337521,-1.596515479162023,-0.9577567480859589,-2.073159554153864,-1.552275073303003,-1.779130217767658,-1.5965154791620237,-1.3424859637686033,-1.2394858435108043,-1.858026458092558,-1.6625651110368802,-1.5054019973798505,-1.342485963768604,-2.0133969554458133,-0.7535846036931129,-0.06379669827981647,-2.723941838965142,2.7918378179714076,-1.4252966464401238,-1.9065040303763379,-1.9855346332078416,-1.7832710981482673,-1.7877501518927204,-2.307391598431503,-2.1147165121050207,-2.1166056974577003,-1.651679856316819,1.5805753884455065,1.3847160978708128,0.8715546074657088,1.177441799116312,1.0048662634441308,0.4466349288865976,0.7678301883469664,0.6384183664719175,0.5230304148958507,-1.4842740576148223,-1.5569009462961187,-2.068500343609636,-1.1032092549991865,-1.6227537648272743,-1.2215252672745454,-1.9161372937866659,-1.320137168838246,1.0523633764139628,0.8256583614602644,-1.6810834674863098,0.9262427320189006,2.0036079767573143,-2.11719100642101,-3.5025515173596693,-2.1531798335642374,-0.4153464786652635,0.21326044391795054,-0.49584092156665277,-0.8322920386394712,-0.7408441519136864,-0.5596100390333444,-1.6497351188593004,-0.5726335487379863,0.779586926981672,0.8835248848320384,0.13779629632794765,0.6825932319528055,1.4469347711929392,-0.438354145476629,1.3236445600029487,-2.160601638265628,-2.7838429084351084,0.5131375846553468,-1.333693646212857,-0.3359679932705288,1.1264201917809569,0.025669044856893773,-1.40230340374352,0.5848645231247355,1.4343401423060413,-0.9911967126797254,0.897696432830914,-1.412909917358665,-1.744909003630359,-0.6824712658107833
2431,0.31540417262582926,0.23094390894448105,0.07953765309368194,0.13924989243398875,1.6477787969537083,1.7029470915655123,1.7834067635349091,1.723486966914733,1.6003208685554056,-0.5067978284537868,2.100625394367375,-2.3775165742762536,-2.3188500291399534,-2.442832984450859,-1.5445299186139598,0.04203659176196958,-2.2126474243567786,-0.8844234405540796,-1.9788415474846655,-1.5445299186139605,-1.4669789506444257,-0.5030076754066145,-2.0129290240045,-1.2237988484113516,-1.659246141403294,-1.4669789506444253,-0.34485533320534156,-0.8282460968931585,-1.0799455713004975,-1.0085242636110014,1.1720928150681098,-1.070454624221419,-1.6218363186815026,-1.7669705715828297,-1.6478005505415718,-1.6806866011703132,-2.231172997622984,-2.0163456660089287,-2.1026340940810675,-1.699914616221965,0.4096190915733991,0.6487354232272541,0.4921159487967222,0.5141454242222641,0.5180480120591582,0.08497148993420393,0.3460606969012989,0.2129968515825264,0.14751239210009084,-0.09363205011585735,-1.1025248395818932,-1.7674214885314201,-1.194563127070701,-1.5892603964906926,-1.5356995151696164,-1.6872079311835797,-0.39441588045132786,0.9769990266668913,0.8257327834538252,-1.6285304444124176,0.8735377432221352,1.9721019818679375,-1.9095028769668685,-3.2021487876362458,-2.257012799532118,0.0741961580412355,0.5902280207173228,0.34061935322289527,-0.6594542733106389,-0.3244044075093556,-1.2164535242452357,-1.9214694147566669,-0.8161388515942404,0.028745757617562224,1.6837659068094135,-0.38734141671823025,0.7932836304408841,1.983638643467626,0.1452630549743469,2.5418132976861645,-1.0537746098377805,-1.5514436705138632,0.028251735319202907,-1.0052139296326776,-0.5465150310542599,1.084620057073075,0.8060439584770113,-1.7342654449509312,0.5364799890858885,1.5986655112022254,-0.9122704534795882,0.8716089349515813,-1.401923520738402,-1.6876931436995741,-0.5906227099935019
2432,0.33306988580885183,0.37003604452318534,0.4516516894860028,0.47586302198489994,1.5189976885972971,1.655118621256535,1.5058020813023023,1.5313866803564764,0.7795961893493025,-0.031513764813561454,1.8664243448128732,-1.539202164686185,-1.2562292173463052,-1.7739770116451483,-0.7435804745365199,1.4402583542254086,-2.030321964246913,0.5061296093133061,-2.03862562210056,-0.743580474536521,-1.1826320396691858,0.9418265122668327,-1.9683915352293904,-0.057572553654910805,-1.7701989157294686,-1.1826320396691863,1.1133220219500475,0.29434484777241826,-0.02311209040361113,0.7035896749294488,-0.5101238885824089,0.08490494702011415,-0.7594745959154753,-0.9508494633474287,-1.0908153521245578,-1.2450318311178936,-1.8343308752450713,-1.6264163929679956,-1.6882102800019922,-1.2618224466652823,-0.38799105617811186,0.12644639384197004,0.14638819905744535,0.07212597997670239,0.19276613830671144,-0.16902784917166816,0.048702405975754814,-0.09459218317744633,-0.13437524598113912,0.8210455698787174,-0.5464819151577552,-1.274323297161908,-0.9802526958612119,-1.1787241420699772,-1.4626394035908554,-1.2927247589788404,0.5137411971380114,0.9379219332447447,0.801706671319698,-1.634941158021375,0.8540946977233386,1.9137541878393103,-1.1397973671921726,-2.4658238462834072,-2.2027964911921885,-0.1413407947705868,0.15910259578380245,0.39916316358457826,-0.5354930082901888,-0.2612160253119769,-1.5350652522797532,-1.7132752809131928,-0.32053860434791204,-0.37574274227345084,1.522034019939772,-0.3186723491156404,0.7496110775734068,1.7925919883894492,-0.08434486327048389,2.1595914628830686,-0.6189167988044246,-0.7148005203031406,0.23185628352263393,-0.957753879679185,-0.5502168688874575,0.956213270644799,1.3041079487003995,-1.950653723584314,0.5087518413150512,1.7139752276025737,-0.8684927754387054,0.8525651921687184,-1.389615066611351,-1.7030233024209218,-0.5275566295263155
2433,0.750094728576667,0.6396722677212523,0.30575348095954996,0.38195214426895846,1.7076388278209105,1.5262857894855606,1.6694647523744741,1.564558590717611,0.9291791946405094,-0.053381868216529606,2.0708504583324148,-1.5985362710931281,-1.3532905121718648,-1.8057453567380333,-0.3967508006512469,0.6241784757382793,-1.9349079956911859,0.17684759752262516,-2.039249295163078,-0.3967508006512483,-0.9969977908593148,0.6237998807406921,-1.9419618200818354,-0.16932592627903306,-1.849794680055989,-0.9969977908593158,-0.5098679785556662,0.5710442362747079,1.1144594171008657,-1.8340677800453833,2.224421149174023,-0.09701272569116001,-0.7410255518332464,-0.9478173836229318,-1.1467117808039524,-1.2749140980990403,-1.877207853717422,-1.6449339495476991,-1.7960175893869998,-1.4375489599080002,1.10859125884109,1.560568614974857,1.6417733729128716,1.4306814987889018,1.5533635255471112,0.8732931460597285,1.2919686930393828,1.118828691612413,1.0398192758142275,-0.31226577414770756,-0.4311246936837091,-1.3720492187091957,-1.2169580680109326,-1.0727077223103183,-1.561450834352592,-1.3076603379432392,-0.3319366114295123,0.8964770502363673,0.7742429858741751,-1.7176519658561058,0.8140670434218781,1.8571751208594147,-1.1911732908191057,-2.437716102090764,-2.195616591030878,-0.044231950348021416,-0.3846335437800354,0.11879815377766079,-0.6900115369201393,-0.5923821855586097,-1.4668116272866234,-1.324000501284032,0.5335877634580528,-0.44348281747803325,1.4256484077252443,0.0721690496650013,1.0006592603156304,1.196728640130408,-0.05381358614497505,1.4092309889324173,-0.6625567537969103,-0.8571688103126645,0.15158615295654956,-0.9227188254807844,-0.5445468023957054,0.9088886003467869,1.968535406505334,-2.137200007366897,0.4552838045307351,1.8401184406131093,-0.8026585486585178,0.8376369055751295,-1.379645150228493,-1.7061661126558307,-0.4371276200130696
2434,-1.6507673982643105,-1.1640776152743708,-1.7373916686197464,-1.1306454976059919,-0.13958867831143915,1.7666139615260956,1.5911084768124288,-0.10394458236523334,0.5254263575526404,-0.29587101349546063,2.2404600725668207,-2.96694805699386,-2.7784080068055,-3.1757537967816365,-2.1417456380164603,-3.0224886048312642,-2.568122491724843,-3.1798333564029413,-2.2756056705105734,-2.14174563801646,-1.810800406772713,-2.78535596633003,-2.3427678544236543,-2.983897522569131,-2.0073816582493706,-1.810800406772714,-4.651184001744174,-3.6397777454869296,-5.015787306648719,2.923568103852246,3.6554258853548216,-2.9454954997014378,-2.796464483366317,-2.8539759281705352,-2.679385494130334,-2.5012224866567823,-2.931666447545002,-2.6475991192149393,-3.1324800004552515,-3.181827021420188,4.048191104649735,4.679722291125002,4.941729266850443,5.105458222795899,5.319894709952595,4.740392633542372,5.249846910337916,5.327754691529353,5.283443544822672,-3.201240294687625,-2.4350122046902127,-2.6232890677242544,-2.3036151533465894,-1.9169108940221693,-3.1168980391516037,-2.1786537038434224,-3.378776951382935,0.665668999910886,0.9508268353824448,-1.5209194980298295,0.09029072507622872,1.28954419852986,-2.2585740806435575,-3.3201171088738417,-2.6122865043804953,-0.21971008040335363,-0.5530392332527334,0.08479785448984975,-0.45788705756217524,-0.722859424074704,-1.562826063533513,-1.3204617841368138,0.6693906955336296,-0.5313962054083725,0.9583694267947991,0.6738173059172282,1.164998901361204,1.1375253343316734,-0.1880146202025455,0.29929248211038856,-0.4876188571265805,-0.5502230306205907,0.204907289084186,-0.7964547622205799,-0.9473243978851661,0.12750327154624125,0.9430686994787119,-2.337168867462697,0.300957147019905,1.9144529030383837,-0.7783821415944739,0.805527581624038,-1.41999868990175,-1.8504331118554609,-0.3710856351675805
2435,-1.1608186870288193,-1.2191497079325464,-1.3002580329975038,-1.1514078559115466,-0.3710053478526472,-0.1761411663521758,-0.28726611383310263,-0.3076373274714115,0.29002020886355834,0.15274338252606387,1.9450984843037564,-2.67802639332197,-2.5099086052049815,-2.854882599667085,-2.3502566735504025,-0.5312718401586125,-2.780909642661213,-1.6897125047352493,-2.5069996305258697,-2.3502566735504034,-2.109224895145162,-1.2107697751300162,-2.546246909098063,-2.0468424648945587,-2.179384207290757,-2.1092248951451626,1.2548722712406377,-0.026404487151421456,1.3006983624356527,0.25865728906123053,0.46936239841970856,-2.1660603383864854,-2.2585707750771316,-2.3625257077482407,-2.394428994505258,-2.2733507302835614,-2.6966897590044425,-2.4331044354000846,-2.8893574980327275,-2.9583279591175073,-0.20867952545114046,0.500584106309894,0.6931063870280395,0.9304678642136283,1.149106715183521,1.0116316897284197,1.2112961595345555,1.2263546740651454,1.2524964824295548,0.05397155263938795,-1.640790998932955,-2.2049339256751606,-2.393799716437178,-1.6812089957201286,-3.069671474377976,-2.11244067078174,-0.25070134646897246,0.49558810644783874,1.065329037694051,-1.3467261757053504,0.01666846656101397,1.2628122370743107,-1.9835958649247933,-2.9811173761475773,-2.5676265659671396,1.856034155371545,1.8708126596246244,1.3502707989401026,0.9217848777281851,0.20366331962371137,-3.067348916849994,-2.1535042306019085,-1.5892472842726917,-0.2329173937997641,0.1379285015614502,1.0154533278336,0.902869337420901,2.5709784361386414,1.863899494391578,-0.07857620263854913,0.9368530428216185,-0.3214711885971544,-1.830495835946562,-0.8261774792953247,-1.1492785382709887,0.09366381066932122,-0.7727553342547774,-2.6795393263114278,0.1689059843460251,1.9414372292350937,-0.7548594277861617,0.7626303386032893,-1.460518217078843,-2.000732495809428,-0.33752046928827156
2436,-1.3043036978391684,-1.50166297481369,-1.4877291166431081,-1.5553797119134134,-0.36493669036601095,-0.42921225906690524,-0.4030156303943122,-0.33231930538690274,0.04543030764076213,0.2821517824249327,1.594729589277517,-2.6871499293644083,-2.5380390751341086,-2.8461274654167195,-2.362273162625858,-0.20462805771335182,-2.9066790511493155,-1.5197976495726522,-2.6992801306455387,-2.36227316262586,-2.299636076326387,-0.9516866020064382,-2.69984610177063,-1.979624880180644,-2.3494589477631624,-2.299636076326387,-0.31443316447141756,-0.48639089034118216,-0.21078569450184856,-0.8947328721639869,-0.0901691944817712,-2.148413214655904,-2.3264530556974177,-2.372911765576778,-2.478595164392653,-2.354438276148569,-2.7230611902847146,-2.468298161564114,-2.950200737129947,-3.0954046298938085,-1.0670075104014562,-0.3408766029632395,-0.18421591279112717,0.043674283216015825,0.2805050015363099,0.20011552255218457,0.36495425332835796,0.3382435426951775,0.3685245276008423,-0.7688457466548451,-1.9443707521365117,-2.104294116231589,-2.3238841643951433,-1.8778062849059172,-3.183621284523579,-3.228393192016643,-0.9303945796425244,0.30548352435717996,1.2040301170516732,-1.1806205483896128,-0.02175562075716742,1.2389023795381255,-2.3628645939273287,-3.03885132322769,-2.4460422802038955,1.213593294257303,1.1662361994146202,1.430399677816069,1.2717924497303719,0.10982972946751779,-3.0518516382244534,-2.1312579098820565,-0.9613722508034982,-0.9059092324328688,-0.40014770474439243,1.7201012478424382,1.1293624607504769,2.472442935458622,1.2254030622320429,-0.062005310594765516,0.7138547077968714,-0.06884198987962209,-1.2045473174760783,-0.8827293898843555,-1.2524865891853034,0.37272284449265136,-0.9973434016397763,-3.0904698242079527,0.0008403669963814647,1.9456684542168297,-0.7443572105661653,0.7059146561765534,-1.47673399735682,-1.847179085212894,-0.33391619902125336
2437,-1.6348459294962738,-1.6008369238710138,-1.5313278469703806,-1.7201119848082242,-0.5309293396465289,-0.4555867197619766,-0.5237639403061094,-0.47599376741282795,0.6592877403498558,-0.5432146462034086,1.878357174352794,-2.55692992152751,-2.4343023670317434,-2.685482185544096,-2.0154134184617827,0.5311222776655573,-2.881702093137623,-0.8822187485134482,-2.805470707456921,-2.015413418461783,-2.268610727922039,-0.19773263204875174,-2.7507876415436305,-1.486600817359813,-2.4901134456186242,-2.2686107279220393,0.02414142767302561,-0.07066593069978087,-0.5926967284248942,-0.09476974982309036,-0.3391687237779496,-1.3859509231393639,-2.0376426687751668,-2.10329073048157,-2.3171538500063926,-2.2334561795532655,-2.5931214087154117,-2.3529627572982132,-2.8178071277075167,-2.976998763210131,-1.3487154108459396,-0.6455264292902408,-0.4930009574820286,-0.2685068367948979,-0.03935625869506461,-0.09414008252290086,0.06457690494658527,0.01618518572362923,0.04607750122583628,-0.22255245139885288,-2.3125060566915625,-2.0457037541343897,-2.204661132367861,-1.9198416007756811,-3.0638982398774663,-3.0437508215060203,0.28170214729983356,0.13548763393080196,1.3348639576710597,-1.0294464241357795,-0.063947689249323,1.217788209339751,-2.33173372937209,-2.863595808909169,-2.335486661740778,0.8304339818106504,1.5030965924781148,1.443364263918878,1.3649152596580507,0.3930187591654634,-3.130249499771203,-3.1885078608402675,-1.6981836820955907,-0.6619364823296061,-0.5601217000368683,1.3610039388338455,0.7377169554903158,3.6881937681204575,0.7822701000014031,-1.1118468176711345,0.07348012986686935,-0.7127546797481633,-0.8413873853565045,-0.5769944327226466,-1.5105848324723368,0.48060504263071147,-1.0606872869318351,-3.1746227799722755,-0.20444795047682213,1.8970045597454395,-0.7497702969504872,0.6695397886427811,-1.4988807579846237,-1.758823547340588,-0.27370997540593944
2438,-1.7921026197940033,-1.3588986672164969,-1.702288830678588,-1.5063706050798717,-0.6021240325815573,-0.5127704579225784,-0.5835921727448273,-0.5563337960783595,0.47306466846212286,-0.7441705901949104,1.37371761241091,-2.079260520965497,-1.861316116067009,-2.2702416018580065,-1.203047327284976,1.5147750697123097,-2.669778697783197,0.23930537201354612,-2.784765976451809,-1.2030473272849767,-1.936312168840166,1.025776050014521,-2.6618553268430456,-0.5105071602025762,-2.570016775876441,-1.936312168840166,-0.24713354639897334,0.5990878612002857,-0.20342606950761233,1.4767294509356583,1.8945281815932289,0.03795178092706684,-1.3452301302730367,-1.4895840193811132,-1.8744911714102894,-1.8908973180465238,-2.2910827255897765,-2.061775202999651,-2.4809750182109935,-2.5868956878688345,-1.0296995855858082,-0.43988977086213416,-0.282860182755937,-0.03695920262732622,0.19841204565350762,0.16046986995287152,0.3352206087126916,0.2948679612233353,0.33808129090218897,0.559197217684885,-1.8626484154594227,-1.651297485673555,-1.9850608133732748,-1.8236472963010477,-2.841655271151008,-2.7521276233120675,0.7377653705988433,0.005963862181484507,1.410616011570966,-0.9628945854651806,-0.12591968438300585,1.1974628102175524,-1.814143276960574,-2.4429192075234085,-2.260327165542076,0.4235757139427612,2.116376951241688,1.4604320159833972,1.3546029051581423,0.5653245051129041,-3.004071659085827,-3.0700784777778583,-2.775663455147104,-0.16088259595544863,-0.5184757169449961,1.0577947519321702,0.5179975820238579,3.531345253181903,0.43532485887717887,-0.3448461659475686,-0.05316533901922389,-0.5249538596218548,-0.4495929216314482,-0.33636016876783376,-1.5180638887094993,0.7348159149891715,-1.013412956998858,-3.061503678599013,-0.40893617631679735,1.8388730488252878,-0.7423625096868515,0.6442402355313321,-1.5095255671186467,-1.6674424035716982,-0.21154955994831703
2439,-1.54888801841601,-1.6586480567748996,-1.6035952382051528,-1.5184692356097818,-0.704059211329853,-0.574590021327682,-0.5823082087647562,-0.6687595374084396,-0.003532036769615095,-0.3034151844273281,1.2163584585346354,-1.8969801584110217,-1.668024413142774,-2.0865268656764777,-0.5104873906759931,1.2986177268787313,-2.4463241754008282,0.5332828178756194,-2.6835725418483913,-0.5104873906759954,-1.5537344297445956,1.3193916351221016,-2.533355348189212,-0.08218635904668443,-2.5930847636291676,-1.553734429744597,0.32609361557135796,-0.43134953506286083,0.5948053291845181,0.4351484727369201,-0.07787198090375112,0.21626303930711352,-0.9409590080870371,-1.1664687478710758,-1.6441022676440793,-1.7163997280015757,-2.139568705060654,-1.916007124780426,-2.3205199663574274,-2.4179332324699554,-0.7575544432064284,-0.7759784151217001,-0.6625307927380671,-0.3903174100428755,-0.21366958567254615,-0.23381110225271584,-0.09892850863294722,-0.1492866208272497,-0.11258821620076913,0.10614183307401197,-0.14071470181649096,-1.6789787978945017,-1.8993544827407791,-1.7644732264859204,-2.594150111023464,-2.430096125866599,-0.1641810128229949,-0.11172317824584378,1.4637701189621024,-0.89942367119748,-0.1760127439471074,1.1790279089657685,-1.6356303540352732,-2.2449687596198533,-2.161067992779511,0.19267826333873225,1.6739667610079811,1.1779387518645026,1.182926828658763,0.561797566450678,-2.8051355103744773,-2.7825428102665635,-2.2373640301982776,-0.14266997729874553,-0.6019023588096242,0.8160694270597904,0.2702736887615606,3.1505254353021703,0.22600415504730653,-0.1463677220041841,0.12032690574006134,-0.03942570374411375,-0.23124089329828265,-0.2938051324016145,-1.4575509147024264,1.0610301411335092,-0.9112653978928034,-3.0840563877574985,-0.6492657381286707,1.8061095737145059,-0.724815735711368,0.6105445761727407,-1.5435067080645992,-1.518134111747192,-0.17333484255301718
2440,-1.4399693286774513,-1.4349573162064722,-1.3192232133288344,-1.2901048415767273,-0.8811327096960533,-0.746300633352547,-0.830301552339056,-0.8580468532440605,-0.7720538282516929,0.3360657243672478,0.8362524787269014,-1.445974116321212,-1.0996944908066137,-1.7217418639274447,0.30260893219659046,1.5035980373072562,-2.15644921428757,1.1616529591457447,-2.510813726533259,0.30260893219658913,-1.0297519635804913,1.8777601976148337,-2.340364320890816,0.6459253637368075,-2.558291421751422,-1.0297519635804937,0.7628773961072268,0.5744892891314843,0.38961618320695823,0.8382333588799726,-0.3532399339781484,0.8126198595526986,-0.3345711868318121,-0.6010093878550267,-1.2143606167271288,-1.400203819450421,-1.8928848859942686,-1.6589473872888914,-2.0493941193589964,-2.1086433766860373,-0.24785243585902467,-0.6625666198584931,-0.5770710904468767,-0.27580887223784956,-0.1287386648407582,-0.1307636538232452,0.013165155409468558,-0.043233033880077966,-0.0004237618251360946,0.6031808195939601,0.1468653193925159,-0.9862733935191034,-1.4989440503101863,-1.747103185830077,-2.048698718674221,-2.0907724665531373,0.2853254559174118,-0.19657401444163086,1.4702684540621416,-0.9126912953080021,-0.23283430614640727,1.164231279106055,-1.1541907637171862,-1.8994004612280624,-2.0680968565210156,-0.07592031938019425,-0.029683893958056685,1.1225927769261042,1.1467805860958784,0.571986522246354,-2.5814916701686927,-2.4589829142850514,-9.910958220798263e-05,-1.5126441440907872,-0.6174651388803694,0.7538118756056401,0.21149526688441173,2.764770141034872,-0.018191542366506913,0.016022915449369665,0.4634033951576341,0.7442280825100434,0.018896743081300807,-0.42843053860212144,-1.3085945429572283,1.473912633781733,-0.7326370184119234,-3.52095065193256,-0.9833527952620156,1.767296582844767,-0.6704330003919069,0.5742429635150164,-1.5915646714569132,-1.3419457716221543,-0.13940837460660063
2441,-1.2117720461218935,-1.117686269768047,-1.077684586248227,-0.8814444000312027,-0.7909497251325966,-0.8921651976724957,-0.8665777977241753,-0.789398863797712,-0.7661779263620044,0.9033775671092537,0.7637395173115954,-0.952487491139981,-0.49064835748125807,-1.324317548755314,1.153111385065587,1.565081442322005,-1.8107336461038053,1.701231716375928,-2.275832654707796,1.1531113850655836,-0.3827653582615952,2.262947956765697,-2.091703691383319,1.3613690832944298,-2.4684993297486897,-0.38276535826159597,0.5886003570721868,0.6598415907771333,0.5556068503282876,1.2858957796679433,0.01143944679951942,1.2669171612449215,0.3672788030688444,0.08053597280621576,-0.73266411985197,-1.0354928089317517,-1.618700488681587,-1.3701478812092838,-1.747453507026899,-1.748326192893445,-0.3386924325610843,-0.7521185997076152,-0.6720001551521598,-0.3987693964618382,-0.2625832280130577,-0.246175606814644,-0.11749329235102993,-0.174668065842824,-0.13993839111193032,0.7999919123601212,1.0024232854142812,-0.6670938511319567,-1.0498850670596973,-1.395968209147708,-1.8166744113208535,-1.7034428945587952,0.5755880444078718,-0.24786030357230723,1.4590800115159444,-0.9976845280855141,-0.2999813773175004,1.1538164845700931,-0.5451011789456709,-1.5050729953024966,-1.9825490027731436,-0.14117224743676654,-0.5368042264890771,0.5827548169685779,0.686576689413776,0.6310688453986377,-2.073664877697509,-2.1180884832094136,0.6725271903256782,-1.2102706366802538,-0.5044945658432367,-0.08611611071660415,-0.39129461431418344,2.398565244518567,-0.1398029418793832,-0.7162137895019747,0.42059178039280615,0.7439942086472006,0.08779209829158759,-0.6124163594128921,-1.1781919969925432,1.591910984745179,-0.5689274335602805,-3.720815565643277,-1.4770530382186111,1.7312155420037023,-0.6193297761626233,0.5426840329341568,-1.6477792638900997,-1.101919299226194,-0.09317420893277718
2442,-0.7858484025550322,-0.87542296260414,-0.7530382246245237,-0.7631307552413996,-0.841463514546479,-0.8186027706627264,-0.8765348124639818,-0.8119962765044391,-0.9250804395411432,0.9562921645250412,0.6007337956443538,-0.8496604910551884,-0.3631415982982836,-1.2340438818970003,1.6320420781577842,0.9496338056061324,-1.5451421911381737,1.7309344945127325,-2.030372838718847,1.6320420781577816,0.1514957764131378,2.1325390836370084,-1.870373391511735,1.6064724855007337,-2.3451495583740303,0.15149577641313783,0.6631679843638763,0.49146407846279605,0.8185920614400911,0.24523249709290543,-0.4279450626767566,1.1600600143456081,0.7498584761721546,0.3098930025182232,-0.5756764282751267,-0.939155312474191,-1.5294428247311045,-1.2914000110810242,-1.6668392509091332,-1.6502281437176802,-0.46339471748310296,-0.911323614508169,-0.7971345328562511,-0.5297630127637258,-0.36263358546152846,-0.26726422799072586,-0.19387416533381846,-0.2610216638219849,-0.21695883259935836,0.23686281276584695,1.293880915740605,-0.9055437186831775,-0.9763947322032395,-1.3059116173814098,-3.059252818161789,-1.613042277861227,0.24630794936284128,-0.27747852926235256,1.2628419756936513,-1.0972526143471595,-0.6890758729342655,1.1200421758121586,0.025082272479035633,-1.3927079101424202,-2.2705674378896066,-0.08847361073193331,0.27189948156549626,0.1080405312997398,0.09211303854528533,0.27586500519148316,-1.8410179147226833,-1.730710322441196,-0.42773476703924845,0.08282483716058081,-0.023027196649493747,-0.3713041541131718,-0.3112729261236965,1.8691632137103034,-0.07393661806159708,-0.5725506408998,0.5591892195021299,0.9054916053883942,0.033082478418277245,-0.9166931722470879,-0.900076615715233,1.6633950948142724,-0.4425026482474405,-3.4915771824104715,-1.5945039912997307,1.6760548260515786,-0.656548819991209,0.5044246767623913,-1.6930294078835637,-0.9388901968367018,-0.010107385175730921
2443,-0.8959471747100614,-0.708168701808902,-0.6858451313449737,-0.5865189118855862,-0.885124651816146,-0.8724333191552136,-0.8878658779601182,-0.8368766578547941,-1.061405585330463,0.932569446122533,0.7349847582535796,-0.6801140630763456,-0.15639118437561642,-1.0918687183286118,1.9452312188588048,0.4940297148790817,-1.317922328306944,1.6395665043401657,-1.792801119014148,1.9452312188588017,0.6407405931137021,1.8198226130691064,-1.663279060655122,1.7784548945368088,-2.2016240845931145,0.640740593113702,0.12517616727320924,0.34803237998013825,-0.22856116744407992,1.163583679700009,-0.01593157796126794,1.0577358678347188,1.181631819635876,0.6097173167647033,-0.3437885185048544,-0.7982115826798433,-1.4131184111813526,-1.1764174916260213,-1.5529302485656111,-1.5122600787370108,-0.3549285610804811,-0.9102478026333862,-0.8294898960554434,-0.5902751364356534,-0.4196482996229063,-0.2976884587006961,-0.25833799989145845,-0.3227736655626074,-0.27910122136247045,0.38127695782289855,1.1427415149988487,-0.724825102482868,-0.7780585943096703,-1.2495894007212687,-2.55992658739168,-1.5106459880462355,0.4882803634350104,-0.3075126214899314,1.0699210534724888,-1.2016211376608865,-0.5712084339447241,1.087639680463185,0.0497589756469131,-1.2451794723820409,-2.0110111193070153,-0.25944653968449755,0.693751348764322,0.07681977022429501,-0.017004029997742448,0.17306669143108278,-1.93228615323711,-1.62643671953098,-1.026981964770803,0.4314448162090513,0.1469847144572412,-0.34019667526811753,-0.18202581528416564,1.6886260232690324,-0.24208044193762093,-0.633077725222907,0.6336137687687354,1.0441225338387063,0.18215802542292342,-1.1701730631097358,-0.685942971950383,1.7736734149552618,-0.30517114097607323,-3.3864227671968563,-1.7133533164146082,1.6243258331886428,-0.7779979304421927,0.47066878709739807,-1.7184621751044538,-0.7867567276900677,0.11246120056296242
2444,-0.6410350262315145,-0.6969685957971556,-0.5044271981764457,-0.48335911172760204,-0.9823051711682498,-0.898208969643606,-0.9376831454875474,-0.9291815675410421,-1.2522879022968343,1.216990972457184,0.4756957515997098,-0.5612970235384884,-0.01354016707203542,-0.9898832263659367,2.0306883451117903,0.08405970886701561,-1.1316632965061901,1.3902440199679562,-1.5750509096322411,2.030688345111787,1.056819089428677,1.3939312395736019,-1.4769875094212241,1.7469935786118123,-2.049218859560357,1.0568190894286749,0.3588652031721371,0.01979548072673598,0.4769659908760169,0.6452303154549983,-0.742774129861183,0.7271230846391287,1.1902454152291362,0.8837882642697626,-0.1476739697772724,-0.6933954386660247,-1.3275585042496485,-1.0912755325316077,-1.4742311753263442,-1.419693779693712,-0.7624797706849582,-0.805368250973871,-1.0018915207199028,-0.8056700577307498,-0.6261617721086368,-0.556538028515481,-0.49779195992352604,-0.567748400885037,-0.5342439773291662,0.22202571978237506,1.1953928768735886,0.7382875754703546,-0.8352623552429791,-1.2184926832740353,-2.2984780852806352,-1.4259434470048287,0.03803334120482935,-0.33303021933462024,0.844357530784703,-1.29072916136821,-0.6079899893479898,1.0565089515248545,0.18941971702786753,-1.142347596745276,-1.9254540530090347,-0.41974432663130956,0.538119577939376,-0.04688555937134597,-0.23078890610574646,0.15165875727902822,-2.1255012523704897,-1.5200032934021368,-0.8327362315078719,0.4512881842928514,0.37639286019323726,-0.620613126961041,-0.2612806893048323,1.574836778441901,-0.39117952493618435,-0.6526623253866652,0.7939057250375254,1.235834580599967,0.31056409869417256,-1.4375576365313558,-0.3623318437607499,1.851309078979813,-0.1388722419514836,-3.3401491248733697,-1.8637691295344123,1.5697197242136043,-0.6906386036719284,0.4302780195724301,-1.7507173115694505,-0.5904038139069675,0.2838139126232383
2445,-0.3708193775924389,-0.642615463512937,-0.43228382524854303,-0.4546791229195984,-1.0991593465185994,-1.002075349205944,-1.053808235358602,-1.0665447602081661,-1.3347205871103969,1.2822501963061737,0.7577387873204848,-0.5100462329454915,0.04698177191075246,-0.9413513779990499,1.9463865272539473,-0.2687431421589131,-0.9936625700918247,1.090948212753019,-1.3863480165023812,1.9463865272539458,1.3810700838436807,0.9383765601919035,-1.319187906596428,1.6184596982720254,-1.897256052117454,1.38107008384368,0.13447535855151088,0.10673108910971739,0.4997017427349893,-0.15746322008788163,-0.8213549288089744,0.3840183982315169,1.1195866226550684,1.079340615965097,-0.024214861869210763,-0.6454429939696544,-1.2782791039002712,-1.0447947320905344,-1.439378411468571,-1.3803874197901496,-0.16164209743292485,-0.43502898043272514,-0.8145483123121474,-0.6451111786725824,-0.46899322286503003,-0.3383649506127931,-0.3195621469838404,-0.3783234824623039,-0.3390245416173099,0.052526991031821915,0.9245232653044548,0.755413066560979,-0.4169279785131691,-1.0270019886056552,-2.3602180809882527,-1.3601956406601463,0.012127049115203964,-0.3471134955527617,0.5130870670809586,-1.3718089185375384,-0.6385473629067366,1.0265641093478284,0.24042541744069135,-1.0891372734091551,-1.838887983704054,-0.6011157705333284,0.5548592364014642,-0.015613645857704911,-0.12638810066365094,0.17389958928601,-2.1126517423619053,-1.4340115343633442,-0.8668102011624379,0.4111707938919519,0.2156680134156758,-0.48805108533539593,-0.258975689983007,1.4944754958192583,-0.5828231001602449,-0.8876435367783411,0.8766169973655392,1.3142131812275832,0.45249087561256307,-1.5743676922322791,-0.3159112855801415,1.8486250074970374,0.06604158041332236,-3.203893579725665,-1.9554825744619135,1.5227410212296824,-0.45395867963386854,0.3850934141644761,-1.7820333596691462,-0.4091083089348105,0.5211886809331896
2446,-0.559623573909646,-0.8241227708054465,-0.7200861223045342,-0.82010836882705,-0.9381889625229023,-1.1187115846773932,-0.9679443972603806,-1.0415245748991875,-0.6760410142039229,1.2308812698429379,0.6051733515022638,-0.7960282279842521,-0.4262864392223559,-1.1292958229884162,1.4375633469367606,-1.0879154160504545,-0.9759734286702834,0.21317194670571385,-1.2568166672727799,1.4375633469367595,1.4515419949698554,0.013438672868214156,-1.2345438872044787,0.9271327674961302,-1.7620275583644947,1.4515419949698536,-0.5762120704270676,-0.38730109876280894,-0.3606522365281598,-0.6284487203615186,-0.36084731875096043,-0.39826696484851504,0.4705563271800184,0.581609750074008,-0.2246682504621452,-0.8120632774124026,-1.3723253161888596,-1.1501220575065254,-1.5604098798853607,-1.5435068732911457,0.45599575788043434,-0.05791433078466237,-0.2582693451942638,-0.453253499594475,-0.28791611338845924,-0.07562463774077016,-0.0962239779708506,-0.14457533537242157,-0.08317300934584566,-0.7808114541802786,0.05847462878559052,0.9068206121721554,-0.5712841253319232,-0.9583302069748459,-2.3318923049336826,-1.5071522573942568,-0.8654530819147412,-0.34992538802083745,0.014272428330325295,-1.4005712571453512,-0.6864450929402741,0.9977325127430566,-0.12248634857484844,-1.2443143680484408,-1.7709712328366418,-0.7812403527837541,0.1443693700422469,-0.010715234707585465,-0.5671656658537779,-0.008188529351578063,-1.8405305767786369,-1.3670495131937346,-0.4118203793837091,0.10145737248400705,1.0123071304927842,-0.7913270778557361,0.0018810544470288374,1.3753231854923027,-0.8909216279124571,-1.649887777808565,0.2925248896819348,0.6421889065576363,0.6247477761973305,-1.9051781675127186,-0.2833345908285758,1.8634513827200458,0.25972202148202694,-3.1331280792066685,-2.0233173440056746,1.4587363466737164,-0.12460303911414407,0.3143682732090085,-1.8220819669889814,-0.2726360865672448,0.7799068026935119
2447,-0.9254479745518347,-0.8583364479508626,-0.8315363404457858,-0.6524959973556338,-1.0133401041428058,-0.9487041300880643,-0.9760926928561695,-0.9615740358969159,-0.8007016475323943,1.4849318051589742,0.3807347532420733,-0.6148102764316332,-0.17856774494277045,-0.9923735011750405,1.2549432881890932,-0.38185677093655374,-0.9131397406344257,0.5499830271338961,-1.1502189074186926,1.2549432881890912,1.5759276235663087,0.21060312599652906,-1.1364168872390856,1.1197132208689593,-1.6365217654956248,1.5759276235663071,-0.23935967150924162,-0.08443965665621987,-0.6991283013383375,1.0876373760090714,-0.016881301972945663,-0.10560959384899078,0.47897473268029417,0.7010661155431431,0.0036704554753833416,-0.6687144508582222,-1.2703885854211014,-1.0421934386105007,-1.4623124460782302,-1.4232423275297807,-0.3073853310098969,-0.45985073428834766,-0.49551448055431757,-0.7380405119157107,-0.5575584655565495,-0.4353956256259945,-0.41521475151585413,-0.47200414550619557,-0.42071387023091117,0.35039676467750175,0.10905228503245022,1.1623094781010008,-0.7519311042609923,-0.8641236709171546,-2.137138000176948,-1.349737983056353,0.19300317357348204,-0.36427627379613986,-0.4011125582733633,-1.4068562894154955,-0.7443974565314099,0.9699543072042767,0.10283865893366773,-1.1173556236266498,-1.7119582697534697,-0.6502885876171979,-0.6187295718569765,0.09924422232459507,-0.3982271168165753,-0.07251735530925879,-1.6501886791864113,-1.503891240877531,0.5035108248089956,-0.42828934992229933,0.8214326885821822,-0.4264442142042737,0.17944845610608556,1.499121938138411,-0.6201906539551796,-0.7661395141867567,0.4953126586420069,0.7663057976583652,0.47998456468196476,-1.875461765790993,-0.11949232198611709,1.7886297678002423,0.45306481805964477,-3.0671322029710777,-2.0712620631968397,1.4030493349108184,0.3601711112599057,0.23157915988035147,-1.8607697287854559,-0.12298517771917206,0.9889590758023897
2448,-0.45867079292821555,-0.4343973719250603,-0.3607741229070704,-0.22750756675367045,-1.131304540641636,-1.0213368705312302,-1.0950787934168946,-1.0972697987728015,-1.3946358772559342,2.1182912007274486,-0.14769364869659987,-0.2100463840832795,0.36485354715462254,-0.7019727782231252,1.4465991773698157,0.4079982160873256,-0.7620909479609476,1.1683400547922285,-1.0290592533444167,1.4465991773698148,1.8358442186484871,0.6933012265972914,-0.9941394689698853,1.5983608199279753,-1.5091502098941434,1.8358442186484838,0.9234016399896064,0.877972754073176,0.8679031411971463,0.7888409881334271,-0.2701593497058118,0.6087899255044115,0.8317219120392637,1.0391173854254299,0.44477615641525786,-0.360980256707905,-1.0793243246066826,-0.834617062158435,-1.2699323048911562,-1.1812852606178805,0.0007726190130634597,-0.2179072629133547,-0.30495600947319873,-0.6517555810313944,-0.4768591015537014,-0.3141713229516023,-0.3197574353388169,-0.3725598553709285,-0.316380958295462,0.8852313751889086,0.34855951218563064,1.203112215513972,-0.47600887765242456,-0.5895786983638521,-1.929219370590154,-1.3118452586911373,0.47501799455364785,-0.3958659809184267,-0.6395904841598649,-1.4715911632765142,-0.6374329271089456,0.9431824903072004,0.4403984098832847,-0.8608103332229838,-1.532181107885223,-0.7678065472996379,-0.7932542527919919,0.3604344881952265,-0.08949083175916547,-0.15139623445864428,-1.6605179063082078,-1.3598804660046335,0.6720729579701047,-0.8090252310226385,0.5923092962487385,0.11871114447705852,0.4835267987719926,1.334019616762278,-0.6408265354447138,-0.3189538203494015,1.0407094352161996,1.3744202250210018,0.5697535896995777,-1.5399164049620988,-0.3118332378799878,1.733272956873269,0.6548913018703294,-2.9917098086406892,-2.1030979896614608,1.3935297620094154,0.8651334791930801,0.1393944039939789,-1.9033830004918337,0.06693766430942641,1.1873423813613948
2449,-0.47434487880574266,-0.6513848019081331,-0.3087928810433753,-0.6171975486637419,-1.0724696830974432,-1.1466777861963435,-1.1509302224524498,-1.068159501396712,-1.3660635041387816,1.9339483017415173,-0.03135920029949668,-0.5400833832673159,-0.17500695616877907,-0.9124937971032261,1.0622886319996496,-0.7689302408185049,-0.7430970657030576,0.20426556462846515,-0.941881797973728,1.0622886319996487,1.762814350289024,-0.25777041864653194,-0.9237487467432843,0.8292623595516349,-1.3953637917720074,1.7628143502890217,0.09293496606730088,-0.4520603861523226,-0.03536503532627944,-0.2859657693827523,-1.3544921255319065,-0.11751862758024384,0.1200365151189333,0.3680335775461784,0.19717409615374815,-0.5334597206588619,-1.1849525083952335,-0.9534478729682982,-1.394971910579928,-1.3502895255200547,0.5434848873388038,0.2590659827182947,0.12210980865458965,-0.3950757029969037,-0.20313009803838633,0.03209173823143465,-0.03519158348185661,-0.07086449540368538,0.003419321635352498,-0.8010411632757259,-0.1471239480676757,0.8914282364597538,0.5761843279858971,-0.8307806761435872,-1.8356584032710808,-1.376619078819524,-0.7758958885750449,-0.42808664675895547,-0.9390789821068193,-1.5236963866567157,-0.5808091212918934,0.9173835858706669,-0.09204205411337278,-1.0263199145607993,-1.4053474650041509,-0.5635737660805765,-0.7590090061648003,0.48710177991665105,-0.3589034499532428,-0.4574367633130928,-1.7057576181849956,-1.3170011515722941,0.7055421017337429,-0.9552926254955777,1.1513027553788142,0.24115954960954486,0.9482089279064116,1.216206155615163,-0.552371592585443,-1.0299610771014138,1.0960960210648039,1.3507592053351847,0.38142902613945323,-1.3014931363408364,-0.4914414360799811,1.6639770578089776,0.7932157732700537,-3.031985841674261,-2.0949829134993165,1.447690276994459,1.2421161632411581,0.009032934993492699,-1.9343985383716797,0.30703035406591944,1.294870233150552
2450,-0.6485416692822396,-0.8850293285873897,-0.49813703403185894,-0.6765243526499208,-1.1412037579963332,-1.0961567616793846,-1.137416928189843,-1.1070986841498545,-1.5824627393341857,1.9308415866724251,0.20534812769285155,-0.5721399515941521,-0.2390028638980817,-0.9226946431310062,0.7710946344388,-0.5938068052414828,-0.735502731235285,0.1273402146734641,-0.88107467125148,0.7710946344387991,1.6472734811006133,-0.3733993749315398,-0.8688268201791299,0.6749673948172525,-1.2950274701272764,1.6472734811006113,-0.379451404534458,-0.49773171046249465,-0.3328922474524589,0.09403579307922917,-1.5099942785424878,-0.15113092646349613,-0.07260972289690777,0.1575039252027567,0.1969840786213384,-0.49559510092786657,-1.1722248623031049,-0.9374220820190221,-1.3946224104479328,-1.3568411064673118,-0.5215945919475946,-0.3520758628584398,-0.3800391181382269,-0.7335545940332987,-0.5449490233674193,-0.44946934872768995,-0.43540507708991877,-0.49854838026605164,-0.44458761039929084,-0.13616055938722207,-0.2355552945080213,0.5757601055985635,0.536019558935536,-0.48050964473646124,-1.9212105152382981,-1.439622846843686,-0.17150420165223665,-0.4706366625916764,-1.17005547975867,-1.538803145742536,-0.5744602615555147,0.8925390913173272,-0.18197224377199195,-1.0254428242640343,-1.333022036977747,-0.46134027799318644,-0.7093991815684159,0.26058512296343433,-0.3068326425923462,-0.14458959295667043,-1.6488034115171297,-1.3766548001183045,0.6863124302533227,-0.7066428672481606,0.7786385899929132,-0.16882090680891956,0.3709261353425355,1.3497001888641258,-0.39878815215294905,-0.7488542438172946,1.3538697986512542,1.5722888563662847,0.27274777240396797,-1.0282068097893626,-0.5547462995396223,1.5798168313603262,0.9686754917512048,-2.9784140472782585,-2.0733659919596725,1.4488894245248065,1.5731653832732524,-0.1458655687666158,-1.9465786077279306,0.5124306181626568,1.2789894446676242
2451,-0.6709294866468422,-0.8297042976931142,-0.5535862139435791,-0.8018017813450842,-1.0858373546831361,-1.1684950272817658,-1.1275568978183432,-1.0927128204035381,-1.4424509294490282,1.9050389959655905,0.28817637759712567,-0.6828744771325468,-0.425448616760265,-0.9860289487468189,0.49455646088041677,-0.5735096022101032,-0.7541216912551797,-0.0380728031218524,-0.8466313744036095,0.49455646088041605,1.482249256912571,-0.5410800353776511,-0.8372596236118172,0.4536020867566688,-1.2097417526421832,1.4822492569125698,-0.12331793289533496,0.09634339142161749,-0.05836221160411195,-0.20777664949896762,-1.0712723133691946,-0.4267602831359285,-0.2661690782393737,-0.12408368652820498,0.1349259691518046,-0.5145587961108756,-1.187984872799045,-0.958877117923092,-1.425986036716062,-1.4027436585417898,-0.08602433508854712,-0.12037456880193506,-0.18213535033923556,-0.6194284106680015,-0.4419449434979472,-0.3025574103184884,-0.31573155190866836,-0.38370658810635566,-0.32200250918084433,-0.28527920253186057,0.0034541296304650766,0.057489855224916085,0.8098627753590465,-0.5268114877594939,-1.9795656417582124,-1.532530536663322,-0.33616845781614835,-0.4908424142844558,-1.5212187123654457,-1.5403032203267326,-0.624472432092395,0.8681628183472858,-0.2974335735105938,-1.065632171030429,-1.3030188927771957,-0.6507336430877998,-0.6327146902876535,-0.100179489885322,-0.38101531607088,-0.48972580560343715,-1.4102276331456023,-1.4394431449758576,0.5422424132839138,-0.29736068179167496,0.4784866604104442,0.24246526338429106,0.5135166935412236,1.3355859727661548,-0.6634310496203913,-1.1828992120398123,1.1673230039683913,1.4313560343238014,0.4622183787865948,-0.6220334319838687,-0.8031171148369209,1.4862966855112512,1.178061306682764,-2.8940858015308066,-2.0330306457451375,1.4325940498134484,1.8751238948002067,-0.3306302652906513,-1.9411850726533226,0.648367450040978,1.3335723713802148
2452,-0.7646496343639407,-0.9281181226681857,-0.7532042383026195,-0.9820978954921339,-1.0855943544705906,-1.1076622957985556,-1.1247790624509668,-1.0460595866915936,-1.5616147930773923,1.9772182875282738,0.1430943048849325,-0.8433875001223129,-0.690968741943652,-1.0789603701263393,0.2083519146473333,-0.5954980675583733,-0.8010114913228287,-0.23550852987076618,-0.8391948830734043,0.20835191464733216,1.2544699693374888,-0.719130308479297,-0.8309454728146001,0.1943727060050792,-1.1411033177910794,1.2544699693374874,-0.4095938611356095,-0.23084005393318938,-0.19416398470292673,-0.44226166696691566,-0.6593787117619487,-0.6703072538890722,-0.49483518089454426,-0.4157831393926515,0.04568273824023248,-0.5683309001359037,-1.2208467194176964,-1.0065919592819523,-1.469589395195786,-1.4667267970937055,0.06849227405168097,0.049438905364210486,-0.0022395448635070367,-0.5349644205492674,-0.3666192182908375,-0.18272786115688275,-0.21534363451658084,-0.2935325412896738,-0.22513069584299555,-0.41000950793415664,-0.35236665823653346,-0.18830857410444019,0.8163829138828551,-0.8447159183371112,-1.8258377206164653,-1.5018475641984717,-0.5586946083760767,-0.55481015963904,-1.6039436936052276,-1.509709116056396,-0.7352746793699915,0.8446929728520515,-0.41940240982642274,-1.1296062344210456,-1.3116370578209309,-0.7406228934445189,-0.7625427311951801,-0.4657991964257338,-0.0824757027230455,-0.454071925495786,-1.1913753217662941,-1.5307869828046228,0.6710275224391951,-0.012990278501972917,-0.31782396706134464,0.5313964852572146,0.22712429329521022,1.4358452212550767,-0.6915844990683266,-0.8211541538603742,1.2648251508692137,1.5562112694186705,0.5495816119686581,-0.34345477269213026,-0.8567098472295482,1.3401875700914954,1.4648093640941005,-2.884680131093729,-1.988400488324037,1.4345081395989359,2.135107909222472,-0.5749558032699533,-1.9371526627548086,0.8194654512954235,1.437453226418839
2453,-0.7643449348730391,-0.7969284813709768,-0.6074408609020723,-0.8363320555051744,-1.0235729013818686,-1.1117406903254528,-1.1069514118115817,-1.072598830492297,-1.2626795137613804,1.7659218634157516,0.24687282998888255,-0.6514011950695652,-0.4066316785217999,-0.9456433656319855,0.2378731177194442,0.061630803329083376,-0.783379746082645,0.1927322060884811,-0.828514649481167,0.23787311771944322,1.1543316732142985,-0.30260272219865275,-0.7982927804400551,0.44734252455906465,-1.0801150774589778,1.1543316732142972,0.27700209978442747,0.2705379434155608,-0.015152902871999985,-0.011648335439993943,-0.7264725699432469,-0.12360402987801987,-0.26111166587508844,-0.23590107928080722,0.2726517516938151,-0.39001985470234724,-1.132085892832614,-0.9046916327116943,-1.3868870909645923,-1.3691230776095038,-0.4002303682389048,-0.255479837563095,-0.2594743684784355,-0.6642324376242345,-0.5219693493683821,-0.3953702322524706,-0.3939029655021848,-0.47768031917569387,-0.4200025599844496,0.3042575068651202,-0.6227367220534792,-0.22131608570211062,0.6746841677427997,-0.7151172139971392,-1.7019357101348445,-1.4744596058617623,0.551365124549683,-0.6154967858079923,-1.669167759381174,-1.5023629560678413,-0.7670247307895969,0.821816100198452,-0.2281890585937965,-1.0232132151642417,-1.269188454871572,-0.7566121967946421,-0.5116556173777783,-0.5788160320282104,-0.08279907365482914,0.04406760772334792,-1.2309126047800496,-1.5058574067610975,0.3692912920980536,0.3415400156045155,-0.4126597518136889,-0.15289616213921683,-0.3973527946702909,1.5073206872286076,-0.8060750207734985,-1.3874022317881711,0.9740291788142234,1.2512355926501022,0.575415593667234,-0.023973419436090125,-0.973329403070324,1.1789488491551117,1.5340129728036167,-2.839486205815441,-1.9513204512423905,1.4459777989506035,2.3218888028060043,-0.7895972444547781,-1.9244912817293105,0.9930745114414391,1.4961238359581706
2454,-0.5565514908835295,-0.7754946137196825,-0.7840276570486465,-0.9232115922245987,-0.9762039275767318,-1.0288980041671447,-1.0458369629810944,-1.047946652842948,-0.9505319453496631,1.2919564606467995,0.4743757017001324,-0.7250508399779134,-0.5439256863916878,-0.9784687868270587,0.1951300439226511,-0.09084218847542094,-0.7817904696321447,0.07053082335621731,-0.8209062708514328,0.19513004392265,1.0260756972422234,-0.39247969778181,-0.7773775101384733,0.31679783616834956,-1.0273790273197227,1.0260756972422225,-0.36255503636949443,0.039858295774885144,0.3794495417537022,-0.9452068172441971,0.09735769276687277,-0.17671131769250145,-0.32341765017937935,-0.335141941479645,0.13985477086024156,-0.37015416072284923,-1.1309119179501073,-0.9058919904609485,-1.393721228048594,-1.3851864741014062,0.20595655552638048,-0.008878535355514814,0.015795434264629968,-0.275145095593953,-0.39464064070661314,-0.21258564026518526,-0.2426415734555955,-0.32234331936771266,-0.25590612023198117,-0.2029486417800935,-0.3383237224222085,-0.3798629299084801,0.5830534887551182,0.3707102442159945,-1.623568551736785,-1.4133253644423796,0.20391081432779,-0.6351816738641052,-1.924526206900737,-1.4666612399088417,-0.8007357301344593,0.7995347412696998,-0.32083903289594934,-1.0377979147525223,-1.228812218484701,-0.8253525874858267,-0.150179265571673,-0.5931195742659999,-0.28795149863473707,-0.012570128153228421,-1.2531679486139702,-1.4784498372725534,-0.08726467291857275,0.6972667373531217,-0.14384818725666987,-0.30311999921211613,-0.348744684954336,1.460918398976548,-0.8760637812083408,-1.351545964328216,0.6475525222537883,0.9309619979413845,0.6506539091734785,0.4729391362516375,-1.2265965019549907,1.136065061686121,1.7709727691047064,-2.7863095042183903,-1.9102397368564688,1.4479096897591197,2.4333689916140684,-0.9819072395682431,-1.913579938352367,1.211239609020976,1.5685837833991636
2455,-0.7662975675660587,-0.5324995709072067,-0.5713347726817126,-0.35873324599848705,-1.088795718402367,-0.9870857740417976,-1.0506412289364713,-1.0687770733737318,-1.1597618623007249,1.652046859940056,0.4145887165132258,-0.04997757716543559,0.4437701159191681,-0.5443410016411686,0.6868579734309473,1.0365260290278895,-0.6267135020985858,1.0861308566061476,-0.7643925211738752,0.6868579734309466,1.1960434781926113,0.5876438832115243,-0.6723877024907924,1.1164629371952672,-0.9645811019598602,1.1960434781926104,0.4128804526007348,0.52327742502245,-0.4128293998340124,1.3970954161768063,0.1996296613712758,0.8684080730422841,0.4541787792250781,0.37419587961735007,0.6727675569087984,0.118132803033867,-0.8892987753169593,-0.6230705507067241,-1.1672778750710602,-1.101918771860496,0.2931212270152666,0.1213679114199689,0.15225102734077575,-0.07685458288552165,-0.32756801557382337,-0.10186360076103881,-0.16082502816685354,-0.23330465829199917,-0.16350691550880916,1.239839571355915,0.28710531339337486,0.04707460075467287,0.718443163146194,0.6594217412069489,-1.6163565993478168,-1.2795987812339369,1.0832289516524214,-0.6561787089159344,-2.0365751945484623,-1.4749452343989293,-0.8641237404866177,0.7776487979583995,0.44058247949215457,-0.7197573431205081,-1.2075689225960708,-0.874176348840103,-0.42547509453849924,-0.4570668794652148,-0.4441960756057872,-0.600138818365254,-1.2303922638910323,-1.4187608759771937,0.2244617227776152,0.2616388929306292,0.1982531011433201,0.2830751793115607,0.3718816416806367,1.2904107997573369,-0.8073565705690664,-0.7307146848583935,0.841740131226774,1.1424920665906435,0.6822977304639289,1.1302602915430113,-1.6911641843699374,1.5032230560722555,2.628491384482396,-2.6309805901544947,-1.8462614093564205,1.4337166715594238,2.5112797674366893,-1.1281034667577496,-1.899567701277364,1.5162406563718709,1.6937742121640493
2456,-0.387381634006412,-0.4794438193072086,-0.20018426674756462,-0.2797440978884436,-0.946263693161268,-1.1089306746017749,-0.9882006812426158,-1.0332911997393759,-0.8223610006043583,1.603735178337815,0.829971459900684,0.05587937008808239,0.5739104024005436,-0.46695642124126785,0.9092461429916225,0.4799610087252231,-0.49800875538418565,0.8859146268865199,-0.683759482704768,0.9092461429916218,1.3030498391957532,0.40260215765479407,-0.5709411592993452,1.0472956823356745,-0.8945023104235418,1.3030498391957523,0.7277267875895741,0.10283344341954931,0.703072505480716,0.39937069765459965,-1.0946818492355248,0.8132257831760091,0.4885153900836232,0.455408146015508,0.6611685466531794,0.2356924609538012,-0.833107095405065,-0.5623930635970315,-1.128728725914179,-1.0558583893133149,-0.33832698949930134,-0.24338538672252383,-0.25091674329737973,-0.3242368296112045,-0.5198385804904122,-0.3706321068259989,-0.38436115230266604,-0.46151567041135444,-0.4067975928040544,0.1595387344867115,0.49726792377892126,0.4114857555364976,0.4108427577708024,1.033865441055282,-1.5202788045555482,-1.3038449059989101,0.20482398446102917,-0.6477853151165294,-1.8543064723905143,-1.4877960337429532,-0.8682860807938334,0.7553719338373949,0.5427356716602088,-0.6555202232911046,-1.1584950516036183,-0.35204260886819466,-0.7645968326407124,-0.6593985006684733,-0.3888015099018208,-0.43964183466056234,-1.1264400804859256,-1.2882619129415471,0.8056849478393551,0.2426956233054293,-0.14949950837258755,0.1494520909792628,0.05197184831126442,1.1859986898474966,-0.41936605909936236,-1.3503151369856685,0.6919398373496412,0.8004028190545853,0.19729686256403325,1.1170938613683352,-1.5164846697742378,1.4695412559665528,2.856740312995429,-2.4940417569018285,-1.7894178750551566,1.3989404029110755,2.540432093893084,-1.265927857542311,-1.8557867629702767,1.7109265027008966,1.6430288204847634
2457,-0.4609003498623724,-0.5177239474082636,-0.24412973544307484,-0.5226819964525716,-0.8801500633094695,-0.9736144558514809,-0.9550855623979624,-0.8957478923289202,-0.038235565245912935,1.129781975903849,1.269874425982884,-0.24662045012436462,0.06324563260884818,-0.6405822604287239,0.7104375662771742,-0.4145648953900567,-0.47339666290864446,0.20868786730106692,-0.621261407723774,0.7104375662771737,1.2139102570553946,-0.24993486040322616,-0.5218927828720235,0.5416247662798659,-0.8287763906067421,1.2139102570553941,-0.09947222655696875,-0.09760832233034288,-0.15312179287792393,-0.07008775455711036,-1.0759686677890274,0.11976123441780157,0.12765396336145654,0.14373030831555506,0.3021426534186586,0.09698605944784684,-0.9022389353557351,-0.6481164716090081,-1.2112051315931822,-1.1643551629062212,-0.6810370168299212,-0.5335992396505919,-0.5072239695783016,-0.5157842879528883,-0.6601995950054409,-0.568777676146034,-0.5485295863190915,-0.6263774948825462,-0.5815756442871789,-0.5358225980300758,0.4394602620891915,0.07374314023333157,0.14958862520194896,1.0168725651974002,-1.4974155804762217,-1.5331244225635243,-0.19085227757737658,-0.6232033080947845,-1.7480283126517242,-1.4886712903311674,-0.9122169238679443,0.733873358307064,0.2638059232612083,-0.7640392560884862,-1.1354133154802915,-0.5568783242232026,-0.7156195963044792,-0.7421566746951153,-0.7220099452536479,0.04871040219171545,-1.1357854085337857,-1.3053072680160507,0.6812513056635128,0.4074433326314887,0.29226029238350354,-0.7284745337118164,-0.5818872229013652,1.2779196726838618,-0.7144170559813054,-1.8317734473996374,-0.1541843371975327,-0.010451163450228574,0.4070903217701915,1.0925203587705605,-1.2177753820350676,1.3428195754017906,2.6576352583456964,-2.385322672662261,-1.7391864234295331,1.3414086113653627,2.5266287916165973,-1.3802928199441895,-1.8012814052674304,1.751525445202783,1.6403868825545371
2458,-0.5749034771077705,-0.849192413050778,-0.6179350439027728,-0.8313826825085131,-0.8251433226913089,-0.9090597742398164,-0.8880634865808555,-0.832083524929425,0.06294224274192961,0.7527791307777876,0.8381326697252939,-0.6233087756842579,-0.5184518339323034,-0.8684719050107043,0.30044833635737606,-0.864630223696903,-0.5376944383747392,-0.33840025045941013,-0.6005043522717954,0.3004483363573755,0.9787282564752344,-0.7623167867759988,-0.527900888331629,0.044052642360203655,-0.7771765936887729,0.9787282564752343,-0.7487124796201778,-0.7513866466279643,-0.23080472230357285,-0.6189994378458945,-0.9048548976598499,-0.5268450790894232,-0.22960504449578029,-0.26735411689447297,-0.10073406490168972,-0.11056608793268102,-0.9997022675098242,-0.7718395160141015,-1.318542020398451,-1.3040772206008246,0.125219090292973,-0.009005208458543065,0.00598939256742807,-0.08139142186717736,-0.4315036080508595,-0.2458454217866673,-0.2797276031846399,-0.35351372111773544,-0.29376755572060403,-0.693318201756092,-0.02795651755340359,-0.516117132027299,-0.2062223964455153,0.6269018836901582,-1.560222266932707,-1.585255705539299,-0.4532688574209879,-0.4876119956200384,-1.7997641979223662,-1.4255562794480958,-0.9285493062349445,0.712299638929657,-0.14626005850968812,-0.9138879790261717,-1.100524073497661,-0.568657299825142,-0.7482198181514289,-0.8019198305769487,-0.7566178232082507,0.04525916661955608,-1.0638673215936862,-1.5237170007658525,0.717504220895032,0.4649233556382915,0.27435085350562854,-0.7879782080014273,-0.6633056942050279,1.4782269109427344,-0.5748754639622912,-0.8693537562241982,-0.258885891353667,-0.11250671301579007,0.42754684533168613,1.1177742888586282,-1.0611473429921812,1.3620086058432108,2.412708805945799,-2.279217154567145,-1.6889925703077944,1.2802082828920966,2.4644516309525764,-1.5009167238942984,-1.7850666322414297,1.7636619843314816,1.7276558664559216
2459,-0.7796158918520179,-0.93881002563398,-1.0288795656134482,-0.8249802959878945,-0.8422814064096278,-0.8245730151338148,-0.8445206452857399,-0.8001341175512335,-0.8269581021288444,1.1872152504220448,0.5859271118076554,-0.6118211880408257,-0.5145064780198706,-0.8502772980683038,0.12415226196215351,-0.37222268935222597,-0.5719185991406927,-0.14928381200280122,-0.5980305229889542,0.12415226196215294,0.8088972351856402,-0.5580903607579443,-0.5284501702979058,0.08986774034151603,-0.7357740532319574,0.8088972351856398,-0.8489776459651938,-0.22884280711367058,-0.4090288772716174,0.06116347872910903,0.45108067062716295,-0.5567339066765966,-0.19512990109348385,-0.24520664311430576,-0.15665214547644568,-0.04778836758802401,-0.9711437816749372,-0.7360600455252844,-1.300905567500737,-1.288709591676584,0.5818884087724387,0.3635082577495268,0.27754354725562536,0.1888428646079874,-0.27960431492239163,-0.038006588780429694,-0.10819987687240029,-0.1787048950311116,-0.1092713329163242,-0.0070676714162497675,0.06407654249419399,-0.21525115769895486,-0.2839022865439328,0.6039990334700747,-1.479167586773852,-1.5902939083754084,-0.3999961044608448,-0.26260928037187964,-1.9417978420065412,-1.3085328840200678,-1.422244458376226,0.6906979701859132,0.3966393321539262,-0.8915294526942539,-1.3322520980774888,-0.4842365695178762,-0.7670326771570506,-0.35327553608585,-0.42362501865066415,-0.47392516828916875,-0.8835439461263919,-1.5844507620772783,0.7684387519630893,-0.19347470348428983,0.3220745362199386,0.13695539505532092,0.28941015107219364,1.4453987673664253,-0.3001629155646898,0.2725411194054306,0.650819881545384,0.8107208186986226,0.34280735623195463,0.9770265405850843,-0.6362730571499622,1.2139401453902048,2.18440020828413,-2.2095320415450805,-1.6413656891927642,1.252671927665352,2.3722295763940635,-1.6447832426641285,-1.7865412437502868,1.84168312281229,1.764760961544695
2460,-0.58063970328119,-0.4888206823312995,-0.43480341883964985,-0.34444280042259967,-0.8752082881662873,-0.9417736804498476,-0.9000047467332293,-0.8958674318220283,-0.7131394574725294,1.2135365329632397,-0.07927078888376798,0.05722834260491578,0.44182029063282463,-0.4290323764561257,0.4814446111048209,0.7526013944463267,-0.44986490807191915,0.7787074512132869,-0.556031766566737,0.48144461110482023,0.9062712685355898,0.3497552361324073,-0.44541397976616587,0.7905203126109401,-0.6863892568967956,0.9062712685355895,1.1909484824838306,1.004332841575499,0.36419104900302374,0.8418686562276663,-0.19793704139821747,0.4408782393304428,0.44998338373060615,0.4116024837228651,0.3195161420143416,0.40842431437245946,-0.7482631483538404,-0.45561293746469245,-1.105284956740654,-1.0497433456887075,0.16626571389455258,0.023508212385409795,-0.003587567247964537,-0.013199224261871378,-0.39752589022247253,-0.2268491252071107,-0.2695601597918852,-0.3365366340175731,-0.2747227942137911,1.0568559023174922,-0.014050292639484522,0.23025861274878676,0.040822188530844086,0.6866455389321194,-1.3851023748920122,-1.5812968345338312,1.1802853580972006,-0.07514695404448613,-1.972722583725253,-1.2907935100957748,-1.247558636278534,0.6697957400590037,0.8923046228189307,-0.6048282271192867,-1.1931814207746045,-0.6566120088912386,-0.8005665598182231,-0.44618892311827524,-0.2853176078951137,-0.6534799998690232,-0.8889018793237303,-1.592193621184747,0.7525713182718549,-0.09384755809358004,-0.1445064396050309,0.5021738400539701,0.43488047315357,1.4186780262696461,-0.6660921938889391,-0.9457796016261832,0.47925342482752625,0.6907426442976915,0.5060077643492401,0.6933643801225603,-0.3519539782075085,1.0116347680407192,1.9062743619948797,-2.1086680826901,-1.5801249962840256,1.2183485422785545,2.284006127322896,-1.7048687205885842,-1.8039948375047885,1.8309367330825375,1.8116701338014878
2461,-0.3240333933877559,-0.5025320077493614,-0.2118711968073233,-0.35063547424238006,-0.9166486895409569,-0.9012503095639782,-0.928103399862119,-0.8719412473505527,-0.6848871012281563,1.2611341556741142,-0.4862621691719923,0.05831969955975569,0.42833595035378424,-0.4241479842992379,0.5915769764229615,0.2358826009858821,-0.36799370403076653,0.5321195021448301,-0.500749712284215,0.591576976422961,0.9367641597754348,0.12607718782983487,-0.37635384238319536,0.6540245341271086,-0.6333419735235023,0.9367641597754343,0.4280440056730371,-0.0426089324297979,0.4735533172961821,-0.005675669843938423,-1.1593422735762295,0.4658093777146246,0.3837732283206438,0.38042912723942257,0.28732364236490704,0.44130199807579695,-0.7280768035035838,-0.42757426196172527,-1.1045833075019968,-1.057160759772426,-0.9053420826063484,-0.6619672593241268,-0.6027835605266825,-0.5607863801743339,-0.7072465362140657,-0.6653913632691366,-0.6383756172746362,-0.6995208524155025,-0.6647989310415167,-0.02273367303117991,-0.09819506903018975,0.3332374709997421,0.3058388011040545,0.34973317762607387,-1.4472935524100703,-1.5537488088151454,-0.08006281683735882,0.1585345188312787,-2.05691868994677,-1.2755472022081442,-1.2417847040302168,0.6474091868346298,0.9152675469160048,-0.5938781646552244,-1.1560057743909464,-0.37525233752455145,-0.7694619013260068,-0.674194129089748,-0.5929117550686144,-0.6887046419334547,-0.9185406529053994,-1.5839339047590222,0.8072823508992297,0.2604353887637504,0.13781644983260957,0.1716168276373695,0.2547160926330371,1.4014777267858174,-0.37172425939692955,-0.8715449085958887,0.5482367792158601,0.6590048093119492,0.22499229542375082,0.11657216509443837,-0.02668239973776347,0.7985143885282722,1.6253896691539385,-2.0137068168946253,-1.501080665333164,1.1816028909736271,2.167697676050977,-1.7738882092460975,-1.8264385554633225,1.7988723010471377,1.8447270326090024
2462,-0.011495885202320368,0.2496292138108384,0.2504877540523023,0.45403711321431744,-0.9222510033188384,-0.937293408832421,-1.0036969853086286,-0.9425548101372088,-0.9782109793123844,1.8644485684870078,-0.7765090543964089,1.0408686935938531,1.597630812844027,0.25428949046134053,1.2597501133839173,1.42875422834881,-0.06786859312166273,1.6887693303016085,-0.36440301946472187,1.259750113383917,1.2833913875602316,1.2356359938639785,-0.17632850209056655,1.627615206852926,-0.5522379468739833,1.2833913875602312,0.8829516628851418,1.6384303986643731,0.5743231548277306,1.3171085677230074,-0.02794307691823455,1.6980043879553173,1.3225622809317448,1.325575071401804,1.1260160911726047,1.2396980777014752,-0.3560732824876895,0.04753527439637995,-0.7846646997509836,-0.6652099058546367,1.2366859593849138,0.9567454450351179,0.8793956303506492,0.7839542142815976,0.04746434395739031,0.3693791515425557,0.20167516727611584,0.17506712368927704,0.2638678870186539,1.7131008448045397,0.9691163353307537,1.1626294267124666,0.7723507187749901,0.832202544767069,-1.2068158086244836,-1.2886354515809766,1.385167652295631,0.18884885191487585,-1.8114230450420485,-1.2716652004689621,-0.8214904712372894,0.6246388168401932,1.61668261819024,-0.10804397807730877,-0.892965850715841,-0.5742446232657764,-0.6941097436078448,-0.7834588427632213,-0.7514952123411861,-0.9724049136813083,-0.7483471900962545,-1.5572895481474303,0.6510109728172617,0.48570317307496563,0.30266890515707684,0.27120548697370095,0.5559696706140371,1.3334947717130878,-0.4973085721417874,-0.4616101657337796,0.7722808826210129,0.9635023419204624,0.41828559780397984,-0.08780847289509863,-0.6061612141640662,0.7419791848258854,1.4936284796475567,-1.8745641695078639,-1.4447469342781003,1.1552883470420248,2.1247037527941033,-1.7820006187793294,-1.8646712011669595,1.7852636709927046,1.8713029683465727
2463,0.3357045821887298,0.504320327365305,0.5453871542970643,0.3933865037907876,-0.9132979706414684,-0.9153979384183214,-0.959159430907276,-0.913773999081115,-0.9827580787184489,1.7786004128074715,-0.8520821345119597,0.9584355675883396,1.4301947338783445,0.22253601119919095,1.3220356074870807,0.17134080966387033,0.1131416259021391,0.9680354053319727,-0.2116576528069598,1.3220356074870803,1.4080035973332583,0.5084410484034089,-0.020400876515151302,1.1988071527365176,-0.4566395232335034,1.4080035973332585,0.5466955829190032,0.529793137731,0.6268879007179423,0.05060404476043947,-0.20043956578235383,1.0548349803952715,1.0483617642511207,1.099643389500223,0.9956532362317143,1.1988819538939313,-0.35890474543218986,0.044486414360235385,-0.8048502322681665,-0.6982025884996222,-0.04565764386733331,0.06555345308033746,0.07704053901790447,0.08882391384739378,-0.31461766420176196,-0.16046058600351754,-0.23468714083002787,-0.2681707621137964,-0.20843615980150465,-0.13616841907722627,1.2290648378550513,0.9825194649600757,0.4118237474215222,0.6565889319964059,-1.1103886838529733,-1.2606559947490124,-0.1019178168228591,0.1505715997104236,-1.57950440778996,-1.231346433769559,-0.6496979856230167,0.6018031576397478,1.3197792298081126,-0.12135376351814338,-0.7713296696701187,0.3168370086935284,-0.2437085380817828,-0.191739497235928,-0.4982758317514116,-0.7032352044363739,-0.9764703406640747,-1.3028830988341773,0.39888468502972446,0.05165860718648658,0.7723735479804299,0.2814537851284233,0.9985181975774308,1.1233874750243078,0.31615382148682225,-0.8299389238689647,1.0812154981465945,0.9691690495325729,-0.449203263618286,0.11601423402767301,-0.8876052976221915,0.7398249720414722,1.1458060849269893,-1.756498026749303,-1.4074551023829063,1.1411302124241052,1.9711642986516626,-1.7855159571543149,-1.9038835477174911,1.7552769190295197,1.676826334028216
2464,0.45044580210377283,0.34285678263590874,0.518209746036814,0.3606860875354941,-0.9386643543129631,-0.9225031348380184,-0.9439991431464525,-0.9291845205668495,-1.1558774058920147,1.6489466389442213,0.023513072393378073,0.920267438814153,1.3304979278387212,0.21595091540765246,1.1473218874768676,-0.3522112111998418,0.2210542475294215,0.543154442043108,-0.07145350950491068,1.1473218874768678,1.401656652431829,0.05494337657200823,0.10263074715173369,0.8914737983160542,-0.3552803577406073,1.4016566524318288,-0.0657954415594209,-0.35154141745179074,0.19327684176426083,-0.39560754406713194,-0.722007367615596,0.5065453688808066,0.815011726516463,0.902385390332973,0.908759663365377,1.1089342637276687,-0.349144933377929,0.0558585495249291,-0.8178225851048407,-0.7200358308641925,-0.7423168727928364,-0.48978882149053515,-0.44536223709214023,-0.40583353894660895,-0.46525688696262846,-0.536753203091689,-0.5407470922189695,-0.583593199249664,-0.5444869803204087,-0.07991131335918704,1.1829048240021982,1.0321292680108831,0.678814354039187,0.5600478635061553,-1.136586479781382,-1.0705659023433467,0.005398187115812493,0.12869426941721074,-1.397090979608568,-1.2010817993701295,-0.5808275099086923,0.5791638743973955,1.2010307730899628,-0.11885835425784627,-0.7072872332961371,-0.07585473423160195,0.18767798773126396,-0.17424710767913426,-0.7251869663767649,-0.8373968065161445,-1.0256987244187403,-1.2646753385672,-0.25199114704151354,0.41784865344575545,1.2940555718999525,0.09404189556187212,1.2673855803615985,1.0721694738878937,-0.029983903281909887,-0.6184259252963946,1.1202016034761053,1.1482269664811238,-0.07134199876910012,0.2852035565624862,-0.7417605836430814,0.7815082669777387,0.7274256282997689,-1.6466390919728775,-1.357629097692498,1.1334485538195311,1.8718399032125166,-1.7866431457751468,-1.9019308457641098,1.7328826024618256,1.5550139447086273
2465,0.36286362212594553,0.5170052200480122,0.6644803128638788,0.8008846714053534,-0.8749396751226224,-0.924174161476868,-0.8782029101214288,-0.8497211564717359,-0.8427216282925167,1.7194421226206706,0.23985553951637092,1.4414969250731269,1.854401048789507,0.6190322840094119,1.2708834387112482,0.3070203100147259,0.43335052486503667,1.0293231958947235,0.09464170782662437,1.2708834387112482,1.510646588182331,0.49057816969556756,0.2877286607611658,1.2586826832620337,-0.23738741252741538,1.5106465881823312,0.2556812340537477,0.35157627723631696,-0.17501771294185273,1.1043400205472602,-0.6268422165481206,0.9071205925479148,1.252259653178862,1.285510709618785,1.3271121617441182,1.4813452321899885,-0.11555827341385269,0.35154708277775165,-0.6453091555506492,-0.5080386685072,-0.4299600972529041,-0.2990440975155179,-0.3060856143263193,-0.27992169390395627,-0.3295997296901567,-0.43818612588191386,-0.4646234176066829,-0.5050790234648828,-0.46351794113930844,0.9054718257290812,1.1061251125918476,0.9057717237821021,1.0521743913025068,0.853295281157866,-1.1602158217032772,-0.9498858045727264,0.9253688340888413,0.044198390706724745,-1.1076459934084912,-1.151346994663964,-0.4135829095060185,0.5556664935220011,1.6743502919149742,0.17026112971253465,-0.5947556604720732,-0.36797426809997036,0.1994195115008451,-0.12356599877246204,-0.5923330357331625,-0.9192048507513649,-0.9206855750538511,-1.0813919703982877,-0.3626462864375428,0.35568060625440046,1.0846568729573776,0.49180514513348284,1.4829449074891492,0.8893551323518141,-0.43141369475706914,-1.2441925875725541,0.7135213367180316,0.8267394567957118,0.22211966722434484,0.6412733956816913,-0.3742380653602792,0.8430203887436568,0.4361491974532731,-1.5135065543391355,-1.2655959339557386,1.1162066308065952,1.8121366855477172,-1.7331847466990518,-1.90197229649857,1.695039597255284,1.574169555868275
2466,0.6496708380658075,0.7457954479713985,0.874058260897469,1.0168180471576334,-0.8938728792146666,-0.8881367601227509,-0.8979025539048534,-0.8556876225597257,-0.7615668094587646,1.7874291187886233,-0.22233493001184026,1.6708607002774103,2.0236615906159945,0.837220798767915,1.3097474937116496,0.12685208823029323,0.6433872398988432,0.9526522575331651,0.2785254053094984,1.3097474937116493,1.5826732860387642,0.38034488181051873,0.48318720361499046,1.2336886559503006,-0.10358142653728424,1.582673286038764,0.37441744189847537,0.45320797623549236,0.4956067545347994,0.8364060391503502,-0.6068731885319766,0.783522769229668,1.349735610973966,1.334201981722839,1.450226149803762,1.5914064505999324,0.021369870322197584,0.5257951318077548,-0.556943531203892,-0.4035216048321315,-0.5381729570560025,-0.29754722059591393,-0.28800179412370375,-0.26192951651721486,-0.3067420656994217,-0.43447612252106865,-0.46848923576902796,-0.5043548831042315,-0.4656035672010572,0.435272488994345,1.3079738871284414,1.010915913155686,1.303426854725429,1.2847875178910655,-1.0323325223663293,-0.8735361705476816,0.39128230322561397,-0.04656964976611032,-0.8051523546583151,-1.075770087207832,-0.14031193454806493,0.5321265516824645,1.6619151013516789,0.3314215143665118,-0.4247271980371432,-0.29318646257717085,0.10002364345370389,-0.20944158161473647,-0.19029557222290477,-0.6856160076472274,-0.8224900880108938,-0.9579468451737281,-0.21793212141064214,0.387723958623158,0.059757821393537636,0.8386106503482822,0.9275040945968912,0.800198867293197,-0.3030068096806318,-0.932491358875115,0.6590243432504501,0.7415594397695999,0.14584044841329236,0.9914261800452625,-0.3436818270647224,0.8643345728154181,0.3641232901403766,-1.3625952231437153,-1.199307280783278,1.099821520265671,1.784713727774748,-1.6651294377551944,-1.9136854216118317,1.6616362927450379,1.5382069274062935
2467,1.1946888338927726,1.0040108335423383,1.109923737358436,1.0510943816754552,-0.8764681895872792,-0.891708366777352,-0.9338388994163502,-0.8826155337829612,-1.1771196389830065,2.1248286977664925,-1.0125143817975417,1.6769451050230657,1.984294409700531,0.890447869918122,1.1714819781753587,-0.30959481497118646,0.783733536596148,0.6277812264695852,0.45344540074819284,1.1714819781753594,1.5569406767614316,0.00818257174872963,0.6479684356344688,0.9973730828175442,0.03888698930856457,1.556940676761432,0.4515101726312661,0.5586454851518401,0.9752286680789605,-0.7242352491093759,-0.5662405963062084,0.6371793489700852,1.1773475033111354,1.221094853104054,1.3776216026992956,1.4923274999720118,0.06632405218695096,0.5832223635118866,-0.5338200165743423,-0.3846340958329927,0.5467750466696337,0.1432253805547804,0.1960497504947569,0.13868274452408275,0.01477387872544026,-0.11249411457739482,-0.2240698764399477,-0.24210125642507038,-0.1916957535887655,0.08057508084768492,0.5419434251910118,1.2402871740123336,1.4601981258161936,1.1747990121440586,-0.7791686143842206,-0.97961630238341,-0.3227132558057012,-0.11286120168071216,-0.5380155540890811,-0.9593481428457054,0.06947126652626796,0.5084763239090847,1.456557879762835,0.38140697116496,-0.29060153535603395,-0.45793321542181975,0.4076828945377652,-0.15447599369589785,0.15792565600683856,-0.12758174706274103,-0.9269461311617028,-0.8794216377396081,-0.6447218313146234,0.5840358606406926,-0.6094510563028989,0.5164110263677718,-0.002304129038832103,0.7982491001439749,-0.3507560114309799,-0.23809885418351093,1.021204331891069,1.1751221377702041,0.3086596607001036,1.3186763870357765,-0.6020052881091174,0.7683837716902375,0.37736295628986155,-1.240886175516186,-1.2154612658831596,1.089269917543668,1.7672424158961848,-1.603997825316921,-1.9459035956446684,1.6694329253751796,1.5115332932264722
2468,0.848552452737329,0.7986260601766209,0.9606047747143126,0.8361376478595095,-0.8245977691373898,-0.8980530780389492,-0.8666652699562548,-0.8268788915610239,-1.2026310059303613,2.128812849680724,-1.442409538678393,1.229677334415122,1.3302388960794993,0.6418383366283911,0.7653587274842829,-0.9510588986020306,0.7908604757005001,-0.030112182246142653,0.5770546236888489,0.7653587274842829,1.369065494177502,-0.658372044976815,0.7338106524451669,0.4505097838798249,0.1740131308941937,1.3690654941775016,-0.28253819131324165,-0.44416186070081215,-0.6119171440286774,-0.28217572663079266,-0.7889445185140025,0.05024232030299555,0.6595150281740215,0.8281952410403622,1.078593565518483,1.187043035746755,-0.013169831761603027,0.4843186397599292,-0.6275483739354631,-0.5065004249468099,-0.41872440714002157,-0.4970515569111851,-0.4348638731927828,-0.4076566173225269,-0.378879249593836,-0.5285616814174465,-0.5511802192114136,-0.5832961581423748,-0.5541628842707381,-0.47109111611038057,0.39834283971252493,1.3226590677693313,1.1837812062746682,0.7114734715006835,-0.9563478923525076,-1.0302000745854545,-0.6188987574711913,-0.09436568289382903,-0.3686739386874592,-0.8822049107363041,0.2747067656016219,0.4846412663547604,0.9028168114282784,0.2705023986690611,-0.15510279117250886,-0.6183377286578471,-0.4496512340981342,0.10739239757497424,0.41819744473226617,-0.1831315170082931,-1.156241869444528,-0.9766576545656628,0.3397537775333679,-0.555548102695581,-0.7294180643955459,1.0844519309306542,0.4934764889611934,0.8813329049144852,-0.5966389829735819,-0.7130311142419448,1.0019148678362302,1.2047866152859108,0.4725713596082479,1.3981257965675435,-0.7784366621189874,0.49591150769006465,0.37542948041641977,-1.1383179254331466,-1.1853577049358208,1.0659445828640737,1.7883982967607395,-1.559822218007704,-1.977167721163421,1.6625339836326454,1.553103621073071
2469,0.7383498218403738,0.7193837628205715,0.9446533876781323,0.8512792804482084,-0.8115283800480442,-0.8404774610378642,-0.843582428632741,-0.8027001456163085,-0.794925294606202,2.005869853311269,-1.6286946463764256,1.2423110054605364,1.3291628827285815,0.6800990454050498,0.4833468503655642,-0.6632808799979257,0.7901820650297643,-0.05800986152221338,0.662377644380518,0.4833468503655647,1.1860426663772774,-0.6788226041714048,0.8007808396964142,0.32541956341308753,0.3000002670938391,1.1860426663772774,-0.03456980785120584,-0.17822051987240498,-0.20728748416496018,0.10918282388177712,-1.0413821608848153,-0.10564336401127394,0.4561576709397494,0.702078349849722,1.0094774093458017,1.1077836835413275,0.02465890788460605,0.5398927474494725,-0.6178818483699015,-0.5013489121357702,-0.621550011041944,-0.5652661695765626,-0.5600246605983634,-0.48705338342241683,-0.4520565255654994,-0.6105258057807361,-0.5996352658987512,-0.6479358022749996,-0.6231346104960597,0.03033118461569517,0.4474178347308446,1.3196717356136518,1.2585747590028449,1.010386371381025,-0.8837761238679717,-1.0543256333688231,0.09981316432961884,-0.07951746387345354,-0.21221581245998816,-0.8073860411262616,0.3522442446149474,0.4605359365294193,0.8378404246751981,0.3083386008215621,-0.08902738213553879,-0.6301398831507429,-0.7354598523691709,0.3048136573147408,0.10670941691110505,-0.6827494282631705,-0.9078941600826117,-1.0295854776506246,0.6894702746178965,-1.0812618835386418,0.2840161268589413,1.3514064248459068,1.6592542447032703,0.8586933734541689,-0.7189412825012721,-1.3430021777673076,0.594237638416584,0.7816211389886996,0.48547004120538834,1.458257426338735,-0.9334677722213112,0.47381473532531565,0.3058326185229677,-1.0430883371506086,-1.1649913746383749,1.0411140230081881,1.8074201680311617,-1.5093179078861836,-2.016786064552455,1.6344899549515692,1.5624893243973592
2470,0.6972754135841309,0.8620737583460252,0.7380388083078149,0.9438300748621079,-0.7649362434321979,-0.7896546287420572,-0.7457632096714096,-0.7440169854408185,-0.7290012611332312,2.2443084208086015,-1.1533789372862222,1.3482736361213472,1.4369560928530645,0.7939055422083219,0.35288317224021665,-0.3090931699105789,0.8116194004754751,0.060456202975943195,0.7286772600976766,0.3528831722402172,1.045759276988678,-0.5381840847107326,0.867402725564095,0.3317270790551162,0.4188335431558389,1.0457592769886783,-0.4057582655542559,0.30679512533313674,-0.08752277341383903,0.527238452990844,0.37215069796879624,0.022660043430828992,0.4127737408136475,0.6348020680860946,1.017256355792023,1.1137258717203238,0.10489359417661769,0.6594228383521661,-0.5694816302568735,-0.4510015561609424,0.21212717387831861,-0.039329060842167404,-0.09795611983199128,-0.09129126163339335,-0.1269492942769339,-0.32347752234432564,-0.35845254508930174,-0.41034405110788624,-0.3762341554344217,0.2062969093946073,0.1280581293777201,0.9826329078632642,0.8941880657754481,1.1183765455069323,-0.7965986195503809,-1.1963024840990868,-0.13684410562199162,-0.0940717557671254,-0.053949935794011104,-0.7984846305268677,0.5105377156665143,0.4360601535127597,0.7992559441096778,0.40025223104538254,0.027945236163803393,-0.7304243600109805,-0.7455518532180193,0.3979678826465177,0.17520577135864768,-0.4722551108616055,-0.9376155038125453,-1.0552425529319642,0.6727026265968354,-1.2053369806125875,0.2909332605286023,1.108913033953607,1.4065506590756054,0.9078336641291581,-0.7302464053577433,-0.796979581663946,0.4966651342047931,0.7158220078602828,0.5918442943977316,1.4665624708974214,-1.0424551410315241,0.4468190764260077,0.10962878495408865,-0.9419280446788872,-1.1449475207633053,1.021752539134511,1.8189631868747882,-1.457448568867547,-2.0405767661727903,1.6156466867028743,1.583175180699273
2471,0.7999120788235116,0.6493595352557128,0.6848816825839097,0.6185523063681255,-0.6883934248017004,-0.7686966395904108,-0.7452194070463053,-0.7014635631025771,-0.8548211746843539,2.2329447750156315,-1.565633867123227,0.667789601284048,0.49961304860931854,0.369059043746955,-0.045649922372160784,-0.9240262663751289,0.6925555043748224,-0.5875309162109048,0.7328758863601178,-0.0456499223721603,0.7666462229155914,-1.115770160609698,0.8387413829898736,-0.2429411274952236,0.5127843163078408,0.7666462229155925,-0.11198575156905748,-0.4695066315393741,0.17842188470459125,-0.7569209761348876,-0.25819413504515115,-0.4639101877149751,-0.14481788423775202,0.08437918606139393,0.5929469157191788,0.7456958740038746,-0.05373212251500541,0.46442851853756495,-0.7136001149139178,-0.6366740641788815,0.49167233311139885,0.1333258135070465,0.1618885451241929,0.10921627697122009,0.04273097968193781,-0.1727439338925579,-0.23655561812218387,-0.2884030982023081,-0.24984104198848814,-0.7238680691298683,-0.37897488547847674,0.7319704458357297,0.6030120324936425,0.9734530156382732,-0.763224810392383,-1.233990444032126,-0.8908258964846161,-0.04697543783795595,0.02713690233711752,-0.8025157135419276,0.6030676148366992,0.41109352690927575,0.23551367319672264,0.20400302776973692,0.11072096899492984,-0.7815236127947495,-0.85112386392211,0.14232455697419225,-0.2397291177892165,-0.3025999291311503,-0.9840350182908751,-1.1913266231799418,0.7864171833913971,-0.9549531828153937,0.7592365553741681,0.07786926858802395,0.7314144443458257,1.0603356209209063,-0.7350020169686752,-0.45781082263452716,0.6088869563858383,0.8512066227741201,0.6555571041671161,1.3806575506917187,-1.1366758815042683,0.16772775030369097,-0.097032290364001,-0.8821415712551531,-1.1272273681243106,1.00354938013914,1.8107742687932902,-1.480242922597193,-2.0711680315801915,1.5948044527765275,1.6548619388437285
2472,0.6810640046233055,0.5455275957026922,0.7485568068030543,0.710172647044424,-0.5116044878001532,-0.6726997010406004,-0.5874360740165443,-0.6048849273943621,-0.41319844105190223,2.013581880393229,-1.2842783973648906,0.8013758600059111,0.6682281993765249,0.4855884381893633,-0.16137886565514734,-0.26612474515649076,0.640346134571421,-0.2699113271170194,0.7177604678017955,-0.16137886565514623,0.5793218431316959,-0.7460471249195133,0.828265858459048,-0.12159402573122637,0.5892824145620315,0.579321843131697,0.11759308214503415,-0.2380111018386428,-0.22593408337491544,-0.11361838708976262,-0.9369982082457906,-0.1544326304296712,-0.0562955825202003,0.0906797669719096,0.5998629616364908,0.7847659812881244,0.027164380994457536,0.5762071849825726,-0.6676606783212558,-0.5897705731445392,0.15946234735385034,-0.01410282184943264,-0.08210755271080422,-0.10640933904317902,-0.12982050839862166,-0.33937804421546086,-0.3710620260852949,-0.4225503735011302,-0.3912364548246387,0.20120220737419783,-0.33027653549309455,0.17180604670163843,0.845821024930756,1.172622904499916,-0.8463458877250825,-1.2441825774966193,0.41810777131072807,0.012316923129200717,0.11016058654807068,-0.805707280796085,0.6046561650385953,0.38560081034250726,0.36819613613010455,0.2939361377651116,0.13970127348294786,-0.6167677792951196,-0.5562808869368917,-0.15704772997592148,-0.5783192232082591,-0.4301577496860906,-0.9669958435045733,-1.2338736951604448,0.4786488280716396,-0.2812161703503042,0.9896508435791977,-0.3156001606119202,0.5230535360350995,1.0845453240898912,-0.7100799851316343,-1.0892419981398938,0.21574953925737123,0.40160637202364113,0.5232267086531003,1.3725955298749206,-1.1865327484460615,-0.03331699363505598,-0.1483505828847208,-0.8040803516507118,-1.100534572948756,0.9837282181648794,1.7738778975757772,-1.4795466252062934,-2.094430798846577,1.5592453279509135,1.6499933007242655
2473,0.7001431068914709,0.530547060462181,0.5574890579431518,0.40942120041965624,-0.2942212720318542,-0.39334924586561393,-0.36540738452114013,-0.32075064366169975,-0.4505631169462708,1.8579903870646868,-1.2530067680535126,0.20311046430944144,-0.1004323165355219,0.0880696300736145,-0.4683581985472837,-0.7046247292085185,0.48538737551824274,-0.740533175572698,0.6537750612493665,-0.46835819854728405,0.293551137138428,-1.113969618864746,0.7437323944304516,-0.5686433251099934,0.6356599312067924,0.293551137138428,-0.38627960655568366,-0.0421479567678195,0.024999124124159534,-1.0673292816698745,-0.21141435995063182,-0.5855250329157125,-0.4590745429154369,-0.35891064346690826,0.21422391515010641,0.4616419146811261,-0.12302026094260313,0.3916339263821203,-0.8089127886888108,-0.7700382102020871,1.1818466624690247,0.9027970972182779,0.6443387870031809,0.6018288187531411,0.46242673287274916,0.1910411478775275,0.061396833954165286,0.018296501620329964,0.0659577023160542,-0.6892866382919443,-0.42006835036641677,-0.012670727460441901,0.8575350927744094,0.845595124720875,-0.881652336743597,-1.2407771955700067,-0.6389210250972877,0.10537652648633711,0.12710448053970788,-0.8805243064047763,0.6448317454595942,0.16297266483665804,-0.10938390972943052,0.19700588792862245,0.30385166823189586,-0.697509853718599,-0.5530297150559889,-0.5537407743306475,-0.3590151410852309,-0.1907576321826656,-0.8071448888524557,-1.2455641349184212,0.44812430798268155,0.2699481020292995,-0.1513306862618825,-0.32224992548127757,-0.46622044490368914,1.1334188829442815,-0.674506533372559,-0.21286296989783166,0.22697367636433258,0.45258338686994165,0.6385220429898602,1.3314181343495504,-1.185441077466045,-0.3061639647003441,-0.35411285933444564,-0.7589714967451184,-1.0663520931439023,0.9586751021236675,1.7384744606280618,-1.5189189425871779,-2.1168932554656505,1.51757321330356,1.6040821745114364
2474,0.5652462878844454,0.7136152975225963,0.6367386634402903,0.5951417692549505,0.4506735256922649,0.2732258572783518,0.588074751442162,0.36176926175014706,-0.38332236944515363,1.6618090530935843,-1.3083552660991993,0.493712287402229,0.2796315650037283,0.31443782804564097,-0.4053462790535285,0.14470999656496572,0.44898151652988033,-0.1925061948214042,0.5982636461652888,-0.40534627905352766,0.16162137920363,-0.5122637256081745,0.7121256805072449,-0.2431115478614653,0.6677999919517928,0.16162137920362973,0.1463751605410957,0.4000197196909775,-0.2623291339191766,-0.0940203168293735,0.1937400452621394,-0.12481301149407979,-0.24659838840484594,-0.14716965431365556,0.329516143241228,0.605218566777958,0.01879897760030786,0.5840975706663238,-0.7205321829373331,-0.672614198603441,0.5990569181720311,0.6859244185079392,0.6512590876885531,0.533248593661703,0.4029907820689712,0.1549936450741117,0.02869878554818766,-0.002717722614398463,0.04014543980427212,0.4126506284247767,-0.2615979711865996,0.1532981420991486,0.985730662906595,1.0464247329089518,-0.9075783578041978,-1.2321631451125807,0.6653575714414274,0.23973948214275384,0.13301750824485056,-0.8914887941321256,0.6455986534207727,0.05668901429780821,0.15538070589679756,0.39106111110251623,0.37644200847383247,-0.5643152993505542,-0.45714431491226465,-0.7431510470774924,-0.31766015517231105,-0.5466463080509308,-0.7008154611266346,-1.2427872161093116,0.3745339328115099,0.617632193274241,-0.5600772796546986,0.34336793959578615,-0.12281637150736337,1.0815542779422764,-0.5677626339675799,0.3437390758407961,0.20217737680372963,0.42365322485280404,0.6265949596144613,1.3926854131745758,-1.2409346118221194,-0.5673772716034354,-0.27783598139219723,-0.7048652313289517,-1.0292934273440058,0.9122152343325852,1.6415868282686608,-1.5008748582748481,-2.125224042049857,1.4530118748534047,1.4668915481621279
2475,0.4922400477381393,0.8401283907510658,0.6974449845786144,1.1012087318718529,0.5800133495282624,0.5195537137103482,0.47994226509350063,0.6135672473349216,-0.6468169942179935,1.755037118411932,-1.367769852601793,1.1777320357422407,1.089538420209979,0.881519528624364,0.07570409591249351,1.1062444937373355,0.6131249410629593,0.7103794506007487,0.6184921974927367,0.07570409591249405,0.2699571827174286,0.4167592029295518,0.7979903185279356,0.4597748634386837,0.7128022843165718,0.2699571827174286,0.1012921456461332,0.26699224585962716,-0.15916193461970687,1.6474813279426914,0.4568663902932017,0.8204684494627894,0.3843228121657432,0.4048901226710067,0.7849886882149062,1.0396436768866342,0.37195302169228117,1.0277220127518252,-0.46898298609888905,-0.3773816893600068,0.012276348035054292,0.28640224282335497,0.33958153830858984,0.2722818289979578,0.18621818973711599,-0.04375518796454628,-0.1319108283570829,-0.15662895329860146,-0.11617120785995372,1.135039325826658,0.12953852532245622,0.21034398261583295,0.9814364499937033,0.9859675676019788,-0.7885837122276967,-1.1364175363604339,1.0862736654765188,0.34423720805956326,0.224431339268973,-0.8617596855164077,0.6459293083390083,0.021507734050417063,0.8848704631337556,0.8001100577345255,0.40747177903917253,-0.6211487016023313,-0.5970388189744682,-0.8727945643683197,-0.1494399527587811,-0.371111792576756,-0.6088474969038743,-1.2344464024895947,0.5288924068449627,0.6714437177482723,-1.1285454560300137,0.3526302643623545,-0.6143540521158044,1.0989432915722097,-0.5491354539699653,0.8992302938755421,0.4510731327655975,0.7044746056389546,0.7023182186680006,1.437819694570209,-1.2773417639180658,-0.8631152281158552,-0.3747049120349943,-0.6202365299502872,-1.005634670092127,0.8508991316284984,1.5431450214588058,-1.446512683637701,-2.142214542915822,1.3794426068722536,1.3458476538944741
2476,0.8844758101470372,0.9657206810698383,1.0785333247086217,1.204839456840637,0.7108274384318778,0.6376283199608674,0.6001929108042038,0.7331451952190483,-0.7967495337208678,1.7474295739775911,-0.8525382081220976,1.301285159136235,1.2179869704968789,1.0170773431876785,0.3328258053827818,0.5902487876128281,0.7522325794162027,0.5789431824648812,0.6812692971854771,0.33282580538278267,0.35473841370261855,0.3271195436478867,0.8844983938457572,0.4533777106744005,0.7687032155343293,0.35473841370261905,0.7465617656685692,0.27278969720011487,0.7145207644468067,0.6965302025602039,-0.6050364971362119,0.7925817014412186,0.49844511959807813,0.44812594526141003,0.815099144491544,1.0716470177218949,0.48314320175545716,1.1432267740273065,-0.41571699847826654,-0.3201575894173946,-0.9310021017091913,-0.48103964132658683,-0.40359793509532793,-0.3630782586186044,-0.31758288138888113,-0.5158843658419222,-0.5116474987386489,-0.5399210241817166,-0.5220357193192051,0.22635365078137412,0.5512352399285062,0.1302976446232072,1.0524391280159424,1.0003816057503403,-0.7574312006557041,-0.8223858275385494,0.20576204032811587,0.48470877358851056,0.2933558471048556,-0.7878950876990722,0.6568573443534497,-0.16140021527396461,1.0230680797900957,0.9842083230893078,0.5233523623518636,-0.27981799886004216,-0.8135967334075593,-0.926113958956731,-0.13134496989923172,-0.41581675783278355,-0.7147422373639625,-1.1428045606796544,0.9137080925913919,0.5524424243023847,-1.2446928454452209,0.4571775659641869,-0.6168152408096196,1.0082709925324584,-0.23741465246346538,0.8797744631418787,0.7176273225906857,0.8668867476220531,0.3882539470558148,1.4286179847339706,-1.1975303663649266,-1.1601577346891785,-0.17235366763987492,-0.5265839374096658,-0.968927350391623,0.7786194830880824,1.4650113378975929,-1.3965839813892291,-2.1513300919422207,1.307087236728982,1.3317871102144723
2477,1.1810596879732593,1.3222845402460814,1.4390443108752395,1.4548722916065768,0.7892520367395105,0.7477325680860004,0.6691131939634986,0.8403956700722026,-0.9503087469890591,1.7129742086149249,-1.055906833648397,1.5785232379006278,1.5051371980262775,1.3008202303800764,0.5925942804130149,0.6003096024066107,0.9330741483640317,0.7610735446896106,0.7878707247701615,0.5925942804130155,0.4875537802951393,0.5125667906726358,1.0065252373450373,0.6650875879654805,0.8413562209903743,0.48755378029513907,0.7194800338995153,0.8034435625069375,0.537228545315339,0.5171168743022811,-0.6673342412082772,1.0060908536824944,0.7917931776874253,0.7030814285304274,0.9810660742715324,1.2445823180865605,0.6988335363428315,1.3737234937787448,-0.25064565393328847,-0.15323647927709183,-0.5232284036341084,-0.14645323685614892,-0.1294866938167697,-0.12793691271141014,-0.11317018408713586,-0.34113292354421076,-0.3688504750048475,-0.3376994934095227,-0.3644078352569955,0.5810085663248903,0.7169845797536909,0.2993912826342946,0.6588557673872784,1.3542084639837404,-0.595862113061508,-0.9280462243724745,0.6396255148685859,0.5265815512381793,0.46066747343828385,-0.5921398290368267,0.916568559493091,-0.06924729654961277,1.106502657204583,1.1615417227819524,0.6715294162467054,-0.46416611470603336,-0.6515655781453772,-0.952607830496004,-0.018990108451574682,-0.4012195662577293,-0.7030021121641201,-0.8385716114163809,0.6507419956660034,0.7392607011721402,-1.49866989384532,0.6273132187661477,-0.6815148229328789,0.7248557110493096,-0.4162799803566487,0.9636180643979116,0.8143497312761162,1.0296623179599151,0.5817097845268426,1.4170903604208562,-1.1073416098204447,-1.5880230148640953,-0.2691073968710116,-0.4204418581356502,-0.9512821782584159,0.7230902896214974,1.4162897727853072,-1.3102838099675052,-2.150412324758073,1.2373133613834946,1.1645940377426598
2478,1.2725590182703996,1.2623954265011144,1.013148006426464,0.7875720245880043,0.8281781990213273,0.7777642411815942,0.72739648048025,0.8422325232940956,-0.8332648386994967,1.498511406571666,-0.6918437588196809,0.322872662917312,0.028354330445548696,0.3387372949435227,0.03099367708120622,-1.28653027836963,0.7672456916271345,-0.7483632185378161,0.8019163804724024,0.030993677081207417,0.2461600429996139,-0.9298926275999319,0.931075794302892,-0.4732588232060785,0.8851628178908059,0.24616004299961464,-0.8237455291611414,-0.11934368950603684,0.16885930044880307,-1.6810311948892747,0.8687989118006023,-0.4583218316675276,-0.09601731447143336,-0.10191397358348953,0.19920282455308091,0.57506608209764,0.26698702198262175,0.8202645356575977,-0.6060011622219107,-0.5978932111652246,0.18808054576258856,0.19441698649675013,0.21688301589392933,0.20970014162023512,0.1691044091587107,-0.09329625423179524,-0.16399604361703726,-0.0860224894080079,-0.1450202935733335,-1.4558532174537808,0.36115902453793813,-0.0468658374339698,0.2456379020347719,1.1029299610577248,-0.6589652620864958,-1.0719465280569083,-1.3596642115131088,0.612458466584132,0.4811978240746342,-0.616761016094742,0.9116555236842436,-0.11122697669447938,0.1605190185319023,0.6614096464875241,0.7064356878279467,-0.4893066669468985,-0.4567797604184612,-0.9319138031898114,-0.47608801516747323,0.10038894683716938,-0.8536696457657073,-0.9254828010832131,0.4004007353842776,0.8867518028194501,-0.5382330879820377,-0.9860556744493878,-1.4909313012999768,0.8853923054815859,-0.5071781528122814,0.6171292128947607,0.6881691703086646,0.9094792652629723,0.6122573321021889,1.381961059907653,-1.018302353921661,-1.7462284012791973,-0.2514178160648599,-0.36135090541186715,-0.9307043370061598,0.6888118329375682,1.3760871880765033,-1.284082048822757,-2.1459857210571758,1.1955663434610082,0.9416121215772406
2479,0.7785521296652068,0.6254773513642313,0.5708716439744543,0.7964638846843346,0.978071667525616,0.8419869148056289,0.9418623015539992,0.9443238059864616,-0.942360832315087,1.5463146036307256,0.24628042437519349,0.3458183493137488,0.05386754042124401,0.3696758458182036,-0.22978692429774777,-0.5936405182104662,0.6526206735764966,-0.5135475487488349,0.7708503335798231,-0.22978692429774764,0.07026510138482413,-0.6748326075927367,0.863143615932083,-0.4169841020369032,0.9064408561422542,0.07026510138482388,-0.881327450677137,-1.4010270138665846,-0.8989104553954127,-0.1426471526313384,0.14182656626244144,-0.5202958022547911,-0.07608763218169423,-0.06456534645275945,0.1276891829573285,0.5403601577715582,0.3013192469118147,0.8424705789978136,-0.5841545009945512,-0.5962937256457622,0.06951795185122185,-0.07688865246963769,0.03787217437023947,0.055857826370943706,0.043662690241358826,-0.21928027792975952,-0.25949408659335377,-0.1894539283491294,-0.25340202738369744,0.016959234433068713,0.19193660265764148,-0.051311703598394966,0.27634209364493323,1.100540317231112,-0.6073397146042242,-0.9418301430139167,-0.08966243003499101,0.7511496075248582,0.46492589502688114,-0.7790271984049051,0.9067772655116114,-0.1584499205401501,0.1811177108010124,0.6955637331788003,0.7438153828685324,0.12296467682585403,-0.7259155204793196,-0.8914340115701931,-0.8161544509896527,-0.1522122873755565,-0.7228271836155418,-1.0665321392083866,0.9405954403487654,0.5906167578453961,0.21690158506603854,-1.1534506690847683,-1.009505490959938,0.9812902197337892,0.15059166499105286,1.083048411370969,0.998845057020172,1.0299851643542681,0.034752225238199354,1.3022318636796568,-0.6891368703621578,-1.8640638475149536,0.15715867562345207,-0.30861851638051385,-0.8990241642985287,0.6665968230104702,1.3862984660680262,-1.2538461243233612,-2.09512422139703,1.1284425227675767,0.8851285584507284
2480,0.6100809788241547,0.7715681280740945,0.814887810789374,0.978179619369637,0.7683132791486148,0.9413618361957782,0.8084623700178855,0.7871880507963112,-1.0286997273714622,1.7114533362629272,-0.09353320933720391,0.6088918198661841,0.3720417494038233,0.5990607272843699,-0.17623091326480647,0.12642355958076834,0.6430808465765825,-0.0442396591266936,0.7460863501918963,-0.1762309132648063,0.02106024562858324,-0.18944481809944236,0.8441045318207696,-0.11699413790379769,0.919427777005072,0.021060245628583787,0.4858378791783326,0.32784727296690336,-0.3231627855018012,0.9503542552843451,-0.2936971635117571,-0.10996229859365976,0.17093652442416166,0.15360005107837774,0.25670440581946,0.6658749066099209,0.4560253363016464,0.9893025709171099,-0.4517163561411507,-0.4700384315893011,-0.763223356942606,-0.6971634526656969,-0.5983840368743215,-0.4998762297386636,-0.42990021175361814,-0.6274700030589357,-0.5882612861811513,-0.5608337858688374,-0.6131988991336393,0.4178938863384054,-0.11245254561077934,0.02028968124059608,0.1165596725777432,0.8793739542466333,-0.4332369072067059,-0.9875800489339873,0.17100603668798925,0.9822176410662582,0.3884002043829014,-0.9184352161967907,0.9074996276111343,-0.21279221729474448,0.45642494156759833,0.8692592862588343,0.7911598142120891,-0.19460042549447124,-0.8164674985187663,-0.8721727383106017,-0.8512237716068232,-0.17778338610146846,-0.733101094134323,-0.9494982309580905,0.9432686388103572,0.4825515551976092,0.32213613383835255,-1.1693927989286197,-0.9405696800878275,0.8693843395092471,-0.1659139443019857,0.859056780047133,0.982880215010851,1.1069855334098535,0.31332180131858745,1.1485431372272212,-0.1578114267521146,-2.0192075197311383,0.23089169919806318,-0.24382273463603021,-0.8940806417229846,0.6457880089723154,1.3876612849395322,-1.1992313482780188,-2.058403951742278,1.0617117374999394,0.8252435761005721
2481,0.8155348245278636,0.7908744789055949,1.0578354873682063,0.9780162028638428,0.962756798447757,0.8424969958822327,0.8866224241770356,0.9515853621804595,-0.9771498352798833,1.819571297643124,-0.7002060999256714,0.6233703751348249,0.39153526957498686,0.6216980289562712,-0.15148158370100953,0.05863236237398145,0.6276345117070489,-0.06768132532476764,0.7235976302535959,-0.1514815837010083,-0.025300607821307265,-0.17560222088534005,0.8202885912403683,-0.1383812933329096,0.9243184739450847,-0.025300607821307195,0.4898454256553107,0.040726540910455564,0.37724266407120116,0.2966321161418442,-1.2423777206828812,-0.02047150779380193,0.12750186825825835,0.14457560960615284,0.19366348569502545,0.6136294128227978,0.4823070216000415,0.9794538358512637,-0.4273327318225232,-0.47169453478323076,-1.2079956209574558,-0.9548006095345446,-0.8884156606008535,-0.772402282002926,-0.648143248802839,-0.8215897347427523,-0.745417921128963,-0.7377899601322749,-0.782006636298714,0.0050932512703604875,-0.2086322492475475,0.2712933438995332,-0.019919546580478065,0.8843925219852801,-0.47448607428827944,-0.9289899803876188,-0.22585929410971284,1.2621250156271477,0.24602304857188298,-1.0320552868184838,0.908222780222965,-0.2772500093690001,0.4674561774506278,0.8983587544601761,0.8432769339295442,-0.3602862714963849,-0.745754614999565,-0.8926265557350649,-0.8179271379263051,-0.4455565658502714,-0.8782828927063173,-0.9875933492375737,0.8012280581446717,0.5814006444976084,0.22949202237126382,-0.7102400492880075,-0.5345842504681662,0.863674242323948,-0.36352846603353856,0.8303700192042283,0.8787184329456279,1.0619604273906253,0.5064988286716199,0.994062602606387,0.4788042459639489,-2.2163486350766672,0.23016452128610349,-0.1772642882085046,-0.8801993907814127,0.5874765019566305,1.3588056988766855,-1.1610715805055265,-2.0368300250540705,0.9831279497882316,0.7390583611084215
2482,0.990810705348272,1.9125881678097285,1.2445968624036907,2.1290699507259743,1.2357934515638775,0.9915697065036165,1.1626630049618083,1.1063325178909353,-0.7531255462037119,1.9232790355894842,-1.2944364435046924,1.8397360242731204,1.6783812940058378,1.8022760266690094,0.9361714283824495,2.358396556276335,1.1033373564010365,2.0548674351861558,0.8796031496026353,0.9361714283824495,0.4820890549006281,1.8553914136788785,1.0926159043196133,1.6030195466083441,0.9889890492563188,0.48208905490062987,0.38721154086625675,2.5238723493486357,0.32485898180524836,3.12390320444899,2.5197644100438845,2.0766183511511915,1.565674596303676,1.533186858120254,1.3761495005549964,1.6468378605350773,1.4158716935821662,1.9723110913879451,0.35809898428859677,0.39957433189623015,2.8150135380129053,1.9037659617448779,1.8656581086489048,1.9830960758523366,1.6510422154154192,1.200255193161937,0.9801463838267637,1.1804735724849,1.0213172624251041,2.6410275512184715,0.7423051021425082,1.1507537521518352,0.7896554357274875,1.1533427463368584,-0.17827049536934908,-0.6841660280410248,2.7418871802818856,1.260321570010614,0.5621884548401849,-0.7526910756353377,1.4206715514570993,0.6902481457779379,1.6490857668408758,1.5772011669718466,0.8677243398312192,-0.5375970792659491,-0.6651845476199838,-0.9048988908795342,-0.7224637616813266,-0.449932555119068,-0.7894834055661912,-0.9336190207806188,0.6433819006273755,0.6790884222641159,0.012811117649093932,-0.542073337884313,-0.5461565525470857,0.8114106844937814,-0.5835577010355495,0.8098581117136933,0.5956588188148387,0.842604685458988,0.7232737956150549,0.9002621471465972,0.5629494784893231,-2.14258702878598,0.08586080755356566,-0.028620975259048866,-0.8905750956074586,0.47881675206880575,1.3154883786357652,-1.0266246128592893,-2.019069649646228,0.8942020102535772,0.6612232590352588
2483,2.0976322340102076,1.9142810673724022,1.7940851370410242,1.6567420727062505,1.30721048814244,1.173529886617834,1.2191503249764226,1.2882102467304821,-0.7910994243650302,1.8713608162458946,-1.2941102131789795,1.086027873415405,0.8439447083554433,1.16829970989884,0.8238555216997608,-0.236422656132136,1.1901171229876086,0.4055126910520286,1.01537587618129,0.8238555216997608,0.5508467736664819,0.2508031012124916,1.1758499502306181,0.5240950574792212,1.059935877474661,0.5508467736664816,1.1575635719359032,0.10278346826615642,2.1106419352088817,-1.532396558564653,0.37720441277114075,0.7909136793507731,0.7608910267843786,0.8347413498630358,0.8195933618157754,1.124603271461914,1.0978433418139237,1.5478500965206818,0.09523867961037882,0.0685172490347148,0.532316162941673,0.45015942837568507,0.42078069649354877,0.5948104520869877,0.4864712237989452,0.2026035702567488,0.15532523525940772,0.2510356528656053,0.13883535850272563,-0.9458873545120071,0.9539370926727504,1.0267611394880372,0.6192017817066138,0.8826150363512313,-0.3931498236810991,-0.754528835395706,-1.061267361172758,1.409382170522137,0.6211003432748264,-0.4713215584639511,1.453130605453085,0.7873812578756219,0.9398504649874908,1.190394694748386,0.9009112653520805,1.5203370372621194,-0.33573081552225087,-0.06528142139602064,-0.3237551699467991,-0.03321475637762347,-0.862829994445131,-0.6973203844579472,0.9273587772301529,-0.21904991945891877,0.5789362743654453,-0.5082762738287526,-0.03784933425683872,0.6562687031269948,1.509030831525083,1.268141979516417,1.2933114698905641,0.884013695022863,-1.3052222004376,0.8031784125784227,0.5021102627161519,-2.0793038872795147,0.7142568613889986,0.09834756432148455,-0.891302437300224,0.34727627920933135,1.5113429904191047,-0.958943553192584,-1.988263289278597,0.748972721568484,0.9651138458966452
2484,1.740404428281825,1.691296517287824,1.8137173451312707,1.646237422724056,1.1957275740948412,1.2943252726634076,1.2090121433622814,1.2954127179205943,-0.6941208480244645,1.8151364027364958,-1.0656110183657073,1.1021582796637126,0.865722005802218,1.1986358818224723,0.6416444502015447,-0.398886111949159,1.227170861166684,0.18854520894118065,1.1191380991326145,0.6416444502015448,0.5518240716113624,0.005726225638174926,1.2288934195430246,0.3554568361506609,1.1290198508671676,0.5518240716113615,0.08482926154389175,-0.47816980453286173,-0.601627599921785,-0.5560140998408468,-0.6425751122489076,0.44041508345890235,0.6194174688178905,0.7380640810564393,0.7572430006447355,1.046540992351781,1.1436753849512367,1.4892429864953478,0.1323510951335144,0.07997451024242255,-0.6654596841347591,-0.3644060133649583,-0.39647520569164735,-0.22033270904242525,-0.18045552991940925,-0.37453027061647476,-0.24767823703120387,-0.314256310144476,-0.39375618931459444,0.02168888200562686,0.9532273121762666,0.8870906345642521,0.615975913653213,0.9102084805582312,-0.41150122918902515,-0.6799287967426968,0.05137832368404886,1.4136790228090703,0.7706348038335266,-0.20313479012716737,1.4421597955868073,0.7663045790726934,0.9591524616970342,1.2233601451649239,0.9394780286431508,1.0743189625768887,-0.016946211171817993,0.05101945585804293,-0.48708240635435224,-0.3488419267850857,-0.7801810042942032,-0.7535702767132131,0.38813944252125576,-0.08856553009129337,1.107237951805971,-0.2931605598338934,0.6339150625836207,0.6584449568717444,1.0372399569935211,0.9440245639404892,1.0547566456258852,0.77713114973223,-0.8866783289885777,0.8522379181191426,0.45043221974771,-2.019338958411823,0.8750462383162778,0.2514202546837865,-0.8782191673946066,0.1434975107259714,1.624071036567767,-0.8977246336390218,-1.9515446395203202,0.6473318125881198,1.2188453837485893
2485,1.6005437982414923,1.725707793381232,1.7879885133616265,1.8105444981362868,1.156800067827904,1.197597429195623,1.0966155237753472,1.2411870185515712,-0.4945872603058186,2.050226304453037,-1.189276718601177,1.2858798077345026,1.066099858900266,1.3999768519129756,0.6073982274958066,-0.08258773976297039,1.3077608637474216,0.36213772372250835,1.2167928978225084,0.6073982274958074,0.5876949783933918,0.14222006738580567,1.302729858494133,0.47554597182323477,1.2013320041412365,0.587694978393392,-0.01703542683457163,0.0983508378409596,-0.23720941211689095,0.30771235119044094,-0.4427067854524419,0.43562911036491714,0.7579636851997917,0.8127639025920473,0.8924494845770673,1.145099238578649,1.3571731701787875,1.5872192099081042,0.3090204022642758,0.23891410719364992,-0.47818562711158635,-0.09541691517653575,-0.1361710898923269,-0.026742872194044275,0.0005161861504458395,-0.2062622303774537,-0.052613106660436976,-0.16446909890621078,-0.25362290858568515,0.3927575808361621,0.9652717746583164,0.6404213502820729,0.6813343779916795,0.7449977587232817,-0.5352428809894457,-0.6885955398133968,-0.030628864912856893,1.420413873127678,0.9401692115993963,0.07322664542917227,1.6156897953989595,0.7451848563770447,1.0227709942996677,1.4191501462952767,1.1476842824459115,0.49762127858389404,0.031755819395240005,-0.028328874890901305,-0.5074883566552193,-0.35610417897524815,-0.7127447239844346,-0.6852532761168776,0.13126756329344733,0.07012487725514281,1.0078915921736813,-0.3191989735022444,0.5298132917436174,0.5935940459372486,0.4441698709876156,0.7707338772588512,0.6663986278667066,0.569203694936733,-0.3192489800997669,0.9161245813117495,0.327848281315996,-1.8340501154450704,1.0946915718077879,0.43473258512951485,-0.8838848653818469,-0.049308556980946355,1.679482765557022,-0.8522420189322272,-1.9276135490984951,0.5588914172887633,1.4036335649559575
2486,1.6000142913623248,1.5871751690872122,1.0437163786319372,0.963749718020401,1.2786495080381923,1.120607893883773,1.1768382843157255,1.232882356172096,-0.4403803999320285,1.6907458299004412,-1.7485406422470446,-0.025258447587343188,-0.3518112516709155,0.19798822795005905,-0.3427926445114424,-2.061609462064016,0.9714564499117518,-1.4928267168822045,1.1606861531229653,-0.3427926445114412,0.14625984259709668,-1.6455011354904128,1.1265751812806724,-1.0369466470777788,1.2187104452165474,0.146259842597097,-1.5177154038879879,-0.3109771323078614,-0.009880109579988066,-2.079575803430311,2.1063118374922185,-1.3645126549248339,-0.4421427309766071,-0.35684125215377915,-0.05420364418625149,0.27368732618534913,0.657001451687501,0.7770083680233271,-0.348418749484556,-0.5457694504871847,0.3666206372167761,0.805931325111541,0.8211079606964916,0.8182002904179886,0.7511187886472234,0.5045709637508723,0.6785404647351687,0.5147673672799725,0.37270938646613544,-1.881827472427897,0.0371042287339709,-0.12652904800750597,0.27386758897104774,0.016064756902314924,-0.6936297376807204,-1.1494037962279822,-1.6248165606449985,1.4967240769550798,0.9066454254176828,-0.07049490318664611,1.6613342721421287,1.5170496561310747,-0.31650414308754704,0.44185708103241383,0.9122853454316756,0.11715016661932437,0.037118344583467466,-0.27656305911471146,-0.43397772206850604,-0.5798137963139834,-0.5183898529084731,-0.6903014196727825,-0.00511316097586538,0.4432977732336532,0.4570079373251696,0.1504447019093788,0.5390965687497143,0.5596443461470897,0.10474333869099421,1.1099138957373649,0.4850071341508227,0.5191313168366034,0.07935076402989963,0.7142204248549882,0.5779164728808399,-1.791300815397001,1.1836470766061225,0.5448528962474428,-0.8899883443582567,-0.2519996936502055,1.6262026608236095,-0.8838477541030543,-1.9215066690239533,0.46934089282905533,1.5256241955768055
2487,0.4031328495044544,0.5686834126051302,0.5136715984508731,0.4383324809855299,1.4278840165719378,1.2508694538180343,1.2896620626885502,1.3636102572011213,-0.6635859927785629,1.7871622122431796,-1.7196306091184912,-0.6383142071501506,-0.9339523112946867,-0.43796699492253993,-1.2271612182046656,-1.8934516285207073,0.5116537882504223,-1.9542389173266252,0.9606802674573108,-1.2271612182046658,-0.4152243586037392,-2.025456083350378,0.8414900240849036,-1.6675201857933664,1.1678454651730765,-0.41522435860373935,-1.1100308318032481,-2.264340777842308,-2.1800080043306393,0.010513887923680246,0.17638201045422697,-1.7731837269612039,-1.068904555014607,-0.9884368565084027,-0.6131659800416608,-0.27159774479886023,0.21479740318636076,0.2593353963494198,-0.8024262060487303,-1.0924926030066902,1.3534943811420839,1.2066552623560072,1.2919560556711296,1.3041884243104334,1.1799740634140736,0.9725436056931287,1.15948990079838,0.9846381150043708,0.8049298895460177,-1.2061758729644878,-1.6592258928494767,-0.7346928890897719,-0.18460356197707511,-0.3759391299104309,-0.839039232733373,-1.6444213619480819,-1.5794580318899722,1.4622224599832319,0.8971619685105451,-0.20724939200225603,1.7751724102054383,1.483855478695896,-1.2313047719996932,-0.02230078967960487,1.0882600681454973,0.938058165554961,-0.6271943747866906,-0.5974515394338671,-0.7645137570249934,-0.9438726322716225,-0.25159252180023756,-1.1269749049008526,1.0949531407576045,0.2798791103716738,0.6430778415565656,0.1345282489436154,0.671323620427475,0.9162496021803339,0.978772979845984,1.6313534798707625,0.9825314131207374,0.7553945709435972,-0.7218373767934388,0.21333413538808227,0.994379517792024,-1.7189535744209594,1.2680125306103116,0.609572914542039,-0.857864919083433,-0.5508541140725658,1.6858663710189365,-1.0523091519421697,-1.9221863139142654,0.3950252405312925,1.881927946446468
2488,0.4434264388377645,0.5277877442181156,0.48976279416382107,0.3499474167727477,1.5205218743931554,1.3300505043479782,1.4009723376830385,1.4435561302081596,-0.2945949150032515,1.7957997402896313,-1.3945135681666752,-0.7291207556544744,-1.0101715222972831,-0.5383143660035604,-1.5265363683546722,-0.6953156581528099,0.16751525444141505,-1.414325474096726,0.7064881684518339,-1.526536368354672,-0.8068099357980647,-1.4050048974575504,0.5852863650421035,-1.4742520339377856,1.0700194822133353,-0.8068099357980641,-0.0688148997615546,-0.11490169669080064,0.05869331282050054,-0.3856428871205145,0.10290324455443363,-1.4297196605057074,-1.1400424728359377,-1.0255628997908632,-0.6929738659444049,-0.3959716754299546,0.1661203351584796,0.1406114473716876,-0.9104779845796374,-1.2555176876075538,-0.47555421110408763,-0.23428112374995166,-0.16410183837135817,-0.0359590264254252,0.03331386320520508,-0.11210536794988529,0.08150575103923073,-0.04430270321156902,-0.14924176950505355,-0.2244444038150069,-1.3291864743936141,-0.33740377474136585,-0.051277444578769225,-0.3115708920713933,-0.9151091379956838,-1.7696257091058285,-0.3287773008495704,1.3944415323204449,0.8969367873863013,-0.32665834520638454,1.8236785993786022,1.4514235094390175,-1.4232510020476012,-0.09320232656449987,1.2116422695137816,0.8600711773164994,1.3719403574691822,-0.20601997807545944,-0.5567888189098616,-0.4868839479626113,0.019438605829803262,-1.6178531725418948,-1.3866281514455836,1.6657752507592811,0.8417869395568784,-0.22398010280382344,0.4871351443511509,1.4833550416909604,0.763642526250412,0.8726307532931529,0.5884384088455868,0.3821767752133314,-0.6318289666654675,-0.26823486780456485,1.2503758988329958,-1.3354810196140303,1.3509048000987909,0.7033007221473773,-0.896468192673102,-0.8856202153287278,1.765309822708082,-1.2483867328790506,-1.925613872530759,0.3426048338319768,2.006329683451648
2489,0.5667708337356863,0.43833368765504,0.219219693461464,0.11846672941944125,1.4620986603608366,1.5265516469729108,1.4228894416299411,1.5510803580746422,-0.2437362635692516,1.9009448492803058,-1.7447310229689843,-0.9666566170217794,-1.2203143838799695,-0.8064254949440584,-1.6539716275694638,-0.35302846531663273,-0.16158588263959064,-1.2974390263889075,0.42025809268933334,-1.6539716275694634,-1.1292738012177563,-1.1778274319909205,0.3155417372839661,-1.505191056190108,0.9323312386194004,-1.129273801217756,-0.5909529149373272,-0.2260246656558758,0.20914955448846304,-1.4088753808341732,0.8808142432097515,-1.2778516172621515,-1.3665666492034638,-1.1910823818943983,-0.9106490369637849,-0.6463358032856849,-0.021042790534881194,-0.10092170682446089,-1.1931872789128506,-1.608024118187919,-0.16568670614531397,0.07212848779077873,0.12049861672795867,0.22860861519727876,0.3104937025007965,0.14931494731220515,0.3626009007949832,0.2108225844900035,0.10102651064145277,-0.5454199223606073,-1.5478787656500126,-0.5347802719066955,-0.34815358022581955,-0.48309067733914846,-1.0646388843301067,-1.7484558244589423,-0.8706849962060055,1.2886822322306142,0.9182286348135994,-0.32756772051899885,1.6427113318727755,1.4226310870642482,-1.5673320531585182,-0.30353997153200035,1.1024910026968382,0.35617092039558895,1.1223669865398254,-0.4236099168711927,-0.6594098640666132,-0.5171941237108422,0.20513644178014925,-1.7641735837415216,-1.251158346042873,1.7090043453328267,0.7053466276238165,-0.3669038185176623,0.23517700058097635,1.633433815157596,0.34203439728570095,1.3005283933900482,0.3673059322166999,0.32739312292053396,-0.13197385634136205,-0.9673784540323134,1.6036518055888087,-1.3886011972567864,1.3644274898200197,0.7658627355875438,-0.9360479846753549,-1.2220078821513443,1.7923042959541593,-1.553863173055781,-1.9342069159570732,0.31062205465283627,2.0482996197013574
2490,-0.2627581621511665,-0.5011920504848809,-0.8000990920051454,-0.9744367597309593,1.745097177156825,1.4055865888098948,1.6046663678203468,1.5189024419405384,0.4859728221183616,1.4308853885437116,-1.8041978629251396,-1.8126991428249473,-1.9169210309947624,-1.844703233741306,-2.35084467470285,-1.7526825803506692,-0.8517567167850386,-2.5473220020425242,-0.020754755141256992,-2.35084467470285,-1.7504227260943195,-2.2813787707970596,-0.1885592857499497,-2.5914802423378993,0.7099808398727435,-1.7504227260943184,-2.0848338295783577,-2.0729317748576532,-1.5401080143285963,-2.015713758905529,1.3277388544195365,-2.282793946437832,-2.4850216765109545,-2.301636292922622,-1.9308090905832538,-1.6223093014395684,-1.064311823065127,-1.0728890232853607,-2.3443311054683336,-2.821822100076291,1.7872406794714175,1.8042839733673313,1.934590296983612,2.018470323277674,2.0300030303959717,1.9116835413320434,2.171599490194045,1.9426087609384302,1.7523515824338018,-2.4016210518889003,-2.6101752222746524,-1.5065928488645377,-1.4288640324032889,-1.2615149815347986,-1.3638337235771096,-2.2306577516119046,-1.9784389698993299,0.9297905756615453,1.1575885984309269,-0.014821952559289614,0.9392352937299355,1.7347801102388256,-2.2898114503778753,-1.4230191419266944,0.2669940765854395,0.08405730540432514,1.4525022820735125,-0.3248726858927237,-0.3340384637100482,-0.25272957625495296,0.5261036847371298,-1.7518878517706056,-1.733421961499799,1.8556462009697827,0.1783510336867429,-0.20077963689594072,-0.04854629709690874,1.6851084238009377,-0.07461090070961765,0.683090415991565,-0.4658056560746109,-0.4011568660108961,0.19159903669556674,-1.562952142222536,2.135369869467348,-1.0754243861221335,1.3073881259934421,0.7534484867779827,-0.8309828597401048,-1.5656232348423045,1.8013420930765334,-1.9680934519396205,-1.9395500371933998,0.32428394825806917,2.0684263754189285
2491,-0.39130999527294064,-0.47823725279832674,-0.5677975215140763,-0.4000332118330775,1.6070874139250435,1.6843617682045273,1.537599446650671,1.6916305233952091,1.4072512350704711,1.1657850583343905,-1.4741958444694119,-1.1037423376251911,-1.1375205314788102,-1.14709806567781,-1.8343490888270448,1.0819895500144148,-1.0146586898315395,-0.6142418012743566,-0.38240778134107256,-1.8343490888270448,-1.775981003934573,-0.25003622659604086,-0.43641822646589656,-1.2478353966077598,0.47497040042850136,-1.775981003934573,0.487319874248601,0.04582835571759104,-0.2555214105788948,0.02217430324583588,0.4226103748044442,-0.6237552062805463,-1.5468910667684426,-1.4696680042504415,-1.2678622614113486,-1.0792045491608906,-0.4700408579644046,-0.5705479129818717,-1.7438308037543195,-2.2014374410026822,0.036975488329500275,0.25570792181132523,0.48203302144631294,0.6624905364424165,0.7546253960525132,0.707025515727827,0.9244015551429486,0.7863603129409572,0.6676845984234785,1.3102614434383457,-1.3306589751794553,-1.0573583652658949,-1.0823175101332503,-0.6883505700740844,-0.921870718871059,-1.967088678188794,1.9006387632776898,0.7741888740358518,1.203833675682023,0.27869482880825586,0.9524347355131052,2.4346960125854915,-1.4948559883709875,-1.0728413872123337,-0.027674011918185897,1.6583008160279535,3.143953807155072,0.9109331015839389,1.2160233698495737,1.07435865919406,1.1356725558013439,-2.202687438402251,-3.2710648169553975,1.9507766596784617,-1.1000279461367812,0.5017092182891281,-0.43745685264595063,2.4077555431584394,1.492431082364219,0.5372762636423353,-0.8144711227231681,-1.3476694385971162,-1.4380543645331623,-1.6584256223389877,2.3096355285777754,-0.6437970272189003,1.2998077856520638,0.814537010299819,-0.8179953807351157,-1.7619789178338128,1.9700801697524775,-2.104611509250115,-1.944032334748007,0.43064099807115547,2.655022293093555
2492,-0.30713067568927804,-0.17480071102780634,-0.11518539389398974,-0.3484271373774108,1.5500846536740212,1.6096227155045866,1.4887516476900469,1.6498323815432017,1.8493095429628505,0.9286413191426186,-1.1172568999663153,-1.0380820043646333,-1.0741908761298464,-1.0719145927797695,-1.326585982756845,1.152508132350583,-1.0704702829957278,-0.23215469538824332,-0.6497714949328498,-1.3265859827568447,-1.6761545930445387,0.23745578698165912,-0.6123609275951051,-0.8829804428007997,0.24388561850954746,-1.6761545930445387,0.9433577081801384,0.6856860238329258,0.14745466460294912,-0.08824866207950252,-0.2503163193092269,-0.20410445408456784,-1.166861813198517,-1.2713977460238308,-1.1533032057683779,-1.0016419437919934,-0.39669705197372374,-0.529869475508572,-1.7040321649970263,-2.1609885496206234,-0.4886756304748408,-0.17233261873755215,-0.12640869680727326,0.10887771706447913,0.278228338443732,0.2023886360982442,0.4113147044151819,0.300408597936011,0.21141591154540554,0.10383070586917897,-0.7904439799000769,-1.7718076220686705,-1.1906608105334258,-0.7055817875168531,-0.8916497806704476,-1.9924434771541604,0.5206061987799692,0.6392759289028664,1.21807952522781,0.3933499625629959,0.9139428639176358,2.8799146597855407,-1.365413914327223,-1.1724683225117571,-0.3394283410976361,1.3409723535625915,1.521281036911587,0.8024016467279251,0.8504329338788967,0.35089848452510736,0.4874308147171293,-1.9800770359923363,-1.4220844808594915,0.4791747517785242,-0.5059424060723235,1.0022928041844241,0.5719476963924319,2.049259372923666,1.2791303133169458,1.1207683120329566,-1.399965049178032,-1.8024737371032473,-1.1309124053999546,-1.5542041599537817,2.3120801200952967,-0.38830787648795945,1.285918985040963,0.9051579337281156,-0.8420746525635092,-1.811791068433933,2.0509984077981556,-2.16184552406142,-1.946884463351511,0.5458797310013108,3.087987419261131
2493,0.07526408025886382,0.0425809070084545,0.210869765910236,0.08547340708859465,1.4349535118135852,1.4612078249291056,1.49060655254609,1.5092333937101452,0.9464851918546519,1.213809609428507,-0.9491702842362814,-0.55434541758509,-0.543594553282622,-0.585205607206491,-0.5743055226382368,1.7239233485494236,-0.8954170745116407,0.6469379676522146,-0.7650015167254817,-0.5743055226382378,-1.3532804076756462,1.1469355952390594,-0.6286032553146613,-0.08354777456483817,0.05164158348455209,-1.3532804076756455,0.6578774547607341,0.4779767719299552,0.7149096259871591,0.0007143403867230855,-0.7178891102697076,0.7844955985003906,-0.40396304279706624,-0.672533752259761,-0.6940616718737618,-0.5992457814076071,0.05935427025553134,-0.15977267824722216,-1.2029968846813504,-1.694592133521225,-1.0841790377100462,-0.6169152253295865,-0.6071057485117611,-0.31874454294392046,-0.14661735989557156,-0.22738466050397038,-0.03365115801426664,-0.12351993140873097,-0.1912825515916148,0.9481496918827443,-0.287618901766396,-1.1669272674311628,-0.4908448371771313,-0.23395403124136124,-0.5528471366650425,-1.4094340264765637,0.6182108853691209,0.6038719267484091,1.1980790815564124,0.39163437587960737,0.9265950108144885,2.841268727002901,-0.7998766415287348,-0.7833387198650701,-0.3607136255595056,0.6822306845303007,0.4990931648677577,1.6128962769697017,0.9778659691194509,0.25397203513159955,0.5128083754088407,-1.9937878496701031,-0.39227532564926376,-1.7155836475583424,0.5719352853234378,1.38383056070175,1.8506850377522677,2.054110307010302,0.8254886676020706,2.241149145981179,-0.7158204650719266,-0.8767214903268524,-0.47573465093465306,-1.6415167979490715,2.259017390488591,-0.3137877118394168,1.2536177869377922,1.0083174206007248,-0.8565908828901765,-2.0032188108400013,2.0831495218297342,-2.1931123905835994,-1.945005295978468,0.577329938846936,3.224339293757481
2494,0.20794320549735903,0.17826047220952052,0.3700147321775002,0.14622150462545952,1.4516846183645484,1.4330351644518362,1.3374401238292455,1.4643807505041215,0.9159317546051705,1.1389389065414652,-1.0594888930473383,-0.4895864012321406,-0.47698022357417946,-0.5126472960410267,-0.10507504459364098,1.0589641482070302,-0.7434306318325458,0.5688716794966123,-0.7853314449149881,-0.10507504459364136,-1.0609899618344665,1.0679312772675762,-0.6179700196994805,0.05129695046422404,-0.10250650185841903,-1.0609899618344665,0.307596291791611,0.2888870522900288,0.23161082650687134,-0.22877445834335797,-0.8147005321338109,0.890423156948892,-0.12248721430454149,-0.4064658380684006,-0.6108276600161392,-0.5381454203443854,0.1395193738041366,-0.11717222096342908,-1.1593319569832619,-1.6794675383363922,-1.365233572601327,-0.9072991950267948,-0.7934584819304944,-0.5768267718958776,-0.4163005237628746,-0.49196978412600284,-0.3164074874583572,-0.3877967206231406,-0.4449648512638073,0.11882551162359564,0.0004587612452667038,-1.1228004491231969,-0.4561949468013171,-0.30611818986819495,-0.6864217612651532,-1.1223714108555218,0.28444840153808804,0.5722119416798187,1.1712447233866143,0.3221146178847921,0.8937732381479322,2.739892208318434,-0.6809589127805953,-0.7207227947725904,-0.39906001795945417,0.4550257373894372,-0.28108499577340845,1.2506282131263005,0.06183289175815527,-0.46195256042522437,0.012601511107428031,-1.4375622555474663,0.47961901944167773,-1.9948224956688556,1.900097259066084,0.8168961456079153,2.3491407486258598,1.3591083946760973,0.46921590632414445,1.4584515271788998,-0.7996313896378797,-0.8375696099619452,-0.23954958263199128,-1.6805469490236553,2.232781257385406,0.016650168869493942,1.2588185100851605,1.1727252055955997,-0.9300709648018272,-2.1692319933245647,2.099178697182645,-2.166646275113159,-1.9561495637835729,0.6272482800806489,2.976785853615213
2495,-0.45651750090996335,-0.5551891800629767,-0.6970159972899767,-0.950645000033746,1.612775879980339,1.4621993517435992,1.483541254118621,1.551337031577262,3.349529771907528,0.4093763426309891,-0.7197669391780935,-1.3627719047067721,-1.366279875990851,-1.483936069959985,-0.7661016811022165,-1.458527627765413,-1.1010177615977081,-1.4069564346062307,-0.931088194858246,-0.7661016811022169,-1.2794042766459437,-0.845699286528358,-0.8856753516904121,-1.3923046242331691,-0.2913393182794124,-1.2794042766459437,-2.142625300887825,-1.6074051274906673,-1.2285473965178793,-1.4905264826398301,0.6953785869321238,-1.326997254931297,-1.2197981208669155,-1.4757826664615712,-1.6139400915397164,-1.4648906859946849,-0.9753749029675756,-1.0645323411035317,-2.4845762114420387,-2.8378281121644586,0.49233385506437893,-0.00043234222140575907,0.12060074481162661,0.3106080011359282,0.40495885528191494,0.39088463835436277,0.5676683244571737,0.45636633321131925,0.37548607565564307,-2.3445842968716364,-0.003752478782535152,-1.9698381549980484,-1.3073204423010316,-1.3119362550890719,-0.8682866634175336,-1.5468132994440604,-1.495796766939971,0.3541156309258097,1.2606900325020298,0.5794686154196256,0.5277902336770168,2.647471604490525,-1.7715534491077534,-1.6950905496503144,-0.80028310322725,0.012706418353354818,-0.6635137693018203,1.0548910960354057,-0.10522126570027719,-0.4973648800915447,0.32665327592949656,-1.1412926645076364,0.8046447728162796,-2.0699714392789708,1.8900102777863377,0.5676596486540586,2.07105042140598,1.058871490140752,-0.3329808561442463,-0.6086722193071942,-3.887299733242917,-3.3283508482095967,0.24354131440629603,-1.2261539244768236,2.001414551751982,0.464131597886833,1.1897209961834772,1.2293734420703541,-0.8871699886971984,-2.1484185304828305,2.0863582190474963,-2.146944250200083,-1.9594145970200645,0.7875938461556373,2.6689644493464733
2496,-0.78440142219803,-1.0341319260590363,-1.368207635284713,-1.2360225964946363,1.639986619834417,1.6726855177644924,1.7149510158085282,1.6810830714706115,3.4572366257950002,0.22399349916987268,-0.8972797753468983,-1.5396703879908369,-1.5409027965104647,-1.6757860850940742,-1.1583140721583147,-0.8567438704024589,-1.4169513979790833,-1.29583113961331,-1.1454134513387626,-1.1583140721583158,-1.4638963879103484,-0.7333415609370466,-1.1541910782563993,-1.4317947799183364,-0.509155645026942,-1.4638963879103482,-1.4526668334750477,-1.1119896738618131,-0.6444959332468142,-1.3621810895107342,1.7202013346848928,-1.5788141207814208,-1.3306709087831607,-1.5478392499227474,-1.772538424113777,-1.6449104139063566,-1.2485546965001932,-1.3027752738143292,-2.720719640030924,-2.988564190066431,0.9956826251055622,0.2555282140338755,0.28762147838621477,0.49739229042827615,0.6019337163656617,0.647484257903319,0.8126227339016646,0.7031459687523581,0.6221083913243253,-0.6878166344664836,-0.897555550660834,-1.6177703580564953,-1.4875703407050211,-1.5407338954806022,-1.1110126727187146,-1.7686417364158897,-0.4833843086601362,0.06822865836894171,1.361027592292592,0.9673823302469402,0.06565796157776183,1.9712486257658903,-1.7263962262038193,-1.7402655263605027,-0.9616507923802067,1.5080302546426805,-0.7216987863624242,1.956385586816737,1.1171883914582914,1.2073567873196471,0.7481603096462929,-1.5298492109027992,1.3267906947193133,-3.134738828131358,0.9675805007386307,0.1575498298352912,0.907410967879854,1.8256853652635232,1.472230452186427,1.3947746748744405,-3.2846065662262824,-3.440642216335924,-1.307483741473118,-0.7027734640582068,1.884785572416712,0.6699777537170959,1.168758638905941,1.2723113987247594,-0.8147883450265724,-2.0019570331611614,2.1001421133200817,-2.1433962679124434,-1.9547993434791333,0.9856426418019503,2.874343529029423
2497,-0.7248725311962775,-0.769754877131075,-0.6947516148738618,-0.7250927631722522,1.5609859999462519,1.694058633888393,1.5976595685877495,1.6784034397360268,1.9995116718217723,0.5506806758659792,-1.246576730177076,-0.9722078836382047,-0.9012154424715328,-1.114531988367219,-0.7043178915224679,1.0018802348031204,-1.3619441384092466,0.13480077717513334,-1.2653070776346207,-0.704317891522468,-1.2782215164863306,0.6762621154044125,-1.2113225322255883,-0.36788677291058497,-0.6990840171810437,-1.2782215164863306,1.4538668807599007,0.5970530176181,0.09449740754709006,0.07558829790885613,-0.2544967974494896,-0.39563048095066633,-0.4732231874160139,-0.6588336091599754,-1.1485964606043513,-1.131954477237312,-0.6997398156090224,-0.8505137073715844,-2.0719268416504133,-2.4011772699706975,0.05411304845700813,-0.24354736858257706,-0.275670558789042,-0.05823420732385864,0.0912427761087619,0.10848395664260771,0.25762324952736043,0.1798945967929997,0.12292457898783583,1.1662972761477668,-0.4220896935820841,-0.8894318171695897,-1.775952235396785,-1.3361971765873468,-1.1987858246576863,-1.6620401644596352,0.8550223271248913,-0.09314989314175745,1.3215481858540334,1.1966922905085247,0.04245579391876032,1.9697178746875212,-1.0135077861399877,-1.2621732233646528,-0.9798154272133647,0.9706669884246654,0.2690531876598093,1.8658473625506578,1.4835453046482938,1.7685066486891197,1.2685615753667963,-1.7609349948808608,-0.0202438710219183,-2.1088356911508095,0.07926873378898297,-0.0733076305644135,-0.0049149247528491825,2.173249722198351,1.1365761087363553,2.5922477126938355,-1.8715044399510319,-1.9483414538095867,-0.7656941615626671,-0.4518812884790078,1.9451259257168518,0.7742180977223824,1.104319904946008,1.3725397558858932,-0.804896845326317,-1.8749379681081997,2.1040586407281325,-2.1416549488229113,-1.965236828893083,1.1426262461887007,2.9569206127468717
2498,-0.47853913151291827,-0.5855287081140947,-0.4648257801740728,-0.7059026620263644,1.5697780641019692,1.4648653730400276,1.521474881770195,1.523768358180974,2.1085079452204276,0.5537057700587896,-1.367117175671595,-0.9549745032924805,-0.8891225848447263,-1.0846454101719414,-0.36333671857270133,0.7531733377022712,-1.2906331480218602,0.21319835083209496,-1.3162179007100012,-0.3633367185727015,-1.0779883808660118,0.7469966729787936,-1.2332813277641506,-0.1932321244201537,-0.8568490462953803,-1.0779883808660118,0.4698920311865222,0.4178968709837803,0.4716753260308903,-0.7027877283602628,-0.49378691888136156,-0.03879415217016031,-0.30506065342310856,-0.46486836152930094,-1.0543891551844395,-1.0668934673039554,-0.6621302227346316,-0.8228343896034728,-2.043705627632834,-2.343367832949013,-0.5782541384895349,-0.6152002014285144,-0.5719527243149974,-0.3841099297445248,-0.23040447130833133,-0.21212018699768903,-0.08351672200602389,-0.1455467095338485,-0.19373597142409962,0.025672087665205442,-0.821849223893524,-0.8112030695328152,-1.500144513837587,-0.960164382104462,-1.2162074170848078,-2.0939060301993173,0.046311519969802865,-0.23601530532755197,1.2518338778350684,1.3133228888904922,-0.06500868282919932,1.9681899628177004,-0.8883236831341215,-1.2323340498649122,-1.0851484636857445,0.7724275616979718,-0.2005111900724232,1.1446032807118893,1.955608719679501,1.5207498475569747,1.5093954955599584,-1.6726259497287541,0.48097786051086655,-1.6020044428693285,-2.3128319106143795,1.2613997557228245,-0.6589386829776219,2.0416679682279604,0.7519871229812118,1.398631444201156,-2.124684901275958,-2.061144184775454,-0.5606875587392278,-0.2268128722498662,1.9472825884430716,0.8136571160782546,1.0678722271282663,1.4667032122258339,-0.8205878994821534,-1.7922325095869693,2.0723057624218524,-2.2033590798317433,-1.945937361783933,1.1540360827728715,2.9449374845400977
2499,-0.6593555724958552,-0.6635979934973281,-0.8502159994400446,-0.833876063022442,1.5893867896622909,1.5623069306286823,1.6047749522554433,1.6037660240640124,2.6845036024023043,0.36276257809462986,-1.5909058174981894,-1.065326859140098,-1.010070239793789,-1.1902735279608492,-0.2289092812819795,0.344839363814463,-1.2721661037993883,0.043698748024478255,-1.3395265352660723,-0.22890928128198018,-0.9448545862514807,0.5905257300017573,-1.2640971541755792,-0.2477873663624408,-0.988710512712453,-0.9448545862514814,-1.0086708997983316,-0.21239413256116438,-0.4592462159652714,-0.5959357378959654,1.0152402174378743,0.1362326395261283,-0.35142148330465256,-0.5019846905832339,-1.12810623249824,-1.1475962012349519,-0.8033817409803143,-0.93400950422966,-2.0639826948588174,-2.3452507729395773,-0.7738059515423259,-0.8093690844797534,-0.694392717969926,-0.5055301835314967,-0.28640631255326104,-0.029173002291750096,-0.004982149601921025,-0.12552729734981813,-0.21149625278174017,-0.3204891298732366,-1.0281988610222697,-0.7572582780737859,-1.5844239079955098,-1.0461245829489685,0.7471671085427772,-2.455186818376766,-0.013646925494482083,-0.37435600639942535,1.1444325424232484,1.4991019426711565,-0.07539665761007283,1.8791659752711407,-1.04498649386075,-1.3265897888104978,-1.070163752707821,0.2506297442503826,0.23008612336309314,0.7221656958766903,1.6106454172675053,0.8975516040531821,1.602637000993069,-2.075872373293406,-0.19673257418572032,-0.7081794840300845,-2.2853802423391687,1.6465479768669469,-0.3264824990835504,2.306736589249727,0.1564717330569548,0.9506163933354452,-3.067175095600473,-2.660282121929255,-0.008130432632690567,0.057177261565759745,1.9656281303824237,0.8202076872452455,0.9056485956702419,1.3865222634028131,-0.5639468771914264,-1.3750767894016334,1.9852162808521892,-2.239725692296868,-1.9291982898845164,1.2017881829771329,2.852771230238154
2500,-0.5281003307285111,-0.5436136850282524,-0.476625475581632,-0.3915646633408977,1.233418241228533,1.532475265482846,1.4170004289424039,1.198612694095698,1.7885018591329895,0.879609587447188,-1.7972837196188483,-0.5642033294093144,-0.41284056679817954,-0.7170554912061181,0.3016754045590188,1.2247377976008633,-1.0644436336242404,0.9796274905070778,-1.2755757288279745,0.3016754045590175,-0.6173391638966709,1.3945512168668845,-1.1672840484512708,0.5539988552319394,-1.0669052680658728,-0.6173391638966714,1.0903684396913442,0.39358260378487714,0.41012129606432474,0.4503056568907712,-0.33937092465561136,0.9132254783913704,0.2275985952137379,0.18016940713504068,-0.6234287078906607,-0.7281146491656809,-0.35971217263726546,-0.5572036292457544,-1.3976697322877072,-1.8319082155601352,0.8425019106106597,0.7918383798550028,0.46864624413449874,0.5755030986037373,0.8685395885457541,1.7634559346845262,1.3689563864563217,1.3162355224412223,1.3018328061674365,1.1906609599416704,0.5998576026171171,0.45410355987293893,-1.432880478088639,-0.8695057353174794,1.2158953684669067,-1.960437494483031,0.5565200940813407,-0.44347463601613646,1.089476105132411,1.6039046564560673,-0.08736735621373395,1.7982989071776037,-0.4397495575751794,-0.9285325617703389,-1.0579623690190816,-0.05104991319838286,0.5520010671350801,0.47075187483426517,1.6967928297475454,0.9303218192007273,-1.318073402601207,-2.431121221541878,-0.6542346934558024,-0.12035683641161686,-2.749475182372948,1.7436804179438474,-0.7454283109784368,2.614387510235866,0.08808582089554849,1.8998371262868272,-2.12634604471968,-1.7637720260563974,0.29706687616681815,0.1704395408280302,1.9068916417046766,0.7561221253937186,0.7469323301344369,1.3005586058522942,-0.2986063623817682,-1.117059437469491,2.241228012703306,-2.265147595980993,-1.9245888992789164,1.2072791216405625,2.705397932971644
2501,1.492718636240598,1.4977450305279059,0.5583677964721413,0.5305002940623147,0.061586508984150856,1.2462224977909027,1.113913538890158,-0.35430181925786336,2.938493541787182,0.3695783476581332,-2.6189565730707565,0.2849079139065801,0.4996185561979458,0.1320641113077599,1.3671324359748873,2.2044732627815153,-0.5591950344993143,2.341800992630985,-1.05213255762857,1.3671324359748873,0.03326990666114751,2.468116542594489,-0.8695470480957141,1.8735669097615755,-1.0542822418950244,0.033269906661146716,2.601380913817154,4.796918773876543,4.6511098602056675,-2.761865472709209,3.904037489139472,2.145266755690609,1.4819310428457153,1.4121452564915171,0.3599531326748377,0.08897342553722205,0.5519504979596515,0.21662635984355433,-0.22622079641036766,-0.9625977102995981,4.322022222062939,4.624324411042803,4.120238939138495,4.161051169717587,4.638922667152713,6.0969776440488115,5.38650078129078,5.593365741236521,5.778565984771343,2.2245376684418483,1.954368795619762,0.7150373848415226,-0.369480157348279,-0.3207620529437935,2.6566397347243265,-1.562399651597269,3.3500038066096085,-0.4457492583428702,1.0651870261785013,1.3657646876693639,0.35335235871263637,1.7243113259281206,0.34415274189643563,-0.1388169349851573,-0.5826618434639971,0.13788582809706829,-0.33532121833146306,-0.18059236385022742,1.4944965080329502,0.6478790099772673,-1.585058333182937,-1.986289569270579,0.4157429243892171,-0.0590496620471554,-3.052019433476006,1.7981212775000637,-1.2107438779989272,2.0791052359610336,-0.1273930749849255,-1.145279154104126,-3.3316963691298493,-3.0174009450514307,-0.13670010784512257,0.153966606799068,1.5964803511205974,-0.7149366144507937,0.5559716428328787,1.2420049373488244,-0.04319374913022522,-1.3738730048751344,2.43413983735559,-2.1368562385618053,-1.928072583188516,1.1292007663207444,2.5760757395560248
2502,0.11986364563219279,0.3904767230819549,-0.16712229275324603,0.08551045099618032,0.3282699657130077,0.005164900632283911,0.5073281090792185,0.08704118670726227,4.654810948142672,-0.3347552399172194,-3.582155814964358,-0.1349011219231812,0.010629732222919375,-0.279408834312518,1.3229269358391715,-0.1955501719245335,-0.4081282067479739,0.7418800862719865,-0.8536901908264212,1.3229269358391713,0.3005142312593486,0.9123914123796981,-0.7392158391760218,0.9089309175333083,-1.0120336601268918,0.300514231259349,-1.6742775453779977,-2.2956696404236157,-2.731726162417581,-0.1195100083714957,2.191406064276171,0.8040993626682442,0.7869317342726155,0.7112806811072293,-0.0015966928792877585,-0.3145861619089938,0.05459821346985602,-0.2011780290928442,-0.7382561362756953,-1.3629435980518885,0.16575041903089924,0.7652114734380422,0.7911406138384603,0.8591245735255449,1.1113591404441967,1.8580301196347289,1.5650643208747599,1.6816942899782288,1.7113736457419542,-1.0335129755078591,0.9248211832310935,0.3332919645307453,-0.30696377760128335,-1.2989062765029724,2.290937538575345,-1.4460174392195762,-0.11785157148442892,-0.4707437304568896,1.0012136625842576,1.0144594808233363,0.3363453322013434,1.6561881114228385,-0.2368910740736217,-0.5290125450895389,-0.5840575345324542,1.6009874655463336,1.4468846284953365,-0.4119703207444736,0.036967517625165196,-0.23904871546985265,0.13403045397859942,-1.5854741218908859,-1.2706109051363632,1.592767080719725,-0.6264864800439595,0.4598983965678578,-0.17231180435871557,1.478824370423407,1.0615838508559141,-1.9388938923784393,-4.8045110046974555,-4.732570044010754,-1.7089234940059803,0.01227765063741755,1.2469511983675003,-1.8019643797897498,0.09405427881596748,1.1232504180766774,0.632254837529271,-1.8590320600056227,2.5710619198405085,-2.0400657543766365,-1.9420067225353101,0.9311333847238517,2.482574330615925
2503,-1.5671944945269027,-0.40505694170070755,-1.3629582137613823,-0.5141760657217448,0.9442971422703734,0.2671656323792601,1.412209739371124,0.3523893378011695,6.591734605719979,-1.5100019019576316,-3.3048037202290708,-0.6407035970679981,-0.5624186165145613,-0.7822758814399732,0.6500859558536621,-1.3949828935821227,-0.5438416816968262,-0.48465694548322275,-0.7692027582916865,0.6500859558536616,0.2337965272711413,-0.26942144864955775,-0.7693423004002277,-0.06056263977416582,-0.9846856653646424,0.23379652727114011,-2.522891634626052,-1.6061252860039055,-3.055480493128942,3.0248595049204474,3.5399739537055512,-0.5435874635734018,0.011767409236254732,-0.07543478752653791,-0.5320643830330608,-0.8450936422496326,-0.5838365869281275,-0.735563650180508,-1.3501371235963568,-1.817254291806072,-0.45143834624780327,0.2604716831571674,0.41751781297788604,0.48067504653948095,0.7425179967523737,1.437061172479688,1.1494360326849558,1.2827366002258775,1.3108437882783892,-1.2864411825490674,0.30995375951332693,-0.4985183513202511,-0.6412893126085468,-1.3925269857209142,1.3529695757633329,-1.6000771338218016,0.20337199740383588,-0.5401326129322465,0.9247861765796628,0.9349740177155316,0.3189445320704275,1.5931107417474295,-1.0015206051097305,-1.0237810479054423,-0.5861949231002133,1.1716170624464635,0.3266525230122454,-0.7475974026800872,-0.33465150103903196,1.2256474167470703,-0.32671110236635803,-1.4575340466957298,-0.08306520399812374,1.00724205100439,-0.40368601271214677,-2.4492530592963453,-2.4979148827959676,1.6819235132860664,-0.24450857010522625,-4.094562458304924,-6.757537730717216,-6.625437426704864,-1.085982980684455,-0.15921654652584102,1.187952582715467,-1.8154145986338626,-0.09114103971152034,1.0014475395552176,1.5198233154038774,-2.5215899925046554,2.622936818373992,-1.974931822172589,-1.9302364032683201,-0.12171475048132148,2.4428036041268526
2504,-0.37042766571534336,0.41538943871679057,-0.11171102373159955,0.31175642580733914,0.15871715417849308,0.9735759919384089,0.8116846786659443,0.08620917861045156,3.293479343289561,-1.1877787882923738,-2.517446864006222,0.04541219768423514,0.17656206885611955,-0.09204055480267667,0.9886912448677604,0.6783737297356853,-0.29716271926168747,1.056572465424537,-0.6302010374965051,0.9886912448677606,0.5611976183405061,1.0052092546416933,-0.601707568455158,1.1209075553850791,-0.9259827709782158,0.561197618340506,2.632423957832534,1.606169854915701,2.2595837586039056,1.6777234904775595,1.7593361280384712,0.5827911782150356,1.1934505433939633,0.9571481804062768,0.48090139113613933,-0.09822917572473752,0.22023355587921292,-0.05374416507859963,-0.40462537635706536,-1.1357325161360796,-0.46208328400591625,0.3100043203226612,0.5791162804380325,0.6155324690060068,0.9262195661984618,1.6710580384994689,1.3456654433859132,1.5144308018575428,1.5759901400529712,1.7119155154697483,1.3170413556405274,0.06922762490962446,0.07545304602756973,-0.97182342479094,1.9886231233911278,-1.1266916091040047,1.4814663571620987,-0.42437081107349695,0.5935545320136155,0.6554468492490957,0.30146361279680883,1.5344106454358837,0.07103189147464882,-0.346360835038059,-0.5883386332810077,1.078541933205143,-0.5254316075551687,-0.5680809022994886,0.07019386449942759,1.5731568155884486,-1.5524154323581647,-1.597098089529307,0.8702466786918528,0.2260155058402786,-0.8208730856255784,-2.1749628997445583,-2.532807731909173,1.865540742716089,1.7598990404454748,2.2989912270882322,-3.321482322315229,-3.315130409748975,-1.1988091660273197,-0.41693979091188416,0.935365739144672,-2.0832189675207093,-0.19803455083083502,0.8230068647525098,2.1128547627828373,-2.532665810223605,2.5836738740684857,-1.9183364311020614,-1.9388238733488472,-0.47700637332080936,2.3257805359090886
2505,0.7173142669501474,0.7410901598240339,0.25856271591769747,0.03609337171515498,0.15987212251600552,0.2431023170324755,0.1776242343474398,-0.08299244354175304,3.0271342498047336,-1.5181264594537347,-1.9495212723872217,-0.18566215901505492,-0.08436519843776803,-0.3177853263758553,0.7893110871286398,-0.4034486097506279,-0.2407548558764266,0.2572630013120833,-0.5171608205839909,0.7893110871286396,0.6439585998464518,0.22216005417407012,-0.5242107057532568,0.551646682864477,-0.8634586680215202,0.6439585998464513,0.6825097209888457,0.5632834558249766,1.7656202613475938,-1.5789903454918943,1.5451497145794388,-0.13577216973800463,0.627716024702002,0.600388765657261,0.30426557351341454,-0.32162458853349746,-0.08902255719159768,-0.30691176455344643,-0.6602972453427967,-1.329083382133977,-0.6039529059101016,0.17093319488839023,0.370603839541055,0.4683490577725869,0.8020572493243285,1.5437348067861931,1.221841718110817,1.3995908265296444,1.4775562249130454,-0.5596486909902523,0.46496907457534303,0.9108639302542778,0.8328100815546271,-1.2568989140422562,1.3976280437449402,-1.3587178577929306,-0.2172675184480825,-0.35460146639381107,0.3277362457290566,0.34945213171043754,0.40197256322472075,1.479535405008268,-0.3907208820256359,-0.565375737206229,-0.47068211679379585,1.542339119651159,0.6413298711290156,-0.8787842868924227,-0.811204320154184,0.9223010744773351,-0.8011002261922187,-1.151220014573514,-0.3111900449789871,1.2771488772107522,0.16753804211272585,-2.3348316930916355,-1.8868481096176963,1.2840412090190911,1.5790402116447069,0.20154136657154662,-3.0064090857185364,-3.043952548175528,-1.7342241577375632,-0.6531704368669432,0.7310439523624259,-2.1777979676333623,-0.39390599346532973,0.6786279177886092,2.5815171352126645,-2.5112048898525092,2.478462422032789,-1.8670616887757243,-1.9312216838660237,-0.8352236001654197,2.2244678601980308
2506,0.4443460935783078,0.7076200621960865,0.6243820599025052,1.0258640226290745,-0.11827011131856141,0.275029351950392,0.14533476978222568,-0.1144164149933639,2.00642471861276,-0.6465583650138489,-1.711116589480129,0.5366372633598554,0.6563538702864538,0.43397685118123897,1.390564529188968,1.3028538759482304,0.21449633187413525,1.7012717287998538,-0.28414541089725526,1.390564529188968,1.096056739237183,1.4816717774849137,-0.21918295873766336,1.7148532482388312,-0.7499640905898922,1.0960567392371825,0.644145101093942,-0.08835334331651479,-0.4509975850356939,1.2730194044583913,0.3051826119240553,1.5759689274173707,1.5896512598064407,1.7342251123683,1.4043424249435015,0.5898931918063222,0.8860007298146487,0.5254053628718421,0.39827547501052374,-0.5865630910500493,-0.6525021953515281,-0.4932097586400308,-0.4200219167949253,-0.18452816822555657,0.09848701610048008,0.7095880900976929,0.47234706019087913,0.6152127162250334,0.6589611653599662,1.8863120877566617,0.3578468089223066,1.959784005758682,1.0069540320757426,-0.15466227418124823,1.7816429596317191,-0.8135975134820692,1.0025657545489508,-0.271037091761424,0.13414411902787324,0.0366598246345376,0.3830618552109083,1.4280238232886666,0.8704529197060252,0.2396156745600857,-0.4750904584950453,0.8385711832377216,-0.3369579745452682,-0.385610505198449,-0.5004270792742196,1.3284891090932904,-1.5378988539689522,-1.3525796191713098,0.6011389651552853,0.14646451160683954,0.2736010381430156,-2.233356245046607,-1.788221793429896,1.526725073037034,1.1978274185059463,1.076239695149756,-2.0148556762110217,-2.021553372005073,-0.9984834061851738,-1.0308391142561097,0.30426127278059206,-2.1432155172254443,-0.3749008652262629,0.5549000925809053,2.519530968775263,-2.4680072296419433,2.3802507471597725,-1.7961030025666511,-1.9367820732588876,-1.0875661311895475,2.107493258495817
2507,0.9055536556592279,1.0732273029228734,1.1394773278049153,1.3811635625985823,-0.36975418287430317,-0.14502087857952367,-0.21688993946784074,-0.32916681105053325,1.2198801062456095,-0.48453109570199526,-1.9373175855184235,0.7711814254830379,0.8828042384731373,0.6912381526222965,1.7337317433798554,0.7785368782746204,0.662159701806509,1.609364564757974,0.03456056638204376,1.733731743379856,1.4699499449966569,1.3249662505416906,0.12603359407005008,1.7917988799622124,-0.5867345539320525,1.4699499449966569,0.9062818745973343,0.6407950819749808,0.691162321323755,1.0167635978540723,-0.11879523383473391,1.7374454907910721,1.7236366212871213,1.8550777923984785,1.7195960387871874,0.9310584257968788,1.2155500890434814,0.8089301475595345,0.803904934573521,-0.3163868512415492,-0.9726161352375107,-0.9426247275478754,-0.8515624206885247,-0.573112463961249,-0.33581498404948756,0.18024022031646778,-0.0035370084761139503,0.11001751650976796,0.1327607823434733,0.6551291182614415,1.244446458119584,1.6826597830082353,1.2112142432292528,0.4550072697052283,1.9226936239501962,-0.3845589142888826,0.5525929065020045,-0.16238873254871988,-0.07382367481775268,-0.17147030327681725,0.3596137770052311,1.3794872275899464,1.3404932813788866,0.5450377233944992,-0.493535205093526,1.5964921974367452,-0.6316205299676769,1.3143180661083949,-0.14656254454705062,-0.3852589582652168,-1.3026680396746255,-0.8407068173485278,1.1321409922660406,-1.6908832546246457,1.7546249929521942,0.27037789523776684,1.6023647491657063,0.7216232929157895,1.9266525754384134,0.8572465039893968,-1.1157242756396526,-1.2351765429146657,-1.929062090743225,-1.6800865382274934,-0.33255676439428816,-1.9921758505119613,-0.6489770951300214,0.42311212126809195,2.312127560553849,-2.4140692203468608,2.2500359086748687,-1.7346992734638653,-1.9547446289987198,-1.2775270906006704,1.975799496457551
2508,1.3117731729038058,1.0258497837494571,1.2680536882713236,1.250194765369831,-0.4422124225071721,-0.41780055982126924,-0.4199506509884624,-0.48790519022040324,1.2533111049770618,-0.512508729858539,-2.026261132337449,0.6672867883250856,0.7626641527524219,0.5943716110530421,1.5491558732752326,-0.3945837703471459,0.881224638524667,0.7861362687179827,0.33570776116136997,1.549155873275233,1.5654698583095978,0.4392263404629865,0.3774413157587128,1.242150548829732,-0.40089149229079496,1.565469858309597,0.220228937121604,-0.09607516108034517,0.595630996886652,-0.14662310718653285,-0.6479661097414556,0.829819888122804,1.2756876179116792,1.3930938355689746,1.5106939736967668,0.805720142695572,1.0555912574886472,0.6639191082482567,0.7018593352656198,-0.4115010566961474,-1.3148559334688146,-1.377768285914056,-1.2484915255625033,-0.9820479663882637,-0.7370092574631608,-0.3302352190695513,-0.44704759627002855,-0.3770073621561061,-0.37851930842159365,-0.2364767461221034,1.7957256496597571,1.5562178702428828,0.7439710621274769,0.46134797879832995,1.5911853018564963,-0.41642740171242715,-0.25793845570142815,-0.21000489626465385,-0.02507726275423394,-0.37759165137387807,0.33750384544417456,1.3335952449591415,1.20350205166704,0.45818710438087573,-0.5058923531541232,0.942709976099063,0.46069681032029947,1.5042197851051973,0.28096749378538266,-1.1897962653357692,-1.0159744372332355,-0.408203269668575,-0.2533040089732876,-1.1588019088068222,1.378823684286759,1.6984335358409177,2.5063719273774505,0.1692570584224927,0.9278207240955425,-0.3560274797610875,-1.2198989459292444,-1.269696548406132,-1.1918140809514386,-2.0401983004704802,-0.6534268430111233,-1.8616953817307373,-0.6196067834982597,0.3116807397787643,2.1220185211077527,-2.3807335345493232,2.138326686832036,-1.6775449981774835,-1.9618659068909605,-1.4949827329884893,1.8686679818471439
2509,1.3887611926405952,1.6057275365910084,1.6529323407191314,1.7853866975462465,-0.7534085424804218,-0.5006313628476192,-0.5978553596041081,-0.686770694236781,0.6797865593474807,0.18255574731689703,-2.215069414165855,1.0373633897623422,1.1278181074095261,0.9937837166072084,1.694599565365054,0.3343806996879407,1.2398797526061507,1.3254709531345903,0.6753582753411781,1.6945995653650547,1.767202697914685,0.8705250547085963,0.722602173344125,1.6599993365215862,-0.1735363592524987,1.7672026979146849,0.7020309683270245,1.039397635288421,0.11363780541513142,0.9069770552072958,-0.060575229464363965,1.3018931136182692,1.6259524421664644,1.7613236277044615,1.9635544942261298,1.2910567348203992,1.5774363731553034,1.1133089250616763,1.3219419424121375,0.016477420702752786,-0.22463527376326095,-0.8633884145850494,-0.6910180372181671,-0.47287199447447203,-0.24618901344010993,0.29730924848404705,0.1019578024472452,0.22339868642502303,0.27824800122175747,1.0322359010957165,1.4548771672181122,2.049926930875994,1.0825474029457245,1.0142375954549938,1.9129275640711947,0.02328947876176722,0.3507740468790643,-0.38842316691532996,0.276297424212817,-0.392778493222696,0.3210942970526644,1.2900648350184434,1.8837367684185473,0.932634545451079,-0.5123916754155033,0.28976058222547624,1.4931670903647758,1.4705180618422444,-0.34011697900151333,-1.329843258919154,-1.2982488130999426,-0.4198656289461368,-1.5941333408336837,-0.47637612395075446,2.146945982429975,1.0940288343549647,2.5206378119489594,0.15143569357731698,0.5820402495024483,0.43520648797497236,-0.6844745974743539,-0.6995307405897713,-0.5212293535636396,-2.09061905709491,-0.8816596153805976,-1.630561682345144,-0.40034183825332104,0.2510364400485929,1.7344944468830665,-2.34148162217717,2.0388745658591065,-1.5961268948626632,-1.9663376640796142,-1.6713814990442952,1.7709183408467548
2510,1.7307171801018069,1.6567159632297714,1.8154744804852303,1.6342054766163983,-0.846065668921227,-0.7655648822693569,-0.8413321468548606,-0.8116354167061863,0.2559852672862684,0.32849018277215325,-2.2619383366604606,0.9223832201400866,0.9926083879327254,0.8881393882145882,1.4079306045410662,-0.6205643779239931,1.3763563506478176,0.5571643022104315,0.958661126836147,1.4079306045410676,1.7389178012342665,0.030817908820429268,0.9540268822541432,1.1017703780767998,0.06672609032188419,1.738917801234266,0.3378234000109493,0.11647969163273794,0.5444821791368775,-0.18588103754350255,-0.4285012626067473,0.4662359461390986,1.1751926447361707,1.3468187199841648,1.6369913884812306,1.1484128519374703,1.3991636213095542,0.9624363026425609,1.2069051813695297,-0.08878165350049895,-0.5476412874961203,-1.2446030027723074,-1.1728919783357488,-0.8283282162146062,-0.6688374922444416,-0.22463116446441753,-0.3510967733139933,-0.2744982536400786,-0.2181017260670344,-0.23714161722730778,1.6082635402631942,1.4988061745223873,1.9637439123784761,1.850666646986952,1.736444602131152,-0.15693395633304486,-0.45712101465961247,-0.5287735740984781,0.5307961810676347,-0.3753881444615701,0.33735825644139616,1.248651731653879,1.685448605412867,0.8396401578716718,-0.48657237605439096,0.29601825543723026,1.082854142688836,2.0849182091068625,0.1666401985542126,-0.4464869784044915,-0.8639949733400728,0.00112065663566768,-1.1393472102377513,-1.402101728340237,2.175561156560908,0.7063231335717874,2.2213269891591185,-0.07976966623634173,0.5441649611329747,0.22480339959433546,-0.23852374154480518,-0.27549451618868354,-0.5496120412054167,-2.075122454219637,-1.068631251982704,-1.3622812324475486,-0.24259293535210782,0.21273981180190182,1.4248815134425936,-2.279045060193409,1.930058790140636,-1.5081793448665082,-1.9665493181531046,-1.7767365847432761,1.679143818847598
2511,1.8261725597255256,1.8450090259549974,1.9010389813616007,2.03204507944185,-1.0134648709194267,-0.9041538612469403,-0.9776674779278426,-0.9658278957897289,0.045284445622301404,1.0295766610052266,-1.6499064133749526,1.208272929600828,1.2717817194603411,1.1975119498879179,1.414086239780037,0.04800273151232191,1.6137277929368294,0.9714817971612022,1.2393007670876455,1.4140862397800376,1.7962699793998715,0.37190562281539674,1.2400546597894857,1.370192608423384,0.3323161224255518,1.7962699793998715,0.20138150827843712,0.36779784481314653,0.18143347833020504,0.5043292867179171,-0.1367786879214054,0.8667282780881808,1.5274037441557322,1.5295734473198022,1.9001014754004217,1.514662115867723,1.781333735789075,1.3137590982641636,1.6705607902777342,0.254082678842092,0.1738751643920887,-0.6133468990478076,-0.8944979081832047,-0.5306369896593239,-0.4481206579499401,0.08747708008318547,-0.09620551127075845,0.011435747030569869,0.11803404874886822,0.8116512450543847,1.0441841787279804,1.0120237523640314,2.4718267536391054,1.6277959195335734,2.364445659546806,0.26725236852753875,0.14071080217435059,-0.7084959017192052,0.8881986710652667,-0.2822333250925747,0.4199765271033655,1.2091436899979622,2.0797174855524547,1.2157274035937302,-0.39711719074870905,-0.20206963994484312,1.274893998852907,1.6698561871947686,1.788908395556458,1.4097847909128518,-0.9820912378810831,-0.15211718061841045,-1.4920377825436149,-0.8850140634777167,-0.4007859012284242,0.7039132139779561,0.2400583694348018,0.3911536889711155,-0.05523739351473325,-0.2616332158444348,-0.06819159484661041,-0.067434733759992,-0.025575604609919818,-1.78816051555116,-1.052249645513645,-1.087798969632687,0.0946105365633532,0.2094961144877487,1.208019293901003,-2.189199569355488,1.8392684941541684,-1.4246936564680972,-1.9535401092921911,-1.8335234652140138,1.6249085287527583
2512,1.7808379561249743,1.5142390067361375,1.7374857451349133,1.5213843564779646,-0.9983410516709342,-1.011702461208396,-1.016804428148705,-0.9531692120950394,-0.05135805705253396,1.0907322255001053,-1.7508438251162268,0.6765834677121513,0.6180594319134692,0.7191577452944222,0.7850312727679332,-1.3801095269875585,1.5070408985820705,-0.3119391689950611,1.3857235906720837,0.785031272767934,1.527306446579319,-0.9329264546987505,1.3096575919534093,0.3584595284807296,0.5708600276884566,1.5273064465793185,-0.2719159636997511,-0.5808193619672617,-0.058370749794194154,-0.5484271813144856,-0.6817936922075716,-0.14758309099825204,0.67449650710116,0.7378000932330325,1.2659869597949538,1.069421247301399,1.226053546832717,0.8384214867990212,1.1420157181528277,-0.1532622710239405,0.6288338953501686,-0.15539325931287754,-0.5828852287044318,-0.2533560569965624,-0.1758417979404947,0.39408398315756415,0.18188273421651818,0.3010399431489793,0.46489477592879647,-0.9303322231089071,0.21323619306017824,1.0361157366593026,1.620354319138261,1.2512911310766444,1.7499033765879224,0.3881443731402761,-1.1810848666428853,-0.631978774210264,1.0719508283851793,-0.23894988792714683,0.844037285013641,1.1713551029785574,1.1016227664932146,0.8052934577547943,0.021527337112205606,-0.21082241393384563,0.4819809680872131,0.9987543123271809,2.8332287891467964,1.2931379768680136,0.14268390802970593,0.24719446772436074,-0.5997653699029827,-0.7170383665251114,-2.672668064562319,2.373123997575364,-0.25947901937469503,0.015557354221087451,-0.13198502254462677,-0.4814138379939136,0.03244371694818809,0.029968376937133723,-0.012544880402418896,-1.3437111086789566,-1.0431105540611871,-0.8230062279223642,0.492917097182854,0.21551305039699595,1.0342132981478829,-2.104110096662261,1.7572256533887118,-1.3722350500646023,-1.9352720430244443,-1.860153128716934,1.5752443275253225
2513,1.477679956345035,1.3758757971747289,1.586736828529544,1.5462489680103257,-1.009767816850134,-1.0018143498262384,-0.9719986059996454,-0.9574876799776719,-0.09096669608830507,1.4930327423340075,-1.7961031693188079,0.7251620201935549,0.6795529056874093,0.7654437783836935,0.41636761260773836,-0.8128925560911632,1.4279051216347545,-0.2183384658101462,1.4509406533274962,0.4163676126077384,1.297788051458791,-0.8438234799924621,1.355860719579181,0.27850935166549345,0.780642945863892,1.2977880514587914,-0.24442137699125163,-0.23843449273912784,-0.456381048358134,0.21626446392842802,-0.679703629790194,-0.2052254469023803,0.4624993129257953,0.6969504274975586,1.2238974724075886,1.1175369595854217,1.236087336075245,0.8595993795758724,1.2030810721057632,-0.11837226544655337,-0.6460830609350084,-0.8636561616368444,-0.992172073175572,-0.9257258859932979,-0.7622814155576197,-0.36106815653153346,-0.4699627285482865,-0.4109709098094019,-0.32760653230698306,0.08373009440815712,0.37729232881391156,1.551694119306859,1.6146359593286121,0.928802389330769,1.3856416662212383,0.8809533127680623,-0.3851702961026527,-0.6289297656195797,1.2561982053678433,-0.244609589771255,0.950075143811035,1.1351226684693476,1.0693936278774245,0.8564742296382933,0.13596456779554628,-0.20600815559813043,-0.5562252583399827,0.6942325873036088,1.6000835013352652,0.6540631092546372,-0.6687168276614388,0.3810001195008226,0.5681849750377345,-1.073587832023892,-1.3869181575166645,1.4466531590668392,0.04036410206525539,-0.21636036821050347,-0.16418769460202243,-0.6133991154436709,0.07455061795692243,0.06948958010452144,-0.021818647918811787,-0.9719385431933142,-1.034859235421802,-0.6089768661554116,0.5031048309539775,0.2789232551889481,0.7943314327734059,-2.04361880257232,1.6710581661745219,-1.338691438951407,-1.913366661158239,-1.8624128403016988,1.53563023930522
2514,1.4902085090186517,1.3070207358419683,1.6614830063299344,1.384405606673237,-0.9491339789749698,-1.035368587593172,-1.0402098801987858,-0.9485979541244788,0.16216202378718844,1.3546153409664288,-1.9421107704562395,0.5710295962333098,0.49124491968166284,0.6267875192114982,0.03050544199687092,-0.8433354266130766,1.2842944801376575,-0.49461875212061884,1.4383466706266104,0.030505441996870816,1.0149080646896214,-1.0753432888597985,1.331506623898185,-0.06206959224749399,0.9478910659662214,1.0149080646896207,0.18126765869983474,-0.12927798185524222,0.0305945030928651,-0.2073830756090841,-1.193565017542449,-0.3888994972532764,0.11164320266205262,0.3792624998480042,0.9930539299329114,0.9832600889439139,1.042613825788545,0.698180854634485,1.0411183006136577,-0.24874387919792007,-1.0719585435784729,-1.161528618356538,-1.2916269907986417,-1.266129828422698,-1.0646089716315013,-0.7455078682670837,-0.8076802038443776,-0.7780965490078432,-0.737356190372476,-0.309598892496834,-0.2997900354600202,0.7922306263629355,1.583044024618746,0.7857624996254701,1.5701059257843881,0.9338237194878907,-0.21285616876518798,-0.5923086096334912,1.3837168675604015,-0.2549239921464227,1.048521670115458,1.1003018705363372,0.8051076641908209,0.73613559160202,0.2463683972563161,-0.5863515850636813,-0.6588198119943102,1.1685013198451046,1.5031893170481352,0.010321725143474502,-1.1182903094514356,0.8608512483005917,0.5792687793757392,-1.6258196290313336,-0.7694988588442206,1.996901856797692,1.0518791421744216,-0.7590243954661422,-0.7431986371867233,-1.2395878145323496,-0.22966913868029326,-0.183405794458106,0.425477262975663,-0.7251215691332255,-1.0381035829086287,-0.45367000733288526,0.5197088398637857,0.29910242367369894,0.6118195798708032,-2.0069520170935324,1.612419400369161,-1.3098241256239194,-1.9026339178323903,-1.894016935670346,1.518936556904513
2515,1.389180623789707,1.6196976976664805,1.6430325138861974,1.690057585690201,-0.8555148127837093,-0.9536249749658177,-0.9159983145326794,-0.8912570316562567,0.23269252169028462,1.4986620195188667,-2.0312770984328217,0.8507944300912509,0.8163768714202736,0.8981368819709271,0.100048334447661,0.15205436975325035,1.3097860902743081,0.15927342440346864,1.4383988032922108,0.10004833444766158,0.9096009345090156,-0.39518981013637516,1.3839581949808732,0.3280507612299243,1.097177101268775,0.9096009345090165,-0.004258485965098148,0.5781262967162224,-0.16467470426760608,0.7880226557597424,-0.21970025828893064,0.17617559981058933,0.32243507899694457,0.5471353127348119,1.1660339028767457,1.298717973134814,1.3427703913012463,0.9935781030084869,1.3838423665286397,0.023823498231428864,0.5510476048723236,0.2878738334836206,-0.054603855527510584,-0.39412648806780365,-0.31240702791556396,0.21708409462368913,0.014186336807687012,0.12838315418734123,0.2944497137252859,0.6350014254349994,0.1396705044886632,1.2337823829141816,1.405186433108485,1.8948567109955972,1.837709876765105,0.8564554846633922,0.5804853176275038,-0.6266202846904406,1.5503895663752008,-0.13148320160245452,1.1945492973755494,1.0667640973078214,1.0680873161535198,1.0303449978948334,0.4052951717508432,-0.8199294011345506,-0.7594256410411002,0.553160515624105,1.463461623349386,-0.2988666012230722,-0.7962424758870497,0.9334616941379978,0.6281893924142431,-1.054350066886598,-1.419804155216086,2.2283481677433152,0.7667755697845675,-0.8761240137552199,-0.8405877622639196,-0.72642625000094,-0.3277017722366206,-0.2520958353559311,0.7157342558885127,-0.445846008980669,-1.1051870072727406,-0.2854161043176121,0.585670864934321,0.3365851698105626,0.39269058700048504,-1.9857413544695894,1.566134309730505,-1.2544813646540345,-1.8839309969141098,-1.908055016958832,1.5083139287506555
2516,1.7581511926760234,1.7651209052000558,1.651719952137015,1.4971274759566713,-0.728477999854412,-0.8783772151485694,-0.7839124122824013,-0.8380917045316695,0.4919472195864564,1.0512631050163042,-1.579981214316027,0.6432605420079313,0.5537118903148961,0.7168628499636378,-0.0902311271572296,-0.4166581685138,1.2191344724341373,-0.31376172598909274,1.4036137280987602,-0.09023112715722903,0.702655166883334,-0.7966983449571907,1.3556936529185402,-0.07635266341996869,1.2108242541249445,0.7026551668833342,0.04395796464325166,0.28309390732060724,0.611405291659087,-0.5618544267873415,0.19628195268314536,-0.015019782131736666,-0.006495392084010163,0.19821272052851277,0.819957075966731,1.0984714002587352,1.1104976020428832,0.8085973907940783,1.175540424468731,-0.137864368520429,0.5898442794512699,0.4547662354402696,0.17544570098383966,-0.30450401756602324,-0.24906335884018052,0.2814348764418998,0.06210400259064922,0.18944644839232824,0.37498443989254565,-0.3783988829628644,-0.4578448788818047,0.39989156617289867,0.5850840210110803,1.9801737559857822,1.7696152262849296,0.8934794736807745,0.08162625644101709,-0.6289434308132307,1.661084099469577,0.05424523782446055,1.357320818229675,1.0985398918552611,0.7125352956808872,0.8506355899312213,0.5366690108616617,-0.7691595585899745,-0.8410432921653773,0.7385025545605203,1.1921675883013712,1.9347244313564416,-0.2325198388876436,0.8628489418450727,0.7343538736339265,-1.285793993137879,-0.8485749155251863,-0.47120879233596874,-1.0962055782455111,-0.3683881771821811,-0.9049281170906235,-1.0151898207883288,-0.5935147340589542,-0.509354417746428,0.6902330648369351,-0.25845058323881015,-1.1401788352405415,-0.1182685920056177,0.6533020680497373,0.32750352598821436,0.2970692020248946,-1.9748868278882248,1.5084824345671008,-1.205334756713892,-1.8586475403499225,-1.9385183201105256,1.4886299799214402
2517,1.6915248262888776,1.5254901248359145,1.4492534637188987,1.2886734821175305,-0.8961922816877926,-0.734412285882384,-0.8244915960940054,-0.8234923029259211,0.11355967084683692,1.5237144475954945,-1.7590135438201369,0.3951449524345935,0.2374672219044355,0.5027007568796775,-0.3893938399220066,-0.654938450462984,1.049003354333012,-0.6580897172130336,1.3171724204701392,-0.38939383992200544,0.4287867756347416,-1.0589645242496089,1.260711828196195,-0.434212839282254,1.278317758379448,0.42878677563474343,-0.3972234127802789,-0.45051142526339105,-0.09903963735541328,-0.9412528075245901,0.08309979982674463,-0.3687459854972634,-0.30404479065144835,-0.18807568874791827,0.49380828626763906,0.8636230792970978,0.8535865999548516,0.601371151996269,0.9481973210779874,-0.32357665797259827,-0.24738606522384768,-0.36142622529456875,-0.45482288726843306,-0.8636161931842592,-0.7138066662265029,-0.3349130216973455,-0.4633665091305611,-0.39136337843267444,-0.28305766161919,-0.4411418915846562,-0.20598189862758232,0.004152882819382165,0.7682055210678544,1.3912500209798142,1.7250862966793132,0.49533805801366326,-1.1077252154708725,-0.36897667987905364,1.664455259818141,0.12909944920784314,1.4635724284814546,1.065014898553421,0.37475541244765126,0.6771846401055008,0.6596024181236787,-0.9353635610680792,-0.6551856743358423,0.03755740621887649,-0.08075262079258198,2.3808799737793036,-0.1967746580332858,0.8950027473058642,0.47947189617859903,-0.45009151742758297,0.15467161085343908,-2.6002002299845905,-2.15417492076889,-0.2818154013593993,-0.6904513825364398,0.12980114400539502,-0.2146190907551128,-0.13321871443528135,0.8369861945518008,-0.11218058703116288,-1.0803502393948248,0.019338730691669335,0.8889298381046116,0.3307427104428258,0.2225810075252263,-1.9513999459474658,1.454235759419718,-1.1664756015190667,-1.8529800448462275,-1.923138160818917,1.4810383376010505
2518,1.2431515494273375,0.9784802323837845,0.9787719401149001,0.9603216418062559,-0.8028980879292296,-0.8930862211219716,-0.8054781191604783,-0.7965506183686177,0.16419241984504698,1.3345957573707712,-1.6454043208788787,-0.011421297843618557,-0.2694298451367816,0.15055764241590652,-0.7938099364364413,-0.8871125448785214,0.7797999247926327,-1.0649751532917808,1.161324320934935,-0.7938099364364415,0.07415282947360564,-1.3554803408493656,1.0831415229956942,-0.8738525780001857,1.2881425935240596,0.07415282947360646,-0.9353531872414725,-1.0268845456426954,-0.7387773559906565,-0.6823248278239153,-0.1332246398692508,-0.8082471209440621,-0.7322660144387867,-0.5964636817762133,0.06989320101176111,0.5215442336425657,0.4666266310368808,0.2706275719438674,0.60326964139639,-0.6083360832676576,-0.6307574843963716,-0.6821045078956982,-0.67552500576128,-1.0814481045914899,-0.9009954688105136,-0.5729294489768939,-0.6683218295143587,-0.6133046673329055,-0.5357792391591656,-0.6845361973254751,-0.5957109838775906,-0.15913140917826582,0.9516335065071421,1.1515163075941375,1.3287907617633652,0.6811642831550543,-0.5969588256105787,0.06781962809210464,1.5505966620967009,-0.06106243349729929,1.3708196187375603,1.032653010288783,0.05500230772722294,0.3948255676454453,0.5867220473139596,-1.0246959283568775,-0.8127548614485407,-0.5354369536197953,0.010317853023271015,1.423585781545859,-0.13557592797766807,0.5156425366088453,0.6331505404239758,0.03132307205085754,-0.6064498129155605,-1.4803182696640291,-1.7645393044597415,-0.14406904269992685,-1.0304523940285741,-0.6397087460828208,-0.2767984711321033,-0.181934628026296,0.9612134186714156,-0.03246881990895014,-0.9484674251963747,0.14757033146203502,0.7269471455433318,0.298901606030483,0.2248760689067224,-1.9234298721433725,1.4006043621712234,-1.173863071849052,-1.8389256469632598,-1.8863631237397913,1.4735183338867983
2519,0.8435712600814131,0.7760558684702838,0.9655158884475354,0.8460029649969613,-0.8447513728874789,-0.8190540824383519,-0.8687797600404192,-0.7953520795802566,-0.0016472185446455218,1.3672593804565119,-1.5259117834507523,-0.13985669867494543,-0.4203704663468262,0.035957368870137375,-0.9949157967317134,-0.4538932791688779,0.5438308146753684,-0.9343625975890015,0.9726937726970727,-0.994915796731713,-0.22300328804544325,-1.1254873918033677,0.9010525050365138,-0.9117680848774473,1.2512463856966838,-0.22300328804544234,-0.05609074425998238,-0.40445587205736255,-0.6697716798640041,-0.023809847904895536,-0.7498997603628972,-0.8405769110540399,-0.7909827447806559,-0.7052794580600416,-0.14004558708501244,0.37932547495784474,0.3062489629138998,0.148982936558018,0.49023688244034697,-0.7095658789910397,-1.4416904157010582,-1.2485763688400575,-1.2666901556260999,-1.4831371498237116,-1.2579426422176299,-1.0281755766311655,-1.0560845854361318,-1.0329420024841962,-1.0261650485489147,-0.26485681192023136,-0.5741811287800042,-0.6130079271344595,0.32151380414154845,1.149879538100818,1.2925065454280378,0.7016649495600804,-0.3467993790949043,0.4053049063461121,1.469517072592289,-0.23869105183079503,1.3340832259584356,1.0013508204622699,-0.05656431153978763,0.29932767571837116,0.5656129015503958,-0.9400128537074602,-0.5017390931856863,-0.8680066736015648,0.31955171299222124,0.8833825320665311,-0.7147213457145751,0.675161717327297,0.30852344099041384,0.567403899578655,-1.389519434940672,-0.5382546290638097,-1.541812625744496,-0.3986066392187163,-0.813977125276916,-0.21889409405792265,-0.0947682771252375,-0.016488825473667007,0.8545680526486057,0.10547516452131557,-0.8270797250442089,0.37297933139695894,0.6129422542210743,0.23146538490055918,0.28993640503534784,-1.8807213701118866,1.3473736238594298,-1.1729379342162563,-1.8226737989487725,-1.840705617696839,1.46718946896101
2520,0.7612578202765918,0.622487982387867,0.8136815644901105,0.718945258586603,-0.7535163786229678,-0.8560757777036819,-0.7702155093212325,-0.7712460596266288,0.3503981729200061,1.0602609958659779,-1.442685388361889,-0.27570656251535086,-0.5797586257644886,-0.08546504603546841,-1.078103959589854,-0.20627575732611234,0.32871816835008977,-0.8445082481816347,0.7693444292970115,-1.0781039595898536,-0.4689877683627168,-0.9305538876035003,0.7136249884050105,-0.936492644019365,1.1760408164124845,-0.46898776836271594,-0.32265759869181043,-0.3063456701395995,-0.1660475139636479,-0.11225557728794586,-0.7361204874809993,-0.7071110379731115,-0.8484039582498173,-0.8117977540683664,-0.32031615897913834,0.19868750899303905,0.14644832437494307,0.025049474270513315,0.3818892512239093,-0.8121993518769938,-0.28904121276354267,-0.5043201927688159,-0.5564357995518382,-1.012023144365586,-0.8402767204209235,-0.5742713467183428,-0.6746139413684132,-0.5980610953531896,-0.5472946191211858,-0.27361693951817145,-1.011121295953044,-0.6232753539990025,0.41136520058889176,0.7054673738514387,0.7499394218342348,0.4329329820664684,0.05048859085542887,0.8010603399207361,1.3513391085232753,-0.48322399427572776,1.2597371445559409,0.9710147370445806,-0.13899137453855825,0.1985538819923548,0.5043988770252252,-1.0912729549896263,-0.4832723145100568,-0.7366350685871517,-0.5635885261532069,0.8143917207148952,-0.6951515861104879,0.7022464529178429,0.24742449630692767,0.445356778115058,-0.02346372126338105,-1.5327504555089235,-1.3493351425306706,-0.43689436276856497,-1.2896194109309977,-1.251369182685518,-0.476913007245487,-0.3673418319085283,1.0470249547657657,0.28124589805143496,-0.6413945898257531,0.6433530368902036,0.5123720116862766,0.1893291463441207,0.320608591058142,-1.8727946396268396,1.2901008290111213,-1.1536187566022609,-1.808137881348684,-1.8312833193101077,1.455645312541052
2521,0.7964228005821347,0.8697842065637681,0.9271409284804575,0.7585115160098476,-0.909252856061448,-0.7401555901560127,-0.834971926092853,-0.9187596268092982,0.021389989135438676,1.0273656774578412,-1.2930291669036482,-0.19332764963248186,-0.45175047783201755,-0.0238412453464661,-0.9584282118791315,0.2553382322324399,0.20275485560023918,-0.4930893975129237,0.5879932496880397,-0.9584282118791312,-0.5989187741634513,-0.4948256505707598,0.5686743259323209,-0.7226880506549479,1.0807206724306233,-0.598918774163451,0.21159443946980025,0.43047367353975363,0.036492727818020904,-0.09729687814584181,-0.343935541560972,-0.3341863428769078,-0.6391509881293512,-0.6772588163262471,-0.29300764774978777,0.19517848856942785,0.17039671187729954,0.05956052935108482,0.44373433053536393,-0.7756439031208296,0.018989031918035557,-0.47831487058317207,-0.5264456885222227,-0.8698001643060457,-0.849982068554699,-0.6139389747463048,-0.7052634117837792,-0.633645322364958,-0.5874779647123796,0.06308915877255172,-0.7922121671736676,-0.8724967464480652,-0.15112954909529894,0.07774416800624051,0.7158090828837879,0.13041467509468396,0.12453666522141092,1.313444087979752,1.169975430523873,-0.5804629987536954,1.2292081845630687,0.9415595782306738,-0.05889864187172749,0.24446128052249402,0.4839362105233882,-1.1651100583690879,0.12707332613157432,-0.67431861218664,-0.571828497189098,0.01972239589166494,-1.3207946217643443,0.4463243265512888,-0.46319897026706636,0.7643406272266626,0.05844856995358312,-0.7138649462120998,-0.5768835083048929,-0.38756814290655217,-0.9468793921700209,0.04222428817444095,-0.14300317546828395,-0.04086343317882035,1.0946987071630205,0.4887642075078174,-0.2623879497446128,1.0163933217636505,0.6967272816101526,0.14882606484930055,0.36016124997691407,-1.8364255026121927,1.2635547245615888,-1.0966434659998414,-1.8037730195806143,-1.7902071262134058,1.4555047523429674
2522,0.8714030656811164,0.6803195925734814,0.8786823766881416,0.8687799735479816,-1.0857618411156655,-0.9301826150989595,-1.0144365716691,-1.0169993385106513,-0.0048689876527408926,1.4516376064551304,-1.0755303797010276,-0.02411422526329795,-0.19836172827284893,0.10802863321404131,-0.7105609072622473,0.5525284682927418,0.16464236708903543,-0.14973392788045045,0.45317525235721207,-0.7105609072622464,-0.620105285565083,-0.08521425334475446,0.4770145014671131,-0.4576209526170626,0.9824465017837105,-0.6201052855650836,-0.110210874952444,-0.3668142003810325,0.0978983448810941,-0.013230184638263618,-0.8078858183571453,0.048060158542117565,-0.4188467938932263,-0.4874300705387853,-0.22931720116006632,0.2524952058813038,0.26424921371488547,0.16154212523459888,0.5713706637753734,-0.6846333233602898,-0.031825117725525924,-0.4938139698912059,-0.6375153245662213,-0.8996932406138891,-0.9229596664096529,-0.7145373210870253,-0.7873270053486507,-0.728078420838748,-0.6920427235372367,0.19739270673308448,-0.47903596619140637,-0.48092684689452825,-0.29112253550481254,0.45523123849933184,0.9789429316720746,0.3547498347374492,-0.2609661783524222,1.685349950064237,1.0426832731718576,-0.6933417656694973,1.3387620275450527,0.9129073723796723,-0.006285132841237548,0.34979587811126456,0.595868061590899,-1.2471053514927868,-0.08287606505884888,-0.3532736523709052,-1.0024997405741596,-0.9902356344954774,-1.2971152007439992,0.14428416014697792,-0.25338986001586555,0.3044178477002221,1.0006871805203577,-0.1886154929260742,0.611725747634835,-0.35207941239846013,-1.2086815996010016,-0.6867709091894664,-0.12513555950214839,-0.01835487534519704,1.1464856262372527,0.853204088839186,0.33159555180160494,1.5529032063680275,1.170258673257639,0.0891243667234526,0.47545915904432606,-1.7808553946874426,1.2356722269886817,-1.031330029972499,-1.799571095881079,-1.7599981889235894,1.477527928048264
2523,0.7677926899900193,0.7456278154884358,0.5642414708397026,0.4168694453795735,-0.6990058455840382,-1.118958476819563,-0.7977350396240661,-1.0169158364330606,1.1000643268499573,0.43742923061128874,-1.3521793325244236,-0.6468739220204313,-0.9771205597101394,-0.4149600317889614,-0.896216672676417,-0.4341267074976842,-0.05884078119912802,-0.8653603643918485,0.2815041274616907,-0.8962166726764169,-0.8002764372243738,-0.6980467515881532,0.2769776265659632,-0.9862215387747816,0.8557145945080659,-0.8002764372243736,-0.6460931379919519,0.0772546390827534,-0.19491785649173704,-0.8379098785990451,0.4390997598998559,-0.6212916835361975,-0.8651260031841448,-0.8655310463686392,-0.706539679123088,-0.18224073521601852,-0.27255057811976197,-0.29939875429569457,0.11928578268495947,-1.040829766656183,1.2598363220233846,0.5542297527473898,0.4097221666192931,-0.10220115119687295,-0.3778179861057177,-0.10022656535930756,-0.26393661377398653,-0.13808262422398374,-0.030950059283914567,-0.924151133818929,-0.5929933327710372,-0.8260401636457296,-0.5026946924326362,0.5594881991746278,0.9012140908875974,0.06665331559544435,0.11470316664671983,1.726421494547485,1.0037800896018099,-0.9943674093508827,1.2445574163887363,0.884986322579596,-0.4496803299586948,-0.038426936220269284,0.5108385417757683,-1.270034860307369,-0.48814962863242,-0.6272219351358308,-0.9723877541921725,-0.7186065376356912,-0.9621258432636837,0.344719792604943,0.1909787649444798,0.3234760059359885,0.6667467592112674,-0.4441920214072023,0.14381214985201815,-0.4650671166041994,-1.9193697016417068,-2.7293608168042933,-1.2729259005969535,-1.116719320602402,1.265332362617553,0.875304975656883,0.5295646467394438,1.6041272991082456,1.1663206522251635,-0.06543631686578513,0.7056428766373727,-1.7809181869338453,1.194953127898259,-0.9590683494328289,-1.7989921407952778,-1.8570634905652517,1.4630971887977533
2524,0.12796285157919987,0.30540280151337706,0.33507486161599537,0.4381782267214928,-0.7289148674365711,-0.7481721738689325,-0.7164877175488534,-0.7584368702084714,1.1923304140661095,0.3375227372144522,-1.6582077887806854,-0.5921005931940501,-0.8837305334936183,-0.3786396075038543,-0.849107465257913,0.09757146955531498,-0.19454805091315266,-0.5202411320924077,0.11713201312107924,-0.8491074652579135,-0.8749739613245113,-0.305288233289224,0.11952084163703935,-0.769131530185876,0.7166219297873989,-0.8749739613245113,-0.4869330306448365,-0.802670964964323,-1.0313469168001415,0.7104901845867383,-0.17714580638783486,-0.4317249658351821,-0.7219727657258707,-0.7471289214538371,-0.6996950237120483,-0.17980864785436548,-0.28858596555670774,-0.28806245265535274,0.15660427450977826,-1.016907669271058,-0.28221759394627005,-0.4436061098380618,-0.40096625852435114,-0.6833617400739929,-0.8768364716500388,-0.6553144618332392,-0.7288609090310532,-0.6766300442733061,-0.63110759911296,0.01060827750278842,-0.45669331354097903,-0.7159546263957658,-0.8055177317165505,0.03996170062395453,0.9128071677428039,0.07412792337204616,0.14258027095214362,1.8816900121728974,0.9148237866721798,-1.3244445489385024,1.1588164666778396,0.8577299035886508,-0.33320375290685356,-0.015475962336451998,0.4107106721403559,-0.8703215954786155,-0.42437294717051083,-0.3910993002432563,-0.7203596163743636,-0.5044743769932202,-0.9946138829481077,0.07795624790043783,0.23009235454709068,0.12673785232529652,0.5722324430266427,-0.36005296083333654,0.14221962785274112,-0.18375176536610482,-0.8786855616652648,-0.5980777389165347,-1.3224021896790745,-1.2089680722139389,0.8083189847881423,0.8568581972556624,0.3099022357026505,1.627654483970505,1.04882773133942,-0.2258933656871213,0.9321646300407296,-1.8100934186576532,1.1587139727989066,-0.8762920040422018,-1.789818221397198,-1.9626665352585642,1.4284277579504832
2525,0.36736581168931426,0.523655879299347,0.6380067188815881,0.6074691586359521,-0.7703806669208942,-0.7480534925363531,-0.7798463364467598,-0.7642530521192544,0.8604069740417241,0.16635690806855954,-1.7624628985416209,-0.3219860117745345,-0.48424199775254545,-0.17356030236304762,-0.5909440358827112,0.5909211547628117,-0.20922293148461885,-0.05420548746951579,0.0015750844077584809,-0.5909440358827112,-0.8209427021296819,0.1912828113723463,0.03632798402003616,-0.40356979847513036,0.5851132824890685,-0.8209427021296809,0.5674767522540985,0.3529968334910441,0.3545281639379955,0.5424075937401862,-0.49729562248228104,-0.06699564766976035,-0.36741488844618225,-0.4706858723727038,-0.5747529433905603,-0.08573662524660369,-0.1260005403394959,-0.11735573067184953,0.33705345479744875,-0.8823052445921277,-0.22020430898025042,-0.2851555763781029,-0.3390109104841199,-0.5601918981511805,-0.843258031345579,-0.6372510337294569,-0.7103349335954762,-0.6624538281915525,-0.612832700346422,0.30616739317481695,-0.17367058588435833,-0.8230018478821939,-0.6431898602204047,0.30727654905130986,0.6453846231118201,0.013423787610561523,0.5743373909481753,2.2877618264872877,0.6543665285866416,-1.5392362188277329,1.0700351971177342,0.8310760644965843,-0.053877015028344355,0.1369691959482142,0.3123343742926599,-1.0444950207114077,-0.5716977506056491,-0.42380067781387987,-0.24841075996795947,-1.1482628449966543,-0.9136879783867379,0.0721053582090652,0.3443298730257217,0.067557162248846,-0.10745712408095197,0.9318573272268933,0.7144224247615685,-0.3278543162064028,-0.8515803408555284,0.03723303312743079,-0.9943425649444982,-0.8770236016692372,0.9948031996619814,0.6547897368843584,-0.1950974069728112,1.563999217651406,1.0702594711605966,-0.36597213188411143,0.9908628998850441,-1.8203520406890035,1.1199586184447798,-0.8130657554546499,-1.7704204254554923,-2.003672109507802,1.4006134059061421
2526,0.8213585272151167,0.6441831389295786,0.01821086503464313,-0.19448717639237825,-0.5802812748120377,-0.8173053745410532,-0.6418393243787021,-0.7825537051953431,1.347537520297815,-0.7143094458557849,-1.783786106132764,-1.2887576964757712,-1.5699812658118333,-1.0334759289008932,-1.008856757532125,-0.976515465577463,-0.5422864242560724,-1.2631235873048254,-0.19881258525565906,-1.008856757532125,-1.053103348040803,-0.9253537156870586,-0.23668590524149022,-1.2964273998246694,0.41271169861096607,-1.0531033480408025,-1.18685339200155,0.17271798783464237,0.6727561499050477,-2.1719588394117655,1.8448329157250591,-1.1783274517456497,-1.1250783059706242,-1.1868103194135107,-1.2212552993882464,-0.8163333276026802,-1.020104140722651,-0.8675133058121943,-0.4393227308433101,-1.4486849225081795,1.227389223028947,1.309358166595978,0.9880103650513352,0.6426913684860887,-0.05022176396437856,0.20028339835574596,-0.0025409787930261614,0.14966309817492326,0.3011950658794516,-1.5137891909036283,-0.9528696208460447,-1.1945793077446922,-1.3105192007804858,-0.7221108626365684,0.10279283371695708,-0.3744043578333683,-0.859387037476528,2.243419233024668,0.5893257405132766,-1.6083888913669158,0.7118899550620694,0.8049665146143707,-0.6708042269694989,-0.5257991251076245,-0.02283154553753105,-1.0930816974155024,-0.8284349525300984,-0.3092947214309304,-0.45129049118270986,-0.9740068820832238,-1.1437264621284864,0.013623554374632401,0.6170699591358203,-0.20931614429140788,0.2900888505236316,0.49168883431982435,0.6475156306331191,-0.23696988585221962,-1.292124007204044,-1.1561859877305156,-1.4954819505690364,-1.3597363988326567,1.0943614288696155,0.45060399414926666,0.3539309853997289,1.5035782429210822,0.8077927644822219,-0.5264384183056375,1.2100497588644343,-1.8396434321907744,1.088180024231324,-0.795485950002665,-1.7420232388952968,-2.073072351203604,1.3668419543811499
2527,0.05621366948870617,-0.023988109664309497,0.18615619935333688,0.013873854585073607,-0.6698105811579439,-0.5582834270138707,-0.6260190001156353,-0.6209914765765521,0.702277791153849,-0.16054479348554856,-1.7663695398388846,-0.9589124621698623,-1.1270865753468595,-0.774937713559391,-0.8864927208980602,0.28835437719263024,-0.6554427305745893,-0.44487229706945686,-0.3752867992105642,-0.8864927208980605,-1.0681086323692908,-0.08631610696057423,-0.39473865677265185,-0.7569031644046682,0.23444675854926536,-1.0681086323692912,0.31258905257425046,-1.1309689151935116,-1.148894652148556,-0.10172931681215516,-0.6768215652766986,-0.4741909271931155,-0.706126619219714,-0.8013052329739137,-0.9774867982763669,-0.6622186542378629,-0.7795061468455889,-0.6335586928769343,-0.2201740083989328,-1.2816751503736437,-0.6429304607970474,-0.2954800304115889,-0.4287761092446382,-0.5567826164762952,-0.8632891276652518,-0.6855818662794382,-0.7583515296846043,-0.7141261367426692,-0.6645578816767669,0.39716842555132703,-0.8590860211461765,-0.9206847794971752,-0.9243790260069347,-0.7935885255483189,-0.36351502080171466,-0.21619838454680881,-0.15329097065774247,2.3418367897174037,0.4115217976889212,-1.671002887385371,0.676005148247472,0.779346073109704,-0.4031254187519448,-0.3382823879021746,-0.056106144289562614,-0.03298471546784676,0.06938554798637556,0.23892090299004784,0.6514078302982589,-0.5920158390930981,-0.9536122917326163,-0.3598500311600669,-0.08724078123773057,-0.19266681256244128,-0.6315998517606631,1.4140054157973776,0.7320359953853721,0.17900625455972374,0.26991702349423363,0.562320953404735,-0.7241507247688416,-0.7157168905870402,-0.11689600049358183,-0.10389202521495058,1.2549389200307801,1.409134043004472,0.3776242332270364,-0.5988234364953379,1.2724312942979394,-1.8459271559394557,1.0333586858738397,-0.7902084355880503,-1.7206614748066633,-2.0578901638575653,1.3136592389038253
2528,0.14127172499783633,0.1090947413581673,0.08164441582610463,0.005404099492188865,-0.7664122910515333,-0.7110667517485184,-0.7095268068636698,-0.6778378530797282,0.6033171529425523,0.045869929121273044,-1.903662169322232,-0.9305892041415557,-1.0925960451180075,-0.754146096628741,-0.7124399075515218,0.41686794671699606,-0.7161729882640337,-0.2477577035422238,-0.5156780844415031,-0.7124399075515219,-1.028019415373552,0.14287707172051936,-0.5152994085301758,-0.5845007812373345,0.06023665068031515,-1.0280194153735511,-0.21175903350304429,0.21649904156855448,0.11528858327494082,-0.3055643921338851,0.044687799226032096,-0.33111635036716236,-0.5908496710852088,-0.6641305925286304,-0.9275401428978279,-0.692388568784565,-0.7782897192345579,-0.6225057014550699,-0.21700299805085854,-1.2719401542796982,-0.4584828770379908,-0.29830512536135495,-0.3232057715225745,-0.5561727275094074,-0.8668058361670786,-0.6937249579557847,-0.7630124347037933,-0.7236436913536125,-0.6779724888912939,-0.027154060312562026,-0.4282478851927625,-0.7002702317664364,-0.9487332391126567,-0.7295420250014469,-0.3255233693775,-0.16650139436289857,-0.26023595029021696,2.169073826775329,0.41241568510989823,-1.8034143800746163,0.6558871472920719,0.754162064937396,-0.38553817039955546,-0.33168900279288743,-0.07104492037712476,-0.3702492537249328,0.0726786921489352,0.13034587238424458,0.1318000558758252,-0.391689219798479,-0.2527068757254799,-0.22671265194555482,-0.18754612776636875,-0.08328561489313067,-0.04254862604917462,0.5669469177000066,0.4596126636856686,0.10892720127350979,-0.2922113145083414,-0.28196307780840774,-0.6568361572907562,-0.6183936983646352,0.24084711122659214,-0.2755087722829992,1.8304468644678271,1.3406094043657442,0.014610246448780633,-0.681879324306897,1.3453459482997492,-1.8540610491575975,1.050858117465158,-0.7864740536616582,-1.7007738899896816,-2.045309726994887,1.266693757877075
2529,0.09102717800970331,0.045095440160374575,-0.13196907089346877,0.329545987420896,-0.8605626829027544,-0.7603603665092392,-0.6831787985663688,-0.7954459023983707,0.2906954347877045,0.5712532728961296,-1.8062459338913412,-0.4415656546346401,-0.43837681045796906,-0.3699671519188896,-0.283503381822349,1.0021194565240827,-0.6116366091729091,0.4025230660047384,-0.5700169978390915,-0.28350338182234924,-0.8323528727486537,0.7756180088226526,-0.5211554205707195,-0.03374675226648611,-0.08192446808964637,-0.8323528727486533,-0.4213383890871815,-0.12067992403900493,-0.08953940988474406,0.515707720833009,0.5406093369838691,0.3265105477992671,-0.11987631522797962,-0.21291469718337144,-0.5847984200640186,-0.4537224206079714,-0.4262452655795895,-0.3027497339370789,0.11023954534234025,-1.0304870096746759,0.05363199396592121,0.11136300150587503,0.21929197139845918,-0.11638032512824266,-0.6079841625497217,-0.4254773607492585,-0.5341899499680577,-0.4608354194891363,-0.3882072813912533,0.6125416303601475,-0.13792326681912415,-0.4110184538572338,-0.6859160017213759,-0.8463896705798163,-0.08517213535875445,-0.39012172962072117,0.17518896195919262,2.0306787322111304,0.39019458465965035,-1.7993106796451594,1.210315917431378,0.7293637467648701,-0.33064703217772656,-0.049932401021853944,0.37047824540849605,-0.6771084512192166,-0.4527370047657527,-0.13798656767975048,0.13189245689404022,-0.46054845067373845,-0.30955414487613725,-0.1729291316337664,0.31387411880450394,-0.1469411430942395,-0.3205462551438513,0.6304226559856311,0.3028578960786242,0.04670257880316863,-0.47993176944873156,0.030753575042053845,-0.36747071099545753,-0.30769950917091954,0.5667667449765992,-0.24899050754952606,1.89807423863606,1.343372170122968,-0.7586277013983465,-0.7647494000203324,1.3557785802346398,-1.8584524162485485,1.0467075030776916,-0.7814788973849801,-1.6800492203373678,-2.008083384907619,1.2349615599901602
2530,0.5438080011092992,0.7039434383769322,0.7781079647947675,0.9670196495647755,-0.8892403357599573,-0.9192747141463661,-0.9455176618742368,-0.8443788373439854,0.1442735313874763,0.9365995589075474,-1.6407487491055772,0.3599164627635942,0.5137786792508179,0.31084092833522325,0.44472768218669656,1.6422536371818934,-0.2790369063299761,1.298099489998823,-0.48262624720183955,0.4447276821866964,-0.4295232359370038,1.5833223392468492,-0.3573412096426983,0.796821814602431,-0.15512836319382386,-0.42952323593700403,1.7180401580113491,1.1011532458236313,0.6677994156917205,0.926502605263613,-0.42239258374176036,1.3925423997394353,0.6563277282487057,0.5032630701979367,0.0018740954979331794,0.05420985390728566,0.2684265679505343,0.31283855602432686,0.7317739274335144,-0.5722835783850987,0.3190758824480836,0.43448052051138936,0.5692266047581214,0.20014673830640095,-0.37962294290914855,-0.21510553193953733,-0.3620197260026179,-0.24437958672704602,-0.1615856229343405,1.2051011250383674,0.31074861674250415,0.0883958359384446,-0.5268637943786249,-0.4354668607307321,0.018132033131582,0.2714523780386279,1.0826160584607591,1.9558607843578517,0.39768558178104163,-1.9023945247794962,1.3671853729704546,0.7049017468884154,0.3071125770272326,0.49726043734490116,0.4940334911012105,-0.7117767856788021,-0.769251605891855,-0.5175745693562789,-0.28043539928193045,-0.2436580144875511,-0.6830120623238287,-0.384213824509447,0.6614333968394924,0.028748383018963344,-0.16607765871253025,-0.08466863670734523,-0.20337642346363033,0.283243874174897,-0.5963894630487548,-0.26088540044337305,-0.2210877424395772,-0.16194659547033374,0.6004504392064536,-0.1493511514468001,1.7690082797868338,1.3135156840943967,-1.6771826702421693,-0.7480337450668471,1.1545376101453142,-1.8469687186225279,1.024511245763607,-0.7522438197708917,-1.6694175512211324,-1.9605465838987983,1.2235810046095634
2531,0.68971851751021,0.7300202801499533,0.8480916905253958,0.9014049903310282,-0.9484415361618483,-0.9282981130657759,-0.9642684554251462,-0.9169529386329353,0.022350473434582567,1.1875061293172946,-1.7101557881281677,0.3123708433870088,0.4536125305486574,0.2697616497012671,0.6655887634993196,0.4842959389651305,-0.0884312050879274,0.7456035522326916,-0.35427452701543205,0.6655887634993194,-0.17331058721552667,0.9954103885640926,-0.2406728343073058,0.5742509798623768,-0.184368535914807,-0.17331058721552625,0.1254990186578006,0.03564711587911637,0.20527990426770598,0.4782523894642134,-0.5719275411419781,0.8571982392101085,0.5758669447184102,0.4420359810302959,0.004295084393418032,-0.004941530507439009,0.2068738729919255,0.26064961104780493,0.6676119332206505,-0.6200514945841419,-0.12521088759312587,-0.23867045368352438,-0.19189207794690732,-0.2988618590995746,-0.5953081563840282,-0.5865320849476829,-0.6786893004108956,-0.5973244926067518,-0.5584155137965158,-0.12181822481480761,1.0660500977575493,0.024636979416437704,-0.4522535785712812,-0.703912222195184,-0.1821954948147387,0.11080663719224947,-0.4106669686370939,1.8697560272995641,0.3413543388462361,-1.9514026058354152,1.5357723036806612,0.6807275025204855,0.15460569907735192,0.46189750397864,0.6377062498779741,-0.21711939218712545,-0.8408407304643326,-0.9061966411257603,-0.5497319576055503,-0.8852184588509591,-0.8252867315393851,0.24178255088072736,0.8848537431632929,0.3712922771873873,-0.21616830538728182,0.2438261834437447,0.04664659964261483,-0.4188606132809285,-0.12689877733662597,-0.33941842979545933,-0.04529554077363025,-0.04136758630010887,0.03068742377718958,0.2422668120531215,1.5234227602249995,1.3046504392706877,-1.7521428851428311,-0.6911661187538034,0.9432187179377278,-1.8322284839983098,0.9910182257493008,-0.7415595316549335,-1.6602731101083552,-1.914081030407289,1.1950165799284294
2532,0.8980115172721489,1.053103254230327,0.8702715562781358,1.2997190194943942,-0.8559312005608557,-0.979341551705151,-0.9145204582022002,-0.8559373526062224,0.13171514109584156,1.214972727557101,-1.7613496997046523,0.8149253847661446,1.0108328639314281,0.712796377180019,1.002654760500193,0.7441914133807368,0.20384181104055843,1.124797525544421,-0.16173115152505405,1.002654760500193,0.16185124386907612,1.2579079224431908,-0.03969243554173151,0.9862416695936862,-0.15737259180566124,0.16185124386907582,0.03847601285320969,0.536920366084608,0.3031021239358017,0.9148940579407331,0.29629769726799726,1.1268019663447955,1.0538754470200766,0.8600904980090602,0.3899278362647907,0.3260437074370142,0.658082574776033,0.6862944744603826,1.069630451195301,-0.3144748368247424,-0.08093119370863344,-0.17997044834779818,-0.10708713910298419,-0.1577079211770128,-0.4821805533752947,-0.5330326054838854,-0.6142108875533026,-0.5455838792948252,-0.5047682691851877,0.7623290648269486,1.2493905432202437,0.22254465302779552,-0.09750471674829204,-0.20677548017462183,0.06336598328785095,0.07119306680502216,0.8902366151517448,1.775864748847349,0.3891885729856869,-1.8166911329304034,1.6695967463038985,0.6567926761556789,0.5468056971701439,0.8241643299196961,0.7650251272718425,-0.5665664102237185,-0.020714163160658494,-1.1054060617366916,-0.6544986407972043,-0.4995521241208615,-0.5445554010542131,0.11520199406469792,-0.13958107999712294,1.095633621627507,-0.29211529310014356,-0.2723980726518426,-0.46647893836153487,-0.2197179781817305,-0.5987905278546404,-0.7218032136277562,-0.19368721437254727,-0.1486727662272997,0.445372114250233,0.6400043355038195,1.1193682170125985,1.2767067148075568,-1.651856001827523,-0.6072672521976497,0.6829297359147843,-1.8396879929079692,0.9613358460971336,-0.6894902141951665,-1.6502513211042895,-1.8842542710893035,1.1688272807880757
2533,1.4735842643296573,1.400141411028558,1.4395388729841903,1.3962564754650126,-0.8317445214297896,-0.8918911671854963,-0.8968328537822214,-0.7802365630210057,0.21670682589932888,1.190519008377053,-1.609096623744743,0.970147931702228,1.1701065280128593,0.8529324631086111,1.0998687806561431,0.23065873176368737,0.4352033370239696,0.8767230689679787,0.051615612645704294,1.0998687806561427,0.4164658791749361,0.9325546965904054,0.15020982405866198,0.9208806071432817,-0.08855882121544961,0.416465879174936,1.0746451901321823,0.5928574805970477,0.8733425393055679,-0.10469100647116936,-0.4921492355101843,0.8063304329831391,1.0671585111179651,0.9312533275994244,0.5088425747959802,0.3746389980192167,0.7760052924805324,0.8102518694965107,1.1687321750369504,-0.22626722716185277,0.11181013799700834,0.1473345737818326,0.13484982185118521,0.08202163888580442,-0.26188487437073554,-0.3864471193424059,-0.4787494646095886,-0.38166696236658193,-0.3394773835946698,0.20794999214872084,1.3562480550805138,0.6356150417619184,0.17835172163073648,-0.17025495670150861,0.3056443364979227,0.7358647779357054,0.2719145944688101,1.7061145257321553,0.3552505261250383,-1.534037838150706,1.789282452619603,0.6330485297188115,0.5992867861312915,0.9340438943184749,0.89343617315432,-0.5381634201029513,0.37592196653444104,-1.1420485734062304,-1.0364236374734241,-1.153006133936056,-0.8737461514595954,0.07100750496802473,-0.577538011375966,1.3734487449586554,0.18196889918008297,-0.06484323819475096,0.08444972394700126,-0.34193693573096057,-0.5536820972965331,-0.6454759146909561,-0.2776943919012919,-0.23294601891695788,0.41868536813115037,0.9537936675694619,0.618246642068045,1.246449601630946,-1.3079259276856638,-0.5360768523877739,0.473936457054174,-1.8528815046715483,0.9221642668512883,-0.6476712579417402,-1.6384230610595656,-1.8531943256990904,1.1492523550733065
2534,1.4013939015721535,1.4505344061518914,1.5391182013967237,1.4237997896417796,-0.8454901918595995,-0.8755307130115683,-0.9117077846075263,-0.8093159277946704,0.3356580883433927,1.0064565140063944,-1.3814721102649006,1.0553578983170215,1.255897306883619,0.9281436286870544,1.0254125927855515,-0.15109954775773407,0.5952481087468842,0.6013216483252323,0.2533923249736928,1.0254125927855513,0.5776864275484631,0.5831175170195827,0.31205439348172986,0.7754442655086277,0.006465359492330251,0.577686427548463,0.22222885415223628,0.10877606120850203,-0.08809840769927767,0.11173547859292883,-0.6855333699616185,0.4738883663952612,0.9900893713303096,0.9305785881178049,0.5569801724428591,0.3868624960042425,0.8184150349987026,0.8671659864776317,1.1730077929438425,-0.1895599566925723,-0.05355236400193433,-0.038975375771390396,-0.05222761397339796,-0.06857293643809652,-0.28902308649555813,-0.4766739405318519,-0.5535614430753376,-0.3753851588157161,-0.4277730818216154,0.08325370467506142,1.0748030782188158,0.6669605530131241,0.2889972190152095,-0.05214842610268278,0.32664446952877685,0.6820629306097723,0.2958660736041148,1.6096572041786434,0.47166885692046345,-1.2441997681540968,1.777520880354253,0.6342116076905954,0.6487180392466502,0.9756410616480381,0.9051210525674895,-0.787808605194412,0.6320705782762341,-0.7738888882965936,-1.0828855543804314,-1.3172255665829444,-1.0634068949348563,0.7093249319227014,-0.9322506073860736,1.1591212203284467,0.6487165385983272,0.04170467835216667,0.545490485562213,-0.9461722477968635,-0.8139076650414162,-0.7131617049729947,-0.4249760911728763,-0.3517316511222156,0.6960623354014208,0.9946043688232596,0.36324083787534256,1.21069785047353,-0.9608227490722586,-0.4783541501177431,0.2972013785866854,-1.8626488667909955,0.8876692454734372,-0.6048584001727261,-1.6255698680611375,-1.8365545630118154,1.1594713197667565
2535,1.9093711504605533,2.179983230308865,2.0058085076590864,2.249587521700612,-0.9503213558623843,-0.8577356357138708,-0.9838372201012779,-0.9209998381087278,-0.09608536991308818,1.8151414737197475,-1.1197371195727672,1.9081719548240146,2.0365358616372746,1.7778376069600466,1.5615421912185115,1.2654758618119955,1.0765907575855056,1.7893062627379965,0.5676853302980529,1.5615421912185115,1.0211651468636738,1.6012285040325016,0.6858438850871509,1.7493285895284032,0.17516979263709542,1.0211651468636738,0.9615581943928775,1.325150365238367,0.8216666477858939,0.9002352446429548,0.0011456607280977212,1.606476294168972,1.889073249782635,1.761720045102711,1.3784010442292902,1.155213013815688,1.7887171091225158,1.7469726367598428,1.9937577554027957,0.5589128456112512,1.2657043096163407,1.0805548475802635,1.213288696968843,1.0949542952154112,0.6821161593546198,0.27833934458039833,0.09458334827234499,0.4796945194172819,0.4119756785355832,1.6980329163235144,1.3262622229877925,1.1847836036472168,0.917377187896952,0.27404761729841187,0.892209439835328,1.1517452617459916,1.1829959700024,1.376425381219515,1.0248630758112196,-0.6929159578766807,2.449608561763134,1.5102290101435547,1.2474900779659575,1.3870119672772139,0.8598462306268834,-0.9856488634622599,0.25417838686402516,-0.6182870657741932,-0.9863140400491094,-1.4017714982949476,-1.0531758317879947,0.6855656572664559,-0.5631739111531433,0.7726309010378367,0.6910681876775413,0.25506418369590605,0.7688027992166094,-0.9504193077129275,-0.7182467665911199,0.19809945497472697,-0.004885816290336132,0.07657836667704171,0.8945547764914499,1.0852238040079785,0.2076554367842931,1.160583170999172,-0.39658510539264913,-0.24107787653431925,0.09561663712917112,-1.8500668170467223,0.8551877702954354,-0.5346973300776523,-1.6120787208835563,-1.7926908908419301,1.169123286146645
2536,2.2279553623973696,2.167570754977543,2.2903879991909255,2.216423998926787,-0.9905062074144156,-0.929740543191006,-0.9963436129128255,-0.8899231959643642,-0.14959768657422118,1.6481369285783183,-1.1329069247870025,1.9096852372799653,2.008414780260237,1.7966951730413137,1.5793900271551038,0.11443858216785328,1.370176884290781,1.1372783836343232,0.8900108025826858,1.5793900271551047,1.2555237072353151,0.8889568996853636,0.9832164578558922,1.38771925072506,0.3850468446557866,1.2555237072353156,0.6929928725115101,0.10082169827293379,0.595588244155956,0.137079454547714,-1.0082198626516863,1.128432104287839,1.5854820695056686,1.5947024700002732,1.3706560349495556,1.1497246790360172,1.7730879806282642,1.7335540715201088,1.938489435503773,0.6028572498824348,0.7377159470227453,0.9709291564877843,0.9269459539327114,1.0077041008307608,0.6364602673566638,0.21221693611334402,0.051372654732539755,0.4311726853916563,0.353320783183781,0.08974915102847451,1.4173588307318994,1.7783727598779964,0.9214645980395176,0.42142445522264915,1.1820475916717135,1.4724800011257773,0.2553853854424786,1.1928777120082665,1.5441381743193279,-0.15849065645703875,2.401542000621181,1.586527928016462,1.261923750960612,1.383613773096371,0.8468019257258256,0.3562824019042946,0.6323679044313767,0.09470742344822439,-0.05950569436094836,-1.2471947591743153,-0.6114963368363315,1.1371225312973232,-0.6037620290691219,0.29237676513137234,0.18411677669167434,1.2397942769978954,1.231044921048341,-1.3050097447681361,0.39248174507175865,-0.4895070881663904,0.1894626657003525,0.12894863579279947,-0.619394859150097,1.1252881236277845,0.11169562928951991,1.156467344604524,-0.5733910713524334,-0.05151469217944646,-0.05511446935954589,-1.8374526775308364,0.7618685213599343,-0.48585559937980116,-1.6019946198971136,-1.7448101284513915,1.1164288428296105
2537,2.466640131869217,2.4235311046056807,2.38828597235068,2.2139348895086584,-0.820233656414093,-0.8672322088139501,-0.8289146214309401,-0.7599946158439407,-0.21766369823880188,1.717698498105423,-1.0548186317049022,1.9383551473621408,2.0068914619749254,1.8426427498339846,1.409761788400472,-0.345028646463713,1.551101648853646,0.767959250578733,1.1749090181858026,1.4097617884004732,1.3574099695478195,0.4385313339211487,1.2225260282152077,1.1424672535461948,0.614752364295392,1.35740996954782,0.3853541708311194,0.6173679358767322,0.5372056445361797,-0.46075857294130335,-0.5875310832011204,0.8419223442589674,1.3610562432180817,1.484283610203317,1.3795717560316172,1.1836130582494055,1.7935835166020209,1.7391698917032805,1.9166901366665714,0.6768067752458476,-0.40587176182761264,-0.09644641038959141,-0.11064599980754689,0.07939984941325966,-0.09097969430910732,-0.4043944642579578,-0.46094619910594575,-0.23784671088296278,-0.3238543270054868,0.153875529639443,1.1034477059781174,1.6530459629456908,0.9051086935059945,0.6115478722673888,1.1630650090178816,1.7200013301539823,0.07304985791791511,1.0307419754914093,1.968908570295912,0.45568283534631315,2.612487976394113,1.9973953074410082,1.1356479336058136,1.2714151669322087,0.8215821657127829,-0.17577474605098517,0.8996791789864365,1.1650033496951648,0.02245340910208612,-1.0200738841872077,-0.11640729636608506,1.4661090237181305,-1.0460036081813608,-0.6226725548770514,1.231467194290375,1.0957374282024799,1.882805494213494,-1.5319374281349203,-0.11649855655217149,-0.3533785495446167,0.2033585186549765,0.20013005692320018,0.011907408189549336,1.1759683329320259,0.06084458275714234,1.0101279010125408,-0.4717155313541537,0.14368449842407047,-0.18848706069156557,-1.8061757019339004,0.7128044440399951,-0.4732886340239473,-1.5783827881465804,-1.6889109663546196,1.090722907454172
2538,2.218928132028309,2.0514011798605054,1.9621998439776864,2.0608418436105773,-0.8002522302549884,-0.8288242355208458,-0.8692912039266205,-0.7304064077539141,-0.3389719852282111,1.764976851928778,-1.0348256830863127,1.7666414974822924,1.7967515652202521,1.7027995115181067,1.0416852287865501,-0.8576880479899266,1.5795739017592123,0.2242046722269229,1.3743012667159034,1.0416852287865506,1.296234296448982,-0.16281265577196805,1.3592767163298398,0.7095105998658217,0.8350371921396308,1.2962342964489821,-0.7298460578144809,-0.5522942985099529,-0.26416569665077627,-0.30759239836558394,-0.29864410899881827,0.3112129618660784,0.9454265449032453,1.126715615935759,1.2094201706229275,1.047296261033412,1.6224589184795406,1.5742718145237942,1.739288573731644,0.5878035715576784,-0.4550055234957132,-0.19346793011190935,-0.08035778669847143,0.0174750573474517,-0.12899292916857963,-0.430128939256176,-0.48660753555303926,-0.2626428672519453,-0.3616433599325552,-0.18988636908428638,0.9005493036964471,1.5619488588042942,1.1368148481994265,0.7694325440698627,1.3307949871348363,1.4685605735804903,-0.33138561170215963,0.9121967656576345,2.3011572576274317,0.7468454893348531,2.7792142824737676,1.9385067667886706,0.8046893215768517,1.2021026700537438,1.147594308375971,-0.561422235444697,0.46477304622646426,1.3923954337687434,0.010020967946178171,-0.6811046317135031,-0.07857726561022423,1.7189852090431852,-0.6668970687185978,-1.1239298684794847,1.4848465419771912,0.7249712069630139,1.7372353681432566,-1.6679896944999362,-0.4590419545998611,-0.23415091972015778,0.2868505127844,0.32125393165904914,0.44547895848260255,1.2488256923162562,-0.016987174432050566,0.8406979445715254,-0.45317215621337936,0.3175211518505689,-0.27652896059238646,-1.7622617742305402,0.6857446054393723,-0.46899987571246454,-1.559200425231283,-1.6399025909368306,1.0821406071379378
2539,2.0117172912474413,2.2841491335434476,2.2020802083613256,2.1346797169644645,-0.6644592645351178,-0.7720379160396603,-0.7225297799451798,-0.6345128099773378,-0.3431203015039029,1.6098432105210512,-0.8241005927371762,1.8605800960363996,1.8651148377365836,1.8122732965991468,0.8389062162824052,-0.4762727857851616,1.6247666579980993,0.3067611830251146,1.5212999294552356,0.8389062162824051,1.2440032234803595,-0.13872246708294836,1.4856398700499185,0.7005785467132263,1.0446126512454794,1.2440032234803604,0.6486051318734929,0.5870941488879151,-0.25209985825919445,0.40420613727673926,-0.37774332681121614,0.21330962468756257,0.87143731905941,1.0660423162085721,1.2665240656058088,1.1619189247975796,1.725033007723167,1.6481840483132235,1.802250616548908,0.72864181447263,0.7905254604296872,1.116476760657453,1.258780235354107,1.2792615156639677,1.0440906750138796,0.5316546987455769,0.358287576907707,0.8168387151061135,0.7131916506746165,0.29958579236892896,1.0041708990946632,1.429774661123751,1.2223583459533809,0.9489830560571881,1.2964378109471029,1.4722248720608435,0.5200097059937148,0.8008356690679019,2.642649760727833,1.1319232876569056,2.7101697545878274,2.0298372909930014,0.9285799476705193,1.2936725474562427,1.1621538005040302,-0.8479587251795936,0.10767665623426338,1.4103820348821479,0.41307732555512827,-0.3593135705258019,0.28488092889781425,1.4881533677460768,-0.3500440034245563,-1.3551270737853143,0.9734238816089408,0.863913276484355,1.4510275659118623,-1.390873614895292,-0.8094081957524272,-0.3819484958466164,0.26123455600850687,0.3281007715957972,0.7984908625052998,1.275727844350109,0.07654681993292092,0.5052959633699994,-0.6121950228216452,0.4676424876442325,-0.3274804632233955,-1.686088164149822,0.7069776371800655,-0.4580164018641201,-1.5288439172018131,-1.606032657377232,1.1012113643308237
2540,2.313501745220107,2.178616020446747,2.0433801934869256,2.0154516985868773,-0.5295276878042866,-0.6343187843605517,-0.6258059065670877,-0.4970124973230982,-0.3630862131600995,1.7285691881798892,-0.7580038424332748,1.7664898052119251,1.7530621048758808,1.7315993809586516,0.5472897298402217,-0.6975550567362125,1.5881621610841024,-0.02241606025418842,1.6015886836574287,0.5472897298402215,1.1075018067224653,-0.4808105932706214,1.5421676222418683,0.3923504911231243,1.2262930236231775,1.1075018067224653,-0.2025320545207419,-0.0546870144853658,0.6608977839269158,-0.7085741495665479,-0.11892525271835139,0.050364712651709234,0.609603389197942,0.7736586352954887,1.1206260650324122,1.0727495495538566,1.607343325531094,1.5003037910344759,1.6715861114241386,0.6804235374058432,0.07398059865600742,0.31337817377924587,0.3619940924156462,0.49910376948162594,0.4099237105812223,0.02258386530344902,-0.04280442128149792,0.2528592736194655,0.14798819765626947,-0.12453779254399411,0.11357124093674573,0.9604917656523274,1.078225846911025,0.9919629127141538,0.8508813476563429,1.5140372202248715,-0.3370229925191811,0.7460894251317293,2.86625523035733,1.4240005198878987,2.557987454320967,2.0052703879505036,0.873754819793533,1.2507306208045261,1.1626555715261606,-0.9897507628602988,0.2494734567366902,1.2922236795774003,0.6112879015747585,0.017274022688952576,0.3116647384476345,1.480683542927865,-0.5431077013054063,-1.148156531688686,0.5870908571032801,0.7083296567566781,1.025381950153509,-1.3003819326322377,-0.9365478829690354,-0.262752973777651,0.2662916904213844,0.3507504013948129,0.9923231899321634,1.323136339514876,0.21236798667669238,0.10142164971821642,-0.8979417237541659,0.644553733228595,-0.41413774758543825,-1.6086494031082224,0.7438218133935613,-0.46805810072526194,-1.4968918516209913,-1.6091102443280825,1.1433766316085143
2541,2.001091890864161,1.846305657595201,2.019143489728386,1.9096682147716253,-0.35522239122235666,-0.4712912469618802,-0.5095966001301281,-0.3658632636383803,-0.01656559440465689,1.6058183747342556,-0.9038831034488337,1.6805916731686141,1.6475385820568227,1.6590628247881811,0.25653634363702105,-0.6989845801478806,1.5066251341431707,-0.2273586046653757,1.620942332656111,0.2565363436370216,0.926050149333879,-0.6754043075250823,1.547153049376435,0.14878035389111008,1.3708150189122632,0.9260501493338786,0.08052813254370525,-0.5610385081625766,-0.4453100696074277,-0.20266387126935806,-1.2624469792854631,-0.06925389989636976,0.3562712938610384,0.5238299580523165,0.9864814404474633,1.0028448833707897,1.5031332543251443,1.377148888084893,1.5582447985981467,0.6326686767183552,-1.0601062054551416,-0.9020726131579057,-0.858219658688557,-0.6677997617755588,-0.5874461694200821,-0.8207983425265681,-0.7878108613049514,-0.6956985104740371,-0.7872282968672816,-0.12129296284754769,0.011852402481984383,0.9539239888854324,1.5230995451016416,0.9288160473158047,0.7283760854905413,1.5391955855125201,-0.03542131230008214,0.7305811205949313,2.9812085536559265,1.6690272807933395,2.592907992787786,1.9745326746983198,0.6830295968446248,1.224502304117118,1.3689008580209119,-1.1397569329379973,-0.7671759337298459,0.730245601401048,0.3953560065574526,0.15774242192356114,-0.37938560427781476,1.5203553127217082,0.5289597220146027,-1.1703169030343656,0.2600992119418256,0.3078763433884979,0.448203784991612,-1.310418741255656,-1.3021930621834097,-0.8909405523977755,-0.10266020134091461,0.009059819443816277,1.2038051922364608,1.3711765593493732,0.28351398711568576,-0.16122496089531196,-1.3262240382757464,0.791546001913683,-0.5637513498951596,-1.5367193920020048,0.7550432801813677,-0.48882682597943133,-1.4619564821767215,-1.6118654978940024,1.1952628184934448
2542,1.828481708431245,1.9011043122735083,1.9414976511499262,1.994499959185925,0.30128793290645556,0.0555987470139194,0.16871182715574445,0.20173528552066,-0.08605533463716332,1.7266248858318942,-0.6591222630864725,1.8270523956243008,1.78481776140445,1.8065927033646765,0.19405691530909755,-0.15117847228847736,1.495798054108005,0.04815368325091062,1.6275991786219495,0.19405691530909866,0.8200326193641089,-0.39646774477147145,1.5760726410542845,0.26955143266132064,1.4909249922898984,0.8200326193641112,-0.0538845866477476,0.21199091933764153,-0.23741926521644338,0.5356027700601422,-0.7952655708259038,0.21175319652537541,0.4145042723649044,0.567782794782381,1.0636867098565395,1.1295325806284173,1.6390387991387358,1.4710628277901945,1.6509474189086506,0.8099214497429016,-0.6396110446726041,-0.5973343564561537,-0.5175389033478567,-0.3950733019361736,-0.3040024425220928,-0.6202246748031951,-0.5925415539351614,-0.4650562229731954,-0.5604109133348201,0.33195713565517415,0.09601661495181658,0.8051977534724636,1.480234191349829,0.9718534831733749,0.6496908621619278,1.34009578250881,0.21599078896237225,0.7307453232381214,3.0651409630129245,1.9217322043138039,2.4744615850867246,1.9423669809590607,0.8828766384712798,1.3936849742767925,1.413243598035639,-1.2409021833014244,-1.0064400456167142,0.465689945422217,1.1788525880605332,0.06971104882707081,-0.529392245608134,1.5460832303832353,0.7639585572709423,-1.0420300682272143,-1.0966672799508366,1.327294837604826,0.3080253233267231,-1.3607957543899982,-1.148763423751298,0.37642153889408414,-0.04477646290741526,0.09213281652614928,1.4669675473040713,1.3948773885224555,0.517695538594366,-0.5029340344946494,-1.832932640554723,0.9616519275200046,-0.6840119286330955,-1.4624274076667303,0.7363234540780181,-0.4878495848027336,-1.428765272791643,-1.5771348352122412,1.2080876567564822
2543,2.089563615864734,2.0892167849283245,2.017680294534907,2.0265213779300515,0.5206069618546849,0.3489243819727127,0.505911003122241,0.4990117661873075,0.4796984626082222,1.2634087996258845,-0.8819906204303657,1.879093272259032,1.8242735464543163,1.8687490267464453,0.18833330206621773,-0.01388578314237713,1.5002238927650686,0.12487655883931144,1.6317215072667606,0.18833330206621757,0.7402953997960934,-0.30003052951639547,1.6036508290162679,0.2856961369038449,1.5905474586304154,0.7402953997960938,0.3184395537906984,0.5316267575316158,0.6133032887169799,-0.12148779485147766,-0.3959280577501876,0.30570307711184214,0.39986844055016163,0.5328673639627957,1.0577116399029005,1.190601962548392,1.6900888723291303,1.5047921817870882,1.6863176296839282,0.9196700062568115,0.8546409001793824,0.7658724981694958,0.8795077443659022,0.9832988686955211,0.9459104133848222,0.40787250048764717,0.35988824445541573,0.7146732469636438,0.6126905490456033,0.22161509603843868,0.29333143659805117,0.8057693994873626,1.5311634721811211,1.3310740188329033,1.2515463400930977,1.5819489265666928,0.8519556268456893,0.735665354941717,3.1180527180105226,2.2153369106995355,2.6413051773594516,2.203458747072778,0.7599356341139624,1.392196734226551,1.5871194257598922,-1.231779258483746,-1.0163896951510667,0.17842445911737248,1.206515275187083,0.13724909707902325,-0.615959203595264,1.3559318234917381,0.7790013311211781,-0.7720779936953855,-1.4333804624355968,1.292563898752063,0.022072984891489754,-1.1793852910915636,-1.4779754431445797,-0.6444191861767236,-0.6169467775634657,-0.4671706152833774,1.503513512893446,1.3717217581371737,0.6936949052612795,-0.36715946050924125,-2.197971977911384,1.023324962896412,-0.7669496283139278,-1.3725843764476287,0.7025678667628947,-0.5251001603464625,-1.4029960141694826,-1.5225842523028044,1.183778347999204
2544,1.8951414446093273,1.7687864148707875,1.901376262647119,1.8226060787975742,0.7354138114451139,0.6041681615279577,0.5804278461473343,0.7581887065715045,0.3752582924944018,1.22951841445104,-0.6826582544726153,1.465392824562082,1.2711297997907252,1.5594665770598484,-0.054316817891088054,-0.5920613765231336,1.3899749578613192,-0.3813132899016506,1.5911595873339794,-0.05431681789108696,0.5499634148018164,-0.7436720664859627,1.5494487334508755,-0.13469596574907125,1.6520143364654991,0.5499634148018151,-0.16947907329777465,-0.6135692266411396,-0.28590871161436604,-0.17222330244148087,-1.1809030390704802,-0.05844727730354139,0.03308717045725036,0.21044479408043,0.7830547255377268,0.9682166959584352,1.4424121490219437,1.2667393613892166,1.4644515848320585,0.7279165762671223,-1.3490309347860223,-1.3087014661907521,-1.269829730118556,-1.0649079791703417,-0.9234520251767209,-1.1064666050138265,-1.0513582341536096,-1.0271673578103149,-1.1092991338486933,-0.3987877387764809,-0.04167261187753428,0.6433232719456223,1.2045885863405126,1.1909467805887315,1.0902441662647362,1.1520506691107493,-0.45918185889989527,0.7652748703511469,3.080247943728043,2.405664779981508,2.564506390342939,2.173061667557283,0.4827807898100424,1.242217400269876,1.682805559527025,-1.2337697645561578,-0.894936605800964,0.05987802341120793,1.3539474663269042,0.8600191265860067,0.43253018919089203,1.5795831423824815,0.6430526063459154,-0.5869851508724201,-1.7202302079915692,0.748367811554184,-0.6967065929625041,-1.2265645404322327,-1.1235533454560187,0.7099030667309337,-0.5141160536219741,-0.358478349794326,1.542046481283502,1.406383639331682,1.145554027829798,-0.39451091207266525,-2.534764843517835,1.0743560925397428,-0.8675876743757308,-1.2716018734501224,0.5923447957903938,-0.5524317487525834,-1.3659069519968388,-1.4664203148903414,1.1528848015024837
2545,1.6693711647182923,1.9226140837824628,1.8012808749125828,2.0368149669780737,0.9079884854509442,0.7872106656518526,0.7440949972842013,0.9362484918239911,0.7255331929611125,1.1226080917390557,-0.36775691095417595,1.737146699665822,1.5606348096203186,1.8277586351936181,0.09922997251028168,0.37386642058468605,1.4329044662884938,0.286644059805031,1.5791200603811688,0.09922997251028276,0.5299350073323272,-0.07465545954007904,1.5773079004738673,0.29977395047384253,1.7044713196299976,0.5299350073323277,-0.14860463804524082,0.4465368617507667,-0.39641607646356664,1.2472945735108663,-0.15596194003411148,0.46894654404201835,0.40360626965936647,0.4678420451602465,0.9968342080364534,1.2485766990000131,1.727078573186156,1.4948111714026484,1.701572049451002,1.0742785665879826,0.6035933973630612,0.09837063472689817,0.0714290532488924,0.17950207365542964,0.2561825481019169,-0.17707901929598946,-0.16448482569597825,0.04864116199396776,-0.03688430905416348,0.7013360894094113,0.34967998457148974,0.3092252721215855,1.0452419343846953,1.3010809782820079,1.1893067158454464,1.6330990108132042,0.988375110657199,0.844037983838038,3.075695564152425,2.6097391009989663,2.4119815065876122,2.1724340290597466,0.9270731688848605,1.5401988617475117,1.6525310561848743,-1.2105039804388555,-1.0198735980096618,-0.1829999391934593,0.8253074703572129,0.7019074853630315,0.2122069960409755,1.1772684168674863,0.7868438417930347,-0.4347275443901944,-1.2417809520759573,0.27007803094504795,-0.7477182204730604,-0.9055171444339293,-1.3084652100734875,0.10063359928074979,-0.8653081041949868,-0.7041810147343337,1.5439281390747797,1.3418260658995411,1.6691436789779341,-0.06472393415921501,-2.604160100089543,1.104272304245793,-0.9142498316547092,-1.1614803617657703,0.4719088692966561,-0.6243692119758917,-1.3163967260904448,-1.4456846247904476,1.095844659348496
2546,1.997891862107987,2.230681363160908,2.0831900976197324,2.30281683054105,0.8418846906120734,0.8908780552684739,0.7369679537438072,0.9618269734658013,0.39975472909873827,1.4617137802108104,0.2730290505561407,1.9878926437872426,1.7823303399598127,2.111651909091947,0.500202637922815,0.9705476070704092,1.608373401863863,0.9140066070084857,1.635183464948528,0.5002026379228175,0.6662770872116137,0.5461944356797911,1.6919422751951603,0.8027783032529089,1.771935151479382,0.6662770872116142,0.8835581950162804,0.870129731544039,0.7776713770030717,1.1605656108903997,-0.11708969191247885,1.0068149822166772,0.8612275734055849,0.8092853874606942,1.2512398775225275,1.595900241808638,2.080337111075294,1.7897753597206763,1.9997251475310112,1.5268964497916242,0.618549425369762,0.44531024150762977,0.30931197541003724,0.4834537356289139,0.5412413664991411,0.02192803805327188,0.05859333581819046,0.3042740709909819,0.22179733530991602,0.922228540066884,0.8521318057299163,0.5781453832033268,1.3429504712390372,2.044678956401598,1.5070761204432708,1.6801314475986266,0.6609749711935909,0.8993100895195195,3.1413934635300196,2.8473335990044757,2.5795333848009903,2.8662430598961235,1.18002169331652,1.675999651356432,1.5920751722833022,-0.9484211488741463,-0.8367998068396063,-0.6513052119270843,0.5107233915455068,0.9170474800597105,0.4298025650441754,1.6211775624982745,0.6575309283546873,0.10497792969308128,-1.2578533938514358,-0.33795917358942307,-1.2721328412974395,-1.2733788981033265,-0.7572293123352493,1.0939389875555205,-0.5086915458704812,-0.3804959438831075,1.235235931850332,1.293522797274364,1.802840795402583,0.1364987833001295,-2.4615875629596196,1.1857202398765687,-0.7113182981429389,-1.0582760896160834,0.41379525589836075,-0.6709079778477852,-1.262461697550408,-1.4075680667405313,1.0443761288941367
2547,2.301597411014819,2.293765362259133,2.055125829422204,1.8988186755861607,1.0638427148921503,0.7735028209223205,0.9035089239051926,0.9240483856916019,1.1881849044294348,1.0254906752654187,0.5161230741520313,1.1295852041181917,0.7653389392011206,1.430017981923023,0.13957028363248142,-0.9128655592670518,1.4944041662052057,-0.4217754814772459,1.6272350092617573,0.13957028363248117,0.4901264760396283,-0.7108105067650223,1.6352134434421461,-0.14145036619455215,1.8068684900557086,0.4901264760396297,0.09688606131342119,0.36818105727192646,0.8063359959223161,-1.2181880485741683,0.36066714473736927,0.003653271484616264,0.2307088471681613,0.24559296721536675,0.7075267837174504,1.1230168575131447,1.6073905219650337,1.3138407750938017,1.5575142403589275,1.101763798546888,-0.22657051172794368,-0.1730697476707116,-0.2038105325645302,-0.09090721992314199,0.03529509564377217,-0.36571803326724356,-0.3277536306883879,-0.17640611097167455,-0.253677982959651,-0.9791400671824206,0.23265739729636115,0.21890304370289632,0.8315275585750987,1.5903729023565267,0.23976566465185156,1.4225854187504947,-0.6214517929696571,1.00955342581512,3.0433135316816395,3.018451862187105,2.6333542333616133,3.0018919730803457,0.4447470728962272,1.2083430076550172,1.6704437354749448,-0.5792629511961127,-0.09392064645544534,-0.5752572218987723,1.0866109993186577,2.465586525078397,1.087153114088238,1.6853178747622535,-0.06219997678389856,0.47132771651088606,-1.847597031468581,-1.358934345256747,-2.5106058314111106,-0.9843145427481225,-0.892187181931775,-0.4619305742777054,-1.2548892073327818,-1.1636054456853244,0.8767582874808634,1.230973449723519,1.721013979052316,0.49504848274495294,-2.2041667679462273,1.205509156290935,-0.6913580565927924,-0.875625045136317,0.42519055352396196,-0.766883116314666,-1.2058313457842258,-1.314522096097638,1.0329323793835437
2548,1.9702359500688662,1.93061052047572,2.018188915065839,2.036173421196075,0.9290506371024099,1.0310687045654614,0.8955637752795653,1.0735053681351432,0.8672069652716738,1.3930998483619768,0.5797985036244301,1.3409004107681395,1.008935056834995,1.6271928810191492,0.15484019741097674,0.0371030210939916,1.5012848603420508,0.1324130584822006,1.6230657219883378,0.15484019741097907,0.4488046588304655,-0.16656594157469584,1.6395645959805,0.19112722432029225,1.8323233619473915,0.44880465883046694,0.06306162219959471,-0.7617861779869084,-0.6029028184940085,0.38837095254399356,-1.1110511910820295,0.38543163568443084,0.4859494396782149,0.48585404091558276,0.8212389886132956,1.3028462836002972,1.8147887413651371,1.4818119911326253,1.7201141386233405,1.4197896326560813,-0.9857606962563731,-1.038314042199931,-1.0128980255070785,-0.9098954252255574,-0.7188304007662225,-0.9506689837562079,-0.8863247420067978,-0.8607805848799128,-0.9376604967571475,0.5804176452309489,0.3921133285624106,0.46174309970666017,0.9251820150023786,1.732173650757788,0.7680893117348269,1.123301880769451,0.16944182257074417,1.2641577387471452,2.906324969373958,3.098824131318118,2.4631929852288916,3.178683326879672,0.8126331409960235,1.3101919539511544,1.3851148432228186,-0.394075496875081,-0.7706583096165478,-0.9308934510341786,0.20500873959954785,1.7893909766940743,-0.9534702143961934,1.4409049621363772,0.7503082517843903,0.3967936730589759,-1.0856822015325844,-1.6886895037836231,-2.1396346899614125,-0.919753957541438,-0.23161730963731839,1.0965090226500824,-0.9155356622472398,-0.8464873505301845,0.6440395748508824,1.2157391646638878,1.748631680585014,0.8281763911640977,-1.958293124695257,1.2649928276126672,-0.5495083690465317,-0.7089411537797746,0.28146262316361165,-0.7996920186909056,-1.1467269854177564,-1.2231527943754357,1.0678453375519519
2549,2.0002532001995394,1.8755536774697907,1.8250357249475604,1.8882411248947957,0.930010648832637,0.9305157442132053,0.8229241078506808,1.0671308411130926,0.706910347323108,1.6325239714015318,0.7858616066095678,1.153852743286256,0.8040192483316732,1.4606350737558114,-0.03350995504754189,-0.4720056681625888,1.4219486956948042,-0.294220801628656,1.5898318508343083,-0.0335099550475396,0.3157700838773263,-0.5391763333697762,1.587830969787873,-0.14565141947249502,1.8364004573149564,0.31577008387732775,-0.4122548634344328,-0.01826114729117267,0.19628464991984476,-0.27251338407097714,-0.42536103704410116,-0.0705388451090965,0.25942466050943214,0.28837265143504853,0.5882642790027757,1.1122436675723835,1.6459971879274244,1.2905696640197217,1.55582944944287,1.3055027040659233,-0.22688764345208776,-0.16276809094820344,-0.2711690027957383,-0.2690979140669348,-0.15324996794738702,-0.4924298393432404,-0.4457875936474548,-0.3281361631683974,-0.410066341238918,-0.28795372268077646,0.4534702161901361,0.27245861867232035,0.81706227725813,1.441926905609479,0.6617412665045239,0.937796879094705,-0.7622444309416253,1.5223104261360472,2.7417071739535683,3.025435806934601,2.3387269883500945,2.9609255744025487,0.6779460630240427,1.225240664723107,1.4002654894962505,-0.502152821856647,-0.7451801874729891,-0.835091843801334,0.28633440820057976,1.9790700957775833,-0.24643868443985245,1.1424545301356366,0.695470624407755,0.3254010030895587,-1.0952047964584366,-1.8181231597466372,-2.1996603773502663,-0.5889132482767269,-0.39441590601839516,0.8927985571369061,-0.7682775094220788,-0.6865042424691303,0.7631927324236504,1.193738176258684,1.7324269505312455,0.9325529370747364,-1.72805553007618,1.3443773214768964,-0.41188090834986035,-0.5562666189831341,0.13026318491275676,-0.801045104568994,-1.0842299704076317,-1.146762083968666,0.9814653913871837
2550,1.7543141562887685,1.695288830677248,1.7821432418231746,1.6502221878283885,0.9901168456961467,0.923567990602551,0.8611649306449082,1.0746906157051095,0.6997023589043873,1.5058562177123016,0.9682558509973596,0.6973532859902918,0.2867349699259713,1.0798824073162077,-0.4239556241197076,-0.9689549392035651,1.2330748022227902,-0.8579179196282258,1.4982735477745828,-0.4239556241197067,0.061239449184122774,-1.0225338321117716,1.4582855621058937,-0.6415043913899348,1.805067019726185,0.06123944918412425,-0.008832766255328802,-0.3840567063491872,-0.48067429192329486,-0.29138726760655326,-1.0828007535938369,-0.5898784014358914,-0.13904894927047348,-0.06865204538617808,0.2545548455130967,0.7912868410446183,1.3566972173598937,0.9830654332226503,1.2834967058082902,1.0188525441653635,-0.767058419609352,-0.6689619050481841,-0.8207067929550509,-0.7502372856912355,-0.6129999742853404,-0.8571526183578841,-0.7752304226884945,-0.754330587778411,-0.8359011440632823,-0.626821576689427,-0.1699393646156345,0.11786926241919231,0.16660722430316138,0.9113322268264115,0.31729915706620615,0.6441396016211236,-0.6361424612618807,1.8263359506809216,2.5105970845896173,2.945073229610402,2.213509927329395,2.7814945545431153,0.3761973744716836,1.0164735557284676,1.3958977376609043,-0.7294947631470865,-0.670450044614644,-1.0049059963109992,0.09858266378702019,1.4865850020101126,-0.39291731449330364,0.9503190791630792,0.5501781206668119,0.5314028399467877,-1.0266107221946237,-1.494992470591587,-1.8675057442842031,-0.5286810579014783,-0.6772858880944405,0.7189258486419792,-0.7874311795537144,-0.6782170096485255,1.0217922889786861,1.1363600363469721,1.6514564987299258,1.014332157999229,-1.6060092087108004,1.3938268030341854,-0.30041929160518666,-0.40306670635112907,-0.036378990005676216,-0.8228589150465059,-1.0303386061944912,-1.051577611506031,0.912822336014246
2551,1.6251863432907567,1.6612142118721462,1.7156438456583103,1.7391984100013969,0.88986304180541,0.9876388583652301,0.8620920513457591,1.0395617881459633,0.5609106252569356,1.6878629928806048,0.8681021698891591,0.8847084976368002,0.5279387268659055,1.2331225660576601,-0.41716926881803806,0.0174023593099791,1.1625265910681055,-0.2929504902948567,1.4118269790152118,-0.41716926881803845,-0.04649498063961558,-0.44020968307352853,1.3857377591185276,-0.3220297906397267,1.7609922104899107,-0.04649498063961785,-0.09311716039511393,-0.005525976399425083,-0.24058595144026368,0.5696849803004269,-0.9573369676470027,-0.047291008958902,0.0406519119823108,0.10922455167502346,0.3387712427188365,0.8953525303737757,1.4790001889212523,1.100140781862627,1.3823233086650413,1.2340777249454726,0.1410717004338501,-0.23487676478409233,-0.24684825814753045,-0.37573698891077334,-0.27590208465996025,-0.5747115426967494,-0.4224950366901923,-0.4436137242470003,-0.5276974225480797,0.4079957483502222,-0.4265406157455875,0.27894309379937604,0.243786648589928,1.0462031087012327,1.1522673699112151,0.5300976641284569,0.17301266303772764,2.07163213140128,2.3335952398003172,2.864024502339269,2.1372743111184564,2.6022954409063193,0.593119789016825,1.1833613367682354,1.4298138228849975,-0.7381975099488669,-0.9129500538142696,-1.2076712053849514,-1.0027247288908832,0.4643010676739282,-0.8644940905058857,0.6600120937060546,0.821236909444933,0.5799467322038495,0.08391350927331147,-1.553316127313138,-1.1447530375732478,-0.5133141250111847,-0.6322333065132663,0.8312911575122349,-0.6493974747842988,-0.5417542897562654,1.0036668931705246,1.0382202429989849,1.6288388097905875,1.0245501001644368,-1.56035284626203,1.4688446482698798,-0.017208666136829004,-0.2436978061914639,-0.16631943026490115,-0.8098244672430622,-0.9849237657585642,-0.9528631213094437,0.877185815940978
2552,1.7940751283276992,1.8205245508529162,1.8206350094701569,1.6812552961176415,0.8634414618944185,0.8051949537678172,0.823276168227821,0.9592748256834902,0.3488208216108802,1.9137044561343581,1.016578079440904,0.87343990972486,0.5263516379638794,1.2081228729037068,-0.4492701941631163,-0.07301165540432573,1.0791872774919884,-0.3755878405068922,1.3232765828350894,-0.4492701941631167,-0.15622842834822673,-0.46303089785029705,1.301475655488617,-0.40973755497991105,1.703968998353867,-0.15622842834822614,0.4417736864019298,0.5670543267822493,0.5152448124299581,-0.3427871447796611,-0.7359845574063641,-0.13636950034803288,-0.045402609163111105,0.028265288786603972,0.23771267771219165,0.8011695083916561,1.3909570436921677,1.0110282685492027,1.3083302398855543,1.1716649985660361,-0.08269379534744889,-0.517548237941959,-0.45283338000291035,-0.6107715161637104,-0.4923549398019943,-0.7218992823606036,-0.5592832151366802,-0.6335491990137779,-0.7184129827241748,-0.102534683004938,-0.02175143080938497,0.140861926155425,0.17486360317035107,0.8031394724352168,1.5902568310155207,0.664379699962141,-0.5928002949648709,2.198798455621953,2.214018852784828,2.8292848766274385,2.0346622881476977,2.4501924724947615,0.5916153992646845,1.163029947747808,1.411647249832514,-0.8033247120709675,-0.7539006673728107,-1.1505990599904632,-1.0744729902572767,0.5623643975234798,0.5838208979572156,0.5365478253283181,0.6321366568776238,0.6242810472260287,0.21193302314734527,-1.6804350541777184,-1.1733285615531737,-0.37311717334940564,-0.6645016828286567,0.9179653409942885,-0.44498483905008507,-0.3299567918541341,1.061930409889629,0.8886604233897053,1.5988714261609491,1.003776971485564,-1.5542398589252753,1.5786796886104657,0.35777873036957014,-0.05815920740830209,-0.42003522968942664,-0.8041303425180883,-0.92541312385822,-0.8808455594780915,0.8267768291960621
2553,1.6238258094149358,1.5109517774737915,1.5145958461963511,1.5179482571500598,0.9666819150487106,0.859458584311159,0.7845853328243565,1.015821821067803,0.5642724905217229,1.5672747095750015,0.7274942031751372,0.5539575479590517,0.15002217280442912,0.9427784879960248,-0.6563752029113149,-0.5226943333281308,0.9245901214936231,-0.7867083104193848,1.2077250633817436,-0.6563752029113151,-0.34085082381170895,-0.784404929966821,1.1690335518626704,-0.7503512373777206,1.625184649920607,-0.3408508238117055,-0.8990667615581188,-0.8490360671082676,-0.38517271112696355,-0.35402141394603576,-0.6572501955156801,-0.40452572020160027,-0.32323449942343857,-0.24267000132299413,-0.008373634622620425,0.5459846957535329,1.1577496327928134,0.7686950343872856,1.1097665630866707,0.9115586344853885,0.163740383781366,-0.04087259759020912,-0.18046958965761487,-0.3616067118951854,-0.2628650676557667,-0.5506031582197928,-0.35168299253213625,-0.44385390432991856,-0.5302500543348061,-0.5014478242550664,-0.5223834705525299,-0.07851434567780427,0.10244346674617603,0.6177589700576251,1.5222160687932798,0.9353142136842187,-0.1081207309437546,2.353963475141085,2.0410516152404217,2.6139296427615544,1.9434576763987979,2.3188798450862023,0.3769954385975758,1.00348063189174,1.3977692847153793,-0.9464246917129979,-0.9410382422037823,-1.225911311899439,-1.1709274570207375,0.15220375267463743,1.5033699111358385,0.6595629629683623,0.8008842449043371,0.6114358921246533,0.2476210562893794,-1.34386337104242,-0.8951744305017002,-0.5924376254765096,-0.9840137698098931,0.37713635060502876,-0.6817723919022801,-0.5440754262666211,1.2288326249600816,0.7995691969281974,1.5700355589171038,0.9827344512159882,-1.4518873863854234,1.6710289211388174,0.6400014148528951,0.15164280046304948,-0.7469139909729849,-0.9499115715266762,-0.8776526694782291,-0.8530209193617553,0.7768411908383988
2554,1.3458678288709036,1.2462383246576865,1.3174273107754426,1.2384583400067113,0.9409981897301224,0.9243181422963043,0.8341529122026263,1.0741156775320186,0.27095204605514833,1.693055449869752,0.6291523618052425,-0.0862373173428513,-0.5708543300423602,0.41092275282056934,-1.1040249059053457,-1.1142722963634843,0.6521602931372104,-1.4557155312085297,1.0331829574725457,-1.1040249059053457,-0.6563721047066261,-1.326043162945661,0.9547333782691385,-1.3336734955707632,1.5103257155576062,-0.6563721047066273,-0.6202711265347426,-0.7757419036040402,-0.7091304479405829,-0.4227564172541053,-0.9409981859733385,-1.0144440507374897,-0.8528669940670466,-0.7022971690980868,-0.4207175889753917,0.12207971196218681,0.759941042816519,0.37602788553590627,0.7684496609012241,0.4261437931721006,0.8620926167972816,0.40144256005370355,0.35926871081227996,0.09487218965083657,0.1406288223464036,-0.21453526829622432,0.04289964463296138,-0.06899472357596638,-0.15764841823244885,-0.9650743966397267,-0.8438279875062716,-0.23574705733236603,-0.21992100598788666,0.3530141257183353,1.4374935145885284,0.43148361759858944,-1.5194992805078114,2.4330073004023136,1.8692452270739133,2.3466593781896954,1.9043275974443823,2.203952230003348,-0.16185811722305435,0.6860320379931067,1.4506786788150101,-0.9555913840126071,-0.6807938977165887,-1.360517794002292,-1.2717180757539979,-0.23425499420635473,1.4681972665442782,0.9255865459509516,0.5002354041381701,0.9307929634804839,0.22999564970462,-1.0540744116686827,-0.6825266967015843,-0.9385898832793442,-0.7819901558217539,1.0522861881236065,-0.38777733840700435,-0.25033254587884884,1.2225195709935879,0.5550965280969451,1.4831255960074807,0.9581045466385557,-1.4246633735654988,1.7867259712568582,0.8810573043131833,0.34948074887294445,-1.0321394197242346,-1.172100287166021,-0.8248006639105477,-0.7931540761542756,0.6107744745151675
2555,1.3580764363316966,1.2834107963008963,1.308978139028991,1.2096486124709058,0.9339643539543062,0.9318661673048141,0.7932236486464472,1.01083669888493,0.13132226339111577,1.6263999039533288,1.0782956509826085,-0.11525382186204919,-0.6086293012828473,0.3907710561797917,-1.3047689453428273,-0.3602623815229482,0.44903930050642005,-1.2124304772451193,0.8457475525280127,-1.304768945342827,-0.8921796322788296,-0.970870518820704,0.7665324026348466,-1.3047689318679279,1.3742124800742317,-0.8921796322788279,-0.08156106067921527,0.08039352741423503,0.01993454108691647,-0.688931194247581,-0.6867145158356779,-1.0098724831204609,-0.9240787515657436,-0.7764684444610158,-0.4934988872168243,0.02033348136602724,0.6752659834784215,0.2922487370202217,0.716750990194573,0.3488156089041378,-0.39430052520668063,-0.39736006423920445,-0.3724606256010194,-0.5717494308466767,-0.49669383041316223,-0.6781458313807553,-0.46163931932125446,-0.6337826821488097,-0.7172936836741809,-0.18653285680487888,-0.6872944252165797,-0.517182897960939,-0.23228099016689632,-0.15157585449580002,2.4765017379353167,0.29414724606291637,-0.17562424777374852,2.4914310969781472,1.695435863685108,2.147524696760773,1.982736335469925,3.0663489896239646,-0.4541117169439437,0.20102527186889244,0.8605315527124673,-0.681683989487884,-0.26884359551113063,-1.3919724271956246,-1.4074127341446967,-0.7364254186814816,1.3995038470773675,0.45602953112646266,0.10482632557434095,1.2526854199922013,0.3628116918812075,-0.707143231675188,-0.3194811039226867,-0.6144759438158133,-0.581572384927716,0.8276786483885223,-0.21474809884990353,-0.1104789135116885,0.920953558970976,0.24919530731351186,1.3719805226801722,0.9445137276017563,-1.334521686478689,1.8988496245764874,1.29469208816871,0.5466357974626106,-1.2351520625639154,-1.3562409647902924,-0.7503971244389087,-0.7553069830359499,0.47616101129997973
2556,1.263830998213356,1.2222227744343426,1.2728377349818187,1.163582266135642,0.8049183747999215,0.9049645960894025,0.7671117104062705,0.9426484816710008,-0.16115013710721976,1.7016404644294072,0.9736992751600622,-0.17260746294730778,-0.6698247197183114,0.34211902557697327,-1.3466722342331094,0.010409230652978899,0.2825668702677681,-0.9880368010298523,0.664159380254227,-1.3466722342331083,-1.0698795923880708,-0.6657715696737089,0.5949204714357689,-1.2305943602966574,1.2269087799426426,-1.0698795923880682,-0.16933259133627784,-0.23937590957807023,-0.2943274830922754,-0.48594197163787384,-0.8074451585375879,-0.8130004060975143,-0.901629016861825,-0.8587499484487982,-0.5675770771217823,-0.11927153648093745,0.5777655638702449,0.2061426620513615,0.6466606885543845,0.2509748186040733,-0.397469635075391,-0.31549070127452583,-0.49513759339582847,-0.56645048675168,-0.5100356191905087,-0.6913422691338035,-0.4747368285617965,-0.6699135875781013,-0.7504808682893219,-0.21965298091685403,-1.033996945138489,-0.8754718484571442,-0.25202444893759357,-0.2275297155017194,1.8539639671089336,0.5553089345162007,-0.5200566314756959,2.5554643175847787,1.497968878402309,1.9789502868877173,1.8847270860398546,3.072980165198757,-0.5061243322270114,0.028079928301673877,0.5881905191127583,-0.8557164038362871,-0.5864315669521566,-1.1825233961446235,-1.3841318743515154,-1.358691772061256,3.419467518465259,0.30124944028594464,0.3640681076362346,0.955012334569182,0.5404526103151102,-0.0700460094357455,0.3069771475819955,-0.6344904493178174,-0.6704921416866285,0.9470677130318297,0.06691507251358912,0.18046620213676218,1.0736593986048337,-0.3932546353365382,1.324001915405243,0.9587829167885176,-1.3507509442213073,1.9065943956648548,1.6631304808000562,0.6718471577195883,-1.782208550651707,-1.6548508590558486,-0.6668104826292457,-0.7762326743493143,0.3872333273869178
2557,1.0972264065590482,1.0151004532820949,1.0861236347584937,1.0978816178087978,0.846262470855938,0.6950928941096144,0.7559956114531845,0.8568544741630855,-0.07928885768157772,1.574344295324299,1.6021180646962343,-0.29774553970114404,-0.8080655404502007,0.2404688096735347,-1.325919559981418,0.10813508391667834,0.12675032765458444,-0.8958373051995232,0.4904116126492846,-1.3259195599814162,-1.2123682828055036,-0.49337748233449985,0.4283030114517777,-1.2028884505501218,1.073233272616387,-1.2123682828055014,-0.6787334912817992,-0.6908475997438249,-0.5019969507876839,-0.04655446485727195,-0.8602864694644105,-0.6479860881619188,-0.9653499512184116,-0.933774104665069,-0.665109935349354,-0.2866705720974948,0.45188502154000143,0.0961773745256066,0.5488310730164196,0.11653296983254109,-0.420190602118334,-0.2594407210506841,-0.4321751801576598,-0.5631116586146648,-0.5254921684985692,-0.6899262797670623,-0.4718449321214126,-0.6818853309913997,-0.7596933706138908,-0.299754280678221,-1.1364300849816835,-0.6746601818506505,-0.41956298511473256,-0.34053355464982166,1.737564066088764,0.6841669510647059,-0.18830235121806688,2.4576080317401856,1.4194866080552158,1.7462534797261755,1.770981112817359,3.0476513901040576,-0.5619925798285786,-0.17096641085454656,0.28688893362136797,-0.9735590044473502,-0.1945490496776423,-0.6769219976929363,-1.340689110710698,-1.4700573994571717,2.3139555144215262,0.5443883330054026,-0.13671674587432922,0.6251817262140983,0.9864542870610148,0.0950204944583337,0.7400914120653906,-0.9029118619115876,-0.9484662423167025,0.43427204493493193,-0.02625814337153341,0.09885856976319443,1.1962463452834513,-0.6605960636837035,1.131520471305999,0.9215163576614057,-1.4877479567425822,1.8833541201317012,2.153197124502253,0.7849381843824635,-2.332910235899902,-2.025747704065875,-0.553465926090839,-0.8539184482000383,0.21660036677631925
2558,1.0351382985143127,1.1461812395476374,1.1260552432715363,1.233656101287237,0.970226223932657,0.8129855836321735,0.8011338835055174,0.9776071138679405,-0.13860425018511396,1.5035788702411987,1.7474354562188958,0.08842014369509506,-0.2284272636509487,0.5095549985726375,-0.9357603845822507,1.0049321505855515,0.10916150222927742,-0.1089618785877467,0.3685371210475012,-0.9357603845822515,-1.1612149618105212,0.2901652505212909,0.3433240172052785,-0.6195875714049156,0.9337079668112397,-1.1612149618105216,0.12476776244315135,0.38686333186935945,-0.20099739436475006,0.8272098991785367,-0.4245137950104949,0.11290494070248244,-0.5014023304483678,-0.5468348090680334,-0.46014181504723195,-0.15028754638306507,0.6159067511695666,0.2689441948777951,0.6969749906543049,0.3512642363694877,-0.16009415681756775,-0.14277603501502303,-0.1392645036238412,-0.41862883768928855,-0.4199697747154264,-0.603850724015917,-0.3718223339667529,-0.5887963333600117,-0.6680271309317504,0.5094252589990954,-0.6282727723132409,-0.7327798569677403,-0.3676144340478994,-0.17596321932497,1.5032156650577868,1.0181620963011697,0.76958184893333,2.3726104469952825,1.358398509635364,1.5990860461885072,1.801361237022353,2.8283608654899446,-0.39514010518686393,0.011334154686759346,0.4248174973216434,-1.0280998837868254,0.02425608064688589,-0.7708664232571819,-1.1847153536293802,-1.4143378672397129,2.1154890479944726,0.679245009211828,-0.39871393983912845,0.8090952657912258,0.7284727559165988,0.2178412710080484,0.6666290058145465,-1.0230971609076627,-0.9368079353063175,0.722735429638656,0.02884799435330877,0.1613672513284279,1.2664037117816518,-0.8613603194723165,1.018281942691113,0.8758648147137569,-1.0696414652560575,1.8894125245372169,2.605566165898067,0.9421609176137762,-2.7285513519400664,-2.2925567795713064,-0.43039223898010487,-0.9391808223785049,0.05340247258335737
2559,1.130245698612088,1.1495272157045022,0.8583319752737604,0.7412781198999612,1.1576810796690054,0.9568599438609975,0.9923508415921498,1.12309161914182,0.12068693732901101,1.1509960940902317,1.9625412014436445,-1.142848440416359,-1.5219281254971593,-0.5506115984283482,-1.422039555759432,-1.3039901097622113,-0.22077955439470204,-1.7391244808701258,0.17372047701239232,-1.422039555759432,-1.4434408221054256,-1.1673179121680566,0.08276708128905738,-1.753400623194967,0.7659871771055635,-1.4434408221054262,-0.9525494861360204,-0.012913605579849947,0.2454346088391777,-1.6753329489830393,1.1032492699845309,-1.3819499757181193,-1.4249492821268357,-1.386982688448596,-1.1515382760634965,-0.9277789802146741,-0.09230308020705295,-0.4192045720042865,0.07204727502057491,-0.5242720833244936,1.800306987528496,1.4706565563846716,1.588273013621041,1.030234988940728,0.7075975442974664,0.26350651158571453,0.6527725019505597,0.38110400980779185,0.28137206764815026,-1.8621047320325304,-1.0421222218522885,-1.1904154191188028,-0.7036407882988126,-0.6922781395302696,0.8330408309660403,0.29683371910205636,-1.7464922832212746,2.2347732430660767,1.3160409802522859,1.34747011367702,1.7026933789890384,2.625584766178636,-1.3574236505044734,-0.604919568340112,0.36043777417431005,-0.9051608128516383,-0.6681400782049893,-0.768559201341478,-1.20542754024658,-1.4039148313560983,1.7252636713447158,1.0065102976647253,0.4088533990798477,0.5004361622262847,0.7934126408280899,0.19005435687187877,0.6887466341494648,-1.3197199184776403,-0.9733485408886654,0.3638113200341206,-0.22522987763547347,-0.09555506610559472,1.1678264280724748,-1.1820034544653197,0.5478923668468569,0.8314572326182665,-0.6001419112617905,1.8739284960991296,2.8972279338165383,1.1309527534642732,-3.013450289948666,-2.616918056239802,-0.3093127726401207,-0.9573865534281902,-0.11361135762584995
2560,0.7857030450958666,0.6990483196763989,0.8094577311064269,0.8235375012847372,1.135638454145365,1.1384823472785586,0.9921148541888478,1.2302657714146632,0.07345699197669271,1.185965273887373,1.7577386978285354,-0.934359927795899,-1.2221326230432845,-0.4059336226815005,-1.3463632721131065,0.19462580075567454,-0.39651941400601076,-0.8881627608703424,-0.016840773802303748,-1.3463632721131067,-1.522793151184121,-0.290088520064179,-0.10461014465790006,-1.2443903936143226,0.5929438350834446,-1.5227931511841213,-0.2648944231644731,-1.4863704954758303,-1.0228715109835402,0.0826648560417812,-0.9534982922995764,-0.8594151858231429,-1.1312722827609185,-1.132213576125269,-1.05329123568442,-0.8918089753775756,-0.041489017715245574,-0.34538692187845077,0.13877255751669304,-0.43099249334018297,-0.811758678841658,-0.6916049808205036,-0.6826904940160758,-0.6949089133348881,-0.7187944733295363,-0.825293905662359,-0.6226768629053714,-0.8375199660852687,-0.9131022648046087,0.23419453609670407,-0.8431084695377532,-0.9768623395602313,-0.8606778613627853,-0.6253041712577025,2.058704363854229,0.44270123499867353,0.21836891796240485,2.1380702613664124,1.2606410386325189,1.1147297924061912,1.725561096121881,2.4556457665866795,-1.3767253749709842,-0.5248326197268101,0.5005556479750184,0.3188004924838764,-0.19231242879842575,-0.22063333284813388,-0.7656498810949159,-0.9543978184772891,0.6460168388662351,0.33235853669505255,0.3278243702411714,0.1441853683078767,0.7750294278227952,0.18770038416257037,0.6725152783957326,-0.5705602583956928,0.34101943174877586,0.7857305555530698,-0.040337608736138154,-0.0488455076096993,-0.08855791143159085,-1.4551402236373985,0.20705840122494298,0.7605636176459108,0.06803792525159882,1.837849685487953,3.314818813036427,1.2073158349270494,-2.9547957550125172,-2.9551280814035663,-0.18309049170121428,-0.9492300262794878,-0.07093691562954496
2561,0.9298560904151214,1.0156458842880403,1.0525577043682879,0.9494215767238645,1.1617037359613829,1.0927851172258944,0.9672970566310504,1.1922403346516048,0.400925895484923,1.1406354916915968,1.9533545689217955,-0.6569498479246043,-0.8479103337868402,-0.19974116323163357,-1.0042955609102997,0.9689452185733547,-0.4538568198041068,-0.20978146827584335,-0.16391881691042334,-1.004295560910299,-1.452685728836265,0.39167780888725423,-0.22247328867450417,-0.7511724135508006,0.43137437532309586,-1.4526857288362647,0.7740714606870803,0.8916899448096637,0.3241498497907595,-0.04839540857478142,-0.6491208374701402,-0.2963140370249247,-0.7461158212310064,-0.8331951794661838,-0.9240139764539291,-0.8267929074237255,0.05093790028724573,-0.2201014926941775,0.2530740231401184,-0.28082380951775304,0.495245103180883,0.48780706774636523,0.5734215589013661,0.3085571355461834,0.10567971061247534,-0.17328661330941664,0.1316169036791283,-0.14711770088651935,-0.22436238385228993,0.35769592823029844,-0.5902736869076372,-1.058124498890852,-1.0636474387991621,-0.5344501882489727,2.554828996678365,1.18558592065511,0.5688568407428101,2.050069440158002,1.2146390889775107,1.0177874704169867,1.6503013229363814,2.3118227384365655,-1.1310785173692515,-0.39468078248426786,0.4507654229076738,-0.0486110372247955,-0.43265565214421897,-0.34747100816455784,-0.5062308118401161,-1.0163905533590978,2.6055954388652562,0.43790652254629325,0.4757894923991284,0.16339318150774718,0.3365232485937329,0.530836374626431,0.6550682176219768,-0.690305214695341,-0.191632399145143,0.26327509564277796,-0.4191652438206703,-0.3788345246836907,0.30123468868506476,-1.6421826302671463,-0.012475304812989313,0.6773118030053833,0.401122273278502,1.8089797665513363,3.6580181951012136,1.3010467736044837,-3.352471898214996,-3.3171672123443963,-0.012867279323624324,-0.9795017696718201,0.028337758780427078
2562,1.1406850910951267,1.0639194287043747,1.0914507856750464,1.0600063056141071,1.208540043226241,1.036937237183156,1.105224908419273,1.2078668467448652,0.24542058943389566,1.1921996717045469,2.1828830092898492,-0.39949496592120237,-0.5184164828357077,-0.003372303006914951,-0.5868197429839358,1.136465766518036,-0.43542455750836895,0.19694069783198223,-0.2576427070959605,-0.5868197429839357,-1.2834662088500273,0.7768720780928584,-0.28775215137700705,-0.35975000673234314,0.28985102211807645,-1.283466208850027,0.03399913866337568,0.03330410035741958,0.48438191032012257,-0.4736256846310503,-0.6375465789486743,0.1518445401378712,-0.36700317871428223,-0.555904947754677,-0.7776075937868058,-0.7453318900976,0.13872413999442082,-0.1081699358861638,0.3646613304100576,-0.13578055293612132,-0.018934431702010493,0.13313093409291443,0.19341000525926957,0.04479720172684537,-0.101189583417255,-0.31903650572594133,-0.0277575017301659,-0.3057858298172344,-0.38516021591612964,0.31374705874722175,-0.30180973465689037,-0.9521522170305429,-0.7598591151138333,-0.5808139616962842,2.1644253466105288,1.8552122585538209,0.27042351655842406,1.9852896508332434,1.1693055230689604,0.9504432075553652,1.5529029534091532,2.1866039259815144,-0.7934762312667425,-0.2601854939103049,0.34439189960603406,-0.29128556948081624,-0.7993253683522994,-0.37913462030415557,-0.18984783269170177,-1.1632110246444995,3.26119579155407,1.1579531099057712,0.8065441393990752,-0.004981079269962416,-0.08333282487572517,0.9976634819400679,0.7565541427951663,-1.4076948009808103,-0.1811036863099581,0.9777525204679692,-0.28305074777979866,-0.2214931848274232,0.5539441534836349,-1.747379603793512,-0.1962699983001508,0.49231223176823286,0.6736764182923395,1.8103367056521398,3.77769120721515,1.4652606995039879,-3.5423879902822666,-3.658967513700172,0.17421926757683384,-0.8870099761118349,-0.20815135263392745
2563,1.0553172706382548,1.323729101447621,1.0998916076149945,1.4528631453077927,1.2311500281075016,1.2009552378042432,1.1141185265882463,1.3409804237665133,0.1106581178828225,1.2076540065974766,2.117597405330056,0.35170519337590084,0.3124386628562613,0.6375143903007836,0.21479924586821164,2.081356014154813,-0.1708669446691498,1.330502292748455,-0.23520885810696218,0.21479924586821195,-0.8592914577776136,1.7505481778745031,-0.19719840615370246,0.6284276671250973,0.19627994690765455,-0.8592914577776144,-0.07012517080711604,0.6543525872789145,-0.3068971480887352,1.3816287432764727,0.5242851363135831,1.4970092606117664,0.5598589495274434,0.27224758729972126,-0.20141203417078338,-0.20620492086008924,0.634457304609503,0.42482916502032864,0.8552738789901383,0.5286549426379388,0.7858945473886698,1.0168674585630941,1.1432712687186601,1.0005448409322986,0.5997424533598233,0.2327373747415551,0.6177326387872509,0.2967160007197838,0.21100504163538772,1.3565354834054149,0.07359375334683042,-0.3841418122514739,-0.6419077088985118,-0.3505753144135274,2.6814512996471893,1.7758354487469061,1.6582352870137917,1.9287874177676814,1.1715067846106368,0.9592082674797632,1.5690895380940428,2.0761185492022185,-0.01138052179368277,0.2921015524893426,0.4495357334842913,-0.49321031262181725,-1.03947351545904,-0.5258903333022954,-0.7042497768728455,-1.1572368643770674,2.605785956241217,1.834582594480691,1.02157391633219,0.009232218993930336,0.4201015979022318,0.4818732999787124,0.6643460409218653,-2.0404348426371994,-0.3770857176112955,0.9564367100967811,-0.16196163057955645,-0.0854547802735329,0.750933355731534,-1.7353888171589633,-0.25557685877973574,0.5358920663856073,0.9901065902633573,1.8278710340449769,3.8434930139823122,1.6111255882068736,-3.6441519789924484,-3.5473111556971024,0.3765692858268209,-0.7903986531762162,-0.5129847120214148
2564,1.5932781289469176,1.5199642215154732,1.4581997317527686,1.3905602539742932,1.4612349279486885,1.21148225351821,1.3818195656529126,1.390675625873565,0.3720333555884413,1.0628577566203723,2.024483307177907,0.20521537441603616,0.1558814145766586,0.5141585578415875,0.3924286625442094,0.45820108745949706,-0.05641003830321567,0.5430879365927831,-0.18312262483695066,0.39242866254421005,-0.6172565127961166,0.9843146618633034,-0.16072969423184358,0.2721444448490552,0.1291227965554242,-0.6172565127961156,1.1490480451741034,0.431205521830008,1.2897235889672365,-0.978700464898835,-0.37641712799756494,0.7053600480566748,0.3402973140958707,0.15827641956847502,-0.354784026208135,-0.4297522981939233,0.461110976981398,0.27314968921773364,0.7455625377505639,0.357354989259117,3.197656426445131,3.485864456513952,3.6471420999102553,3.4546903913448666,2.874943784844453,2.190894792475847,2.763189086753787,2.4183395367462297,2.3479946290496345,-0.3914054042070876,0.9374419029492255,-0.14796886380876467,-0.6810745250751152,-0.32894105733491974,2.573285075083856,1.428698905551267,-0.15612733934640527,1.8679060109340524,1.1686804174270962,1.011922474706487,1.63086209191879,1.9775382750081527,-0.4040052002445509,0.19788250801012633,0.658047412776947,0.21388650950174495,-0.9525266103372587,-0.9486990115416529,-0.978986195697279,-1.256513048259291,3.138347840972167,1.7872484408687341,1.1366974767207845,0.5045084491502463,0.3782689573234509,0.3479996736992775,0.5214423581866336,-2.0272975200704275,0.07895911043202937,0.5156214549626408,-0.36694098178205076,-0.3449064203507619,0.11756976640406455,-1.6977624157303293,-0.2750588518031591,0.27792475867302313,1.192067743704128,1.8236170253773398,3.800117067524937,1.7497024079205061,-3.503038594772765,-3.443785741005173,0.595938224645643,-0.6444286410806641,-0.625168355889908
2565,1.1244424537283515,1.1634973680651342,0.6975725044560183,0.6635688278512295,-0.28285751692223204,1.6689770584165051,1.4464132218883041,-0.19557771972297294,1.095559461771446,0.4190882211042069,2.058935303920589,-1.4202891606242523,-1.4412581629489227,-1.0479462457345143,-0.6207615119454731,-2.5426771235604404,-0.5286340061576831,-1.8878694711883592,-0.30063616062334186,-0.6207615119454732,-0.9480643945701874,-1.2730366245050009,-0.44784073009661535,-1.489125783170921,0.0177762066420625,-0.9480643945701874,-2.5912083586186605,-1.0867588166928583,-1.2216661019442072,-1.8032831822763962,1.7301000468551408,-1.780511674643825,-1.186759611923771,-1.1543342403007453,-1.4543118543351448,-1.7124791880783443,-0.6872061859512787,-0.8902825501971168,-0.29232369851141665,-1.0424152291996474,2.0466289793665706,2.9056652399332092,3.1779983372735088,3.3361508535274664,3.0112582941785697,2.4937185557283836,2.963016465475174,2.6965085141547354,2.6759615725320605,-2.5635789091781547,-0.54431482084657,-0.9329883769325851,-1.2119748330633224,-1.2040627737881908,1.1473945048685064,0.8016062233474781,-1.8370962468440963,1.7657005465710434,1.1481963433172913,0.7871145108397583,1.5803327895200063,1.8887414480366718,-2.0132508142505627,-0.9200151864623118,0.6377770164627329,-0.21150756569455564,0.3394781501523072,-1.0944645481774609,-1.0271310333099806,-1.2276984856690123,2.953508167670299,1.4524852686095484,-0.44780851834915886,1.3309838947161106,0.273562997165073,0.3149511826300618,0.4195789176740785,-1.7259249318397192,-0.5556771319820746,-1.1109240381999272,-1.1593189300259283,-1.1119459899619037,0.14091219784166892,-1.4177398300508508,-0.5883786338459338,-1.5917108238905575,-0.0031466706585980713,1.8409310305429352,3.602776628920877,1.8606457742683282,-3.2592970039402025,-3.5608179916035523,0.8315756137802021,-0.7321992095813227,-0.6391784316814106
2566,0.5889829615007905,0.6417302569067451,0.6606345634094327,0.627256693741724,-0.5721598931676379,-0.29367392111075064,-0.45380533205873835,-0.4841385313715904,0.735587805421013,0.5334339337511459,2.337397632408277,-1.4124481713998176,-1.4189956096105782,-1.070308323260982,-1.0162325663604412,-1.0554379106334923,-0.8721101796160866,-1.3389998804118037,-0.4995298964608584,-1.0162325663604415,-1.124698538689535,-0.7825778566540756,-0.709561913124878,-1.2594248286476035,-0.12639935014325487,-1.1246985386895356,-0.17488072214423345,-1.7711011504651637,-1.5023728247789163,-0.012897431066240975,-0.4055168056077539,-1.6956322671982988,-1.1208610525494118,-1.0987320155708358,-1.3728314643927733,-1.7081990876832454,-0.7628608061818793,-0.949997365359937,-0.3613299012475494,-1.1086074519994633,-0.44508104839194373,0.5183081360384635,0.770050329361961,1.1276013219107206,1.1277346115789622,1.096469650218051,1.2956746903359182,1.0004167415767722,0.9877269634049503,-0.17950460190261228,-0.8343699162329725,-0.9085664723474876,-1.3791004979620947,-1.5106597643754258,0.21195080381229758,0.17862494758020797,-0.5523210470344259,1.6811014823756645,1.1250804164939916,0.5778326414018397,1.5284966043741306,1.8081007780672662,-1.9552055610820498,-0.9584240799080169,0.6145713518883161,1.7453792865550437,-0.7125015720608397,-0.8667942945995373,-0.33219348235862567,-0.37357560941459356,1.2041559469973184,0.837910310615062,1.344798031654248,0.5504112711842297,-0.40129376549589774,0.08807450742243673,-0.16686467434812916,-0.9034153722019183,1.8114828266106413,0.15896825735900932,-0.6014941372018067,-0.7542280271384381,-1.7867608376714372,-1.3190118581868473,-1.0557035653900597,-1.7824544210957876,-1.4350861409757616,1.7759007893846426,3.2905507329058636,1.8126524653571798,-3.0379981505847313,-3.501953276131819,1.06948489967406,-0.8429320402055799,-0.710723551166989
2567,0.47123794450693973,0.4642884668032945,0.5006212317676182,0.40607930319534064,-0.5545497601414603,-0.5929321200570404,-0.49727730933361247,-0.4642297605694886,0.7724378455329298,0.41523645861961306,1.9698553013218703,-1.7249296667369765,-1.6852678855740577,-1.439341175813412,-1.3341685200413926,-0.8536925800184075,-1.2527881774637752,-1.4533406950304868,-0.7727479478323238,-1.3341685200413926,-1.3138309387878877,-0.8851992726834016,-1.026329646004749,-1.444752955572333,-0.3114539538361673,-1.3138309387878875,-0.6496259695873429,-0.7126570887901466,-0.4099388795625102,-0.37567247443618274,-0.41424372528391473,-1.9370998552138998,-1.4076083952700373,-1.35499352740394,-1.578769210695419,-1.9982071195628308,-1.1197090721664307,-1.2994506853869212,-0.699751135317617,-1.5009644082103448,-1.221441089343743,-0.2998337588100548,-0.06438410545637052,0.36012650057646844,0.3905419336050143,0.4437165066017105,0.5820197964435858,0.30384855608347805,0.2864952419160943,-0.8564301378088272,-1.3936040644015146,-1.0547371468734283,-1.545500499791406,-1.4532846995362834,0.36175310653639564,-0.0015932605495002673,-0.8744440291727427,1.5575801018132243,1.1174712707437173,0.3557570463865128,1.4265713169652285,1.734344176271847,-2.1766310131843842,-1.293634619855734,0.4666933880360519,0.9814930552214772,-0.6211985553384828,-0.7797312307471441,0.005082112737348814,0.20371118631017945,0.0560401004601442,0.21219244158764486,0.9787006625958676,0.5550583337669673,-0.7330212144148263,-0.20855832803316524,-0.5953980104884798,-0.1309644385374555,0.8894589979556449,-0.32100081619108944,-0.7148034515186819,-0.7909806243980925,-1.0489677712008176,-0.8494294895109173,-1.2304567003404754,-1.9015639355172422,-1.6045888858650321,1.6896358562611065,2.977474511112663,1.7360576313039606,-2.9388913628679925,-3.5450067105557967,1.273370729566225,-1.0006761200296885,-0.6798906524624249
2568,0.5601851556893985,0.5939130386587731,0.7522240848513111,0.7536549243452967,-0.6496888366704598,-0.5568619705326366,-0.6883832546481622,-0.6015177548910531,0.5923175048235494,0.8262967173277084,1.7896077655513087,-1.0326957406541355,-0.912277075046126,-0.8532541249568542,-0.8421565088254216,1.325111104134699,-1.2558105754351656,0.10032388985658146,-0.9687046972237108,-0.8421565088254218,-1.1526953800254593,0.6415174787173887,-1.1471140521665772,-0.38566797363080074,-0.4932296004914156,-1.1526953800254605,0.788761964907567,0.39559250292186826,0.15685650063867085,0.6657712157957694,-1.1726475556922467,-0.2529358835862315,-0.5662701865626879,-0.6508636452959681,-1.0059539454598527,-1.4723364293527474,-0.715467195317725,-0.8595078074610062,-0.27407137038539026,-0.9691655830920278,-1.7692103095498186,-0.9955729232673791,-0.8012885088192793,-0.4013058049894063,-0.3315200354036879,-0.27512570565758554,-0.15786283840811716,-0.4262127423275907,-0.452628036373571,1.1398027768629468,-1.4914424478191646,-0.8961385394856339,-1.130663680627001,-1.410266699046905,1.2394932434015138,0.11888577311429135,0.6581501403565462,1.5059090183311823,1.0180485874602125,0.1808552839425262,1.3838316440315441,1.6664606990245776,-1.4611190796470825,-0.819128346354746,0.4423395481540596,0.5795046699385477,0.39488502308855056,-0.5647285867171966,0.337059588510482,0.1437067860828,0.21391025719777904,0.0075516397872054854,-0.24519292652481556,0.8191040947883705,-0.9294501002352997,0.1628402374035495,-0.4332491969885837,0.042062680501297765,0.6757427218928473,0.1202552363319978,-0.5495503625701641,-0.6170504881638046,-0.6844058978600518,-0.575865904077629,-1.1214064044857577,-1.7759344131144028,-1.5773488982900994,1.585409347690013,2.767919588481431,1.7088088825765477,-2.9556881982592764,-3.486052048826404,1.4481631098881733,-1.1176080740710959,-0.6564859639725524
2569,0.3997226015934608,0.5546824824914813,0.36137009254125607,0.7180577230301372,-1.036971486313696,-0.6736215493385277,-0.806672096702838,-0.9454446180071143,-0.9176049236380351,1.7434004433425774,2.3165920127946675,-1.0466885964302484,-0.9203051652920036,-0.8868428022391781,-0.5601050963210257,0.7777059157689276,-1.2689067443877862,0.010879759700803349,-1.1128327140164975,-0.560105096321026,-1.015914131539789,0.5736730791016563,-1.2561390562117007,-0.34980529797082605,-0.6729964398790116,-1.0159141315397895,-1.6511243445818355,-0.21778405933538866,-0.6475131469531682,1.2281889535294417,1.0635343582871661,0.14394047494998824,-0.6232713581074523,-0.6374196040862231,-0.9616112837030663,-1.4842434032964247,-0.8109454044061722,-0.9511780186087428,-0.36098301960590423,-1.0477220830779084,0.5188818229896858,0.8919028943696817,1.061568668353685,1.6229353640748696,1.858403678647188,2.201424311240229,2.052000294132884,1.8236637227188917,1.897869031545917,-0.20162745135367874,-1.3978105943618733,-0.312844087221254,-0.8777191375795756,-1.3893165010118531,0.4703371982798807,-0.004267036156669107,-2.349285628921264,1.4443489810264185,0.9706041929133897,0.04385261920414053,1.3029500508618188,1.6036352750479796,-1.3691276857302324,-0.8748096421576175,0.3168331364280209,0.6582307669232255,0.7903394345812728,-0.6533795417412158,-0.3059086049322231,0.011180740941863467,1.2882849054020902,0.11267162218685342,-0.6587945774587632,1.1027967304062176,-0.23450701017089404,-0.3044787392705414,-0.3818549924626607,-0.10468210961895866,1.1740257481348533,1.1800357976750515,1.021683435527568,0.8999968098853937,-0.8469598903957326,-0.6508903038015367,-1.0809992191965807,-1.1541699286975957,-1.5619213752836618,1.482642341613504,2.606395117703065,1.8242363496371403,-2.8321849109977,-3.5341223994469644,1.679297346257407,-1.1455145419970096,-0.6776639942593037
2570,0.82051786959631,1.2497856887031489,0.995887781080684,1.34237994224679,-1.1973473099744762,-1.0586028053328354,-1.1783228733175533,-1.1232490552667458,-1.3814927279451175,2.0441224716871025,1.8394538704912393,-0.06536173646589746,0.07627368930450967,0.05296537295017299,0.41057264069456434,2.4928566378089463,-0.835055502048645,1.7126333192808323,-1.0603421411125737,0.41057264069456373,-0.5208376925877132,2.133732700233344,-1.0716877330061578,1.0113831783910667,-0.7906326003214724,-0.5208376925877133,2.345254847916131,2.4986385614748605,1.481733405630035,1.9078159292201793,1.3749960905078862,1.6721751006062966,0.5141832072357618,0.4515346401167221,-0.08893046805892252,-0.5469995531337498,0.0001514683331150594,-0.09635905908057049,0.5028726169583482,-0.05186626907135616,0.3343613723186059,0.02720407549162034,0.22705617693271593,0.7735834787653006,1.0730683561296492,1.4393778375255006,1.2510938154010007,1.0539142915526913,1.121438511664297,2.0124778424770446,0.8964970278212033,0.20302556041068118,-0.33031094214729556,-0.7496119720542866,1.299006170162228,0.4702163582440958,2.2230119571183002,1.4027538969271989,0.9357782696902305,-0.0439177314360998,1.2656785047139745,1.5452023515699616,-0.13901594903142112,0.09096789108157714,0.2900181145107725,0.11152213279564704,0.7709274891736858,-1.0073898382217714,-0.7479744039148214,-0.07004438639687355,0.3665562668392142,9.535197488451956e-05,-0.7890935382667226,1.4919760220132483,-0.029468522587686705,-0.6590917671084037,-0.524572826572407,-0.027102545844724383,0.28460250005951493,-0.30224623715537197,1.4095373584068254,1.3660896860263347,-0.4027875192299799,-0.12099947717292121,-0.7582877789823157,-0.6377448347523818,-1.4207526381229696,1.4151436307663672,2.5548762370729974,1.993717607558309,-2.7588719475137538,-3.384763854348495,1.8614692952644778,-1.1422472168483069,-0.679814563099208
2571,1.2789477336958028,1.161335775687602,1.2752885611094413,1.226795900403072,-1.1944084172889693,-1.2309485599887016,-1.3320215511304656,-1.17504161365455,-1.470282544345191,2.151177570434058,1.6236950778727026,-0.2181836764246689,-0.07815905128581697,-0.10945648903172985,0.6580019605288991,0.6190140432699835,-0.62282370404525,0.8395878041942727,-0.9469139070826794,0.6580019605288993,-0.24371265235716386,1.2265491911020956,-0.9571125280661947,0.6220403980329509,-0.8696206482212173,-0.24371265235716455,0.9464501079399984,-0.37216983588931785,1.5151983093150607,-0.2750307909929455,-0.9117846831867774,0.9817163538049264,0.2787318792796268,0.21619191864486803,-0.17983536442149833,-0.6975578597101452,-0.18592540346796174,-0.29950057148735415,0.31550361454282316,-0.24690810028544513,-1.0217690923628668,-1.108618390117668,-0.9231849848299145,-0.49821004384483947,-0.30902441379830015,-0.12810902429982193,-0.16701215627869678,-0.3849152167028987,-0.3797485946878266,-0.43060404541854896,0.7836883291282938,-0.03369620605481189,-0.37093154595296396,-0.9842802748510662,0.3958449656881522,0.2875766362491293,-0.7149685376465909,1.362229332763079,0.9038352695213098,-0.12717892850983234,1.2303997582165411,1.4906123025188502,-0.2793184500332807,-0.052369056433743955,0.26202137084640165,1.559064787939776,0.27022082900506184,-0.8548383405929596,-1.1718271068358468,-0.8576498277798239,1.3733465406024503,0.4491704642404895,0.12593932742958372,1.0764623002136764,0.6312961540768431,-0.24996190754814593,0.21213827627949097,-0.8113105049821749,1.3912871074383262,-0.7659722162281133,1.6460866528859297,1.4577425580562495,-1.6936818422208333,0.10446525850357308,-0.5553029989139406,-0.34921607314153574,-1.5211440787726422,1.364021365109191,2.4727977612006975,2.0755580729917753,-2.6746724346800232,-3.3000525843435766,2.0016929829948267,-1.1380779903249154,-0.8992528743990993
2572,1.0626733316477692,0.9256178371741823,0.9749365882922606,0.9872618736230302,-1.0107307938566954,-1.1984548434092694,-1.0834484083684137,-1.0679444222028502,-1.4074873843489213,2.1401751487541305,1.5754722184272207,-0.598963926204495,-0.470246640580879,-0.5042658418491432,0.4108774007561629,-0.6714589030607574,-0.6459559889211837,-0.09254119680395792,-0.8748365589286934,0.410877400756163,-0.18637011257495512,0.26926876882124234,-0.9565161224349635,0.04141168060216133,-0.9386619883109427,-0.1863701125749556,-1.115709992528105,-0.8654722769613462,-0.7820743762895696,-0.3315457743987457,-0.47774313573865557,-0.13134970643593663,-0.1411236472401635,-0.19588040524415617,-0.4236952039960702,-1.0051082743947786,-0.5301618858975585,-0.6688803597530553,-0.05150876662938633,-0.6357867151346067,-0.6954794979443352,-0.9681375096041464,-0.8058046463672179,-0.35206192815757303,-0.13626276736183598,0.10816702678875079,0.015286476736485635,-0.18791332629464855,-0.16925861372809486,-0.8425543714871061,0.8326662114298525,-0.38241308623988685,-0.4875965692047003,-1.1412014677094071,-0.10714802277933753,-0.03254009484130941,-1.0032846183896016,1.3214497809954502,0.8782031994188763,-0.2724666452194012,1.1969899607984178,1.4394066451423926,-0.6514841097323216,-0.38916821343152896,0.23253216948616826,0.8644086731892386,0.0004703112431113393,-0.9930135804276944,-1.2116078138478321,-0.8043740018910907,0.28658146048889105,0.2960999852505935,0.2091100141422336,1.1133658913231754,0.5877903340532948,-0.3590596541107066,0.09533639752216538,-0.6483460606157909,0.7330498907310969,-0.8019634254756951,1.4821119342851692,1.4008646548622177,-1.035975560384928,0.11187723306519161,-0.4821476217711645,-0.21598182103945762,-1.4776749432172416,1.311227617166217,2.364355385974859,2.0652811316301296,-2.5918524272164016,-3.2770438144280347,2.149259220148721,-1.1100228028531345,-1.0444286889118928
2573,1.1247055014473577,1.3219625499452436,1.074998645069796,1.0130358607362748,-0.909401754586114,-1.0187575259363617,-0.9784137951517836,-0.8962007042770688,-1.467532339347434,1.9853831610612793,2.016179414040477,-0.5049521734211017,-0.3694640728346986,-0.422129757898457,0.3026518170851254,-0.2924499655899351,-0.6331729319227652,0.0456188930370675,-0.8190490161457719,0.3026518170851255,-0.11660396125489333,0.3194021884431595,-0.9319200746601317,0.12826339430225173,-0.9917430490749465,-0.11660396125489376,0.322035984698385,1.3313252412184517,0.1825147517057745,-0.479923160665357,1.2768220139642934,-0.20520023138710053,0.05546507006699495,-0.13147874203852722,-0.32396983219742487,-0.9124680647582973,-0.5054315453799944,-0.659864363415163,-0.034948123724791,-0.5909306102755425,1.0278109624643665,0.42527614590123314,0.6158487717561772,1.1715470054660522,1.6169958918639138,2.159200226490337,1.8057613334306268,1.691513757369948,1.808592845608042,0.05304364955628015,0.3115954609947837,-0.8056496692066263,-0.6177668035968908,-0.9687980276830276,0.0011264304221639332,-0.5784489710790193,0.47207466861955094,1.2878536037786554,0.8319407292701944,-0.3230764586569527,1.1400350762301577,1.3911994618421941,-0.4717406604547857,-0.31005625994739455,0.12966308974858035,0.47080138445004105,0.02960461050920125,-1.1262974076694263,-1.1521992467075768,-0.5776455520558544,-0.32033659730152925,-0.017975595955572656,0.07424896453203259,1.2620314980888407,0.42470072066832587,-0.5702160278618507,-0.17209659227204907,-0.2378592689763669,0.45563773380141165,-0.544761671757744,1.4904949301706858,1.4665421791572917,-0.6762410147284725,0.2176689449336072,-0.24720146349872868,-0.13119268775232792,-1.3893728085151096,1.2696247369635265,2.260537390948289,2.0590274678322706,-2.4669272633681456,-3.1840357468460057,2.2946718485528,-1.100469806190771,-1.2166492900799664
2574,0.8868586725681723,0.8118915903302808,0.8685907598124812,0.8216031249114619,-1.0635845191381352,-0.9219960478971474,-1.0257558493893644,-0.9903871954489037,-1.695408851014229,1.9346432539032183,1.9948022247027175,-0.7979505435436794,-0.68165557633761,-0.7232294894156267,-0.012899117240312237,-0.7662100539261758,-0.7458544489844608,-0.4793878940067534,-0.8205038570137037,-0.012899117240312194,-0.16998992141105954,-0.21476263774852578,-0.9819692270280352,-0.27164557674244677,-1.0458379441277939,-0.1699899214110591,-0.7571806605875006,-1.729021153807187,-0.8284527534651817,-0.28130479437582245,-0.48625692675366816,-0.8941141370903887,-0.17305968150702858,-0.4136096853783731,-0.5336159078093017,-1.1325663654703961,-0.7586477956095828,-0.9468521609598431,-0.32553331828118326,-0.8870636756459997,-0.7543339036335694,-0.899782742534271,-0.9368998828112958,-0.45182322116144596,-0.2096008394011829,0.0617484236146203,-0.04611895778464904,-0.21121239280651488,-0.1839976165905873,-0.6757164532048182,0.09592056663278849,-0.9015338232489256,-0.22212779405968713,-0.8206141790918245,-0.5946049260842144,-0.8026453642332905,-0.7368640312759309,1.258518083155812,0.7650153155779956,-0.4140188870211964,1.1106508093723049,1.3456632745683768,-0.7627787830559797,-0.5618714407533582,0.09289951076452783,-0.14858629856537697,-0.7393039595087207,-0.8485269583661311,-1.0178289682948156,-0.7510517241402177,-0.20463150211223177,-0.5556891093623293,0.7560620598359652,0.5886461509461343,0.5615583748936441,-0.2463588684033825,0.1559225275777148,0.2076906155122604,0.05712968630520496,-0.367434546979898,1.6606901325200758,1.6945364787969042,-0.20711743468840998,0.18139249930631204,-0.08657026679432689,-0.03497538422273451,-1.2166041788016786,1.218224579771346,2.1419971581261237,2.019027739053269,-2.276210611864961,-3.141694489241389,2.411302967597968,-1.0554753896182703,-1.1717503342123128
2575,0.6722009703169012,0.6205468187260368,0.7691473415801594,0.7002810129497663,-1.1080217890860058,-1.038645000704553,-1.1588955975377198,-1.0576899307758933,-1.5402078208333723,1.632418922725756,1.779948656199326,-0.9547293357245497,-0.8494808727360132,-0.8891133168520413,-0.29731868882693385,-0.6465045437523281,-0.8864753283072648,-0.6062543563404362,-0.8713439604451891,-0.29731868882693385,-0.26221768780060134,-0.3607700212627369,-1.0598759083858473,-0.44201692489520306,-1.1056698623758836,-0.26221768780060123,-0.37410328181838587,-0.6723145086010083,-0.7449349269283138,0.08966999141379486,-1.0181460101018847,-0.8638569357348049,-0.4276119134600643,-0.48585901318169944,-0.6463933291876736,-1.2260336684408055,-0.9120656507003282,-1.120296809430347,-0.5063203266251104,-1.0692965176667768,-0.7148809129807896,-0.8245821942794385,-1.075355697299517,-0.6413375705714016,-0.38705579409870766,-0.16011625293991139,-0.24687615539579813,-0.4103420934946595,-0.3886046608650951,-0.4428978631157541,-1.1361660167199719,-0.11756263561316518,-0.3966930940010705,-0.8741364825533965,-0.6189046482463804,-1.3974231081949318,0.085962819097772,1.2248328644714026,0.7118956689951167,-0.5162380444394555,1.0825376238508024,1.3025181681042988,-0.9284245104666443,-0.7043441568410318,0.05283428633364492,-0.3924746956391467,-1.0534945825446902,-0.6161904654942587,-1.0947282947274304,-0.9083553361253207,-0.8352656644398156,-0.7971282997040972,1.0219343131335066,0.18198964865254247,0.9855252159025618,-0.1583559521611951,0.47648888885625,0.3703401348237605,-0.41542715239632694,-1.038052235534314,1.4929522450892339,1.5350062495085115,-0.02721146208981785,0.2061442880884223,0.05762029198602215,0.0015044458257821637,-1.0058478687244856,1.1653888715835046,2.031182255895796,1.95572836867505,-2.0872400074477366,-3.063478628901987,2.4353878348248514,-1.036568594881429,-1.1790930005657623
2576,0.4554255115995,0.3192534275977438,0.01223293739828628,-0.10501122125818471,-0.7688312304703793,-1.132447117003267,-0.8903355768021114,-1.0215446390221603,-0.7973145918101724,1.0378761231136204,1.7458409629015283,-2.042901254894367,-1.8946168837291417,-2.0874953816695,-1.4770337373192002,-2.496493712994922,-1.4940619931646673,-2.545137236484547,-1.1284259718449914,-1.4770337373192,-0.8166783691461319,-2.1170284063644393,-1.444227199573871,-2.097911280852671,-1.2439592736090304,-0.8166783691461327,-2.5773932172626384,-1.0373969872277589,-0.7496820477701462,-2.170955484168015,1.80394259265774,-2.5489068186228665,-1.9861930664601726,-1.7507719618610538,-1.6769884043611532,-2.2009331296315966,-1.9178858470598419,-2.174616326456386,-1.631553659659749,-2.255413485924479,1.293297726552699,1.0518860236325365,0.6471542022409983,0.8781302014135689,1.374021425926105,1.933241821029915,1.5668318679262374,1.4865301934333695,1.6392780345592142,-2.6695418663284274,-2.208080524410229,-0.9314173041539671,-1.1944752615524035,-1.4451911248901514,-1.6236646348757064,-1.977757024143039,-2.2096033976350524,1.1095292223417996,0.740712035879087,-0.5717884332640104,0.9961232138732212,1.2615233208369474,-2.3329137506274558,-1.8568724258337581,-0.18073346909441515,-0.6930799307832096,0.2087106463864248,-0.9498983961748413,-1.0940264459706035,-0.8185754176711372,-0.8658507480514883,-1.3776999877547027,-0.39336363580004025,1.0415067002975815,0.6827611864698203,-0.24896272089045748,0.2179183626198125,1.0015728896854794,-1.1006088599684893,-1.7439146194109336,0.7333654291155893,0.7880346261097306,0.33988164325674997,-0.10797437670014018,-0.25293824004139087,-0.007735369860348174,-0.8023132069542116,1.084891861098697,1.894594933251071,1.8631359047403928,-1.9242936066738539,-3.096390516147562,2.4596716680857966,-1.0662507059268667,-1.1627038218792143
2577,-0.04649843532431989,-0.13936337820785027,-0.05106080397080116,-0.10950277972948387,-0.9339768022984126,-0.7752311869745193,-0.7571194415852117,-0.8614110998127327,-1.0403894337132005,1.1675621130615113,1.6258798030485142,-1.9302882962080512,-1.7914652305005891,-1.9765953510781178,-1.7192181521366992,-0.5596627166248244,-1.8163891694562306,-1.4728422813462345,-1.4185525881403362,-1.7192181521366994,-1.1279612720882601,-1.0988390113336404,-1.7044802933357974,-1.544126764553321,-1.4155600061849476,-1.1279612720882606,-0.22923177850842813,-1.5552759892549477,-1.673598423795188,-0.2536371723526584,-0.5247978329369762,-1.8182315376242664,-1.8357494120868498,-1.5981515008084517,-1.5589833026747406,-2.0334617870810443,-1.8419647967867923,-2.0953044790699686,-1.5866578128068418,-2.141419203827525,-0.18589103536489734,-0.0387843126041992,-0.057769369362051584,-0.0718745421991996,0.3466843678160067,0.7584507557194435,0.5131631434522962,0.4049897070401196,0.6043611275852585,-0.021033058738432087,-1.7854155012753739,-0.6563337497105247,-1.2875606226416818,-1.3550341004855333,-1.2666524384663504,-1.9723679448062867,-0.28078582100122085,1.0082708939817602,0.7507481786558651,-0.6138533172047583,0.9453012469721401,1.2224703455559602,-2.156465392550803,-1.7679367216394557,-0.29583252436688434,2.6348966799443874,2.968130936244606,-0.5252959930909292,-0.03570848417118321,0.08981224082717056,-0.6064528297905541,-1.9603259090634604,-2.505196814988033,1.7588039238812718,-0.44540307558851927,-0.13872821989115078,-0.368631582232975,2.0080830970725705,2.4089210851570577,-0.32939717252090356,1.2647610874347284,1.030457351064897,-2.558128021142218,-0.39446286265486313,-0.46204694239171096,0.00901129219678418,-0.8187291428066873,0.9792005098519669,1.7768455577671907,1.7834193757101395,-1.8617215554185118,-3.123455090216942,2.44430250339131,-1.0847160130801796,-1.4447623270874363
2578,-0.24165170946564582,-0.10286254146098325,-0.04886545876745897,0.10772411132128679,-0.9046681505973937,-0.9055874979564337,-0.9513353237019772,-0.8730315677651226,-0.7394673192992051,1.2925487257246753,1.4394495510566028,-1.4632048912711395,-1.2636375051565543,-1.5517257886023936,-1.2413637962534219,1.0259298217890154,-1.8222031187368295,-0.20311238764915548,-1.6101924733957562,-1.2413637962534225,-1.1116915671731904,0.1432690009506669,-1.7803209654420806,-0.6331475678382341,-1.5657529789431548,-1.1116915671731906,0.00036959021116591547,0.12011935211423007,-0.6613542086331811,1.351373648176342,-0.32005754164768146,-0.5712815921680102,-1.2255879460259052,-1.0927465912390733,-1.1460554228073427,-1.6034925129668864,-1.5135087867466772,-1.7684059422302971,-1.262559278667391,-1.7515412519728712,-1.1499004172532397,-1.1530898026016616,-1.0584476259072884,-1.0034596378251495,-0.7215038817187145,-0.49549746036803877,-0.5658752339458241,-0.7230833955151453,-0.6079196191996222,0.7331575944760931,-1.4524209329176752,-0.8187579025549456,-1.4705181484113459,-1.3082381645349015,-1.1049647818335042,-1.7066937705482133,0.6770655169492483,0.9464420191665809,0.728217099727098,-0.6657638030323628,0.9184165110932695,1.1851780102363902,-1.6445515495472824,-1.3826369492299668,-0.33295820111958385,1.3981461158061779,2.352500547599503,-0.6261410060910191,0.28723655868736603,0.13535288038990212,-0.9001311335687332,-1.982882857991529,-2.1948028088702487,1.6308541648532284,-0.9765245948523162,0.12966564788032645,-0.45969295024853674,2.049365655228215,1.026244048894608,-1.0868844072401913,0.8595133305829264,0.7241063492386143,-1.4851025121598769,-0.5836461475732265,-0.57668755394372,0.042801017563777764,-0.7655857407371752,0.8914132303106659,1.6842046770686327,1.7011000406136585,-1.7857519205433863,-3.10247655019993,2.4181185545921937,-1.1506532187359675,-1.6678751442147317
2579,0.1281773623786201,0.05331877209315965,0.06278783144614743,0.24443658986773015,-0.7825381912161056,-0.8891789268108565,-0.8389782062219427,-0.8245131399248931,-0.40863302825041625,1.2524037251266988,1.486321221445414,-1.1720193698486538,-0.9412608781062709,-1.2833967389392422,-0.6379939053804708,1.3136001836332853,-1.6977616543762895,0.3751212758911741,-1.6869154604953838,-0.6379939053804715,-0.9314705294485496,0.7253842318148431,-1.7558722263414943,-0.09350570073053928,-1.6723466923167953,-0.9314705294485499,0.3761725241729695,0.5162417963619802,1.2233516906267914,0.42720509989826877,-0.08411299146232679,0.22080913943369446,-0.836606240506117,-0.8056082175778265,-0.9033603322916166,-1.3122886372492704,-1.310117834494455,-1.5661738592458478,-1.065714842113795,-1.5052472568757693,-0.8147742844686204,-0.7955755689119073,-0.8236556011405839,-0.8272906397828668,-0.5424439368621551,-0.28450635649180067,-0.3808817984503004,-0.528488154496112,-0.38133958721566974,0.44186561155117704,-0.9444036816731441,-0.6119172309878014,-1.2716918228063168,-0.6859973289952483,-0.8751978037068225,-1.7642426787612442,0.639847505683767,0.9037516257214896,0.6987430541165496,-0.7558346712356532,0.8918938197887556,1.1494880257650848,-1.3041260481518255,-1.1323848500067193,-0.36630864631553,0.7552929342901611,1.6084502750536067,-0.4593978251004218,0.7394279247392954,0.1365076561120272,-0.9911198338212605,-1.728295046577152,-1.557123500127138,1.1818418386070597,-1.3725045899848123,0.5719508006477231,-0.3648823039520598,1.789173239363454,0.471971922089488,-1.0106143630555877,0.4739611370029143,0.3905092355347644,-0.8919461020637133,-0.6841579693064391,-0.6783449545852483,0.049318521190290544,-0.6475569764398139,0.8182086521657115,1.5995461283276324,1.6251689117567854,-1.7259800187786734,-3.032054404215908,2.385899318845985,-1.25543437073074,-1.877900309825268
2580,0.34032955440284685,0.1689402355894444,-0.13340215247172213,0.1436548526917607,-0.8163404223212272,-0.8067586740981696,-0.6686835360545733,-0.8014556670433365,-0.5369070100116061,1.4265765931403298,1.525951543121436,-1.253904859332017,-1.039967340497438,-1.3658672843378705,-0.374620241557525,0.5751186485156611,-1.6438128841669262,0.10215630280175975,-1.7148441040455984,-0.37462024155752577,-0.8132107431062726,0.47980341437252383,-1.7495159775334044,-0.18292947081339364,-1.7486533989013444,-0.8132107431062732,-0.6726507496242354,0.3726767049344895,0.6658988641951423,-0.7395488329536606,1.7374947782315417,0.26700879637942043,-0.7849927002438245,-0.8861431607895005,-0.9836145131877323,-1.3513546393214346,-1.3861516960368814,-1.6371055410039412,-1.1773925180349984,-1.5878290737558738,-0.2104725407692296,-0.15095961691524182,-0.3478260626404412,-0.4556310600851874,-0.11157218228438559,0.2719774328400525,0.08412028596232408,-0.0452627862861366,0.18068969777295557,-0.3465887167521961,-0.9010116538170311,-1.3924051367322252,-0.6170255497431816,-0.8379924855689048,-1.181105435439786,-1.6115179008603515,-0.8202177996178037,0.8541408834130314,0.6487368456021119,-0.7984042960729822,0.8477758362239776,1.115261670876665,-1.390088458135458,-1.2144264575293502,-0.4532829732769717,0.1344289264813622,0.4980290927348224,-0.5720550694342106,0.5298032394527207,-0.6423269601300025,-1.0217525100278666,-1.7713243987716893,-0.5064629913476508,0.7821995239145536,-1.1811888691306782,1.310185334406635,0.29054850467244137,1.5248276388108633,0.1972594378312294,-0.41239264998626124,0.5441282293999464,0.5201820761795307,-0.36746413237385267,-0.8093640303387092,-0.7140657904729676,0.08556659559465397,-0.42996252685088543,0.728693252998796,1.5141020421448785,1.5628378769540265,-1.6716441494770489,-3.0121101856864936,2.353383171401461,-1.3622610093184826,-1.9954575860566852
2581,0.1254675986798182,-0.06432183728461704,0.05043701002710861,-0.012917418688082905,-0.9809313553119936,-0.829518893382454,-0.949304917515531,-1.3059078807332762,-1.2012755007441072,1.519193057152169,1.3954408860822947,-1.4034954731213076,-1.213117422960052,-1.5170986558808728,-0.35778782584668856,0.036526489726414146,-1.6608263241704873,-0.21568375255917388,-1.7376063461835516,-0.35778782584668906,-0.7728590010685702,0.1771078783841446,-1.7738710965331963,-0.36774246290339396,-1.8095677804633499,-0.7728590010685705,0.6157319034611762,-0.7719675402994509,-0.6961165429375508,-0.5250681586193722,-0.6701550347232084,-0.2759979203320953,-0.8362990932817138,-1.0449361060705729,-1.1126778467258867,-1.4401613266565456,-1.5175197279800838,-1.7575558567757088,-1.3505834778956547,-1.728385116446572,-0.41372538325120406,-0.7072717170244602,-0.7117936112188922,-0.8581568316996507,-0.5824711260062646,-0.27401728860267166,-0.39690408329978927,-0.5530278319041172,-0.37699263788273946,-0.5281045572968697,0.13229809462038822,-1.4067650759669588,-0.704768310210497,-1.071562134757107,-1.1645314576865844,-1.9061088931466252,-0.8715187354814631,0.8162934236311401,0.634479063883001,-0.8350511903326304,0.8218464363278166,1.4750660573273013,-1.5944521096376727,-1.8102908961250257,-1.6369337485967226,-0.3432509654551436,0.25059572390077095,0.46798403408417416,-0.48493852118015623,-0.5673209842798137,-0.8834388455540688,-1.6266787175017499,-0.35709932447310416,-0.3347423435036622,1.0041241469810782,0.21219899036969694,0.7460203957875101,1.4271833951576582,0.0906028446967218,0.19861881625333314,1.1596441996520634,1.1928348069352612,-0.008694029206709454,-1.1041615411376204,-0.9553178917399834,0.10502813492279794,-0.08038703446936864,0.6077663577436716,1.4346222611989357,1.5335912179145519,-1.5948541641510938,-3.016524470687841,2.3126687224378437,-1.453584020024655,-2.075891975791807
2582,0.06157353340069034,0.23634902556489787,0.09851754305162962,0.18291074652282668,-1.0844209343525193,-1.0425383155702896,-1.1286299897227992,-1.0344384673737235,-1.4478493682265112,1.5838055754370008,0.8418296767330591,-1.0107310423150828,-0.7492151537952702,-1.1688685134744479,0.017691898440142514,0.8191364548737091,-1.5213741264885061,0.5112338976287573,-1.6992205715513278,0.01769189844014123,-0.5453634341438763,0.8373293921844779,-1.6965074976065009,0.24490120153163683,-1.8338531992229496,-0.5453634341438769,0.14937366618688314,0.9731280092010783,-0.2144223014922514,0.4440035291310221,0.7337232907871725,0.1371390049162085,-0.27277639221013894,-0.5075393982210384,-0.7571584232326186,-1.0892039157704891,-1.2601479877699426,-1.4883915966665142,-1.0699080590785812,-1.4219090396036453,0.5471477824770751,-0.189761101480528,-0.10893208408436421,-0.4925006263844517,-0.1726831737729676,0.24966520728597505,0.036790489491007765,-0.0665082979197198,0.15818977249947777,0.6332261013434426,0.440007087589443,-0.9364928079249927,-0.29820732060123,-1.0095249642136548,-0.8484386890938966,-1.4853436832886686,0.6410609032746308,0.7878928207493584,0.6132019759285904,-0.9465066296425475,0.6733168283112189,1.4649665787738415,-0.9416141978273603,-1.52112163674816,-2.0801678248328397,-0.5881484617258501,-0.9577757691623974,0.8850481295437789,-0.4554057199061272,-0.15297333814665448,-0.853462097232852,-1.9007602939028743,0.8923141903666977,-1.3197106024475649,1.3169147469517575,-0.2815864301098121,0.5976148497145969,1.8766879427864556,-0.3351334511857603,-0.40082761486091156,1.3833329552234734,1.4412110642360583,0.1691891948055257,-1.2533941364248755,-1.0469586660558363,0.14378500288547316,-0.059577702542050456,0.512531348865201,1.3720920096747034,1.4951910199902405,-1.5249166267351815,-2.9879912803095836,2.269199268145989,-1.5433586489124276,-2.081813383864003
2583,0.18759668765852808,0.39378713793024994,0.39603323269176016,0.46714518653936266,-1.197593229099654,-1.1125244807130212,-1.238287903072272,-1.1385851389798474,-1.6167088556081075,1.7470022567381875,0.9471240404197094,-0.53596679070918,-0.21269382413663848,-0.7378527793722841,0.5984760234635154,1.2641293233971214,-1.2495884805783835,1.168866782971794,-1.573239361958605,0.5984760234635143,-0.154414678001852,1.4130224357857712,-1.5198135955483982,0.8923623261112263,-1.8065455214633057,-0.15441467800185277,0.9624499582107485,0.4844217006476949,0.3893203490968917,1.0034640399723906,-0.09866217204877122,0.7625678008569118,0.4062659609207264,0.11611663703964417,-0.275642052127261,-0.6575053610479757,-0.9363268727535667,-1.154299689630361,-0.7074127473265168,-1.0325565315853498,0.1999034523788705,-0.08260771698516095,-0.22197357644693289,-0.5503747839677592,-0.2614923767890668,0.1519536024662052,-0.042765006655242306,-0.1411510509015604,0.07925970831387016,0.8894713359594487,0.5120014853321622,-0.6682438436149625,-0.3827607391910798,-1.1475787780104745,-0.3785219585290103,-0.9906531371977472,0.7513378795526335,0.7659573238173377,0.5919290528571398,-1.019608407766056,0.6058565804380805,1.4343216890015877,-0.2928049996533489,-1.1274045394569825,-2.178225013953098,-0.6874951101821707,-1.0456918915260018,0.48570232082047876,-0.9387330461306741,-0.12440177694614223,-0.9671253216341633,-1.5104352498203135,0.962895048420635,-0.9682463968225822,1.5418416374964186,-0.8360798591826272,0.36831364168301955,1.499338836088688,-0.4558944308784373,-0.5764600087000908,1.5445135029620367,1.6102042460492063,0.21706546555111245,-1.2254576930912497,-1.1231364443291136,0.11285256588325329,0.10629269518301875,0.4335839977310147,1.3188479252769547,1.4693033048490751,-1.4528007677077805,-2.9371099331254777,2.216599307282103,-1.6024932848186406,-2.022410249213425
2584,0.4567861712880994,0.2762054928654096,0.3332472920686998,0.2833637794260541,-1.2262796019414588,-1.2131424978551169,-1.284521975514805,-1.144428088460184,-1.6666151001619032,1.5342190481670919,0.7070355109250074,-0.770802066613949,-0.49972600784403576,-0.9594721600719212,0.5812480494938614,-0.041834786122085,-1.1590837345968512,0.3615947083547709,-1.4570473067546772,0.5812480494938606,0.006437359197225319,0.5862274413387666,-1.4292882229613202,0.4109855947731987,-1.7616331112874228,0.006437359197224124,-0.23229999445100744,-0.40599069812904415,0.8177696630515711,-0.6380278968572787,-0.38550171499280195,0.1856634425403488,0.15269006614475947,-0.10279575731038583,-0.4312713688517002,-0.8252099408855811,-1.1278142800893625,-1.3209370648938772,-0.9254130145144789,-1.2296991241441286,-1.214897965664696,-1.148932919152513,-1.2156119823325442,-1.2361465445421456,-1.1100900726682168,-0.8941007674985125,-0.915966173325702,-1.0741959279975766,-0.9689342069528072,-0.6073245705901715,0.01366147029306409,-0.6533037169479878,-0.4919047441386847,-1.1915977865633216,-0.4366683094409433,-1.3245279483744834,-0.37133534542840363,0.732597083085554,0.551619723298222,-1.0951966549679775,0.5527153383043703,1.6472515410519448,-0.5175430514035638,-1.5786800168533912,-2.794248300552943,-0.5067139299966008,-0.9579136658343966,0.0195657924160705,-0.8609639411274179,0.16623888020098634,-0.6983795483686911,-1.0187445061148084,0.9134460340733395,-0.47878911933719787,1.0653837631504812,-1.095650525679754,-0.13465129404676707,1.0976442712456276,-0.3770110821471672,-0.7906277740390977,1.6117061232207432,1.660602378682553,0.04955867094036177,-1.1883386209958304,-1.0235366226899671,0.1290139845422273,0.37484297152546636,0.3538705134845103,1.266671133126878,1.4423938632536022,-1.388141112402044,-2.891323330641055,2.1469814498332296,-1.6699234933409004,-1.9976454841940046
2585,0.2220839983249858,0.3840467177837145,0.41442513414816007,0.45251139785516054,-1.267285955456564,-1.253448471639949,-1.3067292211814971,-1.2091763209567452,-1.7552870902837623,1.694109108255148,0.4572064521757892,-0.4893609657965772,-0.18490263251682293,-0.7026054455222368,0.7558787402154054,0.3733876514101723,-0.9955458414146658,0.7318319525285629,-1.3209680183735542,0.7558787402154042,0.2419752793526487,0.8635677347670194,-1.290284526030555,0.7502210760219675,-1.6920133518579417,0.2419752793526476,0.22089130657486225,0.29730901985969194,-0.7472224455400509,0.7791978852432936,-0.26645473017631294,0.48201796083944803,0.530641883779305,0.27533936649261803,-0.19209911676801097,-0.5705826849643421,-0.9509389965158482,-1.1134839837984591,-0.7181625980260248,-1.005175472697206,-1.0734064346989118,-1.1900531241223944,-1.1406445485074002,-1.1971060195004253,-1.1837581506022423,-0.9816627842112283,-0.9762219383010193,-1.1491644411563897,-1.0562532290020579,0.48269283214136705,0.41190816264857566,-0.35974094403618323,-0.9031447912566317,-0.3596687391387335,-0.21678707236729966,-0.7788660637980995,0.24508653265706096,0.7361388404101428,0.42632519458836754,-1.133066510543594,0.5381643129460523,1.6565011883910021,-0.1915115851956176,-1.3929817365149222,-2.7516464825545586,-0.6813523377644983,-1.1496836457040698,-0.22062260590056007,-0.6858419261808494,0.35010295453179074,-0.7486051078724842,-1.3158425061233345,1.0803098011756456,-0.3454538515801949,0.6466792191827041,-1.1472196685169505,-0.4278542291316023,1.4576008832810743,-0.48743270675708195,-0.7357713217247707,1.688607997927181,1.7504567278733496,0.18274402704496417,-0.877887236415927,-0.8724669229453511,0.2615052001225998,0.8796346365970222,0.2645614752583489,1.2196666239323515,1.428728514282457,-1.3218946238247944,-2.8469113327188844,2.063525627677228,-1.7037909449156274,-1.9196722490438294
2586,0.5262801931979618,0.9833450362411102,0.7219270172287792,1.1357569059120445,-1.087568347544688,-1.2591788045481667,-1.2086920430242913,-1.1290329831735175,-1.7780925048569878,1.724525631501805,0.5051050888601646,0.33766032448551053,0.6512347822694236,0.11244507470155912,1.5854270920152782,1.7961579324797974,-0.5300706813803506,2.1238087283608866,-1.0645217987018554,1.5854270920152769,0.8277651626968144,2.0947294445469273,-0.9589633190269535,1.965900124521619,-1.5586201883606356,0.8277651626968132,0.9053329474108035,1.7390604072308418,0.870517407228365,1.9672594045206762,1.1315686031060253,1.6930789622991391,1.5450921239329194,1.3815417316404144,0.6565347755644526,0.2578703081476166,-0.2644923235355521,-0.4185896300467438,0.07628184711340046,-0.20097216334940304,0.9874646931977411,0.6121362191597002,0.3687511560359624,0.03953452096553868,-0.05969190120327157,0.3793036137279385,0.21702750959457845,0.09120921233618834,0.3522471357309823,1.9378590571455132,1.6232113905923973,1.2370341718335107,-0.2677562595468307,0.18498021169396872,0.2711052093519598,0.09945561806780372,2.373814958609183,0.707951000280176,0.4133355474472315,-1.0472626272298853,0.6662392037899318,1.8411828782139235,0.7469687966972748,-0.8595956072377093,-2.773206802533878,-0.829922424262548,-0.997456831019077,-0.6052188532236584,0.023116662498945225,-0.6735700560809578,-0.5267819464268954,-0.8068718565611321,0.8854460370773051,0.09688915566269946,-0.5430582670577908,0.8292158137890481,0.2597119470068564,0.5978763728679871,-0.6661558109766098,-0.7215484399034913,1.701761328943402,1.7798109394436366,0.3656924097117783,-0.258343758134572,-1.0221768207129962,0.9613762773571786,1.4173265887653377,0.2380345049410847,1.1795706668456465,1.3952018204929388,-1.2730612357447781,-2.7278204008903026,2.0086783909612422,-1.7418202068904196,-1.7630513623824422
2587,1.1731535273129772,1.7143353805103172,1.295815417986569,1.881039061210281,-0.9631830738447704,-1.0944789415161056,-1.0583493790142628,-0.9827179039631367,-1.7483095144282876,1.674141298952351,0.585764883908799,0.9861125936688151,1.1923622816768116,0.8511456783229642,2.546409586983844,2.2484847827267314,0.16107236347063555,2.940276147503911,-0.649263416404483,2.5464095869838426,1.6195261523975004,2.761837954914874,-0.4561019180342123,2.863087501501576,-1.3377745370705882,1.6195261523974986,1.6407317140822717,2.0009046570422644,1.7788260385128545,2.1996681880990434,1.7292095523227045,2.6331620741968016,2.433145712737958,2.37839785214377,1.504190651929597,1.1318545802466038,0.49297896624766724,0.3406790164279345,0.9495648016406002,0.6835673179795149,2.0338163653366603,1.7671756179926708,1.3405447061592162,0.9556796174903102,0.7784165391770068,1.4069833408230072,1.1248412476837542,1.0865469847968394,1.4614781493900457,2.0281587955587703,2.2839895075695655,1.945785320694464,0.5485841597704221,0.9777781061848752,0.7626708256404416,0.9025087200021472,2.584092907785482,0.5630203035386122,0.7165396463084285,-0.8636387983381422,0.9554495092919201,2.0294879471565075,1.4981574826088477,-0.27792383907323753,-2.500695789282086,1.1173602379965313,1.2824711118052636,0.24330519477246768,-0.8174240903509712,-0.8924586423747237,0.054483171800701224,0.059639404982555835,-1.136527541603845,0.39868442450039304,1.1974614895786015,0.2010578370326699,0.9186064797536329,-0.3615690426692873,0.9833909424406407,-0.7229639019399478,1.8264144147037953,1.7533686952455667,-1.259719987076244,-0.0403401940350779,-1.2938781981908778,0.8888149262320874,1.8123914348360917,0.2756403171522291,1.1423302810913643,1.3526360710012493,-1.320143835958979,-2.559401247726239,1.9359568414945498,-1.8113758612880304,-1.7985918409091892
2588,1.7491008957902732,1.8016340587036717,1.7895619380233414,1.8400907326159706,-1.0757815157855646,-0.9993506353175492,-1.0926808194745967,-1.022129200017022,-1.6286207591253736,1.8456690853012592,0.41176205061473703,0.9599987852453129,1.1581911431539729,0.8291933809790136,2.484130910111873,0.10939950543788263,0.5640160602531376,1.6887404034482207,-0.22937096849141939,2.484130910111873,1.973814150035019,1.396929412167425,-0.07597848946114213,2.111241556437365,-1.0782575575901876,1.9738141500350175,1.3452406972756312,0.21037681332604385,1.5118057875281852,0.29107716418674157,-0.2337327982615622,1.74242929297904,1.9673925926794327,1.9638878025936999,1.3558226200937207,1.0564767546469205,0.41015179654643497,0.2884655179995467,0.8670456858251202,0.6302862672234517,0.9537795417094421,0.8594554798554745,0.8429953210322637,0.375246518654003,0.24161809272615445,0.8105862540035754,0.5910660172734341,0.5389110604690185,0.8527456879149773,-0.17257825084903777,1.7376903764978304,1.6091255834012048,0.48379174470155606,0.6173710799525169,1.0723465537204253,1.1714755690408378,-0.5662390041749732,0.4682882617486271,0.9573335471211795,-0.6828403448999223,1.0003380107443587,2.013846253689032,1.340598278254858,-0.3589992447214671,-2.3678510563169985,2.4626574012377347,3.078182084029119,1.678223254239449,-0.5925994698667941,0.2649845258689947,0.6859260245680805,0.8693380215975903,-2.840947244905939,-0.007171536402279386,2.1117133981341016,-0.938997013605611,0.7062572864653637,-0.7967325482112265,2.1793315911350377,-1.1180423535065687,1.8161607424605388,1.628989027851345,-2.4212172797109877,0.26537360002652016,-1.479204448525781,0.8462077479651577,1.2455508948993896,0.25627876108859926,1.091177751374723,1.3836775159050114,-1.3702962826628668,-2.4293696651089642,1.876700537640026,-1.8331012746675417,-1.9628376523728064
2589,1.9521780166221547,1.8477922944870855,1.827428440041039,1.6180458055897207,-1.0681554843287038,-1.1254904550371891,-1.1853924865603223,-1.0572833075884172,-1.5420478276648957,1.7211871972622899,0.39185269121136695,0.6339504046404932,0.7736693294850315,0.5269161956424285,1.8632001228491133,-1.2990284905802651,0.6798586539928294,0.4869592872892716,0.0925471827030179,1.863200122849113,1.942431007456146,0.07145068741237136,0.14487765227690974,1.2178161009222965,-0.8240295405567352,1.9424310074561444,0.015183274316460523,0.03314934068704071,0.4298530255755517,-0.9404407794785914,-0.20355477023873295,0.4807172597040182,1.2989138630934596,1.3351882726465505,0.9958949869532294,0.7463855031848771,0.13326547802072872,0.05326213853114569,0.5572217787297727,0.3583916165402532,-1.126784732319016,-0.7996591445482399,-0.7179470623183873,-0.8642412863387043,-0.9923028611428366,-0.689785724654038,-0.7002171195469286,-0.8458696435989886,-0.7048355435947283,-0.6745864975194794,1.6588359620837818,1.2112823723619128,0.4707478169620708,0.4833272914886668,0.8678491414385454,1.0857201914172105,-0.568943025889011,0.45174418286122947,1.1052559062713045,-0.5102327557508576,1.0736344135274698,1.9737223090962042,0.8539982430118249,-0.6128277552633665,-2.157250546153512,1.2407230858428184,2.178518419217195,1.6987204103536266,-0.6433427000148244,-0.16862881648239092,1.099256794023039,1.162617391740665,-2.1396648534176848,-0.5019131068261229,2.148662323744278,-0.4757417308634439,1.1091608600100793,-1.2379889798638808,1.0879206208892733,-1.068110592085201,1.6264567345713326,1.5422979999502522,-1.3744881431270168,0.5012600463509067,-1.6143279844674345,0.7590267645425416,0.9628650932114409,0.211075834053955,1.029414074520744,1.4279075837843371,-1.3713375671274612,-2.3292427186273303,1.7968603858275052,-1.8460493628805046,-1.9807164638046357
2590,1.6317488759171241,2.1760021213641787,1.8372530375748546,2.1363237588937234,-1.0147452181581045,-1.080900928265109,-1.0654594551543213,-0.9992174828366592,-1.7543206759606884,1.7704148813579583,0.26429283368137696,1.043720698685194,1.1271136265217485,1.0055775956952022,1.8734616913689752,0.13310128517621914,1.0004929096545294,1.344401204647179,0.42501166968156556,1.873461691368973,2.09708928832919,0.7950206401183275,0.47843667861476996,1.795197193262575,-0.5459153947643973,2.0970892883291876,-0.02467870814336328,0.853892892186494,-0.9381642392888749,1.5949330883549864,1.2963497848496945,0.9088116029740115,1.77404054169091,1.808550033932408,1.566914467310753,1.2823558978195282,0.6388478748386375,0.5681707890198553,1.1299652302777776,0.9596979048737153,0.6741899227596605,1.1784610629141592,1.20914748674641,0.8975738402888386,0.5420216050562282,1.1583292274420507,0.9734767074411574,0.9584251742635972,1.2600646803596662,1.327858394012481,2.024222243348501,1.7812860795346304,0.9950721682507038,0.3175080636844298,1.1252058445029467,1.5739683986656174,1.562370286323395,0.351389509353884,1.3749272571724132,-0.30798499325373796,1.2690755539801672,2.073540600218804,1.3777198178588737,-0.21071551377760298,-2.0412195872847434,0.5203835167978963,1.9382910927220534,1.2430781771325252,-0.6268655312596071,-0.43648239403694555,0.8449535519961539,1.0936338741141831,-2.0328979135522887,-0.16042370152891236,1.72206952452991,-0.14535546535059185,1.084449191151505,-1.2480722179149633,0.6829332769088045,-0.33959317897317437,1.7751482823445275,1.761806677306896,-0.7480142947347792,0.983518120467146,-1.7281577685871423,0.5626956514061772,0.9084573939245258,0.17417428326869874,0.9425452714704625,1.4340111521801682,-1.3643392933781513,-2.2276096949414503,1.707483233736434,-1.814501090957234,-1.977749352401967
2591,2.136065548124408,1.983055046587188,1.7313113515300138,1.732177906089335,-0.8994153835150247,-1.0158996185034352,-0.9853496170754226,-0.9206940238892368,-1.2041834579546373,1.5237514100027296,0.4212746627209294,0.4266550563494813,0.4369261518142311,0.4111086902894419,1.140654220354986,-1.7068491354919386,0.9485125847666345,-0.2259917389205864,0.6278122738867721,1.1406542203549863,1.8368964345485936,-0.8411539769857543,0.5879852793578262,0.5954277109587934,-0.2994043484206237,1.836896434548592,-0.47455840251435943,-0.5428499095572316,1.29254413773642,-1.2763698026116717,1.2560444802512392,-0.45637289649015916,0.7437480059452057,0.9497302470730754,0.9966882412753207,0.7443830021000013,0.12351541644950942,0.11045954132078374,0.5587518624251757,0.4453111679163045,-0.7456255270133764,-0.27870938531724226,-0.23847309103028758,-0.3362355136670429,-0.5668821134025985,-0.13912586634296603,-0.22033463198338216,-0.2772971551115056,-0.11106487796305171,-1.2549333139336103,0.5725183644418843,1.5236308593237358,1.4325617502370416,0.09067455558042457,1.377654525142135,0.6493755575071097,-0.9026628503231973,0.3238459742964633,1.5154743915319389,-0.15003253456226814,1.3331266466367664,1.9926000207809411,0.6174398829288799,-0.6562533650774316,-1.8511122621189287,0.9533767668050266,2.7145285168195152,1.8572808321412966,0.28419710081812266,-0.7050832027643309,1.186111518597244,1.5597412104357875,-2.7928660881871,-0.3103438911543749,1.2504370146440889,1.1378390577999842,1.6640018895205186,-1.7873829981369513,0.40523978091646023,-2.0304628802537126,1.2690651355368447,1.204278525120274,-1.0720063763394385,0.993797908455948,-1.7149904007699102,0.5418758379515741,0.9180752610662586,0.012454689144947607,0.8659809733020533,1.4814385303977156,-1.3611654809333977,-2.1455681114608893,1.6349887004390316,-1.8400945840538905,-2.043794680176805
2592,1.8650320788527828,1.9365120485571405,1.9816734448099598,1.9615646617911513,-0.8391824862663854,-0.9237235775079792,-0.9629891752656532,-0.8333038915350119,-1.1701456717537573,1.3883430449593126,0.48161559032934614,0.5845865727809916,0.5902686487447037,0.5889964311911602,0.8219887212287712,-0.7461974264178257,0.9805952226859552,0.11989213494716637,0.7744548567865378,0.8219887212287721,1.6714875779224316,-0.5493182558331822,0.7170963828507878,0.69992854135485,-0.07258608736495374,1.671487577922431,0.5164387597830289,-0.3065855416873752,-0.8739578406673261,0.1593153586085969,-0.23729942808281557,-0.03400900980195061,0.7287787919892412,0.970333420429848,1.1464425538906389,0.9057650135828383,0.25838500146789073,0.27827348033702826,0.7351428066174308,0.645527870095283,-0.8095350781800575,-0.5939810837922143,-0.5586395941462309,-0.6385583980924594,-0.8558402621408122,-0.48653807793635634,-0.5290853845108706,-0.5980254301927374,-0.472076331024068,0.38841762143825226,-0.1767193752118507,1.4479830212332279,1.5535035145467417,0.41229796234391164,1.349158737709085,0.4418702594032643,0.809968214963096,0.25873632245900435,1.655963904501877,-0.004350060642762483,1.3224149459827959,1.9197761246954501,0.9373901499524954,-0.42662868831168793,-1.8086946845825878,0.7842202669005663,0.2849409394236519,1.773850833548095,1.215399568037987,-0.9622918481569279,1.523935204009361,0.6975620283084409,-0.15170054772155778,-1.6966708097531598,0.19524052107972228,2.3791205286009283,1.8169101997998474,-1.0068788716684498,0.7219077135237627,-0.7701769117994528,1.2181461250929457,1.1717959021200852,-0.9121555386058416,0.965956977080341,-1.68089631724663,0.5594305945527588,0.9625261251842061,-0.15006201698755195,0.7817552136194416,1.466102845947765,-1.3257796415665526,-2.06613601113463,1.594725738359621,-1.90445986232086,-1.977351283763185
2593,2.0907592141768734,2.423246286141657,2.3285121384802383,2.502161107472876,-0.8436577714137947,-0.8572422689133826,-0.9083265892793944,-0.8028157162145038,-1.3451184381709904,1.7047638786088473,0.6504637032926287,0.9392388162961801,0.9199953515998175,1.004144335464996,1.0146180843838672,0.4448614402244395,1.2115928397089806,0.9591681835256423,0.9561826769949905,1.0146180843838672,1.7141264065574895,0.24792509243408492,0.9508415271665014,1.2632005887025,0.1637772688574184,1.7141264065574884,0.7312409028885236,1.1417336537470208,0.39933871602979665,1.0240696815458301,0.507472469084322,0.8423924876475107,1.151742768775442,1.3293953609604492,1.6092620358038867,1.3869100244396473,0.7055810830943064,0.7381283280897933,1.2853870287872964,1.187542827735949,0.16104553956417916,0.051535113755055734,0.040300554116318874,0.000893437241345297,-0.36089085828051626,0.08277916504396216,0.012203147341467982,-0.03826441462734252,0.13515725908815007,1.1363022229816713,0.4236664255758935,1.5396644559148853,1.6803668344572105,0.7149549465660489,1.7019322886326398,1.3024126529279052,0.8680546285722979,0.15451591331249673,1.9052120032803959,0.19183338341626863,1.539641253608193,2.0008035157191375,1.3760534086167924,-0.06848014296953295,-1.7239719573301215,0.17650989060485506,-0.8317251604626678,1.6750096986501946,1.567676338405331,-0.5863141197634673,1.4814118475377873,0.4553046645806842,0.9503097700991071,-2.204109707952599,-0.2770013784549932,2.2456965414510934,1.4458445808554796,-0.6453568362408338,0.32663859798900563,-0.3363924687914434,1.3404038273617291,1.3512813938334316,-0.40858845333690774,0.972002081205108,-1.5425416367136566,0.5457869646316806,1.1503220993329515,-0.29550737255424336,0.6794417755343647,1.449623793042754,-1.279889531619383,-1.9594570025971,1.565621121404491,-1.889679664802503,-1.8634018346498762
2594,2.416843281353159,2.3288528768205845,2.5666565725764063,2.3839864203774623,-0.9273292314318705,-0.8725221894907734,-0.9001518079345503,-0.8593007119213081,-1.1865764191293573,1.442516380404537,0.8347641389730756,0.797389307708908,0.763303958350485,0.8647078162541044,0.7696433769859132,-0.563210882443317,1.2584187397067519,0.1953395289073559,1.094918931683869,0.7696433769859158,1.5651591440239898,-0.5061329156486937,1.0763312697913874,0.6787847752596423,0.3833526582025635,1.56515914402399,0.36248282495385725,-0.41421062671254383,0.6188476079615792,-0.14821112940523132,-0.9150728915803741,0.24534480318236582,0.6129897421947694,0.8663737038688755,1.3444594381577601,1.2030510260000324,0.5160231076879956,0.5903928872543164,1.0813648093989976,1.0271417858033731,-1.1381610628031118,-1.0031014514883732,-0.922585669831268,-0.8960036670633602,-1.0974378761430914,-0.8655616997649308,-0.862463656086867,-0.9615668759413826,-0.8665316152050431,-0.4025186235576021,0.5539709373626224,1.581697130056609,1.4153711449776742,0.7839313483025582,1.3440659857986752,0.6580577366101756,0.031171338442181437,0.09054063783874247,2.113647525134579,0.37429489498975665,1.6257428950547674,1.9301520947917052,1.0950462436825787,-0.1602989289886407,-1.5282789868607938,0.4952576080950062,-0.5835944524394596,1.7735869918511864,1.8716744018189078,-0.04367891684222063,1.9040559189799546,1.2717166680422043,0.7416872844661987,-2.133436089617281,-0.543160851576149,1.937125538730075,1.0748135977002322,-1.2753391885710805,0.35059640509089024,-1.1069231744224142,1.208986785285283,1.1865565661919788,-0.698904392241636,0.9172104064249545,-1.3717660387263126,0.5501830461919562,1.1104222347114483,-0.4457266162502933,0.5891642957301739,1.4216876120572346,-1.2574960474208543,-1.8749549829805026,1.539130196458099,-1.9307504076796291,-1.7502971160219891
2595,2.195708678917334,2.0496836345197105,2.0664149410381754,1.8835417685123415,-0.838253871312676,-0.906946784006151,-0.9542058041569366,-0.8481254234343149,-1.1944496263719089,1.4072917209581817,1.1075133194435465,0.17344465544209675,0.07152621137725274,0.2476931186577688,0.03776955979757076,-1.705578432431546,1.023985408495186,-0.983588459793854,1.1024616650598937,0.0377695597975716,1.1412935342760064,-1.627911168633139,1.0142970871634542,-0.3307591177296322,0.5457514574938025,1.1412935342760067,-1.3529257804905108,-0.7933953914103671,-0.6443241286271298,-0.84794390410848,0.049740758803198545,-0.6432277005284784,-0.31750844831142744,0.04959414776395298,0.7259876939945004,0.6511020877326689,-0.015203102100664133,0.13046565785101388,0.4406086226412807,0.48742729748893726,-0.6856810118573813,-1.014425666475485,-0.8653756856962921,-0.8778339130482792,-1.0064227274277542,-0.8629358655040635,-0.8571871173122313,-0.9533861559002598,-0.8711396021473259,-1.2272373582421194,-0.6256283307727423,0.9928515934131908,1.1364385856153174,0.55378712807842,0.5192776453468305,0.2658530469621132,-1.3708145650912469,0.06912082656175374,2.2153210425544185,0.404051203830671,1.7958145597498416,1.866557645985822,0.2461974623607601,-0.6008150351414226,-1.2275024069880605,-0.1561640586550948,-0.3471449369496,1.8832832235102512,1.481381831867823,0.17289447285738763,1.4608296727538235,0.6912267714571857,0.34878993449708434,-2.093490402609903,0.019955931886240282,1.3133860441667597,0.9881332386675286,-0.6281264106819372,-0.11828840488934493,-0.6748653217843807,1.1654383731277038,1.1975269328124192,-0.13123852070870112,0.8981524899669824,-1.1956798327180505,0.5317348957986068,1.0600038732487869,-0.5709547883807693,0.5255104708569126,1.387995155139668,-1.2203120109588401,-1.763757279390652,1.4892901183466183,-1.9583024184073636,-1.5627266746232211
2596,2.30208274489542,2.042967402881967,2.127584826138495,2.045215563360722,-0.664897350724878,-0.8280101164656358,-0.7452481983379057,-0.7272799557878388,-0.8652258897921855,1.5315523761024785,1.075522100330007,0.3133836518307765,0.22787786221651363,0.3923720088704413,-0.1965849806672395,-0.5451825234594714,0.9140411240596805,-0.4588456188699366,1.0673052434580645,-0.19658498066723945,0.868414829342095,-1.05942374185106,0.9883869973785168,-0.1314068811543111,0.6705261446568627,0.8684148293420939,0.04760395572509718,-0.1353807521977811,0.1453177134964409,-0.6980427571001063,-0.2808096599772776,-0.4201707238677912,-0.23596962923952933,0.03334559443207429,0.7376640225762628,0.7332435226665137,0.08835583416491535,0.27193027289510313,0.5441105791102355,0.6366452833807671,0.43493608921947347,-0.2551941935096039,-0.18189280896342722,-0.13032196791454753,-0.3487192255790261,-0.21256573246102495,-0.24826038997286748,-0.30201037457892377,-0.18190886031974107,0.2715388970628554,0.06826644131248095,0.4569256027315499,1.3646006766322232,1.3829405688084895,0.6612822025072258,0.48691953896942264,0.12678606960374214,0.05960572593236837,2.339463361644733,0.43403390177577283,1.9443241288363549,1.8092511807902467,0.28894253404513004,-0.40706040085907164,-0.9688701956312162,0.05419472589484146,-0.7729519360621734,1.2715110463401187,1.0061815009853052,-0.1202787954907878,0.47212729169696177,0.286752570902874,0.861990589881033,-1.6719721709096411,0.00787290952190568,1.1457330019560374,0.8593591447899356,-0.32477274745333434,-0.21457619491390825,-1.2458710239726873,0.8576519712361428,0.8657422425215844,-0.25275257057016803,0.8979735492536922,-0.9999165359952504,0.4565289503366139,0.9562514295847245,-0.668390208127429,0.4441441706892814,1.3510958585217399,-1.1724125384458008,-1.6420985805238817,1.4219419516386664,-1.9994899562726398,-1.490301109239104
2597,2.0904046154053537,2.051494155219393,2.007660957981727,1.7852562995593573,-0.5328785809404384,-0.6547725178829874,-0.6132750011011543,-0.554256453587491,-0.438820862813877,1.3247467934681236,1.0065259422210755,0.03368570606096388,-0.07857180751064945,0.11011056392373617,-0.5591864130002498,-0.8393421330121517,0.7044428691068053,-0.8850575170361514,0.9672313788268859,-0.5591864130002491,0.5184875429169892,-1.3826461236487688,0.8806285839617848,-0.578112756923867,0.7453805782315471,0.5184875429169887,-0.42696303183430195,-0.053703622358592634,-0.5874594621150423,-0.7854849576151293,0.3867590541523314,-0.8608477768945113,-0.5510911063993638,-0.434168660355755,0.3519222614156011,0.4295069548301246,-0.1868054446076672,0.047886767785542454,0.19628739845267584,0.36705933172837074,0.07824735894855996,-0.2948727065523969,-0.4474059238319493,-0.28125508486916767,-0.5156519809625856,-0.4125507835416105,-0.42731710597492634,-0.4886207644354687,-0.3907670173898706,-0.6485701280905289,-0.4079256135101117,-0.40449229547623283,0.9815992674188726,1.190994533381027,0.1666931695085189,0.19540553716715198,-0.3967442859885615,0.07943474275473712,2.415900239861076,0.43225385714916753,1.939314307931055,1.757656825414572,0.0017576015397376054,-0.5975386531770744,-0.9287672161010287,-0.41480854130120626,-0.9432322012560543,0.4736418749843341,1.3831953793827418,1.2270430446038187,0.6326533843524624,0.47930821627919296,0.9531227761039122,-0.9659273784771936,-1.1932750255189495,0.08594264692925803,-0.7091275588301947,-0.049831749036994076,-0.715853849572712,-1.2857367084603673,0.4004458683255366,0.4331363075476464,0.1782387351077771,0.8878470497777141,-0.8360234433247109,0.48803656878293195,0.6481374763779993,-0.7996652658978488,0.35446956504969346,1.3174548080144928,-1.12921295494499,-1.5419206240047816,1.354567363556766,-2.087601691792142,-1.4626316297455302
2598,1.8002820238121695,1.7806253949087947,1.027181654436233,0.7290717650346046,-0.0738101684115449,-0.5210629359269235,-0.20029989730147518,-0.5054271174485704,3.3322597409789463,-0.024004000195478964,1.4490347923253712,-1.0270049898008466,-1.15205350786092,-1.0169955599219898,-1.6046271725732313,-2.362018972870728,0.09505796724206857,-2.4779389038603523,0.6797177925767075,-1.6046271725732304,-0.21124564651086133,-2.743273819560316,0.5026904218204433,-2.014914371291358,0.7159043372227404,-0.21124564651086192,-2.3623931344523417,-0.7039016386172184,-0.70909247948924,-2.636474938340889,3.2561074857288723,-2.214699462774432,-1.7599162503918733,-1.634455632128257,-0.741239891017821,-0.5501954528752321,-1.170958442022021,-0.8315010782399087,-1.0064133165621163,-0.6905501653551313,1.6587225974197222,1.0699695726724516,0.7597685165611477,0.8440231121409241,0.5751727630118858,0.7379957679166772,0.6140518914802475,0.6519433914160752,0.8324425381991761,-2.311390954503072,-1.9686040462220111,-1.0962568957122059,0.024693165122889424,0.31020909525439366,-0.6372564425192478,-1.1102042181978906,-0.5822466273300209,0.22733362354238135,2.3476417993102654,0.18784939885367316,1.8082484806730859,1.7113625533669483,-1.1189809177742722,-1.4964387353642203,-1.0581926068326521,-0.6415751260213178,-0.9686620566316843,-0.36473198091978665,0.8020880140541318,1.101593608750542,0.07500421465947026,0.20902488898845603,0.9358695807402136,-0.15139054701769195,-1.2574290622182631,-0.3809767587732943,-1.0979315750242984,0.18086746238728585,-3.29594076498524,-5.498928539235689,-3.3331119180694944,-3.400005313405842,0.5110225769661999,0.5230417681885867,-0.6267342861065123,0.8074794974531719,0.3025756120212662,-1.0814245237125266,0.24459300244908785,1.0620023835524948,-1.0925653503246016,-1.4986225719373003,1.3045598705308326,-2.5959800645865396,-1.5241165271544317
2599,1.2762873317256809,1.0332952680286251,0.9417177715673783,0.6296680395989313,-0.02149037549001389,-0.012746958599798994,-0.09162333435684908,-0.15797048018926982,2.0925350560889613,-0.09451862112888518,1.7419983061551787,-1.064577338104587,-1.178768703610964,-1.0671427563233105,-1.911262507529191,-0.7806865990644821,-0.3409851900795354,-1.7348518316389951,0.32950491296060713,-1.9112625075291902,-0.718379450776014,-1.8660194177277107,0.16985574842335038,-1.7383575415918224,0.6136967035177227,-0.7183794507760136,-0.27231667500313794,-1.80971512045123,-1.2608490224744957,-1.5748486835774695,0.5195615401613876,-1.6654538195424895,-1.7119147887974526,-1.5837559935880499,-0.8625362793217796,-0.641200028837346,-1.2492455856111564,-0.8785532610348845,-1.1418545113456542,-0.7809917396607661,0.4122061533353569,0.28051795578196914,0.2608364092040642,0.22594212156400673,0.08609635359935859,0.15198407005854483,0.07302776137507712,0.08096922483885838,0.22178868020876735,-0.27090077542852925,-1.878083417845683,-0.9683401882036826,0.1106300596139493,0.11871949303010741,-0.7613616110362148,-1.4485062912271771,-0.22056410056699263,0.3871827640587799,2.2676190499794058,-0.05864637599210729,1.7903295088365772,1.6697604332115183,-1.1570708875234241,-1.5079720123809905,-1.0507969084740547,1.795423631156527,1.6786011761193047,-0.335811758238835,-0.6488054852947275,-0.17227775691884953,-0.7908313303187892,-1.0491266523095448,-1.4903247984799497,1.2495523556534527,0.44724316167624867,-0.4713471578186806,-0.0580955331823935,0.9734620352948783,2.0149137880226817,1.0060143078736277,-1.947514007441951,-2.131586138837086,-1.5108481893079035,0.16824155547134287,-0.4427128173606609,0.9047381665027479,0.9186082009797195,-1.4270635659401851,0.12995056067763386,0.9680944146772791,-1.0495829573136417,-1.4523927054752443,1.2593041020543654,-2.754583890680835,-1.505498995500983
2600,0.2820844379422429,0.6142593520471143,0.367049213093626,0.09712591217931386,-0.3628927066522221,0.09706580519904189,0.03955611638794504,-0.33269931776894707,0.30324165749413085,0.3833842339180979,1.5032596243195009,-1.4298709280104804,-1.5145876642442417,-1.4800145174203083,-2.193899129098681,-0.7471257505572302,-0.8207590216330888,-1.9293195185976415,-0.08099072714492794,-2.193899129098679,-1.2208626483239164,-1.8687303718725201,-0.22540581999583775,-2.0504224364433252,0.4381483232314322,-1.2208626483239147,-1.3403602614847672,-1.0229177493793804,-2.182609199442176,-0.4580853352150697,1.0607633075731973,-1.941792267041247,-2.0543927329879748,-1.959425642303332,-1.339443901879221,-1.038712820491647,-1.6377016121003958,-1.2506988500094067,-1.652737689297228,-1.2358822470602964,1.7851757266696684,2.1554663136930907,2.0803642418932733,1.91167105752066,1.853184874230562,1.9415526331976358,1.6721831445477224,1.8820278553293506,2.122828235963438,-1.1504015815516482,-1.8302055075397599,-1.6807694463185776,-0.3479358312875508,-0.1065370017620992,-1.7215532812500152,-1.6543174695478318,-2.155485284815429,0.4874497209617028,2.1807263936556236,-0.21931422540029974,1.621885113579269,1.6217288548240578,-1.5428175887200115,-1.8576620191326731,-1.198066713008852,0.7756416801224946,1.8815761397621635,-0.4345925881822421,-0.7915838817016893,-0.700168221352562,-0.9183865603685624,-1.4389966721800362,-1.9396822114075716,1.4694611476346122,0.521322492935345,-0.0484766678945985,0.3027737642591854,1.1828865804185125,1.5221102299974958,1.5677871070277416,-0.2456947336850421,-0.31838644160367,-0.7578610384911214,0.07239405466694616,-0.4299486888446125,0.8839292226416504,1.0091582876855423,-1.5947676101022843,0.044646496383472664,0.9313817709181755,-1.0538833580242177,-1.452392424618219,1.1971881964574316,-2.7083825066175113,-1.4873027331783817
