,open,high,low,Close,vclose,vopen,vhigh,vlow,VIX,SPY,TNX,rsi14,rsi9,rsi24,MACD5355macddiff,MACD5355macddiffslope,MACD5355macd,MACD5355macdslope,MACD5355macdsig,MACD5355macdsigslope,MACD12269macddiff,MACD12269macddiffslope,MACD12269macd,MACD12269macdslope,MACD12269macdsig,MACD12269macdsigslope,lowTail,highTail,openTail,IntradayBar,IntradayRange,CloseOverSMA5,CloseOverSMA10,CloseOverSMA12,CloseOverSMA20,CloseOverSMA30,CloseOverSMA65,CloseOverSMA50,CloseOverSMA100,CloseOverSMA200,VolOverSMA5,VolOverSMA10,VolOverSMA12,VolOverSMA20,VolOverSMA30,VolOverSMA65,VolOverSMA50,VolOverSMA100,VolOverSMA200,Ret1day,Ret4day,Ret8day,Ret12day,Ret24day,Ret72day,Ret240day,RSC,bands_l,bands_u,ADX,cloudA,cloudB,closeVsIchA,closeVsIchB,IchAvIchB,CondVol_1,CondVol_4,CondVol_8,CondVol_12,CondVol_24,CondVol_72,CondVol_240,CV1vCV4,CV4vCV8,CV8vCV12,CV12vCV24,CV8vCV24,CV24vCV240,RSC_VIX,RSC_VIX_IV,RSC_VIX_real,RSC_VIX_IV_real,RSC_IV_gar,close_spy_corr22,close_tnx_corr22,vclose_VIX_corr22,garch_IV_corr22,close_spy_corr65,close_tnx_corr65,vclose_VIX_corr65,garch_IV_corr65,close_spy_corr252,close_tnx_corr252,vclose_VIX_corr252,garch_IV_corr252
2190,-0.9613826057022216,-0.9877866232175416,-1.0007602391768429,-1.0586123071370896,-1.1310376973322616,-1.0007702963781901,-1.031827479483295,-1.024659548822767,-1.2121762784182741,1.5570078760304458,-0.874180571695806,-0.5396006668637066,-0.4535933421805951,-0.7521335150090411,0.0691176800874263,-0.33364878834651485,-0.4943090502884689,-0.14780059926698125,-0.5383869423130266,0.0691176800874254,0.5603339732879038,-0.430068889018986,-0.4936886262971061,0.04788742641506836,-0.7408209220952265,0.5603339732879041,-0.5208250248074875,-0.7066745001742126,-0.9247190913023734,-0.3614845180472957,0.10793864353822394,-0.38328558268517465,-0.2182541287893464,-0.2627342529469314,-0.055568583206774616,-0.25146490471611566,-0.9591698592938648,-0.6597921773500914,-1.148542858987582,-1.1311265389128018,0.6253724874442775,0.4164269792837655,0.3824641813442801,-0.04856446782450603,0.0025112501397058402,-0.3920771309174604,-0.2926323129001053,-0.28578225606570395,-0.3292132748121694,-0.07652609162551056,-0.23468238789897197,-0.46762376105325415,0.29266047376811183,-0.6296032312526416,-1.249829422288553,-0.6522803319143816,-0.22849433979043302,-0.9742996382558549,-1.4651727071984462,-1.3601376588741283,-1.4253206749610645,0.30356057649876994,-0.25876793077806587,-0.9318524142250225,-1.2993210431825604,-1.3273971992877625,-0.847081385141788,-0.8314624113540136,-1.0603583871350246,-0.7649347734712656,-1.1583975212320925,-0.9095270057729439,0.8010013263238254,0.21274654328523157,0.6088604755257323,-0.4215213489226036,-0.008420841315460456,0.8372142365735644,-1.2231469100488501,-0.7223374828224923,1.1439880987720596,1.211856446874676,1.122337039596307,-0.9709080456348824,0.4569588086129363,0.8720931126694274,-0.6382073986220604,-0.25807669371007164,-1.3110132717956569,1.1622358728266866,0.9560941257759782,2.0925394170570604,0.4131091684568426,-1.2212628624117305,-0.13194551940640062
2191,-1.1114128617114658,-0.9082331754866035,-0.9082878903782402,-0.8478009533173285,-1.1669838306007858,-1.1531972228020908,-1.2448758701375444,-1.1086017726972006,-1.3060186652832828,1.744880354504391,-1.4504101336953097,-0.19766110911764112,0.028237391781568186,-0.5070268140246634,0.23211692393277805,0.38580467148442876,-0.42404754283527685,0.38769153162769493,-0.5076207691081666,0.23211692393277736,0.5840839531995224,0.08914107556969976,-0.43571713752204555,0.4251855322041567,-0.6870587683553434,0.5840839531995218,0.29070420745475134,0.24046600472103996,-0.5457107125164881,1.0228230403440692,0.03254376134149211,0.1420571770819763,0.09706661708107109,0.07800997851590563,0.24118650213296747,0.018044704070346515,-0.7933887708289115,-0.44954686859613424,-1.0076575544616393,-0.9571308070032969,0.014673331451590735,0.4353740684317334,0.2349035896476641,-0.044148396185973174,-0.08058415342378507,-0.45117556571876954,-0.3345010140844378,-0.35588937370398055,-0.39829205081532826,0.6886622379761669,0.01945911269785718,0.24594820750960927,0.8226956169800403,-0.3343036059879068,-1.1073029887328663,-0.4340431487408748,0.463084523103938,-0.8961717139429654,-1.5182750849422006,-1.2893501162821632,-1.4081830314009822,0.27402223514395985,0.06638569674904564,-0.7594914225727198,-1.2574119840440803,-1.5462792301866897,-0.7622700576696497,-0.6096667116897918,-1.0283576532102363,-0.4126083004517891,-1.0876211479142432,-0.83494299651243,0.6981522341664884,-0.003118252819310374,0.8637233104401962,-0.7479908694646783,-0.1466971794563326,0.8138007707119254,-1.3384021158668855,-0.503161784699505,1.2252707047992037,1.306733702606388,1.3658665986327259,-0.4212333497435299,0.07527963703443953,0.8185473996054128,-0.1588016539418641,-0.2937695953744088,-1.250237086889977,1.129415738580024,0.9856449020170976,2.0026925174555354,0.38856545039146956,-1.152819809365244,-0.007783549780860091
2192,-1.0208817959744911,-1.0537403515807768,-0.975457353045241,-1.144641899122862,-0.7976223548239386,-1.1929563793643543,-0.8992268213550068,-1.0079895774712708,-1.1275711225471077,1.5170191218594917,-1.2159341528858854,-0.6231635498595278,-0.5849766251009796,-0.7979314842238425,-0.016463356091998158,-0.5876287837843501,-0.4890171635181589,-0.35671636877533136,-0.5098702487117062,-0.01646335609199886,0.4188400288843669,-0.5873203983863382,-0.4565999300728932,-0.14979345120666204,-0.6485827638242021,0.4188400288843671,-0.2711118586512589,-0.5302951923083403,0.26695013724169814,-0.4555361768996606,-0.47371728781613953,-0.4645351588300734,-0.41300053999920944,-0.3533860368892403,-0.14578340664663111,-0.29702772732466315,-0.9767571592276967,-0.6483876625541886,-1.1672371959523011,-1.1729770471903607,-0.4377288195593971,0.08125682711266577,-0.08386472534735012,-0.2023022860420722,-0.3730688697426531,-0.6734030215889858,-0.5669336014583244,-0.6155261322863754,-0.6270474924353654,-1.03861585693428,-0.5498903272873703,-0.2543459823461009,0.14993499530002896,-0.27626804295548696,-1.14510396186495,-0.4821493836370404,-0.8201572171513227,-0.7734309771760668,-1.6278909799009942,-1.2012924394537998,-1.3914402843571592,0.2424500913091966,-0.4369995774442103,-0.9712623864751947,-1.2174541245038875,-1.6236681926957606,-0.8248382864094187,-0.8660340064940305,-0.27415268238157503,-0.9295797081139459,-1.0961741276908936,-0.626811238307928,0.7577469987540559,0.2794631800629754,-0.7421710595339966,0.5982554960159232,0.08645876081026463,0.5231750513544484,-1.7032259285971434,-1.0111013001914213,1.0373014952216304,1.1323277915867351,1.5756237590684987,0.43806578510906874,-0.3782344669985452,0.9509258347382,-0.0006642923379097888,-0.3373665505196781,-1.2019482325581643,1.0951328932183997,0.9728124346022377,1.8969196926316299,0.34332514271875353,-1.088632989318991,0.07227646057083278
2193,-1.1095822105089006,-1.2322941560459544,-1.273264997954708,-1.4573811679426771,-0.8086773079730104,-0.83583784574942,-0.9982170974468751,-0.805852242375291,-1.2024750946309863,1.4770346124386022,-1.7451071548702,-1.0183642521887972,-1.083193340704913,-1.0922472160693817,-0.43747362222876385,-1.0000733267530206,-0.6510716064702218,-0.8907128172801472,-0.5681788584218831,-0.4374736222287635,0.12456576448072848,-1.0487922270735939,-0.5472415316690009,-0.6557876575766709,-0.6374039363180756,0.12456576448072755,-1.1376250986565883,-0.6934232617839801,-0.35238297795399487,-1.3704850541037241,0.32432977306763766,-1.0354507468887695,-0.9089647421748485,-0.8687049525400625,-0.5705394619842986,-0.6493159677189855,-1.1753963953289954,-0.8709187074337494,-1.3439907101664184,-1.4073378457781271,0.8503132647025133,1.659116542418289,1.595922442198226,1.305982286667275,1.00490758253164,0.42405502024500497,0.6068244588883329,0.6139064708693553,0.6094262223227205,-1.2078330854350887,-0.8898063573910492,-0.7000874942990998,-0.2991522331400257,-0.39691849502461174,-1.5067482462938202,-0.3129700183773893,-1.1996755400906554,-0.8263923056578052,-1.6688147923498038,-1.0216752925452421,-1.4749435374450854,0.036950593765527735,-0.8961148449901976,-1.1665587652351905,-1.1867725071080526,-1.4371003394071495,-0.4576585443854048,-0.8397201718641727,-0.9841898760521383,-1.112359137224945,-1.043679007177125,-0.6557510500161959,0.385515023397049,0.651707937914458,0.4596176898037555,-0.02181163587977896,0.2643980395595718,0.5301902687617008,-1.26210187177163,-0.31071501089153225,1.1275429161704122,1.2082997617506617,1.3636888465955685,0.927602636531585,-0.33284161562785497,0.7494826509305331,0.0876147906484102,-0.4428087499687054,-1.0622852422871478,1.0655654448241694,0.9494775343656832,1.7620882350728673,0.2742519236768826,-0.9993837070145571,0.18637436697562945
2194,-1.5749203454473415,-1.6639276631111464,-1.6421945759356495,-1.8190858647436925,-0.802091930093728,-0.7543278413149471,-0.8121982913318118,-0.736137974689984,-1.1441889245391343,1.316625401362505,-1.9287147647544327,-1.4019165210886477,-1.5007772525429997,-1.4081128751597145,-0.9483456061160604,-1.2104500768617454,-0.9006281135116316,-1.364416454084659,-0.6947339081609688,-0.9483456061160581,-0.27935968211951745,-1.4227687063847247,-0.7099275413604984,-1.1719809988350347,-0.6636279435248543,-0.2793596821195174,-1.5192042872321307,-1.6755192177613738,-1.7221351409458374,-1.0743683574432623,-0.0997954146152493,-1.6999009965442136,-1.5019915944653042,-1.4284233995815592,-1.0946426251454349,-1.0820093159981186,-1.4189323038113208,-1.1565973439876955,-1.5560746749039538,-1.6807536073623297,0.17833980484593506,0.6488502817359281,0.7158199377192064,0.5628922480200463,0.32141277791913403,-0.1143808259023264,0.031748608405493935,0.0018583680146923845,0.019286475745634784,-1.5117109857930167,-1.1852011458645153,-0.9413187807887053,-0.9516726072074303,-0.46940417465154677,-1.6596007295053417,-0.215713805902678,-1.373302668799812,-1.1971551884899911,-1.5793661095197993,-0.752602905717729,-1.7039965220583828,-0.37803444731856906,-1.331222784968008,-1.3812339354594403,-1.213853691223463,-1.1059959958330228,0.05160209343790167,-0.2722449261861979,-0.9370540069263001,-0.8673062931745461,-0.6715181309699527,-0.4926682787777981,-0.12558534454796552,0.4318875802158869,1.149408787552811,-0.19980653386823768,0.534868295525446,0.3939043935704026,-1.088796160988032,-0.6713559909326772,1.0923744307630618,1.1490436819902055,0.9996831689042761,0.7884369143234902,0.17631505537556294,0.6009349210228832,0.19165124882025825,-0.5613282569699666,-0.8864655273512827,1.0374737707040131,0.9795921341611803,1.5756323320247392,0.21530703381676045,-0.9482258275202875,0.23030106915238432
2195,-1.7227260746692559,-1.7824002422976202,-1.6866414262871718,-1.7809086123130777,-0.781177358139265,-0.8803634521896402,-0.8394844704833662,-0.7833383456758972,-1.0946670630741617,1.5664350393904876,-1.850649451431673,-1.3912426909321998,-1.486046766711868,-1.3928386654213707,-1.0054895917299973,-0.1453106236869576,-1.0419994540685256,-0.7813559321679765,-0.8289296923193235,-1.0054895917299955,-0.5049339164547539,-0.7943029308206679,-0.8306358663929729,-0.8691638950027566,-0.710758227532635,-0.5049339164547543,-0.344282823931094,-0.640576642964543,-0.7117032430110359,-0.3305621224304951,-0.7061781531676979,-1.2619265700166804,-1.336257532755518,-1.294513090992065,-1.072015521743884,-1.0484758511984238,-1.3804754469725602,-1.1044120697778501,-1.5257462572016813,-1.6444397228876946,-0.39771443085533814,-0.03886566951076202,0.07857672366066185,0.03729256561833325,-0.1931830716041539,-0.523519769357818,-0.39774904861014804,-0.46510163179047975,-0.4397478134621825,-0.04994992196026026,-1.1658795955155616,-1.0505903948120543,-1.102857973274227,-0.4433607527150659,-1.6393516324996913,-0.12934296022462644,-0.37513504975540707,-1.5023377002592426,-1.4992688232540587,-0.4825999280135497,-1.7445610807708654,-0.6512466757830286,-1.2721162275208027,-1.3326284974510005,-1.1813383843936545,-0.5058413634271628,0.5960800054068086,0.20537987130994959,0.12114905535213928,-0.6610472123808959,-0.4139769820728274,-0.383299082763064,-0.6544310506237238,0.38086562544047997,0.08465088582688125,0.7736784067766405,0.7515477935805177,0.30906453943002155,-0.5128311039446003,-0.6317974250685378,1.084826706432971,1.0990329737066653,0.331959212530599,0.4941963928056904,0.4460890941445807,0.4199002014395562,0.21368024773696165,-0.6987257588325805,-0.7251096835855699,1.0147039843565233,0.9736561446243568,1.3558684327096826,0.1286978273395972,-0.9230469542273697,0.24194436030691624
2196,-1.6528601638270126,-1.6405895978684182,-1.527020245156184,-1.675042662104751,-1.0362113550241228,-0.7848856403930844,-0.7869340879472855,-0.9187136214108407,-1.333207742997369,1.6618033760099036,-1.3400748723928062,-1.2788504647541044,-1.3387330891604643,-1.303830931078334,-0.7783350654785356,0.5504612463210148,-1.0827986104139022,-0.21975117129800995,-0.9323929190303114,-0.7783350654785344,-0.5587830184182988,-0.18896764475672012,-0.8979327420553123,-0.4808057846979744,-0.7629941577862573,-0.5587830184182985,0.5186254998863423,0.40956753214091535,0.10900822711356759,-0.15667535360820906,-0.8765107386853688,-0.5182744518762223,-1.040506591454632,-1.066527024706883,-0.9712780412258075,-0.9220116986985173,-1.2899215549702163,-0.9867181387050629,-1.4554028183072558,-1.555796441832098,-0.885544947191919,-0.7176394907509537,-0.5210235065591172,-0.487550998792365,-0.6620917642338541,-0.8917823519191594,-0.790063642972538,-0.8998402114087524,-0.8762866282581634,0.2812350121921842,-1.305586209093275,-0.9913445802650509,-0.6520254857279382,-0.08105875273069992,-1.7353571878235552,-0.017655827182365445,0.13401681441675903,-1.690660546395425,-1.4254814881118358,-0.2778671852626996,-1.6868860153829415,-0.7654214224601629,-1.1768918240886135,-1.267083122839265,-1.1451415215465996,-0.7695650024814421,0.7463680347953312,0.4858398015820743,0.5456203351524364,-0.6553800678653685,-0.3316591767913001,-0.28777120772677683,-0.8272611552584636,0.1642286404647092,-0.22006711053544994,1.2186493364495206,0.976603563287403,0.20957937476663868,-0.45511096936168555,0.022713184076774504,1.3111340359375379,1.3369075233866432,0.5523433000043615,0.05083540939465337,0.5851192472733018,0.30177034984997153,0.34414835380132985,-0.8469393953342714,-0.5881495854702924,0.9920028716100905,0.9613977339491171,1.1321190528047171,-0.01791209196050537,-0.9019762873456343,0.2733921889183418
2197,-1.7096989726098215,-1.6830314151579402,-1.5679040363936823,-1.5245439614242227,-1.0106060493668378,-0.9825516113912469,-0.9505368076945822,-0.9168044340581735,-1.2142202291199153,1.742267035934667,-1.362685924983663,-1.0356325572068317,-0.9939076301891441,-1.1338475484876664,-0.3759845208256179,1.0037797351921995,-1.0365796044221154,0.3395169424095276,-0.9840818755845847,-0.37598452082561784,-0.45909470044272743,0.38787456674042403,-0.9072042742905522,-0.02157702918974422,-0.8064417782872921,-0.45909470044272743,-0.26451339028243154,-0.26478685687169884,-0.37241529816843116,0.93980849198429,-0.8896802120706852,0.2534207531427883,-0.6070843197473299,-0.7230415735982696,-0.7623930196141663,-0.7250515324890102,-1.1566029043746036,-0.8229143867979025,-1.3581537807027266,-1.4333159937175093,0.23498730622054245,0.35761726299600605,0.6409778618547609,0.7403337117318546,0.4164932664034709,-0.012312028430290905,0.14596306262699688,0.01585766468515802,0.05178629969790163,0.6211531143582002,-0.7631351650840762,-0.9824755765792905,-0.6757293736831079,-0.29951427088386023,-1.8799004173550424,0.06379571780457012,0.48812771039237385,-1.7834165933489905,-1.3667753056086238,-0.06085336840111947,-1.8539528890351524,-0.8086096868919417,-0.686306159209646,-1.1515830814861627,-1.312059365223973,-1.014623963695162,1.010491815186214,0.4822422677032974,-0.11686465360627854,-1.2457434460251522,-0.13753229400430225,-0.16791096643252074,-1.116372207728942,0.4795436193340663,0.8517165740026491,1.0713045467318785,1.4971054547675648,-0.004510232865341578,-1.0726118676710454,-1.000397267932879,1.1729713944126385,1.2163291359857946,0.8398375261216691,-0.3545718606483026,0.6851080243904148,0.23443281892390708,0.38979430658921194,-1.0234840231720632,-0.4262256673253625,0.967255614561015,0.9734071915425109,0.9293199079536362,-0.13489045592728588,-0.8759739164878828,0.3350261436888746
2198,-1.6446738967249888,-1.778575977976632,-1.6991004526343176,-1.7297080466454797,-1.1210272491218625,-0.9911634316036423,-1.063512246119991,-1.0223413925046203,-1.3951059574633464,1.8410406181994385,-1.4901906086986305,-1.3185376982177688,-1.3358051649392058,-1.3530570442980574,-0.3518611322772785,0.08436767988120855,-1.0909503823888378,-0.19583672088650214,-1.036431746235081,-0.35186113227727633,-0.4859372321788128,-0.06392272049497093,-0.9656228994596628,-0.36148688057098505,-0.8531864551155914,-0.48593723217881335,-0.6360064929884517,-0.4982579175431752,0.21593480673977306,-0.34556419823833184,-0.6637058697037922,-0.21716495601151897,-0.9028450437056762,-1.0425529717128545,-1.0799288384602246,-1.0008996395107141,-1.3008306315560738,-1.0067386288491198,-1.4896498957264859,-1.596099445168947,0.8193192403574795,0.6493772136482947,0.831203545887282,1.1698855908156072,0.858225404177202,0.4196109117647243,0.5491804251071702,0.38444906323754596,0.42608703244514934,-0.945834714099137,-0.6613617484873853,-1.171683153080123,-0.9721746409082441,-0.636071882094722,-1.9073105695917032,0.010790641838194401,-1.1630909948385886,-1.888873508539393,-1.2880895277676014,0.1890317297507761,-1.9533200838114726,-1.4883024505421847,-0.95199496931217,-1.2240839767212905,-1.2334042620337757,-1.1875783541721119,0.5134429323797512,0.5396773452544782,-0.1286252500250021,-0.920084472909563,0.1426756804743427,-0.07691821963116705,-0.6135565295614366,-0.15520050458282333,0.9221463059102257,0.7569662594071199,1.2614213374378476,-0.05552509923204927,-0.9049317115923439,-0.1728907382697956,1.3499446779288216,1.3982739482107926,1.0138042576443298,-1.4137432963508898,1.0214834559936545,-0.0251367148513991,0.6396152230473923,-1.2422495673283818,-0.25370018394561056,0.9434818739764143,1.097390278148048,0.6742338249606127,-0.241604958974844,-0.8582102544402078,0.41896689019277494
2199,-1.6725536470380011,-1.674002977723838,-1.6034083521908002,-1.503310651728425,-1.254421283331441,-1.0885096413564856,-1.2387725236201295,-1.196740998912031,-1.32518331598262,2.1964976059200976,-2.1663436331278625,-0.8844217697503368,-0.726483042671753,-1.0587959658769253,0.04156425722767815,0.8894611056398796,-1.0190005253916763,0.5864520968926782,-1.0464312006037964,0.04156425722767655,-0.31239108077396405,0.6577041239859884,-0.9477990326320052,0.28178500052037286,-0.8862055111449348,-0.3123910807739652,0.4035838728512539,0.41517989114739196,-0.18340312978743703,0.9324612989483274,-0.6265306931396594,0.4325483452720052,-0.26629698303613264,-0.4474255874740897,-0.6846743769515715,-0.6594376428153332,-1.0989273452594128,-0.7692913556270436,-1.337348298415689,-1.4112255348279066,1.389859926662626,1.3776429098980112,1.392329090505401,1.8749174301056615,1.5835876487780152,1.0994971297372416,1.3580916403587793,1.0860870162966576,1.126463344175365,0.9928613636023021,0.34726833951184677,-0.7335530754783486,-0.6229775573399448,-0.7185047774901061,-1.7976435852531254,-0.2728990291985118,0.44202273097852196,-1.9679763396381087,-1.2333333943861604,0.3899005847004067,-1.866152450695363,-2.1366426224605712,-0.5514276034232637,-0.9028531499749111,-0.9889827285683036,-1.022077330187117,0.2566128213628691,0.9238225238511698,0.4405432627110146,-0.16052993934556734,0.31327051265290123,-0.12307939142410448,-0.3370271059780895,-0.9296648177967299,0.49670823384795065,0.6364191658105957,0.895874447148806,0.1067615099950046,-1.0218743748269208,-1.0180831861718498,1.2920852879272882,1.3246972190919126,0.7872551229099256,-1.8283834718352092,1.213376700767679,-0.01510182407437604,0.663753450923554,-1.433346749276545,-0.047453875068767665,0.9222515629823435,1.1509783799927609,0.4620272471666618,-0.3328432064879247,-0.8762940320475365,0.5544436226735264
2200,-1.2119868833652843,-1.1417325994076826,-1.0453523550613102,-0.97873538580091,-1.1337525366143317,-1.2386439245144591,-1.2283861271050083,-1.1458214429432705,-1.2083686637526236,2.1752869638246883,-2.482062161341083,0.13319073609060042,0.5656513168554675,-0.3361196804231416,0.9225775733231484,1.8716157612750524,-0.7222324034135422,1.7793270992785613,-0.954575172073021,0.9225775733231457,0.190175977307304,1.707942744729307,-0.7859717011784271,1.396873835198529,-0.878728768327264,0.19017597730730437,2.4342783907221355,2.3049674648838194,1.9738486037962184,1.1266092352010222,-0.7835527963494371,1.7109872662637775,1.0264514552446942,0.7804982193318892,0.25112543029053846,0.1536850598923092,-0.6389884869444348,-0.21357435765143887,-0.9831072683312885,-0.9780781075334979,0.3951210438509731,0.6099968572824742,0.5913180712341439,1.0987327212055944,0.8921425442357213,0.5454724628347701,0.8695771888586836,0.5248636207065339,0.5655121237680252,2.186252105557241,1.3160348008117388,-0.06329508193233767,-0.2038739483026982,-0.4127889433280018,-1.5034143973376302,-0.0879581043174008,2.2000703827775077,-1.9162542349105471,-1.2062891604367079,0.2933280008123507,-1.8384669251451036,-3.074027000659041,0.6323812246264842,-0.16227800292064873,-0.6400238894218426,-1.0733590191655293,-0.4474511382789742,0.34309414407049743,-0.012686488245152672,0.1507864163737893,0.30240528626922997,-0.39955837267333144,0.3899484094456796,-0.9026704611462943,0.4527189600642033,-0.1661273325894181,0.13559068490812773,0.4492888018610954,-1.1347337210086765,-1.0985679370664219,1.1701086574835409,1.2081295190302284,0.8919893740052024,-1.8047757911276514,1.1527703769544169,-0.2936907693484654,0.5487722380456854,-1.5483688863215135,0.12570534371660397,0.89956987159394,1.2059551332164822,0.32657863238863416,-0.45592533132587953,-0.8559167239817629,0.5439612894479297
2201,-0.9693164158977668,-1.0536315208503504,-0.8945721059893906,-1.0244368435723772,-1.1299080958066336,-1.1816556521650687,-0.9903950091729968,-1.1090510604938417,-1.2723572128529694,2.083159504882983,-2.3747310797224492,0.06921003157474709,0.47726415800185407,-0.3874516585649428,1.191034815078899,0.5618006679462929,-0.53218429337267,1.1292147776616952,-0.8315361942566595,1.191034815078895,0.5237630007542631,1.0572445114939413,-0.6590906104885648,1.1172309386064536,-0.8471154852982846,0.5237630007542626,0.6803909702896423,0.38986856524503455,1.0043922485403791,-0.15183584509844608,-1.2929325289346292,1.1487971231743423,1.0455328581955317,0.7615936059069307,0.2154146962728221,0.15302303668666326,-0.6414163887452481,-0.24015764010351484,-1.0069531489495234,-1.010075130253385,0.6128548776453461,1.137651627965957,1.2443934053092733,1.8340804382329934,1.677554737825106,1.1914118301377712,1.6005983731622433,1.1781830637297481,1.23955400808511,-0.1181317517504439,1.1492137714623294,-0.33585019033720204,-0.24794880243967052,-0.026002960376690296,-1.5467972974598434,-0.08640582840870106,-0.08606546756368805,-1.8709138859703591,-1.212736740783143,0.17947393512849025,-1.829526736685995,-3.14429253863625,0.6572627841490734,-0.12306277014276693,-0.5820309352213517,-0.13002936229150094,-0.12239193016810859,-0.5565796938433429,-0.6379369409215663,-0.33843403310212733,0.02633278849277517,-0.25310453097945385,0.11817273356274466,0.5608408862803185,0.29548988679776633,-0.34268856092755595,-0.12578155737718053,0.2173082729107604,-0.03875760099331216,-0.5476989493977702,1.3023076829844349,1.2732882954123266,-0.20198686894412948,-1.5885551673946798,1.0307414121675567,-0.17959118999723603,0.33340543625523,-1.7129407007146964,0.2995665527122929,0.8757923251088847,1.2068314740896202,0.17833367710035877,-0.5920674509822504,-0.8165081724419008,0.5107545570650358
2202,-0.7598583304979722,-0.6628577261797912,-0.6321396474346505,-0.5855228066180149,-1.194798911604645,-1.391357334581692,-1.0750045714242775,-1.2448566725495611,-1.158383648513913,2.1173176488156282,-2.1768734609280505,0.8533458886290387,1.3543342099382807,0.20933762247088064,1.6838073105906564,1.115208173866571,-0.1786123284007423,1.7692722464710802,-0.6350179508626036,1.6838073105906517,1.029693871130161,1.5619293970181614,-0.42417952384777385,1.7688526465587664,-0.7758658400156235,1.0296938711301584,1.0576988113863313,1.5481172228647757,0.8269621656304907,0.7659501626467091,-0.32470683916111,1.8696982425531454,1.9570311654808232,1.690898975968226,1.0151329163815765,0.8657553479774978,-0.22597875663548095,0.2671876389202544,-0.7026160166851512,-0.6422894079194335,0.3230430605733732,0.8647032733094128,1.044300615559659,1.645673106342549,1.7101893664221763,1.1682269635976241,1.506178013125458,1.1335717024485137,1.2102656550642468,1.6662284918405819,1.6087789056479247,0.6408549853500427,0.08842683562822931,0.22906999870870914,-1.2688997821358805,-0.04943422145126801,1.577190815063472,-1.7595725157152782,-1.2328524084803412,-0.016344291218989296,-1.7088588017523472,-2.9599198616784883,1.531811962207358,0.3262883725767271,-0.5058204159794679,-0.3793909227838195,-0.21234466980412628,-0.3424554676213361,-0.6345985961088005,-1.0001763044343128,0.1359583433418132,-0.24229705670167212,0.19395371165893693,0.1925732926538569,0.5238503742971952,0.35103896460412076,0.6444523359898208,0.10195747388583185,-0.47410354269124466,-1.1453927783945146,1.1678014033559232,1.1562160575969864,0.06810918840341744,-1.0698301973161781,0.7650494651003114,-0.4979321949791664,0.023475531549157443,-1.7454957862481715,0.41771890984558563,0.855980130274132,1.1957555548907999,0.06636224324506104,-0.7600601413793977,-0.793886535755125,0.4930507683115407
2203,-0.5679218738163935,-0.11857793517440016,-0.3647328970781714,0.12515079134811094,-1.0999199061144036,-1.0974480710433274,-1.1844619688570686,-1.1613579912252219,-1.1525508308839838,2.17872099644036,-2.1969576072995065,1.8323842671701183,2.263544720079406,1.0675238355956231,2.3878192673791063,1.7312651055243313,0.427591948485656,2.5518698544302034,-0.3071758359056299,2.3878192673791006,1.7449984620953527,2.2002981563499486,-0.01746670705174489,2.5853621519171024,-0.6412807070260368,1.7449984620953507,1.0132991188930867,1.973010888147637,0.7308744014395259,2.5688336165697634,1.568289030444221,2.578196157403325,2.974876463895664,2.8944507973532745,2.195278706697399,1.9409913366662814,0.44300882303050526,1.0961648467373213,-0.20971038776434206,-0.050028104183003665,0.6485836168540329,1.3496978194785567,1.4269907945845748,2.0964658329496744,2.2741943097552824,1.7731328807260798,2.1056560140794414,1.7077537037426667,1.8176441046891885,2.3579282795785454,2.9689209019239775,2.079008005140094,0.9233723819715314,0.7792484923857322,-1.0142608719887065,0.3326870191919839,2.259383785072467,-1.763772479763479,-1.1093354279135121,-0.021007448215288906,-1.479073591244661,-2.7893507463885108,2.6435384512183537,1.0580084555573883,-0.2919056730846605,0.020427887464546785,0.3187366036908474,-0.8888104175432636,-0.9754965348251499,-1.3675443579439455,-0.13468246385509394,-0.2088238662729687,-0.3306214421381627,1.4783421219319428,0.35851890474746356,0.4171643499160623,0.5973298834123704,0.001221419243907004,0.030328245024425857,-0.7402901696317935,1.1888228544019253,1.152073746816623,-0.3687422228744152,-0.21889373721897243,0.32720200790071735,-1.4995537723702255,-0.39218570133774794,-1.692029867575719,0.48943587427209717,0.8377665220047201,1.1534481075494354,0.00888513623750834,-1.0040415794974122,-0.7580166502466791,0.4807114044367933
2204,0.12317781341088599,0.14223844448940567,-0.1140244302893681,-0.2984903212221187,-0.830425387116062,-1.0503547622470264,-0.8837646346112952,-1.0005776773188313,-0.7484872083651193,1.6845708254795224,-2.244518241124825,1.0984956013189184,1.3090123291106477,0.554514231114967,1.9102700543667461,-0.9405340577131878,0.635908158391351,0.7302893721995617,-0.011331770652914346,1.9102700543667417,1.8328311803142938,0.38174559413528836,0.21201643865111858,1.3021078898809033,-0.49032637634232423,1.8328311803142938,0.8764141117281153,0.8453382472692861,2.2579076739275554,-1.4376826732508916,1.574052498356329,0.7352129732714399,1.732819613457579,1.8639127469104457,1.4184631300262402,1.2631593991553347,0.10933618733727028,0.6475620358750083,-0.49254497973896627,-0.397354923008994,-0.4423993739779548,0.09080625970853988,0.12589755265535083,0.671882682676659,0.8896724851905417,0.589244307818152,0.8302330518900731,0.5103936294067768,0.6040010832255138,-1.2924372119372995,1.8711516723677297,2.120895912970058,0.7301163877374481,0.5952468847614496,-1.0441703506329614,0.1453497725304074,-0.7050368076579057,-1.700214663738867,-1.0685951916254257,0.04027950693729542,-1.3205475770608324,-2.635761507916923,1.514304867451039,0.6518822876533158,-0.138718146977118,1.2161007981718366,2.523355371669938,0.8151520704252425,-0.8224374653165085,-1.359242902263002,-0.4255157171165468,0.174940370665259,-2.542845415471576,2.0371825754740307,2.0312468142649194,0.5949608992826043,1.7899842701970523,-0.4194736987998424,0.7154190426798231,-1.778013610925718,0.8542181923524981,0.746080982811496,-1.6577493651401622,0.0863412128803043,0.08321911712209067,-1.4285856032903343,-0.2752764593198771,-1.6893519942588366,0.564673587396629,0.8172229372462904,1.0080739689525515,-0.08545238654706823,-1.2070242706335332,-0.6901729931955166,0.47971396474416517
2205,-0.3290315902898091,-0.41201070281237484,-0.33301519565152843,-0.2938964809751398,-0.7204847476645287,-0.7789905912939187,-0.822439121629022,-0.6875803108793784,-0.7444881308161961,1.8883661753713639,-2.0898545899625756,1.096093980260251,1.268689280573492,0.5745139270139246,1.469281167355225,-0.9616338409469753,0.7833182680301431,0.43874676326560996,0.24637956898690047,1.469281167355222,1.7894762996203413,-0.0039885182718904285,0.4152960863895035,1.020052287832684,-0.330310636727112,1.789476299620341,-0.7245790706784476,-1.726085572861879,-1.36846893304515,0.12692020624441738,-0.5350953754869571,0.35924311074806115,1.3971402490820917,1.6472966888015972,1.3855271172882437,1.2363510149724921,0.15805752155834685,0.6898832966682951,-0.4784380967948666,-0.3900323340427409,-1.2827802452049821,-0.8793666003834543,-0.7503478860043945,-0.39541601932431153,-0.17511959663069945,-0.3653623784825762,-0.19354278247940115,-0.44686584057613205,-0.3692827700526641,0.0173070021673788,0.9938869085233881,2.1145939491157595,0.7831851921753653,0.5142450226104422,-1.0103324666473754,0.023620344909336205,-0.36477431469443783,-1.6340070665233202,-1.041822028953076,8.704961561236203e-05,-1.2829468666865838,-2.5020920724913593,1.4551154844318437,0.6751941987070043,-0.10800068814298844,1.4105840675274723,1.6694780933566815,1.08492564293531,-1.0180239991496218,-1.4638406445871381,-0.3635727143707645,0.012530361019461471,-1.642203806853245,0.6980271256779734,2.4988781926771835,0.5354060856366718,2.0263986881196567,-0.28483060969471347,1.362340292321312,-0.4823502077206166,0.8632972493069752,0.7440649290672738,-1.8230070610173146,0.43255429909004106,-0.1328228453129865,-1.0103485063509652,0.16271682317543232,-1.6457484833342981,0.647415038967724,0.8050568272715203,0.8600333474644195,-0.1603095049504025,-1.3750570074176123,-0.6474707146408892,0.4475252627016133
2206,-0.16667465505618836,-0.20383782620864088,-0.04250363288817407,-0.24136075592532796,-0.874881529781713,-0.7275474907639611,-0.8970496055431504,-0.808499446521594,-0.9331346980407966,1.8485347178678897,-1.972189866701317,1.1838343748286249,1.3267098502099932,0.6670310381587504,1.1362009246988671,-0.7498297872593371,0.9196854164526619,0.34116961526024686,0.47511360985827045,1.1362009246988654,1.6992411485304229,-0.1722210379363126,0.6138467427854689,0.866959689434581,-0.16314584656038406,1.6992411485304226,0.9515906880728192,0.6892867756462584,0.5045672511373264,-0.24627642043277026,-0.9286632210755668,0.06602608532252864,1.175285437940769,1.4585177722267,1.4378480322079261,1.2746766253990975,0.2642559430562929,0.7986721251998785,-0.4340001095784071,-0.3450945164999036,-1.4120091046405816,-1.2543710899872407,-1.0808940968265468,-0.8439926013293966,-0.5956306151578583,-0.7194358985038188,-0.5880551082413188,-0.8175438875092697,-0.750001705198188,0.16559566978445747,1.1020232178715754,2.0320871839165733,0.6440842823354398,0.5930806761676197,-1.0801574568229655,-0.15892822296424183,0.1689801877354183,-1.5789781792915856,-0.9957043280460465,0.017164089998641247,-1.2496288280271626,-2.375728233201886,1.4952924091103321,0.7577289355524647,-0.07466630599916889,1.050765424450471,0.5029817520444794,1.1553036435852508,-1.0106721086323294,-1.4381340650628802,-0.34310050914932916,-0.13572020154780529,-0.4512655989097231,-0.8753131645291519,2.4738934835861413,0.5276477920592879,2.011879045781789,-0.14561185975274826,1.2275004641408196,-0.035380219214836355,1.0311000085918327,0.9332233074350981,-1.4469033242804592,0.7109510369652022,-0.2934735568444698,-0.6457737119899117,0.2649166841805811,-1.566189659887511,0.7098898245451796,0.8010691051032975,0.7337971620066903,-0.19283408793392895,-1.5155916348820888,-0.5962845523373301,0.4453253618153903
2207,-0.06803194965834222,-0.21878326300245177,0.01915191076708844,-0.06984147560082453,-0.5018380331325489,-0.7275224265676113,-0.5787658462627334,-0.5361403001294288,-0.9202429629927009,1.8748301135184648,-1.9341607982929523,1.4110279596358448,1.524272915587285,0.9000917390853737,0.984421135953956,-0.34296352525082274,1.104506775044386,0.4789803331305881,0.7022508979539073,0.9844211359539544,1.6369487709622814,-0.08999329905597929,0.844066156997263,0.9047036563209397,0.017272084365991428,1.6369487709622805,0.17056865821969708,-0.03902485007344578,0.28001548346975635,-0.016648464187090074,-1.2854752056206789,0.19498188954914186,1.1497564010797394,1.4313204077118078,1.6408385679978044,1.4770508446688129,0.481178067713828,1.0369762540705059,-0.30790999428669347,-0.1992733462369186,-1.8237535759659802,-1.7846108061437442,-1.6722270633159653,-1.4885647202410537,-1.316527272415541,-1.3428305331084438,-1.2651740253063857,-1.4235315995917406,-1.3893469114279955,0.48770505764109306,0.6507356604071731,1.9462299011427395,1.2466669360266225,0.6459931682027186,-0.9300656758911995,0.10650922104189844,0.40718538169142304,-1.532114409956892,-0.9466842532806424,0.03592655535582188,-1.20251835085046,-2.2639824246522817,1.6925966721011685,0.9569861951958258,-0.018180157044169618,0.7119010565748224,0.15765324966516392,1.0916814404371125,-1.0884346876434086,-1.4132563516096392,-0.19215847451258322,-0.3408237538139954,-0.11467489193714374,-1.2305510639408188,2.4709533948806204,0.41643915862961806,1.9284079946794959,0.05837717049792512,0.6901259163139374,-0.3660621336786114,0.9933665375893804,0.9269124612032593,-0.9504205620909112,1.0235911838539862,-0.5029158420259519,-1.0360701332194977,0.5658110211360011,-1.4577021804233072,0.7673713884833278,0.7952689944569834,0.6651670941010033,-0.24268568082572475,-1.6574041530173123,-0.5679928085444963,0.4381597872006424
2208,-0.06212458601498713,-0.25970748945693795,-0.009759318976560304,-0.17644732696127624,-0.633732914403688,-0.459880260134405,-0.64109406386728,-0.500290638096112,-1.0818189094961865,1.8288578250712648,-2.1264165534763295,1.2075684933717394,1.2225988268466368,0.784416892945793,0.6809029854588575,-0.7102269417618056,1.1810362942686399,0.05511697532809254,0.8939073974679748,0.6809029854588563,1.4606659494180738,-0.5173498750924472,1.0181759412722948,0.5194981003507259,0.1998043274348391,1.4606659494180732,-0.10481345342259135,-0.11335015851570016,0.004181875772214513,-0.35336210447393457,-1.3001310496554406,0.11326602807569984,0.6563001338047091,1.0059879761107284,1.4303982087275793,1.3094389873796164,0.45309028927487327,0.9742161730079387,-0.3834826827778381,-0.29515194062382016,-1.2628439185346307,-1.663142200451807,-1.6256082316149172,-1.446252227050067,-1.285918236831388,-1.3058371953360017,-1.2265833560727992,-1.3875832144634506,-1.355120122099227,-0.29527144015652956,-0.37737729763250755,2.1039918516507674,1.614256916277081,0.6648859850606198,-1.0488201560620443,-0.2279294887151774,-0.3112053644543406,-1.4799646574017034,-0.9133566316778502,0.027822386361699716,-0.9907970325368445,-2.164132791510499,1.1597470425512209,0.891425537418824,0.26403737283709,0.42866025613047815,-0.3751793250958074,1.0587378626665256,-0.6360833197128688,-1.3726779567697684,-0.3211667519692342,-0.11111111495844579,0.4205323581792107,-1.8037233388029994,1.9549952321185011,0.8127762430968826,1.868736043555803,-0.19712172610480055,0.610904229997439,0.1040786876006724,1.138445762168296,1.0888364136343847,-0.6711031521397441,1.2548468503734311,-0.7475436331269809,-1.8294506505192567,0.683582583523707,-1.3949677491654449,0.8129654828161621,0.7776744252922135,0.6299876711643063,-0.25514576970691244,-1.7561412484080272,-0.5222980216276724,0.46669752737176967
2209,-0.28947465213208257,-0.5137347279137225,-0.29457450889754727,-0.49702550274364665,-0.7105811866339065,-0.5980831880155777,-0.7260809962119509,-0.6323915753988608,-1.0360554092690792,1.7630919099730438,-1.8535761736924465,0.6538311507153406,0.5406227073490405,0.37345548155319586,0.18957518039026228,-1.150673395943053,1.0665353409363973,-0.5497494678053783,0.997811065326922,0.18957518039026225,1.1370262733404133,-1.0809371743729046,1.0736560123034011,-0.05931489549627534,0.36481396943921934,1.137026273340413,-0.7865078945911473,-0.6864579435471045,-0.6109312375282422,-0.5962024143725624,-1.16512334570163,-0.47597659906543943,-0.028741902170012237,0.3683575762256191,0.9357875480517228,0.8781378572674244,0.21278334143565536,0.6523004694031007,-0.6107392775149395,-0.5735119939242689,-0.15048525218087885,-1.17702160832998,-1.2213711332766135,-1.047367026840472,-0.8898869885383102,-0.9533330475965395,-0.863810246530198,-1.0462131898600127,-1.0050229233663053,-0.8230226851163038,-0.18738615609857404,1.4156539003803317,1.880271552693626,0.6399170397603884,-1.0657132411442802,-0.4002705509696172,-0.8176434505334471,-1.4228470862239302,-0.918677773994004,-0.10476059222475814,-0.9213090653151269,-2.074119450253203,0.5272115327217406,0.602738808200169,0.38324086570372046,0.16684819251791375,-0.4413306399899869,1.4481966420302856,-0.13368584900061817,-1.3197733473809372,-0.11435936360606076,-0.42706661064352996,0.4708422046374491,-2.2924091961090087,1.8079527289572883,1.2225665557018166,2.0709540104436144,0.1182901954321881,0.12083443143663411,-0.6532746881385307,1.0748188800271556,1.0410119230820023,-0.4022973354276085,1.4608170944181065,-0.9423587556759871,-2.0610310150757782,0.7198083939565446,-1.322586264939902,0.8793270368860906,0.7705433604786236,0.6402649804533954,-0.29022568562371515,-1.7456810901063138,-0.4971486897054206,0.46423184722879546
2210,-0.5266592109944368,-0.6398705279475787,-0.4111496261150033,-0.5882096048070494,-0.7117199350465889,-0.6854165885984287,-0.8108205434946034,-0.6470558931917352,-1.011301177254117,1.6271126075472508,-1.7311437914831636,0.5321563592020451,0.37449512212841146,0.2968640688405561,-0.11204472413232332,-0.7036452283039049,0.9662904655971295,-0.4935289821456273,1.045407646118812,-0.11204472413232268,0.8494931120032977,-0.9822865779280757,1.1152840920085396,-0.1677722461329035,0.5140305249947722,0.8494931120032982,-0.26791372018373166,-0.283259810994131,-0.5862375548273009,-0.12509026224069258,-1.2024869903453332,-0.5067822741446586,-0.21823510385253597,0.07657879937661168,0.8119893224624731,0.8220989809547936,0.22239827115484057,0.6567665978171707,-0.6743057794594466,-0.6624699564122825,0.14369228581853913,-1.0595360296909098,-1.1349759138015227,-1.016032704875114,-0.8650153018108068,-0.9330939560891248,-0.8315011969685249,-1.0335822560608598,-0.9833026359734224,-0.16645799865966654,-0.2589287709497464,0.6241268741911847,1.8510511303683452,0.6466014657331582,-1.199761983753467,-0.0990869474537343,0.01862615606470917,-1.3783074489964158,-0.9208224549466104,-0.2829139317886152,-0.8150852048703539,-1.9920409172835005,0.2572774553276503,0.577769964633755,0.573119922881044,0.13336774137834773,-0.6312476301815858,0.4292775803034913,0.30405953988176554,-1.2438982454833758,-0.00874851324402437,-0.6416074390365386,0.6654805015081088,-1.2328635219818753,0.1015655930236035,1.527933238811236,1.3299932642731922,0.31762628426825446,0.1147757400279131,-0.5782518428452124,1.0480806330726902,1.015884495621536,-0.36892625081902025,1.6360599145314865,-1.0946743615894867,-2.2233973326441565,0.718278614123487,-1.2823954681542444,0.954319425995533,0.7637055514674563,0.6497899279850247,-0.38328885391689266,-1.6731298204905978,-0.47959689056539523,0.4512906982152401
2211,-0.48527353967059383,-0.4331018459135061,-0.260817617950319,-0.4052524919399552,-0.30781557672932797,-0.6044519165193672,-0.2925363590613967,-0.41116476076111086,-0.7309143023040229,1.4339039017681672,-1.4453398334244327,0.8825877834691412,0.7260820785104604,0.6501004876841623,-0.08446048872601165,0.06468074093246498,1.0455332165471978,-0.02025149843125834,1.117698228689864,-0.08446048872601104,0.7087851551252041,-0.48165829037257035,1.2556404267428403,0.09783578532130946,0.6689365556311667,0.7087851551252041,0.4306544100514025,0.6230857870671217,0.16682685511063444,0.2774901323744349,-0.8240870278932364,-0.04997395334348153,-0.06200204331892283,0.16962434636103466,1.0656533895368228,1.1262414430474486,0.560624740425958,1.0455099923672089,-0.535971161697072,-0.518999589110067,1.4551645577752508,-0.10066398677448574,-0.2877369857061513,-0.2868178870152226,-0.038405609840525386,-0.22382366161882009,-0.08859541597792543,-0.3446122433885851,-0.28715848165901553,0.5281586278343378,-0.12075956293091078,0.8459792217337267,1.9539564419681144,0.6574959901183519,-1.233029608076368,-0.23855907858993808,0.8719169515758806,-1.344639358239811,-0.8962329083629206,-0.3872454107252773,-0.768280611253382,-1.9130256760946482,0.5069285520732597,0.8890586605796356,0.6983230782456259,-0.14818477179138273,-0.6233850221923644,-0.737218098600617,0.2906604507721729,-1.1667071442524386,0.27272617713935615,-0.4353525718071563,0.6374924615142035,0.18642335470099639,-1.255764402402115,1.4162936746099322,0.4977530337478711,0.0596251854435799,-0.4666159991414769,-1.1429784995897059,0.741798904650954,0.7379829826767869,0.07330931421254375,1.7918249405589088,-1.178673241670967,-1.8029100859375493,0.577716624462037,-1.2906095487908777,1.0730290606229747,0.755245459325705,0.6662821896145515,-0.42709718694412835,-1.6356246424601137,-0.4663969686937102,0.4677811199184747
2212,-0.38670794444307277,-0.5301412121611013,-0.7935157730242578,-0.6073112424462571,-0.24586439069116092,-0.34553945566692956,-0.34722299549142405,-0.2320829466192314,-0.42507637156868816,1.197768863126166,-1.5020397329454265,0.5799330518153715,0.36269643024999876,0.42528247944937253,-0.18845968472448063,-0.24502700211700604,1.0292917015614904,-0.2749067541249184,1.181036301433596,-0.18845968472447994,0.5193336656654551,-0.6613022717135116,1.3510803002332092,-0.143593240692455,0.824941150597075,0.5193336656654555,-1.0782733697297635,-0.1486154665261659,0.3067952467366095,-0.4773547388819897,0.8067851571142827,-0.1550384148130834,-0.2899330610350381,-0.10998325492435518,0.8113275023381225,0.9156810897218842,0.5002320394342781,0.9279255428816587,-0.6766588931430523,-0.7066090011155673,3.62260038385064,2.8864143334001953,2.4607030695549605,2.34281408663358,2.9017177300221957,2.5100129747805253,2.7303296870963485,2.323418815621507,2.4814162604530625,-0.3643796251445834,-0.4480469958571207,0.1749532147575397,1.5521030047703042,1.016954226944606,-1.1013981542631859,-0.2589362636327923,0.0252504157335988,-1.325650479728545,-0.8789806466152944,-0.5686967520125626,-0.8383258297610774,-1.9404987061668588,0.3580431554946446,0.8614446819606636,0.7760809048835156,-0.41225372111502484,-0.728548725615021,-0.7352144829275183,0.44219410803059467,-1.0743915340882462,0.43608104738263553,-0.6241533400894641,0.7284929638342857,0.061407234091386695,-1.4658328915270487,1.4401873961150349,0.4259277717547424,0.1957391821924073,-0.7382193371421542,-1.1227856019592273,0.4104417682465039,0.42801526229662956,0.3944599021229882,1.9071211294384387,-1.3317546765224946,-0.8100164572192251,0.29446197876998814,-1.2896281075124396,1.199847481176303,0.7535976459891903,0.7070771190789421,-0.48512709346699573,-1.6016172264588076,-0.4657970317036622,0.47539527093498246
2213,-0.36295887252077763,-0.42289488344536746,-0.7750492308914809,-1.031775937518539,-0.19286409077398134,-0.21255935950346372,-0.29594247737167,-0.2415146134065004,-0.3771066611671562,1.0804019976404353,-1.2241753820147525,0.013004042532006044,-0.239584030373728,-0.09754914217849107,-0.4506030380836805,-0.6196524032540819,0.8141501529455584,-0.6790166903643458,1.1725805860671341,-0.45060303808367924,0.24441993364323805,-0.9713874259330211,1.3210334712714578,-0.5324586433486689,0.9673174948219772,0.24441993364323844,0.16546129503983958,0.29320924707840074,0.10290630792386256,-1.4323472848967662,1.0394345451204985,-0.5049687875813653,-0.5649610902342118,-0.566352613413908,0.33724488816640563,0.471971282814111,0.1872281436225368,0.5212939881374395,-0.9759629546680942,-1.0819940907622676,0.4543297041297375,0.9111828649125322,0.5325235379567783,0.4505842386334974,0.7540815704115781,0.6031822851888582,0.7284978012106936,0.4832975227990008,0.5856100585215794,-0.765695413017132,-0.6231461054235529,-0.8215843802635887,1.5645802096729102,1.2352456068070816,-1.0656998446786707,0.3861384781121361,-0.6034889054139002,-1.3387227804320814,-0.8905024132254342,-0.7754442504876017,-0.9751720224438061,-1.9471845608280918,0.03081828091963252,0.5696758152853539,0.7500197586523114,-0.6234748260345302,-0.43878492099008537,-1.0562111756330417,-0.040589894056551744,-1.150856865577591,0.32274266652487676,-0.7143214684188607,0.4133111186521866,0.7713948453961712,-1.1852791894318568,1.1096756429475345,0.2710183072004401,0.18558361927974146,-0.6468582579907604,-0.2640284668587998,0.3475649380607359,0.38017637019814826,0.6570307605101114,2.0610404261665316,-1.474735819799274,-0.30387539932705787,-0.15251985490586437,-1.2946758305829253,1.2910311898940505,0.7435536252155872,0.7976154696573771,-0.649347783572246,-1.553895327130286,-0.5158919853025417,0.4799718906411287
2214,-0.8991484889314255,-1.1156440516869692,-1.330595400948729,-1.445745392737124,-0.2687833446344388,-0.17963271635581185,-0.29946333754670823,-0.25415109975035716,-0.6234700251400299,1.0915213040810654,-1.0483097156058223,-0.512880504799489,-0.7519455163587319,-0.6280617582681118,-0.7625968969772501,-0.7310175138854399,0.4170712121841406,-0.9794169942130357,1.0282660819134286,-0.7625968969772483,-0.07741118498976637,-1.1673115596020045,1.1160148206086433,-0.8766526057257793,1.0766712354563879,-0.07741118498976592,-1.178949878620346,-1.3787941035824256,-1.003833721083329,-1.2385515043802986,0.4853654849175431,-0.9150020547580745,-0.8975913767337577,-0.9423733831140689,-0.1647083248768235,0.0025171593204384277,-0.2158714281718488,0.047596443525170916,-1.271356510004106,-1.4432982149679914,1.1284506657074083,2.22888688861883,1.8728914729196922,1.6550147564191362,2.0489129721808834,2.0367490720884707,2.089027149355034,1.8137667523698626,1.9812037568224583,-0.8329543112725032,-0.6133163489848457,-0.655829696589758,0.9125626374479493,1.548110362715917,-0.820057697744914,0.32910344292566174,-0.8786751791352674,-1.421162979790178,-0.875899705889116,-0.8154718817326446,-1.0683306966183166,-1.8606928282820971,-0.37047316541033054,0.12019195848322418,0.6343945563718018,-0.6450651983987548,-0.1484737444234472,0.2584028557092454,-0.03424161424025431,-1.1625517183867438,0.3313580674401199,0.015576168191858857,0.1106253332488167,-0.4720487949947537,0.3465838634530329,1.132509658644226,1.2373256895562872,-0.5684846144309671,-0.36635807279361104,0.52697392863346,0.6017242525859324,0.6294223973666825,0.6675629601429023,2.1342902172232314,-1.6219359947554912,-0.24574739056108266,-0.31895993435903025,-1.259180304667416,1.3196928751201293,0.7225367527989571,1.0843224880933673,-0.8511450291377565,-1.5673896163159389,-0.5445040771368926,0.4146058692167062
2215,-2.043545025108526,-1.807706561636779,-1.8903605132676315,-1.4594368320740843,-0.08887296689364402,-0.2679310620328831,0.07135632605101219,-0.04766058516802143,-0.6943471715614492,1.3878860225793046,-1.124722038454553,-0.6105360476915156,-0.8513913873375993,-0.7110269218756412,-0.885925276971869,-0.16527996095264572,0.11670119832229761,-0.7792881034761978,0.7808950409853311,-0.8859252769718666,-0.3108710272938696,-0.8793445741231842,0.8638527473192752,-0.8543916988357231,1.146693984409515,-0.3108710272938693,-1.394831331109164,-1.5944120535610862,-2.3475919714505484,1.3618578884607846,-0.1483950777124097,-0.8268581261475808,-0.8794358535625515,-0.8822432522401615,-0.3051424893236519,-0.041467638601112126,-0.2515537786442042,0.003974522409546529,-1.2637362473885259,-1.446157570782331,-0.7525931575069691,0.25103255805653707,0.23426317034058158,-0.045594301125385726,0.2256104419421507,0.4069093173205051,0.3508507095390329,0.1507581481632945,0.27548771151525386,-0.09993325650405527,-0.608285733987963,-0.7004900074327189,0.14447796980028768,1.5036650016007789,-0.28379676746772775,-0.01017809282805181,-0.7166457072236408,-1.4668942154962892,-0.8493706919213952,-0.7031286714940883,-1.1892434251952886,-1.7814012827400494,-0.28194861621582795,0.04665878544329067,0.42041254033942566,-0.6293797378301867,-0.0820253222275057,0.11071489616544132,-0.745579592138005,-1.0824444404055005,-0.004943237803856107,-0.025678038987712058,0.04264787560793159,-0.22284298709744588,1.1040479768080709,0.4231697453526463,1.0570491845404555,-0.5690017272621627,-0.5349340132073093,0.1715506466616288,0.6760600847996767,0.7046262502296634,0.7058036184047071,1.9974221253886209,-1.59420414258525,-0.4667023416040522,-0.6010488944718361,-1.3038704789040263,1.3757554633823061,0.697123366458059,1.185848933849484,-1.0590972474547387,-1.5753198509656798,-0.5857718043619101,0.359068820255936
2216,-1.537725272635403,-1.756638413025373,-1.608614775799181,-1.5928709699181989,-0.21653245725890632,-0.02416025397426808,-0.154999469143798,-0.2253031376816471,-0.782273562295399,1.3095954163755514,-1.0444199102460765,-0.8606875017700778,-1.0935405592278074,-0.9479036689677309,-0.9911794581665322,-0.06151637044312673,-0.1674142580497577,-0.7711627383196121,0.46597118627060585,-0.991179458166529,-0.5336694041130624,-0.7542845673205449,0.5647073143174451,-0.9571302792926206,1.15459213804286,-0.5336694041130615,0.5785268173636373,0.0014190515235573044,1.0532348142721302,-0.18609323644228082,-1.0954349336054519,-0.7449148754864711,-0.9665449465397572,-0.9980059221599655,-0.5861283191597696,-0.23542289779565503,-0.4267138452918823,-0.1912059068069482,-1.3537114702886275,-1.5590523765198785,-1.492883204965387,-0.7415278981248449,-0.6813000114000531,-0.9175129314135658,-0.7653050910187497,-0.6069015152527185,-0.6245262425370536,-0.8330017782742402,-0.722043595771746,-0.39284178370669415,-0.996643802076392,-0.8804958570469209,0.06201087977001289,1.212666897067404,-0.38705297016017126,-0.363137069339649,-0.26259486341193383,-1.4251366456921764,-0.832889854408247,-0.5937654156670237,-1.183845795760558,-1.7087506934583,-0.5307860404675422,-0.16506889548486026,0.4174384886102079,-0.8922226900290492,-0.09541040940329584,0.1524376448705781,-0.8614910101187764,-1.039736936034283,-0.7670990570791876,-0.5028003433736925,0.03889624746103338,-0.27865333493682887,1.256427630392624,0.31425307714237005,1.0555565891825542,-0.1490464147787003,-0.7663329947742906,0.14055183428824222,0.7504740240737612,0.7916157303145871,0.9674665338729418,1.7723745127460355,-1.5339935007604142,-0.7121810444871611,-0.8575058946061758,-1.3328722684268097,1.4154911234974508,0.6702146946003041,1.075527535853824,-1.2431229822850591,-1.6248954427749533,-0.5966441641968113,0.33587951767464774
2217,-1.5369210412472798,-1.6444804619803568,-1.7429003241919758,-1.7626368691017835,-0.12371044803623565,-0.19693682715846927,-0.23115716727049493,-0.059335696715049145,-0.7823027486822629,1.3993879649483674,-0.9831349863943062,-1.1718336430274499,-1.3849366472093998,-1.2435944924838667,-1.1161060980752688,-0.07893641850792614,-0.4689180636307524,-0.832072613431953,0.11651294619998588,-1.116106098075266,-0.7782960101925321,-0.6928228439969574,0.229740484646151,-1.1114328049278879,1.0719388912206127,-0.7782960101925317,-0.43661715996541506,0.17023902493032675,-0.06902529378764503,-0.6588749869708692,-0.058350663066252764,-0.7289139194284603,-1.0707380224123488,-1.167086958371693,-0.93313007366823,-0.4913984347890843,-0.6629654574751217,-0.4571513473911821,-1.4721386305057549,-1.7033467289033082,-1.3484267907830194,-1.0422111757648946,-0.9282969493168292,-1.1212444547617422,-1.0192603341633764,-0.8862968947473965,-0.8898158960965552,-1.0895887021157749,-0.9800444201065487,-0.5224819661778073,-1.0826651399798037,-1.2007519185476532,-0.7021074233365054,0.7743446836266231,-0.36655897788644826,-0.056791432067126946,-0.7619951618335393,-1.3985006814895717,-0.8138303474945532,-0.43015073578522084,-1.238962587306172,-1.641772994175048,-0.7877996806897664,-0.4350919297268676,0.30732007196123484,-1.10272753237927,0.37335435405633205,0.46071178439388183,-0.8182676593955718,-1.0831539149164153,-0.6845141457509418,-0.9637385032144093,-0.46183387344051174,-0.16158851508792776,1.4596684894898555,0.44576969622990975,1.2942570017724397,0.22665039125068215,-1.0891057618479871,-0.06417753822849426,0.739100191813078,0.793121466596643,1.238518294967295,1.3596108140808683,-1.4780141671742304,-1.0134579246330762,-1.185713261353152,-1.3746400555573113,1.4558904226116116,0.6427855564500513,0.9658409675613263,-1.480937068354822,-1.7033841016539049,-0.6333257126310566,0.29287787612346866
2218,-1.6812098523899894,-1.662837502584783,-1.4760536615718858,-1.3603916064145176,-0.4474320779305096,-0.14278673365686967,-0.26699813771682024,-0.35988434354945037,-0.8449633161374716,1.3371980236068781,-1.0971967510926952,-0.45103889008865183,-0.510243164056499,-0.6048571725965479,-0.7291109971886165,0.8986192110991035,-0.4302454593981113,0.12545518981132697,-0.09956556479649295,-0.7291109971886137,-0.7908295551668758,0.18953674612446414,0.12379666033309103,-0.3659058874406455,0.9494942516084374,-0.7908295551668746,0.5870707578991904,-0.15000023182706582,-0.4294858015644413,0.7652090501198368,-1.2795053840163213,0.2186120804180746,-0.4218143171334249,-0.600459869623516,-0.576567073324859,0.019344080247889268,-0.20235216561116737,0.05009276941395861,-1.1325834684495908,-1.3425496731478375,-0.9114455378248165,-0.8738812997052114,-0.6888192922201501,-0.888180378747055,-0.8114106407477891,-0.6389882462622091,-0.6695913053709521,-0.86431952819634,-0.751264882197335,0.9245523909375887,-0.41591658791572383,-0.8621886402548855,-1.2663047801552687,1.5812377329917688,-0.2716990788418137,-0.06930377986956496,1.0992450007637002,-1.307495077555253,-0.8061424015718694,-0.2648656464098231,-1.2101474565897528,-1.5796853309766004,-0.30938499413173826,-0.03175915802523842,0.3500265279791187,-1.2670128881440226,0.6374427317145884,1.1015416406616605,0.2169547827499535,-0.9891075585756187,-0.6534345253146938,-0.6514499419892424,-0.7482888763874881,-0.6564626279120495,0.8808088351808676,1.1981446114332264,1.553886044917931,0.02390877790155496,-1.1644501177342441,-0.08698612019119423,0.7953403449163252,0.8510606295785339,1.309357372360102,1.027082456973077,-1.4383624487041289,-1.197896735874954,-1.3482230930709864,-1.388084082367838,1.4834920861454755,0.6316398484217719,0.7498505952233223,-1.6553952620028258,-1.7094801633104995,-0.6304934044914922,0.2625594763023158
2219,-1.0170424130093694,-1.0898460339497642,-0.8938066804409035,-0.8255871127648219,-0.571147469802982,-0.497305514786464,-0.48114982380596477,-0.5691134660680556,-0.5347917834347032,1.3107073040633013,-1.1363780027686312,0.4926354150434886,0.5356575534605523,0.2649599294864516,0.01763396479029678,1.5170802934814722,-0.06894401299438872,0.991154549739652,-0.09463032373682938,0.017633964790296292,-0.5267722450480297,0.9678604614891697,0.2665055334890513,0.4916654709568283,0.863369945656782,-0.5267722450480288,1.4350565664189587,1.4356969693127333,1.5313207265213908,0.4720666104087193,-1.1157221914601372,1.1211557783375925,0.36291298163248464,0.19414438134025247,0.024703182471343493,0.7274212826951201,0.4572035222644405,0.7738811940353655,-0.6877398475906745,-0.8652153861117565,1.7351427315155425,0.8169898307273219,1.2098953862718576,0.9426861573995233,1.1000391547960464,1.5176453380858133,1.3239444800494666,1.1508300815162338,1.3362178016025756,1.3043790472401426,0.491268938477594,-0.18634966435027384,-0.3546480470362109,1.6926549821946806,-0.29185122024727583,0.05025004921501773,1.4270803825254716,-1.1800945749713352,-0.7972965332295187,-0.395078066469816,-1.1835520521348315,-1.5218466076337618,0.4281679684273666,0.5550012644737397,0.39739349524357553,-1.3235476602888219,-0.14307236745840898,0.5573494506846094,1.2849937252636523,-0.8682919990740469,-0.7307782297827284,-0.6399120947051593,0.037138729688705956,-0.679954391403969,-0.8223765229527245,1.8163149201819855,1.0519125454076037,0.09904042041048176,-1.7412306091395764,-1.457642559514035,0.47375983857865267,0.5337453509982168,1.3221422364220303,0.7804126947218003,-1.4792790433618037,-1.25323734664725,-1.431314530603561,-1.3653897283269525,1.480619327775122,0.6373183283275654,0.5312457597567063,-1.760496516829804,-1.718213849944108,-0.6481094249601336,0.24306165473071908
2220,-0.8247247786194919,-0.327610731625021,-1.0046270438032345,-1.1337040328067904,0.3022418474561233,-0.5311702419933151,0.044355259157437835,-0.3175304165064767,-0.31023411158093434,1.1829505691458249,-0.7898192255323112,-0.02950086316800243,-0.0349114136955365,-0.21048331014577748,0.07499384541508733,0.1165378864938728,-0.024367854276625474,0.12157574453825228,-0.07325279516887685,0.07499384541508665,-0.47487440112110746,0.24549596209162838,0.2466897983221614,-0.0711208073028154,0.7735554334888048,-0.474874401121107,-0.2816855260961168,1.824947349479338,0.42752225440001995,-0.7983093107508724,2.547339445161348,0.3821745869880659,-0.011202235692155161,-0.11710059821943433,-0.43288644393336057,0.2839559987626698,0.10104584250141428,0.38259107522110114,-0.9277809343091925,-1.1348733085016547,3.2811234328632994,2.7236892375840456,3.2721839774559105,3.2964759070050387,3.561273387345875,4.1913337866370455,3.9115326902005285,3.8633973330344054,4.098314417533426,-0.7423446405244081,0.21949655396240905,-0.3689373291617824,-0.6209425842573733,0.43334057947365406,-0.44104382121177654,-0.36868343871352083,-0.5445723374432292,-0.9737180188341853,-0.8208298944823497,-0.5444596774874313,-1.1670155763431693,-1.4677258740883758,-0.08247042177639186,0.16927234824016527,0.42762540455717324,-1.1518118219252873,-0.7152390597755759,-0.6052045447026214,0.0029335798372968395,-0.7019609033180969,-0.6559939786652136,-0.48666025701791726,0.6333253858067003,0.06430178511582317,-0.5687356847930818,0.667475592099577,0.22240865892586334,0.05682411797462741,-1.4545492247784217,-0.5033033580835554,0.254901690808068,0.32026657821353005,1.4118256867052814,0.21563122958591155,-1.4438914511505392,-1.0698042690455911,-2.0596119049661645,-1.3551661321340729,1.4783689273238965,0.6379616586292096,0.16248750123446928,-1.8579693616074482,-1.7296950852379205,-0.6329662208543728,0.19590919972534257
2221,-1.4565655887793085,-1.5210539573158959,-1.3503051625633569,-1.4963792368192597,0.22670057932574217,0.18129780259939435,0.11080673178831318,0.17960040293340163,0.042933328249829414,1.0178916307917318,-0.6558536467835243,-0.6035019248554987,-0.6247187027895187,-0.7555763027580451,-0.2369024397209992,-0.633209050370393,-0.230315118424816,-0.5499861280334205,-0.14270580157819154,-0.23690243972099823,-0.6283577398403435,-0.3345954280719598,0.06777475507578909,-0.6181925753578825,0.643085481491211,-0.6283577398403427,-0.8932837359871812,-2.642109161686191,-1.4636459606936247,-0.14624363950855546,-1.1052445904749717,-0.42303488249543575,-0.40238940825709135,-0.5377631170139051,-0.9823963377945076,-0.23773769852759868,-0.3519113776929987,-0.10694888964775849,-1.2226721818881643,-1.4552460242580383,0.47272988078319883,0.5244686258175619,0.8108143255898446,1.128221907654279,1.2377981094250412,1.691894235359441,1.5609660969647752,1.464720787132714,1.6433155169720608,-0.9282816214757996,-0.009664000580823702,-0.8742411187689192,-1.015024710233046,0.10772487649104473,-0.46802632325928295,-0.512299898161219,-0.6521837322707504,-0.9350041802293426,-0.8099865017859375,-0.8577793160151135,-1.1398911887767862,-1.4168789198467298,-0.7179134476669567,-0.30204120449647753,0.4720051237185836,-1.2086326442776976,-1.0194369567670003,-0.5839586731471891,0.16168326430971977,-0.7407409713153837,-0.3822649947020622,-0.9505499578413337,0.9409639386971614,-0.21610346368760577,-0.6943002055280735,0.8072062242607203,0.2658278423076967,0.43504735737250283,-1.6489650397446203,-0.9282063276756026,-0.11002153209605704,-0.03984852103907896,1.4363109512618883,0.04463274272988091,-1.4480823118339108,-0.9268895146369421,-2.607312772968499,-1.342509160626477,1.4580585699244903,0.6454475846052238,-0.2825894505203455,-1.9677857840820439,-1.7857270399932494,-0.6483459392756993,0.17466678066749322
2222,-1.3532827304227775,-1.2855239551880735,-1.477819315220782,-1.032704359123053,0.09465348900536985,0.11810759613174725,-0.02550376356782261,-0.07432986190798238,-0.17090016738710204,1.187078089517678,-0.5305280717605841,0.1819250184499066,0.21933927969242714,-0.02041659513480941,0.06858430618786444,0.61823733821332,-0.06847277520088067,0.43334631872503115,-0.12367914101689788,0.06858430618786474,-0.45523307126235735,0.5212244742371946,0.12440639978044019,0.19074996011484188,0.5491887049845873,-0.4552330712623575,-0.368819496604839,0.5173593977223673,0.2207398529336989,0.8205983634205052,0.4252591348082671,0.25787795282377873,0.326629793162887,0.13778424911923645,-0.33221159407204726,0.39315590395002864,0.22677246376295207,0.5092265978614462,-0.821213743636353,-1.034552929301286,-0.5404621894206404,-0.09659706352775788,-0.1292245572926725,0.31166006900991317,0.33254033663090715,0.727482691906,0.6901703573389981,0.5367446599060456,0.6961182904122454,1.1179479986872523,0.6868835742156402,-0.389906461234446,-0.8371694636282611,-0.1704231765885748,-0.21118182556336473,-0.35147096944988204,0.8483553536770622,-0.9594670749691437,-0.797395953342359,-1.0751143189468941,-1.1522325616887927,-1.36893066577483,-0.014352715340134938,0.20160468550507402,0.4177481394313306,-1.1359407956554461,-1.0668135232006066,0.28967320687184966,0.8369899984864887,-0.46537233893737523,-0.2626624298008212,-1.0994536231666001,0.999808248750858,-1.2173670310594582,-0.5812749077640585,1.0033087804537781,0.5089038176291242,0.6968871206156625,-0.8165381941959055,0.7139228970040631,0.11355940067062793,0.17517342664691699,1.2908821045960914,-0.08182250403131197,-1.4148503608794563,-0.8721913658448636,-2.965795975377607,-1.324638071375612,1.436472241507828,0.6272112833731777,-0.8853286743263625,-2.039081296002928,-1.8116190983033629,-0.6544057768137072,0.14798432134287262
2223,-0.990991647986549,-1.0651921294917757,-0.971448189779306,-0.7472969158200166,-0.1902247735882235,0.036318792000344165,-0.06589237084680535,-0.08641883399512888,-0.4586338509156986,1.427395329356968,-0.504056202040011,0.624381498459818,0.6724616025549022,0.41498235852626764,0.4493166659863038,0.7813071198828987,0.22344259306708653,0.7772478195798715,0.008199470427615466,0.44931666598630265,-0.14433943481929903,0.8194774798703027,0.29735586063142727,0.5832942517090463,0.5192349525458344,-0.14433943481929865,1.2932587594953673,0.49942677879653163,0.8377791578159653,0.6375708719051562,-0.6734368186151393,0.6230618761504033,0.726593298509233,0.5860497551479585,0.1658002778423164,0.748699707674046,0.616270893365151,0.8847339739017693,-0.5596573749753442,-0.7756444265601322,-1.228232875679582,-0.7894373630992015,-0.8609123136360762,-0.3929706590649074,-0.42810953227620135,-0.1257794849055626,-0.149434825822992,-0.28034607115634197,-0.1500540546819798,0.7101958517460201,0.5986560403725609,0.14804231143539626,-0.4807906747817702,-0.9677829703055896,-0.3432346188613032,-0.005862134845090892,0.2312045960390833,-0.9335126142828775,-0.7872002643717644,-1.1940761422397994,-1.1184047409435325,-1.7686901659994083,0.39025820250156423,1.0270247984186827,1.3998414403599762,-1.0681987880353958,-0.856687910367735,-0.48470772851528765,0.6220625826913909,-0.14640018473462313,-0.5481799713330637,-0.9889446209006942,0.7945513494716352,-0.3052880353350894,-0.9713149889340782,0.5486943759234382,-0.12983596684547816,0.7688334063016116,-0.6644346182385982,0.7943880231494914,0.4127271801537053,0.4626916811645792,1.109645744424795,-0.25970877051071534,-1.3746334310582335,-1.1001372285625803,-2.842994536350637,-1.293772908498179,1.3969935867285934,0.6304825500475945,-1.3354474468059998,-2.106358129688793,-1.8378498236688148,-0.688863102708836,0.15110635718530213
2224,-0.7358443440872497,-0.6964488224141097,-0.6282027363603769,-0.575411487750654,-0.11175344728943716,-0.286123092129454,0.007571197819036194,-0.040275307215165264,-0.4778068069300637,1.4282665600574607,-0.6268987387329978,0.8637770752913649,0.9139937030901943,0.6639123065413443,0.7098596721773424,0.5347824774468531,0.5180441650544939,0.7926878085912828,0.2178486170722024,0.7098596721773397,0.16912816754508347,0.8074653863824406,0.5095665852911739,0.7184459047667414,0.5518098085844153,0.16912816754508517,0.8787018556676837,0.8568365877629092,0.5970775432654745,0.42022887617446236,-0.47762355020809777,0.8981280116359531,0.8836755657114896,0.8367633866233917,0.440265764001728,0.8923103053797138,0.8719333989352877,1.0843390740790755,-0.3926354979003799,-0.6262722670260024,-1.1500823706916687,-0.7129781867689271,-0.7877244447153533,-0.4275045012826532,-0.489996692652048,-0.20599502629738017,-0.21253504415170985,-0.3475767615249369,-0.21299099010058067,0.42723687498245544,0.23224790184960625,0.6216698740456296,0.018244567482634665,-0.16574713831319834,-0.3420518358680548,-0.24089116676001143,0.42954683274975863,-0.9299743909125892,-0.8075324608610728,-1.1405782369762798,-1.0637810485923693,-1.7012618389397198,0.5852827735403149,1.1882646087629363,1.414177280166972,-1.254466914807096,-0.8766269532558069,-1.1462226816511996,0.013434163053860144,0.8359805075287229,-0.33791348751177586,-0.5977010708146773,0.8048603538350632,0.3774542663667647,-0.9166727597848098,-0.6901586711073061,-1.1647551564318175,0.901131562205384,-1.1946903669997901,-0.0038752241086312663,0.4224972494489805,0.48341244944772055,1.3275627197024522,-0.26116758780695803,-1.3473105392253029,-1.2344611691677911,-2.9094055150073097,-1.2543204554564555,1.3336769455863826,0.6230859528214246,-1.8904454731301792,-2.128922382897863,-1.8020683957326085,-0.7361102100368937,0.1578045091730441
2225,-0.5907680645244394,-0.4554466364356127,-0.3011195031838027,-0.16031837688896844,-0.3055534181380047,-0.10764966006935232,-0.15847232022199848,-0.3365109905206365,-0.6954483255485496,1.4473037908354836,-0.46602632326910975,1.4514945791100256,1.489616241195194,1.2839802707090129,1.0895186913318171,0.7655430960289621,0.9487569322241133,1.1932177724607866,0.534355896212221,1.0895186913318127,0.5909373000596114,1.13066951907532,0.8435935917598211,1.1682513586150185,0.6678332909716514,0.5909373000596113,0.7880490512240615,0.5703363750463443,0.3392126664808519,1.1010206939354192,-0.6809908913957475,1.3551422541442384,1.3177150555065906,1.3284336398399543,1.0104232320921853,1.3243150568576418,1.4577776713484236,1.580303705928724,-0.0015287652694896889,-0.2537669673599153,0.06706242170988473,0.05827550438511744,-0.017790511782522857,0.3419587266709246,0.263788200795072,0.644586532820901,0.6230663515207391,0.4927656891981536,0.6514932516765308,0.9747286985194176,0.9725550850493778,1.0248271216674925,0.4481362771528754,0.2332343318063187,-0.44645221039353145,-0.443534654499035,1.0208515454428546,-0.7681212534120394,-0.9943746769010681,-0.9887611390182429,-0.9745220198605439,-1.639014667403815,1.0736175278963203,1.6174160227420322,1.5109930343405076,-1.5125470909533956,-1.0480670100576037,-1.0311180007288347,-0.7244979235884983,0.06020711265508523,-0.25413401924198753,-0.82977221402338,0.9651754120403115,0.08546429170133264,-0.1530547959705796,-0.5274504079123503,-0.5533657457816614,0.7232403698509619,-1.1678124226640338,0.5057641077263247,0.6298185814974819,0.7011614033191245,1.5262611019711287,-0.18478087042923633,-1.268459250236096,-1.3843758293412052,-2.6717039653021644,-1.176195906714811,1.2378806536969793,0.6029225909587171,-2.4908818301713236,-2.0894130510083655,-1.7129508967228328,-0.7537691614439305,0.17269637538027557
2226,0.043475174647731436,0.04135480931321391,0.14663015850527145,0.3359847345114051,-0.24356151804876824,-0.3765121913664002,-0.1413060723259296,-0.29302458368159495,-0.44554559253032494,1.4211839829794815,-0.3350420297372332,1.9740077857479317,1.9629101429997675,1.8820462582274056,1.4721940079536562,0.7907537131422101,1.462619942481135,1.4410147606506551,0.9566083115220199,1.4721940079536504,1.0646229330963517,1.2878626743117128,1.2714950705633872,1.521745058108381,0.8768947424346282,1.0646229330963493,0.9658343528947358,1.0314314528276038,1.3668314620690043,0.6387129045578661,-0.3270743539410455,1.4804407684863223,1.6663578097942147,1.7309810188928962,1.5699892703493676,1.7484339754402232,2.0295319875341473,2.035771577249013,0.46816314366812994,0.1918565566916002,-0.39096807649226795,-0.7209428901616152,-0.6168856707981892,-0.43665120775840405,-0.4890331903043019,-0.15383277615864657,-0.16831291291941383,-0.29723885027525115,-0.16067853914846228,1.0244789638859952,1.8224504160287807,1.5522832375821092,0.6123131852422576,0.5911827971814089,0.006869818335544846,-0.5664340761115724,1.1831950544941705,-0.724504876720107,-1.0320796435540507,-0.6633820181165849,-0.896240031625396,-1.5812846285062077,1.5918667042958878,2.033304289760408,1.580582536247711,-1.5450090594851704,-0.5188393649714083,-0.44955304046097516,-1.0547742103842057,-0.4594216123966817,-0.025039047560762955,-0.9977498728145646,0.42297217810912685,-0.03126562701332774,0.6360687554147741,-0.31855665765688873,0.11303568597508616,0.6151137151188921,-1.8285126975714856,-1.0515693290042682,0.36751824635727814,0.4484826057309144,1.5583271115667854,0.35009758641416394,-0.9607311756473743,-0.8683757674980899,-2.2137544363851984,-1.0376656824911328,1.1112956213910492,0.5872560897952658,-3.098396669878526,-2.0021498854440276,-1.5564129165049265,-0.7723937949303161,0.18073120133874557
2227,0.7666406472050818,0.7500478447472875,0.9414221368460489,1.0250270186937855,-0.02012397057247471,-0.3055995991804097,-0.14453816127750588,-0.23800266037182954,-0.2889500582698003,1.501880252979436,-0.4496187597876516,2.499172262375963,2.396066034110066,2.52494721521456,1.8775990187439706,0.9406445869290186,2.060549348330177,1.7761119696865046,1.4891723670164303,1.8775990187439637,1.601945531253824,1.5069199188470912,1.8003921383844774,1.9400068435641238,1.1907342625152737,1.6019455312538218,1.542011274289199,1.3203253437506997,1.3635544674187658,0.4994712683559465,-0.3519250651813587,1.8075174772863427,2.037933221496503,2.180247040201119,2.232083646721883,2.2868931475233065,2.648109420328419,2.575332197514038,1.112113466571562,0.824946390998875,0.31886083724411207,-0.2846808299729796,-0.06716806116185506,0.03599663926339937,0.03744470776118637,0.4202077547730507,0.3984938601962512,0.28396320319718804,0.4288116507382183,1.3229401883342489,1.8595607968991346,2.208321022614827,1.2957866762605637,0.9264529389289177,0.6508932807080453,-0.5616846283095809,1.2905270994777014,-0.7530439808440318,-0.9737093719357979,-0.14765139127143012,-0.6963610437079357,-1.5280613295846646,2.0899557800239257,2.518981026295139,1.8618236327488347,-1.5194010729094714,0.9870200340085973,0.6484655324784815,-1.0291724349497307,-0.7994844229713928,-0.5281001834851331,-1.0247388179489978,-1.1143494915617602,0.2917678389384184,1.4603955881781436,-0.012645843106143074,0.8918030824261093,0.47801130142226744,-1.6267018548581373,-0.5183157321566674,0.20224676323913254,0.29321773431424997,1.5715833945773947,0.8733036376157483,-0.6315611027585722,-0.5167892345952915,-1.9434863487499063,-0.8142170414277798,0.9736468696114035,0.5245409592247113,-3.6187830715280542,-1.8655369206234114,-1.284456147997897,-0.7854284453103636,0.18229360289067287
2228,0.9923814531697402,1.7718059462854445,1.3750823870602142,2.275529730872977,0.024208198174394145,-0.01246047792209705,-0.13416212105060957,-0.060155164194262645,-0.3461951628075163,1.4487745351060113,-0.3383015049361502,3.1542035213711452,2.869841984411481,3.395267255202111,2.579448164061237,1.79540089793084,2.8831894129797986,2.6950747696902146,2.1997233310480744,2.579448164061228,2.3699626957993996,2.28092547784512,2.538980913360201,2.8403806552478463,1.6553723564952463,2.369962695799397,0.7927218833446021,1.8591748185596424,0.3768330845008868,2.6445667183216575,1.8012535730199193,2.68767231874989,2.8576471469042364,2.9854522209264887,3.265857307186852,3.2272514645037167,3.580845823532123,3.46540788683131,2.276085832708544,2.007852940086609,0.18212560581935508,-0.3664598714465902,-0.1457821127674175,-0.041358646258747425,0.03718373257828552,0.40842642795909284,0.3666905366607623,0.28043206830212286,0.42429626633945866,2.362570918285034,2.4945606736906782,2.646269252316257,2.561311570764707,2.1741941330079437,1.5951922480915302,0.3994065824516469,2.6734605109585776,-1.0248144483398611,-0.6036097246074897,0.5812117146904059,-0.29126802408926544,-1.3202376901177757,2.922077294969837,3.187043604609951,2.09867013999291,-1.2277119931294012,1.447298392377382,2.2398149533154332,-0.17692200484039836,-0.9425439251542365,-1.0121868331631378,-1.0056662927583702,-1.5595102940080754,-1.0446337668151062,1.9579122654312096,0.6636784853432317,1.7744643856246445,0.40240887459624886,-1.099415956656588,0.16358401593243788,0.2739960311652211,0.3521347244550841,1.2596732996622202,1.3409062546259185,-0.12408899044758867,-0.2829972329959282,-1.4251182631977353,-0.46454757210966735,0.7994259803710931,0.3988363247059131,-3.8959327841370346,-1.6994973561215299,-1.1310671913315198,-0.806533476567782,0.1730746127524927
2229,2.2096519444803184,2.1273101732291138,2.5560074921846274,2.3726358994602315,0.40154197256869806,0.13594249625816063,0.3081329860235682,0.4661025021937174,-0.15346894930476387,1.5825813410199558,-0.5340302000005338,2.9802117388736353,2.724467651695761,3.200194164144431,2.511334315458477,0.14473774836945472,3.217419998292888,1.750775956722335,2.796372708075911,2.5113343154584693,2.67284891576697,1.2538299524534149,2.9861861856723455,2.241774311957251,2.15825780475614,2.6728489157669673,2.2285051499392408,0.6591208931568665,2.1692363020794914,0.46571549805210627,-0.565628677075756,1.9013357570532339,2.5082427970826484,2.589740335216873,3.0268595676235366,2.99192502540515,3.356379717303157,3.2452000463260293,2.3837932506983606,2.1178254495631794,0.9509330047980794,0.6243001911777329,0.7486767049425117,0.9043064441653454,1.133295412779819,1.5664038490903032,1.48410615130397,1.4553623930091388,1.6346619317793416,0.29645248016947195,2.342830464740989,2.1898691339024,2.8802002640172075,2.6832996227583106,1.8317029605699233,0.045422463704777954,0.06847700266206556,-1.2451536034426083,-0.20796496324257824,1.3085441285107828,-0.03736134869796834,-1.109759631141342,2.670873874834443,2.8906887940801615,2.0218788061299566,0.5995231859118773,2.7611681579171594,3.3805579290122783,2.4148772098052578,0.04639900718303378,-0.32337065353879746,-0.07151284232768877,-2.7831500782705785,-1.1911583951039042,0.7791567778596563,1.5537437891981294,1.8087836993041984,0.08260239488190538,0.35354604424808855,-0.3019178648151216,0.19508740625195425,0.16284307630992345,-0.4981463957864824,1.6615485492387159,0.12206385379323355,-0.29769383456913295,-1.148397703488602,-0.11312220143133285,0.6122246141355583,0.23259592117621872,-3.848739938159804,-1.5152914275147045,-0.9250507675413295,-0.8224942265750258,0.1687370486389966
2230,2.0977194363585574,2.845252283304852,2.554379753981035,3.2372288250645314,0.5921648487135921,0.37774364106884367,0.3199806280298154,0.6306726101967383,-0.2655047916421242,1.5357103282175375,-0.6175475930211876,3.2127992021687226,2.85899414627249,3.5522958371263176,2.7654460209911456,1.003547374134056,3.6110874831611177,2.4179977530588004,3.3208157067196553,2.765446020991138,3.0643776113110275,1.7884813058172253,3.4496039217066765,2.7989201015262926,2.6898136849181724,3.0643776113110253,0.1788973438666159,1.5032455058423422,-0.12339395844256382,2.7558931364625425,1.8748542927308127,2.371865871985304,2.950929234563689,3.0367721537949808,3.551976858221577,3.5695664089261903,3.809475943835912,3.722758417146672,3.190684241265639,2.9847556737562453,0.9099045866471329,1.1204225734547855,0.7802507933675847,1.0038342681911936,1.3476983390554784,1.7857581039729182,1.6929023335433313,1.6969930394403014,1.902988197891872,2.0173661166135615,2.7102832302757958,3.015686074960868,3.4283016423209904,3.55457807748363,2.6496553776696348,1.230280251802999,2.2807141085981026,-1.6664449134779868,0.6595113873607292,2.067007161878436,0.554906733379727,-0.6666209453289667,3.103189564839192,3.1043115566808974,1.9487383673109693,0.23401836378271074,2.8711693824643394,2.6563679503882534,3.366779886576769,1.042726422283671,0.04316056391517837,-0.4614387196412499,-2.914941289798088,-0.13753219394574173,-0.9688575541558107,1.6411845048517464,0.8483864570423547,0.8741917184470297,0.33686626718764134,0.6497952275270326,0.28538620797587877,0.28018315430762286,-0.08528033756769948,1.7744297310922537,0.288593773742239,-0.6349385309992928,-0.644178813633595,0.29644446771776534,0.38050360274278106,-0.1758351232782905,-3.7823207370905036,-1.3249548977361278,-1.0396161901751526,-0.851319597981805,0.1602869472077746
2231,3.235692909141922,2.907912033252014,3.3235803464294875,2.6999559878356814,0.8308876112451803,0.6483237872492797,0.5502739047857874,0.3741638510968059,0.3892430298241502,1.1283219254730439,-0.9085230824290136,2.5517731109959487,2.204918885213825,2.864823586645069,2.136562241789918,-1.3793733828773387,3.4601547528746273,0.7415084943388728,3.532655712738954,2.136562241789914,2.869182056745265,0.008014060817672254,3.4904793447187923,1.5585717573823412,3.087114058422012,2.869182056745263,1.9642052684335254,0.4486095238605799,2.3884387067366695,-0.7152222943442545,-0.41755796219040675,0.9294304583525821,1.9715259912303043,2.2163727448560304,2.7957724913230755,2.8428590027069878,3.13553989561515,3.0448777908390383,2.697874605592702,2.480844607377814,-0.633764354490453,-0.3099556061294168,-0.5874996913878434,-0.4530845494414755,-0.18232633659841416,0.1349103500560552,0.07124873961598296,0.035423216618605924,0.20247403877166445,-0.7222179995031516,1.9450857889775894,2.8719699431181773,3.039706079793989,2.8679281721834085,2.2335952265800088,1.537648407111711,0.08121592792862328,-1.8320191072907226,1.4536946407791351,2.6836168816700416,0.9586898389105746,-0.4956701776396865,2.2495384216922947,2.5009780820382748,2.0657590203291596,1.4998638753588929,3.4872620313517735,4.189112220546107,4.386118422125773,2.88055085435734,1.3558831759601169,1.1853473057175041,-3.4789518961771626,-1.904832688010763,-0.7773744099767769,1.6562165569842575,0.9570556109860118,0.29946849763112604,0.8221793863623899,-1.0953589200708305,-0.27442649861974455,-0.3803778678597594,-1.3022699716565707,1.643957620336899,0.11406164767457201,-0.6276615849465228,0.33094990237236427,0.582577311633911,0.15603977420851417,-0.814906378390076,-3.6033707991196926,-1.205100512040859,-1.3037868332299969,-0.9961100507870927,0.09518925639070695
2232,2.817135062760757,2.5957284653449366,1.9871380329236736,2.435493401664641,0.9075071078758778,0.7441210666147864,0.723233511581238,0.9412303458318062,0.21230708194533238,1.4357696273446088,-1.249921670567533,2.257607169615294,1.9320603659193487,2.537985812781857,1.4121550003533991,-1.7701400427039895,3.1796533989472753,0.007668506115723893,3.5068019737562297,1.412155000353397,2.496657745816326,-0.8068918695472197,3.367651747032783,0.8732735078529729,3.313225304772808,2.496657745816324,-2.3357188530282125,-0.3267927086263451,-0.4323864874695072,-0.5600246691939816,2.8860781720714326,0.1334072651474403,1.3912497369770402,1.6988701402928432,2.37071184219884,2.4701873816554163,2.7705573229453666,2.683456897114307,2.4638173427662964,2.2298125339024013,0.2881435470203208,0.8455387616931791,0.7505954785040414,0.7148828971672204,1.0342358648536771,1.37096616621769,1.290541896679736,1.364840603915442,1.523780242293423,-0.30843306135000415,1.3128052721089125,2.29505835829958,2.90073675520795,2.824361147244238,2.2292065847876223,1.2296255524457054,-0.7764807718217203,-1.885042680282387,2.1844769740917593,2.6038807423304724,1.1215698639147016,-0.4727803859745063,1.9368430504420173,2.2658751110729463,2.1014163428686086,1.2150714416750723,2.563903761543395,3.974994723186575,3.819251429609457,2.420187381635584,0.9401216550942546,1.7483811925916732,-2.555456014950996,-3.252988229465428,-0.3134170764152258,2.179447407350427,1.706207497572438,-0.515641234079381,1.3498142067688794,0.9651498679783433,-0.09551411590323858,-0.19786096699561873,-1.0256872129782846,1.6636481545754256,-0.262615373982564,-0.8704671137299208,1.215240868135825,0.8559705995822112,-0.0608778709056929,-1.9650145767000242,-3.35975126912797,-1.0797786245996428,-1.6164384283887199,-1.0869142292139404,0.043695014952284374
2233,2.441410841464108,2.013695935708026,2.351402294526324,1.9709575546669043,0.8513576058276277,1.0414163740582285,0.711681967896197,1.163446668150963,0.3142398073330169,1.7025346353615851,-0.6222631769770772,1.6905911741183972,1.3210730619532658,1.995199379054047,0.5304320097324288,-2.1472756186339295,2.777537828963594,-0.8735260731180151,3.3074502805738697,0.5304320097324293,1.9421847132136747,-1.662051377762892,3.1086984012233883,-0.0100390930797822,3.3710608474218113,1.9421847132136734,0.9031414132634141,-1.026479818917212,-0.5081465139178228,-0.8975110242399879,-0.3656296994701063,-0.6062307528356758,0.643986602625675,0.9745201365240713,1.7781789953169689,1.9674681695973208,2.2885083436272873,2.2008273256545423,2.040858602743515,1.7678785938686468,-1.181666882912931,-0.9259642224035458,-0.8896813611335855,-0.9218069324121967,-0.7140247570180213,-0.49137994824030234,-0.5488759631525701,-0.5184083826932935,-0.41463913397302365,-0.8477666583477883,0.12163695672544687,1.7611564192908944,2.2158819263975937,2.7095634024940956,1.9249052283759078,1.4941653151158936,-1.2605695327506288,-1.8600123547726342,2.606180721802989,2.5252754316162274,1.2848919226513156,-0.4497171140271068,1.3776900591412875,1.8679411721162813,2.117145228179852,0.795062628947606,1.4966476032302711,2.966917704890919,3.5442040637451466,2.5769582332859695,0.9893002255528696,1.3632578350627937,-1.488351016831444,-3.069736919928164,-1.4660119838393282,2.332063456510429,0.9966407778455652,-0.1176050614205819,0.74057518744117,0.35826850646578756,-0.22270092771082592,-0.30131365308624286,-0.6403659223030034,1.7021893047841572,-0.2890734233784921,-0.8234134717136516,1.3129335178753991,1.1062134209194292,-0.18028310203055434,-3.319606759617187,-3.0886803499992252,-0.9903648942668699,-1.7380183934453968,-0.9798583181795156,-0.019434486391856295
2234,1.7695290462686377,2.2316335542958754,2.075897899455371,2.426406521224162,1.5246993968855391,0.8452970575735518,1.2043812745423357,1.5228890887843545,0.2514867513056224,1.602977059767336,-0.09719173127178557,1.952365024985908,1.6140809020544478,2.265378400776682,0.4190057083384106,-0.2733400001092511,2.652785102707539,0.13994059380423984,3.127896516936717,0.41900570833840983,1.706103694402318,-0.6751406347420024,2.9935861309471563,0.5531875404008173,3.359415174915543,1.7061036944023167,-0.43228702415520337,0.6008053846781316,-1.2328375168370915,1.770699332663934,1.3453870521010125,0.1266250658768288,0.8970051056039885,1.2110501314140747,2.039808749298236,2.2993489960919042,2.5560800055641777,2.4614193803143714,2.47995248210671,2.230789107067198,-0.8252665579326499,-0.7798451024511439,-0.6867858347414673,-0.7207243622541836,-0.5489253766656319,-0.35272958041177005,-0.41605593725568607,-0.36297447671944777,-0.2529984137508142,1.1756597642090134,0.451011232133322,1.9482164315518102,2.1253914888687495,3.3114809776412413,1.840671640501871,1.85429507603283,1.493737182099539,-1.8703243873900453,3.0113749787229858,2.5135110604166178,1.4819466492065223,-0.4264118489280305,1.8539799239253913,2.203325175818518,2.1532032452626932,0.6303748066562698,0.07134168578207649,1.9748024055343703,2.522967846781019,2.6501260825484363,0.6216733085127979,1.7288442028680597,-0.04189289072630744,-3.026074981598365,-1.3191560141255687,1.1784250462021224,-0.015132443013580044,-0.4721536787848849,0.6706580229347487,0.9393410175973985,-0.1661887263936156,-0.2206218666938252,-0.3849800904973472,1.7543248991383598,-0.13174476087357365,-0.8339334065431634,1.3821735815767937,1.4411851993154972,-0.3239048030887331,-4.472427025389284,-2.6956909248528698,-0.8717270867248903,-1.8126925976926178,-0.9825286213971834,-0.11622253467048009
2235,2.442293823506909,2.4945972974808432,2.542546041528776,2.0536177278569756,1.500556225088689,1.477566125531155,1.3926372817565447,1.9091941403388781,-0.3783493090535912,1.6493197170368,-0.36237751491662196,1.504708287507159,1.1367840227137687,1.836095047623177,-0.047973234249120394,-1.151991833858802,2.381310864747225,-0.6975289223480208,2.9048413087795155,-0.047973234249119256,1.2809081091609464,-1.4107164803804046,2.7725824143344284,-0.20059713689276318,3.2738576929116627,1.2809081091609476,1.1852011267001008,0.7505190041473797,1.543116796279812,-0.7539498575310137,0.7642181460414967,-0.23173154274882388,0.2706149040370521,0.6173016145192828,1.5215181616637043,1.843110700841144,2.1737452748297073,2.058536784663895,2.1385363912825115,1.8536857333569503,0.35611786896411324,0.14680820304209655,0.2204648671808736,0.17337891563939017,0.3978502296476107,0.6135144964283925,0.5154757514117017,0.658255524876595,0.7837374991478394,-0.7319257224164374,-0.5449168438198801,1.4315172534333662,2.0450853208151387,2.8584398248750125,1.4489180262365393,1.6928705956922616,-0.7616920737554762,-1.771752947716329,3.1291338956040944,2.555840225341033,1.871960073305513,-0.33194994955117285,1.2125989838203262,1.81629950462356,2.2656512905868897,0.7686089519204058,-0.36896083341983404,2.2133223945080323,2.2974252706889997,3.8104938102042616,0.509959733030122,2.290446886805164,0.41455094604221593,-3.589852782190625,-0.6746688882560844,-0.57390195315995,-1.0400464168402792,-0.2991957811607338,1.033772630475221,1.6880514968900526,0.5112386007825862,0.41731011731754547,-0.5619702173924231,1.778216204015936,-0.13195596761857642,-1.0794996783753321,1.4023431569348601,1.7554035195855362,-0.5035922380850222,-5.276144660199676,-2.456354781916213,-0.7840301694209083,-1.930061129607195,-0.9092270471557807,-0.1992349868133836
2236,2.1289499781559686,2.7303087482945263,2.4572319487037335,2.848769912175088,1.9813389779511827,1.5221014644280815,1.4446847788173554,1.515100396574696,-0.6393984070881861,1.8431209851489094,-0.2527306735839929,1.9799848242005436,1.647759657487122,2.3371359294694654,0.46496278187194556,1.2506139577560451,2.479106854237774,1.0503460542199685,2.8004212377365314,0.4649627818719462,1.349865762648411,0.31062512332648246,2.776933835131422,1.0340024775427756,3.2038758062618355,1.3498657626484116,0.013730533095028367,0.7413737963296722,-0.5573523474490123,2.11463928409576,2.0210564304247702,1.272606192678209,1.032097300366565,1.2911805973692245,2.1364035405260746,2.5181466335354776,2.721127837336118,2.6159040250017287,2.884938433037251,2.6780313688457875,0.6022404374384662,0.4552651399077988,0.5521362986230054,0.5203157328342602,0.7862692877397532,1.0772736033208592,0.8952505322743828,1.1342361248884438,1.262402550825956,2.1125758476693672,0.5101873228711178,1.7561180835714143,2.8123853686780613,3.4986126974565956,2.2004083585916794,2.6323590910822787,1.9896811269232684,-1.7117749568973315,3.372052474598856,2.631136211372009,2.387033475184642,-0.05703819239349251,1.9484329694693958,2.3006908505316557,2.2507060862863297,0.549918440962603,-0.5703250883800822,1.4131031470918014,2.1942886532265087,3.237652398707891,-0.07301557317164768,2.0940267799215397,0.6091471408250069,-2.5199425362689643,-1.6805666241433446,-0.3366322916756369,-1.6360882021299383,-0.316699415145183,0.6360360536934164,1.3179517267275052,0.7495525630370972,0.6963318952645089,-0.27142887681071715,1.788338465802327,-0.06328106791089134,-1.9085695569863153,1.4269693672357635,2.015628448357871,-0.6271435348280459,-4.893563830777992,-2.2230129348297676,-0.6521638775565549,-2.1442188761804446,-1.1006050712391438,-0.25772600737098883
2237,2.8303005274875193,2.6648664661215533,2.992109099675831,2.74962528827351,1.783542436483924,1.8313130937245892,1.556609790141791,2.0248902238054685,-0.6682976254609863,1.8085512947583173,0.02895088258739054,1.9439621238108638,1.63814937255375,2.2684367369696607,0.5846655419942356,0.2985277067240058,2.4724002008376993,0.5858351935757667,2.7275010501741037,0.5846655419942374,1.306684908855698,-0.09311764434082327,2.731163647579817,0.7413903179400599,3.1326737925773305,1.3066849088556998,1.7225833437004996,0.18930209229363856,1.7929316840482774,0.27814856211525435,-0.2949609865681645,1.0901181250255616,0.8453605284778141,1.0759676565954175,1.9229894487692816,2.3822754461434252,2.5831974264828417,2.4872908149130444,2.7794874229182147,2.585180213451363,-0.6649358797442771,-0.9710833857083988,-0.913928756087545,-0.9444036314412598,-0.7726015510993842,-0.46153961356317047,-0.6202220169664717,-0.506417870935668,-0.39266303817759785,0.15754780327716977,0.6878999246358564,1.4292718385011165,2.4258996366735106,3.395995883371188,2.5356040890805005,1.887735575754967,0.24048771476603417,-1.590715538080388,3.467380001172746,2.6853058035209307,2.804975437766718,0.058537517686551147,1.703377060246508,2.2074762165781925,2.4158908333871834,1.9415797363427798,-0.5403540506261556,1.9126386978413226,3.398319011848243,4.188518385392191,1.1807984148664552,3.367847100106275,0.6501909658699386,-3.015248610759507,-3.18728917550031,0.12948795389404416,-2.5440089068904532,-1.0478499838472621,1.872110886439941,0.9057803840544625,1.0384169936123313,0.7227394275878751,-1.7150422161900793,1.742398660892327,0.04152041282087138,-2.3381191613470125,1.4556121724333404,2.1553082513385866,-0.6500003822091243,-4.496688516594983,-1.8107564016304167,-0.49961335051453665,-2.24746190733104,-1.0708075571884221,-0.34369629016963155
2238,2.7918851042392396,2.4942894816457373,2.967235373125252,2.698436761575475,1.6169444107928042,1.7442421711466165,1.4132063216511177,1.9666404223928582,-0.4604527111930817,1.920611232666785,0.1401643238417712,1.9373529081104068,1.6561721135541094,2.2350943650968897,0.5643997025718243,-0.052931741914813125,2.4283918260087893,0.37287692526632105,2.6601407479460386,0.5643997025718244,1.2208144366376004,-0.2696113241768057,2.667165476201151,0.5790755916033304,3.057285827219923,1.2208144366376008,0.4612729964764742,-0.11370854771606019,0.28498181474637646,0.23771250884666237,-1.2060270398555986,0.8294254781403904,0.8113901647447228,0.9431823588166227,1.7868367386371322,2.299629215545076,2.4948212901825375,2.4096079090212967,2.719396208765997,2.535897773569599,-0.6492981314796823,-0.8934964127066641,-0.8737480454436133,-0.9231506450249566,-0.7685595879494436,-0.4357114601745111,-0.6047507794494557,-0.47123296726654185,-0.36465765389637805,0.26372038239484324,1.1174055612112455,0.8730507423611764,2.2351056165816585,2.9660208849981524,2.6676929427927267,2.0414922242010287,0.12265065211333623,-1.3838915814761399,3.468828318718812,2.702873357811502,2.7188204946471086,0.08633174741988121,1.823735549853296,2.2129221081355257,2.2766221320486135,1.4641346512821622,-0.31085179601408247,1.4564990792935635,2.9541155296960993,4.109688918474495,1.9767778403608947,2.421430841677069,0.3936081364153765,-2.1496464006852687,-3.1028394728737143,-1.0787557550150588,-3.3251168130035333,0.4265678467364492,1.322629968265074,0.4824027028792652,0.7512620615427662,0.509823196347086,-1.260819642264005,1.6877426426888604,0.1466268470912666,-2.5557277935566494,1.4582220954646705,2.249330284178689,-0.6464137131663068,-4.118495087620543,-1.5609871225632068,-0.3471825671699204,-2.3405723045623548,-1.2746805330381374,-0.49038287197536046
2239,2.755931232763803,2.5758092162758732,2.8391823570073056,2.454024183881908,1.905512505490884,1.622540473290304,1.8993932549159813,2.1369030110718965,0.9427525728520589,1.8390692197092275,0.10295505497019888,1.7553895173942449,1.4694752948862508,2.0399098575152377,0.25619635906267724,-0.7819853540941615,2.2908529663286457,-0.2692459122112822,2.561582765201818,0.2561963590626782,0.9910979914284505,-0.8455821350076046,2.5457495670006,0.04968250930363215,2.9652241804274664,0.9910979914284529,0.15366530619003851,0.5690351881958968,0.30948552333175977,-0.4505148748788358,-0.5367290722836661,0.32491229892480744,0.5141806924719152,0.6033779803707878,1.476552133014438,2.024284216456117,2.2580842271003494,2.178214276277223,2.4745720436011767,2.2801128251647307,0.06241472741908775,-0.031161846607618972,-0.1077860737079687,-0.19576248008354133,-0.07430754437822983,0.34371935801426906,0.12613199310979226,0.35308536459454826,0.45474394121260064,-0.32922779041034594,0.5519454444648696,0.7074977662359778,1.9957234468209717,2.3875473050621125,2.7514986095252496,1.9902889848187302,-0.21363208695743713,-1.015889186661101,3.356542474408085,2.7389047349253426,2.8305928964182425,0.33919434369659895,1.488224101426212,1.9289385618281112,2.143949872751897,1.0545604155778605,0.3939476416061893,0.5114340011651158,2.6393116399507885,3.51347561099834,2.418523281189064,2.5199535384066465,-0.3456079966736271,-0.33278123412309346,-3.562504966917027,-1.0352903894208905,-3.588027221267085,-0.032375665825979755,0.48641553845920316,-1.0049826143720362,-0.753343724434858,-0.9024025131264876,-0.8018504953643804,1.628467799963667,0.19419650550767456,-2.206243908344087,1.4757222858257502,2.2752042397666448,-0.6121598019477408,-3.585590794953304,-1.3536616279176508,-0.21447623731124424,-2.4096269816521168,-1.6165763556796016,-0.6240861832692607
2240,2.2278667834956924,2.0370621335814114,2.2897026414346526,2.1415295411033832,2.452881208477663,1.8457835238802798,2.2495141388151554,2.2641779577861008,3.337707179695989,1.399138128435198,0.8043385115500541,1.4113453578807291,1.066034234640894,1.7259567109716307,-0.26917213721148137,-1.2789899456267677,2.069748374010222,-0.9466605429882607,2.4145982666887518,-0.2691721372114805,0.6125917188897251,-1.4046443259901913,2.3669181597064863,-0.5949137709600991,2.848268438644829,0.6125917188897251,-1.2125933413876377,-1.2988810211998734,-1.0741564940012263,0.06419271803124654,-0.7502865175044171,-0.4714159037410814,0.18266047763443524,0.2220549453045932,1.0645863472103532,1.6693509216258438,1.9681693466606989,1.8865822436140505,2.169790511818928,1.948008350869314,-0.27894855670219987,-0.3305837435211827,-0.5347542226565183,-0.47146907393832627,-0.5278454426444452,-0.12188712290003086,-0.31597917329179404,-0.1431641801478597,-0.034034782351484424,-0.6465507095003157,0.5988932199836469,0.012721294981029755,1.5911465374714617,2.3211969248055917,2.495161042919766,1.118896750060064,0.02067146405938769,-0.6073439445554049,3.197147810003017,2.5691224704424234,2.6690803542792985,0.3665863256029838,1.1983688361715623,1.6967627383332684,2.037513070633306,0.6528018593669634,-0.1120516082525801,0.12259027635925741,2.2799025165061257,2.685842745949452,2.779624499932702,2.430127905596107,0.14911950045582542,-0.2528450887249594,-3.268311684836206,-0.3841532382380031,-2.949145266477229,-0.6952421235765288,-0.3010646407021442,-2.073002333210533,-3.303521242951014,-3.3222002481422828,-0.296069389914042,1.5512203540494522,0.2705011816999652,-1.41485243699181,1.3668930788589762,2.2574829998528263,-0.5107820617852216,-2.7789979273609284,-1.235501241015876,-0.08777705999502342,-2.284294868660044,-1.9325390664701485,-0.7522387596127456
2241,2.287168219092915,1.9936520109794715,1.9938599687850276,1.9758856184613633,2.5031128551047064,2.510230816549681,2.4775174828996422,2.046683823238898,1.5064271914955385,1.659985889311389,0.622830631270279,1.2670603509584102,0.9022615922415219,1.5834599481662297,-0.705014380285242,-1.0151617485710607,1.8569505542743363,-1.1092340285370763,2.242529849051982,-0.7050143802852399,0.21741478375718262,-1.4462489785565282,2.1842020037738337,-0.9021138747288925,2.7142829202540257,0.2174147837571851,-0.7087857104493754,0.030679968089260934,0.3774515408132341,-0.7293069028945249,0.42850052656031584,-0.6243888605071519,-0.016315331769839403,0.0022436469635728385,0.7807404227957755,1.4675679308707639,1.796173416594289,1.7268990347508046,2.0075243762125328,1.766896617171288,1.345514080792729,1.1016322092762616,0.9721980063914986,0.9869209486302124,0.7949735730215802,1.3582103743954363,1.0546315183394392,1.4388317169523543,1.5324160665760673,-0.35242986773940527,-0.35636473487260056,0.11427181613930369,1.2801871113564518,2.395026466019086,2.621639335904554,1.092272276699209,-0.7250154091701957,-0.23215066396677492,3.0498884932576416,2.345825442239482,2.59591162016712,0.38695776284408634,1.0087977471440928,1.5818810299336947,2.0234667154938215,0.36096675910724624,-0.19341764268729514,-0.789255321593871,1.6992954206083914,2.5229825883612724,2.5109932679591953,1.315129663823604,0.21673042981758475,0.8756880858549316,-3.1306250838951573,-1.4161912148535385,-3.3394724969631038,0.8222673712022146,0.9857286744289282,3.32864996491046,-1.4844104226474828,-1.458095206931208,0.03005908998152696,1.4900833064988355,0.24493166428798913,-1.132562072437059,1.1993664388878567,2.224131706931315,-0.37611011557212976,-2.3436546840713937,-1.1743601101709396,0.03736737827130268,-2.200180783020666,-2.2322603159420034,-0.9837170071016273
2242,1.228366617536623,1.5959526071674124,1.4107140139854186,1.5794648468844084,0.18817954400431283,2.5008994036855885,2.0780344598031104,0.45281221109235703,1.0145453774451696,1.7916630841357573,0.5431635663463701,0.7116349909417209,0.2300879848635512,1.11642889127368,-1.3189294136057041,-1.4539286664402322,1.549859290730847,-1.7660406955139687,2.022752167417938,-1.3189294136057,-0.33993085794592015,-1.911362959426067,1.9377593059536113,-1.602086072884085,2.554278937070078,-0.3399308579459156,-1.6683277286798355,-1.1087035244647805,-2.6428806282357304,1.3447092839060377,1.3045660835902166,-1.1728812496746854,-0.5631110194868594,-0.4514447397372929,0.24237355702609517,1.005081156223128,1.4399927606416314,1.3520849467914695,1.633122399545635,1.3404626259275543,2.3004412870479234,2.9659328967939267,2.932351901244111,2.901531377682418,2.824020791866774,3.408332969347573,3.017486536669402,3.61682751963716,3.704458690383949,-1.108107200069106,-0.8337072466008173,-0.09393222741846627,0.7190777601151594,1.768447383142971,1.924855092620064,0.8033594002839801,-1.3495823263367286,0.3264438192808341,2.830789165355809,1.9683574399914505,2.4479376410565292,0.4080709198916909,0.5079425111935988,1.241334831306108,1.9298260720519471,-0.0004624219033278717,-0.7142274656886322,-0.8340026063883447,1.2254288069761838,2.638787679940241,2.8357733404362495,1.1651599314965007,0.7287519158726684,0.5155977424895125,-2.4152675180484446,-2.721404660422668,-3.335200569170836,1.2917432339512391,0.1814236992460441,0.6987635258798567,-1.0468269308251381,-1.027518976681221,0.03059967922619654,1.3950370196668676,0.2524965911882252,-1.3695921277295902,1.231190413924114,2.201431527525693,-0.2961587256191368,-2.150678508501617,-1.1359305563699784,0.13986102955365595,-2.115305511481992,-2.1288648371908336,-1.1284869830273263
2243,1.6345051078030237,1.3014024411926193,1.009979436537383,0.7514994408933566,-0.08189424835828507,0.39521154702958355,-0.03252939146805135,0.03344871287541856,1.9674325691068237,1.606445386015521,0.8980422892880509,-0.3162100012609876,-0.8541720107588744,0.1915497241111419,-2.3622081997384643,-2.6063048335097476,1.0026234467229178,-3.0510684306982534,1.689887817347802,-2.362208199738456,-1.259291617267047,-2.9359282290576476,1.5338691692163662,-2.862693366039864,2.340438769725492,-1.2592916172670436,-1.213442857631777,-0.8691133145860653,1.1535320286613453,-2.568737766092477,1.810621590066407,-2.357475443477571,-1.705402466719875,-1.4617071878209107,-0.7658160032456185,0.07113185026249313,0.7346239415334916,0.5880490482565448,0.8683550159526602,0.44947628352009955,0.02918740936873611,0.618503286161807,0.6804311580180491,0.739994838174325,0.7601717503902689,1.2063384159113046,0.9648134167556358,1.3298935532890963,1.4573106579836899,-2.4433808288266032,-1.8175840014573108,-0.5394544429901669,-0.3838886560208208,0.9416354704763867,1.2101637791803834,0.23227515783295571,-2.304749061742495,1.0432621846477281,2.524061545634506,1.5352432762478891,2.2862802832873212,0.42999446934020885,-0.661833047232188,0.4860162278655129,1.8122565513099647,0.024891803928695264,-0.5413209191255496,-0.9963916140357861,0.4489360742213939,1.8669791175492378,1.764761628197249,0.8107721469986833,0.5535206932175522,0.8870442600580355,-1.482193169341734,-2.674193885403506,-2.555223761428103,0.9892421006429869,-0.3151927322069894,-1.1617933155195184,-2.016490635986823,-2.0058285446416084,-0.03870526961068996,1.225332319227303,0.20228287980857684,-2.0344744514495234,1.2227328749075728,2.157237776532331,-0.23029702072325242,-2.0906502274349323,-1.1080510734446483,0.17609130303975024,-1.9967621538087685,-2.0437709169157583,-1.2474076597298542
2244,0.6964936711726892,0.42676364705715925,0.08634371064784879,0.26938902178432345,0.42862595198857795,-0.08718210468812644,0.6106424749735929,0.37075197731887194,2.7564855280366096,1.3779154824060946,0.8176282701701546,-0.7677997010860144,-1.2464100969450893,-0.26944213851021553,-2.9108711713837194,-1.815870939628629,0.44162093682615683,-2.9290263714571423,1.2789566643189985,-2.9108711713837114,-2.069591893747495,-2.680176835701628,1.08981228975812,-3.0321134560529233,2.079860907473423,-2.0695918937474924,-2.7612345062376287,-2.6314459487092425,-2.385139452115879,-1.3322246048548292,1.90573348397213,-2.519461215230804,-2.1460053441297893,-1.9185792993793402,-1.3295343687364005,-0.4874026843255597,0.32276923657741585,0.12144745448965114,0.43077404439596695,-0.07554039435329869,1.2831168214002335,2.2732994216431983,2.6358815329097847,2.662977196358531,2.897345896498694,3.341080245211284,3.0731837466403853,3.58844432619455,3.7577492160850356,-1.51006888573066,-2.1558680703062287,-1.2031344249212865,-0.7814669652993682,0.4644999889371083,0.619284723170021,-0.9000198256767611,-1.270065219255188,1.5469792280836712,2.277207537129696,1.370216654286621,1.8052384007951876,0.4528060011990857,-1.044047956463948,0.03701219359602778,1.3636593115166074,1.8173233615120137,0.9739758972088332,-0.9538314889205962,-0.578158305435467,0.7478145730905504,0.5054316400969598,0.13028911755686032,-0.8939828511508159,2.046443705495141,-0.06127603585594018,-2.359188222248172,-1.3716483714747134,0.6783084384435,1.4666835092100434,-0.8350496807387928,-2.512161511054448,-2.791593526576899,-1.800021905825733,1.018632287743745,0.142004015347013,-2.447293923641108,0.9774352028878391,2.1011055566483456,-0.23575211881410182,-2.0170999102720044,-1.024317603080759,0.21115806168628928,-1.8649040592946315,-2.2156325539180752,-1.4170048139260587
2245,0.34987581568585374,0.35940565995859575,0.5288000281820653,0.4835980396740571,0.34392669043842544,0.4550878447401983,0.04788977844866544,0.6252764652180886,2.5213424419033204,1.379433160641479,1.1483017298882798,-0.5007134124948441,-0.8854054836182156,-0.057929684490141485,-2.5195244028784316,0.6846531994800723,0.16586708731355956,-1.4223274381919953,0.9121218152541294,-2.519524402878425,-2.305815036547536,-1.080330046475499,0.7857695224770433,-2.033576503259504,1.81534015139096,-2.3058150365475303,1.3825122328284611,-0.23055727426044925,-0.947128042617994,0.47888764306020476,-0.7506544405635984,-1.2805598437263506,-1.6553649325713646,-1.5108991801209695,-1.1069829394702184,-0.30367704554055086,0.4870078242553689,0.27077573083185863,0.6451677162385209,0.13528614055670354,-1.5454426082964714,-1.1043607477584392,-1.0130868492844447,-0.8905555711128101,-0.8105623383194455,-0.4661302118472113,-0.6391219737691067,-0.40315121835385215,-0.2554145588919326,0.6811616162246791,-1.6853915506455055,-0.8568753227346161,-1.0302931227621428,0.424652577901443,0.6197736800938607,-0.017912445992857816,0.7372174234375376,2.02391164558391,2.0611400868251906,1.222669223781531,1.7370883862777764,0.4765936019475785,-0.698623759275244,0.22854248385785256,1.3200464719080893,2.120319270697366,1.9328085690827086,-0.04341240136879811,-0.5529701864086675,-0.0015139804533746538,-0.5586680752070879,-0.920877919596212,-1.8608065615986853,1.6540192975393069,0.705439514895342,-0.964088555166049,-0.026329301540724482,1.301278685088331,2.124555179287794,0.33628444772858535,-2.2364597662428927,-2.5527664460217374,-2.126611701390168,0.8256563848930517,0.061321302465587584,-2.7877619261494737,0.6064615355278701,2.0688787284502945,-0.24508700947761786,-1.99413325461117,-0.9745669851521603,0.2288246866471231,-1.7725492071726192,-2.2154186099051714,-1.540197549722114
2246,0.22780773631722778,0.1818667599721266,0.18563922972236604,0.4068327185459542,-0.0614403109413073,0.35560898947940833,0.37291049678143506,0.11547892398132859,1.5208365745561443,1.9755492701658133,1.1891077612058287,-0.5670699380933689,-0.9373073755293024,-0.12986242259578262,-2.1097140672509935,0.9030318685304858,-0.043906200541523624,-1.0650461428191715,0.5950873533956239,-2.1097140672509886,-2.364642970871291,-0.565653958386387,0.5200636298130363,-1.7385393062702452,1.5546512473784828,-2.364642970871287,-1.0639536309342397,-0.598234566089899,-0.35124864148761054,0.6333348790712886,0.04487812752258466,-0.7322323696541106,-1.4947691264473186,-1.4522610595655565,-1.1936856439800327,-0.43524434875533863,0.40597331532294084,0.16403228643736195,0.5898522464137536,0.0386239075940236,-0.22486402737250957,0.5117816229878457,0.5568809246095067,0.7406652357256858,0.8908790644137079,1.3308145912860567,1.0807007630714855,1.4994581444793114,1.7017424661788583,-0.26175465662878167,-1.6266758503582828,-1.4084730574415942,-0.934574572078884,0.1458277676018523,0.9196330129021224,-0.7023254927380204,-1.138094113996305,2.411465935078144,1.8621546638584863,1.1587746364038178,1.674055374325564,0.5014577904603005,-0.791530867829041,0.15236115771414968,1.2786670962401505,1.779900432534739,1.557210321391458,-0.4524558259622834,-0.23785534257618746,-0.16937504198405123,-0.7067556976512175,-0.29281590588703366,-1.496976595930311,1.852025201979373,-0.07692757665652276,-0.11083782194825754,-0.11793358074876818,0.21954923809505383,2.0652674859203315,1.1667544166282797,-1.2532863886525718,-1.5466687308490228,-1.8348175816262948,0.3125085852961348,-0.1650913586345339,-2.942944341330915,0.21299016939644372,1.9872199414211051,-0.21003116548439343,-1.962468578320107,-0.9971651109442404,0.2719704859475844,-1.6747482069322577,-2.368229662659719,-1.7705701842851838
2247,0.3002475000216195,0.4073445240976674,0.3522363329004733,0.49258892737218546,-0.5939338709848846,-0.08038015551954461,-0.2876943821474036,-0.4223363135386193,0.5528083774055932,1.915639697646305,0.8344210210698458,-0.4448302767831828,-0.7622881254896657,-0.03901925895662455,-1.5966775685492367,1.333049641965442,-0.1401492371944303,-0.4830894384307776,0.34929038640790167,-1.5966775685492334,-2.2340765918697914,0.12713592132793963,0.32679777286552547,-1.2430269430918721,1.3105456131062954,-2.234076591869789,0.5129912037677662,0.7414925306768194,0.19058079132752315,0.6839948178127558,0.41138008785844327,0.026448354798548415,-1.1154058653469179,-1.2199193688212162,-1.086323192366327,-0.3983835616470977,0.46100173174154835,0.20429497711442088,0.6806455830515066,0.11548258701746705,-1.053248281498381,-0.8881710647237974,-0.8039160433924052,-0.6628289099221679,-0.5916435910020428,-0.19950113938472538,-0.39477463549361685,-0.0996203409326567,0.07852132651606282,0.27188407492283945,-1.1744396115324998,-1.3635880908665703,-0.8136200178873091,-0.07206884169704089,0.8384871969348046,-0.2798457168652588,0.3550375841250102,2.679161626710129,1.6927508394031527,1.0157248990937209,1.6154718804126353,0.5275139105315771,-0.6403202429060862,0.2273711336300834,1.239306399113954,1.3786392301694814,1.418885743200676,0.3721740119197856,-0.31589861846022044,-0.45681829275448604,-0.21112678994153883,-0.8667361465424459,-1.3799617920885068,0.7253623042752078,0.7451225964013695,0.28482949061250645,0.7012914730696382,0.7080386588741467,1.6797154667564367,0.9418946327964198,-0.30909545495614177,-0.5778876878535445,-1.5003154717287683,-0.17691783893314653,-0.28050616308285703,-3.0553162257078466,-0.31215307399108894,1.9257943256570298,-0.1912559052281836,-1.8647595445346323,-0.9900090828951782,0.30242952354938907,-1.5956746622710412,-2.3316192869865824,-1.8297915458779903
2248,0.5011360972619602,0.7550697368901931,0.6579136360952431,0.7570693620365416,-0.33399198373715644,-0.6956696206123592,-0.36226238217472956,-0.3276653062362361,0.5331706611295192,1.7326850103443825,1.09558760598021,-0.10380863258404814,-0.3068157748158254,0.23170214058283364,-0.9354895911162704,1.8058256532879882,-0.08590366314844251,0.2745191630677202,0.20363887206830872,-0.9354895911162683,-1.917955257743641,0.9304690610603967,0.23942449578297148,-0.5607311461230119,1.1003108168640088,-1.91795525774364,0.9396491074202634,1.1267932561970022,0.5538028172023337,0.9092245962270569,0.7175794102740408,0.7010477633821786,-0.5012350109930183,-0.7170377757595902,-0.7662589597698772,-0.16889635238699308,0.6638854788193138,0.39909157239499543,0.9309679020545926,0.38397247390935313,-1.1968512957444424,-1.1927423707862952,-1.0718321585756767,-0.9756893203826896,-0.9350828883689855,-0.5665751398369807,-0.7388936562240567,-0.48379884674977697,-0.3057490984367672,0.8569122495670064,-0.02054644965105757,-1.2146957195643213,-0.45743177927800627,-0.38566735000362223,0.9270078528935572,-0.35836236924112747,1.1427457766082625,2.863025277912278,1.55042694184803,0.7625059960858331,1.5332772339855445,0.5548951133898786,-0.19523432236746177,0.47261077746605534,1.1721518313716588,1.0058822380275558,0.8028994819449309,0.4272480900672202,-0.46617311723693877,-0.6572310149861651,-0.30087111298229097,-0.5147882405400298,-0.7690081497484956,0.14641242065589197,0.9816995030336111,0.4012164785028221,0.9357808988240204,-0.03569877724651633,0.9871777497274314,-0.1196906863775942,-0.36279929994454985,-0.550706254660808,-1.0804027818278545,-0.6077645775747337,-0.3403855022630989,-2.9657235775089132,-0.708506191805376,1.882135296690782,-0.16369881314743137,-1.7869326288804763,-0.9388399595092982,0.3764097363663048,-1.5087863757345472,-2.309907765664412,-1.7760222122167928
2249,0.887289001668222,0.8506974172013276,0.8728168390823967,0.6865756633609728,-0.7991942159189975,-0.41990592455052245,-0.461434245792208,-0.509619069347919,0.15187958931847634,1.7279047634851006,1.2198832356162117,-0.17475223352479055,-0.3807926894631548,0.16230198393383982,-0.6059942806080849,0.9040618732828403,-0.07901339525793116,0.03601990158166118,0.10842011551605185,-0.6059942806080838,-1.6813380006525434,0.7324275927975112,0.14995924113393175,-0.5665333587701,0.9147336384090556,-1.681338000652542,0.6533151795930248,0.3033244690078557,1.062628174765301,-0.5771832729173241,0.12850279045128263,0.30865917251987374,-0.3767721939164018,-0.6384771512515992,-0.8048371730847984,-0.2860623221099117,0.5861332609374287,0.2959089406497087,0.8608639021749158,0.2995571729051031,-0.7955079308232484,-1.2737819444906044,-1.1967634916426522,-1.0674060855507546,-1.0508053009360152,-0.7243236879788032,-0.8733331028859934,-0.6252133900338922,-0.46061633965358695,-0.23198266589850888,0.46025067333563513,-1.1788493023979774,-0.7473958329034894,-0.5035209833898588,1.0053273657542947,-0.34807557906280956,-0.24099051114138045,2.865200334734527,1.454011581929334,0.4891215695833063,1.5582607285838852,0.5837561107601006,-0.34619142421409954,0.4037661183079345,1.2189434096472198,0.8742357219628052,-0.3250873935445121,0.22348212674352796,-0.8059016590260022,-0.7259323836587861,-0.1317915775161353,-0.5473940025728585,0.3834896730129012,-0.549275449237523,1.2360499934331308,-0.07917209983584089,0.8727618447543288,-0.07605400156095776,0.9929005483529649,0.13667455280937774,0.014650213891751867,-0.17595406236283442,-1.0115201464217058,-0.9956615684325424,-0.4915407876796301,-2.62723390050305,-1.0031618596810359,1.8297776121715017,-0.11538049059958455,-1.7060367329828665,-0.9326697393270662,0.4456738031409046,-1.4285453159014079,-2.1391678205032583,-1.6609672298716043
2250,0.5947375867922262,0.4131257310352974,0.3048795268420344,0.10622967353347539,-0.40953603186766047,-0.7935634674491885,-0.8691154473861321,-0.46304351672754623,0.6343719521956581,1.6219502243809616,1.0012038815042108,-0.7968941646153442,-1.0326050822034103,-0.428670173102582,-0.9362786751937395,-0.9235082549758507,-0.3209810077018674,-1.1921458370548454,-0.04143017270157699,-0.9362786751937378,-1.75118403510105,-0.43063474177864014,-0.07540854929360044,-1.3825215455823665,0.7176798984241186,-1.7511840351010477,-1.6846334885250616,-1.3742757028878183,-0.8021369127463561,-1.56186176225437,0.7067384403795884,-0.975278650104239,-0.9579275074961147,-1.1598322762168185,-1.3261661569851095,-0.9341853760515125,0.08645292725144282,-0.257953318995373,0.31280476344959374,-0.32432683071007684,-0.23087255416362995,-0.8398125872209882,-0.7540354083002826,-0.5525217813694465,-0.516088554182784,-0.24700385070486613,-0.3913004171187186,-0.06644241345617227,0.08940626965069852,-1.8346420951085107,-0.46341299429687105,-1.4355750632783766,-0.988359201079864,-1.3219535591727667,0.549957576955825,-1.1819576419024589,-1.7804202085857244,2.5191427123215573,1.4482146981418906,0.37395999209781705,1.4432918310149956,0.672216310707768,-1.1297223950362292,-0.1788086438552516,1.0644485584886796,0.5117616104129213,-0.5642983226371483,0.17251012054241746,-0.6057897228578104,-0.6723551410208393,0.048498023718825174,-0.5198788631417828,0.6092142057898864,-0.6836920015517843,0.9256863592394367,0.18612232121606737,0.7842632431659243,-0.05750709884892863,0.3183902226336642,-0.8325765917440522,-0.5687345704184239,-0.6551227035389163,-0.5832704783498346,-1.3016177320391211,-0.5572580266538061,-2.527881261798982,-1.220554569261734,1.7587428693959317,-0.10811039591873604,-1.7014001617061205,-0.8905960166522214,0.48685166247041184,-1.364273022395283,-2.073511100188834,-1.5474226445788066
2251,0.15762418343865775,0.14260895482661545,0.29213829753895504,0.34286772738943166,-0.662540680262907,-0.39059870692686227,-0.8193718214362443,-0.4904050941309847,0.07885383715506493,1.7263548881392878,0.9160693040157032,-0.47776498437845444,-0.6168618865638644,-0.17642101272607869,-0.7214157865016896,0.584715908865569,-0.366818382445959,-0.22259375321982522,-0.1583403053638707,-0.7214157865016881,-1.589763646669014,0.5002915578533162,-0.19020235389826243,-0.6941431053274032,0.5348252567476851,-1.589763646669013,-0.051105212318801344,-0.8788031560083757,-1.2175663905678917,0.642636580380796,-0.7404467843852972,-0.3435446523099957,-0.3739082038776093,-0.6419815664123593,-0.9920840673329316,-0.7227176158712705,0.2717559956223825,-0.06615334166977338,0.5252547585637951,-0.08280004314178933,0.2943813931879999,-0.7106011153363627,-0.6751632937641404,-0.4768285227631285,-0.40839642390494957,-0.18067787594970522,-0.2958717068981674,0.044917874437344706,0.19867674944194125,0.7621690385109717,-0.10268255351175447,-1.179994215247032,-1.2396438690608813,-1.005891300072362,0.6942254762915676,-0.7938655367040524,0.649450568147484,2.2925456380335656,1.4148716384421036,0.2661660184603435,1.386441972330784,0.868251385933727,-0.7426482622781262,-0.024584385367736956,0.8884732913094294,1.3081552145353545,-0.7233692163147574,0.6896474987601123,-0.28398520035569264,0.2643691124659518,-0.7311420527344331,-1.0806376876758708,0.8182517340498754,-1.4240558621399004,0.9297493231736056,-1.0166505455146653,0.1562615268132311,1.8372498374987398,1.4723281853702779,0.4361923557563335,0.18545939212731713,-0.09780389114167798,-1.430086613139721,-1.4892667029037006,-0.6108611425071727,-2.2248126819437726,-1.3184100045967595,1.7011248529193501,-0.07707704538084782,-1.704199676190229,-0.9507203409462336,0.5381048786631956,-1.3069298146477808,-1.9441100511142204,-1.4903912658691332
2252,0.5035549685001718,0.6433843902431655,0.6971933287112301,0.8875970230754403,-0.5585817391239888,-0.6687936620009474,-0.9250020033095234,-0.442808936233444,-0.28856599966804264,1.9071331654937371,0.48233024504558425,0.15085889823543064,0.13572274978207274,0.3573194037716279,-0.010373678043455294,1.9102523845015726,-0.15324618098947243,1.0449418740189722,-0.16056146158789683,-0.010373678043455322,-1.150101281287983,1.6581939173223754,-0.13245680432414808,0.3535689449283966,0.40079559919553387,-1.1501012812879827,1.2459415817727997,1.5997620783357367,0.9693538993364044,1.3225404377595245,-0.09066128581970898,0.8370471370530077,0.5565261830111851,0.21881470387190777,-0.3601939848867659,-0.19177493613268237,0.7150625913770484,0.41488328786897033,1.014774368047989,0.48758951905866155,0.2502985983418501,-0.4998117716153551,-0.6974110602160013,-0.45454103361187953,-0.41936444548978674,-0.21412345179709738,-0.3052982587533335,0.0150542046691158,0.18002985238787947,1.7140856143951997,0.4318833219587879,-0.5380705907008037,-0.9176204316519085,-0.5590705914611903,0.950039174295019,-1.147824879108248,1.550699144426396,2.170977622958174,1.3300428642686672,-0.017787549680738562,1.3271840355835762,0.901673114941385,0.11349549834461785,0.496529686282494,0.838611656373412,1.0923696494817121,-0.982791169824379,0.3553077152036735,0.10664736365421812,-0.012782576118042767,-0.5767584628679764,-0.9116889305060858,1.0713308967863076,-1.2237564106242136,0.15540546360126592,0.2164928475570114,0.23049383434429263,1.2619593004944696,1.19485577994895,0.2481153083657017,0.5320856839094982,0.27788167015167786,-1.1911719586610374,-1.4262965849594282,-0.5383818040726492,-1.8857504435082757,-1.3194222439505832,1.6744278160947392,-0.06662825231694831,-1.6596681767589552,-1.0099842859460082,0.7149906108413853,-1.2543194156576345,-1.919010296747032,-1.5480568628787246
2253,0.9129468729205479,0.814172672028588,0.9417989260609713,0.6853560177905428,0.28248581868766404,-0.5532424156823819,0.12592069387770954,-0.13912630276918883,0.168407155773774,1.8074168029524509,0.7637601758274368,-0.06476481198104775,-0.10506126848189179,0.15545987151647242,0.10646333706078294,0.3132489367550906,-0.10188808778324888,0.25127219127467654,-0.14372857515522416,0.10646333706078266,-0.9259042838408242,0.8498526452355452,-0.13904952381552024,-0.037012580985065484,0.29146392084509,-0.925904283840823,0.7401797519352014,0.5263519308220784,1.1267547502012492,-0.6455601659998313,-0.4332921740328165,0.36396444923858784,0.26027610692296954,0.08639322652631028,-0.5413735245387811,-0.44486537057864894,0.5265184108261511,0.21929950615166696,0.813295481536845,0.2643764387197071,0.18219764851584794,-0.3486565914789644,-0.5839267700502185,-0.42334037024976573,-0.37540232146712543,-0.17289455897265418,-0.23007186208584948,0.07833158116372158,0.24816758604407677,-0.616638177518211,-0.10456047027460154,-0.08792083075109487,-1.0873230023584335,-0.5159888293978152,0.8706919312173307,-1.419407439431825,-0.5224257611311466,2.038856875698442,1.2657249951907967,-0.2627699420239557,1.336436415112565,0.9371952152391007,-0.2122968767332843,0.30011217610929125,0.8670303002517338,1.7042273979802136,-0.8007774683329704,-0.6602197963004843,-0.25563980262320685,-0.5036663882603719,-0.0648006276990973,-1.0942270631859063,0.9206168701200158,0.13052063662247085,-0.21704339393484345,0.49428081161532034,0.10064582039122137,0.951443897308683,1.4909909863627793,-0.4747675581271705,0.1848348705741295,-0.1633461814025347,-1.698861874536609,-1.4850885909765206,-0.5197661476957993,-1.8367737810940452,-1.339482795546524,1.6372021684698383,-0.04793329054600894,-1.630035488124481,-1.0194495389950065,0.8800630460495398,-1.2009128896136834,-1.88193645123882,-1.2878070479428532
2254,0.617836134790077,0.6074585368120328,0.7053906249137225,0.6161658518261451,0.6017439820146352,0.24429979947446684,0.1954306821604997,0.5638157556501647,1.3325322862828695,1.4499465164154428,0.22781942763145394,-0.13305000502555894,-0.17975071833684192,0.08909327497834445,0.0818023549394359,-0.06634968638033438,-0.09720114996227815,0.024025511425896724,-0.13081454296461797,0.08180235493943566,-0.7770947221144182,0.5677705375028747,-0.16115324476570636,-0.12975461208721345,0.19849655786697715,-0.7770947221144175,-0.7056037228788866,-0.6382666048917166,-0.795825637337982,0.04996925504343759,-0.34292659364815226,0.22354730912249685,0.10206765686322236,0.09931666043001362,-0.5571483868235728,-0.5511721752854372,0.4492645535298844,0.1394183526109109,0.7409123992462229,0.18445816888814995,-0.4058179444665962,-0.4129161856170721,-0.7536451436726256,-0.8066231250150124,-0.766077571672435,-0.5648224283364127,-0.6262477670469185,-0.36420477502131743,-0.210082305706203,-0.22356551601329955,-0.10535766743135191,0.24168692828638552,-1.0591157357221226,-0.8165998148567879,0.9582461514698726,-1.6159480517970586,0.2713992898418106,1.9153865572687794,1.2083606696273688,-0.5147582322069011,1.2971605141076517,0.9750863703241204,-0.2947670102805262,0.23067511482538283,0.8409393613888241,1.3889339335564637,-1.0189326186066971,-1.1536653527969694,-0.06717004147254713,-0.6349139089306634,-0.16101641117846302,-1.1497716467576484,1.1234722917944908,0.5402828408554999,-0.8611734315244882,1.0702283820171583,-0.07181515916362309,0.8799453543271258,0.9445110716557402,-1.2634863893569643,-1.11638775350578,-1.3360482486256249,-1.335434348382345,-1.5251847437359694,-0.5810047883920826,-1.7595861720561876,-1.286585778541918,1.5971419859957467,-0.04148438055891926,-1.5605374114986876,-1.0116012860989163,1.0442889620966225,-1.1246928445971482,-1.8263021771450185,-0.8670597940808169
2255,0.7755389361706923,0.5974388133888863,0.5845621523589218,0.6240863856503662,0.3975047300642984,0.5843609474354627,0.11510557491870477,0.7244279688432779,1.3359415378762804,1.564461542676652,0.030174390328368307,-0.11120424688348882,-0.1482284575381739,0.10231897653633018,0.07398101821464702,-0.021074879855766948,-0.08859494645863863,0.043157968195316185,-0.11912675083631856,0.07398101821464681,-0.642824230930214,0.5181764472522538,-0.1744412305080577,-0.07582851812807787,0.12064358739668817,-0.6428242309302135,-0.37605089211370857,-0.041362499967611266,0.4265803315181589,-0.4351005770213492,0.23995987977355776,-0.01858246163945758,0.09216036456886555,0.12405613273933838,-0.5019238862527828,-0.5667111925738896,0.43751209306262184,0.13157828077069278,0.7405765578631023,0.1872824887210422,-0.9036515079001916,-0.950336662862718,-1.1365309681780753,-1.2287001370667034,-1.2105752192552048,-1.041696022761837,-1.1120769905457932,-0.9038784462668596,-0.7741018286793996,0.014089549574479866,0.5894304106013251,0.07442155281630258,-0.92489051003583,-0.658455919918429,0.9708698144746567,-1.362069842146603,-0.13038188006656526,1.8216046393204328,1.1657855514962707,-0.7177587854955986,1.3139383678885486,1.0156662816243858,-0.3145977800749884,0.23638291217173357,0.8830920858920867,0.9939368568936637,-1.0924202776273202,-0.9861398540472217,-0.0595187645630403,-0.3578077177408888,0.02997583656377138,-1.0824309432607706,1.172391527592082,0.27997505467723915,-0.7293900380228271,0.5696126651519895,-0.24529668177337827,1.1035134942678355,0.9731859324628098,0.18054608748240975,-1.2081861731279342,-1.3445230298631348,-0.9585615360802783,-1.5765925362765376,-0.5603989423630271,-1.705105946465744,-1.2468298085326377,1.5541663458426624,-0.010820534063513076,-1.5155298719628987,-1.068030152531883,1.1918236704481608,-1.0905795984765458,-1.7938403308773538,-0.5654576586977633
2256,0.9091279420869633,1.311536756644213,1.0199583784260333,1.2636938820833237,0.77379919837099,0.429261503204049,0.40473095661050684,-0.5989015175166252,1.222976871284697,1.8221314996646079,-0.03918885284662973,0.6065064430963891,0.6818794181869696,0.7255629806790722,0.6894462654218262,1.6313878680925313,0.2063284350431182,1.404819840904734,-0.005922214153748946,0.6894462654218247,-0.2031271072082621,1.6890586048887783,-0.003771266605771803,1.0134913572987465,0.09621561259504972,-0.20312710720826185,1.3201583478702532,2.181770467988321,0.35979986130108693,1.2571294018140682,1.8440072562183931,1.1306206313243687,0.9415770660631427,0.8975814570971786,0.26304833531589433,0.09115184875316629,0.9710273984114264,0.7238634705749925,1.3144305482300187,0.8680920392912138,0.02955410321585282,0.009579052504383286,-0.16000811052786765,-0.5851148694976853,-0.605121117937214,-0.44022231220653457,-0.49872239032981347,-0.226167390785179,-0.07231512978415144,1.962500585720139,1.061795112583709,0.6647189656368357,-0.4467322002214426,-0.6667709304688015,1.2346265387915887,-0.646855084757277,1.7315142119664015,1.7700723806882999,1.1302267147043823,-0.7801465949650236,1.4919880352143284,1.059318923561464,0.4695243945076059,0.8825581026423376,1.1351420250064737,0.6056858830239896,-0.6250007030179279,-1.1225875627224158,-0.22477921128785133,-0.48901256235748086,0.10469214374790747,-1.1428667410488347,0.6716646587848566,0.8240365452200148,-0.638126893391077,0.5383233509917654,-0.19908820602243832,1.0460499032095334,0.6340364891216032,0.5063897306358072,-1.1696897330919802,-1.2204047185494773,-0.5146517120789221,-1.342216972469682,-0.546923569289718,-1.5597655942000217,-1.1435955646485152,1.532529273196843,-0.04258300935229267,-1.478010822821111,-1.1656682067888384,1.4041955955414347,-1.1343542260779578,-1.732081352181814,-0.2956583557615921
2257,1.2702996077908437,1.2071575211255394,1.24635566688187,1.1194797011701572,0.5058700870032282,0.8497731564391717,0.7853082637915545,0.595858409406205,1.5283429003151443,1.5728102810368592,-0.03931550949707854,0.44067409116923856,0.4821050864516787,0.5787693070890193,0.7209270303877359,0.09108225323613856,0.3289830006075474,0.5789356869473471,0.11370630199877868,0.7209270303877343,0.013139970740026399,0.8279731867637137,0.09333472212035988,0.5711425926280551,0.09839253102623423,0.013139970740026631,0.6870592025514418,-0.2830784595590258,0.9924256234821734,-0.36556909441762225,0.14447651620965263,0.6589600077877236,0.6306755167555675,0.6297081260826152,0.17162726559410504,-0.07798592516268822,0.8245928180398606,0.5722879377491046,1.1651110780705665,0.7117914913782016,-1.4595173853400163,-1.4439190907045159,-1.537867752916582,-1.7036675509052575,-1.7127622225934527,-1.5897334791250626,-1.6690847190376952,-1.5243928993965072,-1.4308163939498721,-0.4147492190162866,0.25433328929005333,0.4804993567866284,-0.3154431772119139,-0.797261760784847,1.3447210724457441,-0.4222102411142939,-0.09127538087247829,1.727737674881916,1.1033173547721455,-0.8373688429818221,1.4427310046792088,1.106510278242647,0.28964192658096105,0.7473149365712916,1.1056268434091894,1.6809364309517736,0.20350136800994686,-0.28919009463176615,-0.7623695443429884,-0.5020814239954466,0.7341374195053894,-0.7737888732877527,-0.1070778512927102,0.5002420121307526,0.7106451252927397,-0.39596491884032264,0.329483290755674,0.5149726534852763,1.543029160912155,-0.17662150940741042,-1.282313837766537,-1.5363599902308394,-1.6363175804649859,-1.2546689161450133,-0.5626511210228207,-1.3603300359195365,-1.0120999219066704,1.5007156706659237,-0.025938006012052556,-1.4319017694476006,-1.1628075475385053,1.5700695735874743,-1.1863476292833153,-1.7175547914807099,-0.1987945494699113
2258,1.0803376750895577,0.8565081469738078,1.1164791207478997,1.0878128220199452,0.4064473859668475,0.5665525984035414,0.9449805862692403,0.7384555210316984,1.998078978347526,1.499812946179941,0.07465246250674645,0.4223912892714731,0.46400691601448585,0.5589035121940398,0.6053782665658862,-0.3109799663551323,0.38895513485466254,0.2768811008465149,0.215122106847892,0.6053782665658852,0.13172534580591524,0.4567345708321537,0.16128567674632155,0.3956396216494246,0.11545936495183257,0.13172534580591527,-0.3817703756459551,-1.0336981330186923,-0.4992346275328179,0.11028006088467181,-1.0690671374307499,0.37499838029581783,0.5314023595170523,0.5076911170541177,0.20602951405306827,-0.10862925506907256,0.7716308640873795,0.5247890149371081,1.1254567771130253,0.6724339911427678,0.42549651061862015,-0.00850132332304122,-0.03739214728043846,-0.6727607399683618,-0.6772491679839667,-0.560850178885771,-0.642030953153502,-0.37946623418832426,-0.2399816044142372,-0.10649908770850952,0.4536394469316904,0.23913757391087,0.2033448643113185,-0.8774592919770202,1.5540646544332615,-0.13922548198360873,0.010217398681821482,1.7130042517764195,0.9979223047448674,-0.9208328049639201,1.3952264834247747,1.1472929437017174,0.27351642329339165,0.7259337177500349,1.0778219411890482,1.2915036180095216,-0.5225465869870943,-0.49753200127204283,-0.9452273773963235,-0.3678374680738153,1.10057655231359,-0.5462128801554106,0.6069015158882273,0.16270779631959353,0.7701869889931724,-0.9780157464425088,0.06961362941685546,0.34897012890363455,1.0926668682362275,-0.46929999488640783,-1.8724480770428331,-2.0137555343290887,-1.2534955389086306,-1.0718265440818908,-0.44128909805237077,-0.9553524579002771,-0.8280959421353284,1.4578969476172925,-0.020977654093451613,-1.4354925292115905,-1.1740667078092646,1.7171180871289522,-1.2348873127706887,-1.745976035739346,-0.30079381719175563
2259,1.0396378859888709,1.0362238001519288,1.1328482455195825,1.1512034424039042,-0.16539249898615557,0.331818178231728,0.019270501930994704,-0.0038090629655867514,0.38771735459035495,1.8085539925962955,0.4332792089399343,0.5087709202932023,0.5680401744707638,0.6309038552546997,0.5271778384128989,-0.22484047909377047,0.44954221676562833,0.27050701688093,0.3043381694166893,0.5271778384128978,0.227076199965877,0.37096871653972663,0.23082911325569186,0.4008782249835194,0.1448168834465406,0.22707619996587664,0.021499867404048717,0.5213444275891763,-0.13597728965823458,0.4382710029661971,-0.20722276090285602,0.24713909159305938,0.5504476067185704,0.5128722369493687,0.3325727347148152,-0.04410237231331268,0.7959922251447454,0.5612495896676137,1.1751867509800098,0.7333383589551582,-0.9210905326875108,-1.1940381794334975,-1.1761785192768428,-1.4896699553547104,-1.4904769328805023,-1.4096744199567348,-1.4908470158250855,-1.3437989102038883,-1.2548311189717813,0.15461571507279812,0.6072973919842043,0.34247418069767965,0.5968010373371598,-0.7743883126756165,1.8853906389763895,0.009396118462890764,-0.23422476317174734,1.7077633797044707,0.8847154374825185,-0.9196107981258156,1.3487251169560848,1.171613915669531,0.40021904646482503,0.8063967092799472,1.0532691668741965,0.879257471855026,-0.5821711298255747,-0.8542321614186364,-0.6922721643769453,-0.2599502606332774,1.6861079094714069,-0.25905659169301726,0.6421917701736262,0.5324848509404333,0.17126267777103885,-0.7339188794197532,-0.2562005807960314,0.06791976324161622,1.4218949291115817,1.9476888566610566,-0.23944633528750203,-0.3964195559212039,-0.9074006116094205,-0.7726181546485245,-0.40405333792732484,-0.4232051465439338,-0.9297356753424052,1.405146999467457,0.007440938386904459,-1.4137987858497294,-1.2158956296573937,1.8626538610121608,-1.223255392485568,-1.8214555250415996,-0.5421954000355022
2260,1.5493815055942037,2.272430556726454,1.782643874237984,2.242393152568087,0.923707595681925,-0.04178593527707997,0.6426393967999229,0.3750119335906634,0.2716031785654046,1.6995351843734174,0.6870825076572069,1.4992152103527852,1.5366515348406211,1.5930905057658022,1.51650155272153,2.5658201293577463,1.008912792305952,2.5248812934589293,0.5632490019042288,1.516501552721527,0.8529945063650026,2.349887904620954,0.6136825509424666,2.1561372066040567,0.25422420323786976,0.8529945063650021,1.9368081031384277,3.4958683069579677,1.3827752231209787,2.3583941630524956,2.885948717596846,2.2018698706996847,1.9166806084500765,1.8777461206689252,1.609340660286798,1.2206965873121873,1.7629539136396055,1.646255429746817,2.171530541402675,1.9317944021722206,3.1434932073362303,2.979422589557253,3.0124006551144125,1.8223057194529002,1.9632306973678375,1.9711702429684497,1.8488043502613551,2.431932939056145,2.685386188221269,3.1806395130125407,1.9166399134627192,1.789407140917225,1.2557117644864009,0.15739481262072097,2.5501182019633153,2.035897225592432,3.4540495548241443,1.5316008535408483,0.9798719594973105,-0.5995125356637862,2.027087673257743,1.934853475315055,1.3790674902339555,1.7318859093885848,1.5176273170127468,0.5147426830943064,-0.3685126771937375,-0.7232414603793849,-0.09229366061293712,-0.35881874636563926,2.526291095075577,-0.09169336671044241,0.4040827259157188,0.5538146347669314,-0.4659053479669666,0.522189760483276,-0.07869584469761379,-0.2843314908107264,0.5518843360765457,0.5824130058280634,-0.18744777483917097,-0.2532758420943274,-0.4024315924520895,-0.2724752922271666,-0.3390379819256945,-0.02241045498442028,-0.965026324274945,1.364471897908748,0.08012491295793327,-1.3794859765557785,-1.1704356030631156,1.997748982554944,-1.4193091667278896,-2.199117333777655,-0.7395037514336279
2261,2.3440572002117146,2.256387268981173,2.228794213848556,2.0762468524336644,0.5453449199018564,0.8050158376746805,0.4417574261313195,0.511051654778962,0.9957217147615123,1.564988400636128,1.4217744985569831,1.3519217277390232,1.3635811216772071,1.4603761788228133,1.5638933284532293,0.165209341503388,1.2898097748119537,1.2200478006470485,0.8381814581847131,1.5638933284532277,1.1257745010966163,1.0317490151392525,0.8769946218607922,1.4214356561733994,0.4015077088486506,1.1257745010966163,1.38009977598757,0.08346310045102161,2.1601009658255244,-0.6105561506411281,0.8058307972663123,1.3978968379332803,1.4154470396492327,1.5026790658694786,1.433513869316407,1.0606112328565274,1.594724556105392,1.4691796045908663,2.003515620547922,1.7610269482370082,-0.12830022710502553,-0.05960408154734375,-0.09594405199478662,-0.531593336661338,-0.5110670915587401,-0.4762658221290253,-0.5685848342326653,-0.2737737064075503,-0.13168980279181952,-0.37107142196102155,0.9656218255581461,1.4469116419141375,1.215913120287516,0.140793426340338,2.3353497987594602,1.8560340341355879,-0.20574059509507647,1.3879831565331855,1.0559695321822613,-0.28485089224877114,2.005755255126267,2.0590696440945213,1.1475324899707857,1.5588601321430549,1.4814096785021427,3.745941507994304,1.863861866866718,2.0640436395477444,1.006632006236305,-0.4497524911836348,3.877705288862749,2.0198615507849143,-1.6593063471018583,-0.9729728863023405,0.4625857575054834,2.534649873792171,1.7141358561980635,-3.2154316713136564,3.468223395774943,-0.7216918107586671,-0.22174952796517625,-0.9950469997056418,-3.718008581341598,0.061093828852417584,0.05728034328150894,0.2555428675134122,-0.5180775949043919,1.3225438532809104,0.3467895474073964,-1.3910156914204403,-1.1196905713907621,2.09196382697923,-1.494279575824991,-2.4932894345864436,-1.5527064891363258
2262,2.478657644777189,2.5765518305342616,2.5749614101846134,2.431568458255636,2.0238889410398215,0.37155683585651234,2.55418196633351,0.9333871400104479,0.9769426018508224,1.320845456747113,1.4442831024174367,1.6383108952166694,1.6008237412629926,1.7681425245014408,1.7516550131823254,0.5861563737565697,1.650988255235167,1.5810624180583082,1.1552183933009734,1.751655013182323,1.4482246855106071,1.2502504103498147,1.2107966345458347,1.75530257232543,0.5962401966795017,1.4482246855106065,1.185123475056165,1.0392796536017561,0.4891511495394338,0.07795610112104917,0.7766664229969855,1.6849659214573058,1.7669983361722073,1.7681423890571024,1.8442260863809399,1.5254395603810462,1.9271592118155876,1.842868325434313,2.3179801685441097,2.1724094544562833,1.1633039473633486,1.8465716534226158,1.8076788631282397,1.37280784967714,1.2877418179235793,1.2820111311320437,1.2151718584868174,1.6752704475827835,1.9066043911991637,1.1358704651034264,1.626488090054463,1.312665388912992,1.4580307838810929,0.7301061705470671,2.4268348354139344,2.9695107381575423,1.4824703653067313,1.1208770287821828,1.2753133903749403,0.08896173240067001,2.251732869640505,2.692805849973858,1.4616133356084082,1.7542219353152562,1.4400709387497148,3.03893280720637,1.0129565196644192,1.7030924137212091,1.0925830506233167,-0.47061544873374217,3.42911299859225,1.9599911782823973,-0.825854737528537,-1.2662757031140095,0.07816213306532001,2.5916549642219233,1.5126040681398845,-3.0645410543632456,3.0283311244622153,0.9360550643292372,-0.311389582430585,-0.9408083422209214,-2.8721875879875904,0.3739662729430665,0.27863542545218134,-0.36752222723754835,0.36274190109896476,1.2730923523847617,0.6095605055465917,-1.3471435523377875,-0.7626397305828952,2.1355080597650136,-1.6954269221819809,-3.2588662759646847,-2.056463581805924
2263,2.501791623415626,2.1593942942629583,2.269101537177234,2.134311925812202,0.7838568156619649,1.388299981982853,1.3015479535613084,0.6675847304613028,0.8591347877826606,1.4867470387758692,1.6516907644372696,1.268163793609143,1.1636160698461921,1.451150346099316,1.2875871083286525,-1.198203633203253,1.7197556468111872,0.28364565601995523,1.3947072048614446,1.2875871083286525,1.4164365447305496,-0.06928299702711063,1.3816920424812278,0.8527882047396433,0.7934321028403849,1.4164365447305483,-0.7478020386499062,-1.0156422809414163,0.2251703542048482,-1.0258851918950345,0.12295834724485502,0.45562201262215796,1.1034754691641089,1.1635017038077737,1.4267313971582583,1.1746203551161367,1.6263995823042185,1.5088817050730896,2.0233777701908946,1.8483695286067272,-0.7144608177449951,-0.21010197080049775,-0.2257777363241118,-0.41739081892033647,-0.5277212349554287,-0.4947398410261001,-0.5592963290194308,-0.29988488766535404,-0.15408223202266355,-0.7486377154794096,1.3332101870269415,1.2683244679753394,1.051432302185203,1.1815651661670405,2.3975157809428067,2.192151703274466,-0.9545747801309589,0.9557008389742504,1.409556717228657,0.3512048065323719,2.139949356110241,2.5440908148626717,1.0991703746215116,1.5013765619663295,1.4339195243074019,2.8984851218170933,1.713129328748266,1.4488027433725381,1.4932093826296537,0.24100915803517248,3.4552102908670945,3.0852574661920005,-1.5538139252728502,-0.38642712145264785,-0.6498594521636679,1.9929109188465666,0.6786250812855608,-3.7478114714455026,2.906559081611119,0.5348035986530393,-0.16191826674399667,-0.8506860508906784,-2.863150586745265,0.6270499108099142,0.6055121878255982,-0.14266620240458347,1.0672620374120436,1.2304237775419498,0.8712301864729332,-1.397767160465213,-0.7614048105224187,2.1728648236911954,-1.7704598692939653,-3.489785703681579,-2.741274342436755
2264,2.1065113184333706,1.973038746469357,2.248119219274568,2.138690845868866,0.16951091399874377,0.9412040127668936,0.9126942208726204,-0.0038726261148711344,0.22617969433431473,1.6172150068593818,1.3131296225379199,1.313268061666776,1.2051762836872844,1.4938779321665074,0.9196145350126441,-0.9662414689184395,1.7549904229032556,0.14343305250410823,1.5693974973259757,0.9196145350126436,1.3308378485858885,-0.2787537859589429,1.5181268746209828,0.6629930273375189,0.9856223204712311,1.3308378485858883,0.03459810656684761,-0.47756128205224235,-0.9587911322484929,0.21399566400572687,-0.7979292722809227,0.01013322142410257,0.9010560263604698,1.0461701206729914,1.3437419474082426,1.205613017750036,1.6194859081367818,1.4924205801213077,2.0107081186423357,1.8592167686194634,-1.0162137888081444,-0.4546899515526504,-0.44294310986354757,-0.491494127847796,-0.7396745738337199,-0.6985544268973063,-0.7499539326036834,-0.5393218910277169,-0.4060278644138788,0.09024240391951913,1.296577057980221,1.3619494528924099,1.1367974325883266,1.6372740502913117,2.2028793993889706,2.2072688934009728,-0.06728530659404129,0.7981801159029708,1.5683501123814267,0.5940314662741588,2.168744323691593,2.3972512985232224,1.0660010087904486,1.5940352844699262,1.650689090265045,2.4593281217202225,1.5003706046922443,1.3712534063548623,0.9857185962218379,0.9245567839789048,3.3140990220824027,2.376688123162092,-1.3670106874627983,-0.4675252781749577,-0.06403784806914864,0.03879711624406583,-0.024294457178541135,-2.2471200207656437,2.592270999383578,0.9087855297949832,0.4428516619075603,-0.2246994047737738,-2.469711300395895,0.7879224942517256,0.8271655571337645,-0.1851190309667603,1.05405930100802,1.1976022758173759,0.9304699377546786,-1.4991870025427587,-0.9035809852843055,2.198194676213816,-1.8840577336576743,-3.635832319770285,-3.326513562565716
2265,2.003792551372087,2.101278224492927,2.048376004268599,2.285105885197848,-0.6412458541641041,-0.2808256202447809,-0.3031662243536901,-0.5790819845217883,-0.7445483155684076,1.8375583514915466,1.116142650554256,1.4730921534305579,1.3604602187439794,1.651553101002302,0.8196797876541587,-0.2619727574744337,1.8457699579977447,0.46737445372439146,1.7203739359785928,0.8196797876541583,1.307144630377931,-0.03071566094350572,1.6756824263576042,0.8226007106521624,1.1799611174170752,1.3071446303779313,-0.4742115092971041,0.4694595885803296,-0.19678293259123822,1.1191538693726066,0.7906584373274448,0.41198749843315563,0.9409336979814448,1.1245336385374478,1.4584646643019448,1.4220624973028801,1.7694620286287195,1.6431682137313195,2.1316614340333717,2.0383557559559704,-0.926441667626884,-0.7970262602942377,-0.7282610249619436,-0.8063726589675975,-0.9966339883032056,-0.9704616074981475,-1.020905260692931,-0.8513669686829217,-0.7351451200691052,0.6104012337255358,0.26824582149008686,1.5286422350955475,1.7631855797283782,1.6210724318896124,1.9024613605409901,1.873456863135406,0.34281034490842904,0.6949880201231967,1.7716933584163463,0.8571963236276563,2.1143774057400457,2.259688348212122,1.4288343746546042,1.8634835390939077,1.6956793659966793,2.031489765819979,1.4083864208961867,1.5528309236538846,1.0578079518760664,1.6147053175037844,2.9315021010613673,2.3203812120823653,-1.3044431590041856,-0.7944764307163393,0.017198488618205495,-1.0442325560301728,-0.5924524356518075,-1.6210506613964828,2.242629605120034,1.0138560789243631,1.3597506851422771,0.7375285202267658,-2.0961353499737134,0.9108945594273063,1.0435592266211637,0.03336003956964746,0.8670954026124161,1.1752775124504413,0.9251258520845591,-1.5409868652281624,-1.1745822098595315,2.2499789237841665,-2.0003363396684706,-3.56465557544644,-3.6629225910838152
2266,2.284351092814183,1.9340067151461418,2.180438577947781,2.025050814485652,-1.0838193846755504,-0.19566893663330606,-0.7671295613865591,-1.3461958509486291,-0.9196166012461324,1.8677731700395388,1.0698443848798165,1.1237110855977879,0.9516834404328414,1.3527633235381746,0.3837966080138108,-1.1885339124546896,1.7490546581875241,-0.36276384086797675,1.7851928561500527,0.38379660801381116,1.0857361529257752,-0.826802698371477,1.7026978200397966,0.1604457230418645,1.3459681904268834,1.0857361529257734,0.578654503226764,-0.38980642822872946,0.9370780887872987,-0.6907171629209264,-0.8131202213261571,-0.22190903696611267,0.44489167529066176,0.6205489640301453,1.07003142909186,1.126046428690826,1.4957718813774188,1.32472272812485,1.8702726079315588,1.748129100062913,-0.8917949730461395,-0.8049083878334363,-0.7525224696833218,-0.7765779536083337,-1.0066541925990278,-0.996734495052461,-1.0555917496306393,-0.8941620807909306,-0.7907202300955742,-0.6476374513783512,0.15830333081765408,0.7728432999360869,1.3768989311085043,1.4808205332511915,1.786768609244951,1.490451953666826,-0.7308996917679181,0.7668218655880602,1.8729799143585213,1.0872348278779422,2.021309278159924,2.140005533326339,1.1117420294660258,1.599454718929539,1.6524372231910271,1.7724331874971857,0.18937724549579216,1.8909580903871925,2.0050706408700143,1.6950471427271905,2.415215320668786,1.9809574908109564,-0.058540549761857213,-2.2340770594044606,-0.9374241419423711,0.3889436223962217,-0.4643764348207327,-1.134953889729739,1.7765486314660046,-0.18674070996533923,1.4739886386307905,0.9039301409313266,-1.8620620850132648,0.9689936510339416,1.2687197185260515,0.333842847478397,0.6864000239034213,1.1519252257467782,0.9136874885650984,-1.5936293421057863,-1.3682729996833762,2.2787446829113462,-2.072186056748039,-3.335595311991642,-3.7370089784017546
2267,1.865536329334513,1.6502361480633672,1.8842629404854723,1.8444445862952703,-1.8228167518929423,-1.362260959095077,-1.486601213661113,-1.8990178874995456,-0.761613631274762,1.7528416847031119,0.6861294619530711,0.910891115692892,0.7114294856399914,1.1622896941657481,-0.06313525786874692,-1.216839205546786,1.5752624928212138,-0.7166576162710474,1.7626980966038734,-0.06313525786874469,0.7930736143934377,-1.1423838840178544,1.6497939786855853,-0.23457024526543238,1.469316429939304,0.7930736143934378,-0.8035872551803743,-0.7640271938015777,-1.045959930902299,0.06126103945902743,-0.9002006340900495,-0.40678585381196825,0.0762132235334812,0.25117255723943355,0.7923392673413234,0.9318393014388636,1.3011287535581082,1.087280116835987,1.6824297136954927,1.5491772183112442,0.6406546619374702,0.0005898501780895887,0.14694928002095187,0.1995675137559798,-0.20853950429146062,-0.2076067326164234,-0.28633152194965866,-0.04844686282687639,0.10456959018503845,-0.4472034434229122,-0.4617669544569108,0.7585188199039422,0.8354149422816914,1.267133528815868,1.3936780763473824,1.3084787524493242,-0.3441985889542819,0.8513225762844595,1.929076003653035,1.174051380295941,1.9501819234563167,2.036787514221582,0.905007260903031,1.422364069237324,1.633953765141281,1.4657680083936755,-0.4237970524946163,0.7116584258987291,1.5789050694037858,1.550570945367159,2.187644549771696,1.5720183742694671,0.5535609358053529,-1.2316962507088194,-1.4523080581039964,-0.08084187119345165,-1.1192722570380242,-0.728525289876677,1.393281139907079,-0.9168799390409407,1.2180673621247735,0.7275246014246295,-1.6016779320054075,1.0510854149410902,1.4552405538161828,0.7400831819132438,0.4672711139163054,1.130675844388385,0.8848248766402061,-1.6198735756741895,-1.6687892712171626,2.2931682948966183,-2.1292255088924437,-3.1576042269625026,-3.7795431861770714
2268,1.9580127035371828,1.7882698426950774,1.9974135888809554,1.7715076866446742,-0.903881685875547,-1.559551700220934,-0.22439177111224418,-1.0252263107001252,-0.6179906061351638,1.5947931106121997,0.8975122399384358,0.9046962786167183,0.7195360607597914,1.1377729080243835,-0.34054940636980763,-0.7552669619368247,1.4137833178770296,-0.6780489324525033,1.684825480577778,-0.3405494063698061,0.5323014846648213,-1.0675271417859895,1.570174273563632,-0.3465079285417223,1.5497835351100178,0.532301484664823,0.5267911343168286,0.5253223292769859,0.37868726100471156,-0.5191507993004995,-0.8088318924036251,-0.4271661534388447,-0.1141169123176773,0.11881247732570695,0.6744899972526355,0.8907564570379437,1.2254325474197714,0.9798272628662416,1.596414446650627,1.4794678897290354,0.04685691611484551,-0.47424927875915857,-0.3447047942458921,-0.3260730149225865,-0.6392561231710575,-0.6092716477055421,-0.7027230767992555,-0.5087280004047678,-0.37696295675680136,-0.11314478074816219,-0.21250416053780627,0.7546241623307168,0.955625611269306,1.0072796301375724,0.9516376897851344,1.7582483386529797,0.06604525876741435,0.9816169598477371,1.9529317313780785,1.298947136476142,2.05699054083463,1.9415317151770728,0.658112364793858,1.3845922699494824,1.9533117286280357,1.1533872670732737,-0.8679844799638529,0.5040251519722285,0.7923598095665176,1.2871181366537165,1.6046499041161073,1.3543651816584208,0.9868893087820239,-1.3330710429787063,-0.5986720785706958,-0.9748404519025768,-0.9940443717413544,-0.691785856608044,1.0938225478178292,-0.5251377890955129,0.9797504360807687,0.6032533259938543,-1.2141758354915122,1.0317948098112708,1.735849487179221,0.9111194412783103,0.4175769877099556,1.1158994131529578,0.9172365662374712,-1.6667889211645557,-1.7636995244785283,2.2685846516470134,-2.1879558463355395,-3.1265975890795534,-3.7027096720747332
2269,1.756508784338707,1.616115327785325,1.7425114338385566,1.506761721039433,-1.3369653044530114,-0.96417980579548,-1.0696655036027307,-1.4590531593523803,-0.5439577215649597,1.4624562235677687,0.742734339258405,0.4553257733958811,0.17317408505555335,0.7679703286340264,-0.7578541688645497,-1.1209509966798417,1.1542235460027481,-1.185347666686381,1.5364652380592205,-0.7578541688645462,0.17302685851932778,-1.4476073713089683,1.4029711283562638,-0.8548568421039695,1.5733206777398248,0.17302685851932695,-0.7217043458007699,-0.44291813848723605,-0.48420693929349096,-0.8544471172167385,-0.44485652509609,-0.8824233171428256,-0.6132624438117031,-0.3206073833259863,0.30027477519243245,0.5676025946087603,0.9311389940102222,0.6423740440645992,1.3311514617294733,1.180105385067532,-0.4332128719107801,-0.9012624880552211,-0.8079558126498417,-0.7600481066722201,-0.9748013033384998,-0.9465008573514335,-1.023954673188347,-0.885409970792506,-0.7780236318054135,-0.8328122203087027,-0.5682743020961707,0.48351988457079226,0.8016545988408371,0.8388758436110143,1.049574024419326,1.582283109764694,-0.6674458536921362,1.1373304873974408,1.9286489979041204,1.3097372368796443,2.108844790464505,1.8826967332007059,0.07224947847016959,1.0626277333387246,2.128770949215384,0.856291522263941,-1.0395677336875093,0.47031203562804236,0.846472070308404,0.9461931217998919,0.9350243620492943,1.781414585639209,1.14145391708942,-1.4265202285935492,-0.7015798254031264,-0.2735694427606006,-0.6685398103466677,-1.6855938024986734,0.8217731669566383,-0.6117631823839547,0.8124828884817124,0.5191646079538557,-0.9504372185837955,0.995386989799864,1.8152432029748284,1.0045453104445705,0.348036453533236,1.0971071361333176,0.913624278737207,-1.5543849265889396,-1.727612014115776,2.224040958140617,-2.2212920316065374,-3.16312767775755,-3.6419210481647113
2270,1.4622717316577045,1.3839749976472258,1.6382680031586099,1.5985538442306684,-1.780239031015434,-1.3858710881258942,-1.1928861373245694,-1.54772044481652,-1.1056340252686885,1.6748409396329804,0.45260067400695614,0.6336469283826375,0.41174048252167733,0.9053171953070517,-0.7430270688100781,0.044268896352488415,1.0366921212090654,-0.5282948473988721,1.39502431210673,-0.7430270688100747,-0.01529946390891788,-0.7508920765407004,1.2998145055884136,-0.516386654051024,1.5658850704015237,-0.015299463908917302,-0.27943400711473765,-0.7169427977560029,-0.8622275448082248,0.5994659037203782,-1.2361110002906854,-0.27119845359529104,-0.3770518785198127,-0.23436645624810748,0.3466529969378877,0.7232325646127926,1.0223457110479408,0.7246291311870652,1.4098345630367437,1.2948942572443707,-0.9957697498474849,-1.1435293759439287,-1.21905451359475,-1.202883371227985,-1.3376935411282131,-1.3108687111830717,-1.3533555888063307,-1.280770316470438,-1.2091208615024747,0.38515329560135636,-0.661698727148642,-0.2684609678872842,0.888744937726897,1.4272869927855916,1.1263138987324541,1.2886225134394487,0.10349739927190588,1.243312423154667,1.9235343111375192,1.2946983642162322,2.113844603331118,1.8020028818005955,0.20934610943822637,1.2283545846805666,2.2367820989407177,0.7041296700700879,-0.9744271290304368,0.0196529689859975,0.6472213497020818,0.700782695844478,1.0247592638297813,1.641236289912158,1.0603173412432318,-0.8028753250480308,-0.841729818013226,-0.17199872865399823,-0.7083064383957285,-1.7591255644618933,0.833871996195117,0.08457940472556744,1.332673210247621,1.076253228908697,-0.8341289690182085,0.9532569647340119,1.882124157485383,1.137405713088995,0.3030018905555821,1.0768193405213058,0.8803833858044174,-1.4069102507501126,-1.6986314792852264,2.204441493711434,-2.2749866242798324,-3.0296711764854747,-3.5053351982249406
2271,1.5450531383058368,1.661499915247645,1.6450752482467432,1.824968145851776,-1.9099607249965733,-1.9372313910935097,-1.770296893423015,-1.9092115627016286,-0.8130009263794031,1.6501514442146312,0.5006880241836787,0.9609929861618848,0.8119314357647477,1.1793766308373634,-0.35807046904311013,1.0407380631667489,1.0923899535544714,0.30796103619976034,1.321422664969842,-0.3580704690431087,0.008854730242908863,0.0957656473130805,1.3005169362094706,0.07056768073515177,1.5583800543444548,0.00885473024290989,0.11233225991772433,0.9828751984073153,0.3180542143840898,1.194825845237146,0.2695258673569271,0.5146043031519835,0.05421635330819984,0.053252540145937804,0.5785274140503048,1.0647998893510338,1.268490445178972,0.9728851519613313,1.618300259831016,1.5685479038020484,0.6837088958949585,0.3299041667821909,0.045191970491692504,0.2522698586447863,-0.1472655787887258,-0.20742708011977581,-0.21269698789241254,-0.08210582811686185,0.05637901252512417,0.8987002963938118,-0.0648931913771901,0.06250287192501792,0.6299467242760832,1.4533281442450767,1.2752279663788741,1.2187576898465646,0.9349175712357162,1.351001902743446,1.9446316927899752,1.3716770411913362,1.9619386165032613,1.7281785690942566,0.8567186356588443,1.5795539957504001,2.0306828103288703,0.4896441579600449,-0.849164313566124,-0.9837177137241723,0.7573189300592826,1.4188565698509956,1.1592688974817456,1.3406046773029963,0.9126685287545416,0.5719302261027632,-1.8707439448547596,-1.2980758316504246,-2.0609466027279493,-0.6427038814654756,0.40535645957571614,-1.1729792622446389,0.9717698212279493,0.7775856408015724,-0.6325504484631237,0.9303772043153313,2.024230087624611,1.2064713822775115,0.2534827541164638,1.0579431792817293,0.8465693939691773,-1.3566265571365672,-1.6465840480465583,2.206250532732791,-2.321318001964536,-2.9079691447403766,-3.3655670453324977
2272,1.785649809351581,1.7640371789240425,1.8242952388796536,1.9351323718018776,-0.4733276058350422,-1.624479129300534,-0.9509020736402921,-1.0790000384065217,-0.013744008667761562,1.5327692763820413,1.3665977399570102,1.1403761277454283,1.020614839126431,1.3300085574474612,0.009916902865514363,0.9831957894798941,1.1946665957642078,0.5519750502776128,1.3093694203233626,0.009916902865515163,0.10341119210547474,0.3717165418104688,1.3420016582910883,0.3203887895454302,1.5604491043327975,0.10341119210547255,0.761495293743325,0.42515877215246073,0.865204375383721,0.7387188998434038,-0.1849038108886382,0.820172869081408,0.3431998588371621,0.2776419294203075,0.6939759751392622,1.2333640298363022,1.3932081720777345,1.093925052085829,1.712891219255997,1.7076948272782835,-0.3214343419686832,-0.42162244894359896,-0.641167373807632,-0.6988498881803182,-0.868639443356719,-0.9644667859849771,-0.9686831959451542,-0.8852932105020331,-0.8138567720211136,0.5327563596233822,0.3261550911674622,-0.1124980755907895,0.8576247882282797,1.1358013864301377,1.2912482937696934,1.334011203240983,0.6837053494120996,1.6108311945337568,1.929757884396746,1.4768475089772872,1.975781686794652,1.6757737740135588,1.0778802271885257,1.7671539602307162,2.121236645766862,0.47769184988701857,-0.9561152674645721,-0.8256733030097374,0.4111009341012837,1.553887222614181,1.394018269992663,1.244997169703974,1.0203496358078425,0.28514209430420273,-1.2863053116228154,-2.0846653041402265,-2.063493780832155,-0.3692802958553623,0.2644400856691602,-1.273314946707487,0.15624240194062844,0.0031165117774448504,-0.5106263623294477,0.8810845764950997,2.3360160391777574,1.2398411886044804,0.19945087897724903,1.038025800454986,0.9099172549325774,-1.3279652283752619,-1.600472083890791,2.1993099317794376,-2.258354572050677,-2.7992991748594385,-3.196099434694246
2273,2.00226719347894,1.915477092180012,1.9730440839476913,2.013420914033713,-0.4553839951851976,-0.7014503588487305,-0.3767734386946749,-0.905009143820336,1.1789833845584525,1.2665430139298448,1.625891706914887,1.2754404469604392,1.1716463146891862,1.4451415425385135,0.29207482509030913,0.7514263146959486,1.3082990925677533,0.6303465643496043,1.3421601867864539,0.2920748250903107,0.22277622740079037,0.4665781444715968,1.4046033414546086,0.4630807642915472,1.575270823020528,0.22277622740078898,0.6937631435230303,0.6172795376042753,0.8368189777902477,0.222875856817718,-0.20357024486856476,0.9486656106537622,0.5231146358965741,0.4303204380138733,0.7561244338137896,1.3240523639079433,1.4836521087479864,1.1833622764331027,1.7770356443901056,1.8087050280987507,0.3196547609339343,0.15247302707218421,-0.15864996420296204,-0.21870770702348788,-0.45498567225518705,-0.6440889356433355,-0.6275499697525788,-0.5230926825202908,-0.43494425544374204,0.4429658277647497,0.5505047186054083,0.2155282526489247,0.9859216775363497,1.410345690944446,1.4465625588356061,1.620266200275791,0.7965136112077823,1.8130052287229461,1.9337790876496992,1.6146935865691858,2.0515155611383173,1.9224121321273897,1.1396789885954197,1.7383145164382048,1.9929911202963175,0.31561468186157415,-0.6709867558842054,-1.007707214089653,0.7058464301737385,1.1953215287640098,1.4456438709600314,1.3507276796590915,0.714221279583746,0.7553609195014748,-1.8207707919760026,-0.9914071076881692,-1.7968565785147024,-0.9111486666349158,0.023261087740071688,-1.6754210095175281,-1.1090053670372293,-1.199985819992453,-0.34810915481315235,0.7952834834416694,2.4988301705728238,1.0691142591315788,0.14912571570372316,1.0103947463177867,1.0123942203817693,-1.3971964769162792,-1.557069268966298,2.1749742089069097,-2.2088694466560197,-2.718133907565241,-3.031165975312666
2274,2.0360138108883525,2.147768245784134,2.169064424672756,2.2283804573203834,0.0060045265602188015,-0.6332239471372212,-0.3094779583230111,-0.19548771770166662,0.7935185835936918,1.260821297482856,1.5287716235946402,1.513205628324615,1.4067960739378045,1.674300172505957,0.7047197962822773,1.1076489792300726,1.5143772319959679,1.1258089711925798,1.4385697538295723,0.7047197962822769,0.45732208974045235,0.9200190646590785,1.5397492018512327,0.9197178855043373,1.6179359276631458,0.45732208974044997,0.917561371746276,0.9338659227072569,0.26060418275316233,0.9752074235255564,-0.01869327769185818,1.2271608515469288,0.9328546746788631,0.8360054572149115,0.9955314439737964,1.5917435000473859,1.733806979358609,1.4565794034287243,1.976582777320516,2.0713764321403003,0.10150351314602003,0.06814338071485039,0.002674016109813833,-0.2921095845307752,-0.41059511404476373,-0.7125518816352708,-0.6906153281264849,-0.5928316582779415,-0.5151545312333505,0.9847466213591446,1.2871597914745776,0.4511193638089991,1.1786228381179242,1.7130541360093159,1.8148234324639214,1.8213665992027803,1.00878979371549,1.8484492483686883,2.0134122377913077,1.7896056537593086,2.1944640670539584,2.500786156828568,1.3707259647131826,1.6920749112505054,1.6068952994039853,0.13673446646567772,-0.30817612775907305,-0.602203515556091,0.9455099563316602,1.4995171052794252,1.6649592620345695,1.6449784403880734,0.32736373500725263,0.5305546443188056,-1.750145072017499,-1.163787781337545,-1.8338046393122673,-1.0905503655902995,0.2289942371097737,0.4997213148076482,-0.7686509459527037,-0.8002207570938132,-0.13531647384964304,0.7438607270414045,2.4157529438666345,1.0015127780019717,0.03846554138602398,0.9773228141964189,1.0646759518123803,-1.4371917155320537,-1.5250363065088122,2.1498958430708317,-2.201241022790032,-2.6258709561086526,-2.8728487880490987
2275,2.2445058719431294,2.123924498853199,2.2798081365289438,2.0631581071020144,0.29697803534458767,0.19316904144509744,-0.30054030639357426,-0.04399407980738703,3.1499527084467056,0.8515914511531101,1.1513797510455486,1.3145648483009051,1.175391722043785,1.5008519726479814,0.5775420243555972,-0.3399492212884808,1.5394380958108238,0.2399008175754553,1.5101251998430683,0.577542024355597,0.4757172015156322,0.07548372308493378,1.5769188848227098,0.3646479669483993,1.658981154515804,0.4757172015156317,0.6526713196914552,0.07988382880324457,0.877406138834921,-0.533300697303489,-0.9271722881413541,0.45031967374925064,0.6695865324926158,0.577863079351383,0.7156691625360011,1.3154295040517054,1.5389342277253932,1.2420978353008085,1.8001096295135777,1.8837180327609855,-0.28634578046783066,-0.14704733205098805,-0.1358059361645254,-0.4699125995136454,-0.5515588152046067,-0.8380677311013502,-0.8050751481953996,-0.7277311066770205,-0.6644044483635695,-0.43028559686461476,0.9486745668341268,0.16377245432773876,0.3006876803050816,1.5715713516475494,1.7698193579457375,1.6944769277819278,0.11231333808587404,1.991192488015523,2.0239792639709115,1.9421854610215061,2.142945366051875,2.5983800521680886,1.122346667608538,1.3980554640239324,1.361188565627538,0.21658059697167864,0.8775966312143253,-0.19179054894890452,1.2761040141847488,1.9342882713070075,2.16203550025305,1.8693879334623422,-0.8833991593809255,0.9530515852959816,-1.7798996166936982,-1.4543132222699122,-1.9984956612438205,-1.0256995798748287,-0.3672947894191474,-2.7420355066028055,-3.1532841141486125,-3.1665252611842094,-0.19287874742463262,0.5019457901539064,2.376713285556625,0.7014259967301272,-0.0098684819187205,0.9344004059568968,1.0698855794499793,-1.551391207568011,-1.494403086729921,2.1082111672940265,-2.2009424401427573,-2.6164181207047115,-2.7360401306114666
2276,2.26837616325661,2.1153508511324177,2.2181701861777814,2.1427705499564897,0.08234748765453499,0.3884607993465011,0.061652508307862654,0.4751772464930201,2.5688321922557718,1.1628629177265557,1.666392064973415,1.4337482179980423,1.3014974051641572,1.6090667027315952,0.5915374765385701,0.03981869994950688,1.6043593793699642,0.45887427660926466,1.5798251762720108,0.5915374765385696,0.5381806985480002,0.25199606004733033,1.6369596520389875,0.5236319338786133,1.7041913417395234,0.5381806985480023,0.017129116619699895,0.13937454221998413,0.29430821739546326,-0.36066751317549,-0.7037242371759994,0.5263747343549517,0.8224000470440719,0.730180522561179,0.8055016051467913,1.395332275637379,1.6338412764133912,1.3526657597148068,1.8655758690799245,1.9838196838598279,-0.7521615310732875,-0.8237474450857404,-0.7797146657291497,-1.028809137039206,-1.0190954001052634,-1.2476237657800893,-1.2298595248081703,-1.196902046328073,-1.169801143945822,0.48760332608364176,0.7831813015517737,0.4786453573983607,0.5023939377704069,1.1776612062111151,1.777740353455632,2.6163910154737056,0.10438600758548058,2.15203976152978,2.0303311042907883,2.0762739503381464,2.1073843151264375,2.6757718082969966,1.3500508314750383,1.4385497122640103,1.1457915021061864,-0.03288684302620189,0.7116685656175311,-0.5663444464879933,0.07945782964269722,1.822102636639637,2.114585132907126,1.763311099643729,-0.7328741197945121,1.284915870325802,-0.5920034410663038,-2.9650258001228007,-2.0715761001287576,-0.989156155251368,0.06889933317903173,0.5304126449274597,-2.622076796222278,-2.5841629345974737,0.038800918375524344,0.31316739339254246,2.2765809627391342,0.5238200516806459,-0.01560279975289458,0.9041757699250951,1.12156183995807,-1.567639030477965,-1.4557281762962182,2.0592296441308138,-2.265019046243719,-2.6409933839656414,-2.5978638757920804
2277,1.9161738245864517,1.8581111900586285,1.894461362860474,1.7637804837385593,0.2120357596049056,0.3531541747179461,0.5563764070478319,0.5967972145765501,1.5399088873171711,1.1249918291587984,1.9916707654218657,0.6545625214488183,0.3696124559143683,0.9797647529955448,-0.050222482898098476,-1.6902619564750363,1.3993198979538652,-0.9800132631420312,1.5496002196928331,-0.05022248289809896,0.261259920472815,-1.0908122756871237,1.5244824548085407,-0.5586097465475217,1.7109846702150433,0.26125992047281366,-1.1133823961340186,-0.785845340000608,-1.042769363738819,-0.5658268904158884,-0.29918195153232646,-0.6379959094780818,0.07399363553592497,0.11344140597023832,0.23696949902091805,0.7938341580757903,1.1685572642883695,0.8429362303596004,1.4706127810197733,1.537707383893706,-0.28897793434517305,-0.30616413876639254,-0.37101691776140394,-0.7201155782092911,-0.6994678765651042,-0.9882208850869472,-0.9741521122445531,-0.9265485703478777,-0.8850142940601733,-1.3213578914728616,0.034226587077747485,0.23884486683443357,-0.07449490544550406,0.9369663537374092,1.589700831486787,1.6490316094772628,-1.264261311382485,2.388400706211148,1.941145411711252,2.0374011999932056,2.0790883319111786,2.6530054473475113,0.5953466337748982,0.8927249046882682,1.0562617641336436,-0.1736028952022165,0.4621140689174765,-0.13887016446705225,0.149693066662939,1.3353447245328334,2.0897517882342025,2.6715775900997687,-0.48787945363986,0.5415628381054648,-0.30722924682570885,-2.0018604930882162,-1.3507683608182406,-2.96142348825445,0.06466507047512705,1.234782007630462,-1.6110512871100469,-1.5456561642353772,0.18823982605080902,0.12113283813979944,2.1405133114067527,0.5347512660468929,-0.05235080079768964,0.8799848321695486,1.1707537466282416,-1.5256638252891408,-1.4171002738840623,2.0193591821815953,-2.1121044810612783,-2.6275532499402003,-2.577986839473623
2278,1.8218323571630084,1.6689394825187034,1.5651757011054428,1.4630167259831948,-0.1492231740663942,0.19358679617600968,-0.226218438859808,0.1943159491071716,1.2692166145405976,1.14895110159256,1.4700508217552684,0.09281371340307115,-0.25053296653489776,0.5010782264426091,-0.8070334365819984,-1.936137885978254,1.0693706542488464,-1.67554341085203,1.4106186664065041,-0.8070334365819962,-0.17676794312952696,-1.6979440205969643,1.308325795210267,-1.2647882411575542,1.6637330009660514,-0.1767679431295245,-1.2464954624916447,-0.61532166325906,-0.2382495155652728,-1.5588102007354427,0.6782529033840855,-1.3638692481912245,-0.5231348367361288,-0.3986946437013944,-0.23425893642669007,0.3023328784948479,0.7790181616487889,0.4269578815774038,1.1506092799078937,1.177978600960803,0.04724352922843227,-0.048322482220666,-0.18929480946502797,-0.538764653154044,-0.5381645766192825,-0.8601786814663458,-0.8381514445635053,-0.7998941087378985,-0.7516620326652957,-1.1620622488740306,-0.5979088614306574,-0.04638972489276063,-0.1585490914588281,0.6654836265704777,1.5233707136882835,1.739509199061982,-1.1690172242091867,2.478673723440902,1.8588048189584303,1.859780028793422,1.9854101107471216,2.7102945795608404,0.0613750817629248,0.3679608978678951,0.701780874589199,-0.08372476774000541,-0.3733920271180973,-0.45233713278400617,-0.6252817547212005,0.9768522387133892,1.838723832157383,1.797527964070393,0.37604270257631883,0.2694311992684946,0.39547621616315964,-2.3852015312957167,-1.167617387810353,-1.9207765300035138,-0.014080554711276163,0.2794773646784736,-1.3124173775629493,-1.2800367983404468,0.0719142326617303,0.09286418644298892,2.0069644519131824,0.5187828710580189,0.047813095772180444,0.8562025176584441,1.1700713599331445,-1.5166409450203282,-1.3711362477033866,1.9676105773432493,-2.0668536478000084,-2.5740876786364475,-2.6029868309773763
2279,1.359536761033646,1.3628834109308356,1.4523154244112129,1.4577280366287608,0.22830083999013387,-0.3640615870444588,0.06816172637814,0.3002374455827754,2.0835055778919878,0.8170182217460239,2.8411898612723836,0.12390307615887389,-0.2051969498804959,0.5229523806196577,-1.0785518580287965,-0.6963998544983439,0.8449169884348353,-1.171415281048112,1.2400222058574222,-1.0785518580287938,-0.4760409509857975,-1.1551978206410993,1.1295667891143333,-1.09489836888236,1.584558713773924,-0.4760409509857959,-0.48354226479641815,-1.138578792144831,-1.6150041817861955,0.35884508083066813,-0.6202910235624145,-1.0095114528935911,-0.5925434910740968,-0.42209566889433864,-0.2987645527090632,0.23758642494088356,0.7393404580825,0.4034736818604361,1.131496387264078,1.1672467286287722,0.16218909324951986,-0.03384985347742331,-0.06535287429256426,-0.5456756080490859,-0.5160251403410588,-0.823905580454832,-0.7989328342150902,-0.7813818386455363,-0.7355427145808312,-0.06562956189026252,-0.9902155368075547,0.16378662877239966,-0.19396387700167075,0.6130893161938294,1.6897097133023407,1.4212473668922168,0.373751929833609,2.604897674031879,1.7544817276027056,1.6726821197271178,1.9213567662918227,2.535275623261169,0.09001195137691906,0.3997510585597771,0.7204525164851507,-0.08680866357065478,-0.8050370693604145,-0.8483469014503513,-0.8747209700150732,0.5991644644454743,1.720066026720421,1.798766157926078,0.817996910150651,0.4232576910535962,0.36835311228969836,-2.0525279166521915,-1.0229634040657758,-2.2520512873349894,-0.3064805267862014,-1.0014564931967722,-2.133317969750634,-2.091596401631363,0.10345910481118453,-0.19241863128545242,1.6980148134274586,0.5059090757974316,-0.0132743697963621,0.8222520417736984,1.1831564523719529,-1.4868639052204522,-1.3566602606084628,1.9196980182724628,-1.870575006922524,-2.5846999510366655,-2.635216946416725
2280,1.5673277466316942,1.4622725475548377,1.5815679562354195,1.576981914131614,-0.12080269220447963,0.20389079009490155,0.042169248658991326,0.08344781986528617,1.0761971147090714,1.0412788614817474,2.7664037114182243,0.3343283329021736,0.0677639864416926,0.6927901521907615,-0.919124802888679,0.4127301970872822,0.7690793128126431,-0.4304136326439912,1.1014386033107582,-0.9191248028886755,-0.5763756416200158,-0.384112176974738,1.0305459772208754,-0.638846249765585,1.499947407603369,-0.5763756416200124,0.4793914180645654,0.3049699588120587,0.713857875985892,-0.011503752622381846,-0.8400473776198858,-0.37048405799336986,-0.41146270277719693,-0.2368005813977621,-0.14073164429202362,0.33741897745314114,0.8551220331178618,0.5675627131037332,1.2427217793435452,1.3070060004610278,-0.5318758643864389,-0.7837713466971447,-0.6945612912124954,-0.9449421839840842,-0.9994078536090787,-1.182762364550661,-1.1662278153300913,-1.1804827061666028,-1.1641722976203461,0.4304501131237114,-0.6716803307154995,0.18108862939687312,-0.2392023928389502,-0.06286088186049132,1.790245859392887,1.3425742590649565,0.19236007164587773,2.7381803545986005,1.6446182743004183,1.5487297207706157,1.9143047948888798,2.3861389019391672,0.3076581422822587,0.6139584715552292,0.8540596469816154,-0.3449040471878474,-0.6325868744534087,-0.5930716411858565,-0.9596632197467158,0.480271173240096,1.8831726371640718,1.489466558173205,0.6209519942149211,0.23956250806970084,0.692835714892306,-1.9139625051162152,-0.7695052005218439,-1.864952712466862,-0.07942938359672058,1.2076244019160831,-1.1716282021682811,-1.084935809810823,0.33343071888069614,-0.5788676819898217,1.4998830177144398,0.49206394877884047,-0.025391645199519745,0.789841463830184,1.1980349553713037,-1.4278851084262971,-1.310773565923855,1.8841376990348646,-1.6600863199604607,-2.558152212023957,-2.591710404723875
2281,1.6508781125155076,1.511888809625424,1.578019879277263,1.4769111187109425,1.448733477027739,-0.17930316297951704,1.0608353529777368,0.4947590740619908,3.3267519144986863,0.5160094375209349,2.0938052091851347,0.1666482719386423,-0.1277635750333831,0.5550044263524638,-0.9298639556458806,-0.022634588937412815,0.6436374051713508,-0.6841985903808725,0.9664053324096212,-0.9298639556458772,-0.7178456379074691,-0.5402479401824859,0.9030172445404665,-0.8378528645244633,1.4050460514897376,-0.7178456379074694,-0.06456289826037931,0.10804599814107513,0.2718075484674347,-0.847722495196919,-0.5481084224026397,-0.3140029568570565,-0.6264688435061647,-0.48130567261925544,-0.3052750400562243,0.10357739695113743,0.6884841600888518,0.4089133414258355,1.1219059614845992,1.1821131954139987,-0.1567247620517883,-0.28627817790086907,-0.32705310944672195,-0.6180864084629509,-0.7180041679482186,-0.9912860581579844,-0.9532300325220513,-0.9733905484629094,-0.9563263600142426,-0.4630166870079708,-1.03981235707234,-0.19290821649235326,-0.19262443637530482,-0.07929797052297004,1.7610505402246486,1.712691757063513,0.16612863424538174,2.87249880484276,1.4976382418236995,1.4633464481322795,1.9909629732539647,2.256901644505929,-0.10863246919574893,0.5077305239892301,1.186842154192898,-0.49406989233006193,-0.8572550110371164,-0.5049846759991614,-1.0205966980312022,-0.3185769716854902,2.0029938959723377,1.3854698148583202,0.839818903772994,-0.05592282754926161,0.8447258764369184,-0.8130699179770071,0.01607127772776712,-2.303449478167621,-1.150232352793144,-2.588626229403572,-3.430192820086597,-3.3225520048709662,0.602699367533016,-0.872446867083519,1.3911970538087806,0.7663300017408846,-0.32659448219230214,0.7435590835885815,1.2057984845055087,-1.178668346731211,-1.3592243362323488,1.8316428086354675,-1.5877970845957674,-2.586862654147886,-2.5985615771350057
2282,1.5304234070276708,1.4126822315592162,1.4109619648464897,1.2531771917885137,1.3292428878271993,1.7081655630983639,1.2497208567501903,1.6544592384088832,4.363143490375417,0.06893952490123784,2.81556462186206,-0.3384300474859691,-0.7039916952690488,0.13912016859439683,-1.1979737483825292,-0.6874598094230566,0.3974258371019101,-1.2488422589960309,0.7920979364956144,-1.1979737483825252,-0.9761122466202738,-0.9870968202345781,0.698095160684497,-1.3067569713048979,1.2853331959028687,-0.976112246620275,-0.766319668797621,-0.4542208369372983,-0.4966330142519197,-1.3411158565575825,-0.10791783535484127,-0.7807529308232027,-1.0425885835156519,-0.9271044085980789,-0.6283711389353958,-0.3149901622224463,0.34505915021381445,0.04753386520513426,0.8682362063480521,0.9027536922182386,-0.14488804254611004,-0.29176583080038077,-0.38732430481496616,-0.4794062572927844,-0.7073618024131029,-0.9992141009914967,-0.9422366676302855,-0.984446451740695,-0.971426851398338,-0.9816936393922732,-0.9144462994018481,-0.616881093384838,-0.3108167027748903,-0.5821162126615174,1.6502578601830482,1.6201671052684516,-0.4818981075356448,2.7466472780149527,1.4470911865805387,1.3138924490057242,1.9444777028060742,2.143362774093209,-0.6177096408490158,0.19543048324663806,1.2394191756593465,-0.7316629673149362,-0.6062316148907912,-0.9230600975543803,-0.965261084079427,-0.49776570164444617,1.96935449627892,1.7413912079931644,0.5650770576847391,0.6803690100234385,0.40598936835884825,-0.4850600281348022,-0.05660799603975744,-2.8220642394793978,-1.150172321041687,-1.5590924846409375,-4.435392096362961,-4.369400017558161,0.8304986498781514,-1.0128609719663186,1.1650143890787683,0.9924385454014955,-0.48990890852669666,0.6856842485792264,1.1797798914459363,-0.9874048934677093,-1.4155510826455837,1.7736492787971345,-1.4587648023759188,-2.6290712429320453,-2.6121071592357485
2283,1.1747528626651822,1.069587960433475,1.1185359480439256,1.0551165223100913,1.545542288331325,1.7072087339544686,1.3686934577710985,1.7819148547534667,3.3069347771146664,-0.0340691250866884,2.8285843144453375,-0.75733804062957,-1.138804888370404,-0.22845710147954246,-1.4713532934121958,-0.7458468464329417,0.08624843583550722,-1.4661465705681969,0.5690233944632638,-1.4713532934121933,-1.262597409477967,-1.1137409927800002,0.43900175884706505,-1.5624542263039083,1.1348283593319266,-1.2625974094779655,-1.2723522951525317,-1.3489977618117233,-1.3783678009063607,-0.6568121750460234,-0.46824517261770066,-1.1894898040959312,-1.3157054160249353,-1.2412193753231142,-0.9073638412326344,-0.6914176196831685,0.026263018247773835,-0.2915891944906795,0.6379677406787391,0.6491160002502436,0.23347195542205973,0.06751441398425254,-0.007519829995290156,-0.19029064200842055,-0.48177529177806167,-0.8602313438459616,-0.7867757801577081,-0.8359105431962338,-0.8128346348015784,-0.873847712951515,-0.7991355575553549,-0.980948843915624,-0.4867609163084809,-0.6009716413611831,1.3121691384504797,1.6875485085541324,-0.7804040606867994,2.6472116412120132,1.3800552374655277,1.0468935304886426,1.821064640166851,2.0424741673998343,-0.9220916995465218,-0.0945799710509161,1.0904128535516637,-0.8117485797823211,-0.6690043394264586,-1.191653630456749,-1.065641673752102,-1.003497445337482,1.8353313948907473,1.6808090094644934,0.6246701431426859,0.9784114993701273,0.29163197402669694,0.10403760982057587,0.25123245813620115,-2.9327294998425155,-0.5587421633972411,1.507788806994396,-3.3647284136242055,-3.3051174662048846,0.9270487621750829,-1.0294508204630637,0.9359727562296541,1.1679838914169842,-0.8691586536775493,0.6276710376599726,1.1102665045369229,-0.8211506391384029,-1.6224977242160583,1.7152109027562663,-1.36332778146354,-2.5466337788864735,-2.6204102185852567
2284,1.0968897808067881,0.9256940902294288,1.0652808109791005,0.9664724834733346,0.784498402286207,1.5174474477691797,0.9061779678869896,0.8108182707257612,2.8967567878177567,-0.2794082264677593,2.2439631580460215,-0.9045592813539844,-1.2662417133442043,-0.37534463325930534,-1.5288950521356002,-0.22555128188097934,-0.19059800631191523,-1.226169868978307,0.32300478900068125,-1.5288950521355964,-1.4546976298974907,-0.8066678602157781,0.18087187949321643,-1.465287247132618,0.960156827246178,-1.4546976298974916,-0.29961803957663097,-0.6191776418208531,-0.36767225206265447,-0.6977830505032436,-1.0988239903609336,-1.1512693187926673,-1.2727967108910911,-1.2944877385957427,-1.006153489204593,-0.8813267754879167,-0.14508661337574955,-0.45393149885186235,0.520599282401244,0.5279529815708845,-0.11503068134851265,-0.25265549275809934,-0.36248389173165824,-0.49413265222924946,-0.7280489979694345,-1.0177698330014007,-0.9709776051640812,-1.0242576925238511,-1.011763141739793,-0.43231346229976236,-0.9359200481178638,-1.3378936734936362,-0.4020107327164215,-0.7171289851076946,1.0177808547318772,1.5958491445341785,-0.17736685456225806,2.491470787941154,1.340067881208581,0.7915726312644725,1.7606906504852322,1.9519637195871633,-1.0600466107035333,-0.21826136009917366,1.078299633473933,-0.9251058921427333,-0.7823428449276773,-1.0333779052549972,-1.1998599477572776,-1.1227356377315094,1.4563149522666659,1.742196720372538,0.733392198197606,0.6909804158132563,0.6144511238329282,0.09134203332197202,0.4492077594862164,-2.9226155706669634,-0.8207361953222077,0.5976753541811328,-2.9550289874400346,-2.9027096713946725,0.9743855766894108,-0.9440092924491752,0.7596329882828142,1.586573391768169,-1.5556898080970871,0.563114537771712,1.0560211818038352,-0.8101195017958067,-1.8582643569753787,1.6586569821069195,-1.3076055336603576,-2.4992625370507535,-2.5870639326499707
2285,0.993861197423549,0.8102741502622656,0.6974494101722809,0.6227363211503412,0.6802326799292209,0.804671201937473,0.40951314483262785,0.41811051824593765,2.5543044353389988,-0.40497434061800297,2.486641972211957,-1.5492954164307873,-1.8515513820594358,-1.009887365840673,-1.8097803324342678,-0.8731043439991439,-0.6188163208433616,-1.772007027905601,0.006886588449206596,-1.8097803324342656,-1.7427440509433008,-1.247451898467146,-0.18670262974472895,-1.9176342233348314,0.7417316380624502,-1.7427440509433008,-1.5485016170985837,-0.49126708216686504,-0.4563870620905763,-1.6997108173873976,0.6816425492297719,-1.6201802979841813,-1.6732538970821147,-1.715037455529499,-1.4203368957486016,-1.4338876416791806,-0.6758384151617732,-1.0157335634368174,0.12413400733070419,0.08378839875044819,0.6731422420235308,0.662437308544596,0.5120696901360586,0.25449619479879215,-0.15573016175767282,-0.615515738765533,-0.5457895362701823,-0.6198288872129994,-0.5820567809042241,-1.410531365831397,-1.6071701206795879,-1.577571565530056,-0.809890044422028,-1.16007049842816,0.8822161570766243,1.442034596736632,-1.3324337154190236,2.3326497056412205,1.3097873850721093,0.4874177218947919,1.6837721211467185,1.8700991057097345,-1.6985912744730765,-0.7588608343213159,1.010798708243559,-1.1468698514474553,-0.6877605204505998,-0.5793605752899424,-1.123797064989075,-1.1993036514587578,1.105982553017215,1.6586976464530725,0.6198578510090361,0.18455765090954288,0.930794694396678,0.2979624164511654,0.7842037691933976,-2.729377029414035,-1.0382516170207943,0.5662563131578744,-2.635210920042097,-2.559767757200856,1.185042640329076,-0.6434247247055818,0.38270570587650504,1.6714706909169024,-1.9611433051880678,0.4941331771308603,0.980722675159799,-0.7303223321360747,-1.7847389485355785,1.6024575862946346,-1.261139352489312,-2.4495351652650834,-2.5321089079366943
2286,0.5831602072972613,0.552971672180618,0.6615285315867516,0.6796792407975605,0.798335769158483,0.5963524435049735,0.7246173354054088,0.8575699609454156,2.8131949824030644,-0.8081530791449736,2.1660574946432827,-1.409900286750573,-1.6235577793728635,-0.9377147419234656,-1.6178161912050473,0.43078707945420736,-0.8713420541548657,-0.9591050154064907,-0.29859208476779675,-1.6178161912050444,-1.7970116124302176,-0.37597718632308663,-0.4749244668234094,-1.3930981530661395,0.5041509343893983,-1.7970116124302182,-0.2495876049475416,-1.0935567409762856,-1.5801411731945778,0.2686356181967489,-0.8551277705567923,-0.9359738565638717,-1.3029788898220147,-1.4320969766724299,-1.3126875976715755,-1.3834736495189017,-0.6914431496183653,-0.976706361982445,0.1527065334933848,0.12896579866035104,1.4731346744587055,1.590918485349937,1.6071090411872921,1.2831705223824166,0.734629427955294,0.0034193510136583324,0.13742446890675872,-0.008490129377006477,0.07201223431921956,0.10409262033494576,-1.3833128127557413,-1.6586825756889756,-0.9873276186219011,-0.9987229509544064,1.1010264002959576,1.6786199677937241,0.49371047977876953,2.196316259093344,1.2803524010042442,0.20359477430365785,1.696902069647373,1.7955341284329525,-1.6623036717909976,-0.6974900472732669,1.1800702170254598,-0.9119086867612152,0.22530197578813602,-0.16383285543686496,-1.2699779282167052,-1.0253987429031493,0.9283145439494764,1.5023876407003252,-0.29872883600282046,0.38868180059142554,1.4818255639585642,-0.15803453083382482,0.8569198214797596,-2.3481974178750207,-1.0465317169543447,-0.39915753716533336,-2.8411670938243163,-2.818376983006585,0.9639590240712261,-0.3766036859487412,0.09593535536487392,1.6808086976793832,-2.1859067872882396,0.38984839556348816,0.9555085012409842,-0.6902944401147075,-1.7319685208396967,1.5466230971142303,-1.2348032372483932,-2.3931869714708456,-2.506732216693013
2287,0.6668744603318842,0.7320707227509744,0.7139499466580554,0.7775058054804724,-0.09167363918134144,0.4104111823533129,0.6973963031218978,0.2784881409045104,1.6003208685554045,-0.5067978284537904,2.10062539436729,-1.1680344515177208,-1.2781930657192777,-0.7817399629687731,-1.213301571774494,1.076256765632861,-0.9749562632512218,-0.3280533932269661,-0.5471192760052899,-1.2133015717744928,-1.6839787397031052,0.3080999058936879,-0.6782506162988322,-0.8991733093847277,0.2667456384607039,-1.6839787397031052,0.0868953716843816,0.562118777726573,0.20205565914818815,0.3060702165846232,-0.012262435986534722,-0.3240673781398991,-0.9376150797476644,-1.1066765488513264,-1.1571330033357903,-1.2736754338837748,-0.643085880095923,-0.8634022666691666,0.22801122753353945,0.22693466723428513,-0.3197938113729373,-0.027405383677932695,0.048153258804845556,-0.10003218676299043,-0.4622430612781816,-0.7733918372351427,-0.7287392247374187,-0.8173923432394782,-0.78119448713663,0.2550308347227975,-0.9221512485766495,-1.2580031257703281,-1.0538074050216033,-0.8512278738174773,0.9748421000552939,2.0112302466057734,-0.06428100322025666,2.0689297294044033,1.251458271605167,-0.08172366668978653,1.685021108061336,1.7272055984801846,-1.4813467349563647,-0.5574674332864915,1.2893097979416466,-1.1407226842979543,0.1787096456166133,0.023722348460065126,-1.185578166011789,-1.1323783197257884,1.1366852949431052,1.7193763304638578,-0.2678250002475208,0.11211110553467822,1.524452638137192,0.09798963503239382,1.0592551100724241,-2.560316029039884,-0.6618170880068165,1.8720575356407942,-1.6915014637571326,-1.6092486840113773,1.1171349589032682,-0.24498748452736202,-0.09660536201498242,1.6187938009062504,-2.1430134372946794,0.2859499958846567,0.965097666396,-0.7229055614115886,-1.647335204832755,1.4953777304800733,-1.2371457399882178,-2.3411031712099906,-2.469868856294316
2288,0.688408700714459,0.734116745451327,0.7934347650498251,0.9179051546494564,-0.33716980141005953,0.041791491878436456,0.06867459512017256,0.157445484691336,0.7795961893493036,-0.03151376481356962,1.866424344812801,-0.8526124578585142,-0.8626097451018473,-0.5536227151343325,-0.7258763336512539,1.3380718814440353,-0.9500514858496559,0.17860171049485632,-0.7118780762259308,-0.7258763336512531,-1.4556292559979487,0.8335951235714371,-0.79095893344007,-0.43067517746312844,0.04622007964870291,-1.455629255997947,0.19282733704541535,-0.11064788101639023,-0.022896319855136307,0.7576559926664007,-0.5386062981638499,0.19519055472432795,-0.5831384966388131,-0.7153198641586864,-0.9586122121131991,-1.1142393748423234,-0.5322717620152572,-0.6800525766808281,0.3508384277737485,0.38230908923380474,-0.5088850451805633,-0.2005885589572137,-0.1881868825426673,-0.24744031405516584,-0.5836614837263319,-0.8583179083952411,-0.8230192663294517,-0.9095675738217212,-0.8823604071850975,0.3931924756333339,-0.44466807699518984,-0.8531271375134678,-1.0678433888416827,-0.7530217145315014,0.9594047813440811,2.0770347083409235,-0.054794863481371074,1.9842632790129466,1.221799022461641,-0.35109730022254126,1.6364939145907695,1.6712960154566954,-1.157247333731634,-0.32737301519226886,1.2654002964673323,-1.3250239374609967,-0.33562399309063295,-0.5067825667887883,-1.1176181136480656,-1.1997644321173135,1.0236912674299103,2.062340574570906,0.24390485524259256,0.3744540745317701,0.9850800894678816,0.28638306902729843,0.825955697182945,-2.855108105787355,-0.9382163321815736,1.3737969170337034,-0.9206455320627799,-0.7871927477025843,1.2783122897443744,-0.1359265167324636,-0.26054924588589384,1.5535971540645475,-1.9847905500204335,0.190558999415371,0.9917051783227473,-0.7520334055433141,-1.6343299916384322,1.45333435806991,-1.245238414441067,-2.2474547512356278,-2.414043161752997
2289,0.8272454138667957,0.7524549720339336,0.8869302228618638,0.855460587561573,-0.14310487869257493,-0.14813296858916628,-0.5425095654866462,-0.20560295436827278,0.9291791946405082,-0.05338186821653822,2.070850458332339,-0.9446789249459612,-0.9475894624943066,-0.6661397005535903,-0.5005736827508931,0.6222372920332734,-0.9777232128399586,-0.03858432651165945,-0.8374475721863548,-0.5005736827508926,-1.2869481063315396,0.6292966682841125,-0.9141299231734434,-0.46065376601557917,-0.16558262978368665,-1.2869481063315389,0.23773034900356774,-0.045888023186865884,0.37038386187265865,-0.04132011145067238,-1.0164004656146586,0.08970704685425411,-0.5775338068589718,-0.6868357946529283,-1.023366368888984,-1.2241318023883516,-0.705833812527906,-0.8081668978438568,0.24314902103031272,0.2781842391505472,-1.3215185446996198,-0.9532601239188088,-0.9513594869832351,-0.9919871435391288,-1.1639904754610462,-1.2351201464306079,-1.232722237972474,-1.291484619385448,-1.2941361745555342,-0.33110485767041625,-0.40552557791753957,-0.9164510740660974,-1.334475451359122,-0.6463090881540415,0.8407684723293716,1.7896525319491803,-0.31852284973191275,1.914682244007112,1.1914065399831992,-0.5967303590903384,1.5919080156802061,1.619897293644366,-1.2225487430483288,-0.42451248947601616,1.2436073517194624,-1.4615798264028097,-0.8384539292429419,-1.0352243541639303,-1.0957428341790476,-1.1732403617855898,0.9931979981285093,2.1529169256617515,0.7474684329811042,0.6420321100329478,0.5144138683396947,0.2873508886681209,0.517378522473094,-2.8341935480492295,-1.4865756820670941,-0.3081983807580788,-1.075907081026935,-0.9352067920331341,1.4284280820917235,0.016803305751177892,-0.5461985869759847,1.4927609324674298,-1.7476576508647963,0.08000698460282132,0.9738125692339158,-0.768065503609389,-1.6276440028643526,1.415226500126268,-1.2385571680597798,-2.175460775812419,-2.358554240598138
2290,0.722520526113027,0.7267706969916522,0.7222822999483912,0.8973932459624462,-0.48248389984375306,-0.33378648541289857,-0.23506700287293308,-0.20263780959745217,0.5254263575526404,-0.2958710134954632,2.2404600725667447,-0.8099277861096047,-0.7672501436693057,-0.5800626160733827,-0.29043463361884414,0.5840398761746601,-0.9652711104749568,0.09878299369675338,-0.9211782380153212,-0.29043463361884453,-1.1007599303062086,0.7397316483493525,-0.9965108315236638,-0.27452338118738895,-0.3637164086160431,-1.1007599303062094,-0.6873891658138077,-0.19235956376722407,-0.4416894066962036,0.5218261952603765,-0.1766374316394494,0.04693521921265443,-0.3645897261983474,-0.5393147980383871,-0.9484310269519594,-1.1500064920202748,-0.7226339299933235,-0.7718260671389305,0.25245786677133425,0.30877357643292963,-0.7107677512062024,-0.5545560083872217,-0.5105503739733969,-0.6270116568974714,-0.7659561350261942,-1.019421532557734,-0.997313799704545,-1.079313739790172,-1.074853322414783,0.0392066599836122,0.16997481862662325,-1.0066338736778526,-1.2273341346733313,-0.7298332807622601,0.702877006376839,2.1835578238936253,0.2510875943808651,1.8559950095771467,1.1654978292484655,-0.9077537616698463,1.5309151129379708,1.5725944630627504,-1.052859140255585,-0.34443154513828605,1.1621094490734885,-1.6791394940533468,-1.0393154625209642,-1.0596288689739302,-0.8009514853027678,-1.0952851552962608,0.8688741260121599,1.8817200019663334,0.9364482456969506,0.5126667574680451,0.11629247713023987,0.5771939108502189,0.43689083819326296,-2.4409137136970784,-1.4409950648343521,0.6419380905498866,-0.7152081940622976,-0.5333680201714888,1.6135290459777538,0.15757414417443646,-0.8249060005709747,1.436910023305341,-1.5053117091504096,-0.05954308108287495,0.9760661072749063,-0.8366920121924554,-1.660218872631762,1.3709359333307205,-1.2758128048802284,-2.182091558472972,-2.3424757607180875
2291,0.8047237462212047,0.755026855003046,0.8603073968502021,0.9329030960135107,-0.6744999495938055,-0.42035652665589585,-0.8722443828985749,-0.5587202356598896,0.29002020886355834,0.15274338252606529,1.9450984843036938,-0.6805130429013746,-0.5986535205335048,-0.4929430349614448,-0.11751402520472712,0.48088701123300215,-0.9277324388733142,0.1738312363087262,-0.9659462887125496,-0.11751402520472749,-0.914490404247559,0.7723294336877715,-1.0435655853184218,-0.1336322611887338,-0.5442909168635917,-0.914490404247559,0.400116602254401,9.415206623891448e-05,0.18018987832238872,0.3369497941065829,-0.8531826673429023,0.006393365846014046,-0.18205250647573762,-0.4014226529662414,-0.8635056919344065,-1.0843107676698391,-0.7345643114256104,-0.7380110506748099,0.25772698745893413,0.33194553649825487,0.3652650123906193,-0.048432890691407514,0.03304508465035221,-0.06780871257434597,-0.3480557164089847,-0.7625722731044215,-0.6929932497681887,-0.8250843587105146,-0.8096374596099434,0.02655079408299286,0.14064569887220724,-0.8768514198462011,-1.3074500505226996,-0.9281278919468531,0.5390810951633377,2.0976286510515183,-0.3598166529918221,1.8368457029080498,1.1251087561262858,-1.1746502472075093,1.392394205138371,1.5290664232079578,-0.7557179235397605,-0.2656269368634537,0.8248979734204319,-1.8774595227459727,-0.8203826816175697,-0.9366902175477944,-0.8813535325150486,-1.1215599073768812,0.7206173007986921,2.237056686822531,0.6979173171298028,0.5309860714161856,0.31616455752721023,0.5212543828461967,0.5318639340304184,-2.7215183883168232,-1.7258853842210897,0.2624218251487756,-0.5170580624368617,-0.29908607615971117,1.793179600362138,0.3838695181421004,-1.271905397669006,1.3694047205035988,-1.1118272841768515,-0.20598481973397798,0.9984503638306507,-0.8917404499491967,-1.6168246538590025,1.3318355137495526,-1.3208899531426619,-2.1880078842379254,-2.350328747521659
2292,0.8972736322998457,0.7937393385058569,0.9828737196013819,0.9262178407984758,-0.5088214655812707,-1.0244929759538872,-0.7556624791923938,-0.4476899731001926,0.04543030764076213,0.2821517824249355,1.5947295892774673,-0.6254794326492729,-0.5283709808957656,-0.46188778179632456,-0.022986110642305685,0.26249185300812367,-0.8970515048415989,0.12692275607313103,-0.9850076857846796,-0.022986110642306178,-0.7564326257666006,0.6785524047629948,-1.0740264067174163,-0.09044598167802134,-0.7069905088558204,-0.7564326257666002,0.3553649662948307,0.05035924130498256,0.22351165859453567,-0.023884669389453907,-1.3412314741627043,-0.07734428909159044,-0.10683001634416109,-0.2972491457648764,-0.8110668874100099,-1.0470461991646534,-0.7835276143953925,-0.7607124622864128,0.21366541843237322,0.3056994267284053,-0.5088357833661755,-0.8184561890899368,-0.770982696748974,-0.8038379746555583,-0.8513418036298235,-1.110079857330267,-1.056636531665868,-1.1777367821306062,-1.184797828342318,-0.09313207489341682,0.005072001676315198,-0.6460529002922427,-1.038947259603649,-1.0648941629771127,0.27462806910662074,2.0971149191671903,-0.1962279584403052,1.7999332910230177,1.0975591685252593,-1.3798372233813807,1.3282745539433165,1.489075096168667,-0.6494737584182425,-0.24209209429258868,0.7022873125751752,-2.0546151461913773,-0.7825397311188296,-1.0213308697819867,-0.7818044133711763,-1.162127022894345,0.5529422317181373,2.176918182925957,0.6469074717775762,0.6747516610942306,0.10555392648229839,0.720462678653113,0.5218819752525686,-2.597931983871852,-1.9086847692483642,0.3406215262672889,-0.31148255252860946,-0.05152129370785709,1.983196491773517,0.7061715456805935,-1.772076307046537,1.2896900625072716,-0.6360851717430235,-0.36337169851425,0.9907176007899653,-0.9008095669618977,-1.5030687628263608,1.3011599371232172,-1.3758178419005682,-2.091198136045142,-2.3300214698591692
2293,0.824824397061322,0.617965917806535,0.11233432734464381,-0.08874902060270828,1.112411148360148,-0.7417659339763403,0.7262032265979638,-0.184422122762335,0.6592877403498547,-0.5432146462034142,1.878357174352738,-2.2430109877616218,-2.1523250331024806,-2.1474233689793323,-1.0614679133930975,-2.6950901304401267,-1.486379305657614,-2.315081140180167,-1.2173565830700477,-1.0614679133930964,-1.142305914475191,-1.6915274979464607,-1.4894639296405714,-1.87342464664946,-0.9497129731354874,-1.1423059144751908,-2.7925400086767094,-0.6122139266554086,-0.28838534380221087,-3.087759586088111,2.7231886379810235,-2.265558806089212,-1.5704210793670865,-1.5576362066833163,-1.7910181899818414,-2.1181851716820006,-2.1010302062165116,-2.1540135836196184,-0.9927484438116989,-0.9850246306647296,1.1730952232476852,0.47217881923218596,0.4845407149626026,0.4738707361738937,0.22755307581549547,-0.4909541362574204,-0.30963221441025585,-0.5659719995728719,-0.5478967988656313,-3.121024780769942,-1.4241785297772946,-1.2646023546014256,-1.456534854738436,-1.8256384116796593,-0.9137568267910895,1.2061327714558285,-2.6230190310703647,1.58801363372199,1.1806914030550777,-1.3129086660200293,1.1086568260790604,1.4492768280957957,-2.0023854685391465,-1.7350088837328579,0.07473499286546008,-2.200773076564726,-0.8750922978023596,-1.1596030435631361,-1.03838299281341,-1.1205987281353458,0.29516084359957806,2.1652631133680162,0.730527596119796,0.7850819269489985,0.30920864790693714,0.32260985101153,0.40360969323301765,-2.497493596603783,-2.4320792519311896,-0.8273890122338927,-0.9086022714605912,-0.6492951875158297,2.2514220887511107,0.8340835539178189,-2.053019034391741,1.0049038524217393,-0.5122409934756071,-0.5235142986786219,0.8711057762797765,-0.8610495307005887,-1.737060841518214,1.2600563006180767,-1.4854292908425255,-1.9483874389414317,-2.330624020666715
2294,-0.08675868310983191,-0.18592330817501873,-0.1792606799017812,-0.3405310910301609,0.7030056463644474,1.2671619059864936,1.0397094658880812,0.9842941628104392,0.4730646684621217,-0.7441705901949183,1.3737176124108694,-2.3640493355260483,-2.242053494580451,-2.3271792177627955,-1.5966593672243636,-1.3479645289221527,-1.9342704419005123,-1.9246548504688827,-1.5428164072247486,-1.5966593672243614,-1.4391905786137054,-1.312553903051101,-1.8612551486912594,-1.8346451648470903,-1.251192119676873,-1.4391905786137054,-1.004792738201267,-2.485855576458728,-2.6937495365718096,-0.896563923492102,-0.017000995318806354,-2.245291112886797,-1.7393097327995024,-1.6928398013412813,-1.8718221208206214,-2.230488733858558,-2.298716789505504,-2.369161273706944,-1.2919659141890525,-1.2796239837754502,0.9574574650467098,0.62550064492669,0.670350087609801,0.7589581901421134,0.47638749744887493,-0.33287703909966676,-0.05482393139379185,-0.42620713959239187,-0.40772575281541323,-0.8289724419347625,-1.6217054450607948,-1.3568341731185256,-1.5810399395386472,-2.0977867477033665,-1.147273160754454,0.9298014584924827,-0.7206948342802816,1.3565499522098143,1.2678442922468496,-1.1605502153537586,0.9340456845769173,1.409498130714758,-2.0836788721149833,-1.9938545456954204,-0.43094220663214455,0.5398107301307504,0.1350106179491873,-0.40759380701068954,-0.48717965814103914,-0.26493077670642123,-0.7655222287009363,1.3254757063862768,-0.09649913560846995,0.6175340501072449,0.27411868633564185,-0.24385885675870295,0.020557507877133147,-1.3444791051123217,0.616464092902346,0.6246944648272164,-0.37024070498279227,-0.46702553761598053,-0.4737741291475176,0.8759580788190745,-1.8667564101339373,0.8177467340400887,-0.17584360102169488,-0.6969031007722876,0.7475895061045515,-0.7954371281913222,-1.60806599025197,1.215633537177717,-1.5878069323715276,-1.8282648594888995,-2.293042252637773
2295,-0.10507757138768908,-0.26798571206660143,-0.49622911781944196,-0.25627836878168436,-1.0593099273754316,0.5582739389660161,-0.05805321786206121,-0.8968844824928709,-0.00353203676961393,-0.3034151844273315,1.2163584585345997,-2.089387368515402,-1.9479161372149327,-2.072526933140711,-1.4971484860603095,0.33549739206489604,-2.0847081709806905,-0.9002287948264104,-1.809423541981267,-1.4971484860603077,-1.5013492380012776,-0.2450635511509484,-2.053881488895645,-1.2263553922332204,-1.5490995573289343,-1.501349238001278,-1.091147125948182,-0.27971286646700894,-0.0702187032953749,-0.5611939667728854,1.4178603639149832,-1.417892999329925,-1.475732619781127,-1.4136727644439149,-1.6369267822733917,-2.005376613002216,-2.0788683187790316,-2.164124028169246,-1.1975350635899216,-1.15450284007265,3.194807352579123,3.5451639348576194,3.5990881374267927,3.9994017886807813,3.5301703201392667,1.7760649958562373,2.4295494438443743,1.5962720945093518,1.707386895545435,0.2755001869113882,-1.5702085477778678,-0.9525490170082407,-1.589324034016222,-1.9102212537185137,-1.4317456479637243,1.3280710397495328,-0.0671970704289052,1.1816511821869216,1.2787818335473473,-0.9357512001853706,0.7431616970620549,1.3668076799513351,-1.6416305288362139,-1.7835422585769707,-0.9988331564839518,0.42018009845665405,0.7588005330180974,-0.10604027246946987,-0.15951363213651348,0.2793552901820888,-1.1165399888540293,0.9788038330719719,-0.7514011876478192,0.6976700544702128,0.11446926476320979,-0.6363905800049248,-0.3318360514309108,-0.7959490112724072,0.628586942008676,0.5743814938011833,0.059285794189047517,-0.009076486998056155,-0.4993549857406189,0.7870189618889726,-1.6588331356008397,0.7970009378956409,-0.3312157154220389,-0.844738383985993,0.6646636038685562,-0.7305286662128491,-1.5488330657013023,1.167007707689989,-1.7667455596820885,-1.799937883074659,-2.2665172238368334
2296,-0.35031053153240627,-0.35566561872816255,-0.28325812551508883,-0.4259170466720232,-2.1971088232349696,-1.3117752012507393,0.1648945720043495,-2.0416881389364026,-0.7720538282516918,0.3360657243672419,0.8362524787268756,-2.154424084072208,-2.0077822829214624,-2.1611774632989027,-1.3875643256137415,0.3257189911812067,-2.197127726536573,-0.8134563669678598,-2.0192626236400026,-1.3875643256137398,-1.5362396950082582,-0.11002278684210849,-2.205004559858244,-1.1658963405192198,-1.8234209386973497,-1.5362396950082586,0.7502320164155508,-0.2994350119356806,-0.7957608448165224,-0.2771325265773171,-0.3574671561152625,-1.1262782281842705,-1.5678740768082737,-1.4814235000820801,-1.647418111466064,-2.046306212042022,-2.1612754362570374,-2.264753129171872,-1.3824995184589521,-1.3305032862993336,-0.03320541922784513,0.6324555690084205,0.521574316094662,0.8010523973694327,0.6896359975921161,-0.04290774006053656,0.29304536359944766,-0.16829410122017577,-0.1325480758759117,-0.5789423022166009,-1.7930884629103978,-1.144334321650831,-1.5931885118389053,-2.025996650098616,-1.404698350568139,1.4629622131655906,-1.0815717284565487,1.0211592624010606,1.2193997385012172,-0.7248535810784219,0.7186641426187493,1.3856690281193562,-1.842701046962897,-1.9741218310128774,-1.1787416045201877,0.1543867801837878,0.976128965789937,-0.5835867934784692,-0.00679866371727419,0.23001498419096217,-1.3906519531315598,1.3284120883693928,-1.0031863454043255,1.3578642682959359,-0.48785132503605527,-0.3631584885158214,-0.5489803403077179,-1.1475892692529224,0.5142741849789227,0.7811564745979095,0.7407521956769186,0.7490658540220105,-0.33699554677520677,0.45386783505814704,-1.2286027185155164,0.9281931382004117,-0.628351841727367,-1.0290837607260026,0.5787433391759521,-0.6067841961207221,-1.493255083265659,1.1108300129955964,-1.9993631148251116,-1.7783601440432217,-2.2821090982814
2297,-0.29944891480476254,-0.4236220651975731,-0.3327729288192672,-0.43642828923519655,-2.010421919810261,-2.013184955846824,-2.0231774043146427,-1.9751258076653593,-0.7661779263620044,0.9033775671092656,0.7637395173115697,-2.0533225030729043,-1.9227378101299217,-2.055380861999272,-1.097915460419348,0.7453938069624418,-2.1985426559999675,-0.3567642460546682,-2.148420680268199,-1.0979154604193473,-1.464464463512858,0.3622812253857531,-2.2680381129507587,-0.8060077024382926,-2.046280655861705,-1.4644644635128585,-0.1820462736809962,-0.2339438845810635,0.15537296533890607,-0.503064761741961,-0.4832648839146837,-0.3688910397133954,-1.3569348999195885,-1.346903243695471,-1.5054976007880536,-1.9263026343067577,-2.062197411980103,-2.168491307599775,-1.3858682589016658,-1.3120472397113923,-0.22624260235499707,0.6327676439586505,0.5760272120322942,0.8569351205590938,0.8360908150106823,0.06528133813919335,0.40862053021513584,-0.08369867861370862,-0.04878966187379042,-0.0425016136487283,-1.751134630827267,-1.2268681219832283,-1.4124000178581182,-1.757686023698258,-1.3479832572338462,1.670957405612212,-0.4324300647337683,0.8833428441348063,1.1378144530919312,-0.5239573529523196,0.6944201614517252,1.343657628300887,-1.7725453627694223,-1.8882808997598999,-1.1972157461676631,-0.028699999313681817,1.5123945757923707,-0.33143145268609125,0.12233814996583252,0.5023954457578663,-1.4002284651465762,1.4869031089547298,-1.5845307935429787,1.3644885912431097,-0.4202659455618171,-0.6289030559591441,-0.6729039429779243,-1.1945396386869342,-0.023716216219116463,-0.732859531325582,0.7111392358819283,0.7450550209208113,-0.14644901939720043,0.05216171347285393,-0.7600270231120995,1.0058659180540785,-0.8084031460608667,-1.3118194060707875,0.497422610084768,-0.43451693068700664,-1.3977808967216436,1.0487136248282158,-2.2642782007375586,-1.873444711053369,-2.303027526371368
2298,-0.4637366786050103,-0.6252841272443388,-0.4425950727267043,-0.626820089712831,-2.4790947658977474,-1.9488761496591327,-2.351362859071802,-2.3993515744819205,-0.9250804395411444,0.9562921645250437,0.6007337956443327,-2.1250507760042514,-1.9886927477483927,-2.152469555885638,-0.9579384964120972,0.34995172863514934,-2.221550905251874,-0.4895999204595843,-2.2349020099353334,-0.9579384964120963,-1.4112441614276907,0.2503305875376787,-2.3240691874199157,-0.8360022916666227,-2.222708181126829,-1.411244161427691,-0.40172004918380494,-0.6751503407498015,-0.5392968941277392,-0.5924529263179035,-0.9984435435691679,-0.6061613555659171,-1.3899063064953556,-1.4427643636512506,-1.5576088519601186,-1.9775360103570638,-2.154584535247171,-2.258274180336006,-1.5778961331416577,-1.4942321473581284,-0.8386427356422229,-0.10022937056679755,-0.004780716348773565,0.1517730186775215,0.18576067152174375,-0.3705257001350598,-0.12077229776779817,-0.492825944535508,-0.47996582697500767,-0.6467765943600369,-0.7434863276848129,-1.477914219962521,-1.357643454855326,-1.6322485275491259,-1.3160232316520022,1.3339158260606547,-0.7071600713560193,0.7619431132145973,0.9908713222776927,-0.31387176920185006,0.6703983874333019,1.3869157082452472,-1.9693488567300763,-2.090637729804321,-1.4165586721495567,-0.2981397748434733,1.6845817485819121,-0.08528140291156515,-0.03877832158577488,0.28539424205102554,-1.3535137254497358,1.6999974611033246,-1.789642850584993,1.2091093087786964,-0.017167148010780394,-0.5156641449638218,-0.32887120068548925,-1.4933543272536995,-0.20096831597462791,-0.5850119444014049,0.8245410109569261,0.8979129404469373,0.0664629685086925,-0.4931400984651475,-0.073416758905574,1.0492857290878053,-0.8666713886345274,-1.6877182661940686,0.3807414074946005,-0.23654680723263788,-1.2152732455457167,0.992097256585965,-2.4586449773520327,-1.7998555264616334,-2.2955003528354414
2299,-0.6939974678480001,-0.7072218186490572,-0.6550203978261916,-0.8020357358708632,-2.404085087081085,-2.429177996384689,-2.23216699885658,-2.4726883555197796,-1.061405585330463,0.9325694461225463,0.7349847582535535,-2.1731414465251806,-2.029808710710672,-2.22092619246227,-0.885936240632619,0.1793431467067575,-2.248740735250846,-0.5351819227589922,-2.2956603098844224,-0.8859362406326188,-1.3671429042388095,0.20727658149920894,-2.368468428199708,-0.830845861931557,-2.3576710909575276,-1.3671429042388104,-0.7692411495282129,-0.28493350801888784,-0.7543813173206277,-0.40585850254885547,-0.1886439205439489,-0.8525119324104177,-1.3943560419760945,-1.493206483311808,-1.59575528273124,-2.0219204817829906,-2.213274345911751,-2.3226581470974077,-1.730811330057527,-1.642765944092997,-0.02802771081513679,0.7283351710275925,0.9526893336828838,1.1958424112829904,1.2145132875049727,0.3555020998457638,0.7523273179101668,0.20832039176320674,0.2464170744373006,-0.6180931612704754,-0.648487292389507,-1.5476878635224525,-1.3791752049231163,-1.691107195539863,-1.6096352370226314,1.0078530642398307,-0.6215999272246381,0.6024322540439359,0.9159249613433672,-0.06948342577651988,0.5812333805467685,1.3460979196140592,-2.063449368599181,-2.1864883086413003,-1.6065054328468173,-0.43970361583516365,0.4096435227766407,0.49052471215961935,-0.06195943883295523,0.17226848665794728,-1.3221997829503496,1.3971281268499725,-0.4688645185447288,-0.25021855382927727,0.443716338384652,-0.36638217438327436,0.07418250723803312,-1.2572418591246153,-0.3474729518575638,-0.6311373929567612,0.9345076567533718,1.0356280349972837,0.2040881977457706,-0.9788777835700757,0.42536332341457905,1.1222496623301859,-0.891071262937062,-2.024541099297719,0.26953433432783586,0.14062918882793493,-0.9922624884451875,0.9292248216476242,-2.5873789367707474,-1.712761560469536,-2.273489008670483
2300,-0.7394490051136325,-0.918067915704749,-0.7106217569693565,-0.8904418587204546,-2.86908386953822,-2.414914786553029,-2.8745438824002023,-3.0508756170889977,-1.2522879022968343,1.216990972457202,0.4756957515996924,-2.1326953501793664,-1.9937864297780004,-2.187409566637834,-0.7482274672485609,0.34581481437727807,-2.2328101791624553,-0.34439872939849087,-2.3238766538812694,-0.7482274672485615,-1.2794756907256721,0.3856612922330065,-2.375535808995609,-0.6549082465641334,-2.4508238200301413,-1.2794756907256728,-0.2170804574836271,-0.7402741573336271,-0.16646288447263208,-0.5718011913362405,-1.1414936325785119,-0.7455835410047238,-1.2268579334887484,-1.3777575230749024,-1.521664835082724,-1.9699693368513154,-2.179834312076437,-2.2920566369474074,-1.7810793328561019,-1.6873653141554525,0.5274538693717552,0.6280438593875812,0.9051987807315865,1.1827981059768689,1.2472019902215363,0.47014733540240855,0.8741864602110936,0.3129048901729892,0.3507892592335803,-0.3207371060969253,-0.8736445420500273,-1.6157123507074758,-1.169385139842182,-1.76837965110526,-1.5358950262918443,0.6493239429359566,-0.5183556213573483,0.43185732766563406,0.8766102958575159,0.16992971667428167,0.5267336243572548,1.3069063831993153,-2.051884327442299,-2.1692803650394197,-1.667043782871959,-0.5727855385561467,-0.1918788357351484,0.8095439697356014,0.05353140533563697,0.3409014564260235,-1.5335906459791813,1.059956644525797,0.14771353045043747,-1.0222761737457657,0.5232034679931338,-0.4847607301947187,0.05530797420142974,-0.8767440661688225,-0.4468381612688668,-0.7727872840525944,1.096923748502772,1.2201396066505474,0.2736937280928381,-1.4252896893789253,1.097131417451932,1.153664183101552,-0.8600509175039225,-2.3757194385020144,0.14624974114791223,0.5877060579566433,-0.7274994784295464,0.8582307264676924,-2.681876373211945,-1.6662221082100324,-2.2420576280918008
2301,-0.8228287147090487,-0.8876841709194965,-1.0292799683346963,-1.1791259632402697,-2.9596705809367396,-2.97809223980288,-3.058231889745053,-3.09260087111132,-1.3347205871103969,1.2822501963062036,0.7577387873204565,-2.257406111640865,-2.0885265967122266,-2.35246752879401,-0.8346992653639941,-0.22286649150509288,-2.2886492164347674,-0.7310894314377994,-2.3588173183925725,-0.8346992653639937,-1.2816505295191611,0.0010448646978444484,-2.4172962388250365,-0.9048348062929269,-2.5218434596236112,-1.281650529519162,-1.199975671971242,0.07785936351888187,-0.29372396973118997,-1.4601493346331134,1.1189371589079586,-1.1992162052241742,-1.387023022906075,-1.5749215830517238,-1.6849591821945926,-2.1169547786556353,-2.3352321417821367,-2.4669911333549557,-2.0132970808105326,-1.9393754129889296,-0.3059998222314164,-0.2092884557183574,-0.028049104180221083,0.2737472266371946,0.43042528013148046,-0.10020958972578708,0.17545518742354999,-0.23802366187334476,-0.23364758413253547,-1.1041709166649787,-1.0544927918958522,-1.8596550186298013,-1.3964729356425891,-1.8350904332553872,-2.0036932870987516,0.10718161949694294,-1.198654063570213,0.22553440373119743,0.8382140968519968,0.46577256703940184,0.26953774766291333,1.2677021469548277,-2.147336038954698,-2.382821628703871,-2.2588375708793285,-0.7822845935369146,-0.10594995127796542,1.0929093814694728,-0.1792731774371068,0.5859780049766475,-1.5103894381257388,0.6893060552263232,0.03805387056962532,-1.287746919173569,0.9989476708874254,-1.1796896002771258,-0.05296582342144509,-0.42920890630247505,-0.7077754566697791,-1.1390314261349717,1.1481452060032067,1.300903178414474,0.45486881985591193,-1.7513212802284162,1.2172150980293222,1.1547585417435953,-0.8119235120381113,-2.5920630045094826,0.014852324969800962,1.1783093473527069,-0.38559509517687196,0.7760552231039035,-2.7689688003667015,-1.5861324305090276,-2.2069647691702317
2302,-1.1074326606839238,-1.2739558738078753,-1.108084978540311,-1.2611490694411516,-2.4202181445226754,-2.977939702632731,-2.904738535102778,-2.6736169958183957,-0.6760410142039242,1.2308812698429563,0.6051733515022408,-2.2186097701818337,-2.0503292785210507,-2.3179277019580833,-0.7763608952391893,0.15676826988548778,-2.2943819806304586,-0.47606440231381714,-2.379210507944102,-0.7763608952391892,-1.232896008360649,0.23712985532823586,-2.426145335482324,-0.7206066452281246,-2.5681304559655147,-1.2328960083606508,-0.36055634576929196,-1.4014362425603095,-1.0370153934182649,-0.6807718256087967,-0.8919524624896916,-1.006040500475015,-1.1813885596823908,-1.4482416043435398,-1.6403315063915822,-2.0690802427604535,-2.293638234320392,-2.429048946847216,-2.0299479535555056,-1.9657201974114127,-0.26893878240222713,-0.32811625584899606,-0.1264432792239661,0.21009089740333972,0.3894155312135023,-0.11061532077703944,0.1748897723318572,-0.23835896221563738,-0.24601349090481092,-0.38208194691355735,-1.16796813502517,-1.8937101514735057,-1.5110950729804098,-1.7287718201182944,-2.0186431256366792,0.0656717989796289,-0.360938619207608,0.038903255263080805,0.7278659537861751,0.7595620194117491,-0.11316096784659627,1.2298336109198051,-1.8223188622524176,-2.3621172709054012,-3.0038695626580747,-0.6292727740509548,0.2291258419172623,1.7429712253639131,0.2385473671797365,0.8435461322562661,-1.5092149839509952,0.145420724777405,-0.2984569641482374,-1.8112769154899886,0.97655963810843,-1.0376603082877216,0.011036351916575284,0.1899834389564414,-0.9698054648188255,-2.6018294904524115,0.5506498682976121,0.6435133218145856,0.35237163514991765,-2.1290020662721663,1.3462293083163797,1.131433429006536,-0.8098942079301528,-2.7141721632923774,-0.11298712803954249,1.4804516220284618,-0.25155337087900054,0.6856219067216953,-2.8535490599889792,-1.5245778077315397,-2.2214240359301503
2303,-1.2940556518976665,-1.3677792074879584,-1.1901686528679591,-1.152321736843192,-2.5647347184446194,-2.4835567383083332,-2.782406164146894,-2.695148192570441,-0.8007016475323943,1.484931805158996,0.3807347532420586,-1.9560165990689726,-1.7405508515822479,-2.0840821786513497,-0.44176129220964455,0.8648403251224043,-2.195194644809708,0.1726131872707482,-2.351652015801389,-0.44176129220964566,-1.0508200972592172,0.8341274293852803,-2.364875413972826,-0.20177505612730273,-2.578713197956578,-1.0508200972592174,-0.3944526592461029,-0.426628183700831,-0.7467774050828879,0.5901482468240887,-1.0054181671798152,-0.3720298181480501,-0.8169291075389559,-1.027861214056807,-1.4046311259354394,-1.854568191166779,-2.095050140254373,-2.23403669970483,-1.8680013935502524,-1.8014167471007476,-0.5596143299677606,-0.5640572838865695,-0.39549044211026124,-0.0691878287790534,0.13207768785942184,-0.29339266312058804,-0.034259563146909755,-0.40067670819144213,-0.42874980358792825,0.3576182302140142,-0.8026248040697133,-1.024965347327639,-1.5210258956080323,-1.5352349095194264,-1.9394156533516391,0.1371066162099255,0.19848846836038375,-0.11065059872658342,0.5795207779156568,1.0511276879238882,-0.26962168908613954,1.3883885480554061,-1.4869866410336132,-2.2724696692400346,-3.3656923914406085,-0.7971484117735063,0.5498326534582962,2.003617629028486,0.5964298499581066,0.8405017686754723,-1.4021965743306846,0.04929909833582662,-0.6493697761379311,-1.908913414683419,0.8109458376006412,-0.5840186757212641,0.1753920847388374,0.27491863531373995,-0.7062759367623129,-0.9415047527180828,0.6448846900110575,0.7655972500851312,0.4920513371241432,-2.236092186680048,1.6453219196213507,1.0704789750831527,-0.8156617878273379,-2.784910693274412,-0.20727452113503902,1.7088661421048543,-0.037347751877788465,0.5927922767169366,-2.8932322452674026,-1.4984873181930094,-2.1866141861893134
2304,-1.1584297147313107,-1.1923867579621263,-1.1739848292188841,-0.9921381954360383,-2.682984018041643,-2.466134878036677,-2.7641487828188924,-2.7849520956659357,-1.3946358772559342,2.118291200727478,-0.14769364869659402,-1.6006445087426209,-1.2943116781042814,-1.7895218306989507,0.03727925487785744,1.2070948139026099,-2.019518961021953,0.7193236378239489,-2.2668513917868656,0.037279254877855446,-0.7574940395547398,1.2945702643816097,-2.244915839085606,0.3219735067174156,-2.549648120986285,-0.7574940395547409,-0.0031813921194476786,0.586408723041361,0.4418470887726762,0.7097406023215244,0.07392030919636075,0.2585309713669445,-0.410385584702868,-0.5243027540906139,-1.1151169716669402,-1.5897999174587523,-1.8690121831154676,-2.010249734729862,-1.6743584644217326,-1.5951535049315688,-0.975975541869232,-1.0429811101392508,-0.9539844216117844,-0.6779027039121883,-0.4731897057984006,-0.7131962367199631,-0.5566185891444343,-0.8037836665705235,-0.8452885994961945,0.5743841854848717,-0.35358163694585343,-0.6709379035797156,-1.366751824429094,-1.37363222674337,-1.7611464627137277,0.003781625519708111,0.14277333487417454,-0.2328967324118163,0.4367735316993584,1.2119983712663955,-0.33166964279418276,1.3448117484493716,-1.1740870961277132,-2.021215678320228,-3.1427403261908124,-0.9912708606986781,0.1507507159491672,0.5148185851926355,0.7793757577745092,0.6480833416080445,-1.352766935590291,0.10831878143378876,-0.2512498002854817,-0.4829630306344247,-0.47641706115164184,-0.08173780605077911,-0.36615294461290165,0.13823788500907078,-0.6506804458418981,-0.02142957913173648,1.182088174465221,1.3635907510961065,0.6621038211341772,-2.1711492610188303,1.5954340938742875,1.0610706349402166,-0.7214397671969627,-2.8718275033949974,-0.2512781825018585,1.971784169633682,0.25945573368133884,0.5018014520370717,-2.877515457662778,-1.4372368684558565,-2.1367804402305683
2305,-1.0301552553132103,-1.0381611056299205,-0.9227171021288213,-0.8897444201221626,-2.504946888550002,-2.677204743034141,-2.8328379953469467,-2.621244645801959,-1.3660635041387816,1.9339483017415446,-0.031359200299495446,-1.370953223227669,-1.0174673388007762,-1.5921596793270107,0.4486827794192674,1.0306455963837353,-1.8272355887872225,0.9090451106604079,-2.1410903985157312,0.4486827794192646,-0.43237977280477696,1.3892693595110328,-2.1003422641269447,0.6224805102189486,-2.487248400593896,-0.43237977280477735,0.9949446144301266,0.5337315682541854,0.4359500831536884,0.6013444518237341,-0.6427133293899819,0.5996012378381003,-0.10292635579131226,-0.2500520257826244,-0.9108188636598383,-1.3850256182182081,-1.7082698172462685,-1.8505447925726934,-1.5441129041092652,-1.4543310898581492,-0.6372649473337935,-0.8121405652396765,-0.9144493941189288,-0.6426462772456635,-0.44396878151958585,-0.6858819186108639,-0.5348618343643938,-0.7801585110973107,-0.824491425831713,0.36059548656889795,-0.09108603810817613,-0.6500661022588757,-1.3085880140590311,-1.0883828867287515,-1.5835526637763806,0.17793569873966167,0.5119137921159531,-0.3383339992255043,0.30663059843910234,1.2597228435464813,-0.3665818598538596,1.3035814798997407,-0.9795060842088603,-1.8445157968892034,-2.9163656849064563,-1.124442136768181,-0.48627649507680776,-0.30191619523977825,0.635989671350512,0.4533662930334062,-1.3853398629558147,-0.01263374513812459,0.4012691550727446,-0.013780191152009201,-0.956538820098001,0.030622532972483345,-0.5915723822738204,0.18033825520617294,-1.1046710992938218,-1.2973543837097825,1.1427126372960963,1.3376170231202613,0.8175711324619441,-2.0849668956530207,1.5326028613622558,1.0215319187056178,-0.6086016096126391,-2.87263761668826,-0.31414809855896547,2.0066188003695755,0.618748012980585,0.40927021110602185,-2.8600315777158394,-1.4197869717063427,-2.0887891349940695
2306,-0.7905877946240571,-0.5522746288023952,-0.5925679538777157,-0.3835473899355544,-2.581202297708383,-2.633053859017337,-2.7622395857317095,-2.685075540966719,-1.5824627393341857,1.930841586672452,0.20534812769284339,-0.4712563341765115,0.05253173664339749,-0.8626592722304528,1.2367035221020461,1.9595076764682593,-1.4642893768177438,1.98086938388692,-1.9293131646100263,1.236703522102043,0.12912374644723082,2.265871832869174,-1.8405191180771674,1.6137324897977128,-2.3739145188805737,0.12912374644722927,1.3034089550805175,1.7471748464152912,0.8612521337041734,1.683406607790986,0.35038820417201155,1.696075350751598,0.8659815125063678,0.6180910909157492,-0.2400311712567983,-0.7897352182204468,-1.2095383215936684,-1.335086606671133,-1.0615324745599164,-0.9197515441404949,1.378392853320997,0.7872107005438321,0.49475424355047837,1.0299188536030137,1.2144655152479307,0.574801321132251,0.972830885064073,0.3864187252778702,0.3536242183307011,1.8719571300722644,1.1027926848632867,-0.018332850391158964,-0.9685478625795615,-0.8044446318193829,-1.2391518758055153,0.1443655115325694,1.95334398865593,-0.3763444660693585,0.16250676888614898,1.016916638052736,-0.4406092720293642,1.2644838354403867,-0.07063334900741206,-1.2841927967297406,-2.7922735747301033,-1.2907017101173677,-0.8991133236327948,-0.45871529852814397,0.6019257422250136,0.055147669058922044,-1.4143374591032654,0.14220303416007468,0.8172034333876366,-0.14802418173696003,-1.0815899780879856,0.5668886748893657,-0.2954258596675247,-0.11955244329778086,-1.125897624800446,-0.7989553708791894,1.3345778308594236,1.55631066215571,0.9798277559758487,-1.9239113030988813,1.479008286872517,1.022111437584896,-0.41648636944254414,-2.781268861798792,-0.37863652508859336,2.3410550126700373,1.0588757930314048,0.3506759444617925,-2.7924283582934017,-1.3442402280436283,-2.016511321581259
2307,-0.47472792524338475,-0.5868958914345114,-0.6022534135222732,-0.7556169659374271,-2.3173908355383515,-2.5808540066028995,-2.0697617875556915,-2.5025627568437603,-1.4424509294490282,1.9050389959656262,0.28817637759711406,-0.8744829473677258,-0.4741851853410742,-1.2165807669285515,1.0503390963973482,-0.4443584995028458,-1.364640398004063,0.4951072180949062,-1.7564201013003942,1.050339096397344,0.31260956631083026,0.7431156066738752,-1.7152292152661046,0.7047121314042004,-2.256836793297181,0.31260956631082865,-0.046486449595678846,-0.13384750663798745,1.1985515525030175,-1.1380979175215065,0.18288918555808997,0.2246823303978855,0.21297672714103613,0.055245407954147514,-0.5948979725852512,-1.065206607726758,-1.4908916213994112,-1.6211464507053048,-1.3752138995235441,-1.2697067956613581,0.8051702131879573,0.4604112887214478,0.4169407546783122,0.6587497808895336,0.8640169782063519,0.43813691450146786,0.6894027284235473,0.17040030048699734,0.14900016431773425,-1.329670583046879,0.6872525495777736,-0.36822166863620753,-1.200865122910311,-1.0817479009231532,-1.2755259830415875,-0.20037793339820895,-1.4003141686377898,-0.46244848992639404,0.0805500271098076,0.7932767048220005,-0.4910755197611619,1.2803533669387643,-0.6254404571247146,-1.6328978812591184,-2.7138375174404157,-0.5247547070120475,-0.0888476494830984,-1.1295829127930594,0.05791835131912171,-0.376531687689223,-1.3261795939244165,0.12370834689880178,0.04243983965524519,1.2326234097625552,-1.052331605183833,0.5973949600342835,-0.25162185439379636,-0.25882781157065493,-0.5774514487782294,-1.6085874883381126,1.3081176881058252,1.4189147856997228,0.22227468421064053,-1.8422698186713766,1.4331548538039096,1.0175438893977053,-0.39251187027612316,-2.767478432579152,-0.4815183178317903,2.376023053888411,1.1666175363108509,0.2756883095425194,-2.719749114312193,-1.2489789397447342,-2.0059859279393155
2308,-0.8386765911497811,-0.7399807668430607,-0.7392340305399934,-0.7097208310035612,-2.285169246003804,-2.338392023978384,-2.4567986753310853,-2.4566920189022126,-1.5616147930773923,1.9772182875282995,0.14309430488492672,-0.7730668895172215,-0.37320845411365494,-1.1164516283402568,0.979702515327133,-0.19856230595897692,-1.2501951325340743,0.6066402181426037,-1.601741436580266,0.9797025153271296,0.48506065034451146,0.7377546289360154,-1.5822063915317468,0.809455361103015,-2.1348950792571273,0.4850606503445086,-0.5452932811860783,-0.5495758016543468,-1.355476563408837,0.5865600785631883,0.08401189341489054,0.1194465928414829,0.3385389105275085,0.18731884359405945,-0.4336047245773587,-0.9259361361111934,-1.404094817974719,-1.5148432066948103,-1.3102755845898624,-1.1983712354117133,-0.05301011257334764,-0.21279186480985837,-0.18626668066427002,-0.03485602335033905,0.17697263738491933,-0.06484274811124417,0.08793494369352654,-0.3118320260374692,-0.328263301161188,0.1825308383349209,0.628751918128518,-0.14987172993931047,-0.5151753897850262,-1.107497639821627,-0.8774727360429436,-0.022516811959313255,0.12571676732020612,-0.5242588158414963,-0.03034752916060259,0.6339714526489818,-0.6363751294357033,1.2431319910900334,-0.3693787815027792,-1.5271183996646551,-2.7110456320389615,-0.254555588109886,-0.42912868650397934,-0.974266581399711,0.4668445104853282,0.050868550210199356,-1.3259767613146676,-0.20233099316460432,0.4243622369107861,0.7982146053172955,-1.3971997982552908,0.43937214197233904,-0.6044595695776289,0.22081868938436386,-0.15555478865652478,-0.9533427147041906,1.4621452479659105,1.5401059263851042,-0.06317603986998958,-1.749498129409627,1.3793225076584577,1.0952723295844182,-0.4768358678589908,-2.8075146431562317,-0.5752880669858184,2.390610027914633,1.1928931182776548,0.19725807932022046,-2.6576744115379447,-1.1785263630056368,-2.006838837445682
2309,-0.7914618857162516,-0.869904610807078,-0.8822084790204252,-0.9456427551507238,-1.9172799684030564,-2.4259851407589337,-2.1710908812023235,-2.3894716850261917,-1.2626795137613793,1.7659218634157747,0.2468728299888725,-0.989920408885481,-0.6563075884770412,-1.302529754685904,0.6522964487011707,-0.9177617385946284,-1.2414415440271802,-0.04314615740466541,-1.495526232816432,0.6522964487011683,0.4882274154638247,0.010862149484505134,-1.5116859548667496,0.3546335785027217,-2.023315486543003,0.48822741546382364,-0.560830867678017,-0.4632622324764864,0.20207087183154318,-0.6207697778781293,0.16548882071940818,-0.6662537246078158,-0.06680264362516282,-0.12624115254976412,-0.6006508900951898,-1.0545524417234997,-1.5548893172116267,-1.647200069447657,-1.4900373851239521,-1.397493324387343,-0.4260986167510264,-0.32618740404544827,-0.34419079943033654,-0.2873757357505199,-0.020132146796351596,-0.15894020209796367,-0.10426787291891335,-0.504467372564224,-0.5178408366766517,-0.8649294221043156,0.060403179902654994,-0.20756697439992547,-0.5093132896886186,-1.1770373826646925,-0.7797958747663466,-0.4747215215837615,-0.742125173154692,-0.5878192090903672,-0.17775184163475033,0.5308013622895623,-0.6976737856386019,1.2077842196218211,-0.6763084214469178,-1.685085025472042,-2.587791537703225,-0.479835702415831,-0.5625619022914363,-1.1761035549496055,-0.6189829944401338,0.20383718075287843,-1.0086959407121028,-0.06570962124988133,0.5421310557294732,0.9582341971858915,-0.29326819045860575,-0.9769050948526515,-0.8743465251637771,0.1401066032267726,-0.639366653780933,-1.8778445410873315,1.149289673409302,1.2437811359702275,0.21083186193675055,-1.6592343683452317,1.3306101677919024,1.1268256816850306,-0.4444894485538992,-2.911533130596399,-0.7161393135294114,2.345621294474952,1.2424773692283912,0.1085915714489352,-2.586654787441152,-1.1425962449243663,-1.9824016218222256
2310,-0.8550373090043769,-0.9951999098780571,-0.8436491781775921,-0.9754576619350782,-1.8634715422430508,-1.898897257645946,-2.0008972202616833,-2.102071164768569,-0.9505319453496621,1.2919564606468066,0.4743757017001131,-0.989873864824923,-0.6727912854843467,-1.2874446373816162,0.47755918396934716,-0.48367960752393696,-1.2167968009272403,0.06864058133921531,-1.415733043117859,0.4775591839693444,0.4987711612690368,0.03666071323965341,-1.4415180748198528,0.3824638295562599,-1.9193939342610236,0.49877116126903487,0.19263778045404417,-0.4395801462170149,-0.22258798866490906,-0.4825178676846436,-1.000609397038098,-0.7045447775569774,-0.08952218907499086,-0.11229967880080087,-0.5165339990378102,-0.9760661591107209,-1.52636726928479,-1.5853246455794776,-1.4846168805888853,-1.392458200183437,-1.170350331043664,-0.8607688213549947,-0.9522273622572544,-0.9350663519450008,-0.7159611537537377,-0.7873941832213458,-0.6938292428808569,-1.0234046183212002,-1.0342028093708915,-0.09272443320516,-0.12369586831004954,-0.14602952614096698,-0.5839949665336773,-1.183162468935545,-0.8998540904203924,-0.40979601028880774,0.25956458959653794,-0.610142666515124,-0.3940629367740932,0.43485198032101124,-0.7193525342134794,1.174181199916965,-0.694866180014137,-1.6456282766349701,-2.4305042704484956,-0.5190634519368306,-0.9709411878464991,-1.1426275411081013,-0.8444850971201348,0.38641992774535144,-0.8962048069439719,-0.47372059568860125,0.9652223916675216,0.6587872851827254,-0.011312351689573811,-1.4637986796306777,-1.0380688039949062,0.6150759977344742,-0.6863942619079345,-1.8636086309660984,0.845974223856495,0.9277297619475727,0.25103964676505613,-1.5777529945594468,1.2923354265472558,1.0937189053522738,-0.35792505823978576,-2.938051725214193,-0.8539806092431248,2.255249825094842,1.2898963501352154,0.01132977461354008,-2.5365895855609546,-1.1702084015373697,-1.9747214522291592
2311,-0.8967242781369724,-0.9974201094363301,-0.8847640682516704,-1.0318106010570214,-2.0551594539279496,-1.9157023779816176,-2.113952398010178,-2.111695092500074,-1.1597618623007238,1.652046859940078,0.414588716513209,-1.016821304103894,-0.7243781094938493,-1.2967980539542063,0.35890409950509095,-0.31859649474721363,-1.1931404554013636,0.0730532018104568,-1.3540008879047656,0.3589040995050891,0.49903078845117094,-0.01699805198483698,-1.3789909022246505,0.3502364063937458,-1.8230701066265897,0.4990307884511698,-0.12643088083520476,0.036113266638208345,-0.12297178372637016,-0.5605701668200496,-0.7147187880043244,-0.4464543081172712,-0.21499645431063868,-0.16108297881272313,-0.4580565139820036,-0.9260866621646864,-1.5192953890277021,-1.5488398715750253,-1.4983878384909515,-1.4097489166084929,-0.95623882932732,-0.886210489096246,-0.950054460471777,-1.0195639898407889,-0.8191484767993965,-0.8729431124582798,-0.7926476020194577,-1.122199243441746,-1.128173616202911,-0.1881445680184589,-0.9720154455418899,0.10299157886351124,-0.5023952586000193,-1.200161193162978,-0.8887640646797877,-0.594130836501125,-0.4730621177459596,-0.6124940850591541,-0.6313182521879783,0.33045298568575415,-0.7418863293941339,1.1422180686033536,-0.7538519502637868,-1.6304542706793919,-2.294724977616652,-0.7345589862422783,-1.090093735298349,-1.1710164380091335,-0.7566890700348119,0.46849137504685856,-0.9963238490568834,-0.45565407697338217,1.0685218494882387,0.6522757282473489,-0.14764658525699878,-1.4614177329879026,-1.130815503351435,0.6254547115511889,-0.5884671895486445,-0.720875617388467,1.022566726013522,1.1357794575849987,0.4333234826586694,-1.495017973187846,1.211593983101969,1.0814352741733704,-0.16377073877827167,-2.875960544534408,-0.9911965498299912,2.197504342062656,1.3959731242026174,-0.0971393884798904,-2.482351806059435,-1.2311103853324739,-1.9563039868046213
2312,-1.0146772228211502,-1.0149463968671122,-0.8741272272444512,-0.9406337951198135,-1.655417403136574,-2.149943936084752,-1.863180652075991,-1.9078770911737346,-0.8223610006043583,1.6037351783378355,0.8299714599006505,-0.8138154937120448,-0.4720973694702532,-1.128376569935347,0.4553184338040294,0.22639661323043878,-1.1153754591702212,0.45853442560723573,-1.2854622851695519,0.4553184338040272,0.5725165858017863,0.3120385323894102,-1.2907064033696225,0.6126220753815331,-1.7268892597754573,0.572516585801787,0.08645948575277447,-0.035713508683706006,-0.42119718799546524,0.3204363325759883,-0.9143742540939428,-0.012735640747195149,-0.08233536963175948,0.024317893819021573,-0.22432168912356917,-0.7483295548760047,-1.4004738911459242,-1.394952020701976,-1.3935852442579335,-1.2933583795586738,-0.7298926956743517,-0.9098311212315401,-0.9350896015888679,-1.1114541494696546,-0.9125085740834199,-0.9500037627467397,-0.8311781085570751,-1.1669866536006162,-1.1866823603979835,0.36930804157721797,-0.2557891197070626,0.3108943786342853,-0.4224972559449107,-1.1181977708999378,-0.8726406655600124,-0.5010471774179519,0.40639914549677186,-0.554262388958618,-0.9344071811328112,0.2315806378988398,-0.7653473045657014,1.111812845499192,-0.5777573852554461,-1.4918047697621468,-2.1757747276998565,-0.9307312579009924,-0.21785244059663558,-1.1583705700372324,-0.8733856636041525,0.5511229997260376,-0.9960511947840396,-0.6263372877562605,0.13074566722115474,1.3091649783634023,-0.004929980722188688,-1.6675084833395097,-1.207856745005803,0.8192267918842929,-1.110475920511682,-1.8460549034761737,0.6744511129886781,0.8009968727783958,0.6941997388561738,-1.3713055837485524,1.0257498015595017,1.052122795345424,0.10999584403509685,-2.8028619329195967,-1.2335677508661818,2.1189274759131926,1.5229123277217536,-0.2037187250396274,-2.4160991150187576,-1.2972799593025162,-1.9243668032865444
2313,-1.036480395074424,-1.1829603016609567,-1.3977616178326921,-1.5455857221638607,-1.0902712864421749,-1.6747423618705026,-1.317771701829882,-1.428475038131164,-0.038235565245912935,1.1297819759038736,1.2698744259828334,-1.3639390654994858,-1.165456237608343,-1.616039425794125,-0.23671286742264944,-1.6913030512619225,-1.2696994156702326,-1.1495023715205306,-1.294486042975291,-0.23671286742265019,0.2911503747863167,-1.2619985261359221,-1.3407103574951125,-0.6073007190247911,-1.662721912654722,0.29115037478631667,-2.13830314890391,-0.6209431667148332,-0.058758276744200956,-2.185410016041154,1.6238174705759156,-1.5117428675309084,-1.2416287669806303,-1.0077801662840298,-0.8857482777803186,-1.236742064055042,-1.8021136845347314,-1.7883002289712748,-1.8367203925366766,-1.7963674806986052,1.4716791544663768,0.7624630714276887,0.6790651602401903,0.2391044261330614,0.5644281448306675,0.5755424896827575,0.8148350137545181,0.05012579042467751,0.007543533550465681,-2.2170806085521524,-1.2640357057018718,-0.41392124666581587,-0.7420018554773216,-0.939227829141819,-1.3307127484035062,-1.0445369356970606,-2.017947914641244,-0.5216864335939175,-1.281872964414422,0.3290076303062909,-0.8658830278039809,0.9981150199248637,-1.4302752231972047,-1.8978295451118086,-2.076616717495053,-1.0850358470386499,-0.760354647335527,-0.9401073471157009,-1.0055623573228099,0.45702268057715456,-0.9813703501819647,-0.5553474665990508,0.684042366042483,0.6419521874801648,0.35712427583476825,-1.6462894891026278,-0.997189544585063,0.7077315745905983,-1.4979103175279775,-2.424325801343938,-0.1020184475077167,0.016189734916867364,0.9441480080983805,-1.302256157863469,0.4450225672613279,0.9427727452714483,0.4279519522096756,-2.7510630097413404,-1.6078829258603267,1.9979297198564925,1.614474974675473,-0.34453277215595335,-2.4007015343419376,-1.3423140921077197,-1.8715067419631
2314,-1.6072809093235565,-1.6620715495793295,-1.8458485249865049,-1.9346418858028296,-0.6246986411062913,-1.1342809936264868,-0.9328980040247299,-1.0354676436009795,0.06294224274192858,0.752779130777787,0.8381326697252608,-1.6055162381484798,-1.428904176091738,-1.8509652156544294,-0.9304179471860161,-1.6745350484469594,-1.4852041142124977,-1.6180474684474728,-1.3763857832780277,-0.9304179471860146,-0.09864322835460679,-1.6844117917099142,-1.4492078510306643,-1.1683955777640298,-1.6365869874312502,-0.09864322835460768,-1.9928023971283282,-1.8161075707681746,-2.2133238069087344,-1.5928958228948589,1.5698117895081138,-2.2084917270641515,-1.8683864944662425,-1.6348249008303959,-1.2999812212452637,-1.5231283209610014,-2.0248763652286046,-1.998907482071646,-2.0906874913712645,-2.089773337431871,2.989104426444335,2.540165110371544,2.6308283869256575,2.080602631667164,2.5262010819733702,2.6854577251470784,3.008967629012405,1.8656457883701103,1.772189538811005,-1.5950157524954924,-1.5570982325865554,-0.9949141569845561,-0.9350955736184454,-1.0515029524409876,-1.5138791724896608,-1.215591802767839,-1.4324394208990543,-0.5034038205859106,-1.6515379139468023,0.5382500133810487,-1.2057519777575096,0.6080965187439304,-1.7103341208785352,-1.9998521690344184,-2.005155656948071,0.07223288028637649,0.3518167695753826,-0.8826461798690444,-0.49578963019226935,0.15389875596612473,-1.2888522439498165,-1.0485540724012272,-0.36269632196282126,1.366772479904571,-0.22994478891382805,-0.7074880149907198,-0.6757551174153008,1.0619071047145332,0.02400415315826746,-0.5623946322071719,-0.0513694253154627,-0.07695118528223742,-0.1735844788450755,-1.1723578491187063,-0.1319051565712938,0.8756497420143872,0.9950647214170364,-2.679615063607912,-1.9126408509844417,1.908308503198087,1.5988185976420786,-0.5253962737003632,-2.429350413485899,-1.3832010369358014,-1.858612442430552
2315,-1.8993990355226325,-1.7276483008256391,-1.746355723149614,-1.5605357341830217,-0.8810354759541618,-0.629837587339127,-0.9079908757887281,-0.7032284883214855,-0.8269581021288454,1.18721525042207,0.5859271118076321,-1.0198989914637095,-0.7371194128169362,-1.3560876670114985,-0.5511884714680519,0.9152838704106416,-1.4413376226937435,0.14776998425830917,-1.4140757316935768,-0.5511884714680513,-0.0813125642469681,0.07770301559576619,-1.4268057363399032,-0.006068764515836873,-1.6099347183138062,-0.0813125642469681,0.4057097952255867,-0.306221478795743,-1.2779560008586641,1.4989778402741818,0.3253646478736755,-0.5628870024946774,-0.9783389037225131,-0.9047569971549426,-0.7527553291208282,-1.0815041019824807,-1.6848852671213195,-1.616554419092948,-1.7522580842777988,-1.715093504207507,0.38969529812288994,0.4746001342222213,0.6580125250247463,0.542464962725914,0.689833457299287,0.8281247061400865,1.0069365504385934,0.32756767360652717,0.27179611577371277,1.50803244186189,-0.9293350069930384,-0.7071718712320841,-0.583617928652597,-0.8618003122970512,-1.03666889720986,-0.6769732473211061,1.3068350878013943,-0.5639630310841659,-1.7482023949352177,0.7260645949697094,-1.236820128541909,0.5846488942131941,-1.0776810561886092,-1.6277779129303251,-1.930391409149097,0.5236430428231778,1.1663569923254036,0.006069306972140858,-0.07261217158965376,0.32677210373310395,-1.2767192091739723,-1.2610007891753066,-1.17220429127895,0.8372895292096175,0.09723138591529489,-0.4950670503183875,-0.3185712789714176,1.3118611990688092,0.9626725327368943,1.2839060443444836,0.863005981415757,0.821412961860171,-0.6785356492875888,-1.016958459093783,-0.655414603855058,0.7246205828973603,2.5266170585266328,-2.6687334610926388,-2.1442511828785316,1.870280702915425,1.5350626739479565,-0.7082835217820708,-2.4539544698686035,-1.406714324285705,-1.8618137165133304
2316,-1.552431192126973,-1.6720948026247133,-1.7500226992028634,-1.7575457720745555,-0.6434647125925734,-1.012247829203032,-0.7152001105627533,-0.7447197797928979,-0.7131394574725304,1.213536532963255,-0.07927078888376479,-1.1523152664813532,-0.903782171335933,-1.4661795895819858,-0.4894499489675525,0.14896583364244154,-1.4550527513002796,-0.2563023108452436,-1.4431573142052665,-0.4894499489675539,-0.14416019247040196,-0.2643762280346527,-1.4336034002864126,-0.2745864002679066,-1.5896944414818965,-0.14416019247040335,-0.06142933424564813,0.21699170627073341,1.4548487766938476,-0.9950646443313728,0.833018952747115,-0.768608979122181,-1.1242940492063203,-1.1619410510910677,-0.9323318723650983,-1.1947714437572836,-1.769172152423413,-1.6852713189092188,-1.8574452773361028,-1.84269102316959,-0.296147531247111,0.13412007816071522,0.12835476004345528,0.12990424203588644,0.28524490568245375,0.40251847234055316,0.5293837229182358,-0.03662043215694195,-0.08352754417461082,-0.8072560365900265,-1.169993694085793,-1.388011066989601,-0.5319167369480072,-0.8948301303290283,-1.2577569643404969,-0.6328631705220642,-0.8864636915848636,-0.6772333139986996,-1.7737989337242293,0.8515798814133655,-1.3098721276143306,0.5611557181993305,-1.3279618968887823,-1.7412646854750744,-1.905871213620045,0.8052898960663248,0.4567519266594051,-0.36593993178975937,-0.6361445714570315,0.016679694079742638,-1.1595463561825743,-0.76769820667785,-0.3950050670190612,0.8010069276407319,0.45324721057137046,-0.6655344286012924,-0.23741356161768798,0.729267161602425,0.7247865914735585,-0.6173137468794898,0.7891351899683634,0.7108327234461499,-0.9285293949866493,-0.8863954993216548,-0.7002607978958492,0.43074895486036174,2.2949896967251244,-2.625253551531293,-2.245854420788774,1.8264143821567775,1.4642420558442366,-0.919268955853293,-2.4897014498032433,-1.3285655259050724,-1.886315641763556
2317,-1.8920640249286529,-1.8521446674895103,-1.7228621894687732,-1.6879192164321846,-0.7550786934758297,-0.640044102187138,-0.8441367427084301,-0.606459064349151,-0.6848871012281563,1.2611341556741198,-0.48626216917197224,-1.071770229403652,-0.8201454207837087,-1.3804403209109648,-0.25564249531204125,0.575437379752446,-1.4119254566554198,0.15011906720589915,-1.4464844548237217,-0.2556424953120425,-0.10703935095088718,0.1619647861016569,-1.408137969912585,0.0301009618008242,-1.5673710265495944,-0.10703935095088857,0.023017850340159452,-0.8412840180067621,-1.4518650408113556,0.8135901125034032,-0.7384675506305232,-0.06949810466965066,-0.8455972316521055,-0.9591026283633525,-0.7942677656658309,-1.0653117328512336,-1.6710793845323495,-1.569757256910254,-1.7702473272204509,-1.7487732935977784,-0.02347922373217643,0.7917524411402441,0.616790894698626,0.7484328212033555,0.8748753435999888,1.0841566610428337,1.2260192419796063,0.5248206374925793,0.47397273662041955,0.17082851584945372,-1.2276776082510445,-0.9927647889067295,-0.42260297176692063,-0.8567261471639727,-1.4472386973927351,-0.9524762140522798,0.1380819292763207,-0.7473809293476353,-1.8504633946085438,0.9622176864762902,-1.3681383256600363,0.5376336315987625,-1.1937982938343847,-1.648853793625917,-1.8676014475308653,0.6935639776616457,0.5982375949696755,0.7398421963186417,-0.8127521252811302,0.03315003346060295,-1.285636165128573,-0.6899289103569064,-0.5564397419017905,-0.514344024232115,1.7457983057050612,-0.8676586203409,0.4171178404132602,0.656483514437929,0.664337349951102,-0.49592696487629767,0.747448731824216,0.679853971108202,-0.8303686270192651,-0.6661446519371594,-0.6524640261349939,0.11885737830283069,2.1036654324455415,-2.536447871423565,-2.261785830518146,1.799195593343126,1.3887662281028637,-1.1188627476956414,-2.4765518999903353,-1.2213352090360214,-1.8984904168164396
2318,-1.657704972468915,-1.779422263251485,-1.5931202220619811,-1.6145391899921113,-0.8564070075398174,-0.7986462553611704,-1.0483712026348018,-0.7581259930121735,-0.9782109793123844,1.8644485684870298,-0.7765090543963765,-0.9721981090457051,-0.7085123775470415,-1.2836077753428004,0.03555102476875713,0.7145024744279781,-1.332943845055666,0.43785193954542156,-1.4203320346085753,0.035551024768755955,-0.00125297978431335,0.4578383058680225,-1.357148288391039,0.2944722635494606,-1.537817095927979,-0.0012529797843147115,0.5045542206228157,0.17064864704907107,0.8783572737591565,0.10378695449687404,-1.2190955889212676,0.23219794846567712,-0.5391830553760306,-0.6700157949276676,-0.656013006127568,-0.9248401473131727,-1.5741193169597767,-1.4537819711532174,-1.6819330810756266,-1.6536023791224286,0.5285548272988522,1.496581234556216,1.4515831376074924,1.5388009870240982,1.6796808690323826,2.0437543638066535,2.155853049565362,1.3563372500554516,1.3066898010985868,0.22166912659187535,-0.24878739356845433,-0.9742358752229031,-0.4508016810333834,-0.7158633519384507,-1.3188387791305178,-0.7990016334606502,-0.24273040427837164,-0.8045216812374034,-1.9104242746831839,1.0340552938124912,-1.4653384530314266,0.5140179242578929,-1.0032972387328474,-1.5541187673758452,-1.8701475524644546,0.42736142165861585,0.7798064210870862,0.20417342113932987,-0.9997828956823164,-0.02264627527368224,-1.2599447167825493,-0.977902119686065,-0.7784901365791488,0.313549592411796,1.4437852141392333,-0.9912031383407341,0.14702657794432406,0.8918553899537952,0.5854649091059846,0.16572977305937772,0.9950935811795101,0.9759241217984593,-0.5734422129777822,-0.5893676845386961,-0.43035063665650075,-0.08381843245336251,1.9769926099324426,-2.4856508253327796,-2.2179997956836184,1.8074798339448452,1.3038551951993678,-1.334861368523443,-2.4678657053932582,-1.106077306704961,-1.9136793660357407
2319,-1.379364635620517,-1.3754405791997795,-1.2939874575606498,-1.2126351839549294,-0.9238279265613633,-0.8894608047509296,-1.0594696178398477,-0.8307658987752129,-0.9827580787184489,1.778600412807482,-0.8520821345119228,-0.4062338020048205,-0.032205000764285376,-0.8129138315631045,0.7442615343634684,1.7036818262165854,-1.113892906985668,1.5088039873818289,-1.326040439013603,0.7442615343634663,0.347912013027876,1.4853600654736614,-1.2165203919164869,1.2020602793699735,-1.4827695397111555,0.34791201302787417,1.3608909434960013,1.6412130741256747,1.1281626932819893,0.6833555849327745,-0.47147921120702,1.169817569538216,0.37261304883810076,0.14487098832800807,-0.10447229555160364,-0.46287870707341966,-1.2559224264969844,-1.1014890360221583,-1.3612422375755922,-1.2923234234021628,0.45919392875618115,0.9797179377157209,1.0850883264224793,1.2225948123209442,1.2694342108398622,1.6946521386540123,1.756891171153945,1.1100324191671984,1.0598978651524966,1.5990723481874474,1.106384174773064,-0.3410829932129419,-0.2411063121268717,-0.3579081472494629,-1.058835380462629,-1.0067467379130224,1.739615069501312,-0.7899435042659447,-1.9963036706342874,0.810691028545778,-1.7475630001194526,0.4902363685812707,-0.05252965286859514,-1.201407770853685,-2.043847830749833,0.17480100017989067,-0.3607544994736542,0.11281877545354066,-0.9819246808186016,-0.2803094220971148,-1.279249285582296,-0.8549774872584969,0.40155597837607654,-0.4093733983867954,1.3275134845164893,-0.6670461690174374,0.3425795626318415,0.6708249003680297,0.18245085552102472,-0.5085258211846847,0.9672605149451674,0.9792762033228823,-0.32605775765773193,-0.40789174071120815,-0.4613176938190241,-0.3004893379039569,1.9051078114579727,-2.4478249324329586,-2.241621133848287,1.782398944913789,1.2433616249714812,-1.4999845169665134,-2.4347944965804413,-0.9679568249750817,-1.9080167914555342
2320,-1.3081818848254034,-1.4292126514662877,-1.3754395595191327,-1.4971006515222367,-1.168862543621893,-0.9056884347831677,-1.0348554440627158,-1.0894395119784048,-1.1558774058920147,1.6489466389442393,0.023513072393376994,-0.6706639885016488,-0.3889449827449663,-1.024286984985318,0.6497569014362756,-0.22290983267139075,-1.0600353197897328,0.3249847667436811,-1.2452347836937205,0.6497569014362737,0.4142187382056078,0.28406250964213214,-1.1554987791066096,0.46881412352349566,-1.4258629756372052,0.4142187382056064,-0.39349582446579756,-0.2508352139832804,0.2576264505653452,-0.9218549522455798,-0.2869375955359693,0.1263701741132539,-0.13419825706972277,-0.279963476410569,-0.4468328856862405,-0.676692863757572,-1.4156314336815627,-1.2613516271046512,-1.5378696150585671,-1.5022336039320932,-0.35181394605906224,-0.01855655751423942,0.16598020646559003,0.36664971037233146,0.3547926268946606,0.7247244134304816,0.7583271213277831,0.32933684055215084,0.25234931278550166,-1.1348061012866812,-0.017957372177923533,-0.6260093422153351,-0.5571370809681101,-0.49726687068770525,-1.2139477638500904,-1.759359133806591,-1.1273548810751344,-0.8209316193576531,-2.037860139984846,0.638822687508275,-1.7670901268897483,0.4662066693128472,-0.5071603932210281,-1.3951942308890382,-1.9724395677968847,0.5437999124003203,0.11339568320891752,-0.7681838239620943,-1.2111754523091176,-0.9140032734084693,-1.1802999702810768,-1.0184673502918462,-0.059846285666757135,1.0561311925046883,0.8033196561876191,-0.12432133816144837,0.42659191955954917,0.5693737694629473,0.6406689604720721,-0.2545983649008047,1.1791935561830715,1.1502455725405853,-0.741198728581919,-0.3199646193918858,-0.4982243411715177,-0.4819881470733774,1.7659807965579517,-2.4020252063534273,-2.371850728549395,1.7608558069309819,1.1424058438378306,-1.679523590499211,-2.381104835489317,-0.8488430716586172,-1.9181547566492254
2321,-1.5327684385095137,-1.6456691856418144,-1.490815118964135,-1.5791045287516103,-0.9011340923474573,-1.113084801304892,-1.033087798531396,-0.8765697954813688,-0.8427216282925177,1.719442122620698,0.23985553951635907,-0.755530284205784,-0.5069977169538034,-1.0847579934722569,0.4648044290515242,-0.4596718028805739,-1.042697263239985,0.06234377073142167,-1.1857752819014997,0.4648044290515228,0.40944503193326354,-0.018928707166277044,-1.1164623066130184,0.27344131332018357,-1.3723993182233016,0.4094450319332613,-0.626100798459321,-1.0521995291056951,-0.9815942783848769,-0.3591662128214903,-1.1605134632332783,-0.3353555655996287,-0.2395187924971013,-0.3833414405648374,-0.5596459464442743,-0.7042352314876366,-1.4403059952226807,-1.2791434737452656,-1.5749871709793972,-1.5505980160090203,-1.237505531713658,-1.0227895137006737,-0.8484985852886404,-0.6930187951968853,-0.6708326189107476,-0.3996528398759301,-0.3548517658589254,-0.6486330114599852,-0.7095779088996402,-0.4586278833654651,0.13684470762776085,-0.6967314565794193,-1.003602563231921,-0.39144621494147114,-1.5042973618236004,-1.9512141401608658,-0.5651870230776422,-0.8753155802400517,-2.042634506756685,0.5360173635858229,-1.8314752688222975,0.44183297970555196,-0.599893152326835,-1.440479071622948,-1.955636216340399,0.6132553367044123,-0.7690829528171702,-0.5502017342690274,-0.8367712346786205,-0.8076634236228706,-1.2384289016340642,-1.674647827678156,0.8844563849791419,0.14096709380962685,0.5441019337224293,0.12873023922864985,0.45235170589221835,1.1799835824195315,0.4134428318946372,-1.2675295733100775,0.8861192754680334,0.8377490617968205,-0.7674195928770144,-0.29613482995205276,-0.6255527072813248,-0.6010999596966062,1.7501009477054508,-2.321368090974771,-2.42556339187849,1.7400208656823257,1.0772003698805082,-1.8528395701656046,-2.343586767088589,-0.7070364941326993,-1.9587656723128326
2322,-1.6631410463648424,-1.631309785496432,-1.6507398025143567,-1.4602012024706459,-0.9075718239168664,-0.9569963351086607,-1.0552785621001886,-0.7943197430619535,-0.7615668094587646,1.7874291187886413,-0.22233493001182836,-0.6138505167841819,-0.33835744504913395,-0.9589659112499479,0.528865011756208,0.14868842865579854,-0.9750156887766248,0.4610448309246913,-1.122804425645681,0.5288650117562059,0.4855713895801219,0.3358339085654734,-1.0515097654346068,0.5538214645666972,-1.3159111881834404,0.48557138958012114,-0.9199750244532999,-0.08441083335498097,-0.6937438675367065,0.8732988694275234,0.19318532670396868,-0.08451400882165723,0.11688019562549096,-0.10195896587740379,-0.4081934562439099,-0.5252441438900383,-1.3284232619011211,-1.1443317032523201,-1.4693204085698173,-1.4348383654455696,-0.8376251757220305,-0.8158811757888663,-0.6118843283769262,-0.3857516864954948,-0.42303207138753496,-0.10166860659577341,-0.04670671406278385,-0.3665714030155246,-0.4457559103425374,0.4037046003829844,0.23263699497290863,-0.6841752063694481,-0.6568096289585982,-0.2623541154063045,-1.3775327847568093,-1.9525996793666316,0.34156859177637494,-0.9099238344472497,-2.0443322205933425,0.5219991169813115,-1.9240089144631065,0.41700100335772966,-0.3045654409470797,-1.3275371273997216,-1.968898346732132,0.41830286790339255,-1.0989112771941834,-0.3699476176898311,0.000610788429482781,-0.9743543246919775,-1.07473677466895,-1.917605085719246,1.2092358162167225,-0.33277191519517396,-0.3472984750757874,1.2229617931110608,0.722490813923468,1.3262178791611772,0.3654369054115739,-0.7052201987188407,0.7829632519652379,0.7552181628284077,-0.5692982669187615,-0.29008038074854536,-0.6171573302114589,-0.714965570146646,1.6955545013390692,-2.2576248566117605,-2.4198502324217346,1.6983902192589113,0.9682699237869672,-1.9967540564155823,-2.292985813517493,-0.5981992777446439,-1.9688022460877597
2323,-1.2679048800028987,-1.384116933886466,-1.7008230258500552,-1.7528680496002311,-0.74296138182336,-0.9237529653950388,-0.5684163701298849,-1.193682957882128,-1.1771196389830065,2.1248286977665036,-1.0125143817974838,-0.8952823822203473,-0.7101184764552868,-1.1853389713413773,0.12048210635868399,-0.9848874559626271,-1.0311522274331446,-0.49450149903564944,-1.1005856489501926,0.12048210635868192,0.34318195319032324,-0.6266764846365666,-1.0580346892867476,-0.16024588698743714,-1.2727377749649784,0.3431819531903232,-0.42595404463408126,1.0345661215901487,1.6277358126703771,-2.3617552003689926,2.6347481351868653,-1.1384157128575358,-0.5594030427919084,-0.6282561982949114,-0.8105128188055327,-0.8104536840380732,-1.5030540319912271,-1.3239986752924975,-1.6539969602905764,-1.6554327049207092,1.2633398692622284,0.8867258546246635,1.113459807599102,1.6580620764275296,1.4896258583776798,2.0849261522500657,2.1247252462082082,1.619783098607322,1.4926128097092501,-1.3865173911342836,-0.441439858392527,-0.4593017492873369,-0.9580578540418117,-0.5531255223029158,-1.5096582526569027,-2.0434567713239056,-1.756742588378151,-1.0078041300561833,-1.98809635502329,0.3286263808975957,-2.0010996225482387,0.3138506016342801,-0.752803112096737,-1.5205318619082198,-1.9377736494970024,0.18595410274075058,-1.1769549980788658,-0.33308904051183125,-0.5045793768441926,-1.195580069873368,-1.1087694337682938,-1.9447186084932977,1.2647142938963867,-0.4440331341986382,0.32136301736903955,0.9691503539253465,0.9606435938742587,1.2665777624906933,0.4347424704195568,0.5627115765933599,1.152646809841389,1.1808894655479458,-0.30695926732014567,-0.583976011241056,-0.3914443009721366,-1.3097526354398523,1.6333526756439583,-2.2142947367566754,-2.2881546226098317,1.6414642907718633,0.9085351899244744,-2.169898001014249,-2.253189584100391,-0.49623578500798665,-1.996598535766398
2324,-1.7481260680805442,-1.7421202372589242,-1.715764580035247,-1.598223839615254,-0.8896596171803134,-0.77839434124522,-0.9116212495902756,-0.7296204097553538,-1.2026310059303604,2.128812849680742,-1.4424095386783078,-0.7106309206152694,-0.4829494182034063,-1.0268669651674596,0.1738640233410978,0.12519896037018824,-0.9987564634891295,0.1955689077980874,-1.0744392582453424,0.173864023341095,0.35370433033833587,0.04326800822946393,-1.0226846078106293,0.2762864123089319,-1.2307846806645204,0.35370433033833587,-0.2723374652832122,-1.7217208080622264,-2.074074591632927,0.5243277416675939,-0.03854680596655493,-0.301128615766471,-0.3022027448727046,-0.24078939397751992,-0.5899745589648054,-0.6319148548495899,-1.3702631182056135,-1.1601349061343298,-1.524940912021422,-1.5133903749683195,0.0694997889481275,-0.14798392985263856,-0.21702340326040495,0.20946620455703752,0.19435127158217425,0.6248964986430859,0.6811274910474621,0.32464142863801587,0.24099752177614686,0.5355000798198704,-0.8581986637703773,0.13602320636481166,-0.6925263555560881,-0.5563683713142424,-1.4361577464802293,-1.8205874237791624,0.49215650714522957,-1.0667607716738243,-1.9518719428986353,0.17047654424759043,-2.01687300927865,0.20442078018992807,-0.47483626282762315,-1.3648968249005367,-1.8654290825444222,0.47384102465894506,-0.8403234706399163,-0.6424732823225057,-0.007748023509156163,-0.7407276069058657,-0.9394960258742167,-2.02012626956213,0.9391010716887436,0.19370037758173136,-0.5991802001922105,0.907466231202904,0.3293457710220242,1.506725732371617,0.4895251022511168,-0.4266165628821886,1.2116876313314056,1.203965346070678,-0.6214930467583675,-0.7742658482586136,-0.19468374760295556,-1.5465592746886492,1.5855587201139596,-2.1475750814415036,-2.095501101396299,1.6217513539862614,0.8394258525657707,-2.2973546864163312,-2.2078356524858456,-0.38141029025771184,-2.017420566124428
2325,-1.7314924941731271,-1.7547880507205438,-1.6234212181852918,-1.7214664436939027,-0.5745200234590879,-0.7354106744310541,-0.7065132135655676,-0.5999057562638658,-0.794925294606201,2.0058698533112853,-1.6286946463763288,-0.8587040801422622,-0.682201389661159,-1.1401634936309444,0.01697506307381396,-0.3965317910533958,-1.0209654227864313,-0.22521509689143143,-1.064279918643652,0.01697506307381279,0.27644924955084477,-0.3748535894903165,-1.019151241002225,-0.0359388719234935,-1.1965794998050077,0.276449249550844,0.29563411440004195,-0.3327746103814544,-0.12853920085419715,-0.17862391054733542,-1.0415594277315081,-0.7090367236065692,-0.6473863622211335,-0.5488465260918997,-0.7770847068402923,-0.7642961762768693,-1.438767595793526,-1.2310879587886163,-1.6012738829698094,-1.6077622938015754,0.7762163795230402,0.5202123873615371,0.4018478258698416,0.8624331890543216,1.0216695626154,1.618307787164261,1.4957282987136078,1.2204614792917403,1.1037967723542843,-0.8337124120123942,-0.7247270205730042,-0.4923330283065265,-0.8268877653131443,-0.7291386993973729,-1.8377795262783032,-1.8586513379740568,-0.8284636885526325,-1.160776287985451,-1.9038776141095717,0.01449656731787962,-1.9471007756465444,0.17280793955378385,-0.8046843256244894,-1.4696885985180965,-1.7857309284462415,0.2530347924329571,-0.10455368087945913,-1.0668357152267633,-0.3818723027995396,-0.6819691753246667,-0.9243209276296809,-1.8405609312034306,0.13790299987046736,1.2718395896251862,-0.5377002544210701,0.4512242844044675,0.007244740981559943,1.3703202387135427,-0.00806783298212136,-1.3660929363077308,0.7934799135821303,0.7962941679932795,-0.3469047737289448,-0.9211821007283673,0.025809333804606475,-1.3852840423394783,1.5274393268131432,-2.0787223378453166,-1.7457356170375224,1.646182861678312,0.828381020766559,-2.4152289400283213,-2.1738377483472324,-0.2566920508909109,-2.013588210911475
2326,-1.7299915308904728,-1.7460967566202876,-1.6964540102561492,-1.6452199256616746,-0.5585310926471732,-0.6052691816787757,-0.42649882848124715,-0.44809028076022445,-0.7290012611332302,2.2443084208086184,-1.1533789372861536,-0.8158190905702396,-0.6358700636622602,-1.0935548585539303,0.08297841758283367,0.1530319971525401,-1.0018485826425223,0.15395842079746763,-1.0503564964437155,0.08297841758283234,0.28071655979072996,-0.004514388934239956,-0.996219122898425,0.20674220856982278,-1.1641671191968679,0.28071655979072824,-0.6737945122636909,-0.2131071060072343,-0.21624908289645028,0.2492730494636954,-0.32731878370353235,-0.3683748224763389,-0.5320579318868295,-0.4819444968244436,-0.636573136984941,-0.6782782723135127,-1.3668834416459756,-1.1400943934430243,-1.5354815388595586,-1.5386912195532423,-1.032597175985021,-0.967008274655496,-0.9062093629718425,-0.6666118760678557,-0.5436072094830986,-0.18758600086652938,-0.23385354577120832,-0.49010487853584134,-0.5608501312596378,0.18405586990578066,-0.47208446483027455,-0.22217518322958774,-0.7658488599167442,-0.9768597953781142,-1.7389131696933162,-1.8831987379832473,-0.11962967899368274,-1.2374221205567513,-1.8803344078679969,-0.0488777149393111,-1.9542000537098339,-0.011290593960315388,-0.6654799094011615,-1.377977826498202,-1.720605356055366,0.2522507421581669,-0.056413978484897,-0.6198116771918227,-0.13042713870340208,-0.3276091832395226,-0.41984358789580367,-1.8508017855826588,0.08633481452989865,0.7144861400374122,-0.40419322997857815,0.28349255143120095,-0.05150185344328031,1.5248293459586197,0.20764305846210485,-0.46695808613461853,0.728335282354272,0.7296948196252827,-0.3460819277920342,-1.025693085565844,0.17813311832242618,-1.4338125815872647,1.4393220984318162,-2.014197308025083,-1.5208437172335274,1.6165241017072032,0.5813495343491057,-2.496309984598653,-2.152961447171577,-0.16677606312418194,-1.9971419317047379
2327,-1.5662241842831954,-1.66161790505781,-1.6947418865596793,-1.747692117052714,-0.3886794743888756,-0.5485499855886431,-0.6085833924979637,-0.46918065616686705,-0.8548211746843539,2.2329447750156475,-1.5656338671231365,-0.9575988739390422,-0.8299103833292758,-1.199289596477645,-0.0449915402313618,-0.29515654326118507,-1.0290495076172184,-0.2216171902135453,-1.0497352214961941,-0.04499154023136354,0.21245365694155796,-0.3526773223765665,-1.000292486717539,-0.07387752576768644,-1.138889289806581,0.21245365694155813,-0.2309451734937191,0.310850589756095,0.6534980020937974,-1.2381431626093113,0.5188698360471427,-0.6545774098008087,-0.8957720522162426,-0.7848498987177673,-0.8059175738151668,-0.8029345040203503,-1.4273719021296127,-1.2085335234454926,-1.6003489790063707,-1.6216452956560894,-0.2688444278961297,-0.13000825144665382,-0.08762438126715412,0.19333386841318173,0.30154586463977096,0.8953506592209426,0.6629253260981028,0.4999777163421505,0.3924287256907049,-0.7832391079059473,-0.9756733184636762,-0.48343525182750546,-0.9828682642104787,-0.8725742523723701,-1.8820661910946543,-1.9728741781923937,-0.9110639043777885,-1.3379298807055195,-1.8509668948326288,-0.0634704642400785,-1.9230090658681505,-0.1427041818282244,-0.9254885941184454,-1.4529010536152964,-1.6576907230006985,0.019169661862329528,-0.3392469251277531,-0.8630854617574516,-0.14611534458188277,0.24532821493970164,-0.39491741272065295,-1.865886023960589,0.3565273576030362,0.7930129636699176,-0.5808547873741845,-0.5046632671129962,-0.8059743400582582,1.7427568550602957,0.11154121992971607,0.11413939914804695,0.8227466019925833,0.8610197974365498,-0.08409620428599138,-1.1153708005046217,0.377272010611182,-1.7622859734386105,1.3028025802726315,-1.9526325977443764,-1.2222896968719383,1.6620619174361226,0.11700463272822462,-2.574733785664236,-2.120441790902882,-0.060440155573556316,-1.9662490297386452
2328,-1.6989488588006716,-1.5272066536696953,-1.5656395060312613,-1.4802470720704586,-0.3102878885527907,-0.4801280944395829,-0.4413750918089055,-0.2017943858032337,-0.41319844105190223,2.013581880393242,-1.2842783973648177,-0.5465964501409701,-0.2761023119425839,-0.8856192315164789,0.4171296917343957,0.9878767599209686,-0.9341330271574846,0.91886201710063,-1.0166122184067823,0.417129691734391,0.3829211944463686,0.717225914780482,-0.9378757216238297,0.7825072881731022,-1.1050582692036597,0.38292119444636735,0.6163051127463148,0.6527367607095821,-0.8584165273501888,1.0257272724449802,0.5831854785531417,0.46031176135408386,-0.13967707229217516,-0.14619674979490924,-0.3369241368844234,-0.47693494353673693,-1.2112808671492419,-0.9571767891279586,-1.3937391112695992,-1.392552217362073,1.615805290324244,1.7164285369288539,1.5775851901576576,1.9658302242582817,2.097857365331419,3.0391826539667863,2.5784200846618655,2.7316664861179034,2.6070057382789495,1.3223841361696504,0.19776695956333434,-0.20833647045492473,-0.2885553109230916,-0.7244456529814869,-1.661240425789346,-1.5369099401965987,1.5832955741154278,-1.3130532218131477,-1.9596685654644748,-0.16406724886235585,-1.8667265205717585,-0.4698363034217498,-0.4447195635192427,-1.1702400965790853,-1.5097674342225007,0.008365318083778597,0.39484061304648493,-0.49597555140110094,0.33442288986668983,0.15787768184441076,-0.13051620013635976,-1.9163618968045482,-0.40865304162869476,0.8283278575399121,-0.8191338510267591,0.1663293684479133,-0.4824697473448781,1.7656171108942011,-0.30369807362358703,-1.2607397883943123,0.39759038802997926,0.4139097667855608,-0.06224868363003928,-1.1538823198520616,0.5080747912872489,-1.8901552496813816,1.0934894173518253,-1.8880305411030145,-1.0247907317345843,1.6464518877229455,-0.253236892787101,-2.6002785529865244,-2.111196065199686,0.04260475559724509,-1.9289701448866279
2329,-1.5015316726469932,-1.5603606736050073,-1.4280559799784855,-1.507528631267381,-0.6661134330910612,-0.19750174263893708,-0.4713561165304334,-0.5936622866624814,-0.45056311694627177,1.8579903870646983,-1.253006768053442,-0.6174036287938423,-0.38447634942916353,-0.930913453399293,0.5649061640768483,0.2802434264415327,-0.8811980269211259,0.5545516271522128,-0.9765985233069017,0.5649061640768446,0.48219715150832654,0.36203546234909445,-0.8926469302759549,0.6111163753344008,-1.0683543767118908,0.48219715150832587,0.7306868182055907,-0.4032833913425894,0.8742474444762925,-0.2286895598656982,-1.1670599989235273,0.2612298795654307,-0.15509640007979023,-0.2792391577135736,-0.37854527874230615,-0.5144774277513801,-1.2157642139601783,-0.9606351104706197,-1.4018135754243317,-1.410734274934556,0.5920214255228894,0.9637546279771494,0.8026419936100359,1.1193406843360598,1.343146114799507,2.0961076191202235,1.7293127615891188,1.860222604682274,1.736880197341821,-0.3040776759662671,-0.1997443068240359,-0.7994368141381184,0.016347170754593503,-0.6422813900286708,-1.6678334682623976,-1.703710881732482,-0.21033385963085666,-1.3400040499915185,-1.9749542666649542,-0.25441998615087885,-1.812094512252569,-0.7307779442522995,-0.5706722498626493,-1.158663600407971,-1.3998420277419779,0.07794792965147676,-0.6276671117507002,-0.7664434882796087,-0.7017689565132222,-0.08975411313577443,-0.2631642285571978,-1.569883387558906,0.6535739375920845,0.46217012116284556,0.2034774735980991,-0.6996931727304592,-0.3685621638149382,1.3799823697987135,0.10831533593182537,-0.27664652342708496,0.44050740288932794,0.4452571697100864,-0.19709662142211626,-1.1720009760938497,0.5643240049523771,-2.107679158299941,1.0270517526465208,-1.8298160669299617,-0.8126449890555967,1.6327142118642954,-0.5541506574855152,-2.6131852994346154,-2.0936052856382457,0.1430325007588304,-1.879479504527062
2330,-1.4346024237290544,-1.372153041290292,-1.3098746871771616,-1.3453652421471434,-0.5815511244041338,-0.558327219117163,-0.4584996895051276,-0.4739471632439279,-0.38332236944515363,1.6618090530935945,-1.308355266099126,-0.3712580438405898,-0.05301961589979115,-0.7440546924530277,0.9318876909334196,0.7119888154768959,-0.7740224653884248,1.0634008517995546,-0.9140702318921657,0.9318876909334132,0.6977959179571289,0.7989164628363526,-0.8142335241013998,1.0790030736486926,-1.0226016121202584,0.6977959179571281,0.6371121992775031,1.0834117479959704,0.21411331618258056,0.3767427845375643,-0.49366658202971847,0.7993696660640957,0.39718141534429147,0.17208213117076987,-0.05042143707199066,-0.3012456028612484,-1.071899222228818,-0.7853467048841634,-1.2692532987824108,-1.2691318996073209,-0.2902709594990052,-0.03653962303157636,-0.054031358773882765,0.09414018393907825,0.38779140182706257,0.9510032810983218,0.6779315907038229,0.7329572815846539,0.6001382663565877,0.8178937033513707,0.5626225719010791,-0.21176096466941877,-0.16195270384968657,-0.5191088569093502,-1.6283200321523612,-1.4889407724985042,1.0460792619293926,-1.3192006812253083,-2.015536404427416,-0.506241247523283,-1.7429324194939435,-0.8383959442657949,-0.29321949070037084,-1.015058096983654,-1.3352776434046565,-0.13411488737872787,-0.7347609531828715,0.1771398579523641,-1.1893211454976917,-0.22317806440557594,-0.17899902644653995,-1.6746082340559063,0.7359223951746984,-0.6202509226123579,1.50886193226563,-1.0659139228082686,0.3440301439496703,1.4417220230327368,-0.17324464638529236,-0.4866025988079143,0.35722107048734253,0.37859553865720424,0.01877256898702375,-1.1994915179963925,0.6546332395295189,-2.564688565717534,1.0137299922904608,-1.7794785655701508,-0.5783852375678368,1.6220069464950593,-0.7192469891374299,-2.5920785240095365,-2.070426502931604,0.2960645079344508,-1.8398229047225019
2331,-1.3617116492802013,-1.3699063335592374,-1.2906834224315191,-1.2473389247522615,-0.5942014649968326,-0.4834398835384839,-0.7202692528621564,-0.4762388362553039,-0.6468169942179935,1.755037118411935,-1.3677698526017172,-0.23663136146654806,0.12408881818615092,-0.6394439711084253,1.20801889770619,0.5511396861864912,-0.657220334901375,1.1211890911003566,-0.8336781309836852,1.2080188977061832,0.9269873617351663,0.8147353086260999,-0.7241316074559544,1.230878819554832,-0.9676020562536704,0.9269873617351663,0.026670057244106708,-0.10879387732805865,0.29567368315211223,0.5426236065752646,-0.7042892667350057,0.9507507670102987,0.6909051300589031,0.5294307192032564,0.17110411023110614,-0.17453056232482722,-0.9759481776008798,-0.663454485822763,-1.183962756679217,-1.1794705685540783,-1.2418780141676848,-0.9694323006973677,-0.8512730982895262,-0.7933892044290184,-0.5164684408436375,-0.08529229579521297,-0.2616834132125163,-0.33191741288994225,-0.4406157754242182,0.4666701673942244,0.6977894779285875,0.09743829023074553,0.14192064380378341,-0.42607498316004583,-1.5007178027710333,-1.3487161793546611,0.3413113556721531,-1.3018520057854202,-2.0159986721597005,-0.7079290673039291,-1.6790221262670382,-0.9000034567746633,-0.13924591213151719,-0.9359722090278699,-1.2917323552010298,-0.31987602638275575,-1.1038142795765782,-0.5573456306819052,-1.0607586441759855,-0.41346494856166954,-0.12820765701634398,-1.5065951451907276,1.0919536842979602,-0.13151331036551306,0.7678076565250854,-0.5785212743914954,0.15501405714110209,1.2421791590152331,-0.08656382826582898,0.3038707776385161,0.5973055667120273,0.6462216393245463,0.1887146015036018,-1.1679651270134856,0.6732546739448493,-2.712632757047392,0.9042820683733979,-1.7312628691742065,-0.3638480893635263,1.6038460775673105,-0.8194127207211336,-2.565659616749226,-2.0602337190138535,0.4363896023069079,-1.7920204993548867
2332,-1.190962586531065,-1.1972810488031798,-1.1819911922254622,-1.1122658236432559,-0.4370105994548376,-0.6659325744699071,-0.6724276752024752,-0.49024018773490163,-0.7967495337208678,1.7474295739776007,-0.8525382081220492,-0.01337782976315017,0.41717510913071737,-0.4717208748534199,1.4624958375419632,0.5592894058203932,-0.5161146102646249,1.2809909022186607,-0.7334232186510364,1.4624958375419579,1.1809530917589373,0.9204141466635952,-0.6142676493858061,1.4432191847666116,-0.9015404741141686,1.1809530917589366,0.6267847452323385,1.0177571151093252,0.8425416359124995,0.35966172550754544,-0.08168792618532873,1.0343256122070823,1.114840873929408,0.9279549607604454,0.49137495275478427,0.006144629832187028,-0.8482778616858365,-0.5030110458943609,-1.0706761247892638,-1.0551994915771439,-0.7911163384534345,-0.6168025960232083,-0.43234590074936186,-0.47148734451222357,-0.1296019847564116,0.36715900970534493,0.11456889788883015,0.15533709588723718,0.03585525089190238,0.6924194656953248,1.387905249531299,0.18649755302540533,0.26312218707168217,-0.38593256029331763,-1.3760869067939527,-1.2719766719240828,0.6961564517412813,-1.2595173244526836,-2.0200334376443343,-1.0433653974092905,-1.7180644224043244,-0.9696522035286574,0.2980529269139291,-0.8188407630401294,-1.3477879063224052,-0.6020881819741306,-1.156814841648265,-0.9820775599896637,-1.3061875039796287,-0.5528722621760094,-0.1938548655829505,-1.3698178983720763,1.1227878258496313,0.248614708537235,0.7066374817327365,-0.5955694350125158,0.0914676779305364,1.0870812729711217,-0.43310621457919485,0.14278903799804205,0.7218350373477956,0.8015958599401786,0.48567081740735263,-1.0474914348890254,0.6294858358267356,-2.581612973989817,0.6812877762612153,-1.6804267305718827,-0.1637962155882851,1.5560311740493262,-0.8177738490199776,-2.526630218814174,-2.0569208052375116,0.5759528483167832,-1.7466514510055091
2333,-1.0575384247828257,-1.0892869097447524,-1.0193931569551098,-1.107809488092522,-0.6668895617453277,-0.4518978805871646,-0.7169541748767644,-0.5071182291599773,-0.9503087469890601,1.7129742086149338,-1.0559068336483366,-0.04143115671411558,0.35718430846498944,-0.48369882753775745,1.4134906443278283,-0.05724880524750463,-0.41821106817569415,0.878870522292862,-0.6339702956848042,1.4134906443278228,1.3121020522784281,0.47693877290406544,-0.521602862831144,1.1992916570955554,-0.8304001635559664,1.3121020522784257,1.0219661011310577,0.6360122722251595,0.6677978668572495,-0.38724739742720826,-0.6588100607116784,0.6947537484383148,0.9519091952859561,0.8670545312789013,0.48751382796292425,0.011020317641481765,-0.825634213433923,-0.4712264956716811,-1.0568129905907517,-1.0433777821440033,-0.6580685832655433,-0.7406009578242124,-0.7340372201561782,-0.704395055278972,-0.4060341901093098,0.060941910562097835,-0.16913764869541872,-0.16448729358202674,-0.25571676523459885,-0.032787791938731735,0.7474010392962034,0.7605672190308366,0.20803586011287908,0.014657915171110026,-1.3458279050391675,-1.3888899507147756,-0.04081580330924547,-1.2070738391938123,-2.0262806009145033,-1.378277042503272,-1.669503693481803,-1.1783248055331272,0.2794295557727096,-0.7953130786190874,-1.2847768240823172,-0.823664734960682,-0.35190276654471153,-1.0683680583919042,-1.3429545652414945,-0.5865053701545986,-0.27823373043594996,-1.2898717369652652,0.285415184045586,0.90027098053343,0.6880794245129863,-0.5792738679028128,0.08956381987964471,1.0140850899112388,-0.6283388882769704,0.032993859997199386,0.8566479194540345,0.953485829876776,0.6434391013070655,-0.9748103369203919,0.5945891119928377,-2.597678763702599,0.4330990414746563,-1.6309061092425547,0.0290971127006325,1.5421294720891956,-0.887923676353518,-2.479268047678914,-2.03706626764087,0.7468560821301194,-1.688395491809001
2334,-0.9360309729319165,-1.0183175970296603,-0.9584935873546575,-0.9167204415143072,-0.5545107766344836,-0.6483457428563575,-0.7480603281055672,-0.4659993987106155,-0.8332648386994957,1.4985114065716736,-0.6918437588196401,0.3219968845080848,0.8225144077714185,-0.21460335968671224,1.590061691848425,0.4476639770735892,-0.26155970587734356,1.309868845014041,-0.5154677918870894,1.5900616918484212,1.5130072593256005,0.8442430079986474,-0.39332827464803305,1.5517854742391235,-0.7481308161682089,1.5130072593256,0.35290192139834087,0.403041583327399,0.607063799450216,0.020329633945351352,-0.5711812186125245,1.088725608717831,1.4402811744712494,1.3979533633566086,0.84628543359573,0.2917150898275523,-0.6480064993991345,-0.24786635218831274,-0.899097803244191,-0.8686421375066313,0.05528157091432885,-0.42758136656532164,-0.4827895908188081,-0.37050533688227516,-0.1500259762152184,0.3773428089503248,0.10004567908273475,0.1806979549051433,0.08587896715984937,1.0214576261521209,1.3566061749847647,0.9418022623336855,0.03212658379665235,0.513495174087909,-1.1645455787750874,-1.3805956985955585,1.3077617178337293,-1.09536680608475,-2.066524892421856,-1.6185075377679579,-1.622944586925505,-1.9393887748649317,0.7233032662373413,-0.47798016525163156,-1.0715290793308099,-1.1081538105056936,-0.8710187833843313,-1.0928163814243423,-1.2894527775129359,-1.1504888607637815,-0.2593762083118887,-1.379320535631454,0.7945324169861125,0.5792980541778728,0.6114149564798869,0.3182970918873148,0.6895618133107887,0.9360219517179851,-1.14442441967992,-0.6055867791597055,0.7231853411371828,0.8366832802252634,0.9353375009732926,-0.8765232656974693,0.40602410071596834,-1.8916370157841158,-0.04237431462532427,-1.57855987826815,0.19055342845779252,1.511434116834586,-0.8833019522929381,-2.4124180957308674,-2.0142712401448604,0.9179462809024137,-1.6248325890467008
2335,-0.8878339969607908,-0.917709438188519,-0.8585792535006731,-0.8091030042981097,-0.1549564802905399,-0.4731964323809232,-0.30779674547256924,-0.217225708099991,-0.942360832315088,1.546314603630733,0.24628042437517828,0.509986455029513,1.0393426722648598,-0.06923514213837387,1.6660780018632133,0.24666156600102015,-0.10542597789180914,1.2484199098711934,-0.3841224826798538,1.6660780018632082,1.6659067377444818,0.7227891632083481,-0.2578885520270124,1.5574677789633908,-0.6555977674298741,1.6659067377444825,0.6130109636736759,0.5986793131446518,0.21644630039041232,0.381024787022907,-0.5887253841417025,1.1002807186215535,1.5265046808215799,1.5327573007699997,1.0513342672165322,0.4609825773662109,-0.5365618360904911,-0.11079070774995033,-0.8063437796161546,-0.7666652281935828,-0.16610876428558602,-0.6622557428525685,-0.6878312748404445,-0.6570442190549336,-0.4934768371861566,0.000536707030297727,-0.2243547226125046,-0.1857657490250771,-0.28488081922584924,0.564917929449084,1.2264905116984837,1.4760933601516624,0.5213267932862471,0.3290618666440887,-1.1400901629077773,-1.2313903713824876,0.5020225206593375,-1.0860714690056263,-1.9685910576954464,-1.7410776358402127,-1.5600475602556372,-2.237874406648601,0.9295548052002796,-0.3299506005313552,-0.9768670635096043,-1.1374069793106172,-0.27513159591568803,-0.9650466147800228,-1.0702440067465726,-1.3454600206127214,-0.4196485258572285,-1.3786381224086703,0.18091011957033679,0.9042713046204313,0.46089711991376653,0.8736158442057844,0.9714721600314177,0.8850529651758295,-0.9659564136429277,0.22440539098032022,0.8303582300170713,0.9550004062324663,1.047609027711556,-0.6110754355978053,0.36772720103914097,-1.5514476714828984,-0.5919200232524682,-1.533247301037796,0.3561902768323044,1.4601857705489905,-0.8799220690527773,-2.3449657550981353,-1.9913895668292372,1.0919698205389659,-1.5715024393832309
2336,-0.6587350919814665,-0.6415438438623645,-0.7106923099975562,-0.8255530322984428,-0.2830073468765641,-0.08490464594240178,-0.3440474796957804,-0.15253111135599556,-1.0286997273714622,1.711453336262935,-0.09353320933719786,0.4478825571705388,0.9101671952367821,-0.10175220048161401,1.4647301127187837,-0.3964034082486272,-0.008698685572977202,0.7525130933476257,-0.26365088598949477,1.4647301127187802,1.6751378540661763,0.15036304134479397,-0.14995556909267127,1.203504706473589,-0.5603340266667021,1.675137854066175,0.9247916238405931,1.7440284720987467,1.1791385726688315,-0.9954602282354356,0.6924623397812173,0.6194474656107175,1.2185334700445825,1.3161396555473799,0.9717263921562886,0.4771553395453712,-0.5267190567440522,-0.0981872100481143,-0.8065465289807328,-0.7731721882114061,0.7652422859125846,0.1735164399088371,0.20814285995636422,0.14934237410350407,0.38574762692603654,0.9873325773638082,0.6546088450181365,0.8869222790550837,0.7506263684302914,-0.09945975063434408,0.9602920028266841,1.3658693508180515,0.6522275545227262,0.4984854447285574,-1.2190250289456153,-1.1612732199917868,-0.36390099872092047,-1.0646280169708306,-1.861016393431909,-1.6275828579619378,-1.4074225762455888,-2.3305812247235234,0.6536840751100743,-0.3482261958517051,-0.83971920369094,-1.3551303914240784,-0.2624621902600943,-0.25131228316844734,-1.2257150422611938,-1.4363932715858883,-0.4083258478904235,-1.2498995972388571,0.14750901447864181,0.09111616984054723,1.0984048836788225,0.8649738611932809,1.4253039747072902,0.7490139589794493,-1.1899634773207313,0.10200236981275822,0.9003399037018129,1.0402927062850504,1.2286206636902186,-0.6483934729608472,0.7145089293361153,-2.632834232819586,-0.7709764371496014,-1.4952517114495054,0.600082865304958,1.4053064079448851,-0.8327396680290576,-2.2849234487102477,-1.9773112884981814,1.2419498916278788,-1.5081179037640948
2337,-0.9104319398899496,-0.971393447211936,-0.879376614113888,-0.8860558517182299,-0.1525419236909919,-0.20421329760461762,-0.29102931652519215,-0.0912893830938059,-0.9771498352798833,1.8195712976431258,-0.7002060999256259,0.2897102992449151,0.627862185822783,-0.19588744767199784,1.106042542083981,-0.8056337131072501,0.028449857252491075,0.27952295253593784,-0.1701058006690459,1.106042542083978,1.5642855638327438,-0.38062695502391586,-0.07611476039501403,0.8056673071779853,-0.46958005171448003,1.5642855638327455,-1.0634252243627327,-1.9813922013657992,-1.2956252508384334,0.10014606613530362,-0.9074829491851547,0.11501571096595227,0.7566254483938143,0.9549831150736885,0.8087331356061769,0.4183102117978613,-0.5531171358196918,-0.12849937772037345,-0.8413360161068617,-0.8198695175592591,-1.0325632179662858,-1.284984075287604,-1.2161609162744598,-1.188867450550402,-1.0567513751470992,-0.6686386805935751,-0.8222701947094537,-0.8729263499876383,-0.9609740015257134,-0.3305911236265464,0.5016317179405938,1.530032109906957,0.4680920895837476,0.41602926432573195,-1.2793602213191693,-1.1422447581451574,-0.5517894897772044,-1.0458676346316813,-1.7931914411516316,-1.7243163001333184,-1.3362605980557132,-2.430316606683033,0.4206686885601517,-0.41311045729111023,-0.7861996043157565,-1.5827902580528659,-0.6071547991550643,-0.3314657140314741,-1.1770230620377815,-1.4003951805289474,-0.2453211711368557,-1.1769395127236877,0.4823178906522818,-0.07338577230439045,1.0030773640635975,0.8552259884402892,1.3599154697152767,0.7059838534403173,-1.5306190321028341,-0.18720922166108736,0.8339261631800884,0.9901922246640544,1.4716671502363723,-0.40764396035457806,0.6880860058684878,-2.938005863712101,-0.9854293327001021,-1.461847160465019,0.777890833346627,1.369714208401937,-0.8971434723547256,-2.2388668867137533,-1.9594213161930976,1.4384663662922312,-1.4482976384508541
2338,-0.9399647374102974,-1.0112878841287245,-1.174680148867551,-1.2628010027561394,0.1093991983381084,-0.0557263723034821,-0.12709231936306423,0.22151093163631239,-0.7531255462037127,1.9232790355894864,-1.2944364435046098,-0.44785068181534743,-0.42664665753744,-0.6959401848963694,0.1622966644116747,-2.1177156329541944,-0.13303167426508566,-1.1769686350892314,-0.15940700449014894,0.16229666441167462,1.1244203025150963,-1.8022968448014025,-0.1197167944206638,-0.4259462343936297,-0.40526291705924505,1.1244203025150974,-1.865550604271847,-0.2406553827064731,-0.1515451385392334,-1.91927838649798,1.6970664142401322,-1.6515254037330782,-0.6234225298496063,-0.3472498934949105,-0.10277076872864015,-0.14977846718548996,-0.8643836122384578,-0.5116933061559049,-1.1252692860102398,-1.1494963775141571,-0.27794593507253373,-0.4978118820019477,-0.6701375511155419,-0.6362229866955914,-0.5436764354314362,-0.09717950214173791,-0.3246922939618023,-0.2617114144281425,-0.3590617392415337,-2.0344991363585017,-0.4254001350266856,0.25142681975782194,0.34678055972846816,-0.02249392948772443,-1.461836246553139,-1.397295145568669,-2.3452947333166003,-1.0749941866760995,-1.713813133319317,-1.7946301283309596,-1.345205991927889,-2.4683750197152476,-0.5150099883300701,-0.8249530863416981,-0.8227838057151609,-1.7158535105550972,-1.0886789512368016,-0.07579384551901791,-1.2040525822895023,-1.379393874291185,-0.08744446082698198,-1.1526127862872575,0.9709634992536808,-0.7319094666119326,1.2317823908196206,0.8210395456539691,1.4773111630626885,0.6990987705160934,-1.8083468137508893,-0.5156763768355965,0.6027535173460928,0.7671351528027576,1.6506583121428737,-0.6028397148098126,0.7093370504716792,-3.1017828332452395,-1.4243906670481679,-1.435455945160275,0.9792809816003181,1.3052749692827366,-0.9834090432687743,-2.231525568052801,-1.9277636568919367,1.6143963788239126,-1.3910079134508808
2339,-1.3415290387854621,-1.2719370761996371,-1.2862764211958184,-1.371211150299193,0.4989362411267058,0.14103503276502077,0.31080957615220867,0.4293607922966223,-0.7910994243650302,1.871360816245902,-1.2941102131788986,-0.6467929475932018,-0.672361454714539,-0.8437559829903218,-0.41490844038518115,-1.269824026827633,-0.2889149017583134,-1.0648435942984036,-0.20236766107190715,-0.41490844038518054,0.7360766049331399,-1.6095590495102352,-0.18201955148574447,-0.5896319860221663,-0.3656427644795161,0.7360766049331394,-0.7045992415560408,-1.5991815390827704,-2.0764074702966804,-0.20403211366462068,0.2278577396289934,-1.7486006765708106,-1.0420906661322735,-0.7784505402109734,-0.32017157760750453,-0.29518223516911013,-0.9365454633548695,-0.5986290337313991,-1.2015631736638896,-1.2438445107698843,-0.5723353306574323,-0.6758521892893,-0.9523565523228633,-0.8896495764811975,-0.8649483717578366,-0.46359100006837173,-0.664499521734023,-0.6382112749402981,-0.7295822770703897,-0.5726358235470247,-1.1536226957304603,0.1591002273797424,0.003589792740960136,-0.48319715263262336,-1.5661681993847798,-1.3891283139802622,-0.6020589299403287,-1.130810937714216,-1.6334622862476174,-1.7623758663521043,-1.404523318033787,-2.4793293201102067,-0.6526557290867772,-0.9397127873809831,-0.8930647987444651,-0.23375282665184174,-0.5750314290205779,-0.8693458114802205,-1.1130198554378417,-0.8848561616356888,0.24430623931357695,-1.347093247487896,0.5764459064104158,0.5664821179437016,0.5465029399710727,0.2133046156272885,0.5351513124630105,1.0545632569799956,-0.17201256710132387,0.4320274845608556,0.7588479383549465,0.8123908306464409,0.3240705698145352,-0.8045119522636829,0.6816687340426522,-3.152664839328495,-1.2766651493782957,-1.423069404020404,1.2401896971802977,1.2294750813353796,-1.0825089540361374,-2.2372300228631783,-1.885135873740899,1.6826557705782492,-1.3437670734104357
2340,-1.509111444188807,-1.5088329245429135,-1.489189890593073,-1.573781390507112,0.649697013727242,0.5815260865314393,0.4560096182872139,0.6387427449121191,-0.6941208480244645,1.8151364027365082,-1.0656110183656409,-0.986885698404767,-1.0585367493534465,-1.1052641565253845,-0.9324761343164779,-1.1063767001846567,-0.49731990222109934,-1.3035705060164302,-0.297847116689896,-0.9324761343164769,0.304422619345833,-1.7134243469482695,-0.29042582209151624,-0.9865972742311355,-0.354340546259787,0.30442261934583187,-1.2751688554436462,-1.4604643001834592,-0.8834298277399004,-0.4440514558612445,-0.15223517320557114,-1.9983368830018833,-1.7018779542577187,-1.4457826011250379,-0.8491835958183,-0.6342376118212569,-1.1058138010940675,-0.8069814242970555,-1.3570190917695264,-1.4262852590738024,-0.07987533475992278,-0.17232700516563385,-0.4111571087051789,-0.5589057321913624,-0.5808741674638969,-0.1278216791943416,-0.38307729604308643,-0.272385817139045,-0.37780492769244794,-1.134290875983745,-1.913707142036479,-0.5779119318251583,-0.09995625965798266,-0.48327597805064293,-1.5975255087788442,-1.6715998780086796,-1.1747672850774045,-1.2385649729963768,-1.5393766066290175,-1.6125289264822629,-1.4884520762405917,-2.8052473245581924,-1.0317263615007142,-1.0835639831938122,-0.8817080855625604,-0.32962421695606864,0.8483229979687694,-0.8765145785607008,-0.6753458638814871,-0.04403308903952759,0.5010085175039548,-1.3571927686661036,-0.9129511516577268,1.602437525519507,-0.00530241765507652,-0.5150601122345013,-0.4269432497904487,1.3146399948803176,-0.39312538095775723,0.13423711157073812,0.6548844836341826,0.7163671140872582,0.44335007254975295,-0.9284972648509192,0.5486840251032067,-2.8703339432808246,-1.1457324581678465,-1.399608613868902,1.5439795557660116,1.1132325188633183,-1.2250385979661202,-2.252448521789288,-1.8480959118532807,1.754198145925326,-1.2946153858963558
2341,-1.6306587752159456,-1.6856948449191878,-1.76626131408421,-1.79722933855521,0.7698331004627582,0.587279367496744,0.5336270485145737,0.7820662104355844,-0.49458726030581956,2.050226304453044,-1.1892767186011042,-1.341635065842856,-1.4230634207911272,-1.390447933255048,-1.365133544904601,-0.9185509916633172,-0.7593214622937584,-1.464923175344715,-0.44506243913681637,-1.365133544904599,-0.15169583325162658,-1.7140131646257633,-0.44594809660110507,-1.3187089195374548,-0.3741381491772161,-0.15169583325162497,-1.765695675890866,-1.0767355123487146,-0.6031797712612236,-1.1156929898905794,0.9222085877759558,-2.130914941360835,-2.3204483212797715,-2.1425447465140466,-1.4852619184808455,-1.052669970754559,-1.3058075479198479,-1.0543551673547773,-1.5346799164043525,-1.6318328135737339,1.6408697708515767,1.1966764302585624,1.1098938255422386,0.5571737917107579,0.5256817380971446,1.1713479617922387,0.7514343302111671,1.1621012586337474,1.0004167477927337,-1.2473089783762346,-2.3819492328472376,-1.2413870666910471,-0.6350951894282566,-0.6845872070038757,-1.7013353785482455,-1.6754785098878529,-1.7082775945703144,-1.3644273949032648,-1.4801354327988943,-1.3507484613968026,-1.6073803364164063,-3.139357942618885,-1.4304573055807401,-1.2294964241877122,-0.8762138172066621,-0.003354922574433145,2.5805467952045142,0.12421193046933461,-0.414630740374037,0.12983074341893885,0.6599339480305974,-1.3703290260812278,-2.6714357109258513,1.7486553684340163,0.5492479959962026,-0.5347349184129507,-0.072208065983696,1.372418065289274,-0.18149863101192484,-0.06813630813503423,0.48439671553003855,0.5158305342684266,0.1600050339307506,-1.0179984220266471,0.6039526138791812,-2.3439517114032333,-0.9653621233359503,-1.4013714788709128,1.7806287295884489,1.009700248002222,-1.2841167261703241,-2.289661956997969,-1.8240688161057492,1.8409760671096855,-1.2556280602190837
2342,-1.7927921063160888,-1.6816711026116264,-1.735142559702523,-1.5941101265774067,0.6254718415580741,0.6974995654150293,0.717444142509076,0.8001392070219087,-0.4403803999320285,1.690745829900447,-1.748540642246943,-0.8225754296836864,-0.7235866624805896,-1.0437692482221252,-0.9415622156769332,0.9110248046269682,-0.8165991208391139,-0.06849751434599365,-0.5643405731058774,-0.9415622156769305,-0.23462951765269818,-0.3000029664365037,-0.5102968951410954,-0.3637354310015637,-0.4018694163368155,-0.23462951765269885,0.23643127023543686,0.06552062463756216,-0.9228033421658094,1.2062476283623498,0.6561904211260089,-0.3326791237906771,-1.3777597826018209,-1.3408169792763505,-0.8391754966518297,-0.6089076096667889,-1.082508099033418,-0.758497757536296,-1.3626026233294808,-1.4445043367627879,0.878697855551199,0.9457747013847104,0.9595944318351121,0.3906522804501937,0.3556178401504788,1.0220224835059961,0.6034684483419595,1.097457322651285,0.8807020430432221,1.2235874478084272,-1.7062926186225658,-1.0643567661437257,0.10365618270100575,-0.5424331456195619,-1.5060318294303194,-1.5904778703006275,1.7024544495200966,-1.423308590891148,-1.4330397081120465,-1.1081249013394838,-1.5567355738154711,-2.899984386600311,-0.8677768921169338,-1.00934723354772,-0.8502970729642513,0.43460426545408787,3.602740489281785,1.3104533689056057,0.41285583180844515,0.5243639305304325,0.9208685116080274,-1.2956081977629028,-3.674384423196936,1.4174573293715307,0.6888527107276651,-0.31456656265336463,0.2209095218328601,1.379710479515915,0.36425071718128643,0.25512554299012313,0.4658941558872139,0.4580268123271649,-0.28170466203420075,-1.0253942630858501,0.6607808818935197,-2.1617450836703327,-0.6909489919804039,-1.3904892267912279,1.9222647384203218,0.9381942488319561,-1.2949467317494583,-2.291415797915965,-1.7849703480700407,1.9104210213796158,-1.2203891554704287
2343,-1.5628427378846605,-1.612973350080647,-1.5998914725224433,-1.5598142449097288,0.2812380063823462,0.6723246277335754,0.5814276373654856,0.41000903377254344,-0.6635859927785629,1.7871622122431803,-1.7196306091183953,-0.816334683958657,-0.7164323348188499,-1.0361550144662517,-0.5301572655959076,0.9181480173120303,-0.8283193432497494,0.19508712533678282,-0.6515897841294117,-0.5301572655959067,-0.22429948634089714,0.04293220328903775,-0.551250424239806,-0.1167488819284773,-0.4318578062878192,-0.22429948634089655,0.9139432830936995,0.48841091021769656,1.3399744885871847,-0.08637190534133676,0.027632178888669735,0.13403212415238755,-1.091497313402746,-1.1312337786127324,-0.7446905037664404,-0.5368277643367831,-1.0298919822363597,-0.6969133752984356,-1.3325609085350156,-1.4115548982279762,-0.5121483414057583,-0.36207024968202534,-0.34526752193882027,-0.5853519965272296,-0.6685802236423476,-0.1804982277771744,-0.44886607462433536,-0.1823285759925445,-0.3606406593341853,0.17964883523083056,-0.7177088912241869,-0.993687359197914,-0.33361024899900343,-0.11039506401162909,-1.395052293324884,-1.4306764982441018,-0.012606001468733974,-1.46777473281973,-1.387552648453919,-0.9091060227996411,-1.5034181154816888,-2.684669414796447,-0.8786544132678479,-0.9963859225802999,-0.8238245926348181,0.35253266871722533,2.783942314404295,1.1805710531590352,-0.36329730120899495,0.41956299013467296,0.7593007265674144,-1.2643560764539896,-2.8329898411350927,1.0389766645097778,1.384182913457323,-0.8742519671427902,0.28657465430723056,1.3152143614973746,0.5347949662956814,0.7959878108875523,0.677347744565712,0.6782048938740461,-0.27411131839869907,-1.080984863852849,0.7523303053608407,-2.0409721722339444,-0.5273493551480655,-1.3751604964815294,2.071544495157246,0.8772047162426844,-1.3306168517109893,-2.2918185518396035,-1.7708732023111062,2.074365899902133,-1.183146717915789
2344,-1.5256133155835527,-1.6056134234666828,-1.591551171683615,-1.5777749870679574,0.6906962132567452,0.5937133820520827,0.8182898752204542,0.79561190181345,-0.2945949150032515,1.7957997402896368,-1.3945135681665988,-0.8972135001057816,-0.8077952162844254,-1.0956533646935411,-0.2605993225612188,0.6064666508616902,-0.8396234241742755,0.19008879307193038,-0.716938322734096,-0.2605993225612185,-0.19672165859125526,0.10703060922227003,-0.5888010688919035,-0.055901448017830924,-0.46317233235240707,-0.1967216585912535,0.047488751933177004,0.024675083315501462,0.17350057327599744,-0.38510737999819455,-0.006677623419967029,0.2572385630867673,-0.9130747818993115,-1.0551032498873234,-0.7840343675894362,-0.5982678616427496,-1.0304101529171095,-0.7068939666293876,-1.348738551974972,-1.4284039611359025,0.8253196275693337,1.2737669683757658,1.2885810749427529,0.8833190004870618,0.8118625011780509,1.4331062707017228,0.9739031588042567,1.706130341786342,1.3495088864359512,-0.09929028519270063,-0.5069051276360359,-1.4385316174797549,-0.2605004123963707,-0.31860371836768403,-1.3987714417463628,-1.4590558132159928,-0.16944287554768347,-1.5031479906526444,-1.3595066860101714,-0.7032611393550934,-1.453699338872178,-2.68829432867905,-1.0654591143922185,-0.9792046207884102,-0.7124424869607728,0.00017588828954251634,1.3193372948717321,1.0707371422170224,0.06436351327851568,-0.11477329910016235,0.6668287872889881,-1.2706699368114605,-1.355520320472002,-0.07435124757858558,0.849243674310578,0.21245280448028872,0.8299871810249543,1.1973284588134558,-0.3323090434900183,-0.5958026455748765,0.2879141235877068,0.3109733073302736,0.13665330603996378,-1.0957891545974496,0.7096136712062754,-1.5380145630306723,-0.3597091611959956,-1.3540564156868795,2.0443297496743944,0.7974496372984613,-1.3908557908217078,-2.2882639225503487,-1.7751831522385664,2.1922408148653236,-1.1436632481080504
2345,-1.645522275421773,-1.690285403749146,-1.5853724865815977,-1.5340053986798539,0.7148713187371226,0.6702888286927255,1.1178714699946146,0.8757606560208712,-0.2437362635692516,1.9009448492803114,-1.7447310229688924,-0.8351500929680635,-0.7158365554412047,-1.0588152911807847,0.04765302726604664,0.6886215385816495,-0.8056811911387672,0.44826419954679086,-0.7531731555371995,0.04765302726604631,-0.09457200762794161,0.3936293841697331,-0.5981202327546882,0.20536815113317386,-0.4906456204314431,-0.09457200762794156,0.11785308454951988,-0.5343353790515577,-0.6415973758661533,0.6819729366059155,-1.0257166417028378,0.5000134505228961,-0.43524109945103495,-0.736095247615192,-0.6178902500408563,-0.4655397291747636,-0.9537522448141426,-0.6136484284157275,-1.3104141852176712,-1.3853546268854495,-0.045430132188521204,0.47593259747592154,0.5186792087714306,0.32368606199405986,0.23180153139507553,0.7588774844704623,0.4605434122248072,0.9810774640044673,0.6821859931260886,0.3333969740950139,0.16593712730930577,-1.5556584005819478,-0.46446732919015427,0.03302737532185539,-1.4180503479849045,-1.3092732929778064,0.11203801341693348,-1.5317004054053247,-1.311431108307165,-0.49352788426142324,-1.5089920870532942,-3.3422643722473446,-0.6811647680308541,-0.5664916836185596,-0.37044434416681515,-0.296503113430254,0.5274153578997497,1.6995838781064454,0.05421002870141277,0.11906066036796706,0.7472411154149337,-1.2029971314257086,-0.5644460168324757,-1.4757521804145568,1.4121897799164889,-0.10876666808475251,1.0174253864076435,1.1821252035165817,-0.3135125427742544,0.3182860911961195,0.21435359304388737,0.2597204663024634,0.4173726058903222,-1.140816799916588,0.7971475742328267,-1.3804171503649063,-0.2900707271520347,-1.3478060479097707,2.0253474069863104,0.7361448537611746,-1.408522217747795,-2.286005188921048,-1.7697577231881338,2.3084962316153503,-1.0958697792965555
2346,-1.579061576988776,-1.4289774718868582,-1.5700366855121086,-1.6080209905708007,0.9092655577210794,0.5954161939603535,0.8266644589043008,0.9232629001559681,0.4859728221183616,1.4308853885437156,-1.8041978629250488,-1.0316058497280263,-0.9319055964273745,-1.2069041418273023,0.12740769229436516,0.1775587959419482,-0.8221000511219156,0.19320493685964663,-0.7848000238011533,0.12740769229436383,-0.05112366676475282,0.16775381039626214,-0.6276742912147487,0.080193941223865,-0.5185253303459806,-0.051123666764752704,0.2301456595341625,1.8123926039798668,0.4754849902913817,-0.20853522682842052,1.4703684518067794,-0.05718269457085374,-0.37782264847037056,-0.7591277442035773,-0.8284158703166675,-0.639284988575104,-1.0127509068262548,-0.6976488735138572,-1.3749654863503806,-1.4552620151824747,-0.06742119215542101,0.3921391884294063,0.3705309480791967,0.17534654514734355,0.12349354404096341,0.6343354042396042,0.36339952514241886,0.9050468408674353,0.5860403648300477,-0.34324636908320466,0.5982735262902602,-1.6500057791271536,-0.8257432184823597,-0.13561314435603083,-1.4203632329400224,-1.3187630341338823,0.34867880979445975,-1.5733264220516123,-1.2728580358106134,-0.5465632082414218,-1.4829435872257795,-3.105763022311297,-0.9932521869865532,-0.653493967389474,-0.3312366808765942,-0.6251778254940079,-0.4106894685296922,1.9031299010172529,0.31531457845132166,-0.21900684636735662,0.8719093676760423,-1.2003376808831039,0.3742117056033258,-2.4479740819424918,1.3578927049760345,0.603352865464261,1.5387501695786672,1.1078306215109934,-1.1850394775721567,-1.35589140197674,-0.5256083534557049,-0.4768004081687503,0.7567919222917842,-1.1066911345801447,0.9416983296249981,-1.0003917063681331,-0.15051249766517333,-1.3275322587869154,2.0591981115204296,0.6440986797324889,-1.4670713529220303,-2.2750480505975332,-1.7655046439018176,2.426389398353837,-1.0431516653190676
2347,-1.6850827056569098,-1.7162063479463108,-1.7836068153308975,-1.8353663690814754,1.1346047172944762,0.9096294481986062,1.0648162705530402,1.0392484101788562,1.4072512350704711,1.1657850583343987,-1.4741958444693382,-1.4933176463174052,-1.397577194064327,-1.5704681733495347,-0.1841599038892493,-0.6932001862958571,-0.9988812738294778,-0.5453252251980397,-0.8626485355057162,-0.18415990388924977,-0.18653040993335207,-0.5278381118651494,-0.7438927938451716,-0.4784652156512429,-0.5614709197307254,-0.18653040993335265,-1.3298852572398956,-1.6381984185953322,-0.49165747770494683,-1.0666404845525639,0.8214341862898155,-1.0297194023371419,-0.892664773374592,-1.275857791618764,-1.5808250984663725,-1.261321093717328,-1.276119979405381,-1.047835609166578,-1.5788936159160438,-1.6797893121048704,0.8107682618568276,1.1605615430409768,1.250990548767314,1.1155392265411779,1.0862476424624572,1.6735904357015075,1.3493331887916584,2.1041270994207206,1.739174679204338,-1.2891829815360212,-0.5617545760939191,-1.979640101483244,-1.6860409883740226,-0.3192775960143808,-1.4534859510728937,-1.5387855648275304,-0.9167082485342136,-1.6614046920573922,-1.2045041576121687,-0.45198230066622336,-1.6354571794148984,-3.1482129437145043,-1.3346931719865076,-0.8437204280503336,-0.3926718390948393,-0.8033438502773552,-0.9620440102688367,2.0316946769497495,0.7836519531102004,-0.04388127151803042,0.9785861385364241,-1.1520363154447597,0.9278312214005916,-2.89461237090873,1.0465580939413286,0.818698667614595,1.4552462320706905,1.1008903963355203,-1.3584653152118653,-1.277067687476646,-1.4380102216557569,-1.4067673110675925,0.9602899953538712,-0.990596988198172,0.9951268265369375,-0.49355617979122846,-0.1593748331988799,-1.2909890364605894,2.0001380051680333,0.5702027016011866,-1.4889540047094532,-2.264587988598595,-1.7618906884096162,2.5061358019802924,-0.9824711841166988
2348,-1.8535357720851968,-1.8881358378175486,-1.8359647163255768,-1.7400627030826488,1.1236661661577618,2.03990197588697,1.8709191187038823,1.2325984041635218,1.8493095429628505,0.9286413191426213,-1.1172568999662582,-1.2551313702741977,-1.0923133525160997,-1.420607147961517,-0.08062603202438172,0.2333459190878552,-1.0393386914529181,0.08842305707107433,-0.9326474607734142,-0.08062603202438237,-0.16200810731263413,0.09870073016631359,-0.8023670651524218,-0.041371686739792655,-0.6075362348452721,-0.1620081073126363,-0.39218771300833083,-1.1242062869777634,-0.965447820394228,0.5449891408342014,-0.4133771952917071,-0.39738192487573293,-0.3839006647352285,-0.6856761591458486,-1.2198525053588711,-1.0008789261348245,-1.1476670960150301,-0.8921516249629771,-1.4956415931707383,-1.5897819607323993,-0.2768647879615576,0.12341854090928538,0.31436338405057296,0.3219105954384725,0.23579307307564032,0.6797399104158524,0.4268454421364975,0.9970255948677957,0.7059211576947425,0.5201759332758403,-0.40914292631636073,-0.9806187426712413,-1.4738030528869075,-0.5875172578397774,-1.3542554901553827,-1.5501535912110733,0.9231195371485178,-1.7217135439777822,-1.1572526450571696,-0.3093834795562188,-1.708626746912793,-3.0276564409445736,-0.6734026523595154,-0.657921362443164,-0.4540483156625478,-0.26674028354402524,-0.08961048083728519,2.4731967351269293,1.8279102756408263,0.1936216353271121,1.1324528286618434,-0.9254512227925922,0.07161007753884982,-2.6710759253358782,0.4545455882815191,1.534297086543698,1.5552531007901167,0.9364289958720156,-0.4732826054791219,-0.08797936317950335,-1.817732773198312,-1.8548688652550385,0.4516437765117734,-0.7818415848295465,0.9283747979516067,-0.2579430779269009,-0.010271844901073612,-1.2491797649468435,1.9164255795146437,0.4481436276613627,-1.459020621165806,-2.2416149258657136,-1.7647633358965114,2.5070587348979254,-0.9209320114187932
2349,-1.8130648022192966,-1.867064102701996,-1.8326627280294168,-1.7732302805230868,1.8591114049376198,1.0259082791297112,1.3695163745619263,1.3964228932502547,0.9464851918546506,1.2138096094285107,-0.9491702842362325,-1.3714745050049697,-1.2096138045867844,-1.5176483643720518,-0.0327429394736991,0.1069418653621254,-1.0860789496262118,0.04410340282079277,-0.9995958705547926,-0.03274293947369818,-0.1456416152519274,0.06865188313139803,-0.865889616194242,-0.05135013271574854,-0.6574654748786911,-0.14564161525192557,-0.005384463013584829,0.04709032490379112,0.20042162264110025,0.07762414146786412,-0.3306611434613929,-0.4184334150245488,-0.39056838860091253,-0.5649993699846884,-1.2974789911103142,-1.063993274150346,-1.1829515105954307,-0.9526382453353388,-1.5284990797981202,-1.6290326487803992,-0.40791993227168355,-0.2593501927809263,-0.09085432743807335,0.09415990364293376,-0.024526884533882517,0.34521745426188183,0.14303448955227455,0.6410780448266025,0.39666819886106996,-0.22828567140159423,-0.4666627482834951,-0.8433752845832568,-2.0105213569268527,-0.5741950406110281,-1.3439072035820825,-1.6355023200423833,-0.6523077219662995,-1.781386233165325,-1.1032709822724187,-0.15381097779218061,-1.7177509750590396,-2.9714642745423,-0.7472480432164005,-0.6246489084794752,-0.3722519650093349,-0.5865887684875207,-0.07100219533555485,1.2696899411288054,1.6833920924720198,0.5275461082440147,1.0764986997333141,-0.8243367557898159,0.027505250151400002,-1.3778166648179262,-0.5415958242476153,0.9824734465365957,0.36806801046343146,0.9124517566950093,0.029479327357421252,2.803466375079696,-0.9728110100380684,-0.9239431053161692,0.8819566906635297,-0.7402124571381037,0.8512559974245633,-0.07233750077482877,-0.025734900328065996,-1.2117060268888107,1.8455428553595932,0.3455184762165769,-1.4471231667615472,-2.226652309772334,-1.7523977681368867,2.50658005148884,-0.8683963778637922
2350,-1.8259504595922706,-1.7856044812767768,-1.6989940524219873,-1.732381251873943,1.850978825766483,1.9113800689410128,2.412727806897672,1.8467080335892376,0.9159317546051692,1.1389389065414688,-1.0594888930472826,-1.3583088540800337,-1.2111527642916313,-1.501519238492988,0.09315738747758559,0.2707984750992186,-1.0721151113736562,0.23412002220224423,-1.045325051981409,0.09315738747758441,-0.08423050656059687,0.25503883817722467,-0.8977767576398056,0.11621034954016438,-0.7061848184846115,-0.0842305065605986,0.8292503892340699,0.44874427335911654,-0.10879641334245051,0.3438598840305834,-0.8383522333404434,-0.06772643607021045,-0.24624416976797647,-0.3434184861305871,-1.1407602611849532,-0.9488687348170711,-1.1276359118546042,-0.8944368935188506,-1.4963204530488705,-1.5964585074232285,-0.9874208146934982,-0.9520374448947473,-0.8172798140497424,-0.6303703036042142,-0.7510613514402452,-0.4586701641252133,-0.5932728803052851,-0.25189932243516405,-0.43751195670179405,0.13312846990160387,-0.5571901293425299,-0.3384695117428243,-2.137604924301769,-0.8026147679060563,-1.2166324441205099,-1.6524605875694844,0.2814302265949377,-1.8320738589618015,-1.0749962486982692,-0.0443323007413428,-1.6644109072779194,-2.7661651035899397,-0.8003272042138019,-0.6109530267301277,-0.32474040749415983,-0.8200264364288099,0.01070220455248196,0.9083718105911757,2.1979490352093687,0.5641566783237724,1.1272523891357773,-0.65551363340981,-0.07491071323139543,-0.9433644140142963,-1.4655410170466205,1.515283986697174,0.0861305226635309,0.7585038688650658,-0.6962321234576714,1.218087658687117,-0.9700048378755556,-0.8911937862208316,1.0985021797086045,-0.6602720688221712,0.8288222243443228,0.07677175001170874,-0.09641726205011211,-1.175110920968251,1.7677635068182882,0.24612822810998922,-1.4233741277481111,-2.2064444078205905,-1.7296948533846301,2.5373011145035993,-0.8184657969924646
2351,-1.7735864097840295,-1.653627513607985,-1.7151340617837445,-1.530322755583148,2.0695597113288673,1.8597054896190122,1.5383712781719716,1.060713640677689,3.349529771907528,0.40937634263098527,-0.7197669391780547,-0.5525978946542375,-0.2003242256557875,-0.9809312726182863,0.5577198193946222,0.957611675480507,-0.8640229534741947,0.9771036095608008,-1.0129602240156754,0.5577198193946213,0.15532402751755878,0.9491158273440473,-0.8121126472564791,0.7645384252177698,-0.7348435822315905,0.15532402751755786,-0.1896247651439301,0.7577443974485295,0.1787382476303965,1.3958384945447033,0.6663308725527411,0.9565643731386761,0.4230345191141893,0.4457840907955639,-0.4178297558122267,-0.3336806867215257,-0.8301757694610746,-0.5276817419827149,-1.308926220940356,-1.3975222232838207,0.27448330999902276,0.2750832064370558,0.32301579253493506,0.6397258570742167,0.47940983039585944,0.9039661562461249,0.6854072847621022,1.2865609518585646,1.051836100102982,1.1539243763998241,0.11696877483502342,0.6601312626365808,-1.6072266514830564,-0.5731823533647712,-1.153283409921396,-1.6791474933017645,2.2424279918230887,-1.8457313237418582,-1.058455019213297,-0.039829144860174026,-1.6173572486884107,-2.574276230895801,-0.15124356051270846,-0.32651007021546286,-0.29794358294819406,-1.111563648796365,0.15368535714497966,0.2500218813298807,2.380302020119461,0.822410704857752,1.0003867798093617,-0.5426509127397234,-0.24562158458796968,-0.15669571648954117,-2.3160821471950412,1.4430819115402502,-0.670060705225232,0.7047316341155159,-2.294885446671252,-2.8451170917351547,-3.3350803941696237,-3.35933351928765,1.40464782047871,-0.31131405766084136,0.7578697209861783,0.388981409534754,-0.13831835575943377,-1.1234740868276278,1.685469581437179,0.2800077454627277,-1.500781988981779,-2.160755912715039,-1.6965360302186885,2.511856976890663,-0.7741582951833215
2352,-1.5742123391524157,-1.3131776371486097,-1.5240109704313587,-1.261425872536287,2.197752445165766,2.059699142520898,1.966221441967318,2.273233167513236,3.4572366257950002,0.2239934991698735,-0.8972797753468483,0.5053050965753872,0.9681804873361348,-0.24104740622151347,1.2373402717795343,1.3955000458072937,-0.44931709974663414,1.6701755358720283,-0.8579953145449768,1.2373402717795303,0.5697529102749063,1.5676008020892156,-0.5784052340388304,1.4749952350088922,-0.7219159740856375,0.5697529102749063,1.3117740434554586,2.143557624163409,1.1184293940516508,1.8496092927148478,2.1338293346790156,1.7974480206352557,1.3566698988022796,1.3618872234121504,0.5571097734598537,0.5308076859145336,-0.4008276262982733,0.008559287938663899,-1.0490061853410042,-1.1260022406035572,0.4989145296464463,0.3360663734405553,0.28996380218610407,0.6683191044242487,0.5114593856783334,0.9623942591595249,0.7500555227371977,1.3775315590523645,1.1383357879929799,1.556470354038637,1.4677637447646983,0.8032118403262509,-0.8191160999676582,-0.2683006012168255,-1.0651694420670006,-1.4846130546669625,1.8176288296241876,-1.822375503705453,-1.0659687923521917,-0.35055357882305516,-1.5756270009932236,-2.4123830557021537,0.8107521140407151,0.11442380953251313,-0.26965865311813014,-1.1301475961384637,-0.5332038223546351,-0.7731039409017064,1.8521342635877858,0.6159162203559613,0.9589079820967457,-0.4226619709239363,0.45910154503737677,0.44531826526639406,-2.647407097847166,1.188717775286122,-1.242446477224452,0.5461459482294972,-1.129113966352528,0.8373653731704518,-3.4360597761888902,-3.466821788046614,1.4460278757119944,-0.009981076221236505,0.78371575392184,0.6290167445184398,-0.21693208050640955,-1.0707778642799817,1.6195826543301837,0.3410367859146,-1.544690850249126,-2.109020896826361,-1.6601653084991763,2.4975556368415646,-0.7702184475225149
2353,-1.2687862432655799,-1.305898299032238,-1.24126292897027,-1.1957521118872236,1.6344701825723054,2.1498918777653473,1.6954042467132233,1.8550861629711208,1.9995116718217711,0.5506806758659867,-1.2465767301770063,0.7261731019416069,1.1604415061149598,-0.07174284483098427,1.5325882464049079,0.6657197238196586,-0.07014717024336163,1.3944735832580561,-0.6287524550117191,1.5325882464049014,0.9017297337128458,1.2341385727522824,-0.3189475646620595,1.4402330587480106,-0.6696104318859711,0.9017297337128458,1.9181414457547925,0.11926289817048094,1.7169931535301963,0.4879523458030141,-0.5291662694244315,1.6323315837583974,1.507435181300895,1.453163854377323,0.8645003870024764,0.7819432056261681,-0.23554418232748234,0.2036625366062331,-0.9796448974351543,-1.0599819246624096,-0.3754415936777662,-0.5704776386596752,-0.5113768775009035,-0.27973608298604846,-0.34886019226434606,-0.04078557712516621,-0.19925043911254556,0.280938929514392,0.07517663525074607,0.4608991269402132,1.4207542216001476,0.9220958095553913,0.31050836396904125,-0.08709304349213999,-1.092009046905051,-1.5231539374755174,0.02775061924746295,-1.791626637731055,-1.0853494021789387,-0.6387550463634774,-1.5378992899506663,-2.273141562634877,0.9921143902197348,0.24409111164746775,-0.23979405548135008,-0.8342168582018472,-0.4543566085509195,-1.0271676337584157,0.9883062337214923,0.2639997564596626,0.883286827266588,-0.5410361063899902,0.4017406301964382,0.7695928535454964,-1.927914132679484,0.720204699663406,-1.0861933697073494,0.59345432835005,-0.09338252917700701,2.8777923001341956,-2.006076853588984,-1.9975671559411439,1.071763291131441,0.15882210206414937,0.8509089129167396,0.7169792703629793,-0.1531381058476368,-1.030436225800603,1.5731231150666365,0.3490566727007912,-1.5116735813378177,-2.0611823744740447,-1.6053052481222365,2.529751143633735,-0.7394008771654472
2354,-1.217090573878132,-1.312953578751686,-1.3801310711263546,-1.4741699125887102,2.1465938501956905,1.5330875831830746,1.8391918128271174,1.949340861332423,2.1085079452204276,0.5537057700587973,-1.367117175671516,-0.043368082186170054,0.21567192621535086,-0.6322183876951954,1.0538716014232756,-0.9895830726431804,-0.05040998080010612,0.07870638812014155,-0.4632854320080214,1.0538716014232719,0.8734435033779393,-0.11875563609521775,-0.2350284005951211,0.48323107879005095,-0.6132816656185476,0.8734435033779392,-0.7060949599086228,0.0646422759923418,0.36463274133906043,-1.3251822635698,0.6454677693826697,0.04308726413803755,0.5221459340281103,0.5167212531529661,0.11533856110290108,0.00607261829923875,-0.608832820019804,-0.30366172749040415,-1.2474560976256714,-1.3526715389376192,-0.09701805981779824,-0.26739662709907724,-0.25031265186519636,-0.04517398475118249,-0.1028364896661215,0.19853926021308682,0.02705916178375181,0.5935376173644077,0.37542769836011347,-1.306795223263838,0.8800268085481636,0.3874813066631035,-0.05018532263594693,-0.9997977359889564,-1.2206056803000451,-1.591879167494918,-1.2793608103835186,-1.7829676771913203,-1.121965204249017,-0.7894641351773095,-1.5040982653644857,-2.1515042130026125,-0.15252810423513713,-0.26022588316590817,-0.20787745846319589,-1.1327476878666143,-0.4535950647617928,-1.0978711082508172,-0.20082827849277393,0.024354338171064038,0.978078702571657,-0.4483206455537965,0.3767949286434132,0.8466967137875798,-0.7647824996690937,-0.2373570203165251,-0.9009600915463991,0.4561815127548048,-1.075768847108186,0.9861379061521262,-2.1402751612651816,-2.0978021366917337,1.446515345146895,0.3930314942988388,0.8480080981816068,0.7704968798561046,-0.27928116718195095,-0.984124181357013,1.513952093941568,0.3863336314687408,-1.517036801297613,-2.0263218643035072,-1.5503447853031278,2.469277795104778,-0.7315548552374195
2355,-1.4644231037642437,-1.2105739379713254,-1.3084644995615193,-1.0721348059365063,1.9729057254224103,1.9791221545465738,1.6368827239144284,2.147964897452565,2.6845036024023057,0.3627625780946313,-1.5909058174980928,1.4167625426498673,1.5643970009626955,0.5928695242662104,1.4334367215123531,0.8534710884753017,0.43554013463872654,1.448986266146047,-0.19077802038623617,1.4334367215123474,1.1753282360001567,1.1464998782307712,0.12177989008260176,1.529636779727292,-0.5092611216088982,1.1753282360001562,0.5699024909238466,0.7030073645068122,-1.1671752348049556,2.265086642463514,0.9132297160325585,1.332612785801938,1.8141393743507683,1.7716269282372745,1.5452040615181508,1.2959941038204292,0.14837202183319997,0.6926575839669871,-0.8414562647814741,-0.9284141743534818,0.7404503800384462,0.8011327402962263,0.7360980221384531,1.0680601466912703,1.14188329833519,1.478131042041139,1.2436003144599523,2.047033805569571,1.8126725917561646,2.1465997005101807,1.852241841784147,1.1850554488423686,1.5049995732170909,-0.37453033996802365,-1.0421417203068482,-1.4912788377750172,2.363298472200219,-1.736926214247279,-1.1633812516841402,-1.0122537459688674,-1.5125172239261668,-2.043871011170132,1.4609674555088514,0.5444526412470091,-0.255606306103898,-0.5671055508023243,-0.9345884471273512,-0.8001395044805121,-0.0744966059558331,0.9796532879951718,1.2342411733593295,-0.2919877819652126,0.9162667398390218,0.21344293861857447,-0.629099305275931,-1.1980041317134928,-1.6087662328907735,0.5121008083918079,-0.8583662127304187,0.024434532191242368,-2.6438264889782483,-2.6877113095148575,0.9032450557060827,0.557734808832726,0.8039513995234276,0.8448441608998869,-0.2558299635408052,-0.935477320775629,1.4315833408709289,0.4323980759071769,-1.4367242037374117,-1.9773142657354952,-1.485743908108669,2.4543977253806113,-0.6998366033397394
2356,-0.8952305035582986,-0.8406851911928388,-0.9864027699176366,-1.085907856828108,1.4726043905013888,1.7653553913161193,1.655254557158993,1.4207483947715964,1.7885018591329895,0.8796095874471916,-1.7972837196187363,1.4275335230452515,1.5050939326718082,0.6576505583068406,1.4438008693837914,0.07435399069497789,0.8496449768240076,0.9932827227403669,0.13676074465553498,1.443800869383787,1.3291624373920263,0.629801021785897,0.48437927212120707,1.2678649845132421,-0.36501306969565367,1.329162437392027,2.024497719458753,2.060976643659199,2.8355609942011895,-0.7358792372225498,1.1951908691507038,0.894784422500852,1.6517972356980732,1.6495990556762141,1.6434385616696454,1.3445945559920647,0.2735318860486932,0.8886656222119897,-0.8391164966829051,-0.94093415466438,1.2312602451611068,1.3989757600575352,1.4356983185007963,1.8112829608407133,1.9103938654195152,2.3498079077860194,2.1313097286378286,2.9791399542714943,2.7790383987850955,0.11425084212206164,1.3619877245099028,1.3681279891828457,2.105512732089742,-0.2928886175852453,-1.072001527773862,-1.487073795101769,-0.48055218655323856,-1.669305315579949,-1.2456367491189606,-1.235048032908951,-1.3956235993585966,-1.9475952634504932,1.0849285094270986,0.6166295096689138,-0.034054113874119385,0.4235509937025218,0.09110940930993441,-1.0442661367442643,-1.1501758826238437,0.45498282909587323,1.0407149535078248,-0.33055121113662456,-0.06084388521457141,1.1496004922954144,0.25128978273577657,-1.7045502582273742,-1.274401341266668,0.4461068458543312,0.8214844159864434,2.15097634956898,-1.6950899168692493,-1.7875315923915371,-0.09792892091988646,0.8022550804924572,0.6765831459159581,0.8974056210568101,-0.21035091656029808,-0.9031036520847925,1.3520419234552075,0.44334388098616617,-1.2485256194170469,-1.9370033876124155,-1.417706265946208,2.4345115094161853,-0.6515609330867593
2357,-1.3742664989363416,-0.9977439563498436,-1.4943980154140792,-1.449348554177361,1.3907835816118894,1.506795704752174,1.647928582597533,1.1723954679726885,2.938493541787181,0.3695783476581348,-2.618956573070603,0.5769570831880195,0.5881850927292037,-0.06829952462060392,0.8273542589542854,-1.3227673222869352,0.8535425507546831,-0.25844602776567,0.3759947588839648,0.8273542589542842,1.1439549490848495,-0.6661953073082587,0.6391524103153076,0.2868576677483282,-0.22126164466065626,1.143954949084852,-2.3051771929659686,-0.5857042069376749,-1.8498004102532468,-0.034806496104414816,3.666781220719976,-0.40320302764410904,0.4967586947183662,0.6610189371362434,0.8162398705790572,0.4188013422512601,-0.22529976666788615,0.2260736835857656,-1.199364103098263,-1.3346043247615322,1.417913063638715,1.9132838279711937,1.8834658886171614,2.264920268441656,2.5629419849332735,3.0484062793530353,2.8689360994694044,3.628354281863203,3.531480028342051,-1.3232765826267374,0.0015352150858790872,1.2982491198408546,0.8717786301025626,-0.7841859787310607,-1.260279449625791,-1.6661116396116917,-0.7154347409634991,-1.5969663579983349,-1.3685182986435536,-1.3982361203068243,-1.3698270601485432,-1.8606811790245208,-0.13417221366391438,-0.06546191369697202,0.012161961156232788,0.02467233250951136,-0.30560461541046485,-0.9838601489875676,-1.2214822043307807,0.2914159131777256,1.1003350923753343,-0.2840610389079787,0.3150582980099539,0.82541566161858,0.3874130660806234,-1.6093387474982914,-1.0675243172428872,0.37172765905888067,-0.7523270968809479,-1.4488453130859502,-2.8643680212823943,-2.956758122380784,0.2674233002642558,1.222436842542851,0.30813658005107575,0.8038467924977939,-0.2515008396401312,-0.8592436706311947,1.2948650185448622,0.3795036530344475,-1.0957311983270368,-1.9006516261695543,-1.3230208431701447,2.3338978341574066,-0.5949044005518657
2358,-1.6697693341054036,-1.793324117357312,-1.972119133480256,-2.1054140060473396,2.9243441531001917,1.2987419216013854,2.7166336729481717,1.7191963672833195,4.654810948142672,-0.33475523991722095,-3.5821558149641732,-0.7786207386479425,-0.5838778090279647,-1.473051820304681,-0.4805841486351691,-2.9004869463384555,-0.008967273411640673,-2.104175376594471,0.2796555021982453,-0.4805841486351665,0.5162999494988779,-2.4248575702272865,0.26160974106594065,-1.3377520013477453,-0.15629489538931476,0.51629994949888,-2.563723728152599,-3.237912886607078,-1.0556678630968184,-2.142118685103649,1.8775157112940253,-2.5270548459296047,-1.4996466550146377,-1.228380278914048,-1.0327975224011083,-1.4949145166744646,-1.515104202861307,-1.594155976239058,-1.892989492726291,-2.058890799238607,-0.14372530163721942,0.43346054228052866,0.43223196503263656,0.711360785947518,1.032624681504079,1.349964854148699,1.1924283136571507,1.8247672599159985,1.7415114859500433,-2.9311755681681686,-1.5514661664188487,-0.242229120792726,-0.6129358052937183,-1.2607034058517474,-1.2147757337006795,-1.8501783481784226,-2.120925551694872,-1.603738221437235,-1.470220040805825,-1.3140827889107725,-1.5035855502322675,-1.9935032623360156,-1.9877387029813725,-1.3566899326177655,0.07227186339405925,0.6178800203732847,-0.6881960926241141,-1.0038916630264365,-1.0678018936876028,0.7813471642756894,1.383349782717318,-0.004308491581171562,0.7471944296522941,0.5978128607905823,0.21345373451723268,-1.9152826609435083,-1.5128414647228068,0.20271223725691684,-1.013276708307344,-2.4175407093452215,-4.563332068940601,-4.668824690068898,0.09877604626078443,1.9771663067003622,0.28017593421892956,0.9452723122901507,0.08325159688293131,-0.7304204312679242,1.2476823313624348,0.47907293400461043,-0.5769802720062442,-1.8729200836886624,-1.1802557965768157,2.1875853244960695,-0.5024034498826259
2359,-2.363146532890123,-2.303169063996712,-2.4172985137673013,-2.194920030622345,4.23920219608817,2.8058627093590074,4.434971711508637,3.241497638766576,6.59173460571998,-1.5100019019576396,-3.3048037202289224,-1.037212066550561,-0.8034916375366323,-1.7272042469295674,-1.1812873680121128,-1.4901191801513767,-0.7853235611863151,-1.7356056123532915,-0.07338193241667597,-1.1812873680121085,0.002946327142401753,-1.9588397252727636,-0.2106333100412853,-1.4015745687216923,-0.1754536551396477,0.0029463271424033403,-2.7172516773942306,-2.5194885566998244,-3.094512368436307,1.0804260345579457,1.721782355254925,-2.570713398465525,-1.834158434543776,-1.5845360506168602,-1.33930629990381,-1.803110865025572,-1.7493876478561972,-1.9133962360302843,-2.000106394572597,-2.165163534052629,0.6728028440678183,1.5234777528302639,1.6778715271340274,1.9331354931566926,2.5505441902311996,2.9104226072222246,2.713654501084163,3.365368570554844,3.364898782608059,-0.649078903845637,-1.2826566423177486,-0.4259597406291881,-0.8588190626732304,-1.3044725402367559,-1.1875528063149348,-1.7145829064281892,0.6023058419206123,-1.6190347569519377,-1.5660344124090537,-1.0487605511526574,-1.7223486452960217,-2.273700524580831,-1.7116540890252228,-1.0429722144441522,0.27129641064634985,3.5759052535128766,1.5937096849246357,-0.14727643107404093,0.4211022380619571,1.3479666979505287,1.3483972129700323,0.3559844630190826,-1.3613708333729762,1.1925424010103527,-0.5652756516293285,-0.9497868039600974,-1.3426398580862522,-0.03678545082760517,-0.5514522881066964,-5.471755266763335,-6.5191791941271715,-6.60459352724081,-2.437072170288144,2.7554362957099237,0.5159470015982868,1.0990380365383687,1.3062146498508944,-0.485921568363308,1.2344021623052335,0.5761501141650085,0.6400764102691008,-1.8391517280981762,-1.041173376236837,1.5972302777672895,-0.2315678700532334
2360,-2.0935505226790903,-2.013175832121159,-1.9712248766468667,-1.995990689312684,2.3473860208816846,4.281250929833408,3.3122521336650848,2.7802514307692534,3.293479343289561,-1.1877787882923803,-2.517446864006117,-0.5774522511838688,-0.39840197209096534,-1.2407157447747639,-1.060406479205554,0.3233776772753171,-1.023903580384524,-0.5034504727380364,-0.44759760339099736,-1.0604064792055528,-0.1920653228929889,-0.7048845106642336,-0.45981409909017884,-0.644058402576437,-0.23969034046371765,-0.1920653228929885,2.2706633808562136,1.2788660681251378,1.0946821959467836,0.6738619324507172,0.3921937298282572,-1.1200527207852984,-1.2801888638872847,-1.048998936274791,-0.7902506880706102,-1.2326197634651077,-1.367029528526473,-1.3686498558541516,-1.784007958801731,-1.9499006188992227,-0.24054325461617956,0.4538052322407541,0.7104326977202888,0.9560654971531878,1.4881706607014782,1.7642737775254278,1.518692864303908,2.185585736457724,2.1511063494751252,0.8477617190572695,-1.782933929436031,-0.12384571547863336,-0.624307579736757,-0.4571375961208743,-1.1179129950897746,-1.6049079264452941,0.44333436452825176,-1.6613379161588009,-1.5945978258939357,-0.9371627563504913,-1.6756516431039588,-2.212950846096636,-1.2326536044951242,-0.5383551650380508,0.4821751513568886,3.104990469982102,1.6446716461687119,0.16567634014844035,0.8301398776309793,1.4646433909976697,1.3122332658002465,0.31671043505052016,-1.4412422257010171,0.9101523760212611,-0.7103070045274681,-0.6584678848589193,-1.2056239159606947,0.05358335498258802,4.317528963379515,4.045154072275905,-3.2203354465672787,-3.2977508968722353,-2.5413926019698097,3.0233577032745442,0.6812600876813865,1.0944049675478216,1.2983006018040448,-0.27221864278602104,1.2225811241988898,0.6970905498738716,1.1051039090219303,-1.8116363626472578,-0.9402707242195532,1.4482158671894851,-0.09602314853897291
2361,-1.8321182258898958,-1.9318531144002833,-1.707814495913917,-1.8259248321983943,2.241735045071741,2.47836934001117,1.8802095997405015,2.1784166428786493,3.027134249804733,-1.5181264594537365,-1.9495212723871433,-0.20059767090824956,-0.06265832145300212,-0.8327820529380563,-0.6151224052127666,0.9717349968841584,-0.928138446111147,0.22536838344126853,-0.6964933589112207,-0.615122405212764,-0.18379915132692404,0.054675206788838186,-0.5074143641254997,-0.07930736743999914,-0.3151614274223656,-0.18379915132692623,1.3699919719590965,0.2858339380926876,1.0733486608942646,0.15860580947422454,-1.2337890595462329,0.19263574002767075,-0.7809108708541681,-0.630884007391141,-0.36456717053800014,-0.7447900908387232,-1.0167716129602618,-0.8684974853226309,-1.5917987764626367,-1.7642543439174476,-1.5703697208532297,-1.2117752232336305,-1.0783800034559496,-0.8856185091319049,-0.6033329362361881,-0.2965261740390488,-0.5116374048526279,0.08459945414113486,0.007200223502507582,0.7264560108840167,-1.5248515298606231,-0.2660663456885511,-0.15425542391136549,0.436236659048375,-0.9532308497337015,-1.6226848544696746,1.0470568181946953,-1.6768613633748097,-1.621539105499852,-0.8378354104641185,-1.6336298500396171,-2.1409970192580627,-0.8491066385752136,-0.08228569232168227,0.6688776486260465,2.6008429456628828,2.4238698189026637,-0.14440928354624685,0.6358758312268358,0.6242329672077255,1.2258507339329179,0.2603280392984154,-2.293044902382894,1.7662206524890027,-0.7848325502885596,0.011164691542558747,-0.6818257695537459,-0.1106441419762269,2.3750564908825025,1.1072816547924322,-2.9810141710724047,-3.0304647551864243,-2.106079641074906,3.094607947223473,0.7385868509896747,1.080901792786743,1.3519757091925528,-0.03689193431899604,1.2146827521213917,0.8136986640754892,1.4503637445824216,-1.7763033507132948,-0.8548140690467576,1.3286201548574759,0.032231923902881
2362,-1.7153130022758554,-1.6859401417891529,-1.571594416675651,-1.5068587465272392,1.5226631681537877,2.246353696250969,1.7248497426754577,1.968185836038233,2.0064247186127604,-0.6465583650138529,-1.7111165894800622,0.7016217027159456,0.744536273950422,0.13466962923610062,0.2037314449837219,1.62123405632896,-0.39693596185919194,1.1874216855867692,-0.6527974025642388,0.20373144498372056,0.10436506977240952,0.9826805300794015,-0.21253384894735672,0.8183374758341375,-0.33159622418513396,0.10436506977240997,0.7027304798163955,1.1242389038102614,0.4733708199640371,1.2476946358853673,-0.4448010938537414,1.6909559494488955,0.25168839116360087,0.22257117630951875,0.567032627718691,0.21808859083162907,-0.2723623606330034,0.17882066816573508,-1.2162940264815816,-1.4082201070811236,-1.2174076615477387,-1.1209821839607288,-1.0540135657477723,-0.8240378240695261,-0.5660439519625536,-0.26655823881384016,-0.4994643482704395,0.14634767668228432,0.038572341549482005,1.4835527847611096,-0.29208804778566655,-0.2484356019091898,1.134189214440947,0.6131244059856412,-0.7586338223487853,-1.5145959045462893,0.5807245065282157,-1.6636455968920414,-1.6286137080113101,-0.8696870854318789,-1.708854065209079,-2.0359149612253336,0.49304136508337926,0.837026078476938,0.3838314144325025,2.1543940491164446,2.2294861094065865,-0.026265441831140886,0.1318626042598081,-0.38089432263548834,1.0177429984743807,0.37018066989463017,-2.133800147669746,1.5256093603945518,-0.15959118922341872,0.5257430242619965,0.32563627616493573,-0.533317009525514,2.6653419979627397,2.2295603123276035,-1.9617905312893784,-2.008351119678449,-1.8585310752246982,2.9842411501181014,0.6969044441297827,1.0536061905435659,1.2849319448918366,0.11347672554522055,1.1980294676819907,0.8778086223828173,1.5859756482400535,-1.7484376275617899,-0.7797554405441601,1.2413289594938561,0.11180804669001541
2363,-1.500942873421195,-1.6030651049807976,-1.4259986577254253,-1.5634695748908753,1.0071807067861345,1.474508986161708,1.347485640464448,1.3263317945404627,1.21988010624561,-0.48453109570199115,-1.937317585518351,0.46403868095662576,0.5052718433191863,-0.07656862027028621,0.4604592198695888,0.47960813719886336,-0.12661594783488708,0.6014194624103101,-0.5016097547302751,0.4604592198695864,0.25381217537828854,0.45924479463573936,-0.022138222178245168,0.5149084819058857,-0.3049759266661716,0.2538121753782876,0.7537564445634789,0.33989020469172265,0.9067408391490938,-0.2131712588084381,-1.0376522165786513,1.0170350088013627,0.15150059092486418,0.003381359869704452,0.3567688683388034,0.07260222822882778,-0.3897456867331955,-0.004645241953659577,-1.267714618327368,-1.475543567705164,-0.6935575277040005,-0.7927636242145041,-0.6782014343038661,-0.47369527536339157,-0.17570392407656138,0.1315352594092768,-0.11463442694393877,0.573632022022234,0.4684955697843498,-0.28712167195031474,1.0039332980921547,-0.5549650859265871,0.7579794586841457,0.3913416061013756,-0.7125635781383677,-1.692184286458136,-0.4592508461919085,-1.6718013831247234,-1.603245081166643,-0.9132328300924469,-1.6926887399373094,-1.9424380583836856,0.1962523000961884,0.550423551236183,0.38452745662564736,2.1270166786282925,0.6638015604596235,-0.031593258673659745,-0.9687866886752022,-0.7299167432175451,0.7653899508264521,0.3103501998896699,-0.49745501478182363,0.46787567095916455,0.9693758323921198,-0.24956643092347264,0.6369177351559847,-0.5996826467122235,2.551403971896039,1.9124816887308849,-1.159659892468259,-1.220283234188257,-1.9831021182539228,2.8371806315618615,0.7110335593642865,1.0241521472113302,1.145386416764644,0.2631897173091186,1.1850168124448188,0.9213786092501554,1.6313872452385376,-1.71977353157614,-0.6767776515389563,1.17982105464965,0.16044954232821496
2364,-1.4768149401699249,-1.5260195030844343,-1.462314264205713,-1.4604128145226825,0.9738624295098476,0.9956692777205701,1.0691792742292618,1.2156808253571871,1.2533111049770618,-0.5125087298585496,-2.026261132337377,0.6353950197381574,0.6625061942202081,0.1274411633032892,0.695241607797647,0.4209003204341183,0.1894982602004397,0.7043122793336148,-0.2553946767795243,0.6952416077976415,0.44443987984988303,0.5360226427443694,0.23380959291566739,0.6922643253421195,-0.21040947158718618,0.44443987984988426,-0.20655820382008308,0.3216254634359366,0.065671101893575,0.19035413195935694,-0.1709281403904269,0.8339980847449027,0.43368896615224173,0.3255401326673457,0.6169537690085991,0.4114300352197675,-0.13076011922027564,0.2967235433713564,-1.131172078978743,-1.3612909768616126,-0.7597898910323115,-1.2516311476639042,-1.1331207056743602,-0.967913173895093,-0.7600689403994183,-0.4690856834980371,-0.6580999272910987,-0.06046829382383201,-0.1632446596450804,0.43084310407031934,1.5171770635492403,0.17625706598369312,1.0742532170188677,0.6537807706352218,-0.5656048027041081,-1.655589486062114,0.4528699683558111,-1.655415430614883,-1.606321876070241,-0.910052584194468,-1.7483046620375178,-1.9353775497328305,0.7041872710825078,1.0312478820267663,0.40923649473842905,1.7520060885361368,-0.3722260859527079,0.3373898663048583,-0.9397008279665047,-0.5671823481098198,0.6937154897260176,0.6870373020486927,0.5530733092118816,-0.5797198552025187,1.2512116738595211,-0.3888274139588424,0.7730132032970757,-1.0004574104945945,1.4941444204455514,0.37430256560106634,-1.2092103906771505,-1.2543327461152423,-1.6080791040147633,2.650235754613588,0.7069097119817592,0.9919746295201733,1.0740357842043904,0.4190489752446546,1.158101806738997,0.9682704359505493,1.6483074025112345,-1.6909048738758026,-0.5713862752186697,1.119507366648692,0.20937234629200197
2365,-1.5707118367656092,-1.7028640005507005,-1.517680661010422,-1.6388654176658308,0.6540655359113088,0.9970377056816444,0.7218888662272093,0.9105173309403279,0.6797865593474803,0.18255574731690566,-2.215069414165781,0.09670209060460339,0.10806416586959736,-0.3807088878402373,0.39749928798011913,-0.5667713471107888,0.12906292246545825,-0.13545113186693197,-0.11402210409981058,0.3974992879801178,0.38643050963763403,-0.2353212447673805,0.24569292915756924,0.032876861472487855,-0.11306785455815949,0.38643050963763376,-0.31592233747685067,-0.8996607982034005,-0.44733509589889536,-0.26750815052564714,-1.2112040660853491,-0.23772556234132083,-0.002169517223916907,-0.17475846700516118,0.012069921725429731,-0.08744925141080648,-0.5841412079929511,-0.3243221634136443,-1.3293653465322242,-1.5702145531703664,-0.22351995660354276,-1.1200422858455643,-1.071572490913866,-0.8948610516721535,-0.7097081316323653,-0.4115574880529049,-0.6013603008872684,-0.01891072077973702,-0.11294161268666827,-0.8765638847322229,0.6723953203090782,-1.1041945152259192,0.576471725293325,0.06650453495349899,-0.6496668611057445,-1.8191134974592513,-1.5184501461935602,-1.661658703572224,-1.608789203827025,-0.8567352132218727,-1.835568540749565,-1.9493935770706738,0.2960152582814202,0.6007117211318995,0.4013214367663261,1.3668806288448443,-0.15644007632059959,-0.41512418700329,-1.132666854143022,-0.7964840470252039,0.5172165662836675,0.7937372411380162,0.2935964898024539,0.30878521596200986,0.8005424347617286,-0.3594431126163471,0.3993126137281725,-1.2309205759995516,1.7757379095738328,1.5438426082108605,-0.6382581063671713,-0.6791365197494432,-1.2857656735588041,2.3984316372680436,0.7557726976363537,0.9673209961968946,1.0003219245271877,0.5374751413835012,1.1423897315021523,1.0079251239602345,1.6199235501983336,-1.668982007938937,-0.44560885119187355,1.0690873871642412,0.2428594450342634
2366,-1.5265126013280383,-1.6670229991600836,-1.4912246882861298,-1.5649804002237235,0.4064568030506327,0.5880818313513118,0.28263889894184296,0.5340226997884115,0.2559852672862688,0.3284901827721555,-2.261938336660389,0.13370341128900423,0.14274745946617065,-0.32330693107418235,0.3246580897617737,-0.14798086170245575,0.17193308884955313,0.09490532621131534,-0.0005914778674406392,0.32465808976177357,0.39778607077440054,-0.040382192132224305,0.3125156655167504,0.18789028712826403,-0.0010034220993630938,0.3977860707744018,0.05775624151150136,0.0842055490617366,0.13826072158353744,-0.17397952526983435,-1.1523936068742626,-0.1951018822212862,0.3586780078430885,0.006415761577303765,0.1628845741190504,0.1563391127316548,-0.4309080496622688,-0.144266717348834,-1.2280975934712857,-1.4892638069480224,-0.6339964538531919,-1.2921743702382462,-1.3439479974803905,-1.1963128541022494,-1.0455899388823315,-0.7915631422334478,-0.9540379750458856,-0.419956770032772,-0.5078426361858037,0.23851383313522717,0.4491599415516481,-1.0786734582136663,0.19318630461102942,0.3542563624326544,-0.45472648595582543,-1.7276276648754845,0.11283776307282133,-1.6545225251448228,-1.6143466390443146,-0.7927019036405704,-1.981639653451709,-1.8647827034961801,1.0688231188170099,0.6619059024763918,-0.46486111631702065,1.32118153014823,-0.8425761722087215,1.0197446395949736,-0.8019729628327713,-0.24974356699457861,0.610300741097739,1.2369526486362707,1.0026521626565188,-1.5736870311930293,1.648787094382188,-0.5846003389723847,0.976164908523882,-1.4951480926815115,1.627134510602152,1.2374000921224526,-0.20590415700590464,-0.25421406936858126,-1.2995071441631567,2.1609050041296363,0.7580419919984216,0.94511412981406,0.8405443724328215,0.6385832959508654,1.1158215930890967,1.0327053919294615,1.5596827219072078,-1.649639500303807,-0.3164502503710237,1.0295780987184573,0.26709643486655654
2367,-1.4062913977166112,-1.4431973202605672,-1.3782517146750402,-1.4157866011545917,-0.20760526206826505,0.3285038206789237,0.05599293988661342,-0.07751471020878904,0.045284445622301786,1.0295766610052342,-1.649906413374902,0.5066647281136122,0.5277075479540639,0.04036666166294104,0.5032508259735902,0.29563290008527066,0.39594929367692916,0.49649807767168974,0.1712498086628803,0.5032508259735871,0.5516250290575982,0.3022532583368887,0.5065608132050698,0.5483824370555342,0.15565762446303777,0.5516250290575978,0.5222961810399901,0.9778987094723296,0.45529597864342036,-0.038909095293592995,-0.3340471777859271,0.35041839128849533,0.8531453101142145,0.5583433765174876,0.5297755991402663,0.6632834946958268,-0.07341581593062785,0.30523409944819174,-1.0310440716889606,-1.3208963994892657,0.036040539911983416,-0.6738154992436517,-0.8778409082723341,-0.7253113491621932,-0.611173476467793,-0.33616974253394066,-0.508243987898527,0.05941662511427461,-0.032011674337376124,0.6154721206739973,0.048975857184426826,-0.22089824897064914,-0.1949182764316911,1.3360623343827231,-0.30641818289179457,-1.419506856945337,0.006123639503763897,-1.6198590029782312,-1.6341103172195088,-0.8655541321532864,-1.938244041997361,-1.787730994112169,1.5072939683117699,1.001225724917913,-0.572266750523195,0.9610885343992744,-1.1082926652358882,1.1557181058520538,-0.4141745698879296,-0.4648600288419461,0.38791907332340453,1.2455969888098362,1.2413860317434817,-1.8703096946446875,1.3135938244426415,0.02377973327554267,1.197724651618704,-1.5528686190185745,1.1033304439278726,0.5333482474013016,-0.005308408232945253,-0.04763021498625264,-1.0640276989537647,1.866437729659407,0.7691918641937201,0.879555290105725,0.6104847562548892,0.7036011369646815,1.091265695589835,1.0587744192597928,1.4733909143375397,-1.6429200623778688,-0.22009452301901936,0.9806351555751468,0.27918466809293296
2368,-1.4997970167026593,-1.4304504192928076,-1.3455219380481505,-1.3524371938522097,-0.43687640170208325,-0.2097766882568064,-0.3049486816545239,-0.32541624714443124,-0.05135805705253396,1.0907322255001133,-1.7508438251161746,0.5629815466573768,0.5880527827860672,0.10419502680212332,0.6174503463260574,0.18635020364610594,0.6214105049716232,0.4837879125905901,0.3821954001131411,0.6174503463260538,0.714188244579328,0.2783428281100063,0.7216748822880996,0.5894570043826312,0.34687329044318843,0.7141882445793265,0.10227083648192413,-0.03226255663074518,-0.501523258247021,0.8749269065331089,-0.5465708249723572,0.45460437266293374,0.8286435899290739,0.8416104558142503,0.6386275559024842,0.8612368772000818,0.08153530181384007,0.4841097742977308,-0.9359338291816057,-1.2507269977897166,-0.39714683425440994,-0.9967073224710461,-1.160086778765959,-1.1154349236154297,-1.0491447570580668,-0.812984563345438,-0.9293873464855888,-0.434377843592683,-0.5278175056144028,0.23784643205879835,0.30016307635110295,1.3792195626868948,-0.2903211980176728,1.2155325925199834,-0.32357909999233964,-1.3545231432781522,0.19465565252719289,-1.584864502038646,-1.6434145445533224,-0.9249961867656165,-1.785754012334969,-1.7188733090891994,1.19851111809012,1.0483103680349743,-0.08734959555431214,0.6746227198524019,-0.9953845756387952,0.12520722191319913,0.014190390450653451,-1.3841320727467605,0.18854029026521002,0.8038925732561096,1.0962042449780451,-0.8381320982231664,0.07627591293401342,1.3185654603687536,1.2002730293760164,-1.3954567283450139,0.7231138827799799,0.14982565695055416,0.08138685811835833,0.0476513297425972,-0.8128882783438411,1.6151764065776513,0.7858172355131866,0.8201344898008293,0.4117525475125094,0.7726467658630979,1.065898688067809,1.0918744228177795,1.3783544524951437,-1.636822241179823,-0.11593208669299242,0.9328136698705081,0.28054829639629836
2369,-1.3281632375628818,-1.4441184404669287,-1.3075775870187922,-1.3145008516697199,-0.6399837571180139,-0.4716432695236708,-0.4572249947003617,-0.639381505329071,-0.09096669608830507,1.4930327423340182,-1.796103169318757,0.5344103512392206,0.5572041045038179,0.09674851401515952,0.6449158681197682,0.048298459962999855,0.8121505787476847,0.4068055587397495,0.6068356349856883,0.6449158681197654,0.8413602483392527,0.19426305098258256,0.9307643074165929,0.5550623683133267,0.5580939214774171,0.8413602483392542,0.1389534851506259,-0.14311363942933256,0.7001343954372399,0.16229131710194505,-0.9919696869249434,0.528057214033469,0.6805415221537146,0.9563210751783044,0.6602253887265702,0.9676166374270643,0.19379737845290715,0.6206823358464086,-0.8713867892081733,-1.207657554050551,-0.4339193786604852,-0.8160522844826121,-1.0791854519255855,-1.1789951458335184,-1.1392146763595996,-0.9275667698417817,-1.0070603887991314,-0.5465357435397559,-0.6379915935374647,0.14719250109432716,0.1650338267249892,1.7500770628029685,0.41909641258448765,1.407168635454656,-0.38668805244980425,-1.387336211407689,-0.208611853973946,-1.555125978017636,-1.6249720971097252,-0.9782885553817913,-1.6792471796144692,-1.6553926638591667,0.9654294775045085,1.0298256556850787,0.21618216945088325,0.3479099196934518,-1.094374328850461,-0.7686552651535906,0.16369750921540874,-1.4549480209324446,0.19128066389315826,0.7426621784104522,1.1664174962041183,-0.10848249325467746,-0.703456177645746,1.4942237237383744,0.6854055827210513,-1.335439634089139,0.371225797265822,-0.08985340519603442,0.10787967196313655,0.08570174486388653,-0.5142524698122173,1.4046972596239702,0.8159817823719165,0.7713268770195243,0.2862308265889663,0.8123562762088368,1.0548285598820208,1.0834612760401343,1.277596465189768,-1.6309330821755808,-0.003995882804773504,0.8932136176960159,0.2933309489980434
2370,-1.3589705810036716,-1.4635965000492674,-1.8862000439276188,-1.867115796340585,-0.090069500626459,-0.6031190042599347,-0.2016473664021527,-0.47696185262869817,0.16216202378718844,1.3546153409664383,-1.942110770456187,-1.0718736236470257,-1.1209140643300537,-1.3235180598234377,-0.49413057992516235,-1.954664603268547,0.07601464893678163,-1.5883836000498637,0.4416068519560318,-0.49413057992516035,0.12368251273664871,-1.5996138092396266,0.4771833959216864,-1.2741401448572505,0.586654067180202,0.12368251273664618,-2.9977253913714095,-0.15524229246743065,-0.17991314178317966,-2.6426160477984513,3.6050993729753293,-1.7044430709476526,-1.278851115495406,-1.0202253949789053,-1.3554429417589977,-1.0174967214644681,-1.3436298504314095,-1.3220323268700638,-1.5810386894937343,-1.855346776896907,3.673983460086453,3.6552615099476715,2.9194782377385615,2.5344980574887295,2.7348282703447944,3.269451060891869,3.049680749831732,3.7235984499780392,3.7233182923775527,-2.5760790881922944,-0.7247185059220951,-0.042792270348781004,-1.9392462314279568,-0.1553099451072484,-0.8419466860342965,-1.7423362575563333,-2.4713613990930754,-1.6300764692055516,-1.5755593954090414,-0.7034304477623414,-1.7824014691100325,-1.6114339912701718,-0.8280885298562856,-1.0721637940078341,-0.5322008227592235,0.031127515441626015,-1.0551725066870048,-0.5154412227774924,-0.4776936761998885,-1.6134986036635839,0.27191292268452116,0.8984154802712955,1.0947663243614376,-0.3160354458064185,0.07394310251614473,1.0430463812370092,0.9791048747251127,-1.5390470521483688,-0.2989680185040681,-0.7286383129040768,-0.1644759325322261,-0.16430517118022495,-0.05340687092728792,0.9852491460491075,0.8624468364303208,0.7625881211548541,0.2459188693761873,0.8455734775062925,1.0559060511361649,1.0989453746093856,1.1931628770541305,-1.6296469047764186,0.14296535191000198,0.8480535818314824,0.33510473358825593
2371,-1.7304842512400747,-1.835564838115595,-1.684743180876261,-1.7559093662098075,-0.20630910427035934,-0.053676154042373775,-0.22726255166913492,-0.17489579179245404,0.23269252169028462,1.4986620195188773,-2.0312770984327697,-0.7211935432599432,-0.7471750127654573,-1.0199094291144344,-0.6800361584353986,-0.3184277958993747,-0.19825410870412072,-0.6156410738683157,0.20951939267266795,-0.6800361584353933,-0.1852070868580391,-0.7040953089691004,0.2467947422439224,-0.6480643475309448,0.5414251575087785,-0.1852070868580426,1.0588937864093,-1.8791354734574175,-1.692150389502122,0.02673506922530474,-0.9013267030594405,-1.0169692010310871,-0.8798412943768266,-0.7052846118136674,-0.9142897413954798,-0.6227144496636624,-1.016040955836015,-0.9056558215793241,-1.4251708828668834,-1.7280905283661359,-0.1314467711274732,0.22383567008125352,0.10919602562091274,-0.26330245522045115,-0.1528457607328429,0.15398994590099624,0.019682372622774454,0.550606860082641,0.5205413960373504,0.5779405162908402,-0.5756554157741599,-0.1004369089255193,-1.6873213326463328,-0.3867893724846134,-1.0190291838225065,-1.531659976956123,0.4488805328563565,-1.6691328382477135,-1.5402437137857434,-0.4391155052821111,-1.7270012439405984,-1.5558417665239663,-0.5323507859910966,-0.8077559705223857,-0.5087265455366212,2.0883579175230893,-0.0012894568512183875,-0.41140496576154517,1.9615437799489948,-0.10025449509124001,0.862561477994405,1.7166312206394079,0.19985026543963813,0.3761631018911963,-2.1217900120400413,1.883158068693751,-0.17790390039089016,-1.7726359855475524,1.7002654434752937,-0.21402376041572463,-0.14691591567195192,-0.23643725400084598,-2.2069065257498366,0.6637580486659447,1.003145392642185,0.7913151533756708,0.024318534158887052,0.8921276186829993,1.0629337586642589,1.0831371177341678,1.0229117327037673,-1.6332847797119863,0.2977427926889932,0.7922658197847359,0.28046667941949327
2372,-1.7598218337128826,-1.8787134296804846,-1.7718806123316126,-1.8858581042882228,-0.023507574783013768,-0.23784441865097927,-0.16182413443403676,-0.00013016921955497917,0.49194721958645676,1.0512631050163115,-1.5799812143159875,-1.1152269035587008,-1.1134039492339858,-1.395328179835113,-0.9269555440754693,-0.42970785483290325,-0.5688467488708521,-0.8300592424970213,-0.10743700272515999,-0.9269555440754671,-0.5556831106113604,-0.8464574853850013,-0.08698110271970923,-0.9259975804266238,0.4077948465846597,-0.5556831106113617,-0.5007660006005058,-0.27827502294276835,-0.14630001148738317,-0.6438390251462158,-0.5788088223321309,-1.2203731811824292,-1.221833929071402,-1.1988201162567031,-1.3136880084755074,-1.1044980608697252,-1.4299286962687698,-1.369388693850214,-1.5960645992452194,-1.8855850037223856,-1.192077226035233,-0.8483529218352138,-0.8304706114550817,-1.1652437245393472,-1.1003932399717413,-0.8894973032858033,-0.979087799694289,-0.5269505512397069,-0.5585815618394101,-0.7323891652544782,-1.1982790997970816,-1.105766620188081,-1.4238925196932262,-1.438969783531851,-0.936148491308589,-1.5549511410614691,-0.34913348859768073,-1.731931622680596,-1.4976333221124967,-0.12804377322363167,-1.675627075100611,-1.504509178520273,-1.2483217581918014,-1.4683152826027888,-0.4859517608998349,1.6860063792249131,0.07800961353144124,-0.32656218113308627,1.9078531343304972,0.3078243264292151,1.1432343090246295,1.496280558565024,0.08321637007473381,0.35769026329573106,-2.019363869237161,1.4986216668563221,-0.4516614984909702,-1.4025548803012993,1.1538534988036702,-0.6345798138268787,-0.42792212176033584,-0.49602200327868917,-1.7449528231774594,0.4153166995179466,1.032227544688122,0.830673578495215,-0.08570058104008128,0.960890061516116,1.047828915892898,1.054097763453303,0.9693171253605409,-1.6356391440610292,0.43858498997334155,0.7258331183222251,0.2612039068403954
2373,-1.7869031717207255,-1.8325908468220329,-1.7157423301151276,-1.6843787542952382,-0.3895595508846634,0.13539635175479714,-0.13912030791962418,-0.3054032870442543,0.11355967084683731,1.523714447595505,-1.7590135438200947,-0.3681097393101792,-0.32002038155403145,-0.7223463769362031,-0.5090425707238637,0.7440084111704633,-0.4803595416925531,0.20125695436197052,-0.2797376471847395,-0.5090425707238635,-0.4810017967247868,0.17003721617696824,-0.11763838630940858,-0.08527418724798509,0.29197938560542497,-0.4810017967247891,0.2553524066139996,0.17310826754335226,-0.21881965852003915,0.7716891045203015,-0.6912166338846881,0.026048795027219785,-0.45009872970911574,-0.5151447914016997,-0.5261424613698993,-0.39813733835350135,-0.8020256690750607,-0.6625305101717641,-1.3030978348412663,-1.6506859909297826,-0.65824013048884,-0.21528715652269323,-0.21778011416653162,-0.6614266352253,-0.5910455481021103,-0.3479435902780043,-0.43589870544460013,0.026457234373839542,0.011359019561844628,0.9952130931901833,-0.8538927529833855,-0.5235021330537863,0.5008766119517087,-1.151049326239526,-0.8368364521221451,-1.3816614886334044,0.585307295319633,-1.7440454982913738,-1.5015997865310529,0.16369221004864562,-1.6454252011196295,-1.4564968770181996,-0.5505314432204118,-0.8733869256571568,-0.5827879785445731,1.5481475885177753,1.031590815908648,1.077437867944521,1.6163060094580637,1.4889498255443363,1.0724090430121405,1.6067751250344284,-0.9155925906625455,-0.21583840319217984,-0.7808229918036093,0.15430137227981522,-0.5429736040993149,-1.0347405961090992,1.7537930831690502,0.8342064882815039,-0.0454516791068534,-0.1179207579178537,-1.6723834420413846,0.22498755971506343,1.1360086944506964,0.848445798788777,-0.16050132824380578,0.9942064954500587,1.0416883601797369,1.0232910041951533,0.9100217623195046,-1.6403668818816517,0.5846389889740611,0.6692254262529789,0.20906794629318898
2374,-1.6004452999612493,-1.7219200041751348,-1.7320584746981187,-1.8180669890130043,0.2686864930278902,-0.4071285469360665,0.0806620914619173,-0.1540202683679988,0.1641924198450466,1.33459575737078,-1.64540432087884,-0.8001180542130429,-0.7483180731086547,-1.1242107074625265,-0.5193886065115724,-0.016442059907790123,-0.6204226552075546,-0.3132986864464886,-0.4549805402679732,-0.5193886065115699,-0.5945751985606471,-0.2656168873536679,-0.2912731494479533,-0.4830670927137927,0.1481267370806617,-0.5945751985606462,-0.1534937206347128,0.5292062752205456,0.8640582745862087,-1.1375897535905477,0.30756095663605265,-0.15599419325105562,-0.8142236601159263,-0.9101719340837715,-0.9797347146306852,-0.8937974886928343,-1.2555067942936269,-1.153865703912843,-1.4805828396971779,-1.8149510336746448,-0.7998792757179273,-0.29172135958330003,-0.2793662778130198,-0.7062224589748497,-0.6211195945646816,-0.41690812003592775,-0.49146313790975255,-0.03931258434170305,-0.050029755774067354,-0.7368769980225754,-1.2539697843140132,-1.05144069900577,0.43970523915094806,-0.9182478174180573,-0.8464581041509127,-1.4857801215330153,-0.583503597734668,-1.7565690840212473,-1.5460210257673515,0.4681900199649463,-1.622553227953223,-1.4330548713832811,-1.1753797996170878,-1.4583483661806071,-0.5767003803611811,1.3214858823860047,0.8137283148713375,0.4328404977781058,-0.22049868606769543,1.3282149677689408,0.9401878585558456,1.3758331149033158,-0.7119224488062547,0.21997149130338162,0.5232172067418911,-1.424370952751468,-0.8346480534340206,-0.8501508275306429,1.0926142416458886,0.02153682130665069,-0.1066306441066394,-0.16307777270943982,-1.3051686298347105,0.08242685507929724,1.094164876243145,0.8807737648374063,-0.09523493238929004,1.0339132367677948,1.0248397823798063,1.0209908200715077,0.8960149742385285,-1.6442351749030921,0.7372231732822342,0.6479623708907158,0.229437356697551
2375,-1.8502604823384952,-1.9416045062910807,-1.8044156131657876,-1.9076452069920529,-0.0021930407575138115,0.12503589102657128,0.1554610873263464,0.1290699846464938,-0.00164721854464591,1.3672593804565285,-1.5259117834507168,-1.1064081037259712,-1.0393752966747534,-1.412654119544071,-0.6309827637251372,-0.19711836213176093,-0.8412385212608426,-0.4978330579567887,-0.6674352076880821,-0.6309827637251342,-0.7639961642123821,-0.3989610034781559,-0.5303682391034308,-0.6662218782102345,-0.038012422505392836,-0.7639961642123813,-0.45148377200768003,-1.265306646766885,-1.2285690573871857,-0.2518932422102783,-0.9460189942312482,-0.592401412037507,-1.0658887333663931,-1.1532337823857817,-1.1971333998045104,-1.2244604112909774,-1.586195178200922,-1.4969731201125964,-1.6050355860431889,-1.926539915485696,-0.4511927483493192,-0.6555961332488555,-0.6204001694573534,-0.9840055779790144,-0.9362232882520879,-0.7877522201535182,-0.8208592949538018,-0.4094651479431227,-0.422678766832485,-0.5575744857105867,-0.23136643114208974,-0.9079876527543421,-0.2555567855519605,-2.0824142219257284,-0.941902041402232,-1.6526342090775141,-0.5864729477256156,-1.7704961140192679,-1.6049614857493764,0.8053597852177461,-1.6389824901511492,-1.4427244406492257,-1.4999056572181346,-1.7655864441789397,-0.5921803529796262,1.2191425614428804,1.337860493215135,1.0984847523373256,-0.5629370716969613,1.0628602695173224,0.9335038018860166,1.617299836669732,-1.2666365764143224,0.012213328375308447,1.3149663285248012,-1.4952162769262407,-0.1996579393222225,-1.2214481569745994,1.2550354364798373,0.4923610398151138,0.058999169748483106,0.0016406129557661401,-1.2511812802288782,-0.12415083403332353,0.959535980572654,0.9161205931804735,-0.09920671055548815,1.0884313749115289,0.9987432558788034,1.0578635768315345,0.8541843002722374,-1.6433265895433962,0.8925531695050059,0.6155354600204951,0.2336996928474657
2376,-1.9471336285906486,-1.831169645029513,-1.8317045913070824,-1.868213298892873,0.4000077124045609,0.30166623450414626,0.4208484211141885,0.14875554997134913,0.3503981729200057,1.0602609958659852,-1.4426853883618558,-1.1259943414071791,-1.060273778215395,-1.4133876809598678,-0.5163171996701448,0.20010561290876064,-0.9132999283590973,-0.1680831521592256,-0.8399214838665942,-0.5163171996701403,-0.7841284320710992,-0.054393696764296236,-0.6734393630293962,-0.40408245383527314,-0.23008853265364518,-0.7841284320711024,-0.20845476746306343,0.5078899950935629,-0.5715659559992136,0.5859694540049197,0.10757126904562923,-0.31742283379676306,-0.8401740591636779,-0.9173892575065946,-0.9558853826027958,-1.1075965373904137,-1.482509297185117,-1.3806199065776303,-1.5374781963273745,-1.8846977471125466,-0.30105693339088274,-0.7384000183104085,-0.6862980389229396,-0.984339481846553,-0.9924919481506705,-0.878963177104967,-0.9005913164350791,-0.49846354193737213,-0.5044136758979151,0.10433105332472882,-0.45594286359781117,-0.9671180085208239,-0.5456329005153142,-2.0354872239495836,-0.9261480923228216,-1.5622162378176665,0.37696395267898564,-1.797409570678141,-1.6178493176219046,1.1423929500783905,-1.6438543726352361,-1.4340307081304335,-1.36790291667715,-1.6619147746144807,-0.6496008264022176,1.0482957030674318,0.23104225692022606,0.985905579339347,0.06019604571374827,2.2585013548751642,1.0360641761255844,2.005760840755276,-0.13349790654666338,-0.7272867166336481,0.6387520382782692,-2.0391610415928016,-1.3604144490252583,-1.116892387378061,0.4995773506284003,-0.7649716473730693,-0.3088145294428331,-0.3496055048292124,-0.9980100755223561,-0.24959354564035927,0.9463055869265788,0.9897821161253955,0.10184001594297526,1.1475026727281623,0.9714888158092057,1.1411666013151986,0.8130766949298557,-1.6406342344870364,1.0436373632691949,0.5810898822507337,0.2748447722880704
2377,-1.7174437175120658,-1.7905516172952347,-1.8079708971365998,-1.6544982876888992,0.2416509066014805,0.46397062925040783,0.38116460243986344,0.27498614428923546,0.021389989135438676,1.0273656774578483,-1.2930291669036178,-0.2595609491464905,-0.11780096531621186,-0.6406888904111029,0.049923731608382725,0.9882078135582851,-0.6089281247395152,0.6875629907738541,-0.8229195695987381,0.04992373160837982,-0.45624497799309544,0.763528226104472,-0.530924006803024,0.3957819777977123,-0.34151385550924124,-0.45624497799309766,0.10809514021234388,0.16087490409897418,1.0665966209034896,0.5249230551572651,0.19338606179178222,0.5475606186675537,0.06102314927673138,-0.10303633637532415,-0.11101651968913978,-0.37577525252503147,-0.711612611232483,-0.6328543198682178,-1.1918680607833771,-1.6314305356340824,0.22593561846238155,-0.23940022955825144,-0.16208699105001176,-0.43487449636436737,-0.5360745619493812,-0.4387182061602427,-0.45598031875056094,-0.02228646568019353,-0.0068687783074332905,1.0972404957600634,0.4353886494473213,-0.7524345601576456,-0.7066303032913545,-0.9515213954294955,-0.8365999855024959,-1.4802571111996465,1.145040283772809,-1.7269536695057397,-1.7503369621253133,1.4446843375643483,-1.6293757148406927,-1.4030099444172728,-0.5914814108255785,-0.9738900079831435,-0.727717187345878,0.7212189781530022,0.06527275591667184,1.071246455897852,0.43682069817974123,2.339201607911685,1.0141194680587138,1.9034265235004253,0.005088269596881148,-0.9276305464354547,0.33941514664586797,-1.8337868227782808,-1.4639223300712478,-0.979390077175124,0.9964013501244477,0.9533219195007295,0.012204329103114711,-0.019509155552891056,-0.6912603734061086,-0.3639512295498241,0.6891476233804715,1.0265287080521848,0.32595962152344465,1.2203978417576338,0.9351741038187596,1.18997228348965,0.7464860832479903,-1.632698474514221,1.1873114656559212,0.5539722953028575,0.30888402515493446
2378,-1.6699720705672731,-1.5151284958458273,-1.566592029407697,-1.4423394205852564,-0.17782706852987437,0.3027537128967124,0.06577546468093295,0.07020417036358971,-0.004868987652740502,1.451637606455133,-1.075530379701001,0.48299816510512267,0.646367502105252,0.05461429660143826,0.692459454969428,1.142954456137585,-0.09495436662542159,1.161008533776085,-0.5897635915874765,0.6924594549694237,0.05104742192576258,1.1864181357804213,-0.18806292459875446,0.9640316870601584,-0.328832955054817,0.05104742192576664,1.282742228171467,1.4365608430694734,0.19828567314434764,1.460130237065856,0.532704160109679,1.3279746171226419,0.865892565721735,0.6236026233556529,0.5447813461261565,0.2964387615085536,0.03610397697915707,0.07332580595396739,-0.8380620049881325,-1.3784704806895762,0.33938466821180613,-0.20048595323113377,-0.11277180180739349,-0.2873821660841312,-0.4416818302746532,-0.35571549444532324,-0.33857560834981615,0.056026828041288904,0.07893795488644215,1.019430629548283,0.44276598114542687,-0.39552086919662477,-0.07758574462026746,0.9651185684096171,-0.2586467383268104,-1.3390242449688432,0.6660500656355268,-1.6099878600671906,-1.906228230342604,1.4218666663358352,-1.6043546112973859,-1.3624365058097148,0.08650584709905841,-0.3756199324028815,-0.8037382187425726,0.5970236195640556,-0.7536232651980057,0.7883196550107875,0.6574456079580137,1.2547208393544882,0.9001429003861643,1.7806487832780058,0.8394665262836729,-1.2681400515770933,-0.07019126906231299,-0.6179511464222194,-0.6630174706583492,-1.3530083826561854,0.566655135858714,0.061780086879858136,0.032930710568470786,0.0034150786865194925,-0.6399597910397055,-0.6625356847922265,0.12390805860548265,1.0587060201984295,0.4231956302811713,1.2546238383985753,0.9097655308244518,1.227764637220447,0.6745633300130758,-1.6260552752233555,1.3106141515670136,0.5162144964235021,0.30481212905335425
2379,-1.5770211730149648,-1.629745404196264,-1.5317809100658708,-1.5425366395393802,1.2091339784508957,-0.14121298561279164,0.6940262608031791,0.22352601191346805,1.1000643268499577,0.43742923061129196,-1.3521793325243892,0.013534227495471859,0.125014709577377,-0.35454634324199885,0.6670796961310189,-0.0721683950367855,0.05483763278779039,0.35354346397285275,-0.36922785441320555,0.6670796961310168,0.21488874268348546,0.39362889420806957,-0.046326468829395985,0.41476749576693794,-0.27694252066303787,0.21488874268348085,0.06464975916828701,-0.7127096393121312,0.35012258756898695,0.27325590622270285,-0.6525058884502168,0.5516719476137357,0.5480948075291813,0.25521235095828654,0.026103480500378817,-0.1710631079760912,-0.42310191805370917,-0.3667137878939351,-0.9904085529630632,-1.5024710423394685,1.8090396003609805,1.0247396294639044,1.31570841446061,1.2710101628456318,0.847419614818328,1.0472901963684724,1.0415457000550217,1.457485898671956,1.5461706961656216,-0.6404785746671788,0.5080281228395428,-0.7553908335080483,-0.5966261697295792,0.9655782843455734,-0.060559316129819164,-1.3252214994009655,0.2526638567439038,-1.5541563848277744,-1.9676800891251411,1.4243447581031672,-1.6650008937943679,-1.3210822600505936,-0.15265846458486043,-0.9470900230185565,-1.402958138609109,0.46632880766932333,-1.0536134029528108,0.26588653796921047,0.04913903800145873,-0.6600121507885517,0.2968371579551076,1.5447162843368591,1.1349664419276109,-1.027126666323542,0.13945113830918807,0.6889830833529558,0.8017726067573712,-1.9311704312227882,-0.9125741355658462,-2.44392231326181,-1.1030101578987572,-1.0981138921684925,-0.2496534679540722,-0.7524044308564637,-0.17592053037003158,1.0508222908471612,0.49350148731867377,1.3318545041960286,0.9028212386240891,1.2657251423407732,0.7121273407354157,-1.6143733026310443,1.4443092173063434,0.48751713069860536,0.3631362563387353
2380,-1.4992626928319566,-1.5298676590756872,-1.4601929550145063,-1.5639554987916466,1.1438196032596,1.1635053814165304,0.7571642592937917,0.6665599183953473,1.1923304140661102,0.33752273721444687,-1.6582077887806428,-0.19606125177707348,-0.10446602824553358,-0.5284534870141732,0.5151023060993493,-0.2849311005287818,0.10605436798190651,0.11889157948647347,-0.20107024047846522,0.5151023060993456,0.27216916689817183,0.13362525575890163,0.035090252583484464,0.2351705365741011,-0.21196030399108406,0.27216916689817156,0.31127950255880316,0.42951971990186794,0.2642768774628204,-0.29686445533675976,-0.442097459837109,0.09794156208361667,0.33633868879805157,0.22501376447080237,-0.14336213778747603,-0.3234918984924094,-0.5398608360489322,-0.4800590027030248,-1.0094367996630822,-1.5292817203644167,0.8715728915242092,1.0803510207962426,0.7919749459906352,1.0104386995987487,0.5101455012383994,0.731843461893346,0.7301074442041685,1.112573762092717,1.2172575800147567,-0.2029597522612241,0.6966193906384165,0.4651411384424542,-0.26162855375139676,0.4573682388993022,-0.40790813069051873,-1.5079103465850772,-0.10561752495139262,-1.55990867054667,-1.9067505968374165,1.3830226971455926,-1.6301378816123868,-1.2819487518104231,-0.4029029134505147,-1.1857109711658536,-1.4323711920910758,0.35941344653262647,-1.1502767616437812,0.6919896219901851,0.4917647715025696,-1.0854651236196016,0.029513946043504026,1.5233129278605604,1.2223541343511506,-1.459353837377964,0.018276389475658187,1.4879735144759143,1.4692223529350497,-2.059496060164542,0.24646782013535726,0.2577909215097127,-1.2026517361784455,-1.1916367950304412,-0.15226619484113058,-0.7126701752248396,0.13211182790456194,1.0662401910382282,0.8271812769663521,1.4380755253345197,0.8804002773019591,1.282632737397912,0.7732987094958238,-1.5967539810689106,1.591899372156675,0.4539688830697611,0.3908937272277014
2381,-1.4696755091827782,-1.5990412620288574,-1.5959189434310965,-1.6890427052653678,1.2304200013725934,1.1070011671862352,0.989719915915714,1.6388726124960638,0.8604069740417248,0.16635690806856093,-1.762462898541577,-0.705781810772157,-0.6391170990855871,-0.976847620397817,0.09542222374139589,-0.7554447488515382,-0.08552357858059255,-0.4460568792597772,-0.1708350548041238,0.09542222374139483,0.0995114998500354,-0.41512757854274873,-0.06425230039390437,-0.2839473324115102,-0.18935226774776892,0.09951149985003738,-0.9039139764989041,-0.4760864626057516,0.08460401009320645,-1.3547848852216309,0.14381401306653038,-0.7577615582175243,-0.22681357604002453,-0.19560115680383847,-0.69539817750303,-0.8674814467074508,-1.089000099401608,-1.0076296754605054,-1.2144761520406309,-1.683906872572781,0.44366346447241856,1.0001147948858442,0.6269425052003009,0.9442707151475388,0.5140338558406943,0.7309716396753507,0.7134013909878046,1.1040769019779557,1.236103930160129,-0.8354384224162564,0.23713723221691602,-0.20507949867351377,-0.7667062727268417,-0.2807300557323736,-0.4195754506800757,-1.575158466242191,-0.6818111957454505,-1.5889156827441386,-1.8267904145009561,1.478087149982034,-1.5876087114911202,-1.2478449438494401,-1.153915989800262,-1.7996143137966392,-1.385944699505284,0.128155781532354,-1.141915892076813,-0.6901981992545115,0.2030512458196087,-0.6777102184968351,0.37042134424989787,1.849805310900812,1.1890388337489552,-0.2391061522654985,-0.6777394720203185,0.8339613968534932,0.1858687542568403,-2.1940604309253073,0.4364012757715194,1.1232095972934195,-0.8742031767720403,-0.8565125675489865,0.1033393666166424,-0.7410684224935402,0.42625977012872757,0.9569876396773687,0.28216507701884347,1.5340543059843885,0.8618076415806347,1.259718570941847,0.8247258028164486,-1.5793553494759693,1.7269494930214913,0.4453230996523725,0.45522705856835216
2382,-1.6291906582121791,-1.6450813777397935,-1.6196986085861258,-1.6100748511234664,1.5937284806625833,1.18200986358001,1.347196553345075,1.5361160823232298,1.347537520297815,-0.7143094458557827,-1.783786106132721,-0.5884278445748862,-0.5106472392187004,-0.8606827059990032,0.04116598553029401,-0.0971535984243902,-0.10394707487504383,-0.04016896573639346,-0.15866048546071937,0.04116598553029438,0.07784393836415741,-0.05284039228311233,-0.06742621435504853,-0.0056647714162494115,-0.17259221146146944,0.07784393836415388,-0.28090275171112356,-0.4050690433246443,-0.9575056137681943,0.19880595092447967,-0.0702426406736504,-0.4124044484794651,-0.044914003941580856,0.0013699873190916323,-0.41174166718291283,-0.5939142679762762,-0.847319659368748,-0.7474150125460199,-1.0738588431508473,-1.5897929571870664,0.2750173661718812,0.8776537964597624,1.0298695777765257,0.9857247223277249,0.6175654605154487,0.8420528649558698,0.8072193014686597,1.1934331197783874,1.3521870611486844,0.3179141141324686,-0.16094847861920183,0.30288482800009636,-0.905510202321813,-0.8155267320436801,-0.4007941132515418,-1.5384569582890326,1.0387106752840058,-1.6059316099339929,-1.770459859481792,1.625143347104812,-1.6293478607433696,-1.2486215475842732,-0.7550611202742051,-1.5556681245623234,-1.602515088777572,0.15141085327518636,-1.0456221614240753,-0.19469493581470468,0.696918669691997,0.12105109723221812,0.41460564490165386,1.9879610700112804,1.0905463949716618,-0.6147430696545847,-0.8067255807860447,0.5164019275193453,-0.23960710751520176,-2.006631159171098,-0.32546418208537026,-0.4207583558965678,-1.3713960182033509,-1.3442544063805284,0.1548345476416664,-0.5705792968547625,0.5206595981943077,0.9129884483445897,-0.3428333454967668,1.7186194459800521,0.8451008226956461,1.296070303517921,0.874001956135748,-1.5546579975376011,1.843094770409872,0.4600084890206286,0.504157419152033
2383,-1.5797828666156446,-1.6333659524080686,-1.540026896222833,-1.6316445497272072,1.5518144404738696,1.5896123186950661,4.268542512737104,2.0481157336398557,0.7022777911538498,-0.16054479348554995,-1.7663695398388433,-0.8001252020596401,-0.7358050916628442,-1.0341988524912828,-0.052016408627463186,-0.16639543598322817,-0.16643988364146536,-0.14049114467805504,-0.17716095899269868,-0.05201640862746334,0.01513664007903734,-0.14794911106113703,-0.1088408842719878,-0.11059992708574676,-0.17149244823085288,0.01513664007903826,0.38390955245948344,-0.07857721635606517,0.15145908300735675,-0.2718332851187631,-0.7427125596330741,-0.3335407329432616,-0.16676677494733289,-0.14356562689339403,-0.5095692401189331,-0.6794466132857356,-0.9778308883548105,-0.8562270689762084,-1.108319365057993,-1.6171882607428636,-0.20496252997786588,0.4691203529773457,0.6657091587666224,0.6509824776555327,0.31379759683307595,0.5518908072727906,0.49714491716851783,0.8613948121646371,1.0216730596647112,-0.24115826491672943,-0.7594330772884625,-0.2930052627450377,-1.1152037892769306,-0.7872915496381457,-0.5194468836361754,-1.6702900530237068,-0.6955069829806528,-1.625020903370767,-1.7303425212312307,1.769647558029599,-1.7866281095791483,-1.2139424798811311,-0.3149343418103996,-1.7680992737327126,-2.585269766646844,-0.12441606469979093,-0.6757557115605011,-0.716326532268161,0.9108524339011558,0.7753726793954882,0.40237714350083253,1.9334289518341596,0.6831220443497495,0.12042048388314243,-1.3747905464986176,0.08110366131397372,-1.181197670039871,-1.709387619959474,0.4896046500261111,1.7733258079442595,-0.7239734447377151,-0.6943891970466564,0.4335508034854266,-0.4129314811753557,0.604722549980213,0.7916992486774213,-1.0568972095915459,1.793407306912606,0.8349890933264029,1.1695333493166624,0.878718965124612,-1.5308334625788202,1.948406463356023,0.4772887287096556,0.5084525452281317
2384,-1.5521300721440086,-1.6355443528074187,-1.5700195351034567,-1.512963743030287,1.3331741186092376,1.5243413407452662,0.9983284050001204,1.8116390685122539,0.6033171529425515,0.04586992912128196,-1.9036621693221898,-0.305534955489934,-0.17590305034718953,-0.6203548102368547,0.19142292705621675,0.4487056951268114,0.008123787974733834,0.409884239466743,-0.11519509855774485,0.19142292705621397,0.1623732482527253,0.3572120011254468,0.01880408153180984,0.35822566655244864,-0.1337921777355869,0.1623732482527228,-0.21635421705222987,-0.07788933650413765,0.09864909295604053,0.3983443096914933,-0.5492761292505535,0.35314353073479715,0.2678050670951565,0.2807078719152454,0.019033250574132906,-0.18324885815961164,-0.48368739689855045,-0.3368939653220435,-0.8761023963015299,-1.4731047317202473,0.5836977805948679,1.1264980423178383,1.3548012957964628,1.4365619494275146,1.110772669518229,1.4494800788316597,1.344375529830867,1.7060248463827392,1.930377645743682,0.7064037079617467,-0.13668992696222865,0.39386125673485917,-0.8803281980045676,-0.6822676721253768,-0.783971525217076,-1.7811684332852176,0.5288423085253566,-1.601672984064708,-1.7513109944602225,1.924857555915466,-1.7767544327358533,-1.2024432032386043,0.2472705504824279,-1.3762558366896203,-2.567187769899015,-0.32907405461617995,0.1884507332277849,-0.0806986389649802,1.1702816865770864,0.8321362165717784,0.5217406107035291,2.110300958928212,-0.22567503168430603,0.21199828909697865,-1.187679167072429,0.2674987161981699,-0.8288618356347756,-1.8941090369660334,-0.1489371571309197,0.7308168506055285,-0.6319786503840238,-0.5964827413653345,0.6006787818141165,-0.1296056066816713,0.427913777896071,0.7596670494072095,-1.475256188613957,1.860125909724652,0.8380304898783102,1.0688549691102678,0.8532109173765239,-1.5018735920831967,2.0485289971349943,0.4805569929873656,0.508553846591479
2385,-1.511815029352585,-1.6015724732563348,-1.731832864909747,-1.718382637708424,1.2926155901261727,1.283035060790462,1.121237062422884,1.6905764770443708,0.29069543478770526,0.5712532728961348,-1.8062459338913017,-1.0344272131754417,-0.9489420696887236,-1.2614369300360224,-0.1716080601352385,-0.6646304503559805,-0.22194795747954843,-0.5395485210768243,-0.1715091811369817,-0.17160806013523555,-0.053158911769482974,-0.5225397926472782,-0.13800059842341714,-0.4365205254086757,-0.14899839251704597,-0.05315891176948537,-1.0793093540508183,0.1417385456025554,0.1999253481925438,-1.3193636294894244,1.2390200532125815,-0.5878052947380057,-0.6580398303292251,-0.5529829092326544,-0.7954918152429256,-0.944370037412039,-1.3178469136763469,-1.1095999365981304,-1.2566083179688161,-1.7247503199003587,-0.0050670715138326685,0.39386209627723157,0.6256304004830092,0.7680566867995487,0.5700647531471407,0.846491085173655,0.7441518203719291,1.1071859572161427,1.3090054060745933,-1.2916854022389483,-0.6548098524687332,0.06496342453490003,-0.1445187692860467,-0.8441578758621253,-0.8610892539643749,-1.8330043700730252,-1.6769965409960395,-1.6208819609192315,-1.7437390271059827,2.155995893536434,-1.8272502890134592,-1.2681369117416952,-0.44976624958259787,-1.9021903643893234,-2.4901698845189664,-0.5321675564108599,-0.273961960922653,-0.7788619994683096,0.9560807988959873,0.7349983354581432,0.779155691055048,2.2508716205155523,0.23033752808108324,0.47769025307425006,-1.4431950078264348,0.16347964546738913,-1.1676958877559032,-2.1096987655663004,-0.10281121182343572,1.1599927864276962,-0.3216015394791117,-0.2817982314048908,0.8006026210314293,0.12659400932567264,0.46139050479184857,0.6405609484894008,-1.7380705775478502,1.8555879925744743,0.8209321835428437,0.8860917637580155,0.8604320677033459,-1.4811596340122812,2.1261329140509737,0.4709957891256254,0.5379823699691144
2386,-1.6761016009262366,-1.6396703550981455,-1.5725688450083766,-1.588706441209287,1.0364873666689254,1.208681262728707,0.6843132416756311,1.5300312269753302,0.1442735313874763,0.9365995589075561,-1.6407487491055415,-0.5589938637399733,-0.4274331188354906,-0.8491563076716703,-0.036757306711917445,0.24692529857868803,-0.16228487488811852,0.13983018053227922,-0.18363249498311468,-0.03675730671191872,-0.006862282119311172,0.11218604491378989,-0.10780052737875169,0.08502791795644937,-0.15261841246586857,-0.0068622821193136015,0.9339614083772242,-0.34509334655215596,-0.9876863040202729,0.6687019222898152,-0.6123981313188173,0.0054451403989598714,-0.230563286815267,-0.092245298383902,-0.28065339214241763,-0.3890702018346274,-0.8339277112549774,-0.5899038447284407,-1.01084210430687,-1.566405859185771,-1.084306617959154,-0.801457914780877,-0.655612902710166,-0.5008925597592851,-0.5758580636436632,-0.44597530124695184,-0.48184695684755774,-0.14628192485273184,-0.01709861988303461,0.6883052875855586,0.0744610696966099,0.329348299552801,-0.11366587402217658,-0.6565298566821364,-0.5953844769911755,-1.7569467020103524,0.3941573006207757,-1.6011537418051691,-1.7719690787445468,2.3295105215665046,-1.765092373813434,-1.2354905475273479,-0.09990678125105712,-1.5829875525752426,-2.35630725857997,-0.14135571974625163,0.17724483849757705,-0.5414910227936826,0.16939350588854862,0.8888347534526044,0.8654291005514754,2.3072074204428272,-0.19611330151108747,0.6077512679051181,-0.532062536011847,-0.7136966738862207,-1.1520221428344113,-2.1367271817815805,0.07073890804411183,0.7402248090298243,-0.15415434328983302,-0.1364545478544477,0.3503385401303185,0.493692053426176,0.4595832751219013,0.5708984970188992,-1.8378442469892495,1.8055622306396024,0.8053722928497018,0.7254112835190307,0.9093059896908546,-1.4613106156410995,2.1794561596662385,0.45713608414015305,0.5575764728457516
2387,-1.4909622022664997,-1.3951239870331251,-1.4223307960364129,-1.3040646717041708,0.6959530133444617,1.0212847593938768,0.5037731034112525,1.0638708840516815,0.022350473434582567,1.1875061293172968,-1.7101557881281308,0.7939617348086586,0.9662473012516132,0.35519021901736836,0.6454077044468463,1.2320574347423463,0.3506913041892962,1.1922061424445447,0.0272597144254966,0.6454077044468419,0.442779320740115,1.0800844496660607,0.27724395084619713,1.0609701356305619,-0.040498218429902234,0.4427793207401146,0.8683859122632936,1.410703427552355,0.9524922000002799,1.3892034012774281,0.236251124660847,1.2572856578837779,0.8715309137556215,0.9355149931427981,0.8903677160951695,0.7792526242816603,0.3192321176542273,0.5729368999444837,-0.43506709826680734,-1.216121031929308,-0.9310189413164421,-0.8371576930383035,-0.718061298720806,-0.5374376656360317,-0.540583011059565,-0.49113717241252974,-0.5295436301544681,-0.19198553291880516,-0.05731508622395325,1.6604058307019556,0.731182941710561,0.5580154635551836,1.044371323267663,-0.20450667837849595,-0.27141164341077795,-1.5556146816454757,1.445359779349396,-1.5593708233990335,-1.7785525469580077,2.184887760229434,-1.7368499580431411,-1.2048902906588148,1.1392868210241673,-0.7318989136335284,-2.384139437953149,-0.3562631485879163,-0.45055547368999255,-0.7891747181069475,0.012722696670719394,0.7214219344955677,0.6279250496973996,2.190009712665772,0.4297441458213572,0.36052054652986604,-0.5567001543996106,-0.7017910825840997,-1.1484093489015679,-2.082440087916428,-0.13693151454874508,0.5737429597589382,-0.0391236771118295,-0.016570590553566692,0.5033852488110473,0.6988935794975123,0.3999144223976548,0.4985384125146053,-1.8138700548034479,1.7525400141147307,0.7861990990397489,0.6266550110813888,0.9366646881006573,-1.4426905113484154,2.210275691205097,0.43172247901539074,0.5679568141558676
2388,-1.2343689044631054,-1.2927050946534884,-1.3282973430561082,-1.284496131108995,0.9876983184794219,0.7697220064131673,0.641420398834052,1.31566021308011,0.13171514109584156,1.2149727275571205,-1.7613496997046152,0.705560762255825,0.8602312051416536,0.29416031834482026,0.8793494115585198,0.43742434630820476,0.6961569690468246,0.810122076213574,0.3162303998838916,0.8793494115585115,0.7266989346974785,0.6905529355991482,0.6001251210233964,0.8856567740943201,0.14838620278985243,0.7266989346974791,0.523845124560545,0.617232685839609,1.4539782888785164,-0.30863058086827205,0.41668595322720103,0.984312058588659,0.9091131065952321,0.8383413821042932,0.9683717169991267,0.7765156975100977,0.3662886374696429,0.6391446382534984,-0.3713650789457892,-1.1924716897172831,-1.2741045777961464,-1.2481424990190872,-1.2094777173764348,-1.0300934392417413,-0.9997576975030968,-0.9830991743060047,-1.018728652356951,-0.7125752122002823,-0.6025142580565754,0.0673799799677555,0.8830531618619084,0.09268621735564542,0.5711468359351769,-0.2876674711836103,0.22771739700997032,-1.5585229100974696,0.04110258960444438,-1.509805269348497,-1.7976114083110823,1.9640251656660848,-1.6781128104468173,-1.3892539153096815,1.0232262955136735,-0.15941529184916553,-1.4201233723806197,-0.07171774508286705,-0.9055380969547399,-1.0095363559047992,-0.971991621882741,0.24362068280965676,0.3064216526754746,1.9015548178247221,0.92694054010269,0.22529919753488814,0.2219489617727952,-1.1550055487369626,-0.8617437315308951,-1.9308674278045794,-0.15752859671534122,0.13183298237649263,-0.138308939537791,-0.1242249742273612,0.2672915480392065,0.9378526324135923,0.4695353994346364,0.4175163815019562,-1.7854982515754363,1.6561748946463983,0.7739548126653727,0.4380007983140209,0.9443995303943318,-1.4243603284725406,2.224996351974372,0.4041113264682946,0.5739225452461191
2389,-1.2347905073080374,-1.2498131040383302,-1.1625257864070844,-1.1266973884130287,0.7518068142788487,0.8306881391680236,0.3870475268768056,1.089900621753007,0.21670682589932888,1.1905190083770638,-1.6090966237447104,1.3137652668420934,1.4498750051935996,0.8755062345564465,1.1829930507902258,0.5814314926597025,1.1525087224050874,1.0839767046204745,0.7068460519048484,1.1829930507902204,1.089128774840888,0.8949310485845962,1.04140732053632,1.212585517689635,0.4382715115734123,1.0891287748408895,0.968902657211879,0.21565648518276734,-0.035858335604994886,0.7920483440287479,-0.7039365678851671,1.4183168172463123,1.413149894397059,1.335640144710589,1.579307896452809,1.3017206182507233,0.9895666322062594,1.242057086919058,-0.015301740778179956,-0.9976638697248742,-1.0448549818561008,-1.2863360877597279,-1.336832185224008,-1.1865328823975088,-1.0946342873621604,-1.1483651866677171,-1.17753828831245,-0.9016708327254002,-0.7928134764705654,0.8941570922783185,0.9783435659207806,0.8320178832597099,1.3731466503427998,0.05194576020718986,0.3743016674621806,-1.397294448179747,0.900093566379556,-1.425518693600598,-1.8489904194293514,1.7621832844229293,-1.6538403649226383,-1.3968534969223587,1.6584347266399335,0.38936820874958944,-1.3694000911929203,-0.3297964775661781,-0.998581678316127,-0.5951882671366544,-0.7978217252066474,0.25235457089173446,-0.18180998432368903,1.876221627412362,0.9988302099181694,-0.21710177748552076,0.34759077826461215,-1.0067079237593968,-0.6043924427747704,-1.896507459489695,-0.3447302807484948,0.12000639687152212,-0.23754396878922937,-0.21188011857461045,0.4865544149548291,1.0444676509344595,-0.11187203362289809,0.3548719611529464,-1.7585607688346538,1.575308432155568,0.7723477991747687,0.32975252422812623,0.9823599275710801,-1.4055641885919732,2.211910996504632,0.38902756309935943,0.5400755259133085
2390,-1.0846631771491084,-0.9675696497543776,-0.988307677178176,-1.0602047622323116,0.4588711486440765,0.6627829538860095,1.043196081311389,0.2363219429205927,0.3356580883433927,1.0064565140064035,-1.3814721102648733,1.4351335914650765,1.5564994181103746,1.013190661370327,1.2700071025572819,0.1894571785033961,1.5086562888142898,0.8888764603863891,1.122125475859446,1.270007102557274,1.3385476848946989,0.6511260205656987,1.4460762735368138,1.1402218124094645,0.8022977169723707,1.3385476848946982,1.0179821129855364,1.6120116420432704,0.7987938928830407,0.21936726167384296,0.21205549581510896,1.0688066367892335,1.4826169691638043,1.484745164370079,1.6820396957045496,1.4567508886851626,1.215707781261426,1.4490652400656372,0.15901603185811186,-0.9158637692114037,0.01777600741793399,-0.7795078082104474,-0.8873315699559374,-0.6235865674802735,-0.5862340789555595,-0.6948917891507944,-0.7591889079336374,-0.4823603025421009,-0.33894336102740735,0.3559847764392933,1.7874464830910801,1.094603992331404,1.8060277903372808,1.6132040707324662,0.8221871701276237,-1.366067422321497,0.4959381541670195,-1.3164128684472036,-1.9218409426285683,1.2947947277287666,-1.5683940092937196,-1.537771565971938,1.6012470888653696,1.039382600366627,-0.4316359685228045,-0.4616049508856172,-0.9327021294716372,-1.1152718710485574,-1.2338972569549986,-0.08851472802487163,-0.3653026012467037,1.657930934482664,0.9184759380658718,0.2955897317385937,0.4173957749544179,-1.0983435437213263,-0.629132381100161,-1.7642045059932576,-0.49119473398806834,-0.04708958325177436,-0.36592038074166844,-0.3342077982742249,0.5652534843269016,1.2211464614235976,-0.6373262235111034,0.2838543519702301,-1.7634813419539312,1.5108189118275126,0.771596646532035,0.27843492110777357,0.9903738753875599,-1.3847155025140834,2.1874189882161925,0.3627083280782251,0.49494313496420383
2391,-0.9046662422535923,-0.9691639973545454,-0.8706202997528347,-0.8830707438165325,0.08744040385491518,0.41997133159958006,0.015797919501493597,0.22295216075938104,-0.09608536991308739,1.8151414737197629,-1.119737119572745,2.038630525629296,2.1060569948921177,1.633289683518776,1.4638146679254067,0.4089244437547941,1.942934880366562,1.1497175636986892,1.5864204088867735,1.463814667925399,1.6422956489552294,0.8304407827802185,1.9266688129113223,1.421064434785666,1.2541445825087532,1.6422956489552325,0.6659854615011164,-0.020011803314688496,0.9461557075545028,0.19279931363247652,-0.8245523877264253,1.2244181836004642,1.8356215626886274,1.9380622477829956,2.1551153005044665,1.997294893893723,1.8411370731017198,2.011431890388939,0.5711224266940235,-0.6950826895180853,1.2080338637987333,0.13331844355590042,0.03669881532999648,0.27044429469525016,0.3226647016866471,0.1779320727091979,0.07955586373118824,0.3773181888154905,0.5951224250084755,0.9731732213738096,1.8833085688270579,1.9430130491132493,2.154725744583781,1.76090243991616,1.1532258551371357,-1.176828532111348,0.29454346809002824,-1.1728971554724372,-2.010118107189635,0.8780798373833839,-1.5198410661688444,-1.6544852080814487,2.11228158631668,1.9896328111792798,0.2874127065245221,-0.7003401585798175,0.08917932373651612,-1.2031304596290493,-1.1983901654619484,-1.4554803465558361,-0.790469437641411,1.5962773542386306,-0.1598936389534408,1.1540302095502093,0.3254439651306935,0.2742958545186793,0.5419358187912848,-2.088271990792162,-0.12374820209798938,0.9993543646249786,0.06577820388367912,0.09751915504971136,0.7409927544603272,1.3664494086113979,-0.8901794515040297,0.17286243851240138,-1.8095175604175215,1.4054965454223032,0.76297029940683,0.2182103073605034,1.0014183323730828,-1.3706239075371605,2.1408119478028147,0.3317100673707407,0.4459661073664706
2392,-1.1093859387059044,-1.183415222758962,-1.2332818049798873,-1.2696216287907665,0.6257063663860952,0.04532465340546271,0.18795434628584606,0.4839856922060147,-0.14959768657422118,1.6481369285783234,-1.13290692478698,0.48847015786432624,0.35379472522639904,0.33330138016405014,0.5657263032577818,-1.6812411832107912,1.6084622458049325,-0.748616922065478,1.7373833956742624,0.5657263032577792,1.227319826276377,-0.9994533377097802,1.8310572429439904,-0.1761968963266892,1.5855761067473908,1.227319826276376,-1.9888753125024412,-1.1977622711499543,-1.0522201950015142,-1.041557310121066,0.4810154077023289,-0.7226325364791768,0.22600955831429118,0.3920311646442473,0.63606967437427,0.54841499018485,0.3254651238307089,0.5449349788942448,-0.20186855976582554,-1.1765178829880418,2.4026982011000597,1.5487127782793155,1.4727039910847346,1.6388016212091232,1.8242295323632711,1.6983742115038296,1.5215040505393216,1.8586461719636924,2.1954967354844968,-2.047584679703224,0.04645057697347336,0.7420820518901965,0.5969238295670077,1.08011376194715,0.5857242261737959,-1.3270314801942733,-1.94371465064469,-1.1553350980141228,-1.9639973007431084,0.8083375234981405,-1.4738291484495154,-1.612876497723949,0.39209298055122854,0.514409625868731,0.2687214289894089,-0.7652262903983167,0.5707779124665462,-0.495877065961827,-0.8518084544662393,-1.8172665697615902,-1.1340616191135817,1.3547384249186891,-0.662965634024081,0.8752426929756453,0.495529429019501,0.9957315197473348,1.354503602805382,-1.937371440669204,-0.5689979375992217,0.38154632275911005,0.11730851204623213,0.15595578703064122,0.9074065445008062,1.1025429169084988,-1.1354064511179462,0.03144823710221028,-1.904042755468465,1.2749908753848138,0.7623978273956884,0.04504153937774693,0.9505503078547922,-1.3603181562029367,2.1029277818386936,0.3208483167548846,0.3618439057116784
2393,-1.312751434267343,-1.3219087127200255,-1.2804709267596721,-1.3207923312565746,0.7562906032448757,0.7429288860033934,0.7169003473460487,1.1337052163165098,-0.21766369823880108,1.7176984981054284,-1.0548186317048813,0.21941347193172123,0.0844152162209493,0.09336408168664319,-0.013788712518293778,-1.0828176373299103,1.3036176109804283,-0.7113640346469564,1.69965237922387,-0.013788712518291927,0.8347303063187013,-0.971508963658474,1.6815374278006994,-0.3461708592403559,1.7965500497322033,0.8347303063186985,-0.30262808718693635,-0.8114170549667089,-1.1162328615179902,0.012252009765219327,-0.33107085714515383,-0.9445721576690825,-0.08751278051251656,0.09406715696708373,0.40600389875346793,0.353175745027013,0.11933238940483197,0.33464696370377806,-0.2911573525168844,-1.24154151141268,-0.7504340880050648,-0.7245459472319521,-0.8276529074856409,-0.7239627519647351,-0.6457951855115002,-0.707373365670615,-0.7826998783394991,-0.5333384656549056,-0.35114737851716427,-0.3088609622889318,-0.13016920061896795,0.706007310404514,-0.014931423008276132,0.4432647151459039,-0.00219843471439141,-1.3987614483585278,-0.3950789555211309,-1.1398818279685228,-1.9296999285213448,0.7963067368655917,-1.4396399006881135,-1.5718417857769635,0.06745398141703161,0.19495820653530962,0.20717087669556739,0.40557750810112453,-0.33391337292793954,-1.0656492115766099,-0.8469132703801964,-1.3640780889601747,-0.6454909689544247,1.5276249584599195,0.38375779067445737,0.7110977569595669,0.07528303377619876,0.5613872167745505,0.5847489653940117,-1.9648255367922967,0.45492510890408794,0.45587237600199193,0.2430243679106624,0.2255920181047292,-0.27848187270480107,0.7622181822010526,-1.1625845402416748,-0.12083621996591508,-1.718690368162972,1.1565762863878373,0.7625930341754641,-0.1640522678403018,0.9473331193540842,-1.3467847290633013,2.05153005404507,0.29516162711376465,0.3936403029362509
2394,-1.1687346352575654,-1.2433358436446202,-1.2764007404476316,-1.378101954416017,0.7745765032310395,0.7108619906638641,0.30585514649155465,1.0132418749232712,-0.3389719852282103,1.764976851928791,-1.0348256830862925,-0.07090355930086675,-0.20333537274112826,-0.16997974874211821,-0.39805151544659445,-0.7163516479521824,1.011087835463082,-0.7058645234008276,1.5485250541007085,-0.39805151544659145,0.46002148056226877,-0.9349871699629189,1.4875872171019817,-0.5040921226647008,1.8949717732374298,0.4600214805622663,0.010714812123220254,0.41996089771469175,0.7692710186809528,-1.3829050297990992,0.3129227341137804,-0.9981706100241706,-0.36627393845862033,-0.2015536912461308,0.12687547980029706,0.140186893532698,-0.12419974373800559,0.09159106390376395,-0.4060653495996188,-1.3159376595680503,-1.1394876223773729,-0.8510497566116376,-1.0237009536588928,-0.9971976896234381,-0.9441037663274775,-0.9874685366974582,-1.043645299584777,-0.8229916186326147,-0.6641588031966357,-0.3649263321877954,-0.695883180117753,0.22125081713409606,0.1145240964221139,0.6337408006593327,-0.03540461488072153,-1.357205260469595,-0.43613771273603075,-1.1540288446617915,-1.8633817053247026,0.7358759879276091,-1.3865184465277856,-1.5322517097559347,-0.3728071958608775,-0.1530303447053214,0.25550224866232435,0.18876597789787716,-0.5437698667664653,-1.1380675419970638,-0.25665276116272684,-0.7016696572594673,-0.05998530076727329,1.6232654501589499,0.5789992234203853,0.6232206188168286,-0.5770033178123745,0.46446663139015154,-0.08318242480798549,-1.8504485695294597,0.33019103164470653,0.5845864894027051,0.35739980417293254,0.3478116369315937,-0.05294482183258623,0.45327866284441115,-1.7983328343499478,-0.1867495188621987,-1.5579226925889154,1.0443700508383766,0.7598636168839443,-0.3841521574106219,0.9418914337458172,-1.3374598419031463,2.0051400977232325,0.26017171736360595,0.4026427067524911
2395,-1.2724106200891399,-1.3760232629590283,-1.3725050542449306,-1.4542844016560363,1.0778282102065637,0.6626954271647408,0.4786659957272609,1.2146586673885837,-0.3431203015039029,1.6098432105210552,-0.82410059273716,-0.3910910610104276,-0.5128410774052812,-0.4680501967431815,-0.6731958080648859,-0.5166933749289568,0.7091697813193943,-0.7431329052315132,1.3214195295891036,-0.6731958080648824,0.09401821920502598,-0.915442717236511,1.2445260046416082,-0.6691530607510634,1.8889319779008928,0.09401821920502783,-0.555591561630429,-0.7768641292322752,-0.5621919417552006,-1.2178655261109552,-0.04579684364627352,-0.9957359349715835,-0.7575820048197354,-0.5450050246440611,-0.21594501603605745,-0.14593916045740796,-0.41672453026878165,-0.2021998550890511,-0.5589850969602386,-1.4127978371329166,-0.9681972441069506,-0.5804995406037351,-0.8181409269807189,-0.8848794976422371,-0.8206348940294648,-0.863874791488221,-0.9229248854556996,-0.7038536741758196,-0.5572064034192407,-0.4604177102756954,-1.05031590145063,0.5975349192115816,-0.004010931455823979,0.6894093360976586,-0.5091367064952022,-1.428403892997052,-0.3527811664301168,-1.1725306190473654,-1.8186780460232228,0.7607571648228412,-1.3972817670086484,-1.500245089412454,-0.645326003944992,-0.5383605929984936,0.01775193646899101,-0.001930085925622036,0.08272297668193418,-0.7795871901499845,-0.31813014894106395,-0.7994085693191878,0.022606308469101607,1.5785314982105796,-0.08547630044896067,0.7719127469644034,-0.2600291610779732,0.515228411270737,0.24450466862621628,-1.8233570400994974,0.02956814291092854,0.39771062570211513,0.3525275700115365,0.3544323298497683,0.19828077669030222,0.08482695634416984,-2.9510182978797896,-0.45764772167566486,-1.3104992620020846,0.955189033822835,0.7499667813612723,-0.731358651269891,0.9009421213860304,-1.325980442033681,1.9466858567438785,0.17753390422791665,0.4515173465602163
2396,-1.4540144740049399,-1.028054762248394,-1.323045340476427,-1.2677910761466893,1.614238643288096,1.0222486954966072,0.9198366507734209,1.5619498867410078,-0.3630862131600995,1.728569188179901,-0.7580038424332597,0.39572211343775887,0.30324655772686165,0.26838172114469033,-0.33660757274720254,0.6338471631116535,0.7886426968965342,0.20860083362638218,1.2040392853674826,-0.33660757274720093,0.1025894609832024,0.020802338404895003,1.2519173630335196,0.06659886666031328,1.8788064284019594,0.10258946098320423,0.2969944426174666,1.979843193397161,-0.997934287667962,1.3511586002545135,2.580538278073514,0.35216516765837474,-0.14400092677259418,0.11803851927991141,0.4146256850700844,0.5747570101901938,0.34017353901724134,0.5090992197574834,-0.11259289715195017,-1.1812907877332264,0.7090242664644036,0.951879737120783,0.8493668517121385,0.4343714589939608,0.5974087538239109,0.562273591562642,0.4225562991584125,0.6754283676796851,0.9234770507198453,1.0883276813318656,-0.9853542972716436,0.7930400130630836,0.8887684736120887,1.1440606484725893,-0.2544640893907219,-1.2696936058628667,0.9625092510803815,-1.1682668160585752,-1.7678868360989701,0.4436269807207919,-1.4658797349335175,-1.467298220869086,0.3854392818602416,-0.009970898348417622,-0.5259069693359845,-0.14526516616465138,0.7753434055860576,-1.021661085365018,-0.20585315238298124,-0.8636402790640486,0.46867243745393605,1.6505335951226843,-0.8130053103118855,1.4906946953165285,-0.5606626686155796,0.6965333412529123,0.14687766437271924,-1.8980180824768926,-0.0752710361690065,0.6003062512239683,0.36612093911367516,0.3790208177679984,0.4436694343799704,-0.10397177105460445,-3.3977507482072804,-0.9528766187454235,-1.1242719188615307,0.8655534398584206,0.7541638175160978,-1.4115779699505528,0.8166685705526956,-1.315846136366503,1.8885244500644165,0.0006356419054393109,0.5292797073127359
2397,-1.1021360968165663,-1.1991977205197908,-1.2411567937921022,-1.2359030415554721,2.0827541289039164,1.674393661265365,1.29151215078687,2.1277654933428796,-0.01656559440465689,1.605818374734266,-0.9038831034488153,0.4384980532790712,0.34700908281331816,0.3164988169662253,-0.07007748959264394,0.4996956609097712,0.8985500884130065,0.2862157457190453,1.1701363618877765,-0.070077489592644,0.15600017981391553,0.1318133824528248,1.294481963264347,0.18065236038380691,1.8738223077433518,0.15600017981391318,0.5186306927831552,-0.8735430667593866,1.926268085104461,-0.7889709569581429,0.37007126090417924,0.5405824689687823,0.0010629339439547094,0.1390898614474218,0.5354889457046539,0.7561245672884588,0.5358595142357441,0.6475344847665386,0.013547647959718016,-1.1405901496013668,0.41325149969882763,0.1590013267919198,0.19504505251597154,-0.22401772295232844,-0.09599421195195167,-0.11975951612580375,-0.1985379984493805,0.01830782672501361,0.225971631480062,0.2395687631634696,0.0882088214609708,0.15400277923365005,0.8609947362516995,0.7145346433685549,-0.42239283319958426,-1.3080897820731217,0.3235895838192382,-1.1650355593070219,-1.7071144108099394,0.1488267741635766,-1.43808814568126,-1.4380746831959812,0.474093022276786,0.01256686666242178,-0.601841823641536,-0.22475905273342422,0.8890893089194235,-1.1256736974868522,-0.9472588618353217,-1.2599822850772968,0.27463747024252694,1.4566381926176608,-0.9367340645031399,1.6343598088071005,0.10045314051548926,0.4140144687510159,0.4658084088551822,-1.8012907660995978,-0.5746704300437728,-0.12368467891195345,0.006082516378708628,0.03459231362101767,0.6161234663446623,-0.23460449650056553,-3.2821741258214616,-1.3786500723642086,-0.8118834193333837,0.7821572908979199,0.7525896381121068,-2.096039108295421,0.6844953308199895,-1.3010766140951842,1.8320634028719889,-0.12753318434350377,0.5565181291216477
2398,-1.3067945682631035,-1.3567090459425133,-1.2373615424167066,-1.306660191533609,2.3760969365716202,2.2453104862653537,1.726542716767113,2.92367256264518,-0.08605533463716414,1.726624885831905,-0.6591222630864588,0.13314256335873828,0.01659947586734324,0.05006193268467689,-0.06362825101305342,0.013384834369061942,0.8885208783926485,-0.029491374579451498,1.1417014920954802,-0.06362825101305242,0.10452951673370424,-0.1329428004038403,1.2638649014325458,-0.05391129181768194,1.8502566995422545,0.1045295167337071,0.11866625765570894,-0.7908553063403855,-0.9579384677745116,0.06885112861425119,-1.0474341305713608,0.22115512397879566,-0.21584923930732894,-0.17123212685126285,0.32568702958761436,0.5681388513779084,0.33997172571174394,0.41668474174587916,-0.09907094032343855,-1.2291124890835463,-0.578684247657646,-0.6644791448233353,-0.6147765011712203,-0.9013179940985061,-0.8297236242714482,-0.8475980409171636,-0.8764642735368207,-0.6985070305675688,-0.5356889250099831,-0.3191916236015348,0.083675021500512,-0.022418272402100467,0.8260408791925365,0.09172920471711847,-0.5586898099009997,-1.3809957231697325,-0.46078331815807816,-1.1775258273379048,-1.6439720951398988,-0.11228741957712637,-1.3989705630666436,-1.4112629217599613,0.09983470803370981,-0.3036670019850093,-0.6082806396283298,-0.5027169926547522,-0.21858317509844163,-0.7077460467672596,-1.0603446988430012,-0.9455732110539619,0.4110984284882594,1.4680355392276072,0.17613757947880382,0.4676335239079293,0.5276340544850074,-0.015547488981894826,0.4469316418573531,-1.7065673263051107,-0.3253652318088751,0.9701838321513893,0.06381627827730892,0.10770635432697341,0.9589169285313583,-0.384707966617592,-3.549868520382556,-1.6422829084496267,-0.7200519501459259,0.6885792621548741,0.7402004551483806,-2.884915698536571,0.4735947757330352,-1.2863486272574072,1.7729087051974364,-0.316120513412415,0.4599191867585731
2399,-1.4638163855773425,-1.3110683218366208,-1.364932748088306,-1.1919553186749168,2.642287486605341,2.2355300052056806,2.0243254355381755,2.256672726377282,0.47969846260822135,1.2634087996258994,-0.8819906204303467,0.6944953832564483,0.6110183052248098,0.5813807298646283,0.21696712300858845,0.5039235013828507,1.0787388551734416,0.46720092273224945,1.19891794380486,0.21696712300858653,0.24503642196306927,0.3371958248408533,1.3782154264194462,0.3910894267438433,1.8554704346932192,0.24503642196306885,-0.583801060711052,0.33950970970090527,-0.6920680934234325,1.843660798660074,0.35713437699516776,0.6747338935929206,0.3370733661151693,0.3163471848540491,0.8115048108979738,1.1273041421141827,0.9321966268563525,0.9256880041018725,0.27128820002972626,-1.0817507834985023,0.17346400924195446,0.01081363113773009,0.18499123047868488,-0.18092046294686406,-0.15100934099840177,-0.14820210428604974,-0.21005301901642173,-0.010147581307193359,0.20995347803608863,0.7590374719758742,0.6338565245522011,-0.0747890702961951,0.8625943780804307,0.7901996343595212,-0.6780575824158026,-1.2003270592482558,1.173196077142042,-1.170623035533084,-1.6082882173272104,-0.24721103715802753,-1.4172411188075684,-1.428836027024548,0.7464282179853581,0.17697610430686395,-0.6676212859062622,-0.6810205853272324,-0.6586679318539725,-0.45120609142986917,-1.0522587738632434,-0.2950469494699609,0.5503641933106759,1.5381001735708362,0.6114725405944442,-0.07651181833163506,0.7093675008320707,-0.6968701729867348,-0.013387800638156032,-1.5768906484180765,-1.1469713460933681,-0.28116873854341845,-0.5258127572926752,-0.45824005816147856,1.1969414742117768,-0.43018798448979495,-3.757487697013758,-1.5732843540330868,-0.7052211556795933,0.6427512508202934,0.7463721094791316,-3.1873500159972323,0.19958901673717816,-1.2735319267060243,1.7260881078016348,-0.33570568135622664,0.2940648525507712
2400,-1.1715071473751744,-1.2094977569339267,-1.193206592099885,-1.221025776462535,2.913635319750702,2.567412631596914,2.050511776176722,3.14971806891995,0.3752582924944018,1.2295184144510474,-0.6826582544725994,0.6165867948676687,0.5089001454098443,0.5322054326681209,0.32602719494681376,0.17912123615683398,1.227993526966769,0.3141351760324941,1.295271917660826,0.3260271949468109,0.3376421323354014,0.19695007252401558,1.4834119773209222,0.3252183914017353,1.8792815352324546,0.33764213233540097,1.1146368760617098,0.6737996481474683,1.5916720661589436,-0.14493393598505755,-0.26190664345243786,0.38543897716267383,0.4176756107057653,0.3134944599406691,0.8104862844364396,1.1335286092309707,1.0404595597339241,0.9608122929394431,0.3392975610854015,-1.1112124023659704,-0.6567759923809496,-0.632871479185321,-0.535731552082926,-0.7160268801959265,-0.6500865582001977,-0.7485789439568366,-0.7809017486514657,-0.6026783814176331,-0.42886353393990456,0.03639882880273015,0.8932522496580426,-0.22377344831738594,1.505545908413123,0.9399057154578437,-0.9697328047835745,-1.1086958099460138,0.05933906514449356,-1.1444051351438282,-1.6074872733268002,-0.4665107362574159,-1.4495700505830482,-1.3986270188631722,0.9359604187588823,0.08534257533870604,-0.9901912826642008,-0.8751825335763572,-1.0081152884154683,-0.3411527274976083,-1.07569645609655,-0.8285913624535691,0.673852937303475,1.3351826512706173,0.9533766195964195,-0.4312541592122252,0.8132420023063226,-0.17689841325773345,0.5589266843968448,-1.505380062261157,-0.6051724488018091,1.2802998325432182,-0.42793394976233423,-0.34874328980711,1.4588282148938956,-0.5991058371019038,-4.8213602506210025,-1.6715934289723895,-0.7122028428935987,0.5837689332379952,0.6771594498820412,-3.540704605673858,-0.10406817051482517,-1.2671471765869002,1.6781990693042437,-0.4671946778807466,0.056037180719767835
2401,-1.232667389685908,-0.6700727114270907,-1.108181430440468,-0.552422837556987,3.1249557544334605,2.9903157466499986,2.294090407563789,3.2461781353932655,0.7255331929611125,1.1226080917390555,-0.36775691095416674,3.2580444004720555,2.9808240978709524,3.3817345191006214,1.6020449205920897,2.132002728112891,2.20731051301859,2.345986517646581,1.752531637546617,1.6020449205920786,1.2681963672954726,2.034592150962182,2.1813716841027007,2.258056615620015,2.085391952024426,1.2681963672954726,0.6768471249838193,2.7540495389114446,-0.05300545717792452,3.526053524669923,2.9550024264892545,2.6138278395715044,2.731980882856415,2.5836707640868815,2.9931327183229826,3.378635034184811,3.494610024429475,3.3005782752854955,2.2555960251883604,-0.2440024389115662,1.8561408094005978,1.537449785883628,1.6434703612427017,1.430632066651671,1.5622751468559712,1.4258083305723348,1.281373750608904,1.5634267536965172,1.915738672074519,3.1755603798565604,2.016543575066296,0.9689806188417827,2.7580027450307085,3.1268689530715723,0.8280903344674241,-0.5388863336188794,3.2499870961516675,-1.1358065845614747,-1.539419274272468,-0.6360830708008699,-1.3649609834098,-1.3718558203546038,3.0994832889541417,2.1380131607157065,-0.7139093925556971,-1.121291080542112,-1.0442126230295392,-0.10866674514693658,-1.2753006103493834,-1.0375838566942275,0.9561111596662545,1.2045817838809942,0.969160496982553,-0.6637375976459176,1.1794928419478603,-0.17671037713860735,0.9003393081140941,-1.4125587587272306,-1.2250618817067436,0.5867166269211458,-0.7981932186419827,-0.6968670591993205,1.7558674916782167,-0.33633016952624595,-3.9006082521237966,-1.1354644136768706,-1.0404843915040018,0.523991195005043,0.6029502253075871,-3.592636849164992,-0.4790065562967068,-1.267651956589447,1.641704083287023,-0.5644127603470396,-0.20858874621606557
2402,-0.5373407227455121,-0.5808550499618691,-0.6469013598706522,-0.734119517498132,2.629680346653655,3.0850790851994376,2.3418194831159824,3.166107421736375,0.3997547290987391,1.4617137802108255,0.27302905055613336,2.4911858621907546,2.170886756606044,2.7083264980152144,1.6152082884802303,0.0474846467627625,2.591472399155025,0.946358732437802,2.2187255788715468,1.6152082884802201,1.6175879606155197,0.689769961633531,2.558328078766212,1.281774319280979,2.3386092941078376,1.61758796061552,2.272542032496797,0.4648655331842627,2.9776637138503843,-0.8062794525570973,0.34946289308632367,1.4018431188482678,1.9223000006701716,1.9068704214585215,2.2676528062081793,2.668864657287614,2.874497162581019,2.700018616421923,1.995032710470178,-0.45766752344696054,-0.29888829199574934,-0.1125562901727065,-0.3258141547306011,-0.3007861737108539,-0.29805416524385225,-0.37967940554369595,-0.4133751007201522,-0.23011614887883178,0.0044327955450955536,-0.6164403378991253,1.519169407666143,1.7780995265595876,1.607824212208886,2.546496256760446,0.6470823526670281,-0.242266388847463,-0.9240060762273309,-1.1206265983119905,-1.4899246332867,-0.7575078660110475,-1.322095260685171,-1.3487304545886714,2.264479494377803,1.5530723555090542,-0.6192896038879142,1.4464795852752768,0.26570325323395194,-0.9875025143447702,-0.27028733521027637,-1.54750845606575,-0.6540982576506749,0.6018673025567909,-0.13758372470864172,1.0465378255363638,-0.4690375697237848,1.2837267494398297,0.7859905130664309,-0.9590107228470465,1.5156337180721366,1.6210469380302586,-0.33750200987212403,-0.37263632777311273,-0.8113541690166769,-0.1124527097023107,-2.8401656429653106,-0.8085631124585834,0.07830133175472191,0.4173065732414433,0.4435156307966365,-3.60011678578894,-0.36570223393880547,-1.2930942732981658,1.613853693144804,-0.6861254248581349,0.19073271505474432
2403,-0.7614936711017188,-0.6931128439920943,-0.5819183879652085,-0.5981196105160196,2.82611324071016,2.6385646578355906,2.290240013591924,3.0295950209794458,1.188184904429434,1.0254906752654311,0.516123074152017,2.6367683230988788,2.3228387595423876,2.881624434967706,1.589302428856461,0.011042685082874057,2.8483016149499445,0.942488039786745,2.6375092070031187,1.5893024288564517,1.8689793888774613,0.6142696928159507,2.8597060094531805,1.3196133326389314,2.6118538382902323,1.86897938887746,0.3461171835803976,-0.3646593297865743,-0.7071442730319316,0.7343912770540967,-0.7031226773124606,1.2475058222579387,2.00979136926643,2.1865475706331465,2.406458006387097,2.8252643567329354,3.0767167318619024,2.9342671090226062,2.392416223380024,-0.26294564205631743,-1.8254746930554018,-1.550217423571946,-1.6695654905468358,-1.5991763685626816,-1.6316627289751457,-1.691788102196919,-1.6638109451752383,-1.5780654393808868,-1.4536385479520835,0.5962385369267903,1.9495434596319292,2.221722249048803,1.843684462328844,2.84552006603792,2.144482908454404,-0.19135105321244816,0.9741243904984165,-1.1179584091967472,-1.4148900648088936,-0.8770864352945084,-1.2969661617337374,-1.3296122434988058,2.468625617735552,1.8031158475902371,-0.6039230705211185,1.279419534534306,-0.03632337864857851,-0.8607113063781917,-1.1044038761296382,-1.9334114848125528,-0.6675964893374812,0.25378450173561595,0.15622022265198168,0.7234207660321377,0.43985038272546256,0.8747605812278225,1.2438519677345534,-0.7254695096329496,0.3844896787500537,-0.18194239979923107,-1.1529593447147228,-1.1626526587879729,-0.5585283146407084,-0.03922290880339353,-1.9305540431519803,-0.31578798400028946,0.6700852510375238,0.3158105151068188,0.20338115296112488,-3.246194801493137,-0.2679422042343324,-1.3134091048334338,1.578947934265234,-0.4643181431947816,0.16966055448454118
2404,-0.8265281452646623,-0.9898532130403636,-1.0805534683772864,-1.0810309887196388,2.38548668490094,2.8160757203731968,2.248600617067467,2.778468325969699,0.8672069652716738,1.3930998483619843,0.5797985036244132,1.2372191571883597,0.865449007611139,1.5264754642840799,0.6137097565347274,-1.7788517890631612,2.4366072197074193,-0.8108585764176058,2.721547943906471,0.6137097565347237,1.3796500638127196,-1.0896453372481307,2.677370176036042,-0.21920157341090288,2.7608369212068746,1.3796500638127198,-1.870994914918496,-1.0901651829758572,-0.17108070842455936,-1.0810353597825655,0.47454216615260636,-0.6526314745164016,0.4802407827016362,0.70385074429365,0.9775958623292044,1.4237144688721168,1.7084713405827128,1.5768993226766557,1.2392941351282158,-0.8804864395112381,-0.1252225316633801,-0.15534679519211006,-0.05532097974673176,-0.19166854420890422,-0.3463580319783626,-0.4558936239849055,-0.46867711738393103,-0.32080238869386146,-0.06849729085300614,-1.7206558044456317,0.6507042993287077,1.3765809140997638,0.5611200584353132,1.5131169669917923,1.296408325409384,-0.36606961281815936,-2.032957089958388,-1.1174010336272904,-1.3756042789061553,-1.1877291952424218,-1.2823502379757787,-1.3138723569820276,0.9745590124690438,0.45288656543685396,-0.6419562975030131,0.9652052732560887,0.560851234136219,-0.3153753335209531,-1.0956763842434707,-1.6904577988627187,-2.042803347701123,0.17736746861650207,-0.48556657527559155,0.67058262201263,0.8391174184693984,0.6589915345645745,1.3893308983994381,-0.5978758215117771,1.091468362188753,1.5392521390150975,-0.839670191506173,-0.8435233749978529,-0.3385670852178769,-0.06840840618880636,-2.1085127769702083,0.15583554345808748,0.9097717471377982,0.18277103276075288,-0.39268262848074176,-3.014508133216659,-0.1730914491231007,-1.3436929608719932,1.5532883654295444,-0.30948907976958107,0.15824217938214405
2405,-1.1928462400101798,-0.9393867844411454,-1.0993350083169737,-0.8505105645791619,2.0585287455010564,2.361525110208804,1.8543443184803905,2.4230916222374392,0.706910347323108,1.6325239714015338,0.7858616066095439,1.7225928273641145,1.3497989828285128,2.0449867040023513,0.4483992585338449,-0.32734458839832964,2.3447377329859935,0.04801637460298492,2.707918578224307,0.44839925853384244,1.2380429712702885,-0.316658841210244,2.6304587189174127,0.34924519855209035,2.8459599269673617,1.2380429712702894,-0.010461319976835519,0.2528203214724461,-1.2364224518902966,1.4755896636350485,0.8685821597594918,-0.20815741219112308,0.8888451211099326,1.2035336040934645,1.4409499209374852,1.8967154395985641,2.239202907452295,2.147332637777923,1.8396957231568416,-0.5685520717184472,-1.2181403432154665,-1.1503491966159751,-1.118654431101155,-1.1153875792683043,-1.2757269942094096,-1.3540831051295061,-1.3187178649080196,-1.2637102666079656,-1.1009588783179067,0.9139882452021039,1.1237756269497894,2.069714839247251,0.8427044831041083,2.497330687141536,2.417281978885767,-0.27657084898144907,0.6618540304706981,-1.1015658411175149,-1.3302070468122154,-1.4412136156706414,-1.2552979033913367,-1.2968101568472137,1.5163037976166853,0.9581973327733475,-0.6310128345778823,1.664785108576469,-0.4957945127300326,-0.9546307526035988,-0.9427283905227752,-1.7327113456541352,-1.3926605190137984,0.3419538062164864,0.6661822064743016,0.47683047230127273,0.2115680912005549,0.8821979620928665,1.0288580464413841,-0.7741315390978877,1.552759010714571,1.1907527386944043,-0.6392645755926735,-0.6852886141495108,-1.109635163798596,-0.10806951872045586,-1.9560281650381917,0.2850108346522473,1.0673593891248327,0.07287763249260816,-1.160727868155826,-2.8305396020080154,-0.011874889545468535,-1.3711968763211333,1.5248417162800314,-0.17707131020114494,0.3585603390247638
2406,-0.855037354347437,-0.7721138692093997,-0.7936404754142125,-0.5680011885773929,1.9037170130883605,2.08909932912927,1.6827240542285473,2.1045451966332256,0.6997023589043864,1.5058562177123092,0.9682558509973287,2.230805409439139,1.8614881802722345,2.5743120397987145,0.7374305890195095,0.44157874898692356,2.465489755769742,0.7479145053141163,2.7161226043138553,0.737430589019504,1.36730726323793,0.3219800412805348,2.6921651408184117,0.9416997935396171,2.905108148652611,1.3673072632379297,1.2460124935538817,0.6809156978135309,1.2261404757231336,1.1603942965335312,0.07334290422888261,0.7936642155518181,1.4218689065946657,1.7371031816353224,1.9715961464912743,2.3943200634124193,2.76332745638991,2.7158336647679273,2.4478183869655967,-0.19004317348329108,-0.9710565145291239,-1.284058531821142,-1.3730868642531,-1.3413794860041914,-1.4911580675577225,-1.5534245804020426,-1.5009497466522208,-1.4871313422479788,-1.3653475412162033,1.0415897050561929,0.07238555139982115,2.0446311436600757,0.9154258289896211,2.582254561999058,3.524226486347042,-0.29421948823642613,1.129249373047488,-1.092702484052592,-1.2730971506906708,-1.7402190149216483,-1.225750945865826,-1.2763189037123246,2.133669186101533,1.5570484029922242,-0.6213258763414697,1.432096864916645,-0.5621656511140662,-0.31509390303047347,-1.1329500859877633,-1.6171685080221367,-2.3606161375104566,0.27337977065448266,0.7192214153815664,-0.11872191590775216,0.883699208637488,0.6136181497582531,1.3624434959671194,-0.6968473048580143,1.2404499882398312,0.9050506989120111,-0.6424206231263453,-0.679345153560641,-0.9214879222458616,0.048670975755804625,-1.480173436133579,0.3946454406804876,1.1348635438288608,-0.03569652185786177,-1.8303164702264063,-2.6593044900701193,0.1092057141045809,-1.385766486615247,1.475189069611874,0.009246688838840925,0.5742818527796373
2407,-0.6499932638577508,-0.6536558667217891,-0.5184167284357567,-0.564021680352968,1.5831455920520345,1.884767942710072,1.4144658697992394,1.8036464503286356,0.5609106252569356,1.687862992880613,0.8681021698891309,2.0712404665979407,1.7329089702836686,2.3736508429226326,0.7302489976741693,-0.06485487576268963,2.4661003175182223,0.37150675621389645,2.701500747974675,0.7302489976741641,1.3670644864925694,-0.043821012619857956,2.6772107698053085,0.6581829361920813,2.924159693472689,1.3670644864925703,1.0620933804288148,0.4706684069452834,0.699474304485633,0.3460485386731865,-0.76702762751656,0.6693122756424714,1.1692166886775213,1.4477237904900926,1.8172693837228648,2.221046402211237,2.6023156979395696,2.566793748915231,2.3841909868069515,-0.17167216743283337,-0.18615947739630997,-0.8798583652062684,-1.03586307280205,-1.025765457453701,-1.2146701158738191,-1.2878965701027418,-1.2166903170599666,-1.2272102713132664,-1.0960686847828987,0.03450532244015823,0.43794900345152715,1.9066515969102564,1.864844733617973,1.8210621498992425,2.750667409720769,-0.30633058376905764,-0.169750988054148,-1.0456034197756252,-1.2207178717142653,-1.930287719858931,-1.1982728699971308,-1.259440992727132,1.9816032553132967,1.4556334422056598,-0.6117815237920584,1.2960162747739894,-0.8755433807920932,-0.13182655101552715,-1.185122805133921,-1.3355700702470679,-3.445184870203419,0.28445803828496147,1.04533116753439,-0.4595435835864685,1.0805976158746546,0.2756680165140512,1.2130213003250458,-0.6410538726774467,1.22954688281549,0.97033807208234,-0.50611935566057,-0.5433413310284392,-0.8759785994333548,-0.072789403658595,-1.3622570839870465,0.39818333880395257,1.1260283111526013,-0.12848135222662893,-2.3780543613717757,-2.5397433493968955,0.19693579438634992,-1.400255867217471,1.4269356398136188,0.2059151003327225,0.755827762833267
2408,-0.7324482761704034,-0.8066711526300785,-0.6675316593099797,-0.6838281669316987,1.4484320427177586,1.5454632534698594,1.3628627803624715,1.7073721072928083,0.3488208216108802,1.9137044561343728,1.0165780794408703,1.6556919442418143,1.2922350879105418,1.9638429956776702,0.37029094450185573,-0.6075166508751667,2.3149189583099186,-0.21693879888901887,2.621747793573344,0.37029094450185385,1.156347452877719,-0.5992149641411938,2.5600937791856824,0.10460137919325434,2.8900503700915277,1.1563474528777191,-0.5136061934597682,-0.5342400750315563,-0.23937632533296108,0.19587221834606958,-0.802754932582891,0.32011898417803364,0.5943775387492305,0.9307781791173263,1.4082862977533488,1.844402025102213,2.2325102531095564,2.1704674755695876,2.0903063599968816,-0.3158337593143939,-1.160518728485766,-1.43066180933371,-1.5070055496225936,-1.5454693330262173,-1.6647173388057173,-1.7224463820027236,-1.6467465358956048,-1.6936554026280382,-1.6228254405699112,-0.38628887284238217,-0.09189886529987137,1.8290331383941667,1.7725898317608129,1.5808396191688436,2.342988566210019,-0.2643654906085655,-0.6502235044660728,-1.0053141682487132,-1.1799342191632947,-2.073437177373823,-1.1297614065059807,-1.3579251771974234,1.4300506335168253,1.3327340023639818,-0.04779353640247957,0.9429301749549548,-1.1312680454223527,-0.15524993779631063,-0.9151482567159165,-1.6681872571133705,-2.848390478067031,0.2977904068340948,1.2844891719443603,-0.5650256285220063,0.8085702334358307,0.9159961409650043,1.5288193151078866,-0.7694403483941434,0.9906217417388647,1.0225581824220336,-0.30656082625112974,-0.3309832121220844,-0.5595224433833949,-0.1391114396927888,-1.3474630221563906,0.38132018857885375,1.116936836443855,-0.2567748467884386,-2.8964897096608877,-2.50059361450241,0.23004842790900193,-1.4222026091171833,1.3887010883066147,0.30813744853863456,0.8840639607995124
2409,-0.966134583890527,-1.0783233136984673,-0.9822360890526495,-1.072870033235656,1.4233016413936255,1.380257271488121,1.2841556804801602,1.527351543591656,0.5642724905217219,1.5672747095750026,0.7274942031751123,0.7602618622884969,0.3259384721062015,1.121734971222293,-0.5502507376244756,-1.4381314357995796,1.9048458068202896,-1.2981960624740294,2.4101163218132893,-0.5502507376244686,0.5368184368440685,-1.5735044076673819,2.265891798375835,-1.0122095177288981,2.7764580539115764,0.5368184368440694,-1.0879031336117757,-0.9606270603515181,-0.7090473626072185,-0.4271234818619558,-0.6247684857762832,-1.0194966053506567,-0.5489035116192028,-0.19543897693891313,0.4680366303970131,0.9604780721968306,1.3970799647963847,1.3049165024179104,1.2971983870445989,-0.8199278934305972,3.1691794182442568,1.8809978195047456,1.8715043800470783,1.353455898370951,1.0264733569997118,0.8003817063954857,0.9774571509535893,0.9104469504042023,1.2422457406126035,-1.2836256673310251,0.15816261154751243,0.8068622368763234,1.2874863393730915,0.6363477873606742,1.6567260613629577,-0.4329788196585057,-0.9812377292168253,-1.0177628377100956,-1.154028198540197,-2.0177316261042613,-1.0884689608463944,-1.8689844937156488,0.33953173599032316,1.5474164262659384,1.8451972795196878,0.685872006706169,-0.9398522034556669,-0.13987067109685927,-0.8788956041353367,-1.6932003280595007,-2.419751107706486,0.26111976869941306,1.059085457019097,-0.45227870873044945,0.7911267308046421,1.0068092244802578,1.5802871523645596,-0.765137841778635,0.43834839565425676,0.3603000721897557,-0.5410919258765249,-0.5481173435144616,-0.3042829366625736,-0.22590353353884132,-1.408110395844589,0.3382119999437049,1.0778949482798021,-0.4282525195368958,-3.3523850043164,-2.3988226962861012,0.2239101454243518,-1.4468369350624262,1.3532359607966642,0.3577377753548093,0.9439811124835307
2410,-0.9789031190420244,-0.895730429874619,-0.7795588784931075,-0.7352764534179882,1.6105016813867523,1.432227629928263,1.209391147133548,1.4439482481508523,0.27095204605514833,1.6930554498697592,0.6291523618052203,1.4304050700107815,1.062100902001665,1.7773628955194776,-0.36132165591081855,0.29847054092491443,1.8689151547122214,0.012880028854050873,2.261341454564708,-0.3613216559108128,0.4289387962558611,-0.28668227190615314,2.183035106615668,-0.028389882132830762,2.6654536779517817,0.4289387962558612,0.7712233831267433,0.6961466095428157,-0.013010578304165086,0.9436387068214029,-0.7282719933425783,0.032859294997399355,0.17076709476014668,0.505408355242221,1.2010903901308034,1.5845549259036769,2.0157021031053155,1.9034904813307716,1.964946879349139,-0.3603047306347725,-0.5352912523369592,-0.8037653348710628,-0.8745050927086369,-1.0154724228952405,-1.119216814575851,-1.2351598433876845,-1.1134152533396207,-1.2106370276432075,-1.0943762074366823,1.1902168398398465,0.31817211951445223,1.4252303198318073,2.0046580555561957,1.0127294393056792,2.0841624813305657,-0.4356946040911408,1.04189986447429,-1.0038766779141999,-1.125649225708141,-2.0459326918577467,-1.0656895300329625,-1.8865840166879317,1.0688664340861762,2.3230901127990564,2.031937939040532,0.9616341579329272,-1.0517565924055337,-0.9537543958836887,-1.1400593495786684,-1.056053116462476,-1.750296479645309,0.41617323841289294,1.2069620751618995,0.1623362280874314,0.5004781527101166,0.06071587567403038,0.47717274487310923,-0.7091999387683622,1.0575313699261,1.2022963385059418,-0.22433046781590663,-0.24907013180094992,-0.5258461120713364,-0.1676195796862707,-1.2259971001503462,0.3123655690281846,1.0797922207172792,-0.6219504142539783,-3.443449112546561,-2.374776763077571,0.23781248318844012,-1.4586382720794697,1.3218583125253627,0.3847252134221016,1.2256327378231926
2411,-0.7386694066862056,-0.46552212855223135,-0.5136880929971346,-0.279875832638266,1.750583771436403,1.4271646263522941,1.4719811170882309,1.4772235727675072,0.13132226339111577,1.6263999039533354,1.0782956509825699,2.140174582934327,1.812586962451811,2.482817102558602,0.43942840349434853,1.2233202328009343,2.106492082636209,1.0827740197168731,2.2531252474962273,0.43942840349434614,0.7739589071281481,0.7654037877987264,2.2807891574077814,0.9807756764371194,2.6031630647493382,0.7739589071281502,0.9412950562842172,1.563361124815897,0.7948565777971387,1.6428172854758252,0.1820738112233163,1.2923823969542638,1.2551769227427207,1.388991700837422,2.0805427134237378,2.285141007168827,2.6935151813318767,2.578665865171806,2.6908281095216817,0.2575500420816378,1.846998961606737,2.097566901206681,1.7629100531965165,1.3410180706357029,1.1023029712668293,0.8042840060009007,1.009294081377504,0.875259935160025,1.223572559619709,1.4534063698573776,0.5685403701074313,0.6204487724641902,2.1632239094991146,1.2657426242063101,2.860585208576029,-0.23386793259360392,1.4916216101358226,-1.0004787972543268,-1.0800850683096859,-2.0777351146621577,-1.0786064225868421,-1.8372555975610159,2.0696874668008327,2.9883529950414305,1.8504185328368334,0.9420160035168157,-1.126389228036459,-0.6309781177856921,-0.47300264692311184,-1.3028817045356342,-2.0798865333799426,0.4328064422187645,1.276335087858541,-0.19483869984778962,0.05844085063443463,0.9896107399778443,0.9677289860982778,-0.815200128842607,0.9281337869867405,1.053125024741621,-0.08200846312840869,-0.10549233080206762,-0.45637664107812786,0.224708406826564,-0.6479346379632007,0.30259099630503206,1.0577246148248998,-0.7075156015641495,-3.4428620979955804,-2.3759121158851113,0.24461321989777418,-1.461855995665107,1.293281208501758,0.27342019034802284,1.5150879083284394
2412,-0.19700885504900345,-0.30840627239730484,-0.15062836000216112,-0.22883797535571096,1.4104747631065429,1.69323607127661,1.3643835032886131,1.6516956083823802,-0.16115013710721976,1.7016404644294136,0.9736992751600265,2.1012423530128266,1.8053602718845432,2.3966213079047605,0.7250176815188605,0.4244545474700246,2.227309454400016,0.6803207732316982,2.289589680093296,0.7250176815188546,0.9767602974005238,0.3913070563284837,2.3345010109458073,0.7687147867484929,2.5652062424750626,0.9767602974005247,1.1801336497502137,0.5312520153202813,1.605558415838602,-0.12010037358725423,-0.7708376289015905,1.2162173786806567,1.2244699602559463,1.238326330480206,1.9980464031824545,2.1944654561565673,2.6045123759870163,2.508011423250693,2.6285753065241773,0.3311165605232719,-0.3436368138161218,0.16385690567301167,-0.12941384727862823,-0.20298342181556955,-0.41471136565618644,-0.613864551259134,-0.48392185621513806,-0.6034297684037828,-0.39806214656598604,0.14698615093840114,0.6367400641198162,1.0816634777167407,2.0980603406882095,2.1508561009121934,3.278524215794121,-0.41395771633708217,0.034090598476874484,-0.9939724153297005,-1.0383266954970993,-2.0407442941388076,-1.0254875652330173,-1.7838465641161467,1.968319221772752,2.8058448162848353,1.8943906761471676,1.141582570397182,-1.113901988927969,-1.0525234991064627,-0.054071906316752925,-1.4758976421183618,-2.7988378853828837,0.2499148158572556,1.2790642705589568,0.1282383694365477,-0.6487067973946504,1.586989042897246,0.9714325486705304,-0.7394357589996567,1.219015680361964,1.1376985679328784,0.22851073173448128,0.18439215004817397,-0.7481138837746845,0.7693534885772949,-0.1235721637305255,0.42387181046681954,0.982485976531568,-0.7328996416567146,-3.3852922476268983,-2.370841826066531,0.24990306035566562,-1.4563103125089767,1.2637219765966965,0.046702819816600245,1.8417082892874561
2413,-0.1449921622027296,-0.33363868239834255,-0.43196915451373685,-0.5131135384892285,1.434972896315614,1.3206088567999343,1.2906015464784868,1.5751304008194555,-0.07928885768157772,1.5743442953243048,1.6021180646961746,1.4449656243006685,1.0562191547459272,1.797511926397689,0.21784536313189493,-0.7682521783848056,2.0785914494339073,-0.4255716545723966,2.255066914017263,0.21784536313189432,0.7150261329275063,-0.6390270991179161,2.23391361483514,-0.21588430138038228,2.5083179250156826,0.7150261329275074,-0.8719110073668928,-0.08674808069995432,0.13392080755713773,-1.2233644528070988,0.42207810326207695,0.22963090174011344,0.4942639539923978,0.5259225280357332,1.269086303356384,1.5566515456131533,2.03622832925188,1.9439428244106742,2.0741329270249054,-0.03674524372786173,-0.9953962445528374,-0.4641808414308796,-0.43975091409365297,-0.6719558419878271,-0.8152643922231534,-0.9967561805162625,-0.8827187996164729,-1.000142610020293,-0.8492965805465577,-0.8368919102071871,0.36616576629969416,0.2906669555972013,1.8214856080106454,1.8490715109979106,2.532015326317453,-0.4307358880725813,-0.7347804941207615,-0.9486291722788279,-1.047381555921,-2.119442812670376,-0.9994576460625325,-1.7313298956917815,1.2655708949742666,2.1190220407743916,1.8283018676250238,0.7863057479615282,-1.0403605337853212,-0.9941173673338961,0.062272378659607774,-1.1306173913135502,-3.223942426504634,0.3976494554662406,1.1593992559114243,0.02969053474418097,-0.6578520125086722,1.3239889965706282,0.7297837185144798,-0.7514965599571661,0.616104796137815,0.5751447424396483,0.12479433582820484,0.10254980535715756,-0.3759978479939874,1.0317664109306999,0.45221630683047076,0.4272223305024534,0.8372643225265121,-0.7754004877419022,-3.579622483451573,-2.3424851565402056,0.23344695715408298,-1.4585755855109233,1.237919676340393,-0.23197745868040223,2.0084436200724785
2414,-0.4944637837572952,-0.5323365971598228,-0.4402972996071319,-0.4115266480948921,1.5272394766108806,1.3776142731015841,1.119142242253608,1.557365884378281,-0.13860425018511396,1.5035788702412096,1.7474354562188292,1.5470764312030179,1.1914069659828848,1.8651000069933197,0.04769662847700723,-0.25407260723087,2.011559423473271,-0.1540761277272982,2.2066041507707044,0.04769662847700851,0.5657267780044021,-0.36804471047979825,2.17226431334721,-0.06771721315287003,2.4481072507600126,0.5657267780044029,-0.024770535666748618,-0.6462552459230627,-0.9509871220731595,0.2628708206057898,-0.501569940221497,0.09861315454095727,0.5436871866475056,0.6887005478071707,1.3218264398872646,1.62026928783085,2.09912964011536,2.020693575177696,2.1395699346384562,0.10208980035961414,-0.8676316660054345,-0.6328102387357687,-0.6266516905751046,-0.8826987414878708,-0.9594038863092607,-1.1612878617103355,-1.0595778341743154,-1.16555040573827,-1.050106845179857,0.30249038569319253,1.2925734498093306,1.4755322350401352,1.664773921355399,2.0737943703933217,2.6446651873735916,-0.1917634477221066,0.3516303362095819,-0.9179433403900432,-1.0079562926839054,-2.173175607227358,-0.9632283447636579,-1.6782325479193931,1.3583589004671857,2.1380158215961824,1.8041808785221403,0.7182819891419829,-1.078613095590811,-1.04396749098254,-0.16286158828989786,-1.2322208146670635,-2.6088266559279107,0.4267446457856172,1.18796990905024,-0.004427949414834926,-0.4283069055896497,1.237533243788717,0.8494401525832174,-0.8291074873099911,0.6730930341374318,0.8523442633972584,0.18145058864345556,0.16436345986956913,-0.26830032463081277,1.075389496970031,0.5443560117697704,0.3226626390999524,0.6448764887782162,-0.8403204756980679,-3.6655055163075514,-2.3322964173695304,0.23112755077378738,-1.466724581575655,1.2145326436132318,-0.5937707028530711,2.175341237253744
2415,-0.4908631499183696,-0.6514116280251622,-0.6594800383464304,-0.7272447562066748,1.458782803982267,1.4274391923715046,1.1976306319792007,1.530075274576344,0.12068693732901101,1.150996094090241,1.96254120144357,0.8874235380323451,0.41837409494511063,1.2895793840310792,-0.6105944076422976,-0.9603420556459933,1.7553348730995266,-0.9880356729182708,2.0822937663315693,-0.610594407642289,0.017570131664193748,-1.105884559928975,1.9935485833786977,-0.9283509672890214,2.359181539940009,0.017570131664195927,-0.6625338061411188,-0.385138081065795,0.008993734710733017,-0.7928742672959646,-0.06968672640667131,-0.8442119826226928,-0.26210692983366185,-0.05501083310637269,0.5469116140184331,0.979152661276604,1.563385391445118,1.4812733917632714,1.62493738099098,-0.3095691698467017,0.08856625890729573,0.39285701869404194,0.42944208785238247,0.07478292090666751,0.004804966814394303,-0.3785915089729046,-0.23678707696166887,-0.36628323777673305,-0.1513361419856463,-0.9112967389367148,0.07518141019484234,0.41841037343182835,1.2625202122081007,1.818333673863742,2.11362345544235,-0.2559919784654321,-0.5552193857100035,-0.874238510741781,-0.9865464997427655,-2.1214427960981994,-0.9385098270519078,-1.6290203142424897,0.6396145753654479,1.5137353457009817,1.7500327095440453,0.38577306007320383,-0.23039895652277537,-0.4234903667622013,-0.3128327178683342,-0.921079492542463,-2.6492323812573724,0.21167286883348635,0.27903713169039834,0.15341279872180302,0.073078048459606,0.7761930452086607,0.817067844679491,-0.5424739780341434,0.1274123904681498,0.33053665221895656,-0.10216131715607898,-0.09746407141842392,0.06211868256449367,0.9986370338637726,0.3073534304901169,0.25742891033968424,0.664336398734506,-0.9319404378234672,-3.8222060590365743,-2.2740555103305344,0.17867390487145685,-1.479338778993661,1.180332665728619,-0.7190098299313921,2.2281915424821657
2416,-0.7143856612642776,-0.8701865070842035,-0.766368182645465,-0.8275524249356185,1.3289348341963219,1.4709270251349977,1.0900238470891315,1.500198000619858,0.07345699197669271,1.1859652738873825,1.7577386978284666,0.644886838973488,0.1507491427372312,1.068089212186167,-1.0173828388456627,-0.6107523665989416,1.5130552450081005,-0.9493935848597961,1.9151580307060942,-1.01738283884565,-0.5194372915234555,-1.017270034060789,1.805998086062405,-1.0554863417984715,2.2484365733776404,-0.5194372915234522,-0.31758783339785,-0.6993106255240089,-0.6050082741454238,-0.37602693565538947,-0.6321767992394095,-0.7973737805176511,-0.42977751897344346,-0.35799141268204693,0.2568054443002109,0.7364765855186528,1.3850468917034788,1.298185863620525,1.4565264728936462,-0.43297407166632296,0.3701755001336895,0.11817247991330232,0.30497512344027405,0.01560329309876061,-0.10714433444388281,-0.46785877730975317,-0.3454195497007749,-0.4678028368179553,-0.2713148067121032,-0.2708590060737674,-0.8717283760906519,-0.30124821386452083,-0.16801366054987824,1.2863877911988615,1.571333308583078,-0.2320046997506186,-0.317945702913334,-0.8141776377029382,-0.9727503973261908,-2.029106633286889,-0.922340341357193,-1.6383688784290273,0.3915104328818745,1.373364568298541,1.839646039958156,0.38981559238506636,-0.7337648304721436,-1.0246993837721239,-0.774083370703565,-1.0225032675783838,-2.1775325557561565,0.24997859698311006,0.7970155039194194,0.2244847797081032,0.15293951448066156,0.5418954791591001,0.6461006991835555,-0.6271500094730642,0.3952214686144152,0.7684736470338173,-0.05425448692492536,-0.05173812456171001,0.03444301314747771,0.8643010800541812,-0.025440341531422862,0.11717331005327014,0.6433913353973575,-0.9707521319215604,-3.929027937356679,-2.194269466728485,0.1272500333957646,-1.4953440408084464,1.158567052638069,-0.7568216910882383,2.311372208674992
2417,-0.6793207643604041,-0.730127113360198,-0.5649568480080515,-0.6782023059792408,1.2033079934897974,1.2732513377101047,0.9852670730846959,1.3133619278942048,0.400925895484923,1.1406354916915955,1.9533545689217184,0.9029076029940468,0.4946889059741094,1.272085404363439,-0.8723899144086606,0.22535130282752075,1.4256442385994812,-0.30312239620043,1.7731092399833495,-0.8723899144086491,-0.696923141120991,-0.34898044768582676,1.69644731767013,-0.5659172430471601,2.1391072826059006,-0.6969231411209877,0.6457328755776025,0.5279903010635735,0.11452749256719455,0.04001277642388419,-0.8421503702529076,-0.06366264052446398,-0.023239798569222956,-0.021194689492545327,0.4778085388707252,0.9421552175778749,1.5838325392974144,1.4926242213655274,1.652545061340271,-0.2151221592050309,-1.1152390171599402,-1.2332579873050196,-1.1910243683765005,-1.228681430378776,-1.2958480165552655,-1.4577712396789848,-1.3864506566176702,-1.4803183244908715,-1.4335879499776523,0.4970153199903179,-0.6883687282582144,-0.04553782698497881,0.31902243500329036,1.3857072339918777,1.2320979904754932,0.033594267712711054,0.5695271530095328,-0.6944113666297197,-0.9734281773561614,-1.9948426586339163,-0.9000034095483516,-1.5946292667854167,0.6423917708533695,1.5355693178849672,1.7803970697939633,0.08694037838778396,0.1261854136791175,-0.41994810320636655,-0.4527072762742389,-1.3122759589054263,-1.6443210872940728,0.23172710679993708,-0.12097809377332493,0.4394879554291252,0.1807286988880485,1.1663296156246157,1.260212035081819,-0.7490325193929485,-0.18148446304178786,0.14078002231887116,-0.40491199405528217,-0.3836905751081096,0.31415962987604096,0.6805904643794045,-0.36984554509036477,-0.14161393754655388,0.5496429744240261,-0.987209503340197,-4.003849070981022,-2.0734724201068486,0.0457121019370416,-1.5190753211070687,1.1603305721793242,-0.7102308257466798,2.3583046800588936
2418,-0.9141908870606371,-0.9945995425765413,-0.7795000897028939,-0.9076516823663587,1.3371758695583984,1.1790417430641988,1.0769250985300887,1.379736087599425,0.2454205894338947,1.1921996717045564,2.1828830092897653,0.4794445114768987,0.004833896864532572,0.907821605743162,-1.0569889017518008,-0.25740830588186536,1.2384949197336506,-0.7379761612025881,1.6111553843750448,-1.056988901751788,-1.035129746975899,-0.6967858630754813,1.5274204254954356,-0.9896091749621898,2.0170817143720683,-1.035129746975895,-0.562498651635773,-0.7633017231843175,-0.5660126700840857,0.09577022890810621,-1.1151568116655708,-0.4304620456939354,-0.4439382531964369,-0.4240663775727568,-0.00494323199377756,0.5712347841548386,1.287729623500333,1.1848206622265127,1.3645748171591379,-0.49212962342218874,-0.4498413272393274,-0.8154445392421898,-0.7054612451270186,-0.7654890394078875,-0.87633257793756,-1.1051880791565343,-1.02289319021259,-1.1223513144557558,-1.0480456955326887,-0.5493616906437695,-0.5286618305901765,-0.1431441439838441,-0.17710020828025907,1.2676053666206726,0.8621267294222015,-0.16703716730828563,-0.628179579379646,-0.6540143487268887,-0.9607203793546263,-1.894465786172193,-0.8660584423432738,-1.55495904324752,0.16118061709000264,1.1631390132758144,1.7598796717004457,-0.22868266708071483,0.11916565813283722,-0.6785963434620261,-0.9602334578526395,-1.2671203586386992,-1.2887466039268292,-0.011560071388245273,-0.14546614269234004,0.6389222950839305,0.5200133687801579,0.7497599605016795,1.104665215747049,-0.5557423687006424,-0.028218261344346587,0.9374888820175844,-0.2618769594195176,-0.2243970402280005,0.6852691513939756,0.49071616257883627,-0.9069806557432016,-0.6701542996603889,0.32935797951511353,-1.0750828992343844,-4.047408411480475,-2.0102278756015854,-0.14301323280107187,-1.545093865417704,1.1328403400339975,-0.7701921636136416,2.3508903061903816
2419,-1.168893670842261,-1.290977726213636,-1.8028823382349572,-1.94287864431622,1.7022637763179376,1.2750199635381987,1.3871495780611156,1.475235713696179,0.1106581178828225,1.2076540065974752,2.117597405329977,-0.906755287700366,-1.4019975560956766,-0.3736260474321996,-2.3969747200702507,-2.100270114739005,0.5757332199830982,-2.665740108356903,1.2718567199473294,-2.396974720070225,-2.224373745885212,-2.467148231537134,1.067243822741901,-2.850794742546207,1.822650363755061,-2.224373745885207,-2.7384361526065173,-0.8301603394621555,-0.565699157153186,-2.41009378171469,2.1152365493918706,-2.3775524355409163,-2.4382183187344877,-2.356175566929163,-1.8400713364508623,-0.9810442980683535,-0.057971521903879795,-0.17490947171525287,0.06487239108667178,-1.8628071657160097,3.578770255796155,3.7781311729438953,3.932779088741147,3.9395909969929064,3.636060387191129,2.973191333245333,3.133871133319189,3.0608467866302433,3.575699151872102,-2.6715444926025196,-2.16071980586259,-1.022230803813751,-0.68437919426575,-0.11173354703832158,0.197714873584244,-0.7610641078565206,-2.7649813898398974,-0.8988058249817761,-0.8508309107244304,-1.5900794132515947,-1.169216144280989,-1.7398734921958752,-1.1245585169237784,0.018065681189962202,1.4786980220513994,-0.4167865286224995,-0.05764714357386588,-0.5965563177046823,-0.46096062925375403,-1.262571878917889,-0.9176749463795875,0.14858524476110496,0.019212233358262873,0.4272191249353442,0.08130443578003792,1.127767678539721,1.1533021194909996,-0.7050155248921203,-0.18925073912416437,1.099853173224623,-0.1330122184286214,-0.08157821494963867,1.019572907703554,-0.035487353421407214,-2.101685012495888,-1.4666527782421173,-0.13422999067824054,-1.1760351968329423,-4.1317712996429075,-1.9784942905651506,-0.37628606002792764,-1.5843687426024122,1.0992000319177015,-1.018227924085012,2.340548742993105
2420,-1.8623688134876937,-1.998373681274358,-1.8606232247728594,-2.0582026627664223,1.8826770718504138,1.6241971303032114,1.6275090837427584,1.8034017888335576,0.3720333555884413,1.062857756620376,2.0244833071778343,-0.9839452970316777,-1.4496721864887248,-0.4652636197678722,-2.651316075529334,-0.5325156207020874,0.13393721618148438,-1.7723136979508671,0.892868852039009,-2.6513160755293077,-2.8018271345800265,-1.492397450285583,0.6891126274656315,-2.3220908556766764,1.5908589478028436,-2.8018271345800203,-0.06231380690898616,-2.0118727485591905,-1.7324487919362679,-0.5074856466565195,-0.8547831784218402,-1.8531565494953586,-2.253746902757205,-2.202926357471877,-1.8592237492226367,-1.0229687586912994,-0.09802276910814421,-0.24972592604115684,0.016936776303281737,-1.9987913735547411,1.0905734940472063,1.4409641845677557,1.5217326386223895,1.8204452915574665,1.6947913956741245,1.3412576734279376,1.5152141164238315,1.3822461549873664,1.7515426138367536,-0.12565495367785073,-1.7552016948969946,-1.6641830911100168,-1.0975599626828652,-0.1709512969411162,-0.5217912534946516,-0.8095947262996392,0.033730362679819006,-1.1078840506549228,-0.7540945089367734,-1.3166872933535603,-1.181036482817622,-1.7680136254993828,-1.2147211778381928,0.0007464715647750075,1.5566290003318601,2.2667312478652,2.527340511336803,0.8864976550214069,0.3660852362768359,-0.294619896228089,-0.2700112775261666,0.710333461296309,-2.3989166997257634,1.4385147088163392,0.20160508139947445,0.6184547739075006,0.7574146321852102,-0.7123382956470193,1.66272086858966,0.6313009901275136,-0.26737774043601453,-0.34098066245338965,-1.5632085445961086,-0.24673260446447492,-2.7736899305872207,-2.137753642777883,0.0808602301981251,-1.2816941542889335,-4.137195698354691,-1.910471250114994,-0.08832598063449695,-1.6192578375129285,1.0744000620772383,-1.0886161957473626,3.1791643474202975
2421,-1.9302774573648243,-1.7282885587945578,-2.207140172121938,-2.221455833339666,1.1978401906995688,1.6137032044702757,1.2470990843687018,1.2875114571153523,1.0955594617714468,0.4190882211042031,2.0589353039205185,-1.0909098335266987,-1.52419459280341,-0.5881065753199817,-2.4833871112441908,0.1714642160855848,-0.17557104941148416,-1.239433888507477,0.5324048405210531,-2.483387111244166,-3.0161979391418505,-0.8407649601824109,0.36843793702332356,-1.9515407664248376,1.3416696557005625,-3.016197939141846,-0.6940651256700665,1.234155883871674,0.1531802496420164,-0.9276305691488822,1.9317890936676134,-1.4321396915589757,-2.030066558321627,-2.1768838239424917,-1.8390900597743678,-1.0893159111557822,-0.17521800854237182,-0.3570947849253262,-0.07104047070533916,-2.2001724711062995,0.8712393590398049,1.619671726042049,1.730577516227867,2.1246635399636977,1.9528382631119476,1.6716372263028136,1.8059904589299316,1.6796236425126074,2.084682271460951,-0.21191923358613882,-1.7054454606434397,-2.379299749539445,-1.5678206578097573,-1.3002850549745877,-0.6318413143113943,-1.1614844875448656,0.4981049130797657,-1.3496499629418648,-0.6534644218941594,-1.192853667655191,-1.3078425232848896,-1.8808415369037947,-1.157590707102884,0.08170770855094484,1.6058478636606517,1.803069924447294,2.402812558073184,2.2980624883225187,1.152316965310051,-0.1203844076868236,0.45631071819487773,0.8040392982248096,-2.326876190993723,0.2642404060094619,0.3636404947567208,1.0295622556350874,1.2749302813964063,-0.7073607540435092,0.9283120340412374,-0.35507477063006065,-1.0274556471316922,-1.0827785942157342,-1.3703739500271137,0.13987730869960327,-3.1683162049018088,-2.2237107641918064,-0.1680832995955086,-1.4238189935564407,-4.075585496773996,-1.7874646059462027,0.006173975842774274,-1.63094317155429,1.0316891083813549,-0.7129967412251589,3.5257227713962553
2422,-2.171471375725663,-2.344710315788452,-2.23456781479103,-2.3891238570652513,1.1261170821794433,1.2242054605516337,0.9045927118820875,1.1791588222601277,0.7355878054210121,0.5334339337511477,2.3373976324082038,-1.25423896804499,-1.6422487030662534,-0.7733549581326548,-2.200993316583941,0.3425403697233263,-0.42850468823715193,-1.0091728291674755,0.2029213653324032,-2.2009933165839213,-3.0280549380846713,-0.4968276343718498,0.0756521366306049,-1.739971680102934,1.0840888888443672,-3.0280549380846677,-0.023727986902397167,-1.3453478015847131,-0.5228060030524777,-0.7865266468601453,-0.02288875759778916,-1.0124154318999334,-1.8810807659357285,-2.1605302559835637,-1.9162811916524467,-1.2686741330445312,-0.34212746640104325,-0.5493906642441911,-0.2363195494449665,-2.4096518230945727,-0.7180967643490603,0.017387242649409898,0.025949853532066226,0.42569161410286455,0.38810572218607625,0.16391127530463104,0.22196671097995138,0.1230536848574924,0.38737254986540925,-0.39892020640156495,-2.0683336993965797,-2.5112779064487527,-1.6959764567622706,-1.2285707813944542,-0.34839042050222996,-1.3874573276807882,-0.5327304666639375,-1.6095512212395098,-0.547083856119731,-1.0720370325249728,-1.3893682930116498,-2.1505044502190565,-1.3182545067228357,0.3603917668817569,2.2313296691575664,1.415600858098252,2.291731240658333,3.6792136812108884,2.0391809547524296,1.3504438561214394,0.6204573266630476,1.1361235060180976,-2.2552982199833562,-1.226643223457036,0.6218922967407255,0.01763463885571904,0.4883390587460654,-0.22033898567830076,1.480579303505845,1.089146949017182,-0.6799760593847567,-0.7212683371829633,-1.0101731653421508,0.36120253252962103,-3.4847732263184055,-2.175917181694349,-0.23072090395592484,-1.4205321679883802,-3.885905261037298,-1.6728253992472089,0.015233765987729663,-1.6380318324898597,0.9458330923563442,-0.2764361275473454,3.6227926302112596
2423,-2.3562164958389284,-2.2467436905007925,-2.0696121438573565,-2.1529211372416186,1.0662307373373108,1.0692637878101654,1.0198113500667136,1.1986053271698656,0.7724378455329289,0.41523645861961456,1.969855301321812,-0.9875834664134814,-1.2837361553112145,-0.5645863298201338,-1.6023763995684006,1.0857223725626446,-0.4940324974402319,-0.2749703272216238,-0.039762343358575925,-1.6023763995683866,-2.714610289301278,0.363180134494098,-0.10232411400125294,-1.08655285026659,0.8437851880018075,-2.7146102893012753,0.37140854690038155,0.23843999009685132,-0.534699757789166,0.3741159136812389,-0.23773415475414555,0.04593478460414737,-1.2853081461990936,-1.5705862799519927,-1.5399473306789864,-1.0496253960833162,-0.14566031147634856,-0.3504691036710424,-0.03042743588474022,-2.0943830989527994,-1.5362731446007154,-0.9788784712930259,-0.9197267309264175,-0.7247144869626433,-0.7380599435021515,-0.8810236602440132,-0.8370303404112981,-0.9124679138521778,-0.7574764488705166,0.5028436938562518,-1.5850502244283797,-1.8773720246653083,-1.36223962710895,-1.2657909087150359,0.8617907277973251,-1.1288948313635685,0.6522891124924897,-1.8159189842047267,-0.5309129074122577,-0.9696007289656324,-1.417842405414001,-2.113445308166071,-1.0645409329789417,0.5843643625566488,2.145470838112063,1.1129259763781008,2.7520680800321173,3.8468177052352788,2.3389085268444134,1.4216579739943798,0.3737485062310101,1.3742718836496963,-2.7629552332737273,-1.2438632383525743,0.7176573323155562,0.25445781572133797,0.8050171483711538,-0.36961086048030184,0.958636276707185,0.5835031840481716,-0.7333979737917866,-0.7594785271054126,-0.7300525045030931,0.9388043389956194,-3.2146557687527473,-2.1561879186502217,0.23437430817174437,-1.3379618227439214,-3.56435292544805,-1.5420451417006389,0.13790821524815652,-1.6447538783371591,0.8679128544945298,0.3330008132701319,3.5181470707272284
2424,-1.9370870793008608,-2.115941563256506,-1.9180451304015498,-1.8394727591137359,0.9700460007218356,1.050914148610081,0.8411253643176463,1.0463355408703607,0.5923175048235506,0.826296717327706,1.7896077655512581,-0.5182606946208205,-0.678644586192112,-0.1831106121616469,-0.8572612571146466,1.472346473107298,-0.39788669912140945,0.45070988020906544,-0.16663399055836112,-0.8572612571146387,-2.2356958253838206,1.1588185280161314,-0.1615722251280067,-0.3676267290690723,0.6415596168598496,-2.235695825383819,0.28332789413291887,0.19072880555903832,1.0425660679674542,0.12424212399935226,-0.389670852734381,0.7209636161005918,-0.5139610724278768,-0.8395260293345032,-1.099744227768277,-0.7152186071983422,0.16962926041124374,-0.03646869760773227,0.3010191178641122,-1.681187212097979,-0.7271451163752722,-0.4984188493329782,-0.35118044975599527,-0.11797567290492625,-0.13479427308236336,-0.27587754845160056,-0.26269138912937573,-0.35019315848317734,-0.1455833137898534,0.7779366347275938,0.25639701383407243,-1.6571190283356865,-0.5739494974850412,-0.40538194111983084,1.3890473056687318,-0.6660298769182057,0.3712568061525713,-1.948466287404352,-0.5228696918635123,-0.8799322126441073,-1.4286905499096598,-2.0256760882087126,-0.6320324746307708,0.8818990951310954,1.9885094827270398,0.7993574540050828,2.214332427353404,2.7596429969381067,1.8281203073905867,1.4818737698727589,-0.7463761482277255,1.1580868211528796,-2.227953364996055,-0.8057065502261257,0.4689114700308245,-0.22802312397792504,0.15610028511459642,-0.16462132007906907,0.9736408112495629,1.239533285283731,-0.5557324053918173,-0.5761305568632796,-0.4397594484178824,1.0634543116517094,-2.9759337031514237,-2.0282386342530923,0.2303714957505728,-1.3606224700666298,-3.2874809563761014,-1.1806349764577315,-0.013683546930745636,-1.6649968261176193,0.7956852471611067,0.7967305006280879,3.336703374240225
2425,-1.2681431972647894,-0.8413321404008001,-1.0947864677915835,-0.8867871617783378,0.29874981380877114,0.9519658776887393,0.6733446587350325,0.4371823597583411,-0.9176049236380351,1.7434004433425851,2.3165920127946076,1.1020606444566543,1.1499659631864454,1.2557547260829691,0.7355388874383574,2.7453957975615433,0.14595619662788903,2.3002950069343293,-0.06115799810114622,0.7355388874383495,-1.2204483486173292,2.8493794828359142,0.08014028993268098,1.5061833319166587,0.5325197619464115,-1.2204483486173276,2.5641027934414597,3.6572102430426265,1.8773400112285867,1.090424805309163,1.3014247287435576,2.643332945154578,1.4383846891897982,1.0756828994775534,0.4166770348658329,0.5927285870468956,1.35279871972101,1.1465960585557586,1.470063504923792,-0.3872108357655942,0.2834161678750322,0.21757386637709425,0.41161613769577043,0.7197332417260173,0.7928850429882469,0.6805108465660437,0.6355459189467753,0.5508013151392157,0.8174551368347933,2.603884860896619,1.757088414565955,-0.08406007797303654,-0.006682078179228376,0.22151779637333882,2.080541349156406,0.17764960806184885,1.801552524964792,-1.923815917203673,-0.5648122252349059,-0.9568580589912811,-1.4081900039408024,-1.9442476772829187,0.9866799419369311,2.081465167789806,1.92413553610411,0.580898391301666,0.4273747058799586,2.2397633805482577,0.5799473097387465,0.46277961106443904,-1.3447218322672065,0.7155559934435467,-0.3953876306157006,-2.0838401283586734,1.4512605247147081,-0.05448148099552956,1.1500147652039283,-0.3692172823137009,1.4922650770772876,2.192669301936507,0.9823998998623661,0.9392151797608416,-0.4712575567994744,1.234196743369004,-2.6146217197076225,-1.3160261897726035,0.22618141296942865,-1.3068082822006233,-3.0403337764026745,-0.9112604694425543,0.06357054267972939,-1.6925317374128774,0.7150960420558852,0.6792306775552232,3.120390131306781
2426,-0.9257684263990739,-1.1907305742103353,-1.0352684189431007,-0.9818629857324662,0.08435352394683526,0.3183190916532145,0.06249887259345793,0.1804841393483992,-1.3814927279451175,2.0441224716871123,1.8394538704911945,0.9010289519526425,0.9141093995157139,1.0739613916785389,1.2193969780977245,0.8261014602225221,0.4571786347496115,1.2515023537014416,0.11726545980590199,1.219396978097715,-0.5956201519769837,1.7267489623836212,0.24902290966930293,1.0158181441899146,0.4813471783586974,-0.5956201519769827,0.20437933518326326,-0.8951908903833792,0.9498297592707721,-0.2314562979695438,-0.39661702844201524,1.7004409867941888,1.2728889502785197,0.9980979696373906,0.3010694026930674,0.41080373141881216,1.2057988892292735,0.9818232919174606,1.3381228241634506,-0.5002390922981794,-0.6502185770711086,-0.9179415798283692,-0.8819163700806241,-0.6567292586732804,-0.6076297524007302,-0.7182217740810173,-0.7249440158323188,-0.7865880893469162,-0.6166777575635736,-0.23078261994855895,1.7537433860129963,-0.06472749202553282,-0.7040461293521809,-0.2535697859454691,1.6881315718608902,0.4313693147510689,-0.4376745702968506,-1.9158908523652127,-0.5548287065745725,-1.0222892884855743,-1.4705906234791797,-1.881016701796557,0.8918932114394422,1.8546391591585485,1.7531795642727603,2.2622665388300502,0.5706840152768987,0.06729228128245503,-0.3973239514445373,-0.42052508119069,-2.0126644412056747,-0.0926630720882448,-0.39602817911400584,0.46825533464523394,0.4904099814963294,0.1654426703076415,0.5734165775532597,-0.1643901751904924,2.252781456195614,0.6479968933050982,1.5903688232490376,1.409000179747261,-2.2519971971192176,0.9485427072438317,-2.4803243521576257,-0.5660375204333316,-0.48373795872848435,-1.1975045648199962,-2.8651566599371345,-0.5568782620646542,0.04011216269528224,-1.7312606130700892,0.6526732811587997,0.43397960215005343,2.976004090598602
2427,-1.0837362660362777,-1.1336101886291026,-0.9560009346235593,-0.8007607721673942,-0.2141089709672368,0.08635111340694633,-0.04804878346246287,-0.09050130628836439,-1.470282544345191,2.1511775704340685,1.6236950778726644,1.12767060487819,1.159160552318409,1.2731161591314764,1.4704608415059162,0.48941078444969155,0.7520130374645159,1.1782621022883022,0.34093699471133376,1.4704608415059033,-0.03599298672350014,1.52517747983306,0.4443232312826973,1.1500372834194328,0.4815435098296623,-0.03599298672349886,0.2795882626877617,0.19690183214279355,-0.3907018017834759,0.8077098942716611,-0.5007168808004582,1.403432901383328,1.655448137465454,1.3657364423810414,0.6319258426620311,0.6377352004052764,1.4145738917353308,1.1800780616817828,1.5363812253250997,-0.2206048573529893,-0.5462055266592936,-1.008261124355219,-0.9282263079751244,-0.739813336868928,-0.6684298217545325,-0.7883237534071099,-0.7917689412819771,-0.8526508643035982,-0.6955066110678358,0.509849992387905,2.20941567961242,-0.0590045031067689,-0.5567156439230706,-0.07435188543050417,1.3410159146902059,0.6545061480171331,0.4501267334057203,-1.8996795823899553,-0.5633050889775899,-1.071050894322325,-1.478711726351774,-1.8115818375077748,1.2014787241124563,1.9766272599004813,1.646676423991799,1.829409238413104,0.7215544082773945,-0.40840385844070376,0.4372605056926282,-0.04246320665257324,-1.7353851463795364,-0.40526701789788266,-0.5797303014385754,1.1617218507729783,-0.8486836445005181,0.4453224714808344,-0.26617895687782506,0.3394751040077263,1.6784359885680795,-0.01246300409079763,1.6443923605693154,1.4928693181291863,-1.9242541555975134,0.8011846148536523,-2.318812414775124,-0.08127647733362768,-0.8624080944724176,-0.96484125911824,-2.734871680876999,-0.3156461011357164,0.009042553708447176,-1.7688508210301082,0.5960823911640332,0.2773315718436236,2.7962169766912703
2428,-0.8135834603604204,-1.085211473455178,-1.0109819440526797,-0.8304372809068402,0.13182631997415936,-0.18705219487122104,0.02022780517825793,0.002006779771481741,-1.4074873843489197,2.140175148754141,1.5754722184271852,1.026465365062906,1.0396250713735076,1.1778842441739954,1.3484383171104999,-0.18646643447062614,0.9218572255356811,0.6783141304542626,0.5526547088487598,1.3484383171104894,0.30320779401123715,0.9204533337761897,0.5937295034996171,0.8609778051810141,0.5133222087401818,0.30320779401123704,-0.07589796650556724,0.18480679769267822,0.7624216412727723,-0.07227907090566524,-0.10873120132014256,0.6859289444705848,1.5785457283886317,1.3119650605872428,0.6129446995900726,0.5539204510690985,1.3605652284638852,1.1225976742273338,1.4885542538917929,-0.2205380621232417,0.09385229102419812,-0.5499739155168368,-0.3646948021372557,-0.19663332292345445,-0.020266001925172035,-0.15524666866628237,-0.18180590155366022,-0.24283861153104339,-0.05220875953692284,-0.03170598968379117,1.8727495267165604,0.19407924473587337,-0.21710542187744775,0.059213877078007425,1.4124708958085488,1.040903786165993,-0.00020524722880362043,-1.8699973943253814,-0.6128626300249211,-1.1307792294690269,-1.4710500886927387,-1.7481502877446773,1.103561507735251,1.836449746940369,1.580556584810944,1.4564785533131992,1.576866517900097,-0.48651972456498777,0.31834675099682314,-0.20399984250195116,-1.3953789177214528,-0.6386955965050519,-1.5016859326274254,2.0160640385071202,-0.7961398859076384,0.5391278070163049,-0.1277207086162778,0.445759708795102,1.2885400752466376,0.0530715844630729,1.5432817299472033,1.438986355091662,-1.4305572761011556,0.8028602412312289,-2.1556476919381544,0.11765634088971648,-0.9614783614020341,-0.7487122809049747,-2.6014241640549383,-0.2730065099392695,0.19711271421871135,-1.8207600163023516,0.5674198860551111,-0.09171460402130718,2.693194995290172
2429,-1.0340030670613278,-1.1611223356471323,-0.9698837656391834,-1.1742664514277168,0.11851333536616429,0.0546962353518351,-0.1043666606977313,0.12866235502325551,-1.467532339347434,1.985383161061296,2.0161794140404345,0.5140826019767997,0.40613794202780834,0.7497533306641769,0.7785340593114244,-1.0349847896364954,0.8690092215711582,-0.2133302870087907,0.6774015461814029,0.7785340593114183,0.2921118615240644,-0.02979024055154617,0.6188856116814151,0.1294934460867254,0.5444178615802887,0.29211186152406593,0.18558877208957808,-0.10945279770116206,-0.4811903811716774,-0.41346987404594554,-0.5446285084050513,-0.4256347933150044,0.8276035730862388,0.8211659724479109,0.12859107149158933,0.09063488645173094,0.982914640320987,0.7213002561040734,1.1235848940747044,-0.6391809543705355,-0.45534999006452287,-0.7392485705401683,-0.8626046973084432,-0.6173993316160075,-0.5345687786024627,-0.6599944625643684,-0.6518478202859116,-0.7157276064169735,-0.5689790206343053,-0.7413617369760008,1.0670443234691744,1.2697331474907516,-0.6492791185637541,0.26995353788269477,0.9739891507632162,0.3778569166021835,-0.5834753246775329,-1.8666035195679984,-0.6712714552865289,-1.1808613316343395,-1.4505814383338091,-1.6872527519851832,0.5103119910636116,1.386188373668363,1.5353759604482076,1.0700698042403658,1.3650136362416074,-0.7368973194310169,-0.1857476069561899,-0.3802599243877326,-1.4288830299175272,-1.0131991982040067,-1.3197637412258842,2.068045234008628,-0.5006884952803761,0.3096047859448457,-0.10549335625476648,0.670029708393628,1.0302079329481153,0.23344620295626323,1.5668990263694746,1.4997549984580965,-1.0479160119718065,0.7311732006006041,-1.990072600268718,0.2951362139795774,-0.9560203269570978,-0.5356101782224532,-2.5007705619664513,-0.2083695980200018,0.348337013422051,-1.853459157754996,0.47500672088682716,-0.5492667235489389,2.5820047408101026
2430,-1.0939372159202083,-1.159214040348168,-1.1344902478892156,-0.8881479822884684,-0.06066862711946289,0.05075197967024229,-0.1674674627249924,0.11236019640453371,-1.695408851014229,1.934643253903228,1.9948022247026778,0.9020304416356338,0.8592098815628227,1.078848106489081,0.7211179565177077,-0.10040824497056522,0.9588025652071422,0.3657364865959533,0.7934208162748437,0.7211179565177015,0.44816722278126037,0.4278913335041318,0.717437598027897,0.5593179491551821,0.5905350859737999,0.44816722278126137,-0.36667755584112316,0.044488840958738785,-0.09541920271407933,0.5119481519603609,0.06182616249932103,0.2091804045571016,1.0852282036233014,1.3030783389956073,0.5615403235608618,0.43341397918960384,1.2774364707348789,1.016538392129621,1.4188642515872625,-0.2058555114326563,-0.5045647966906124,-0.8755607674889571,-1.1343179904857412,-0.912341233205165,-0.8459741336475205,-0.9549176342893094,-0.928222913400914,-0.9954919128036192,-0.8767441885228422,0.7020603403822442,0.10173946439107592,1.6854672077565787,0.02548469212793033,0.08507511985385711,1.5213875864636344,0.43014798189777553,0.7768669599284465,-1.8445985336053876,-0.7133651707895784,-1.268826705797586,-1.4250973296126457,-1.6532497358065683,0.9026088263630943,1.6606922151918968,1.5556046702504673,0.9348267634267725,0.3071858776674839,-0.5956971898885023,0.39466358853529465,-0.6315835539487225,-1.031809345791254,-0.439484959447796,-0.23377978007762226,0.9429574069873382,-0.9899348706568234,1.1409452038603174,0.3178385285905084,-0.015546308322560088,1.0553513465419744,0.4223364486321827,1.779823324779414,1.7254340892896194,-0.9762206186659413,0.6817981718096175,-1.8112671032191558,0.4528100780510226,-0.9270978565187565,-0.38275640645487896,-2.372986084580802,-0.2449974712822704,0.4358229380696929,-1.8781533645280823,0.371447293564415,-1.027273130350627,2.471426877050002
2431,-0.9181417716032919,-0.655607536928463,-0.8584970185379045,-0.41774614232351426,-0.10052769997132006,-0.1067089140684109,-0.22789230877122207,-0.07831828818919442,-1.5402078208333707,1.6324189227257646,1.7799486561992923,1.4720572037135164,1.4845951770820476,1.5816259298803388,1.0416221036353503,0.6021587360334736,1.2049056727696548,1.0133391547380302,0.959529743330833,1.0416221036353421,0.7975944631239257,0.9593169778213755,0.9163681331084532,1.141654020482157,0.670335391426369,0.7975944631239268,0.7717244793036241,1.2134249267874413,0.4712505146365631,1.2310210795260066,0.8012594687678739,0.947108543425084,1.497010687585315,1.7727349792907117,1.234943579041584,1.0243770576698992,1.7188856125923655,1.4610863582001534,1.8539789219410532,0.4794254388029174,0.23514424981313897,-0.08283647783683064,-0.43774551559754243,-0.34909016271667137,-0.2217487477664168,-0.42770601280463366,-0.38523573720884957,-0.4912541502212231,-0.32897847366892435,1.0588405400006375,0.7659114221403232,2.2940832826235398,0.5955738607644828,-0.06731981946917709,1.7956128420469997,0.40776600106357813,1.3707117340129353,-1.8139519177611694,-0.692299162839819,-1.2386957080455847,-1.3699651803006843,-1.5969157575249615,1.4993797856490123,2.025162879313835,1.5336784016524672,0.6775796887367651,-0.5261823896087756,0.0380713866729691,-0.4858267796589323,-0.46992531174087315,-1.4854431801235346,-0.4374355072554839,0.6080878952563803,-0.5356499308623468,0.5730784989501813,0.1603257666514897,0.6133114683114886,0.0848597957635311,0.5198084813288067,-0.2645126004520232,1.600513366550255,1.5649136081573851,-0.7291450584604029,0.7636048583711514,-1.7022862209413674,0.6010254794056747,-0.8473948002342558,-0.15876839447817218,-2.2333803848920515,-0.31433954614660836,0.5529661835090661,-1.8808759328554494,0.2479355804657137,-1.4217586870497054,2.362131136563883
2432,-0.2664485108674438,-0.3488480901290272,-0.3439177727802766,-0.6478220899702686,-0.036576033975335195,-0.1680275633590893,-0.12382009920354659,-0.040335446470105694,-0.7973145918101724,1.0378761231136193,1.7458409629014968,1.100958042344152,1.025329102332327,1.2727978646902915,0.8080024989014793,-0.4258226417117166,1.2467692837168136,0.20928651855322492,1.0858645647407108,0.8080024989014738,0.8404174623631948,0.1287818487785603,1.0077901554518647,0.5352390890137795,0.7546663112438944,0.8404174623631963,1.2663716946359862,0.7036834142795869,1.4730358076246997,-0.8926167857291584,0.006181295939182876,0.40950876085106197,0.8494634805170047,1.2035347498221565,0.9807745706793334,0.7475326327968848,1.4634373869359376,1.1802219983066242,1.616414619708331,0.2374671342232807,-0.45301063542489606,-0.5333777899639447,-0.7784478002273252,-0.8057320929831454,-0.7239178299582414,-0.8902664551722904,-0.8350628243397393,-0.9331820271971966,-0.8155012984587052,-0.43744849965531757,0.27283177086873306,2.1947512540126715,0.19126603638187734,-0.2923368319946243,1.3999006323709922,0.08341541455204902,0.08347396641171737,-1.790121036788355,-0.71968704090283,-1.1591352214877664,-1.262435145724679,-1.5445879642820985,1.0050404053078892,1.7171136068341177,1.594339975628649,0.6168947412379475,-0.6862714487208094,1.2459138788091708,-1.1359600797446572,-0.27323720614407554,-1.7696986902280434,-0.4168081678641503,0.7686772100108277,-2.090587461889786,2.4110104900817224,-0.6795074496911165,1.2867257453971357,0.19396974971962191,-0.023109693933438407,-1.2579807130191045,0.849536990050305,0.8100538992048468,-0.6453377593222533,0.8305304388473046,-1.5663119610596912,0.6101401766705756,-0.7548869882514645,-0.02766690347567655,-2.1552845549491484,-0.370670888418953,0.6217192509673146,-1.875586128275879,0.11241820995504367,-1.4925333590335246,2.271038144185901
2433,-0.5614008631074693,-0.44659619925626787,-0.4682295637526827,-0.18177350069848255,-0.294454811759635,-0.12186170126354302,-0.04673814555488957,-0.19716774401482787,-1.0403894337132005,1.1675621130615108,1.6258798030484858,1.5685666466566246,1.5389331101913042,1.682908218581621,0.9844146627634839,0.3349032087332215,1.426666160217037,0.8103283575315657,1.2350211047555057,0.9844146627634764,1.0620636268912222,0.6301422373540474,1.1797855764205027,1.029817523846466,0.8602778651677311,1.0620636268912238,-0.23176311431785845,-0.16931991096379975,-0.5750049418098261,0.8281307805265711,0.09289328238107364,1.0262431876422302,1.157354171645222,1.542432989012919,1.5250625954934829,1.2539783578722299,1.8305952491014998,1.5497684648094614,1.9729038399125023,0.9255145922174696,-0.19687209235345282,-0.4931530453608244,-0.5370238272183601,-0.7731439707238694,-0.6998931507708043,-0.853496125395414,-0.7824390278475601,-0.8970367131494436,-0.7830570406110775,0.935453124723763,0.7727286264969336,2.3339931638270137,0.8415451628361664,0.4009917701057636,1.6304253706305305,0.9574156883365167,0.8521312618964123,-1.706116452048982,-0.8134510576284902,-1.1234156207129244,-1.0576906910775856,-1.49583911995397,1.269046025333531,2.011719527308411,1.798394629524726,0.3582300430031142,-0.9562692794157598,1.389637883820701,-0.9111233971777675,0.022212097158829845,-1.4458876020683322,-0.11692613025626913,1.0238606815375118,-2.4416383289373282,2.2336657409118352,-0.8554328853625724,1.0449468262792663,0.11876187243009123,0.5046933115342426,0.2003128362609949,1.071787971555163,1.0497011551217457,-0.4653622971581902,0.9848050296810741,-1.2734731587305361,0.6283003622822113,-0.5862438048260779,0.1492052491811937,-2.062867026508751,-0.43902582515110944,0.5798936850635362,-1.8802973509263519,-0.015343320504748903,-1.5509908990744168,2.1735871299047607
2434,-0.4917621675459504,-0.12180632633281649,-0.08318167141343957,-0.07733010081782535,-0.2768288050416441,-0.2910557259377695,-0.2967170459826489,-0.1354097496573292,-0.7394673192992051,1.2925487257246822,1.4394495510565786,1.5782867082873009,1.5570198180811754,1.6775677214180422,0.9671231250392704,-0.02532448120881414,1.5378687302351295,0.5681816677548585,1.3740217674874697,0.9671231250392631,1.1756970758196381,0.341140483211987,1.3178182649348373,0.8733301866348862,0.9759690517546407,1.175697075819639,0.7962188051869995,0.6336009541875923,0.18300697733131274,0.8378360139855767,-0.1181304079662598,0.7327805836424053,0.9696851571752537,1.329755847556487,1.590323946513943,1.2832107062339058,1.8412815190649117,1.5535982188616109,1.9902126292981304,1.1381617923796439,1.139312287935888,0.7420345719019293,0.7975143758004015,0.20154990581522875,0.4289942400559316,0.1558563883721318,0.2991861967738236,0.07095371358583472,0.2878991389809198,0.18256341010179436,1.254083092925443,2.0162611453988033,2.1981986214860383,0.35405958646652047,1.616497782861858,0.8513178441074547,0.07136469353226553,-1.6080660427264617,-0.9245878299121469,-1.0426149051823794,-1.0091553581196522,-1.4503177967843166,1.2652253662796753,1.9705223558263594,1.7719847491038896,0.24134835689781622,-0.7941484671721095,1.7738606831266717,-1.1776273227966927,-0.675304498970483,-1.6194069464685186,-0.8854039145024248,0.8442325836743915,-2.615401377997842,2.755565972357972,-0.22954045911605533,2.146973967377311,0.30583253180224984,0.008213054403296224,-0.6205018789448278,0.7598259305721112,0.7438792019508096,-0.33565064837452435,1.1200130832572923,-0.8806662497944545,0.6239629891534353,-0.452087946208436,0.26116987849294165,-1.9772428079257707,-0.5156021606851887,0.4000236089217434,-1.8789532598504348,-0.1419567658761768,-1.5525128921503957,2.0941651329215403
2435,-0.19015913141208882,-0.2042332097823688,0.12031092376061331,-0.0009533378287523974,-0.3319324216474854,-0.3320634968170904,-0.3410252501026578,-0.15722093788480224,-0.40863302825041625,1.252403725126705,1.4863212214453898,1.5804642218407619,1.5657673101819254,1.666944732681886,0.8345512586449165,-0.2594705271450922,1.5997089032286107,0.35908291735781733,1.4874970799971197,0.8345512586449104,1.1906674069971872,0.08209914233693226,1.423892216905845,0.7034284304182039,1.0926405310105103,1.1906674069971879,0.4023928228061779,-0.14455095371276697,0.568144208506151,0.37057595419453876,-1.0041343033885985,0.503555206430919,0.9170390666565292,1.1132492366865474,1.6028103538852996,1.3066842941355845,1.8275999248754513,1.538762270982816,2.007280954655959,1.2428961800459748,-0.1337187832917,-0.04458103658718334,-0.2204233197674641,-0.5548259757340562,-0.44718400972153677,-0.5949741175348436,-0.4933773680580873,-0.6859697278881693,-0.5303814923418142,0.12364755685297824,0.9500027394391787,0.8986746894052683,2.284385289751048,0.7764743515059129,2.5100548949576336,0.7740076311597294,0.16167384192445214,-1.5520340275210356,-0.9710281788244686,-0.9668289124874718,-0.9887239057533977,-1.4073166367576608,1.285037126878095,1.9199341317923335,1.7004129632960652,-0.10729362350591969,-0.11767147966407153,1.354039271793558,0.616051904618733,-0.762056714001618,-1.6220270059726714,-0.8657693445028847,0.11188956078207703,-1.5646226556911627,0.5966756282204821,1.5199605548326176,1.8933119672643461,0.20638224922001389,-0.31304594759554133,-0.6723845513150816,0.3999268266563839,0.4063840621491436,0.0039997164666718795,1.2318770913756025,-0.571204679527069,0.577216350775173,-0.24608200729202637,0.37733757174692684,-1.8625071105974311,-0.533291039760865,0.12953040402935193,-1.8708401194308948,-0.2912928437589116,-1.4915885236438584,2.0096358217868224
2436,0.19128272649639474,0.38136082056844944,0.28849899363517967,0.3855147407816761,-0.5434217822038017,-0.3404274221409272,-0.5314687737528663,-0.428738836042369,-0.5369070100116077,1.426576593140337,1.525951543121412,1.8656369303439029,1.8767160036105086,1.9106958637651361,0.8982679996117681,0.123665531049548,1.7234474025770183,0.6439160276100923,1.6062461610418435,0.8982679996117611,1.2797359576943734,0.30543845160654404,1.563020868044862,0.9233985879829139,1.2173163027663039,1.2797359576943743,0.31044784191993524,1.0032716368979617,0.6497963579835704,0.39968568407640653,0.2167533629777658,0.8443712857857768,1.1533109339506646,1.2412330577873787,1.8752757034288623,1.6133752486554254,2.0202306833674277,1.7498892770253687,2.2125473431040765,1.711671442614012,-0.7309308043526956,-0.6865684813536885,-0.7889536633583686,-1.0127687203732483,-0.9912728821664999,-1.0867664952289575,-1.0059087461733387,-1.1446906713439189,-1.0377963299177762,0.6537907591001312,0.7275399236371456,1.2681036641158074,2.600363275748248,1.1417814829954678,2.460461380846729,1.22573163162398,0.497958109405135,-1.4914328996633586,-1.0106267112176324,-0.8173552302646232,-0.8855296752434956,-1.367011176480815,1.5097692311745288,2.066803188869503,1.7356650934882774,-0.4127962333360329,-0.2874675348576365,-0.2577735755298328,1.1550367426913253,-1.081094922686865,-2.2686008753569538,-0.791525132879194,0.25996038878186895,0.03743177993027804,-1.40987254179374,2.3319785067096577,1.0571238262068325,-0.08970129333208415,-0.275764318103741,-0.11557017613946992,0.5044750316407374,0.5313149354717546,0.2536611677026376,1.4160647271419573,-0.1465201606945074,0.5602804677837441,0.028820860826904035,0.5481301036497652,-1.7349690704002603,-0.523202297833849,0.8213878679332771,-1.8651315980682308,-0.4513843725833548,-1.4606163534517909,1.9179034251667224
2437,0.32952330451001627,0.38724753152890534,0.5761921057138235,0.28935892625168397,-0.8793447125217619,-0.5901955058436615,-0.7019443019756351,-0.6838749361479826,-1.2012755007441087,1.5191930571521766,1.3954408860822731,1.6576740964968593,1.6088173826586032,1.7400398410962332,0.671062939672765,-0.46572524153333517,1.7384804507193545,0.12384109624196026,1.6882028797877542,0.6710629396727602,1.1983372267088428,-0.22402942277213814,1.6330929721193772,0.5017446772191394,1.3325572864888433,1.1983372267088435,0.5325980092842387,-0.011453247908243546,0.20870496449021225,-0.04849516752481208,-0.6309498587646784,0.3402583641079796,0.8800246477930399,0.988564284509173,1.6974300414999466,1.4793188402039175,1.8726923517827594,1.6123283284578824,2.097838140239693,1.5870075724428943,-1.4124782343176854,-1.3116144966412855,-1.3061342157485716,-1.477297041032349,-1.5016627434612586,-1.5626691491162277,-1.499709900262953,-1.583635866807988,-1.5279583148160238,-0.18255326398082097,0.8783051115116839,0.9732782514900971,2.614563314694235,0.8812006263937967,2.549011519264365,1.0391763873197386,-0.2816055156366785,-1.4660257685940854,-0.9960098609176214,-0.6795962529623517,-0.8690027120361067,-1.3292062261580493,1.3481047652010143,1.9050097817912537,1.6668119679765574,-0.5937186626656791,-0.5452195781238819,-0.026084924443025882,2.087767064111507,-1.1355502541081308,-2.2983574510063653,-1.1975967117676838,0.5105633680741918,-0.4315564020276681,-2.1596956120546174,2.9857920616614986,1.2952355632641843,0.2165740362439315,-0.06914980369538372,0.5111892365656029,1.1572741910336979,1.197739412440203,0.34274576468947526,1.6310048149518348,0.10804874525990134,0.5669992478816429,0.3837003513519381,0.7176391217862688,-1.635295312039301,-0.41024164184016226,1.3740155814398884,-1.8545647516953288,-0.616853849157685,-1.5237209996219094,1.827109937753896
2438,0.29944922754469133,0.3405131552128043,0.42433286472333065,0.16691155567392932,-0.8592015995796743,-0.8312782148717769,-0.513381258231927,-0.7001105612976222,-1.44784936822651,1.5838055754370086,0.841829676733046,1.406857897724554,1.278909137477691,1.541983429923091,0.3179982278797407,-0.698036674883582,1.6751327361620816,-0.2483576792345955,1.7183339863633271,0.31799822787973886,1.0008756178026583,-0.587373725889926,1.6428564814424438,0.12510922496218893,1.4265180349734794,1.000875617802659,-0.3157735169656862,-0.09807729758311268,-0.07036025860108487,-0.2346886815020375,-0.30225841569421,0.012488130601732336,0.5806306117822925,0.699015434969519,1.4776099439525119,1.3099508336528787,1.7139832546814864,1.4520270308572498,1.956923044591681,1.4485816540256622,-0.4601721926232129,-0.45305774664942655,-0.5216332939779106,-0.9673447986651385,-0.9453211811691234,-1.0195065110358092,-0.937282881268344,-1.082642914650464,-0.9897356621708292,-0.22929895259120822,0.2797610028198575,0.8912904201728514,2.2171755209498083,1.032466916402512,2.1064437686243607,0.9681556997198393,-0.3160516170388772,-1.4392370944934594,-0.9788612160281864,-0.5965279504831211,-0.873934281784305,-1.2937490976136583,1.1762280615852407,1.733843591615557,1.5818129874292994,-0.8633478135619541,-0.4184299247853568,-0.35356218232107084,2.497642981581515,-1.14458713753924,-2.2502746749142024,-1.064859873568018,0.35424536162033066,0.029959978224513493,-2.772066008743266,3.0755990901924224,1.0491731470676664,0.10612451280013296,-0.5764868828273618,-0.04032904471686757,1.3870794135183968,1.4484520324029329,0.6482008345392081,1.7631668039102668,0.21688586894614698,0.6015959396872143,0.6786199690764704,0.8531757067197518,-1.5497600171189794,-0.38741645367867245,1.9860383364008318,-1.842909617073633,-0.7282471846555805,-1.6606709305328284,1.7342099035885135
2439,0.032577069705404235,-0.1527750230859776,0.25717237276568733,0.03159262134956435,-0.97982537995449,-0.9183545875008092,-1.0019490566191114,-0.7901578939499312,-1.6167088556081075,1.7470022567381958,0.9471240404196948,1.1690998783889313,0.9625594832316184,1.3582272416614372,-0.04770000894061428,-0.7112076663987376,1.5706362233141176,-0.4884538847140855,1.7002810089772016,-0.04770000894061247,0.7385375082730262,-0.7977141473720502,1.6101512841452836,-0.18100385064887684,1.493638432885414,0.7385375082730269,-0.33345888059073714,-0.8157953104049593,-0.45109235257001906,-0.0020080361083364365,-1.1900381514256868,-0.24199087065400285,0.24260596281189756,0.44882155721316935,1.1939420314732456,1.1287799720429035,1.5670845486066596,1.3122055508556816,1.832207144474836,1.3030351800094684,-0.12214388623021635,-0.5041444289926205,-0.5934050805522016,-0.900462199096215,-0.9723479991590752,-1.0725459946533729,-0.9997580893724807,-1.1319399709968843,-1.050357141488413,-0.24300765999100013,0.06752226892087707,1.129793045493603,1.7698288256472314,2.1670882178503117,2.208351832022886,0.7425795300782705,-0.431855095354539,-1.3931058440829562,-1.0030283081461284,-0.5642752109899916,-0.8832395912852166,-1.259885814412659,1.015126244403368,1.5798989084757886,1.5013539584842601,-1.1036038494470775,-0.8118524589441765,-0.4611724578134386,1.9594137412508408,-1.1138763678524224,-2.05747000902264,-0.987945384498372,0.7388427335747279,-0.18213954786094252,-2.302960761905265,2.5964843205685897,0.9294800120109429,0.059438197998227645,-0.8407113806804783,-0.19800781160506967,1.542720827897507,1.6170231652795182,0.8816198620443664,1.9326941687019568,0.40828485879220466,0.6230390912821717,0.9714282612552585,0.9573387138097071,-1.4753988673694627,-0.34668670361564463,2.3681535071256095,-1.8284458510681634,-0.8728289699571721,-1.766335527408833,1.6456748376477466
2440,0.03966006302274948,0.20469868403218328,0.2714343264684713,-0.0890960353557043,-1.1635156759149154,-1.0304059203959117,-1.1035502533965964,-1.1143645835413145,-1.6666151001619032,1.5342190481670928,0.7070355109249964,0.9652626343911608,0.6893142095927012,1.2031027827546878,-0.36033912549126096,-0.5959099891137977,1.452767720746341,-0.6098952700723543,1.6467887146072038,-0.3603391254912565,0.4523923466253984,-0.8704857444645628,1.5524572110890074,-0.4033418763779675,1.5337311950719412,0.45239234662539934,0.011250824962828268,0.581432023900849,-0.0013597303862207162,-0.25318329287544467,-0.2309498671361045,-0.40829928102190094,-0.01791621674061132,0.22457387792652259,0.9395730020627334,0.9980436702581988,1.4433224587050164,1.2005190374802357,1.73062819999385,1.1810129785414214,1.5156073373730563,0.6947924054573904,0.7003153373018822,0.11367484947568247,-0.08014883106824576,-0.2354334908420483,-0.1217543950774041,-0.3664828298514804,-0.20676302542353753,-0.21705475038229635,-0.10179990077328373,0.7370848665329881,0.7023207933678253,2.1456963647437437,2.2641212818420287,0.7555779862824797,-0.0282542772808906,-1.3561579022871884,-1.0008775766269502,-0.47791322202373027,-0.827917318856439,-1.2266243701891497,0.8049681892752287,1.4512674283561864,1.4882899508238658,-1.3209755257075548,-0.9499817598161927,-0.07243477882881283,1.1773965467388625,0.10475425452790456,-2.0367888872544557,-0.7737599883948882,0.8600174724374128,-0.7029842350613641,-1.2246639038950782,0.8051491478934747,-0.17218018952055647,0.8681859669483633,-1.1410971243961812,-0.5085337858292801,1.5813039421947386,1.6636293513552638,1.0826406753433724,1.9862423484554808,0.3541458421130018,0.6364296371701406,1.3110043098099562,0.9965391671523907,-1.4155304302167753,-0.3157479662396924,2.7519446145402497,-1.814956171995021,-0.999813809831891,-1.8565625592566277,1.556299690358173
2441,0.1787561785970435,-0.23907264409490478,-0.04916159168622173,-0.006130582259411952,-1.259977434143038,-1.1955268203419898,-1.199149939938654,-1.1789654860779557,-1.7589821689360925,1.6941091082551554,0.4572064521757821,1.0333784745318988,0.7926211676910221,1.2440244657079855,-0.45476055764766526,-0.17379462939202006,1.3883809706090524,-0.39272081637606177,1.5895014324487657,-0.4547605576476595,0.24763414843140913,-0.6150801289473404,1.5140844747878004,-0.3298882993369232,1.5568718047298002,0.2476341484314103,-0.6058301987887585,-0.7326562365583036,0.21456171110305444,-0.3417000441044034,-0.5426593897831502,-0.14532591540818054,0.01769198999267883,0.17155478888234132,0.8666380581100561,1.0798028052976545,1.4583389575632886,1.2503155195866544,1.7529028017052404,1.2800973421374022,-0.35635570787851606,-0.6164223199652167,-0.646649175575985,-0.8088512875150632,-1.0309011809508504,-1.1415504422628469,-1.0628722504977208,-1.1858635186334525,-1.1231529096834068,0.1283702816410141,-0.3649899999280218,0.33362151458844713,0.8392056037972887,2.304538256200306,2.224688256583915,1.0315719767337808,-0.04589599713533194,-1.198906250769878,-0.9638566398388488,-0.47623135785388476,-0.8140496599671765,-1.1943863700164912,0.8604778364682447,1.4506071116855015,1.4362083469219387,-1.5198261915958444,-0.9297758020403706,-0.499807125013811,-0.5332340890038579,0.34125012018871936,-1.965768256813486,-0.766045946317575,0.8196806662166061,-0.24362584497026124,0.10283898799304678,-0.7811222086043691,-0.7575497902921327,1.1063526586344548,-1.2751091141833062,-0.44617325994917073,1.6647829093179813,1.755858990903382,1.2930374990137998,1.9034186879817727,0.027959736892291625,0.7236009328649876,1.7583008416467028,1.0542759815820195,-1.3599032368905306,-0.18978187960091047,2.963085405393449,-1.8055967280525405,-1.102448349992742,-1.9274991669890993,1.471373095959694
