,open,high,low,Close,vclose,vopen,vhigh,vlow,VIX,SPY,TNX,rsi14,rsi9,rsi24,MACD5355macddiff,MACD5355macddiffslope,MACD5355macd,MACD5355macdslope,MACD5355macdsig,MACD5355macdsigslope,MACD12269macddiff,MACD12269macddiffslope,MACD12269macd,MACD12269macdslope,MACD12269macdsig,MACD12269macdsigslope,lowTail,highTail,openTail,IntradayBar,IntradayRange,CloseOverSMA5,CloseOverSMA10,CloseOverSMA12,CloseOverSMA20,CloseOverSMA30,CloseOverSMA65,CloseOverSMA50,CloseOverSMA100,CloseOverSMA200,VolOverSMA5,VolOverSMA10,VolOverSMA12,VolOverSMA20,VolOverSMA30,VolOverSMA65,VolOverSMA50,VolOverSMA100,VolOverSMA200,Ret1day,Ret4day,Ret8day,Ret12day,Ret24day,Ret72day,Ret240day,RSC,bands_l,bands_u,ADX,cloudA,cloudB,closeVsIchA,closeVsIchB,IchAvIchB,CondVol_1,CondVol_4,CondVol_8,CondVol_12,CondVol_24,CondVol_72,CondVol_240,CV1vCV4,CV4vCV8,CV8vCV12,CV12vCV24,CV8vCV24,CV24vCV240,RSC_VIX,RSC_VIX_IV,RSC_VIX_real,RSC_VIX_IV_real,RSC_IV_gar,close_spy_corr22,close_tnx_corr22,vclose_VIX_corr22,garch_IV_corr22,close_spy_corr65,close_tnx_corr65,vclose_VIX_corr65,garch_IV_corr65,close_spy_corr252,close_tnx_corr252,vclose_VIX_corr252,garch_IV_corr252
3077,2.7030823255773844,2.80122540004742,2.798525597780287,2.8102549328458104,-0.4061191603088455,-0.521947071914622,-0.7987199598724148,-0.1895531011893002,-0.8888699030088764,0.7428962296285591,1.7478493133012307,1.223069750522122,0.9893784754649326,1.572447203070511,-0.15563412624401315,0.5187130818915928,1.4787113997549242,0.2496561754620665,1.5997429555494516,-0.15563412624400966,-0.526450919685173,0.3808213279568332,1.57134382966418,0.007020633294486813,1.8853331467928902,-0.5264509196851734,0.5313653976478292,0.8025568348061478,0.33208567539150846,0.47474381417304834,-0.5331045742960941,0.5706441703833854,0.5235543171100322,0.5522861048753225,0.3957512060369385,1.1080296297256895,1.6769062438720865,1.4392673698478144,1.9753139122060863,1.5491549297594287,-0.6534321196815485,-0.4563325469239162,-0.4552339975144539,-0.587078447758109,-0.4559322165193904,-0.35500107935939607,-0.3714405446748606,-0.4803761851813215,-0.4589895821252948,0.5331195969715911,0.1409111630571869,0.7375525516282517,0.02615497355562396,1.7851573198648385,2.260736954779365,0.26525947406987577,0.9547843424511793,3.1233170117390254,2.7830563859773765,1.8611016216058418,2.7250969687947117,2.141227751934702,1.0380885464457692,1.3733601966198028,1.2246926967146288,-0.1836628658508199,-0.6509234450555723,-0.9061677810101807,-0.7224491236092377,1.4513164701775796,2.0222330134661526,-1.105346257746894,0.6572222687764936,0.5299121150401933,-0.0810459963176808,-2.5100917249058297,-2.224263996303329,1.682239047652429,-0.3346476523065432,-1.1785274340301617,0.8139700846848252,0.8891997648073762,0.15567224921488043,-0.06227258768028941,-0.4552543614022206,-0.786840475236409,-0.7098155512483864,-1.0646112554669298,1.5209469247443255,-2.075932920158518,-1.8752077193913752,0.06615644515728032,0.22391511195355782,-3.4903894000506916,-1.3914075915775632
3078,2.845271542537486,2.796345196941584,2.856341688802369,2.761714852516561,-0.7744810601217182,-0.33304712538548337,-0.7736911873170882,-0.4689676890299795,-1.2325359742845137,1.0558399231348525,1.729448127406703,1.2219987729158266,0.9929100025523256,1.5644101315291328,-0.10935567000412735,0.08308132389342426,1.4709174180510847,-0.009933434519110745,1.5788235868791158,-0.10935567000412673,-0.4774849064597601,0.1386682356602829,1.543632235922429,-0.150129079961885,1.8343040835673594,-0.47748490645976205,0.3090361360659221,0.11141151828790175,0.5912732673075253,-0.3187213276338346,-0.8664675467988122,0.29366793892727966,0.3416339056607962,0.4803137128091132,0.34996984158478095,0.9841644396312531,1.5958628454727843,1.355701065813138,1.9220828319757233,1.5276874691068234,0.66299056458145,0.12502017944252725,0.08897382440436755,0.002343875767224266,-0.02579397582796136,0.15369005131740754,0.1378861253484917,-0.06612275341078425,-0.05921821612976806,-0.045127280090537084,0.6129994225705903,0.8647928379890185,0.4220259899891638,0.26307492799552595,2.2689332495682124,0.40424399243008197,-0.8098431947482404,3.4010110587826587,2.6459105403927508,1.9014154649478272,2.757972868707491,2.2622290754158616,0.8768723205631268,1.2115383360971288,1.1171054119247117,-0.23287084546118708,-0.7448342213638293,-0.2728560501354434,-0.9675885170847927,1.8812188201430495,2.2112705569789886,-1.1464226118219216,0.746560443508698,-0.3653837008467164,0.9230065997381465,-3.242524347675632,-2.1443305102339805,1.9154711825482318,-0.0402233386632659,0.9084168670473555,1.1298525169306655,1.2312613530062935,0.18056596676163844,0.46193193040682756,-1.0007805159334837,0.03418136405535232,-0.2220947281935299,-0.9895111102778997,1.4758972030522932,-1.9813171938065934,-1.7534622150503862,0.07146413176614952,0.2620980778117317,-3.4850948852195756,-1.3722689421831418
3079,2.812805989480572,2.770101418845314,2.744986766606038,2.8726106779462754,-0.6899702173129767,-0.7938406575908241,-0.668245705001824,-0.38034352618801837,-1.0408863949609128,1.0302390581886869,1.7211712252056177,1.4530847488606136,1.3030808343806197,1.7343302411384154,0.12168548347795546,0.41482581839265026,1.5339879127800076,0.3451274509997616,1.5869051308683932,0.12168548347795703,-0.3124819603030384,0.4663689946343897,1.5628758379685934,0.18620262175264463,1.7977875916425852,-0.3124819603030339,-0.24467571378994352,0.03674917532020557,0.022694376373260126,0.27538253359646964,-0.428921020329866,0.5620844034732161,0.5560363773987312,0.6786954436285635,0.6047917829020634,1.105839023746425,1.694580559396344,1.4737388366293414,2.0259152393095765,1.6613014110658635,0.8139935695742602,0.3010666195553842,0.3313913351563795,0.2711020847774154,0.13829724377259006,0.3547503530611217,0.3339837884373818,0.10945827156742548,0.11430007949748493,0.45559810670038514,0.5144960182761434,0.7617786144793073,0.8113089659780642,0.19164024898209495,2.191072374782625,0.33433506007449304,0.5065658154982458,3.8013754390168626,2.4185601055691714,1.8941707353942345,2.7541486868658853,2.34250772361678,1.1860010630327273,1.3067326417204448,1.0119246929878882,-0.3053302877025352,-0.3547950794616492,-0.02541612571072498,-0.6927926136532108,-0.17795749131914274,2.252584108115878,-0.9861305505222232,0.3081765159863635,-0.30694948670037814,0.8465883593810536,-0.5320229613313908,0.1614729725138252,0.8155298004152786,-0.4110131408478435,-1.0191471811893702,0.9418512131958724,1.0395022058292422,0.2583249631626,1.3918998039684722,-1.6072273673360036,0.7597099959408449,0.47638691644737846,-0.9134927694189584,1.4327952559738253,-1.9598332709679402,-1.6314316174424763,0.09150440511552713,0.2894996948311039,-3.4258305431391594,-1.3520913581045306
3080,2.737415237400335,2.6581945092439665,2.6581129109300914,2.5671426620764466,-0.7155904320750445,-0.6949278780004946,-0.8463593588641894,-0.7606801686229431,-1.219913021747897,1.4152858480589576,1.2623891546971155,0.7012104360184411,0.3034755870954457,1.1753381004469305,-0.36994045075733023,-0.8836411486792763,1.3688534966342198,-0.800631630845914,1.534096573801413,-0.3699404507573305,-0.532710644631706,-0.6234337176297631,1.4522844495274323,-0.7556146141885709,1.7447034653516549,-0.5327106446317056,-0.19340461962614586,-0.28273034277799075,-0.1330814744173885,-0.7338641566616091,-0.5324299073496722,-0.315514330252005,-0.08866668963702375,-0.013776710010432706,0.12761694670432983,0.5781303413703696,1.330328435835233,1.073671893021709,1.7248957247774634,1.3881583222475753,0.6574089549178959,0.3100969933058654,0.37520553132393974,0.35589562559441695,0.19816318791687215,0.4360821024386246,0.4079423233714673,0.1806589858334062,0.18712505774069862,-0.8547595600663528,0.019808381586434113,-0.01604123520857469,0.13053161521245066,-0.29914674369353944,2.1659144722589816,0.49115260794851995,-1.7838668177951948,3.730206714194666,2.401988349664022,1.8567332624154238,2.706876221512682,2.313451976550176,0.5542126734426224,0.9609671881366673,1.0071761521752491,-0.3577719756775289,-0.4166318848033168,-0.13108582763837362,-0.12133963190227391,-0.755083695729578,2.1538393040403947,-1.049113925564301,0.36206292235234216,-0.23142140208210102,0.009542225910912095,0.7590375967599784,0.666670729474787,0.6055133986125535,-0.24738400732263885,0.39084827244092263,1.1039987190679725,1.2190045154763232,0.3089197080944352,1.466073779636246,-1.8219019347522543,0.875186315512808,1.1766177708283438,-0.7920776875492255,1.362162035031639,-1.9037868723355096,-1.514759328530858,0.1162872839241234,0.30698393519950506,-3.3560793773448494,-1.3310677269433626
3081,2.510122961707607,2.415015473160719,2.3082281475172386,2.333453434516061,-0.3924018404279541,-0.7149039619659336,-0.7017547615538948,-0.5391218520405441,-1.2059467260509618,1.436607524363788,1.4700661138897213,0.18627535822527455,-0.3244562226100793,0.7713751007595059,-0.9961029679606647,-1.1253712288008386,1.10142059181237,-1.3318214267583617,1.4051162464592528,-0.996102967960665,-0.9213404403709109,-1.1082324195105093,1.2648158276189676,-1.32902594625628,1.6619622411519863,-0.9213404403709095,-1.118842259157479,-0.8130013897776803,-0.692306787147088,-0.824349575494872,0.11004468261989785,-0.8957622274990779,-0.5189369822881256,-0.5060301041214594,-0.22763595928792435,0.1700861820989148,1.0362812611164844,0.7566246598101645,1.4858027849646809,1.1734591995094772,0.7144011127751126,0.5506304659366007,0.6185982957305493,0.6764334319362364,0.451038480752127,0.7802544591697639,0.7161407510510904,0.45454355193879825,0.45969314947528883,-0.6949502403802137,-0.31637157691475776,-0.5021202166823331,-0.13486254428151348,-0.537219006801652,2.0788974890836784,0.6688120642269394,-0.7202557052528562,3.6343024383199807,2.3694686110997694,1.6055369195671387,2.6693527129193217,2.285350009798946,0.044152702528626825,0.6904906944067127,1.0143434774757925,-0.3640010527249888,-0.7326333595656622,-0.7574832478046206,-0.8306764348311576,-0.9802658719371733,2.1274185072642453,-0.8546776602397902,0.701566367657616,0.26543237781468976,0.21922175269700173,0.26668247504348513,0.3921427029001732,0.32389984290114465,-0.3641892759160696,-0.2008332102664055,1.089844582211393,1.2074751519487619,0.3364093119785621,1.3727948202102531,-1.7746710464697129,0.8582564742391529,1.2337634757590694,-0.6987552468971385,1.3201535994219966,-1.8132877197099517,-1.4918888824938168,0.1302498981386679,0.3325694246835292,-3.317484795029332,-1.315788426057008
3082,2.357092561088228,2.442727876442026,2.4785893822435217,2.540750914750198,-0.4958459523410061,-0.22771391477530975,-0.578783446006706,-0.23770584889958649,-1.1558040531891005,1.4488060251992478,1.250314298256292,0.6081368810839084,0.2767158446997865,1.0668283916730648,-0.7789644761473837,0.3959405474102358,1.0597255794942673,-0.19960496596324273,1.3047186630526164,-0.7789644761473812,-0.9203056354060344,0.002676640102603677,1.1937462724796908,-0.49315722512505455,1.5808093312606954,-0.9203056354060322,0.6357988800837103,0.15813149395994516,-0.48402187136010183,0.7695491007928126,-0.6847524378529641,-0.0936721409208703,0.026150562106922827,-0.011705552873686782,0.1964328795187506,0.44939914993492935,1.2469548185363566,0.9856080998158473,1.6724524377501149,1.3848193218164526,-0.10019617664059645,0.12438254723924329,0.12325005760130252,0.24807382272634268,0.07492490638815089,0.40369911855169444,0.28106242323680974,0.09167861473824224,0.11935594941479975,0.7136840815223962,-0.22612688197148845,-0.06215164676382324,0.49945130641869734,-0.1160274055850124,1.2379719096160458,0.841706440475239,0.6498808473497538,3.5340700908507103,2.348938817501497,1.4054374939228056,2.6695426622525447,2.2830632255557375,0.5438808386901975,0.9802358357989512,1.0439373542407313,-0.3915466380101535,-0.6558728215343781,-0.5113345621462929,-0.9288664055014396,-0.7452919491127682,2.012075947976126,-0.5659490889090294,0.6121271481795338,0.02436460248383333,0.6175888274027215,-0.11695396616158839,0.3513526663606062,0.1699049151742338,-0.41374467685407623,-0.38886583955167925,1.0389224504106143,1.156214858453538,0.3578228010830614,1.3837525585625619,-1.901781120187643,0.9047948356498947,1.4431729216154416,-0.6060267133143091,1.2594035631434706,-1.740960790402313,-1.4177781887813292,0.15099439074687449,0.35085599993857697,-3.3558630153210776,-1.3086928224361658
3083,2.49990822571851,2.482626961927493,2.378002717891811,2.255293514139987,-1.5709714333908316,-0.24551375474879022,-0.7052100428227666,-1.287819479607372,-1.3132231423007863,1.463065630786669,1.230968399349159,0.0034430844705437354,-0.44185761521512495,0.581334158064289,-1.1381901634353582,-0.646787896942212,0.8413507489559146,-1.0984337858930235,1.1617197793936778,-1.1381901634353566,-1.2020826321707798,-0.8090560642917405,1.0194825071604392,-1.254595824912798,1.4788078625328365,-1.2020826321707756,-0.30646025890614287,0.22153077675254096,0.5603485977149467,-1.1296367225727963,0.12078098086505157,-0.7158567217920065,-0.6153859055047951,-0.5333394081081352,-0.3000693510045179,-0.03438515624878756,0.917789478478827,0.609085946037558,1.3860524697425392,1.1202362783426392,-0.5916932386492768,-0.17087118823096767,-0.28218662021895796,-0.131264105062226,-0.2548946134788943,-0.013880423203442632,-0.12002665041428132,-0.23894416973658536,-0.19464505953755254,-0.8620573653600611,-0.654667332038435,-0.03504519140888569,0.29552074648130483,-0.04105232095825355,1.1381294500345178,0.37881359984068275,-0.8661461582622606,3.4394771684902343,2.30295457269957,1.2595061428680683,2.82946788563043,2.3124152082453566,-0.5250773251182426,0.5778597823214782,1.3065707281315202,-0.413286442346396,-0.7035451129872464,-0.8288679764766488,-0.5873313965359962,-1.0483414415982568,0.7741499444070284,-0.26341155524929993,0.658452511143935,0.38469307682674725,-0.1699953614376581,0.6094557030541482,0.40759404396645604,-0.24769005799560512,-0.31465194960509557,-0.04082969365360406,1.1834543982698769,1.3058740569347747,0.31096408619098603,1.2955423871959342,-1.9374386691188588,0.875899841866858,1.6555938895605662,-0.5382535643127363,1.2096247302592302,-1.5779087874888351,-1.2811555225870506,0.16830312252700314,0.3644474474524404,-3.2957779501340574,-1.2826868467677337
3084,2.273385232555274,2.4181267180296415,2.3609654856154414,2.407154741680501,-1.687425205279024,-1.4870475528928078,-1.586657355172166,-1.3775163515491,-1.4287887331791151,1.604582391747986,1.1778753635166173,0.3383334355151173,0.021689441101182535,0.8173641271873441,-0.865960015852951,0.4887096454776227,0.8023317776597275,-0.19258052435938747,1.0531093676812262,-0.8659600158529505,-1.1668127745435284,0.09337614293616332,0.9413840912579623,-0.5580254571763046,1.3809595062757414,-1.1668127745435293,0.0004625811118455954,-0.16642250637901979,-0.7497546364657605,0.5853896649263183,-0.1236542789916655,0.08113903654651122,-0.18658502448134912,-0.12201188805393397,-0.005787604951883228,0.17384559209915584,1.0699188452864938,0.7777759656396002,1.5247131558778728,1.2830621775491662,-0.7881910256536178,-0.4278932370624978,-0.4615655861509301,-0.3629551222637731,-0.45193165710793143,-0.25000914153183657,-0.3511237506246301,-0.4290547828442223,-0.37985947355517147,0.5555185118249378,-0.6052724171829041,-0.0725362847018512,0.24194567853499804,0.338258074500279,1.3613424219594377,0.3237437125600215,0.1806787856658374,3.3550296150030534,2.2858489139480476,1.1247791505577955,2.83663798185218,2.284554389952082,-0.18176875166146061,0.828691586292898,1.3985144253476853,-0.41595163042294553,-0.3098005296813706,-0.8902658867686514,-0.7924891852592542,-1.0785988442876564,0.5258023023281273,-0.8233449721163059,0.23269862343099884,0.8403329093315407,0.02264225543502051,0.42706931064762194,0.38944959850907707,0.2496807763106485,-0.3386218443861309,-0.2319579465474291,1.2910283868512393,1.4209163982507278,0.30614802523055196,1.3026865114846362,-2.0605186393821007,0.8798968444423371,1.7063219099296387,-0.45363968734444565,1.1460164486065478,-1.4008783540585972,-1.1236525996218345,0.1947298695490293,0.3780353341222099,-3.2238989125819875,-1.2570360373483345
3085,2.456564579555324,2.6126246707389753,2.5671003787954856,2.619150288132482,-1.4255216051828323,-1.6816636485130265,-1.6063081384712112,-1.4147636671717303,-1.4376996530134618,1.5473927630031574,1.1600849049407935,0.7492893442520109,0.5587357748269747,1.1196874015909948,-0.23145857391224087,1.1442133979766338,0.9219635972792941,0.6151418121688556,1.0226230805360073,-0.23145857391224028,-0.8584594094373992,0.8803173855522408,0.9667535883248229,0.198765817860416,1.3085281649536131,-0.8584594094373977,0.8135505116664113,0.8482298959972446,0.7458768553466812,0.7272929057816695,-0.21659816192624556,0.7752713193987062,0.3579946498285421,0.3467961913947056,0.4214490519676049,0.4721872008017859,1.2883884040521545,1.0281010147673093,1.7242928727594586,1.510227670279848,-1.0555634016101776,-0.7566929429094917,-0.6789148849582496,-0.6639146791465821,-0.6892606444167242,-0.5664900005900413,-0.642123082263552,-0.6773176545991756,-0.6234646132852941,0.774269287057418,0.25258420944609483,0.22607865514242026,0.17311483597771893,0.29165440376157936,1.673182900925597,0.49131399302339596,0.880054888524099,3.2962252143979254,2.3046239114314213,1.116276789775741,2.8361807996581803,2.316783929529022,0.34327493705266504,1.1051591766725772,1.3830653676045586,-0.45562120542552387,-0.3188493028309047,-0.8910114905797202,-0.8671882048905842,-0.7024514040099882,0.8581877599482928,-1.030344313692433,0.23273624176480961,0.8326460268724273,0.1173145320850572,-0.09839713902616799,2.6282472437476123e-05,0.6121404435493887,-0.4396925022418601,-0.5352331245067795,1.2949316554926447,1.4318988141336833,0.3621591908861397,1.340738036446487,-2.069662328622494,0.9181672608723838,1.7306207266220783,-0.35974883636769783,1.0792429860375825,-1.243871356273132,-0.9824527850263466,0.22460005201061195,0.3912144133479879,-3.1218857263813886,-1.232332011492084
3086,2.5410757639072097,2.584226918907967,2.615969922948195,2.654008894309571,-1.8682269964908507,-1.4043569083397047,-1.0871614020518128,-1.7057026821791315,-1.6000170944298733,1.6182908654726929,1.1471238449365622,0.8732477316100292,0.717240093819477,1.209929806028889,0.14718065627250543,0.6826255730897471,1.02532819930824,0.5364702884145829,1.03835727662989,0.1471806562725051,-0.5816771517508743,0.7933892986154112,1.003301993974867,0.2825046628763956,1.2586440926927753,-0.5816771517508722,0.2709437572037809,-0.0023263948987373565,0.39636003069510556,0.5247399969353422,-0.6579509719128119,0.7093445993960277,0.46078429232931517,0.4500232516568886,0.5172798145481445,0.4997593545218462,1.309989551591298,1.0627177668161236,1.7546493205818263,1.5681657069611545,-0.6590857240771383,-0.6947469524895642,-0.6056424632956692,-0.6010469840867708,-0.6375584111631746,-0.5127857884414541,-0.5949527117588966,-0.6416375679459243,-0.5861404521166146,0.21105810225600263,0.7441742910112978,0.3413087844863474,0.07791747046484553,0.36374168346239744,1.858328216432693,0.42609003473044715,0.023155743571822415,3.273684270204006,2.314086359620087,1.1154892810005401,2.7938866928216886,2.2997588012036334,0.5345938527604623,1.2031251076630298,1.3731962144096734,-0.46796291096913817,-0.6201789067967606,-0.8243851184512845,-0.9238050017283576,-0.7258980021197775,1.3698840314157983,-0.8767116778815776,0.5551915289007417,0.4597296421466721,0.26593024185228864,-0.13181110706297924,0.07963472611606225,0.45762122464420685,-0.35607623947649686,-0.08960255698632172,1.446289831413135,1.5913805066287932,0.3454457123147087,1.3778838972381102,-2.0766618585067143,0.919273720945053,1.7507090869817388,-0.26616767484864085,1.009558542649973,-1.0840004448054559,-0.8710682571229177,0.2585289663249745,0.40348371228180246,-3.0031458096273944,-1.2019769763231103
3087,2.675211438684412,2.6478586819533607,2.7793217461092556,2.7157045124517136,-1.9159457117851213,-1.8921615521435846,-1.9985568017670976,-1.8443657513233767,-1.6856824227183536,1.6151651304934973,1.265807478454788,1.0413937655515513,0.9308280460575616,1.3337605085785096,0.42519118865030486,0.5001843362577755,1.1366157591506512,0.581176764581413,1.0875955212896555,0.4251911886503065,-0.30356405771709455,0.7983461399658119,1.0604720077463234,0.4368946927960452,1.231078541341922,-0.3035640577170957,0.705486631844307,0.3654323966053021,0.6035401836883,0.200138879777895,-1.2592992293469631,0.8250833092030676,0.655614255568314,0.6082737043395299,0.6339481391040321,0.5673013669352045,1.3628338326174847,1.1334003243779642,1.8109100573163905,1.65398230419325,-1.5340032069152292,-1.32827326090567,-1.2240071968407442,-1.147342010453268,-1.0922099276165798,-1.0902337795144046,-1.132119230874131,-1.0905043079730687,-1.0290559769025829,0.30920565379709336,0.5287422030692748,0.2436475729229693,0.3254785193056722,0.8137120990093888,1.9286730361402964,0.49600939630915586,0.2957444727203483,3.1894158323160937,2.3601806632469695,1.1657646691846772,2.805172909034937,2.344757157228995,0.6793400444325898,1.2710369475605727,1.3576276834305505,-0.5299580908184875,-0.16688248295472968,-0.719534164198333,-0.9761486670930489,-0.6331326488341721,1.699064280749752,-0.9513551386357679,0.05018138642363805,0.763084407686072,0.4507900540499142,-0.2986775446357254,0.06973899613432705,0.5658835623565607,-0.4594556073907437,-0.39605975797628445,1.520972258310387,1.6770327922039894,0.4035419838437102,1.400509577123808,-2.0477407014183346,0.9594441302497424,1.8214257093732593,-0.15431267854588565,0.9326759369964122,-0.9233817045700092,-0.7168354346240692,0.29566695301992196,0.4171785575360097,-2.897371609648975,-1.1679252210950963
3088,2.6977010766084875,2.6386418268646117,2.7129615100648503,2.7328714901995825,-1.9641442561086098,-2.0536952803743764,-1.947478592372144,-1.7436645480216266,-1.6029931160296182,1.55884770272705,1.0671213075150199,1.144378489845225,1.0624251127807864,1.4074699319429196,0.5396921807884196,0.20525346125608787,1.222390561423296,0.454750376302902,1.150195972928752,0.5396921807884204,-0.08515329219320138,0.6270715535527017,1.1157812461256478,0.4262910602296953,1.220865755466262,-0.08515329219320102,-0.11134471657768528,0.08444272119365104,0.2022186778370765,0.18669619766893555,-0.9642103049762283,0.5878552907082599,0.7290367963985569,0.6560582795185658,0.6549541313165524,0.6292668406059414,1.3702375668666074,1.1471283281390952,1.8253325068155295,1.6964903352815022,0.12813077449758634,-0.6061040094101453,-0.5655936119185823,-0.5572323649215771,-0.5659079447924279,-0.5159880883542569,-0.5892718686339973,-0.6536581664781193,-0.5995205607384759,0.17104443754150683,1.097099913234068,0.3366752718191242,0.7515132236409768,0.9966532095613733,1.8235934602317259,0.46225667165396517,0.29398898524778555,3.1104367692175185,2.408258510911973,1.22908341914312,2.775801884679438,2.3412208559531607,0.8125645506056857,1.3355315507112635,1.3471360519378692,-0.5857381924067213,-0.36071231004062965,-0.786282379484565,-0.797610090915423,0.0575842474124593,1.8425145890900556,-0.8869817859371636,0.24575364481491999,0.6685116447724082,0.1466058588018858,-0.9302148007921196,-0.7028618075980277,0.8373914770791644,-0.6230620656881505,-1.1474525061924359,1.438650648309303,1.5936973166047566,0.4551685817916832,1.3999526129772,-2.0887193775276534,0.960551508866365,1.8422915389542263,-0.07425813928700795,0.8373124804421233,-0.7749859768224185,-0.568118275066682,0.3327665242897104,0.4250706592717398,-2.7776972274745253,-1.1338996416528397
3089,2.68796696394679,2.616312946483321,2.622985125323146,2.5727177099968515,-1.742745996825993,-1.8789363060645061,-1.8964639481126488,-1.56981985886534,-1.5875438392349355,1.5644093926032443,0.9386758842259334,0.7983771288878975,0.5965367046639086,1.150762400115701,0.20471100554884888,-0.6024368358450661,1.1660477993162937,-0.27604807330359027,1.172023364358001,0.2047110055488505,-0.12484302917646083,-0.11366118931338533,1.0928695023446693,-0.1530980760658966,1.207745655551154,-0.12484302917646127,-0.20901140909498123,0.035407759415099875,0.08905346237145803,-0.5281033210918868,-0.5821806392176675,-0.06682156692900167,0.40667183072434615,0.33215646323049747,0.35201527126973975,0.406730939258195,1.1756106828569417,0.9363820534350598,1.662779616720025,1.5583949347470347,0.16191203716932434,-0.6020759932438078,-0.6261110130584563,-0.61329969727109,-0.5882971547898209,-0.583202654407125,-0.6497860035576113,-0.7037519929113191,-0.6489538068292507,-0.434043042051531,0.5566767958177068,-0.04521980706398273,0.33553417859432705,0.5922501375795285,1.6666360591258476,0.33579922031269005,-0.44147744400268357,3.11850809955728,2.3945414622936965,1.2448564132524271,2.73960759570053,2.3280579610390184,0.48506568352277396,1.1544877399572389,1.3376224993346642,-0.6463614991764893,0.33312168747518695,-0.7180623502569056,-0.204529462759636,0.41339674987681024,1.704319774361359,-0.9267102172841744,-0.5195205643037579,1.250669886579693,-0.5392583733938531,-0.7155437200625216,-1.0163331614807358,1.044700527747967,-0.6390512940327067,-0.7625334284231062,1.4188648255014455,1.579987945898132,0.5295518582779297,1.3352471305234759,-2.0372623692255942,0.9033645686384272,1.8190001291225835,0.006983250492268087,0.7352564601048687,-0.6584065094993797,-0.38374618563301127,0.3672943314256344,0.430676358472742,-2.6760577631842373,-1.1002444636136108
3090,2.497575104754023,2.4778000547619032,2.5233846810227893,2.5046470381697046,-1.789492877498517,-1.7644471641538275,-1.8311010320048766,-1.6508922924444094,-1.4837037369966335,1.5307332270142315,0.7841838664760344,0.7167693409192489,0.48812346907484494,1.087445837092073,-0.10177339110518742,-0.5504393613899875,1.0817129543497388,-0.42271032503664213,1.1570278710024153,-0.10177339110518777,-0.22351792080801683,-0.2828507503657222,1.045897937385795,-0.3337481648559755,1.1871872507937222,-0.22351792080801638,-0.26343494543292395,-0.4458989559666536,-0.6077552506277607,0.037818447349376755,-0.8001402609577017,-0.23669985247217812,0.25197190564173805,0.21989691360304217,0.25232027660077055,0.34098897850598514,1.0806580655394336,0.8446159051337568,1.5884154617352715,1.5092530850109815,0.31353284331024145,-0.41804272585450836,-0.5105734865341113,-0.5451837526701707,-0.5193885457433803,-0.5306986840040585,-0.5955797878636682,-0.6606543378565619,-0.6061705271175081,-0.1453870228582659,0.06499664025494456,0.26197085481514354,0.25361992060038535,0.20736675332928795,1.7178427463767187,0.4757667795109395,-0.059947414240668094,3.17036963114398,2.34509368757231,1.2019752688362157,2.725875081555441,2.5112832294543765,0.33360190890574704,0.8724824559900264,1.0409909205566286,-0.6910812960222689,-0.2428478937237455,-0.8711684314006406,-0.6908833228558355,-0.15300398653801003,1.4671656044617332,-1.075131316251979,0.09209708263585148,0.892863424085846,-0.086771000549919,-0.5635939171743715,-0.5529945883848923,0.9039472971308686,-0.7435703673113773,-1.1868656725204063,1.317131244125444,1.475364015178357,0.5708746874296597,1.1869698410242038,-1.9409308747149656,0.8064807669736063,1.7875444257594428,0.09232215774649637,0.6118351560869847,-0.5747820716310685,-0.22570832058376783,0.39532860763371,0.43275562141194107,-2.608706008145388,-1.0588134100447486
3091,2.483168969493972,2.5046063773878644,2.5449703056549913,2.559637550309524,-1.7422681394994417,-1.784859333882697,-1.8235315247875554,-1.741236316306385,-1.490093708937089,1.595197300065238,0.9625065239552306,0.9050838241078417,0.7547579454764817,1.2156334434801197,-0.09946423804402323,0.004172461161033449,1.068879042423599,-0.0560605376660006,1.1425168147840172,-0.09946423804402356,-0.20629024473578325,0.04959338122278037,1.0341317806943622,-0.07401220879683541,1.168227013188417,-0.20629024473578444,0.1753184352305172,0.2126610223857579,0.034967635457764795,0.39220890554242865,-0.7807715288284172,0.014437505887662986,0.3497389346758721,0.41942968555468785,0.4081133639588334,0.4834956519052036,1.1300870668828138,0.9147417946240145,1.639413533586388,1.5871005719451752,1.4314510555661524,0.5384035887879624,0.2062159134551019,0.018252217028839127,0.003468555386375576,0.0064379096799156675,-0.08860763909618442,-0.24463965166612198,-0.19693470407444721,0.28314541643721425,0.10315785067402247,0.6896174863329891,0.3833182845163398,0.14500036908253286,1.71393887268474,0.45763533318567523,0.10690673646632441,3.1635326343244294,2.334658313641895,1.2022613037511976,2.677588568139927,2.4759049445274233,0.6028242628789023,1.012946295411158,1.0377105231451667,-0.7500897088133572,-0.6783104356736724,-0.7945829960808429,-0.8403600601851009,-0.7320391985815602,1.543835864192121,-0.9515204411282958,0.5484004241655578,0.37335490526175213,0.18983358607055437,-0.032181705387420004,0.11104435561021678,0.5092261813713346,-0.7301209127987902,-0.6909339074759565,1.317521309851038,1.4821594887596397,0.6327071815454284,1.067536217650267,-1.8064355645599324,0.7464284348894605,1.7538839448357264,0.20997907909654503,0.4896129937265197,-0.48927701067122525,-0.08619375616239085,0.42736375742195515,0.43952189937192193,-2.542100597335259,-1.0165588981811697
3092,2.545715680844749,2.5002604915775732,2.461992122813452,2.3712284895153175,-1.8395535145176287,-1.8724076877331175,-1.9797410718549793,-1.7005367431824887,-1.566723255568508,1.7004232718133947,0.6697730744567593,0.4168734539687039,0.09007371546283127,0.8625269415512483,-0.47765998648799946,-0.6786103673538743,0.926318816594765,-0.7291614616370276,1.083148002104928,-0.4776599864879998,-0.4124150975209102,-0.5903212717461465,0.9431433199062691,-0.6671955662541502,1.1336624109888565,-0.4124150975209114,-0.21934671391781285,0.09004247803686251,0.34539629052403226,-0.8395623365177811,-0.30524374835968154,-0.42824595412710303,-0.10779193879284445,-0.0017817483608551464,0.06959903576556213,0.2005639876985765,0.8993221449773814,0.6627494237097393,1.445449745828483,1.413662762872629,0.7141444540898674,0.654799818526281,0.29148547078091785,0.06960916447935453,0.03027815868643192,0.011377655604985803,-0.03584548946717441,-0.2304040554112467,-0.18321224644653894,-0.5727711232782996,-0.36483288343492043,0.13282148322181825,-0.038260557841740275,0.06433009441581787,1.4443273888483033,0.24383421622869997,-0.8326704357502958,3.1161386672324634,2.3189715364245465,1.1557916678963693,2.6415509328511377,2.449585794270153,0.16931409268908892,0.7896466766368525,1.0447815840528918,-0.8016154916574719,-0.7464060426520274,-0.30267048687877474,-0.7204796089848873,-0.8954430844526404,1.5556755792105614,-0.9608166870667095,0.6093045506372461,-0.3308501795063088,0.5885066887360834,0.29272938305038976,0.6855197969120211,0.4374807007090833,-0.7342313915601754,-0.42733437232349636,1.3854821992111324,1.5583599899807181,0.6772198549359096,1.0679058111238324,-1.7904411501621302,0.9401770062225108,1.7568461635529036,0.32788812239291804,0.34499044554636166,-0.40118891407505197,0.07290001854180242,0.4635182682308771,0.44022224759360484,-2.451956243474157,-0.9767267646446669
3093,2.2980455197310867,2.341290071987481,2.3634158814376067,2.4219948878866653,-1.3609534655918178,-1.8951807924432693,-1.5693491918944171,-1.5941720333735405,-1.4122995838266865,1.5716140081185066,0.8047648237513405,0.6092323872479507,0.3725677796406476,0.9894564689456719,-0.4659262761197102,0.0207260692016133,0.8746801157649985,-0.26174396724262533,1.0256586013635884,-0.4659262761197068,-0.45993070727636426,-0.13627640247642717,0.8950067243227166,-0.35070360593696376,1.0958162131892315,-0.45993070727636537,-0.29430994661921167,-0.5606543013174748,-0.8764453957175229,0.631044310649916,-0.6456398933814497,-0.04041807395578043,-0.016377861942198934,0.10779856538584805,0.183230692175775,0.3090800236025746,0.9450710374451178,0.727168110016722,1.472644211326856,1.4866778991057397,-0.4376705457153349,-0.14110031852205435,-0.28502808701487753,-0.4353540539019488,-0.46637356876403263,-0.5229936376321311,-0.5594574986127212,-0.5905109218793735,-0.5908947300202912,0.25843816089899097,-0.3191091396789785,0.622885926784247,0.07589487111007284,0.4796322066213474,1.5415663731338707,0.420245924142128,0.5571796963136265,3.0508045022949655,2.3168762929419215,1.0448984113092958,2.6584166204425115,2.415407949679466,0.25640392092388375,0.9189460005881113,1.1671009326317487,-0.8281942219614326,-0.6033559386670341,-0.7606047970718066,-0.9613095838437844,-0.9903879653470311,1.150496082312061,-1.1483528774210763,0.44785159691768806,0.40495882437625613,0.38958580932027964,0.145945950275303,0.4118426755375782,0.560407913063525,-0.9103770016341985,-1.2231840653817456,1.2384297516951137,1.4071776823631617,0.7355792256198376,1.195752923855232,-1.91407943558217,1.2348280322386616,1.754999425642859,0.44109905525374477,0.1962228085624728,-0.3396715615972048,0.20075378966641708,0.4957724714331219,0.4425798074786003,-2.382905531416406,-0.9443280366125053
3094,2.399335010293116,2.3773060267235397,2.4156793296148935,2.394994588898149,-1.327794973712338,-1.3922972847042936,-1.4147189140161196,-1.19310787542222,-1.4710079967379543,1.5449167003145476,0.5322498820604217,0.6346299624763924,0.41118552244661455,1.0032632885547734,-0.45134174408768013,0.025927329354069287,0.8256672242449973,-0.24977727341084519,0.9703384445881524,-0.4513417440876805,-0.49835281814739457,-0.1103025096120767,0.8470180482197838,-0.3518758766250506,1.0553967148078802,-0.498352818147395,0.2885913569954857,0.24384191896690052,0.4913901290070413,-0.0038182639172344925,-0.7616221122469246,-0.015782187919262242,-0.08942212855684652,0.06759093658588171,0.1567049318858332,0.27410292870831454,0.904019035620161,0.6862695911865203,1.4246670806037176,1.4787549452581423,-0.8013510525269945,-0.39557189214629024,-0.4517824503306366,-0.6304212833260006,-0.6396622805817815,-0.7109335710700376,-0.73792081505187,-0.7114206585576635,-0.7317152109395123,-0.015132332444541643,-0.09699415337772606,0.37498715960241286,-0.10166526130116539,0.24977305634672634,1.3753715653617602,0.3152164909141042,0.04092953517321136,3.0016692865522963,2.3116391783593055,0.994584409109249,2.6788955047218503,2.3824416412842035,0.11812297395651022,0.9358939452480133,1.2984475734581538,-0.8790756859275111,-0.621157695649536,-0.3914866978365562,-0.9848285074676438,-0.48795697665613785,1.2840963256805409,-1.059160417604632,0.45430753465236584,-0.09467689372915454,0.8400093771783237,-0.48155504361286655,0.18874296370827862,0.7316599520169059,-0.8221125639075555,-0.2837247757207807,1.2897322696768811,1.4664374039992163,0.788601640240655,1.2108599251049768,-1.932900553270668,1.2270032497156085,1.6737723891404295,0.5499040108731443,0.03654237369518731,-0.29508833838345716,0.3550412347096448,0.527314331239835,0.439144649955711,-2.3156180662222026,-0.9121468947121942
3095,2.3306406939378292,2.3358260555910135,2.2046793170935826,2.1754394178046144,-1.2149694404275335,-1.3703744744133048,-1.3154731267372326,-1.127313467475408,-1.4209050682900795,1.4511590568621653,0.41352028821416564,-0.003057777389170234,-0.44293247346867026,0.5443968465808481,-0.8577885276904013,-0.7319557758758272,0.6338346018653792,-0.9883459178593491,0.8668104960751143,-0.8577885276903998,-0.7729546689087464,-0.7887342245161155,0.7108940414196107,-1.00977898133693,0.9942162859061022,-0.7729546689087459,-0.7478064004635053,-0.08846782771301637,-0.19107445841923984,-0.7865699067227354,0.32314831257733506,-0.6010052174750717,-0.5893237934721188,-0.4792396032915995,-0.26236347381536734,-0.08781770116341384,0.6276763864288397,0.3772070775211664,1.1837769545263823,1.263520450272779,0.2516330962590366,0.5355249784553313,0.4798477670527494,0.04230955124789394,-0.08054117217287121,-0.13518517861269094,-0.17707627783274424,-0.18313190414533145,-0.29151022765193874,-0.7280224101320623,-0.4062535594820089,-0.2692693628699445,-0.052124379380933346,-0.027505623989869738,1.386761867082003,0.28382929526077677,-0.46928420492067113,3.0129755141304964,2.256894437517518,0.760240040975234,2.6594796282518596,2.350617065330313,-0.4773513024673352,0.6564528996387475,1.3522406440107948,-0.935257333957863,-0.7405346630219464,-0.6186290954065489,-0.9728556767613414,-0.7452429794165133,1.0415377459120343,-1.1384990465017946,0.5694180587362447,0.08652378794786603,0.5668414867891953,-0.16113247374296474,0.27113673794624726,0.6741168404588029,-0.9487901122683425,-0.7099899712601146,1.2374972537220708,1.4170526875845098,0.852560553224616,1.0875368193478028,-1.794323375936566,1.1924597014256557,1.564450519344879,0.6487285644441284,-0.10750561739678201,-0.22336213768777394,0.4468686005778706,0.5494009909593397,0.4345021639527184,-2.2677339668772656,-0.8730026803496608
3096,2.2332844888432044,2.1819367035555857,2.2679711642365312,2.1649568212990675,-1.2259453388610564,-1.2383404409357948,-1.346768069801486,-1.096791025429724,-1.3820724721278819,1.6006053405232585,0.4268990319808715,0.04982593651654561,-0.3586575827636904,0.5756374683808912,-0.9381418636300818,-0.14717298395666745,0.5073375018757245,-0.6518699622905657,0.7539298882666855,-0.9381418636300803,-0.9227056163963627,-0.4338630600278173,0.5999253079738319,-0.8234972431270856,0.9218480371446148,-0.9227056163963582,0.32092236433310656,-0.5874417491478582,-0.3222047477037642,-0.35971449378406284,-1.0434052924569563,-0.3725645463855054,-0.5125066357055997,-0.4739066722777206,-0.24979805299522034,-0.08114563172393975,0.6007444321095516,0.34887419778324347,1.1531195318691951,1.2674456070519164,-0.5320421894226292,-0.2819476597913458,-0.24901957235090735,-0.519024244538004,-0.5429906453736194,-0.6212795544978322,-0.6491892952925596,-0.6012319955056018,-0.6625114843546787,0.015632575784946964,-0.5452840296226976,-0.35153829635753214,0.21877114717274226,-0.0024707513155308902,1.2852793745487285,0.3394889741528229,-0.36807453267850226,2.9852071054949825,2.222672138004855,0.5433915846748565,2.6352326177083683,2.319870085605598,-0.47844501254749955,0.6857621679870932,1.394495647463807,-0.9374164626579777,-0.5639738597088857,-0.7167628427818399,-0.9859708437624679,-1.0206234334035698,1.0515749163196604,-1.1697492935936533,0.37746240912892765,0.3879958689737359,0.47376256268929706,0.15376009623960113,0.48026061149110105,0.5610615036928495,-0.9457302908912395,-0.6781734475543445,1.201465405604468,1.3779749528817176,0.8543527825279644,0.978511535479697,-1.6257065041285406,1.1543788453414232,1.4274033214276183,0.7354918631037187,-0.23927878153555346,-0.14590576181393658,0.5153991141674826,0.5730488325855132,0.4297427753084006,-2.2283917775181408,-0.8321218492354657
3097,2.1538995767299256,2.0974669992721537,2.072709839464232,2.088650219347337,-1.4337358616276896,-1.2632891330729696,-1.1006532407175968,-1.2609122956694738,-1.5912671689443652,1.6699785672036715,0.6866371560482045,-0.11723878376310261,-0.5770683990367483,0.4535643935445863,-1.011489404411801,-0.1349721224687023,0.3738982432877545,-0.6878996623860897,0.6323893309946113,-1.0114894044118006,-1.0687280002875748,-0.42641786314487273,0.47909836792760835,-0.8968838385040278,0.8384670169721995,-1.0687280002875752,-0.7176458338886565,-0.3051580583286999,-0.26260752461029746,-0.35634199776026765,-0.3235351370403546,-0.4667617934701567,-0.5821399376836995,-0.5842646832989641,-0.3590725819092336,-0.20795060019593348,0.4983668851725158,0.2287501977607894,1.0526972388436682,1.1994344641441508,0.06106006319354609,-0.10168656897592623,0.008879540333642265,-0.3168066225630221,-0.35529856525729153,-0.4510803665337587,-0.48791432888341213,-0.44408399197768483,-0.5357276204469194,-0.2340963956769947,-0.3670233774185482,-0.5787889004256154,-0.13827996449297889,-0.26524704078888595,1.042708609452706,0.35396641285758723,-0.40520267070548405,2.9520865099807696,2.18729472203721,0.3388837000206556,2.5695375464619468,2.29014166189095,-0.562703840537274,0.6123572821085219,1.3504290593171162,-0.9922221056705215,-0.4005276416785078,-0.6559240727678926,-0.9014842979416406,-1.0499028198611111,0.9005889125493177,-1.1418194183120924,0.1864537696672904,0.4676983875187921,0.43594216351824716,0.2804479641199629,0.5621913247526641,0.5208397857472415,-0.8424256539303308,0.29214316280713387,1.3945112432746862,1.5863790211890516,0.8956018059819149,0.817649390404513,-1.5052984653949364,1.0937764835905401,1.3488080238971263,0.8068183553677908,-0.3477228632491264,-0.048656785242257285,0.5909541023575723,0.5960251993280212,0.430882698469914,-2.1859757247505365,-0.7834936656523339
3098,2.219046729761383,2.2496536986866347,2.2596623873504327,2.2592061206839165,-1.1228843081219744,-1.4601451537802166,-1.2509577274010333,-1.1405229030130473,-1.4920440290027033,1.7342081018041542,0.6669014896839451,0.4419823011784914,0.28018383879772507,0.8043405047205131,-0.52277923644654,0.8803380792375948,0.42598925192758996,0.269152851688811,0.5695191642893799,-0.5227792364465386,-0.8884787232736826,0.5149598255146266,0.466354606039649,-0.09401673761714151,0.7691918140044344,-0.8884787232736814,0.8222365005775906,0.7427487103990944,0.33751862012931383,0.1965865145294206,-0.5832436016372902,0.29483603114683726,0.0056778709503398405,-0.0798158034896869,0.045018820520796365,0.10248747616381455,0.6912681364392907,0.4450604904555178,1.2132002110491176,1.3972211994240156,-0.02231862486543557,-0.15040494556271727,-0.03591009081293245,-0.31410613701176915,-0.368938533246783,-0.4773319437949512,-0.5072562070003481,-0.45696070706812647,-0.555007145263347,0.6966587103385636,-0.13810041735197065,-0.36020206131003407,0.4561549991729949,-0.013462110038845537,1.3086034619944038,0.48014074241534876,0.500952167070631,2.925504190052095,2.1677555907979174,0.15587629926418722,2.5264612721033477,2.261377347795002,0.016697306506491188,0.920509114165387,1.3471911448536547,-1.0401775630053602,-0.5509419020783787,-0.38518707472364694,-0.9253651506311213,-1.027905339259798,0.5170457275335126,-1.1254442921923722,0.3371321734287672,-0.034199488967723984,0.7790287551773251,0.2271310287564866,0.7624553503279784,0.5190897948374208,-1.0887007807444187,-0.9101043751726183,1.2964599996536332,1.4892753930263054,0.9646734948418487,0.726384555136608,-1.4828590730804454,0.9936589231629094,1.1551622665645123,0.8957863612973053,-0.4776694233507987,0.030792022308668603,0.656254122520155,0.6255135315162611,0.4310215191549325,-2.1271006057931414,-0.7500910054569994
3099,2.209332211201988,2.2868119830078624,2.2745875029618356,2.376196506473241,-1.510568159953625,-1.2584316976065355,-0.15935537869337407,-1.4995815171853537,-1.6540552740072632,1.8116988349211216,0.585664050417665,0.801893250653509,0.7697111925175816,1.0462578112744638,0.03166201343289538,0.9977016024325518,0.5566554477986594,0.6759732029029353,0.5730190105601076,0.031662013432895986,-0.5745260091970263,0.9041384221713288,0.5156742200436483,0.3685174462903372,0.7242919976352575,-0.5745260091970236,0.1307557569044798,0.24306511058979566,0.02841612104868526,0.8749728659250383,-0.4487201103910381,0.7607297962345769,0.3841078834181341,0.2855999001750986,0.3409130885039112,0.32439051277644054,0.822636543703828,0.586469975737084,1.3191301026514524,1.5375570426308796,-0.508756631743741,-0.455809872331628,-0.3959133299100029,-0.5055604251392587,-0.5594999542654556,-0.6726105384058674,-0.6971382010016132,-0.628569363072617,-0.7033409342269473,0.5047950256057181,0.13694603811168485,0.03810411241357668,0.4366398669894487,0.002087534447173882,1.291546193219814,0.8300919076269164,0.2827254280836505,2.86637940328826,2.180718929932029,0.040768792981885085,2.515157073186141,2.2521001071379505,0.373875189368233,1.128329997287756,1.3734231951658167,-1.042439088173376,-0.7171468718376673,-0.5950075480281543,-0.6409891706974656,-1.0562145338828084,0.9203605652449657,-1.012186837503514,0.5163465168657781,0.07753060103886524,0.16677913231399055,0.5725799237337051,0.6195588894498303,0.39685548723366526,-0.9188890921599827,0.07696622233059822,1.4514341698912745,1.6488690336922496,0.9411571678566475,0.8906974208523185,-1.5341227035258096,0.8739782547723749,1.0365951320713906,0.9990694661039128,-0.6071260228442722,0.15355577121620753,0.7216199977319312,0.6556509822616002,0.4274547384893508,-2.0735902549708403,-0.7016695078800208
3100,2.368267733860753,2.2902985704084786,2.0240390896735283,1.9452169896652918,-1.5480105603384755,-1.6904445543373414,-1.5812793799328642,-1.519299077217585,-1.6107938482630646,2.069890496247266,0.18373505571453339,-0.48269491443611195,-0.8288336798979034,0.07723717195194506,-0.6932478815277522,-1.2987654614638444,0.31083280892838877,-1.2651826693482058,0.48990125352011765,-0.6932478815277524,-0.9020611435766084,-0.9447835817963566,0.35433329898426963,-1.1975062007219333,0.6542155526468363,-0.9020611435766072,-0.9594706702474681,0.09184413559258857,0.7482486597336179,-2.2273908314329187,1.2539856446649005,-0.7284563744252481,-0.7037450899760401,-0.7010522404726831,-0.5490175216957721,-0.43508304160796624,0.2874467411970383,-0.03299715726833892,0.8571884189807758,1.082858745899935,1.4050773701251706,0.8402126255619224,0.8749624032940908,0.6863597708978161,0.3682851559521734,0.24081594181228191,0.19895185369951499,0.22151830684925963,-0.0045953450215271766,-1.5504847106672492,-0.3124815306900476,-0.5682323600437925,-0.4499058441798263,-0.2422943812351713,0.8831622390816761,0.3840511873170966,-2.159739265037028,2.811203171065275,2.151746950142904,-0.14598852177387683,2.4941245818411235,2.2498116871391516,-0.8556112019423043,0.46982291977897583,1.3678218948751797,-1.0675585729138743,-0.7419449676913302,-0.8424799075250724,-0.6376813093738962,-1.0496996734185613,0.9277858132026814,-0.5413089522474809,0.5372160410204351,0.3775456730680102,-0.12112627795849738,0.5693309728093356,0.40889167797555903,-0.04765434762100585,-1.085901297637081,-0.8963042220753167,1.4079171680764786,1.605130190507749,0.9639952407915862,0.5272374772010154,-1.2382369242316233,0.8126920391525012,0.9590936116096537,1.0618814093807107,-0.7250268999435464,0.30985985992938236,0.7519115137420536,0.6855664715137042,0.41929365362433574,-2.0049566768348077,-0.6547421616992718
3101,1.8939992181574246,1.8460746493854845,1.358833480956628,1.3153594869157441,-0.23303691341752156,-1.5174174507313214,-0.513441654340022,-1.2183559348275599,-1.508384000013387,2.0983723335845514,-0.05772077104583142,-1.7095292366213979,-2.042706371763174,-1.0458249144222993,-2.302481300862412,-2.8727373137177805,-0.32923044119423356,-3.2311070765040104,0.21212578480638206,-2.302481300862412,-1.8738127455167068,-2.7877266614987297,-0.06903863225622221,-3.0896733053834007,0.5085553707424265,-1.8738127455167057,-2.686047849120238,-1.9119692836768207,-1.924781582839633,-3.128671646454812,2.94830984744525,-2.5380256546874906,-2.1892545403908836,-2.125651649945264,-1.8415856959799528,-1.5336626096169215,-0.4908181575511742,-0.918740049583786,0.18529730796712565,0.405041113686387,3.262368935929785,3.2301465164505485,3.1408959820775064,3.3104247569692076,2.497702871297794,2.4626148632569262,2.3537595771997815,2.3654611767314475,1.767190124695449,-2.373225107119534,-1.581550300284902,-1.677042192472915,-1.4082098531177603,-0.8303174226191551,0.3929376567195169,-0.043353504823900615,-2.3824138965215687,2.5945068527224042,2.209828456874382,0.03140799536380322,2.2038295487503796,2.2774567987280823,-1.9901817171071734,-0.5487999322391914,0.7430305210039873,-0.8772516279203075,-0.6438906329605945,-0.4196031816926873,-0.58470401713026,-1.0392388026118327,0.29696592530027044,-0.9692891766659132,0.4786317161405308,-0.08105979749784924,0.2909868383539167,0.6156676162564583,0.7471464050712017,0.3629010596307932,-0.9312382548966772,-0.5378044084836485,1.3337305729780067,1.5130805743900388,0.8624356131541704,-0.3705965122733688,-0.2979229400553803,0.12031966755987332,0.5962953235396472,1.07611734884671,-0.7821015372432057,0.3752784031236101,0.7300335585654152,0.6995753813434019,0.4111214838002513,-1.9395309186704492,-0.6539473328298556
3102,1.1391781545480555,1.4372832166165106,1.0282656980125366,1.2921863034856518,-0.6935989655533098,-0.2947087893641479,-0.48361311475964314,-1.1434893116310634,-1.5572835322484337,2.07116210867362,-0.0663806396514134,-1.720874997085646,-2.0513431513806424,-1.0626195817129414,-2.6958876448015094,-0.7549361527467319,-0.7422931451222304,-2.07570299001911,-0.11684053449164071,-2.695887644801509,-2.4087933999584363,-1.5843487885037728,-0.4101055081203689,-2.467743734104677,0.31984940053549854,-2.408793399958436,-1.4114049172195657,-1.8452492890910963,-3.2074902365538085,0.7949970467165193,2.5412091211878773,-2.062716484906844,-1.995538603104229,-1.9704324075767128,-1.7986807926426587,-1.5210103816173448,-0.5281421301329634,-0.9585931069310833,0.14446122579587675,0.3839134354034469,1.4282629708759533,2.0535920243487125,1.97310073629629,2.4382626715923323,1.8989776189379874,1.8957271683467583,1.775369505738275,1.8628509268406719,1.364068482260659,-0.09985648170037921,-1.510686752116186,-1.4864672797012928,-1.5456960349585753,-1.0918112589264866,0.35214115657317907,0.13129772280615076,-0.056201535813912254,2.432015224943055,2.2425447511876233,0.3019102776891444,1.9974484804985573,2.266915560217938,-1.555487992848692,-0.5855603714711627,0.34034667505432914,-0.399946804928294,1.0313680419223472,1.2722556907151825,0.9003865371927335,-0.2887135030903912,-0.4814278959913896,-0.9088780980941912,-1.2159307885027906,-0.6587353861584173,0.26929383461155393,1.326473083595377,1.3508313974863706,0.7112834268260536,-0.3556526896667138,-0.04570404811099796,1.436305991324772,1.5584418031439204,0.3534405783530271,-0.921722278854203,0.24559837967260198,-0.3804284396147636,0.5391893759531529,1.1030607575539007,-0.824014505173798,0.4749411164180955,0.7351494031945975,0.7095765613275473,0.40204768911588357,-1.9090369706194534,-0.6370139162670232
3103,1.4059961976093571,1.4632491885623333,1.4783949122937705,1.5065146929227602,-1.3392832415505331,-0.9453782974829261,-1.185362115969574,-1.2037507607958318,-1.4593582331238573,2.1406925756312436,-0.010851428793951401,-1.117862633590447,-1.2704486326261561,-0.6429181136831247,-2.0118748234983337,1.204909921284423,-0.8210386310336791,-0.3994585667815186,-0.3637583515822933,-2.0118748234983337,-2.3418988323800534,0.13566501163410064,-0.5703016467175605,-1.1592418368880084,0.13490649654007625,-2.341898832380053,1.9386707071035643,0.1229307936076559,1.1862000207655057,0.49752935900942924,-0.3884945793159125,-0.6813816463488898,-1.1614683986572656,-1.2175139097374925,-1.285547794473727,-1.096394751366404,-0.2783742210019165,-0.6711298669335003,0.34863975262873814,0.6234509463235658,-0.9394000349930306,-0.2548101769345123,-0.17451133340924654,0.09725256833851255,-0.010157092283135436,-0.09799681813341643,-0.16455546642852945,-0.059313323775567084,-0.22946662413525806,0.8472233881227953,-1.4265336418437655,-1.246353726321525,-1.3051072800380952,-0.5271581394603151,0.572826513680928,0.2477841815364078,0.6271669291712638,2.366496716317859,2.2246082218045795,0.5209708200297687,1.9736768000499882,2.4211837045372078,-0.8764169714109626,-0.44064037479882,0.026729717651579818,-0.4690614434196126,1.0930399529209422,1.1661645750347067,1.2358921897140875,0.19171449234871166,-0.6105970732367629,-1.050523553719206,-1.2985913900860717,-0.4598907120256909,-0.29652457297678825,1.1182320932810368,0.764194760776987,1.1069022971807898,-0.5253574258605691,-1.0307809037864137,1.336198581888211,1.4548871762871025,0.37851936883554244,-1.285021285512411,0.681122195014734,-0.9022495062674186,0.2628261245795035,1.1285014848447854,-0.8835929020906604,0.5453431312813017,0.7623707038908024,0.7226204812624933,0.39157028971720553,-1.8237347379338642,-0.62298377373664
3104,1.43736061823062,1.5431571000416338,1.4930951274339657,1.638680823865696,-1.3201991408477394,-1.3093352273753114,-1.2732149306549971,-1.130455914909925,-1.45850703403931,2.237358133458523,-0.08940583806079312,-0.7665233742406532,-0.8309366174049555,-0.38907769071004134,-1.1418975805629665,1.5611421844751332,-0.7505696261401893,0.35243291577351166,-0.5038328826782232,-1.141897580562967,-2.0114015038639557,0.926489529505661,-0.6250020674081093,-0.3981420164540455,-0.0247145899999918,-2.011401503863956,0.06052379768396924,0.3739423945908881,0.13662252210148815,1.0529646060741502,0.03540239097025198,0.4078153050644735,-0.5945907226807824,-0.7383518968146174,-0.9503716700200073,-0.821294742912247,-0.12772238193084104,-0.5005061961328192,0.4664869231899397,0.7734514442756727,-1.0075745767507385,-0.3045187268687797,-0.16113007149057904,0.09545604462071645,-0.005163755911716508,-0.09465990741567847,-0.1667962416512017,-0.05349454879715219,-0.22353300367802434,0.5181920651292389,-1.4118807130109972,-1.0302985372921176,-0.9667827341829025,-0.5368036136742206,0.544988599674078,0.532519480526168,0.24360874526651582,2.306994706199784,2.199062663426078,0.6478257277372144,1.9505239985022802,2.395127537084095,-0.43959732889718267,-0.22060911355395887,0.018171762540041148,-0.4725503117719296,0.9858022262316469,0.8079061811908124,0.8962705510637414,-0.5518649955347732,-0.27667076593107603,-1.1228879359831572,-1.182362147655659,-0.09347428088583226,-0.2591291481356408,1.6362292838688286,1.247254217615329,0.7773478688964617,-0.46344601707648386,-0.5792935766866901,1.33606915531547,1.454258498569346,0.3829476740488494,-1.4079912278224886,0.8294041681580389,-2.0130441234026324,-0.07480784719338972,1.156875453182233,-0.9455307096116191,0.6183598738578385,0.7796043797766601,0.7364960063169352,0.3774937821787089,-1.7424819731717685,-0.6092864814460722
3105,1.612013707773748,1.5151781818931644,1.5472025140307915,1.4396841388408086,-0.6709573841690023,-1.1428859786674541,-0.7861041167610325,-0.8235194954638293,-1.0916992376887877,1.9171037708112728,-0.19714767189664245,-1.1271006087303055,-1.2345659744889546,-0.7090302778286732,-1.023911235607497,0.21043439625566576,-0.8428445264887479,-0.4672188467442035,-0.6293632042895471,-1.023911235607497,-1.9430453090536193,0.17226616667564493,-0.7526943033103736,-0.9275077705210935,-0.179619194541821,-1.9430453090536193,0.2278158520170575,-0.12623140791420853,0.7703495861357734,-0.9854724350214081,-0.5109625866837237,0.017630924037689347,-0.9831077795693889,-1.0826111737550388,-1.2949091409554065,-1.1457220729990178,-0.3770771570927295,-0.7893297253996308,0.2426664487758061,0.5622512119174801,-1.3940210648258613,-0.7396869971426522,-0.6294181415280508,-0.41198067473917305,-0.4336227470182697,-0.5272290110421645,-0.5742831189631019,-0.46229006189787186,-0.5661630178641829,-0.7708865809548616,-1.0126135708370454,-1.0524584289995225,-1.1923671688652095,-1.0456564600072396,0.2752368418619497,0.2750817628932186,0.0559798895863573,2.2416768102985984,2.1843478139618853,0.7647639307281929,1.9279617566396794,2.3634153883284466,-0.9950508274693877,-0.5047910564469098,0.02104007826458815,-0.5165304471685893,0.9538654368845356,0.4458647153730741,0.3412750885136753,-0.6665332679989482,-0.29523745634203535,-0.9679323744667787,-1.1574030246430616,0.3544725939158416,0.059923586910378655,1.168429066514812,1.0680695382559025,0.5678507521291898,-0.7477560250580795,-1.905209148123519,0.9819046289088468,1.0911959056738385,0.4713264446493373,-1.6501988148289846,1.14184208348656,-1.4376677996012535,0.062113156142086914,1.1713739764322122,-0.9676762243411682,0.6506669805682546,0.7987776920306442,0.7398504078053342,0.365521512774474,-1.6692419069340552,-0.6049951548703738
3106,1.3730117400336885,1.4049080967175591,1.4337417800146064,1.5070910013816763,-0.4298844387016134,-0.37258863366579376,-0.5010642073509971,-0.45163975922912897,-1.0897546860090104,2.1081926978940753,-0.15959706650685676,-0.9261653208831412,-0.9779701106835983,-0.5653465965016631,-0.6495233157262646,0.6727068709083344,-0.8306786911007918,0.05844195223946213,-0.7087777609338294,-0.6495233157262652,-1.7046003404478893,0.6784093173684225,-0.8105601558698193,-0.42356664340688405,-0.3159295812203008,-1.7046003404478898,-0.47165296938784307,-0.5122490347606461,-1.0359507692821364,0.6879483981052693,-0.4774311914871555,0.13493022224757867,-0.6163519229998018,-0.7303359849974237,-1.0594216211536513,-0.9825153334957799,-0.30083223509851537,-0.7050579785324131,0.29624675137877476,0.6406565386665297,-1.4844288593784036,-1.1010548556588033,-0.9953524305586529,-0.8050189844037018,-0.7768784362659318,-0.8726322180292069,-0.8983454223326764,-0.7906593400433642,-0.8409305827839838,0.26334420901691336,0.4058582167523713,-0.9500905477081597,-1.1960610664371076,-1.0262818114764525,0.31534267473435273,0.34601041749516587,-0.23047706482286467,2.1768595155286525,2.1647397166410234,0.9126610991762112,1.905963544292171,2.33278324816882,-0.7526683303439611,-0.37793451705501685,0.023914831397495114,-0.5298630851958139,0.4092613953903662,0.41818593241569935,0.6248104546219873,0.09184187931498941,-0.6899536060532818,-1.1040094125916857,-0.5719989250365062,-0.14705133913038945,-0.3481162726823391,0.5724704875785909,0.2510475135550749,1.1046786403490654,-0.5205000697416823,-0.17622671995875916,0.9792243295269567,1.091272479760471,0.5011607229163704,-1.7467024093898953,1.3002132705704568,-0.7802215433930505,0.2681913797515215,1.1738257798005307,-0.9995657582576533,0.6549659276933174,0.8190454528790174,0.7479455591228585,0.355489304093019,-1.6249334455610458,-0.5992903455915264
3107,1.5321484532686107,1.5332543139689556,1.589432392585791,1.6031263933664446,-0.5418133834329125,-0.4592250979418395,-0.701617561560956,-0.45673599965590556,-1.2753162917357121,2.119900696396933,-0.1453957702871324,-0.6520158136304705,-0.6269184446046658,-0.36859012889502085,-0.1464188783966424,0.9047927023099251,-0.729234360334352,0.50880999282627,-0.7263360690573051,-0.1464188783966432,-1.3305666457156922,1.0844567598107089,-0.7985791365664561,0.08187462647818419,-0.42249332266321477,-1.3305666457156926,0.6633480371536331,0.6089901924196618,0.7044496625383663,0.34231602482601786,-0.6863692754430757,0.2763962801662718,-0.20258318091768182,-0.3563151454324092,-0.7567485665519273,-0.7594437837624396,-0.18922697579044553,-0.5823044485167312,0.37855160858508546,0.7509803501582663,-1.291912967622565,-1.2530601054363677,-1.1401127089015803,-0.9916470538402933,-0.9306948510587804,-1.0173350419681628,-1.0466261844940632,-0.9377992737686655,-0.9655061908138242,0.38328398565890553,0.6671971604185418,-0.695095852791603,-0.854629393317918,-0.9990362230477198,0.4120053717750055,0.25111276339742333,0.3285730020486039,2.120899478796882,2.129530658965258,0.92580383840718,1.8845412437711504,2.3166627573489156,-0.4164416564517523,-0.21908157844778287,0.002813287023963303,-0.5918180908626017,-0.377009597311729,0.27148173430129596,0.6611451136781316,0.13491995441945115,-0.660064654795595,-1.114314022908761,0.2620683384351593,-0.7306829634511389,-0.5651914550200926,0.5614613720613578,0.08413685900351713,1.1365494042423885,-0.46700692428051377,0.5438636778487681,1.1504544552505154,1.2768164350216038,0.5554340361818433,-1.7509114849340448,1.3374275553694266,-0.676820203526427,0.3440390603925492,1.1672757759982626,-1.0181104100477567,0.6479662050931926,0.8097997692488907,0.7645822254979237,0.3447673524221692,-1.5732647970948237,-0.601529326924332
3108,1.5900686495365486,1.4941702703309885,1.6070598170456536,1.5551096880643491,0.15895183453850814,-0.17257278688449543,-0.07338448692210157,0.2370024379184863,-1.2786812872699647,2.1857427689588413,-0.1825787935310293,-0.7251294060211395,-0.7184243359984709,-0.4295979721048862,0.026001092063465132,0.3100746075748999,-0.6853030106525694,0.2194724500054876,-0.722714440045956,0.026001092063464334,-1.0695289773067602,0.7595487061119053,-0.8004235867025036,-0.018437066577900056,-0.508167932101943,-1.0695289773067604,0.07969654568050845,-0.17780868322060125,0.2630217111740593,-0.23839914349922647,-1.0631233133292086,0.049411935594972076,-0.14532514568652014,-0.3609236568884554,-0.7621870377731085,-0.802951249654076,-0.2531256018666363,-0.6322831616487145,0.3144501877701806,0.7026127174186334,-1.2577606214298727,-1.3277073068906162,-1.2216651284523345,-1.080102998299283,-1.005841489790144,-1.1014070011861399,-1.1051403662837826,-1.015469279613494,-1.0309513933143177,-0.18218878587844686,0.11469901371501556,-1.0514948094374537,-1.0108626728016634,-1.11162472899985,0.3277270456718785,0.27662475914416007,-0.34731421611581637,2.0644203714435267,2.0879803359486324,0.9376675064942328,1.8636913353256759,2.333648527813318,-0.5152711141457013,-0.32276550764174833,-0.07628999564559723,-0.6450254195466624,-0.2537576068521255,-0.08955997216982248,0.14949252606228353,0.10048600283376764,-0.5121662984049958,-1.1253603377531494,0.11605612132901828,-0.1325680789827102,-0.30109518617012854,0.043578182768596006,-0.17979332480122232,1.127983279104836,-0.6313158738906437,0.1158974128990873,1.1486258535299545,1.2860026466844465,0.6568958628825976,-1.730753381297309,1.3579192766895103,-0.6288452171637614,0.5298221938333808,1.1533666527436461,-1.037323311083508,0.5797424363348916,0.7844764221580722,0.7779485988457308,0.3334832923223032,-1.5651649317981455,-0.5959034658997594
3109,1.4910864519575062,1.4850376448956484,1.5344972240305552,1.5645752560369575,0.2051884537055769,0.27818647067398666,0.059084782351465956,0.4636121819926779,-1.4436320921018229,2.1927059101028643,-0.4096118388161879,-0.6576102852490534,-0.628055588330432,-0.383238194710345,0.1634024324609995,0.2470809172338879,-0.6335375614031395,0.25934959582070916,-0.7022499004207503,0.1634024324609991,-0.817510167126648,0.736516735449024,-0.7856698925093208,0.10195719974689496,-0.5735755913898557,-0.8175101671266484,-0.296706012802937,-0.03847836929776774,-0.4260317020820928,0.36138813872730685,-0.6474569686450488,0.1491809003842809,0.12029409641072891,-0.22424561435376217,-0.6530846615154443,-0.7321034982484329,-0.2475667764295439,-0.5971999173103761,0.3082053532865409,0.716896910661476,0.24591235423274174,-0.94902446566323,-0.8353896663798718,-0.6921247574651627,-0.6419330113569227,-0.7646817549507589,-0.7445083743521432,-0.6934183486598584,-0.7720855727761213,0.04370038244566815,-0.13664065496227368,-1.2318033389341247,-0.9888527997454304,-0.9562471164101853,0.40096712980609384,0.21404507286389693,0.01489485893168176,2.018596670444031,2.032276989985771,0.9776145038470311,1.7326122100168968,2.663019586427437,-0.1277017487343771,-0.7022253934406495,-0.9369153379758653,-0.7080206417613889,-0.6811487195279933,0.34876071659133595,0.32575685017675166,0.27670947754972447,-0.6290092490388257,-1.125115245348131,0.5620778758213304,-1.1301732319259186,-0.031757752421028074,0.02616584041772697,-3.319563680863406e-05,1.2202471403003003,-0.5889124983780547,0.8421995220887905,1.3008166410857034,1.4520938226112645,0.7230982826307706,-1.6897070983359115,1.3389966552897103,-1.136729802982566,0.6476912330519323,1.1449561934664068,-1.0385810197167955,0.48644646068438946,0.7555157970259236,0.7940637685138244,0.31865489315834994,-1.5547699554911458,-0.6000140766210087
3110,1.5807651356960686,1.5764648092863076,1.6509545062426643,1.6079346335154092,0.0983903209559267,0.35875044208670787,-0.045518965773614084,0.38847632940104593,-1.4198946257496006,2.179129307666357,-0.26697942170449895,-0.4930753579459973,-0.4038140454160788,-0.2704308695443467,0.3434746316443485,0.32365657011737925,-0.5508075056178684,0.41635014814990584,-0.6597789782277883,0.34347463164434816,-0.5386672440496844,0.8174511707098644,-0.741633460763831,0.3153343592734311,-0.6165135933798738,-0.5386672440496848,0.5048910812467978,0.4403661782521009,0.4049751189205108,0.10748780041391333,-0.8375924812067496,0.19305949140352496,0.3547898237736641,0.038942727154140384,-0.475534297047798,-0.6127028281898927,-0.20300487860599484,-0.5107544785915697,0.3386421555059319,0.770094872594315,0.29948812032199035,-0.9672728358723305,-0.8928361806704296,-0.7580120940297588,-0.686074172847875,-0.8267914744548924,-0.8004299646958785,-0.7556642921500146,-0.8201691088122584,0.1800885998245711,0.3756779197711551,-0.5161302350586554,-0.6619839218044621,-0.8490503919089853,0.5592401795872225,0.1974842976421786,0.20252580470315204,1.9879398598203648,1.9646210691658208,0.9150870716100922,1.6770497122891406,2.6217597306059233,0.16134606229071582,-0.6072645761663317,-1.0095022615960778,-0.7728991222815642,-0.7414196465790506,0.6744977728658279,0.3113418020142913,0.05712272078214824,-0.5277165928148259,-1.107718348066437,0.6116731936615409,-1.6109483160505353,0.3614059320326127,0.27276934684591214,0.5007562296588841,1.0867285887406581,-0.7745275680474183,-0.02450136636319014,1.2722693027856609,1.4273449137996805,0.7807479827379794,-1.6228111587042124,1.2881431930717522,-1.3948303335095098,0.7251467017067534,1.1251886438087724,-1.0471965633368436,0.36627800232471264,0.7149019938927791,0.8122391010303681,0.30867846667258975,-1.5517829335179507,-0.5925940830706536
3111,1.60552280339962,1.616142662475314,1.6758882728908167,1.6716430314962516,0.061551709452996324,0.16718274555196613,-0.0358583055483341,0.14544441227921812,-1.4160049577023965,2.104463957379051,-0.22939061003664812,-0.2720304684953541,-0.105148685702606,-0.11800542882039547,0.5616955847397392,0.39249525933777807,-0.433697197756158,0.5905892858018068,-0.5906967563621418,0.5616955847397388,-0.22951019166899725,0.9063833275788449,-0.6652281177215285,0.552038310514641,-0.6345700601516221,-0.22951019166899778,0.1221497757625167,0.20265664481643636,0.12312520561574038,0.32033987260269503,-0.7524794189188494,0.32006644802403367,0.44578511567485274,0.3769116805594293,-0.24968312269770487,-0.4690640954287329,-0.13428066656774476,-0.39659023066847054,0.3889882897232385,0.8419645681243002,0.49025011515090344,-0.6322282520408256,-0.8136343970588343,-0.6579812210118928,-0.5809322407868367,-0.7587700937249954,-0.7186044715830661,-0.6928096501657114,-0.7677315510234096,0.26189097580124665,0.3747595911481922,0.6371772051052248,-0.5718419721184123,-0.8537122133202569,0.625984635298036,0.33052271737112565,0.4486358874897294,1.9615726802601605,1.9124490530990987,0.8056174597199258,1.7957975965358666,2.57898066428658,0.013195076331180814,-0.4817055604334101,-0.7137852724061579,-0.8336138411757414,-0.6080551457353187,-0.20783614851196072,-0.17005880694932402,-0.13353837382937736,-0.27625448269565833,-1.0941613680023037,0.4533210049298505,-0.32543324775922977,-0.012780527974866847,-0.02700327404422462,-0.03292446368498466,0.9727790624035959,-0.8224303218445556,0.04179977121450544,1.2631849109254984,1.4231125044954782,0.8391219101844588,-1.5502140254632584,1.2306673140481754,-1.599137300639902,0.7255214679185163,1.1102394251326873,-1.0493613408002378,0.26827430400444385,0.6751149910748392,0.8286257273324248,0.2994746946883857,-1.5548025503594605,-0.5784945702146349
3112,1.7015804800697198,1.7596199031707729,1.762286803375997,1.852841836171553,0.76267334358655,0.6364589765549014,0.5841432292825525,0.9782496703966062,-1.1696674532754179,1.9713447834355293,-0.04351048098441047,0.23462527423227844,0.5364085202449341,0.2462577680625795,1.0312770936317754,0.8461255779749457,-0.20225380030964596,1.1658392990777207,-0.464111172239069,1.0312770936317748,0.23686580429239085,1.3630888505260006,-0.5065559705670167,1.1500272753205052,-0.6152187798969997,0.2368658042923906,0.38497661794461835,0.6938711419811467,0.43946352744998934,0.7912134637164197,-0.404418494394641,0.8541520245914188,0.8322992106560966,0.9109733191672268,0.2110284836602866,-0.09819517156175303,0.07965422521197028,-0.12090477499769363,0.5629522669801024,1.0489690971322847,1.4114310495594595,0.5574803398341214,-0.2532269096915065,-0.10764916741835093,-0.046647807104155205,-0.31225653633615613,-0.22665938637467192,-0.2663761057140722,-0.4179930001059088,0.7330630999966781,0.5623321904360087,1.002816930678321,-0.21684455690888232,-0.423217483581314,0.7876920724210685,0.44811143068054565,1.0451912631645492,1.9412724773472139,1.8774870088322095,0.5640197950123372,1.8196414667576137,2.53751844739883,0.5015420331820083,-0.170591393723948,-0.6170980970353068,-0.8894834389544425,-0.5911357850236013,-0.332225406987783,-0.3586403858516796,-0.15008636638674047,-0.15638489269969333,-1.104485892341344,0.4217817376250628,-0.1468414443450784,0.0951459390171826,-0.21385705972342475,-0.11865957745072261,0.9737176774956873,-1.0377287445675445,-0.7186461180947887,1.0215239001898493,1.181426230304633,0.9435086406039784,-1.4385450547504595,1.1432202223960766,-1.1655488847509337,0.61006433972152,1.1135491607908785,-1.0704312890823233,0.13102951292542325,0.606130696080742,0.8503240840406695,0.29098557654873247,-1.5759996733972883,-0.5829793828081098
3113,1.8890870620311049,2.0431344479029567,1.9730418754965398,1.9608509472152091,0.7369457238851783,0.8596098796553936,0.5684487288415911,0.8574674286020402,-0.8963009284973311,1.794846528593238,-0.13491434739978506,0.526504799128426,0.8754315849915026,0.4673193747701293,1.3751960915703638,0.6271988626866676,0.04158789916926641,1.2247150670066815,-0.2949056006911369,1.3751960915703636,0.6864884767869477,1.3114744577718958,-0.3190367423679736,1.3560757828006773,-0.5598576838472514,0.6864884767869472,0.9148848070338895,1.3572176833401262,0.8482638908659347,0.3567727282338384,0.02908174539517077,0.9697330768298077,1.0311572235038073,1.073470580956492,0.506941950019345,0.11790178476453372,0.2010428903774803,0.04365865030185447,0.660513885297837,1.1721251117531295,1.198265549600774,1.0570432810261032,0.3649638620093963,0.15979889686548918,0.24272732229088378,-0.06407141101711977,0.05104863413664288,-0.03269367575675633,-0.22197469243073129,0.44924142640087683,0.9054575306060998,0.8272577313861521,-0.30417374228702126,-0.35793889945969914,0.9628212020872517,0.6773394199910376,0.8897845462399702,1.9231272708540197,1.8459384931709941,0.401877120408368,1.8818362054840434,2.497143582974118,0.6571896965143266,0.03134119698205165,-0.4371242559204985,-0.896284656325293,-0.403225431075562,0.1532009430019564,-0.7979503018148224,-0.7365527020012933,0.10964440650330533,-1.04074416877925,0.21744845793353973,-0.5962279631425543,1.230790412452221,0.003970736374196643,0.8950299290799735,0.6049549529188193,-1.0524917214359137,-0.7852692694562315,0.7587013914921158,0.9065971951637641,0.9485830163387288,-1.311967847209991,0.9490294105689646,-0.5143072333789145,0.5117653720929042,1.1170185842195366,-1.108875235525258,0.03423179138882684,0.5458590962595355,0.8683193939483893,0.2798952456766309,-1.5849993466289554,-0.5853041606505781
3114,2.068322796136678,2.09933994499474,2.0190779340198453,1.923706564923521,0.8785909506186624,0.8029560867837984,0.5213423558918859,0.8684472390216149,-0.8617142124383326,1.7143239738281886,0.05957471948750962,0.4754101600947154,0.7984539936229297,0.43117071526701656,1.2874125203867424,-0.15082870888957192,0.1740017468036038,0.6644690662920801,-0.13602422243576948,1.2874125203867421,0.9139356235176843,0.6668604890234653,-0.18093899865498236,0.9969918806191943,-0.4862474955127987,0.9139356235176839,0.23105665173472537,0.30712035628809586,0.8178833722991488,-0.8143377501975632,0.08770829851511926,0.5436979483161236,0.8453087605119242,0.8364170759718212,0.47695264507168106,0.06916325236627259,0.14164445807191364,-0.0010587599405224896,0.6078877086594376,1.1363724991313984,-0.06953102354815052,0.2886428439849812,0.052744945432621516,-0.37715577865139616,-0.26568435374589466,-0.5128078493197576,-0.4322685578940545,-0.46145121254247773,-0.5696943487652381,-0.11362947408400927,0.8180487315554672,0.5505094527397836,-0.5287080360451617,-0.39142267750077253,0.9725277315462914,0.6151518373771367,0.11020676349895327,1.8986510492261488,1.8332184934280624,0.2993348028938918,1.8988834753289139,2.497131415097379,0.49696151710086933,-0.04003377392870164,-0.42259198525700775,-0.93719383567034,0.04855474991170622,-0.02480862984035357,-0.7703734974689712,-0.9063393619669144,0.4098796758870448,-0.7840767417923653,-0.27958105254740023,0.08002328692249422,0.9898932988238897,0.23675009297704458,0.9240349315953346,0.27064922459977303,-0.9441450616496104,0.2828113178310615,0.7210182338890887,0.8730528397828908,0.99957049164873,-1.2431495822533112,0.8686448955718673,-0.1497152680959755,0.3736684829773439,1.1173855403153854,-1.1198784718000783,-0.07647238252387685,0.48128613822195065,0.8842852264356328,0.272386411715501,-1.6204807794096305,-0.5741449224254682
3115,2.0119787992229057,1.9316761651932923,1.8810977493488923,1.8773938836791513,1.10015870773367,0.8929801058155704,0.6403141101402151,1.1475429190702444,-1.103792627934038,1.738632004802564,0.17582487425144938,0.38743111559910187,0.6633140544130154,0.37043151731556456,1.0033787379845949,-0.510620118827245,0.22604281790964217,0.2612901537799929,-0.011966899814436459,1.0033787379845946,0.9759808215013231,0.18606194067284484,-0.08781547683066396,0.6718969263655096,-0.4076056208157162,0.9759808215013227,-0.5376550809008113,-0.7231661192123009,-0.19722014197967597,-0.7742216910498259,-0.07484622941824447,0.15196490139982216,0.5863454451273855,0.6334759410560504,0.4080425457260181,0.016981050189612573,0.07176968602246711,-0.05198094041058011,0.5440509135815011,1.0912865170208115,-0.4701281908156135,0.04124584413084419,-0.09871264045305793,-0.5159567782765522,-0.421530950827978,-0.644548520079193,-0.5782945154700141,-0.5879308100608334,-0.675105546599831,-0.1510614596671222,0.6370674518997544,0.8248820640633795,-0.005626394363112291,-0.19788163210896112,0.9194378269757911,0.4719801496248198,-0.19762416906992744,1.8797430975630274,1.8059260320173374,0.1088332467301493,1.915086984696069,2.4583438359990537,0.30932876629176137,-0.07773514721231627,-0.33806358489509064,-0.9976019229799605,-0.00627521738440898,-0.40071101203993015,-0.4808598351270446,-0.8916609703338634,0.446329528022475,-0.8212291506187516,-0.23481347054098528,0.5161934407204928,0.17899275322655397,0.5379370092424264,0.5994773958131439,0.3138303363381093,-0.8418876146209683,1.4646532479199545,0.9481639136597271,1.1181062269763775,1.0756096063830785,-1.1461104922309047,0.8117923687196512,-0.009986455843544307,0.1915542447604346,1.090830833409006,-1.0982930312997048,-0.3947837156180252,0.41798987554831396,0.9029508110271949,0.26683704105013734,-1.6627580379891744,-0.5788879610387245
3116,1.9161227192202135,1.9860691723614707,1.923510471382377,2.073268413117395,1.1945734470780722,1.0997914924742385,0.9618675019478405,1.3918524826517418,-1.1831005865893938,2.009583423424172,0.07968899460348375,0.9020561504808204,1.266135365335493,0.7583458996615813,1.2230788115740494,0.4039163292318829,0.42379476827652934,0.9915974914332917,0.139661282065138,1.2230788115740487,1.2458203196057407,0.7982668166757181,0.08949565211379223,1.2754838208033188,-0.30702791918294126,1.2458203196057407,0.21398849467604023,0.29785797228966604,-0.3757456184588261,0.8199590626644534,-0.0019941781655185603,0.625150424009333,1.0194895030878512,1.0928611412612068,0.8790285836779324,0.427890266114784,0.3109817252018585,0.24492363495539327,0.736157178901605,1.3151737332702316,-0.20367405930424862,0.30370123208050953,0.2916607557097135,-0.32428990988975726,-0.2291298880622287,-0.4752202849682707,-0.38787307412919947,-0.4232701127826187,-0.5452161737067381,0.8113407382206861,0.9333537827299305,1.0645820123287895,1.2478071799615036,0.07405668782039325,0.8733489805620938,0.6649617638936595,0.10521082305860266,1.8445456429321487,1.8163027178866766,-0.017985179907548835,1.89318904871208,2.420799276293331,0.9898804024640551,0.2705442203256269,-0.33656722482259854,-1.0557388423593526,-0.23171328953435016,-0.10634532625041575,-0.9303588097925948,-1.0557076244073165,0.3648655639704651,-0.9668612559149162,-0.005910001236907476,-0.08819358556333974,1.105793824903216,0.24284931478744096,1.0121148032619154,0.3675320029079971,-0.9921827162454728,0.8914173180037821,1.019076905975855,1.198593145536238,1.1405178562533742,-0.8359026834689666,0.6761874119504936,-0.042306210370153384,-0.016363599797799305,1.0889791261208825,-1.1005851560774433,-0.7055955562063179,0.34563426244668355,0.9323122082080906,0.2568948439915908,-1.7060572830009455,-0.5897326406159836
3117,2.097222938932604,2.0691293658373495,2.0467282105797624,2.1515995994885704,1.2292403454606387,1.1290619827113837,0.9240151129851254,1.0690076647181452,-1.2764691852147798,1.9611670873758436,0.11550098073847018,1.1240765580385543,1.5021787096631494,0.9353054761505019,1.3614293053706898,0.25649971024451484,0.6186323191517686,0.9795466603748816,0.3087052724648783,1.3614293053706905,1.4814873198212106,0.7054192787903218,0.27530429751627483,1.3360071402852356,-0.18706134704777078,1.4814873198212106,0.570959991776041,0.44835023993951134,0.8494984749198923,0.2658884955743201,-0.287339664315875,0.7201784572037649,1.113989055191694,1.17060415653743,1.072412545784554,0.6202992064367817,0.40651903551979696,0.36938796936908985,0.8179013212771756,1.4123924644984354,-0.6922001940351096,-0.32450359934033335,-0.21954567322124327,-0.652510258175045,-0.5699053864402231,-0.76075042129164,-0.6896438814732603,-0.677167163936833,-0.7667353219136893,0.3640303630643744,0.7335325339931346,1.0547891947274124,1.430290189540803,0.28073750494585753,0.9247838996310187,0.4488404353058218,0.46995696293000294,1.794952005935956,1.867836041200836,-0.06579660401420778,1.8957141880768802,2.4127358906598477,1.24688022255975,0.40349391072519897,-0.33554253078976376,-1.0441436394634191,0.11380674609944447,0.2781158493788789,0.5464738868590159,-1.0412901553036185,0.2878021945680979,-0.7908296057264271,-0.37446317457762784,-0.2509574257624806,-0.40417117772106975,1.8282501951332817,1.309852288868613,0.20774996591918135,-0.96843930631322,0.9854062802170306,1.1123959209180423,1.2926711314621475,1.1312214604291773,-0.6446554116414082,0.6075406145799485,-0.16343102178881555,-0.19938658535151957,1.0851735993768128,-1.1071889671094144,-1.073277715302573,0.2635352687847692,0.9698156112403548,0.24721087446582174,-1.7345022667606227,-0.6193136701697944
3118,2.080456852426188,2.1544926955255566,2.0217992605616484,2.030277083648276,1.2760643179875633,1.2934777399733097,0.9146855631968945,0.8906829464389212,-1.2903052381262934,2.057308313459252,0.13682424598755863,0.750984256272379,0.94716257372713,0.6832346883001165,0.9758049391956777,-0.7007951297123158,0.6429153970315505,0.12432982969552296,0.42989629466985196,0.9758049391956779,1.415823403188924,-0.17984299959483865,0.36473813839773317,0.6431680040549143,-0.07204681513943208,1.4158234031889245,-0.054910527049095575,0.4702794103770865,-0.011030920370486008,-0.31622081143503594,0.4579728079241561,0.1829858418640789,0.6191042902347175,0.7244702314924192,0.8273520667171991,0.42659717446271844,0.246878382625203,0.1987560320374807,0.6838533274197895,1.2839968989041626,0.12757363018666826,0.0352980386164258,0.19809943414244033,-0.36174015601833676,-0.2931689499540314,-0.5134331042055718,-0.41183556516230585,-0.43818003586167786,-0.576772180262417,-0.42946581206959883,0.25989685347190267,0.943550774180333,0.9241953338190407,-0.10444138634183374,0.824086233342862,0.6294648977427464,-0.6622797188654559,1.7617464161450165,1.891946098281673,-0.04091817245727365,1.9693439498328544,2.4486738480911354,0.6599845122365071,0.1559058378278078,-0.2598104494971138,-1.0887057562900648,-0.09760793064488424,0.31661891782188983,0.9464403672593654,-0.819375901887777,0.36861696415859174,-0.9737771500410375,-0.1575284339765398,-0.5075574879444066,-0.8885370915428311,1.9903118217898794,1.1092024572006054,0.5018286074749605,-1.0636859585726628,0.672773593383386,1.12210998637981,1.306944854255197,1.1791892658456016,-0.4277792633383165,0.5944766509652769,-0.24391217653329159,-0.39048897653106956,1.0958232481446002,-1.0910518058259102,-1.4048820796999169,0.17605339745977536,1.0013938795301753,0.2373359227227852,-1.7924304366347472,-0.6310677084241721
3119,2.0475989744061747,2.1315372701612096,2.060516202133547,2.204279666923043,1.3128998080257557,1.376987121695843,1.0401824295340925,1.50559360067918,-1.3599831338763329,2.0232877439056356,0.008964703711559652,1.1731418515840444,1.4188163251748642,1.019492494990782,1.103398500700245,0.2371087978482545,0.8042221347764016,0.8142202602497534,0.5669953792886745,1.1033985007002456,1.5530470159984369,0.423356288203967,0.5273575104965065,1.1676675579699904,0.05462889238841736,1.5530470159984364,0.21605579431008737,-0.04124761230025421,-0.0922575045783019,0.8430919094913644,0.04932421825416934,0.6697946515540276,0.9706385797033672,1.0906572245517587,1.271057775283697,0.7997303708730098,0.4654939392875871,0.4657395307807332,0.8659788223714944,1.4898600276194323,-0.01476279239629687,-0.1267535510637235,-0.005781708964633855,-0.4502503455276985,-0.3751646472972226,-0.5870797664941338,-0.486996594107682,-0.5040074605619547,-0.6319860547295785,0.7499307865590352,0.7219945678153514,1.251550295170007,1.0127889997474875,-0.018975068247052806,0.94506685270963,0.7344967582468257,0.7994532867699129,1.7117217981243373,1.956657813700798,-0.014131583510273217,1.95968764331661,2.4144301127119303,1.2477071372517472,0.476512905162426,-0.23445662527406452,-1.126189638337655,-0.5911710046915675,0.16741123723149165,0.21419931640606202,-1.0715513739252773,0.21392702532136956,-0.834238650583432,0.36446786036022,-0.794574436514663,-0.09238851436082199,1.4902442421065771,1.2457112939648822,0.23547914316590696,-1.0620677565495789,0.9449137097320399,1.187059302006714,1.3771671142523207,1.2192469981399012,-0.20419044803032382,0.6156565157369108,-0.5896492333991252,-0.6394636032789635,1.1263727675775792,-1.0804138090894762,-1.787618156100771,0.09033023646226927,1.0384517089135672,0.22315212980747975,-1.854305629432632,-0.6492382679195877
3120,2.2878231142251995,2.2356203680659266,2.2480992981268275,2.2437196133234725,1.267532839687287,1.5287358645326905,1.2589159828875114,1.1883356676220218,-1.090075625759284,2.016797768641892,-0.05838391153492484,1.3011260541647784,1.5496046877477132,1.126845637364991,1.1157793087599364,0.027653590635611045,0.9392576519822176,0.6858464965932128,0.7055659579372637,1.1157793087599381,1.6307843697327398,0.25367453437270515,0.6785638774170007,1.0862078305920873,0.1882756601200386,1.63078436973274,0.8654346052287276,0.5677616669293147,1.1424983364784018,-0.2729072829237555,-0.5382531285207731,0.5464207462560784,0.9171325132613511,1.0602167449140372,1.3473428520068083,0.9040314339100052,0.5106850022010135,0.5422140553928999,0.9026891646989901,1.5448777875818955,-0.029142067269470363,-0.15651636334918143,-0.07173662863887331,-0.4064689316895894,-0.3670375568002937,-0.5745984434542248,-0.47507892944169855,-0.49695730651635983,-0.6267205278330742,0.22002094195551355,0.9225644332477186,1.265218701718626,1.403814840835544,0.6026121877064419,1.0668368465707854,0.891361426687574,0.21348887464815153,1.6599155328648292,2.0116248484377874,0.09227717159495677,2.0358147368995456,2.463249212798374,1.1614397561826513,0.4745134728425841,-0.17547410950687578,-1.1205998001443271,-0.2062216989702868,0.6019742978707452,0.25469271848526787,-1.0952718394077887,0.4030392144586186,-0.6852845520970989,-0.048070812771096344,-0.9818368252117681,0.3470583196914347,1.5573727121971577,1.6177277039237608,0.07904671219679206,-1.2799714865615148,-0.5585204471499714,0.9270431290375266,1.1056744031536516,1.2105021756524588,0.15457239610656612,0.561064363793792,-0.559335047630606,-0.8712027252301501,1.1770794574937096,-1.1133244966624398,-2.0430310909249174,0.016979009474778338,1.0754524566514279,0.20541999514820267,-1.90461407770633,-0.6579046530349124
3121,2.290179997431375,2.1949258164960237,2.2406353674336232,2.186325278755684,1.4899528621336042,1.3610102436585327,1.1290376098009933,1.726189802248001,-0.8921553756699135,1.920620389628818,0.20997724073407073,1.1825593700386816,1.3753608091246246,1.0470835312238254,0.8456202888644202,-0.4933328108017141,0.9742371876980477,0.18484458541105198,0.8101211416577523,0.8456202888644209,1.5363421096131902,-0.26138541186883435,0.7693665579943111,0.6560437371953913,0.31466797561336407,1.5363421096131897,0.039856067880980096,-0.11414270438512729,0.09035918013794414,-0.6120948108164402,-0.7642426535200414,0.22887886152524672,0.6046087370614661,0.7722388961207478,1.1306174442637436,0.822180961439049,0.433478907416782,0.47845774560376675,0.8331636929968189,1.4909120861306278,0.26176864968705416,-0.015316960396987598,0.07361971657978329,-0.09501250237353893,-0.22844792779297118,-0.45537239735266,-0.3475692473582989,-0.3875515472910921,-0.5428859910967356,-0.16543313533816073,0.3959377728873221,1.073581226584938,1.230570263618134,1.4195220147717287,0.9250484703368894,0.7837708433749518,0.07132430684606436,1.6210677964758535,2.0370273344187972,0.19136494105667928,2.05844446595131,2.424860521072652,0.928150663925418,0.4299302481075038,-0.06669461530216958,-1.1717112620270598,0.10584545690799783,0.6875115237778102,0.8913878426920303,-0.34818554003060825,0.618487860381437,-0.45458741932929403,-0.3956390840887611,-0.7877134099571286,-0.3967705007041219,1.361594792462078,0.914909531629797,0.2520723908275606,-1.2720508965237365,-0.08134956436836886,0.7297320368746929,0.9088298700214328,1.277292926997212,0.5431646309822642,0.7015887758827823,-0.588460554559303,-1.205217131971467,1.2297100515747834,-1.1430395215778337,-2.205171696967907,-0.06504585090194363,1.1099131364804853,0.19633485176768345,-1.9410913484583117,-0.6895974629874093
3122,2.210658971194447,2.3107791840153618,2.275485338227989,2.258288498821631,1.866171294457383,1.479870419276409,1.4239090031971142,1.580247010173867,-0.5793739289890321,1.7891741162478134,0.2996645282223544,1.3877106715151621,1.5982643470176225,1.214453204588044,0.7962965182393414,-0.08883594585141245,1.0553347007454688,0.41971082061919246,0.9080970895775919,0.7962965182393412,1.5102849748290383,-0.0591500482082021,0.8789950980361717,0.7938037431922746,0.4393011334831973,1.5102849748290383,0.22542267063656443,0.6402976952074056,-0.2771136771515091,0.23239005554645945,-0.236159520776044,0.4434071783664999,0.7168511589765272,0.8429183180624433,1.2103612020488732,0.98673761881345,0.5237994410792138,0.6057765962513868,0.904833247335194,1.5844502571774828,1.2907060984478693,1.0251689997230464,1.0034963298344222,1.097981844217144,0.5531997789309431,0.24306302486118034,0.44377054140565103,0.29437409820416544,-0.012435600669469775,0.3572998144026751,0.3921119165063513,0.908071437989664,1.2169103439622162,1.5821931076282234,1.040232407644229,0.816735888383496,0.6705893488028885,1.5791472375362416,2.1105738699662027,0.3702142335042877,2.1077636449146238,2.476076381247531,1.0238601947652577,0.47869425106604313,-0.06923238246130357,-1.2247472180663974,-0.4519407106204229,0.42491403454772936,0.6803521975429239,1.0697673165278454,0.40431632785624905,-0.5562414915370719,0.19073183484000766,-0.987246102930873,-0.41684914134508894,-0.5200161810699867,-0.7551598089565589,1.0948198204692146,-1.3872268009297553,-0.3221055245793301,0.41981095900936405,0.5981001532706911,1.3569649595628732,0.4700603512567568,0.8828074386391016,-0.4233430115745634,-1.6181823197091558,1.274676564680951,-1.133219233934294,-2.366366101679596,-0.1772712501674348,1.143375610860873,0.18989359548655943,-1.9583463739764635,-0.7438478235775708
3123,2.110025200873664,2.23151622239002,2.1581756948929756,2.2937220003661074,1.0751828119336382,1.7977485853829134,1.4197593173063143,1.567718663976126,-0.7867310896601146,1.9455350265722409,0.3847467853782872,1.5083347900164672,1.7222074542699024,1.316155878638538,0.7558440984363171,-0.07341759910640863,1.132870463728639,0.40657849156763487,1.0004175948823124,0.7558440984363167,1.475665330526946,-0.08482239392956578,0.9830617525656989,0.7592224418768689,0.5613745493432543,1.475665330526947,-0.43784144774309963,-0.291969362947316,-0.3839380161503519,1.0201886341823871,0.05361584227519887,0.3796280275719394,0.7350413144539197,0.8130551300867648,1.2199362281312678,1.0771883983659507,0.5841945569329656,0.6692119884217694,0.9369420156073229,1.6335886664671992,0.8190976489453174,0.9248750120046256,0.7812341082196518,1.0327901835295752,0.4883115591431964,0.28657705560678015,0.4520678206674144,0.26182871486840387,-0.0338770282138199,0.20955376963020989,0.7360827838176004,0.802373383409625,1.3665356402212563,1.3438600431806678,0.30938810589245186,1.21528047604441,-0.21430339925189212,1.6161043804477233,2.164575255653894,0.4306305445953656,2.080484057828641,2.437243744199435,1.230843143423499,0.5878137440849263,-0.06823996051519741,-1.2645999485223094,-0.5523286543510709,0.15017460780278302,0.640262376732002,1.4695758718164342,0.5833119963903307,-0.5307579507644203,0.28908751920157216,-0.7286998868164962,-0.6745831543999492,-1.0355887726018234,-1.3898069174896215,1.281487841595807,-1.127828303610068,1.298109809901768,0.6175502274239251,0.7994177891818287,1.3398084995708501,0.486775885596596,1.0207016928514614,-0.40226851837247823,-1.6208468839665813,1.2913868660385404,-1.1219648873143542,-2.5493988802303273,-0.241288237799059,1.177267936254004,0.18343175287553562,-1.9776324206893225,-0.7534919269231756
3124,2.3516275941663,2.372618329873539,2.3691162321856987,2.279563768729421,0.8912203021324308,1.1060017651133183,0.7198881718896519,1.1854729933853654,-1.0474734140982065,2.1703497548358635,0.38371596847029465,1.5301860035454498,1.7433984996106364,1.3344596088254839,0.5991969422901622,-0.2916813731513432,1.163432277316493,0.1708475549906641,1.0724207313618999,0.5991969422901618,1.3669171511559717,-0.3156908677561564,1.0548536670039566,0.533716466652324,0.6744850304210738,1.3669171511559741,0.9900095365535738,0.769520345469495,1.1795587665097989,-0.4475264612170589,-0.4524924460209435,0.2560389161532084,0.5899363259492146,0.6816992507635623,1.124677803631453,1.0638424441810337,0.5801817255241726,0.6595017938274313,0.9135052802611735,1.624613889671774,0.5164870661415393,0.8227658762414558,0.7526393762032304,1.0702362911161551,0.4921567779193203,0.36070836213449253,0.4943070704681487,0.29650158250638214,-0.002061895051997001,0.0015894897151630908,0.3372816827706931,0.852045196074758,1.3458131914460905,1.153699579262563,0.1924922697748087,1.5091537567943365,-0.5898679092636898,1.6728167581517748,2.198947771719369,0.5875212223417816,2.1403060374783647,2.4812485554117583,1.01627607419303,0.4997228946978075,-0.033112011428610845,-1.3111554493334894,-0.17227776845354734,-0.03850867413614563,0.8866138584461624,1.1361162267345728,-0.5383070072595496,0.03652943255651017,-0.1303270305124801,-0.11731475970611387,-1.2087716234703882,-0.3830481607785965,-1.1967313666677744,0.5658343158540022,-1.13919241620822,1.4470880690804235,0.8669879818100107,1.0595923400189926,1.3729364700455258,0.6412341477252643,1.133059334670927,-0.5502423530468261,-1.5605253179872365,1.330395340079602,-1.1133301652074903,-2.626774050980433,-0.3381274272641766,1.2111279796611496,0.17292777126616063,-2.005393236250715,-0.7542154375136837
3125,2.296991150816979,2.2980963328844233,2.345402650206469,2.2600855065398706,1.058065562649141,0.8318693265717367,0.5732641701216837,1.3163035277098216,-1.0748339676049323,2.192018752661613,0.2541204102877472,1.5410051567044554,1.7549752265109744,1.3420498758575714,0.3929002521729237,-0.38588214222452505,1.1580540200565077,-0.015833710357434472,1.118167731110773,0.3929002521729234,1.2062327849336725,-0.48758853627737947,1.0967860121318513,0.32172034866754484,0.7739448914449849,1.2062327849336745,-0.03609033453142206,-0.2880029789912734,-0.17633812336920354,-0.2682977735660021,-0.7980761977264565,0.15024755415295704,0.4135038030214644,0.5575459852988577,0.9933508075977161,1.024473663137933,0.5690548092149913,0.6391078655068435,0.881117416556818,1.606775733403604,0.19371934460259624,0.6261785286108269,0.6906233232139446,0.9657846316304026,0.4619908334610642,0.35096181622079553,0.46647823608399447,0.27107742506549004,-0.015069058863722075,-0.0310633756168798,0.20455268468467114,0.9057705234370073,1.2614445294304064,1.420790998065872,0.08734805643289295,1.7811864418236025,-0.09670643583900215,1.7041589049225083,2.2368180344928454,0.7323083110151538,2.150066171506151,2.4422579887974485,0.929150085565697,0.5124232212508921,0.05348937497967377,-1.3608981578969814,-0.541092163292213,0.008883795052933156,0.8909981135620566,0.7939545010760718,-0.8326145593473449,0.5508264412506624,0.2536807316882824,-0.5367556738367352,-1.1591389103152205,0.024418875534896856,-0.8064473367292007,-0.10424232891581971,-1.3225994346925962,0.6384757423866126,0.8887059834678745,1.0884393903714569,1.434518288106105,0.8123200736369982,1.2087318813084464,-0.7448672370312519,-1.4960248129810596,1.371909785375664,-1.127281181174483,-2.66989127988222,-0.4205588569332693,1.2398914091655446,0.15692642955835887,-2.0533219180301563,-0.7491538779823792
3126,2.1880130480685587,2.2721737804957254,2.2640868500441544,2.232792239087709,0.7674265224422732,0.9440518854164823,0.49394496183721187,0.5723037292386589,-1.2720766962740524,2.224287904378016,0.3637058981333134,1.5338790393665354,1.7453859454589253,1.336015696010387,0.17106095230396554,-0.409806198927884,1.1240840365988525,-0.16579011213781472,1.1365129594218475,0.17106095230396795,1.0083477093486173,-0.6070432410770046,1.111253147685022,0.12189973682746179,0.8565187525985533,1.0083477093486195,-0.2936027110010256,-0.05855150716808267,-0.4442801402788242,0.2115211116820555,-0.41551322662909473,-0.007949600965464036,0.27764104100844705,0.4084029126967266,0.8538026950969881,0.9707952273570194,0.548527404428352,0.6073525218612055,0.8415806806534696,1.5820350051733678,-0.2258888711155913,0.29444136830993783,0.37138041753588796,0.619988983052664,0.2421330989364515,0.16872265220303675,0.25147432313956053,0.09111693442425702,-0.15167504156531034,-0.059966746117176874,0.26242631258455373,0.5305199868728394,1.1341215977990486,1.2993062052574456,0.07502810743060277,1.5632078522884227,-0.1652486027172022,1.7254126638050211,2.2698216020115263,0.8009877958726187,2.1220491985164296,2.404738145664948,0.9312227699355484,0.5127880248460623,0.053440551635470714,-1.4082403695255625,-0.6891030257141985,0.10475787002747027,0.7698698829035402,1.2019335368864597,-0.99951810903106,1.040938076553548,0.4014393373418824,-0.8027583567332198,-0.8926601952466289,-0.5852680185508845,-1.1495422192213907,-0.3557811043631314,-1.263463035464694,1.2044855147345244,1.0771630810698232,1.2838550213921913,1.460574945869786,0.9886982647542074,1.2319184324878552,-1.0607590011867802,-1.3676924224875682,1.4126231454573108,-1.1335873988200216,-2.6929078480891566,-0.4945755405429063,1.2746297808358793,0.14734308480102717,-2.0755858648294696,-0.7553704030302398
3127,3.0362541718970264,3.002768413607702,2.743180262987158,2.7978509200488344,-1.5964231601692598,0.8501627752394048,0.3486791628376412,-1.4646863900844889,-1.072176889427614,2.2123085836280842,0.4448055420891096,2.454698660796815,2.5427203750165512,2.2105912181767993,1.4797455391352434,2.3773293439575736,1.5964577101281008,2.438246575126277,1.3138549290651893,1.4797455391352434,1.6266207659370002,1.8935018940483508,1.4254333093639293,2.3080442520380338,0.9900267931866058,1.6266207659370018,2.208756783217586,3.6776682927656807,3.9757337915028876,-1.4078501250792321,1.2131723618966987,1.9376142158975365,1.8690472927695465,1.8471556619264564,2.093003049638528,2.110573319026245,1.329167297011618,1.5003393867931814,1.4696952435209438,2.2432984760756787,1.489305753419809,1.844484023698957,1.9963223621510322,2.433538798148839,1.8499952136384001,1.9275062372421172,2.046393110048613,1.6576016433048943,1.1240960600335705,2.43262207534469,1.3788399736523775,1.4188279108234503,1.7796386038142127,2.022999388452455,0.6015313375683154,2.3070191448492614,2.335835742278116,1.7075876024138883,2.4138645351758967,1.1854078152147915,2.5147965396428065,2.8361257117335037,1.5769207966079313,0.8589792163908898,0.06862659985905335,-1.4536224914738063,-0.6648373825535058,-0.3680733266478075,0.5643496407181026,1.058331871566582,-1.028208693290098,0.8237410440825799,0.3643678912546794,-0.16986178176761654,-1.1506812850332158,-0.6375309523806015,-1.3794634342692518,-0.22538763394989186,-1.5592919061549175,-1.5742438330953779,0.8771734348908119,1.0624309846462279,1.33641244339433,1.1028294738826772,1.2371089893502667,-0.9232252259109685,-0.4267879925508448,1.4306535689546978,-1.0828791928692691,-2.6043044366058705,-0.4287487502611212,1.32305313590466,0.13526393823724955,-2.0268831096422093,-0.6957417527573736
3128,2.744276501165509,2.8071613472514456,2.6684934911688067,2.720653446230811,-1.457876509768192,-1.5593513788857452,-1.2945179546866035,-1.5554650688067322,-0.9639707826345779,2.2877585867970387,0.3288443926122998,2.293388145295087,2.3375449172335645,2.096316937174441,1.6502045697404588,0.32462737593110613,1.8205284307104683,1.1957444556369337,1.5104195849808169,1.6502045697404604,1.8368133072258233,0.6687134097445144,1.6285473427721322,1.5220849962548395,1.1405877385471335,1.836813307225825,-0.19837081822892072,-0.7356610002908723,-1.1025853931199898,-0.23244056921379333,0.4640122022581189,1.2931284136853451,1.4440160585311765,1.4995027861192194,1.8012376803350412,1.9443477250927068,1.241234069422502,1.3986667817163496,1.3838083242024013,2.1665342768188,-0.30737869328319783,0.11772112140587228,0.2633726865758741,0.5359740323611085,0.35007291376468147,0.38283158495130354,0.4413756375469379,0.27311445505318904,0.010327307951047951,-0.18367623973900465,1.1573093345760868,1.524345127655865,1.522173205521629,2.0069657086978645,0.7672427962510452,2.0001345292605244,-0.40414892702974076,1.7177333309099354,2.5150101398955944,1.5080710833654716,2.633886391040735,2.7819628692113834,0.9871763589447524,0.8090663384382729,0.43812612713331267,-0.8363728874776362,0.786469870286331,0.8831973907225592,1.6269216141521619,2.2780782843070146,-0.20988023514395782,1.9093841918501715,-1.052527148384553,-0.37680040512484614,-1.1559983502498568,-0.9448888920423675,-1.6497989057290683,-0.6148057598262582,-0.8872153607001128,-1.097997721361681,0.8454328417116012,0.9550061166441566,0.7295805821881289,1.2604998741404496,1.2082561816218989,-1.0222942851421868,-0.362301073056798,1.44082193788728,-1.027511203836193,-2.5716539418010265,-0.4579069412897255,1.3743557730875418,0.12050167488654766,-1.9749023236533616,-0.6683112870985611
3129,2.680208526149917,2.718080384443507,2.701852195584493,2.7711064960664995,-1.6077000566399324,-1.3789766470228602,-1.636652275197811,-1.5509549077230984,-1.0174956751139503,2.245342215841186,0.39087012789444625,2.380579659634175,2.398155956911826,2.1985602339666626,1.650415031884709,0.01211598820666128,1.9987081138769864,1.004870545990004,1.7036816590318142,1.6504150318847122,1.959579188567345,0.42781034997036665,1.8124700772655866,1.4220892948160637,1.300871266234229,1.9595791885673464,0.2743277455297367,-0.25560890858706237,-0.15331680609960607,0.480593008925472,-0.3473738682557761,1.1579460857515573,1.4743480274011544,1.5427116724784773,1.8232137029464122,2.056415370955868,1.3303664843565326,1.5063515720087275,1.4485758166264144,2.2429896382368164,-0.736283741301159,-0.35552104048913774,-0.2289675537647012,0.027193693073259362,-0.07002664843441896,-0.05186429980723733,0.006246697340327905,-0.11842263576379695,-0.2993274475404027,0.3572785019956043,1.3530321168898698,1.3444581267575701,1.697213544673065,2.103693821201955,0.9350306722645304,1.3953850020937366,0.4189634946148395,1.7222498458271887,2.6162904872684485,1.7999068415994788,2.589577998611061,2.7303630123583145,1.3166750261225852,0.9823790679053285,0.43882112294742176,-0.8974196666679368,0.625844945629044,1.198066130655738,1.3151950074453773,2.383615853467883,0.10207014340538226,1.6425319697219931,-0.8927224096711549,-0.9404980685025183,-0.39440352776057835,-1.424465794525483,-1.5242793592149313,-0.2970826301567513,-0.8477986515049982,-0.5159460650293257,0.891666152848283,1.0074630263563293,0.7791907731346784,1.3682725315589581,1.1933467989810653,-1.1740569988495506,-0.2837808991546233,1.4375194133772085,-0.957151775684543,-2.5388547513314497,-0.48083453506247764,1.4331915222030553,0.11344710755859284,-1.8969530625635553,-0.6556567163882805
3130,2.67040339322465,2.700393745544188,2.6144546944023954,2.6015044045928537,-1.1813216995032205,-1.5800476951793831,-1.3928783812105587,-1.361340767323545,-0.9002760196082277,2.3619201889712955,0.21885311370558982,1.777765189769282,1.608632329832078,1.7788663301870986,0.9995596055149754,-1.2142026344353545,1.9482854601288015,-0.18564820323921447,1.8137879145409466,0.9995596055149768,1.7074609653342705,-0.759828103697949,1.857578101268595,0.42511107286898653,1.4387739160139887,1.707460965334272,-0.2452693137997064,0.08297488565283341,0.1078812020593509,-0.48234832007244977,0.16587905516305398,0.17352819784267548,0.8583088609756949,0.9445691016750016,1.3331668930107492,1.6890704166412978,1.116891017635641,1.2559759036451303,1.2583968907202476,2.0608648673062624,-0.7202734306998712,-0.4342540080495575,-0.30096649423238203,-0.05941880322658714,-0.10067424981175845,-0.10399606892499856,-0.028268095201641186,-0.16212201131381623,-0.33365203010586175,-0.5701822330864135,1.059344743671946,0.99631877709514,1.5269147442945321,1.8179450420794638,0.6592966056989231,1.3121282185714997,-0.8977032390744197,1.7759901116659287,2.655289582142779,2.015031045678874,2.545785491566565,2.6809046619618546,0.9191150654192155,0.7717796095564657,0.4367059819518042,-0.9409364676462634,0.8806660701148518,0.9783488943912857,1.5768006977630975,2.558157346995454,0.4012547505821819,0.7726194153484222,-1.177992588018422,-0.4141222466581156,-0.993211017151151,-1.376838497183215,-1.9010805694775004,0.6526588535175855,-0.9950809838781358,-1.0005808826375224,0.7719268005581125,0.8935929066837275,0.8539843800270023,1.4786655810677498,1.128704937728456,-1.3802356410838066,-0.3102533910845689,1.4610992057851724,-0.934328844114894,-2.467318267338113,-0.4868651939905999,1.4906259324330882,0.10179052041258302,-1.826304353043462,-0.640532007621395
3131,2.4574030182219277,2.606692761895059,2.48329293786543,2.6924317873728283,-1.0889009738733544,-1.1768439538026647,-1.3449811527584878,-1.1131167675488636,-0.9865472263419794,2.3167170412457248,0.13638146483497868,1.9584357926664444,1.8076661925643729,1.9465158032820564,0.8318509620799783,-0.3148537212558202,1.9888070531477493,0.2976599546036997,1.9004997898256037,0.831850962079978,1.6027978955464905,-0.30752510458109317,1.9373246465807896,0.6984445029436787,1.566135967180403,1.6027978955464914,-0.4661192100268922,-0.3084683000355942,-0.8550595323122036,1.4044423963407828,0.4785942206658566,0.1967235538358094,1.024655078813615,1.1274184592417988,1.4689203821675607,1.820853202913234,1.2647237428249902,1.4144716598866562,1.3673220337566843,2.177026669485938,-0.8452619131800897,-0.5907526194213722,-0.46698438535876063,-0.2404402591602799,-0.1563042774672343,-0.2526505144272229,-0.16638783836261312,-0.30038345549849016,-0.43283731712329054,0.5206512926743242,1.3800461194329794,1.2898752225330994,1.4068417331938663,1.8960032893637044,0.7536056120107163,1.4458445505380855,0.5717753157910056,1.830837181828148,2.7004898266200126,2.1029264313167544,2.503785913881476,2.6336548212876534,1.3769815764308113,1.0111329380213092,0.43459415014756964,-0.9664176868877759,0.5037718375752758,0.43970395666851436,1.3353417944097457,2.1153548537769034,-0.031544791043574306,0.4804653962587258,-0.7800339257802558,-0.084003369102955,-1.2773188249178133,-1.1190410231082422,-1.8701549525802572,0.7019908050123357,-0.896421673995651,-0.14254608733925514,0.8541354203929921,0.9811181235709809,0.8863926817758789,1.5912757418399581,0.9847231227418252,-1.4426896908874944,-0.3472490143382345,1.4829378911502644,-0.9129989611225378,-2.4550794204273965,-0.5344400258440883,1.5480515986577446,0.08623576160930528,-1.7556367460064577,-0.6291545881950249
3132,2.698863463455292,2.6330712757137023,2.593624280306739,2.5430385326110976,-1.0038902702418797,-1.0799277383848205,-1.258727194323582,-1.0273742053365007,-0.6440180735660748,1.9760953445203056,-0.09165610924120368,1.4745182293376382,1.1957808513459867,1.5968047532748224,0.24233063791868778,-1.0921419603971152,1.8692219522405762,-0.5674281539507658,1.9152799717459121,0.24233063791869103,1.2452624942299158,-1.1233068327589295,1.909958596579802,-0.09911508090163629,1.6615265459095598,1.2452624942299177,0.6343755483011589,0.28870438578042446,1.2831030488959978,-0.9994829987577182,-0.1362751479292481,-0.24560879466307323,0.4769995952621023,0.6357424707828658,1.0528866082411,1.454770208173706,1.0691897506811572,1.190799048241556,1.2000871599830905,2.0097385677348267,-0.5841390171254172,-0.6945306163007011,-0.621376558986448,-0.3929935578710994,-0.2343893340903853,-0.39767084582553847,-0.3173190193690121,-0.4357750711051004,-0.5409819333282871,-0.5085008647786253,-0.2033263112767138,0.9118729777430972,1.071589020673718,1.448874549266173,0.8358821714984681,1.2847663163576895,0.3863991208806101,1.9091751991542116,2.7037910661576214,2.211012009316695,2.546157031062103,2.5884481258770293,0.7664093546567331,0.8260661176094614,0.6330093070913925,-0.992863780591952,0.8999125077502776,0.7994938030720092,1.1215103025933748,2.1927605621146298,0.09317337183660651,0.6277992443561307,-1.2149276828380486,-0.17105581827625138,-0.5935143363603166,-1.4599367290893102,-1.6790194653782078,0.6140908119128462,-1.1845828524465487,-1.8270067209469951,0.5145695524860665,0.6378996993211073,0.9191536063726324,1.6415065151916919,0.6671435460782887,-1.8249074511089776,-0.3682882005807846,1.4668384327339719,-0.8923636543797383,-2.6498415971676965,-0.6317618192920904,1.59157617554003,0.06512732408833755,-1.6903243799609382,-0.6150053575213446
3133,2.3990109098765067,2.5045381095402086,2.459216779474007,2.5316866590443263,-1.1195787413019453,-1.0126938612509275,-1.154114862474893,-0.9788753998393868,-0.789869084132524,2.1893180043171374,-0.34934649405299234,1.5209693817273888,1.260357825125081,1.631681337049223,-0.0842203781538781,-0.6019384794725144,1.7754749952350013,-0.444321478747315,1.891661411740389,-0.08422037815387488,0.9418439643198764,-0.9599844823067396,1.8759305611109467,-0.15636258884199358,1.7297674009321504,0.9418439643198773,-0.49154553023174125,-0.5080332380850113,-1.270146714390064,0.791798109365016,-0.07122506815150186,-0.14499473915598743,0.3824581488771675,0.5389004920376598,0.9828165607364957,1.3912000368871913,1.065428732990588,1.182663639555689,1.1902467570499065,2.005576844362663,-0.024866160084260146,-0.45139638668259563,-0.43354629418089313,-0.1640009783810437,0.0024677703873654372,-0.18074576749756843,-0.08028600132939845,-0.25193918781122676,-0.3855236965139826,0.07055847021561178,-0.06716177586165707,0.8514949994884546,1.2585271773904514,1.312339470965555,0.9112568590921947,1.215761382970496,-0.5400922428153181,1.988578472425635,2.6993484624656863,2.1980043412722723,2.504174740493193,2.545136095847474,0.8766238666511613,0.8811127300647758,0.6297660839181645,-1.023536537173357,-0.3887932050467869,0.29761483249905724,0.5673037377517327,1.4841617225162167,0.23976121367016195,0.4263311044105108,0.16862745016946934,-0.7908029490292804,-0.4188361073902635,-1.1977189077069434,-1.3279692877274667,0.4173463156400734,-0.9227413474617023,0.03962310190461348,0.6544882333305081,0.7833818007812301,0.9414904292355326,1.7010130607633038,0.03810580049565546,-2.0212568752687803,-0.3776816000528998,1.4605849159824071,-0.8834033915976532,-2.9086957421341166,-0.7475789148011767,1.641764147319369,0.03565202764469177,-1.633082487571024,-0.5973108785743032
3134,2.5906316355996495,2.6144307990120708,2.641759676549327,2.6223740872260666,-1.182821215190066,-1.0434733351440642,-1.2685285914960704,-1.104622043080013,-0.7938293627719827,2.3617914567677505,0.0603122410741124,1.7376430151216005,1.5294314961312543,1.8141385162561963,0.03319414522455665,0.21586240449235355,1.7945632911824927,0.16129887273891774,1.8822988335259192,0.03319414522455808,0.8406312690976718,-0.3231034228518954,1.8954294636661226,0.2501445668675041,1.787931171550124,0.8406312690976725,0.9873763162340972,0.726003402112292,1.0486494766256826,0.17295036856047685,-0.631539931009612,0.389741479258813,0.595079854982728,0.7505804855193826,1.1543544432108495,1.5497082754801386,1.2125582455557689,1.3465984037201364,1.3033859670591483,2.1234402693819314,-0.38875983347477305,-0.666357111829045,-0.6436781678021417,-0.4383716379414104,-0.26776531877921494,-0.4452493634916214,-0.36529070900161087,-0.48547137216828007,-0.5775192035696342,0.5298532541924141,0.024805812373100842,1.0786945783293178,1.1709524945902547,1.5292362012665561,0.8794907724167677,1.1989716812175597,-0.0049257427909117895,2.0351584393682316,2.719552994209628,2.2578313730528343,2.463446947074146,2.5030334529621374,1.3419397949296803,1.1233478929696945,0.6266202285026446,-1.0776995754213445,-0.7191122015917446,0.12557495961173631,0.8117025171598414,1.1700419314456902,0.37729013067376815,0.2957174510705701,0.5131782245529841,-0.8917565755303921,-0.9329603121291371,-0.5574178126106343,-1.131992741767114,0.36975550097225446,-1.0554045192759334,-0.5167356245613028,0.652273433492845,0.7868265783884046,0.9911608473306133,1.7122661261434478,-0.15542936664253174,-2.0852948564158837,-0.4205800342507304,1.4836217943994543,-0.8428984742377242,-3.0880237996483144,-0.8300327135774579,1.699238666048128,0.022150979507915922,-1.5846968336797116,-0.5816883305106471
3135,2.5664591033856534,2.6170882194233616,2.6483292394662965,2.675087246330472,-0.909973901287512,-1.1557241503412334,-1.1007669055849265,-0.8909161431932215,-0.8455172024232547,2.2663085627800865,0.37608026270742856,1.8716668992213508,1.6894670837817016,1.931501883251303,0.22530488838193216,0.35355112870606,1.8496843774047214,0.3662111312557638,1.8950992373011952,0.22530488838193358,0.8161996733675364,-0.07746996135872278,1.9353980832449014,0.4154797964931503,1.8425373178174913,0.8161996733675344,0.17125632102531832,0.17611040302775008,0.02751186324286828,0.6728287275661065,-0.6666830924530068,0.5692008171160133,0.6558963542440789,0.8402649998698265,1.2191871630395084,1.6098142299139973,1.3089353312216105,1.4515430542077634,1.372862867674864,2.1941466503304614,-0.1355712792132495,-0.537076419708798,-0.5356831590345792,-0.37148392460467,-0.18899087965912217,-0.36946997640300655,-0.2878291062222493,-0.41998802741689023,-0.5239883378777739,0.3714067576908747,0.5344122446601525,1.2523865272845531,1.2228176022018185,1.7019102686147096,0.7709245634551388,1.6274349353679267,0.5609716610142791,2.06611908892151,2.7502120907957863,2.32994129974243,2.573433574861548,2.47412246112408,1.1910198262888545,1.2792023969182194,0.9674625987850202,-1.0999089820432741,-0.769673727804295,0.43714605114901933,0.6985701388635679,1.4915262759652832,0.33492715043469407,0.2517277357252657,0.5627772399237922,-1.3639301776715425,-0.4404688316507129,-1.076770168144431,-1.2330949318700444,0.5949583713258616,-1.0501188064438727,-0.20421608775614294,0.7008828410922651,0.8412024982753495,1.033437278670132,1.7035160056513243,-0.18945544406216172,-2.160593885132367,-0.473136649866557,1.5258071995004356,-0.7871281314002602,-2.978559767366928,-0.8607392944250641,1.7514772756161734,0.01568385501903419,-1.54058610364776,-0.5659818394635507
3136,2.6222480638611336,2.5700725792681554,2.563470271307705,2.502047445135873,-0.8446906207151921,-0.9269437739350013,-1.0363857084388346,-0.8394958031559601,-1.0351563682642575,2.277726812763134,0.18866257133156814,1.2551917874652987,0.9005461898244226,1.4855385083765602,-0.2229475570159248,-0.8240038700080669,1.717041451535122,-0.6719726797350338,1.8567936474894118,-0.22294755701592342,0.49317531437274414,-1.0229282297361666,1.8626108013580138,-0.46269642661161947,1.8696891209846893,0.49317531437274076,-0.25949660891110227,-0.08916299815644942,0.41508052597608897,-0.7930253209160469,-0.37585711052886345,-0.0529086547607977,-0.001836892507066604,0.26638389294048115,0.7565496070554044,1.20017595020309,1.078768527723626,1.1835191318197353,1.1732176796105174,1.9964611730677788,-0.2895282543183958,-0.6215939839812888,-0.6102084954018948,-0.4910898205911966,-0.32853344229241727,-0.4861073144228212,-0.4183674184689497,-0.5234105374014688,-0.6096002841965273,-0.6386204871495922,-0.09145091732129944,1.0019049318876172,1.043454345601983,1.1968692792832856,0.5683496173950641,1.3223726109942116,-0.698715499001053,2.1294506560905018,2.7358903465781212,2.343707860889078,2.5388945107921805,2.4342876183595585,0.7161917193521515,1.0357898387755347,0.9829247920504528,-1.135548852418429,-0.4049091606880313,0.7459116619858129,0.7793626046671527,1.8232308686536385,0.15486653529278235,0.899275577002383,0.15766172706169942,-1.4171943661724637,-0.20401562227119746,-1.4029281490032595,-1.3555025866361785,0.16700265456375465,-1.002906645585787,0.3750581689544539,0.884031245622013,1.0323073219028218,1.0740645229882122,1.6858805541679343,-0.27515503371255223,-2.1595439525466817,-0.5232603111138165,1.576518658581311,-0.7704572253163011,-2.722609716556353,-0.8567824409738882,1.79945569278903,0.006051611392715935,-1.5028511312603556,-0.548184937937592
3137,2.5407792213390725,2.541103299978524,2.570143520177714,2.58374222972509,-1.1897353972540388,-0.8121121383919039,-1.1467011003070007,-1.0481170259231594,-1.1007886480272673,2.3985491694672625,0.23383096465174819,1.4734398573223018,1.187934245784156,1.6591993113860795,-0.15366682688964894,0.12742370742650647,1.7060303072031915,-0.009002230848200461,1.8273286252962047,-0.15366682688964758,0.3886597759683504,-0.33144891287470607,1.84804557754857,-0.017940698018453518,1.8877143002926624,0.3886597759683513,0.17397639662521605,0.0006685695811839358,-0.2532809387018871,0.25446250528763403,-0.6601754862840549,0.28828426751727215,0.3401051927494902,0.4528509402069817,0.9316737774512359,1.33780155444562,1.2184890132791635,1.341755297638645,1.278465074104003,2.1018173703165157,-0.5838468207678319,-0.6276895039503793,-0.7464440901762014,-0.6742062410248838,-0.527289130434441,-0.6530113161183568,-0.6174513182369298,-0.675054103918328,-0.7362280237047281,0.49970011091222044,0.45161889435055086,0.19346637908605202,1.0918393212394695,1.2371451779262106,0.7211505880803791,1.3233527824646654,0.09434222276297993,2.2031502171979866,2.7238182866945944,2.3608035583553093,2.526583243528858,2.4048303375973186,1.055718484768356,1.2479352953927108,1.0315021982036174,-1.1455687603544595,-0.7196132005283067,0.4142548333213476,0.5002923844512731,1.052521514912255,-0.19147497067782088,0.5564489624251231,0.4962432947928435,-1.2889442309244452,-0.2053036585837706,-0.7574190848448388,-0.7987318297638498,0.061955874643989,-1.0854519273333525,-0.26689045778272097,0.9482732420745797,1.0952095600045046,1.0591086337490285,1.6617739578729682,-0.2461043259137227,-1.9717482566317146,-0.5576491014177983,1.6169916006565805,-0.7394825441423675,-2.6427960461057007,-0.877504039865403,1.852044689788591,-0.0015168404258423223,-1.4467772072170066,-0.5248245226006055
3138,2.5466552260778967,2.589570470364151,2.603191344999577,2.5890018030343893,-1.1688970377663435,-1.1961225769420678,-1.3858968039272919,-1.2504567771507968,-1.104857230802547,2.372559498272026,0.3779911492891764,1.5519976858651527,1.2930965907547614,1.7196064556201724,-0.08839453163469714,0.12004910742598786,1.7015841167845958,0.025390947963058227,1.8060090396589745,-0.08839453163469756,0.3110748955446434,-0.246169177472763,1.8361830231215828,-0.0005923265957546008,1.8990807048605678,0.3110748955446486,0.30665204887808106,0.4211792354812154,0.16866266394129428,0.2656524494379855,-0.5539542227219565,0.26666047340764176,0.40324673146790213,0.3950211363986749,0.902916993107177,1.3097375123693267,1.2425789459325551,1.373822599502538,1.2923575964195293,2.1159380218953743,0.4517620111711668,0.06936933721266109,-0.23526114922115088,-0.23942879133326822,-0.09094588146013742,-0.18203959965927413,-0.15116926257151278,-0.2892426776481456,-0.4239462696027473,0.16154469315546555,0.5006622097129362,0.34001252621764494,1.0722369601909634,1.4347632654379834,0.9230318588336782,1.2729800513445337,0.165951227048814,2.2471788048925183,2.7237396634870157,2.4200059007269834,2.5754423041505876,2.4272661841024963,0.9310749850721867,1.2395240855808496,1.1182259387309545,-1.1678698995453949,-0.4905751957464904,-0.5855103833896443,0.5528006412159591,1.0168444139153432,0.040868853083711125,0.5001558523324856,0.24169845437910453,0.2994058718534379,-1.4303401089700503,-0.6580464525266548,-1.5424784445890543,0.09600901766834634,-1.1448699471593806,-0.5086366654632866,0.9504643481188447,1.099522012748386,1.0831667148602415,1.658941908997311,-0.2143338826180099,-1.7498467723807294,-0.5689850332301934,1.638350942699301,-0.6755710193707252,-2.555532124919356,-0.8812134317700078,1.902684432751727,-0.00322661031856311,-1.4020686265631346,-0.500003430962507
3139,2.525190803387284,2.527304465837963,2.583660516717526,2.5292736545540224,-1.2387984298890002,-1.117788877584687,-1.296301234770538,-1.1989428024052626,-1.0512597615376635,2.442527360659547,0.41542517001647916,1.4647418154869318,1.1839433755303137,1.6518387349789765,-0.2272873802139954,-0.2550761697671771,1.6391084911866454,-0.3030195887948997,1.7698403999581453,-0.227287380213994,0.14874724006451304,-0.5124237029955846,1.7886373637960882,-0.2894530914491689,1.8974335575507708,0.14874724006451256,0.054851659591992834,-0.17706956686317055,0.034147111798775644,0.018236538227151523,-0.8999101001543655,0.07105544685431622,0.2748389772020621,0.27101150953427233,0.7291806336402528,1.1417366585746962,1.1715751552866687,1.2908833729691918,1.2276551561032454,2.050857243518849,0.44335992998671164,0.18318014549421377,0.046528181630628704,-0.19406063642588542,-0.04622058941184955,-0.11761759132858053,-0.09377947256412582,-0.23833830602448328,-0.3810819009669639,-0.14162325237135,0.13845112498074252,0.1312871108011802,1.0196086565663691,1.1296645019752953,0.7766280579576396,1.2829457338686965,-0.39449819350063137,2.288507737689274,2.7137663098955143,2.469140972364957,2.531580348486441,2.389185480205884,0.874423960826891,1.2024826608746584,1.1101178761412422,-1.2146171094240734,-0.4098933517459025,-0.6887707601035863,0.5277110428646754,1.3456349229351803,0.40169756206835133,0.4206559020377904,0.14194839760493944,0.5260322073294685,-1.5122489567131803,-1.0894272844483277,-1.9696246155678614,0.3598864508826327,-1.228741101603516,-0.7931434213795548,0.8925999785023283,1.0450914762753007,1.1250686931027416,1.6404946261005329,-0.16685531600531778,-1.4765603219928303,-0.5813651929590873,1.669305409686769,-0.6055017050282337,-2.5218939430916563,-0.9034343031247348,1.9517905792488908,-0.0034126497284984038,-1.3471724031248082,-0.4743178449420362
3140,2.4931445735278723,2.430438651636639,2.4989826271502635,2.4653610991029096,-0.6291687862222386,-1.2441194052490054,-0.8865895042908314,-0.9919550811325069,-0.7215974676738919,2.3887816666858166,0.37378473250199323,1.3367616987065989,1.0159761711640327,1.5573375428076712,-0.45301056034830856,-0.4152137768385052,1.535219839301573,-0.5429291510886635,1.709458904370577,-0.4530105603483072,-0.07041017689547895,-0.6903249354767936,1.7102094217896016,-0.545783778925219,1.8788300988049471,-0.07041017689547514,-0.2781175775739787,-0.3862209345100851,-0.02266606107238295,-0.20274857926429818,-1.007283484329491,-0.04743190384351383,0.09182011144254283,0.12347772280921976,0.5485516145549689,0.9655107587049954,1.0915579390562624,1.196680438647042,1.1568838679150406,1.9783457761085954,0.037694307726321125,-0.040906845765937346,-0.10597624126566221,-0.37992498811274933,-0.24336293761930747,-0.3023835311337647,-0.2880545616872684,-0.3954657838363334,-0.5102209722450688,-0.17584744704724387,-0.15324270011971822,0.2978503085767211,0.967685176298275,0.9952039783894396,0.73080522373302,1.3710973436170748,-0.07573435975164051,2.3638810283935174,2.6758745445129057,2.449549568260957,2.5047085624155314,2.352512223197043,0.739920155976203,1.1519528217979815,1.1417388636308172,-1.2618273636347668,-0.6862770994854128,-0.8797725336203952,0.4379358738406752,0.8906392215532406,0.17743455295457963,0.4263868362914448,0.42957637495233464,0.5059515110847159,-1.6062690620002866,-0.6301846819985323,-1.625111703918358,0.09748322543630282,-1.4479151023046208,-1.6527352000233302,0.5609076540074486,0.7193684108845647,1.2172217374843701,1.6414395235310077,-0.15818523510672924,-1.2766840878959196,-0.6112520771564374,1.6959669283787209,-0.5467850889876249,-2.480350695907074,-0.9274023092011419,1.9954057734105506,-0.0051498880362717,-1.3034963271912943,-0.45870853777956205
3141,2.539706683734806,2.5023035264889915,2.4009588576409913,2.408469804542581,0.3265627584596615,-0.47208061814417224,0.06606172652017574,-0.4586296744570762,-0.09315491782628503,2.1068229636860636,0.7259837841054583,1.232218947877335,0.8761211451350415,1.4807219138755292,-0.6665986495905534,-0.3937046177421362,1.4129497411466743,-0.656949638522543,1.6267377563238232,-0.6665986495905502,-0.3055409051994394,-0.7393150055181591,1.6122179638122225,-0.7169367662707071,1.842624875836699,-0.30554090519943833,-0.36575353073191136,0.546232800240859,0.3783184469460524,-0.9150054894512725,0.36759707135651787,-0.24102660705998344,-0.022886731514064423,0.021569970035510533,0.38264629631458386,0.8094092761954961,1.0208580919845813,1.1159814354822744,1.0940058375555977,1.9149538478758943,1.7644810616181823,1.5655293027665438,1.4365912868489976,0.7936152769809905,0.9663756659441038,1.0023346389438326,1.0488755547999113,0.7040203949069431,0.3985438973971475,-0.15256747952284658,0.10832865667315587,0.01740443824707098,0.9349720613238683,0.9983443242315346,0.7126685787943365,1.1860878208958547,0.6092516535142528,2.4138877901178666,2.6418898042684265,2.49142373655123,2.49893945159053,2.34264102600521,0.5565502211146716,1.070128031777081,1.1652550346834152,-1.306517580644816,-0.7542562212033221,-0.774788004276352,0.341139769762193,0.6152834025380637,0.08582061591373198,0.5666225103808471,0.4918721891267286,0.291160371094335,-1.3614371421794504,-0.39750704027354045,-1.247200290857961,-0.1920269870058419,-1.6444335980031413,-2.2144620621083773,-0.06718852409404812,0.09655637816431482,1.331538228015567,1.627397643320951,-0.17144061025615984,-0.7978663449037097,-0.6994919614317535,1.7111959024939614,-0.4454537448106683,-2.325797002052987,-1.0137690133016017,2.030760382901081,0.005904255052453872,-1.257956927189944,-0.4724812861167951
3142,2.498936100488965,2.66051897085687,2.4554631678954983,2.726381485334994,-1.1253690577200783,0.27909926964534365,-0.15834527999129092,-1.2382728598305994,-0.5659667166677427,2.249924554921245,0.5990489597359648,1.8859799805214583,1.719738741186463,2.0095144946153245,0.32094803745565265,1.8053885238576892,1.6496648303786932,1.3731642244047786,1.6541989124048362,0.32094803745565587,0.09223217176902616,1.2467858490753407,1.7240801143841105,0.9668600926093618,1.8378450307767185,0.09223217176902705,0.4058527309532656,1.0570034375726716,-0.06616265260375392,1.5418153895887936,1.2311272386027234,1.1726437734043895,1.0574292287684763,1.0355983416390746,1.1805414054562482,1.4817416234920195,1.525959487487325,1.6811672335702479,1.5002238772933976,2.3074065391750302,0.5614059100088719,0.8394750232790334,0.84220221228284,0.4141489067575018,0.5536594429524743,0.585789542026682,0.6291977167812113,0.38877210531019346,0.11939865136003136,1.6612219586216985,0.7287585635939879,0.928267261176791,0.6550010147047844,1.422192349788498,0.9164768227466837,1.5327545584646303,1.1504960859074134,2.4266027409193254,2.6703918732869014,2.615373911593438,2.6570828210743986,2.4391306273420006,1.195803950636546,1.5450337261476845,1.366975738866611,-1.35036369935884,-0.7536313781494315,-0.9400399242037483,0.27518377190279564,0.5878625719133832,0.050210900317227955,0.3197516153183513,0.47990708802381365,0.519784460217908,-1.4682206920138123,-0.4368072502592668,-1.3407371652093125,0.027836896992133653,-1.0900280618243081,1.0617246823995854,0.3950668304843394,0.5585066959039675,1.2697501621818859,1.6066258599443084,-0.15270824327272237,-0.7741924463556783,-0.6597450960019398,1.7496282506800542,-0.3411234167360361,-2.4053064972495957,-1.0018839612845927,2.0729902824240374,0.011555034798648313,-1.2169819512944011,-0.44324781173826083
3143,2.6708928818685274,2.7110379748455693,2.70573435024566,2.752356371306306,-1.1808301740552098,-1.1483148523348,-1.307636403116078,-1.6061015603631308,-0.6810000187656106,2.3219571517788244,0.5273557191793863,1.975135634711057,1.8206683949829157,2.087511502409582,0.8056562492763152,0.8867630373219029,1.8269774520265285,1.0611438064472034,1.7340799252631345,0.8056562492763166,0.39481818139799146,0.9464776733872237,1.8276989010310027,0.9200396388719634,1.8562024493336675,0.3948181813979923,1.4375027576621768,0.47707296433990354,1.056672071956989,0.5683113216727383,-0.4020565255705706,1.1665883546561477,1.0963860317602674,1.1241260843781786,1.2203618960839762,1.5164666061355812,1.5875627742787723,1.7417174371338955,1.5464440924700842,2.3462801773774404,-0.7210514011776971,-0.2701694655947599,-0.22991435996745976,-0.3967745014458871,-0.2823449714946708,-0.3050954352725627,-0.29482117875485236,-0.3814938364572446,-0.5059039755268887,0.2936497662949846,0.8006094352413284,1.022771294764656,0.8319229560981949,1.4454976890335736,0.9784036385239581,1.6693330332731036,0.02288907834805036,2.454457301606189,2.6916161000773005,2.756371888176547,2.668799014835373,2.4656604012959082,1.2729542291253688,1.575320480529147,1.3557472493503986,-1.088330442486891,-0.16532996722022927,0.08591296528793778,-0.17569215836888563,1.3032148543856916,0.40199913161063316,0.8077271295610311,-0.09345123338545942,-0.2881712502007062,0.3443113454555841,-1.8187197842649094,-1.3083973992138953,-0.031605099440804224,-1.0051383994387875,-0.11683806251751462,0.5414906994968092,0.6735913116561272,1.0034277779430958,1.5901198568319947,-0.046070949750192686,-0.8276547122153012,-0.7443199421731438,1.7808703997511743,-0.23825458583064665,-2.432226617872065,-0.9931946659430426,2.114793021993523,0.014231567940429589,-1.1866504042230395,-0.4177552815686751
3144,2.747791355254576,2.781680690931843,2.7432656107469064,2.691779934116835,-0.9103980702158033,-1.1192138379912286,-1.1358922579382358,-1.0434053994176005,-0.44783149813668355,2.2037075386840854,0.6591704653585249,1.9113302238088539,1.7447615742088014,2.0340804113130027,0.7378766432159516,-0.12314037377922811,1.8787753988005051,0.3610526216455232,1.8048906298941236,0.7378766432159548,0.47389128453864193,0.24711171812317703,1.8719850622610201,0.45288349961723506,1.8800831317879187,0.47389128453864143,0.3743662506518579,0.6089012575816344,0.5834921720944387,-0.3651205473241872,-0.13663956276263214,0.7372309207374188,0.8738352869010405,0.9053300146455124,1.0356638384064376,1.3601853783907034,1.5186084611093367,1.652030682830755,1.4834511435642368,2.27782088547186,-0.14451894139863605,0.21482743746488797,0.2507907685753021,0.03972610345815203,0.12231342365385771,0.15180717039287028,0.14390615406863697,-0.0038099491150178407,-0.1844895249371162,-0.11512664959541062,0.8144686477378862,0.7454634038180549,0.6586042550292642,1.4055116830146828,0.870463874136197,1.3841703738375188,0.18008267110761658,2.484807120313606,2.6984049206337954,2.914021368114334,2.7019527208758762,2.5062948754336127,0.9558719497310145,1.413567311116295,1.3676855175370763,-1.1314863742580534,-0.004186967454016927,0.33850697049442785,0.04764050613100125,1.4208319164196108,0.5336722721670686,1.095848244538243,-0.27938898603215834,-0.4696222451218881,0.3327940985844184,-1.72594299065547,-1.2427800012789738,-0.23913785420129616,-1.2422844899046939,-1.2831968864856704,0.30502713938030046,0.4417531189515716,1.0665173017520246,1.5620174734623382,0.1562939362579481,-1.3577890210769041,-0.8346382165422749,1.8150938667404661,-0.1168992332668718,-2.4803509002145927,-0.9957533043012187,2.1517216736577662,0.023333744711254118,-1.1459231585290093,-0.41183367559224515
3145,2.6829117152620343,2.7302475324801394,2.7162117353818345,2.6653780032058094,-0.5327548255559141,-0.7965004846174091,-0.7372198929191381,-0.4900839861932419,-0.21013815473617908,2.0699470264733875,0.6049967852528997,1.9330564259579686,1.7765338069196999,2.0473326910021337,0.5461320335922842,-0.35115891951784184,1.8841932196240905,0.09723368232324067,1.8534309990827542,0.5461320335922857,0.46337262381979166,-0.03362240553295391,1.8897375219940409,0.24107319899485583,1.9025971732876295,0.4633726238197952,0.05098983673731479,-0.0731984146079329,-0.1489691997926576,-0.10920236030437175,-0.3281847011377568,0.4286800449004399,0.7956519615509635,0.7986028723265444,0.9377274701848327,1.2767668001698722,1.4969966396936651,1.6160810074347909,1.461006848843158,2.249189695655044,-0.26627747828619924,0.1468483474221515,0.21599131848682743,0.05064234829160526,0.09609205587964252,0.15928368184886135,0.13840097054340122,-0.010331550819605911,-0.17059231242860556,0.03955678124635623,0.9329381769507167,0.6056514576794043,0.8835048820863319,1.4321764377650994,1.0378108353722324,1.3567197204320192,0.39482862418361864,2.5177504338962025,2.6971164706557986,3.0457640073431,2.710073495381907,2.4662126674373455,0.8390811613523362,1.447658832853992,1.5091668645026264,-1.1824171614349022,0.036187385673018456,-0.02263852181251966,-0.20138565582511794,1.3681490697009697,0.35876715786505703,0.7182963379239912,-0.336104111103045,0.0682634772149348,0.25428071297789623,-1.9239405002175929,-1.465898245153404,0.09286236555237652,-1.2893903354618705,-1.0866156861466154,0.06233809741487597,0.2063334043732572,1.1451558778213708,1.4853903384127038,0.3621959152437839,-1.4561679793159044,-0.8558060113773585,1.8210059254431323,-0.012530593135014988,-2.5172625087072706,-1.0075010916153404,2.1839689043349377,0.030783055818626892,-1.0727923627237423,-0.4163305680451925
3146,2.6697284761084012,2.643597266104631,2.5966337073448553,2.6608388212340937,-0.6461239965482731,-0.6428965351737346,-0.7075934491341438,-0.3490085818153171,-0.23003242119995834,2.067095967690729,0.7239916507273675,1.9841400051731977,1.84172485379123,2.0871089057835444,0.3934968608632051,-0.2794124177481352,1.8816694893030483,0.05288831855670556,1.8844373488192714,0.3934968608632047,0.433366325518795,-0.09422611011724427,1.8995560896151824,0.1793569375609188,1.9223153664155193,0.43336632551879734,-0.4435584969318092,-0.2941642049807612,0.1146111846948416,-0.05361741494421529,-0.03461317724747102,0.16986474353124867,0.7368905259402766,0.785181872838883,0.8916481367684602,1.2512283034941578,1.5043455118096636,1.6166682487034014,1.4649686956949706,2.2465431483346308,0.15473415422175096,0.23567438251241385,0.3213918794596837,0.20453683778497583,0.22362602008998073,0.34276579257808704,0.28407936012248985,0.12402925597630086,-0.04853419348878478,0.14248506263480623,1.0935879123824146,0.9402779933478692,0.7445564181004514,1.4995017152895365,1.1952989278755295,1.5141296127968074,0.1150960048822389,2.5601247144521673,2.6876552368030673,3.0536704397726218,2.661739289138655,2.4265469410464195,0.9984635831650899,1.5243976022909087,1.5005879145873195,-1.2327407076326047,0.19883787836474504,-0.2737856930366664,0.1313412689445273,1.406259375459741,0.6407187476089061,0.60560893631892,-0.5252122079383541,0.5800405076328877,-0.5058583360051162,-1.6247061376264353,-1.6949198953901592,0.2201363995036397,-1.2016691749257957,-0.2184341856500176,0.07494843942099869,0.2252816099540304,1.1873363310326914,1.4102195807322233,0.5991524589480592,-1.2142592843236952,-0.8298749342642807,1.822245605842818,0.1539621091043379,-2.589103207918291,-1.0393873875967758,2.212829506722385,0.042017278411613755,-1.0079358425341038,-0.40920641388091
3147,2.6481184278545356,2.6523275019216426,2.6345567589551364,2.694143325387303,-0.619808100976603,-0.6373626493170237,-0.8142369210576965,-0.5070271306474726,-0.4880037628795003,2.4071313218011845,0.7245862505035447,2.0895465025234174,1.9651722864193928,2.176981413786016,0.4043337721248401,0.019965842616847085,1.9135562485698225,0.2551553168080715,1.915824817167648,0.4043337721248432,0.46166301109465063,0.08828306384055544,1.9270397528302257,0.32932723065958674,1.9436281084787934,0.4616630110946528,0.36979528104077686,0.2474834726521942,0.06554757733203655,0.34401724203870826,-0.2798891819049089,0.3696451670323864,0.8355619085414042,0.9068501755519058,1.0081084612850337,1.3162252946024393,1.575221307470037,1.6835514447529742,1.5182745422295116,2.2925202915317335,-0.004717845793360059,-0.08220231205564082,0.04504766882715703,0.1061554789701332,0.00684446307978999,0.135186320676482,0.0637745145426768,-0.06075146933410942,-0.19759207534180398,0.33477326880001607,0.37970342012077557,0.8693823338169319,1.0556937074411057,0.812586558543116,1.1223921810441604,1.5162545816999866,-0.7311982005550378,2.609298461276554,2.6765362444629597,3.0781574707412145,2.625364286194114,2.401950746297242,1.2706947617861188,1.6546037516779015,1.4856338573027381,-1.279118732519971,0.4452855523070365,0.17055500807722976,-0.05716861588864294,1.5234624712656688,0.9356153374637004,0.8261003079414793,-0.8032974297203467,0.2226742617813866,0.28067459406625506,-1.9783479125381949,-1.4833810452899805,0.07607829574188754,-1.1287781763183944,0.6048842841065424,0.3243164542027113,0.4848505559822835,1.2358080166685277,1.4157586969137483,0.7419816069452413,-0.7101403225639249,-0.7721932713487688,1.8421066031716176,0.2864363209256784,-2.592157490621596,-1.060766475538696,2.2534676145488315,0.05369152782179597,-0.9206033266101942,-0.3999453477766537
3148,2.6627381694992174,2.621158342467789,2.658024529588518,2.6234397131623024,-0.7094861385712894,-0.6842152372562982,-0.9155501550876343,-0.5335297370222037,-0.7458538461575814,2.3807970867810755,0.5547195905622307,1.9259557050860454,1.739434884229617,2.0597913567371537,0.13296848214656454,-0.4968477740087638,1.860002228850911,-0.24532679338766422,1.917661228886543,0.13296848214656587,0.3355304671637586,-0.39454219371952964,1.9032017458382062,-0.09702119045056247,1.9551271979078013,0.335530467163758,0.3023903578354047,0.012756151120847034,0.263902708646947,-0.2686721396925605,-0.7524854967641267,0.13619323500496827,0.5677473384931557,0.6428277126126521,0.8346432725123779,1.1357468534710746,1.4751720011787903,1.5666511838669555,1.4343336379462206,2.2118835466459665,-0.4472951086358,-0.36500892619848624,-0.2614336213526751,-0.13298229938759504,-0.23387733323651932,-0.1306240365242715,-0.1999009214774431,-0.2806020434206686,-0.3797442368786681,-0.1839585387443436,0.12285011769262881,0.7210351038230702,0.9597345226015568,0.8147373587734399,1.249549446443933,1.4949960962697435,-0.14491995288664158,2.6845635888955766,2.6364516264212567,3.100604301691662,2.5882495117492414,2.375518085369464,1.1490161528884555,1.5787066042866171,1.471373847657901,-1.313230902664573,-0.35762462366221465,0.12559976196903788,0.4351040448239331,0.44049286183712133,0.8285973416139846,0.8644133876174489,0.057014022622572776,-0.5389360230084831,-0.4587017670871104,-0.08563614785120255,-0.3715220102597259,-0.5777713715234349,-1.1577112140140353,0.5969509731578388,0.5761603171191293,0.7432777682736832,1.263658230566141,1.4258354436138123,0.9387239712673549,0.6085305280598979,-0.6228487948561332,1.8520994574640075,0.41344438621274315,-2.515904736861828,-0.9924280252136608,2.289849697522061,0.05947603174071738,-0.8568690764647464,-0.3817714116342802
3149,2.6320061510827486,2.633764889960715,2.6548154272507998,2.7019793221629786,-0.19259893680531498,-0.6516134983471271,-0.528421078712006,-0.3327035476640144,-0.7430285622438032,2.2833739146683945,0.6469920839455758,2.1027601674295635,1.9521245530326286,2.2105110625162436,0.2837589369047465,0.27618426773191745,1.9074612457200935,0.35047918379741905,1.9351479155620988,0.2837589369047461,0.39254237677099896,0.17842062502337552,1.9331124214055062,0.35568135846409615,1.9704396177167094,0.39254237677100406,0.16371560577865796,0.2711459491410989,0.015154554778436725,0.5289110409853206,-0.6309205573609977,0.5310365878765606,0.8143691961568557,0.8946184803580752,1.0733840004137636,1.3071646999152309,1.6161792044052048,1.7223071696106307,1.5453143523303563,2.3156519640126683,-0.09362650677929969,-0.15723415368119384,-0.09528956685729445,0.08936842376046568,-0.061060152522299675,0.08601790178422153,-0.002931155592094462,-0.10571605693644895,-0.22567375008324114,0.5670178419781448,0.4889384467047805,1.022128961083889,0.9716924926165021,0.8821975931384181,1.248733587637202,1.6752795130649836,0.7998609777109515,2.639754032214713,2.6695729536380877,3.137992014578733,2.617225522356446,2.3786959374597116,1.368712320090282,1.7547720612501774,1.5643881914002822,-1.357564550464408,-0.6887113164780978,-0.09099411748503626,0.32673120299153824,0.26931390067343536,1.0473789466231265,0.8397339438852056,0.40428685233612344,-0.5816208429601103,-0.5620716496901927,0.014459992681180622,-0.35757047650744167,-0.6512107170258142,-1.3394183601031333,-0.0852165261224144,0.5675518399726658,0.7453523686117219,1.3456278005408007,1.4371781117149545,1.0084693712583055,0.3393683807787564,-1.108056031166135,1.8599284568860888,0.5419568465651267,-2.4511642016279933,-0.9443746099591199,2.3211833275428453,0.06787173496719666,-0.7892002116082194,-0.3876300377776429
3150,2.6654572127628864,2.6023255181644913,2.517883776410572,2.5770368063543034,-0.19077951404053176,-0.178458583589037,-0.4139063452324227,0.03188972714952314,-0.8418049464587058,2.2848891076827234,0.6824928515895875,1.5945658784343368,1.2583071407616213,1.857877229570341,-0.10778008642522614,-0.7165693530663749,1.8059406583281037,-0.5332821478218679,1.9110771546564833,-0.10778008642522661,0.18164218743259877,-0.6594634296473135,1.875928978045351,-0.3792774583814102,1.9700001937678402,0.18164218743260677,-0.5715174678733447,0.004089525113471018,0.37044287092069894,-0.6324541480164405,0.3045718724906103,-0.028583383286266233,0.30371857121463414,0.46669602744202987,0.7331730923077453,1.0081615648189035,1.4306434287238334,1.494510427118145,1.386887870948873,2.1659558822181992,0.28396898457523867,0.07140420252279835,0.14783582203973583,0.36797848930916266,0.1637000430139752,0.36584152391518676,0.28080635506075724,0.13216053063467284,-0.020312159612384775,-0.46646050455849397,0.21465740394364502,0.8950206464417064,0.6640605562595252,0.915303894916695,1.013191372187261,1.6249174982733037,-0.48999774221418435,2.6241890785769795,2.67007978495937,3.0344366098605877,2.602883631808978,2.352520646420105,0.9443490160803234,1.5650771225236022,1.612876655349608,-1.3646604094695438,-0.4453094167733514,0.3248033234300644,0.3380120717516396,0.3597542349195952,1.0644687380320386,1.1129315799023007,0.13844795395695556,-0.8997363075396356,-0.08870989480792253,-0.08900698282471266,-0.13281932332146873,-0.8627738511463792,-1.291181429057502,0.2940811567398521,0.6652775193219241,0.8447672914827495,1.352830278499202,1.434178907066779,1.060121443844056,0.04480830563756544,-1.1194719298372746,1.8719151257296143,0.6601518838411166,-2.4073106295397584,-0.9118974686759215,2.350090862105857,0.07837422300436847,-0.7354496021816211,-0.38480123519384074
3151,2.569656652135039,2.527336112346983,2.5728393249334642,2.5249617762692393,-0.22681812956946684,-0.14332935667423843,-0.5129447718231339,-0.038702649916620445,-0.6963496367577927,2.2285930826002653,0.5771706474628847,1.5317693746951815,1.180347150293669,1.806591377663455,-0.43608321410705864,-0.6004205412787003,1.686422468318154,-0.6537398936782872,1.853317863730449,-0.43608321410705553,-0.057702879974140565,-0.7481119890220405,1.7963370978497366,-0.5815113737724705,1.9522659500978754,-0.05770287997414111,0.46380694219507507,-0.27198447734758086,-0.35504777601927434,-0.3316269906449178,-0.8422022135352379,-0.17455323067445866,0.05934815406435979,0.2833256639869169,0.6080489204779023,0.8746238420655089,1.3616002731400016,1.382469147146958,1.3248498808640623,2.105326854823931,0.005017505174710379,-0.06762084033117469,-0.09619042686618315,0.1162915826341056,-0.04462877390700011,0.12592252479136778,0.12416880882005396,-0.05956530449875218,-0.18391156127878522,-0.11811846791026685,0.07501108263814274,0.9082087646668877,0.8543349843227264,0.7066429685069295,0.9505469177866191,1.628636238019843,0.023904057212655865,2.6053562972471993,2.66474991009007,2.9402618669670195,2.630446762215811,2.317069801881861,0.6398289959531435,1.5358674051247918,1.8020782180718273,-1.3887668273756464,-0.6544334079548857,0.19289688312211464,-0.14900873479935828,0.4270514597373185,0.6606893293605416,1.081067698254625,0.35854303935056325,-0.9315834767751111,0.4336745614968146,-0.7067665499614197,-0.30658727710007944,-0.7959639168559394,-1.4507090402078544,-0.646759944515873,0.5165157798203768,0.6982025839364698,1.3742425489048355,1.4295298567707133,1.0916249744055908,-0.1240049973759135,-1.0768566550248968,1.8809026620421692,0.7651548236669136,-2.4126298650567084,-0.841641625276229,2.3741820132273763,0.0852478293929672,-0.6788279821791635,-0.38556891092272905
3152,2.4937742435966577,2.4310825674512313,2.3882295872623787,2.3532846955858973,-0.234128793368365,-0.2073688143255812,-0.5520154079516599,-0.06857893369426885,-0.8400689413019578,2.2911014078683696,0.5192119083866736,0.7371509209928556,0.14620188188598043,1.2443324035313093,-1.1227556671088716,-1.2574833294952772,1.429185280809708,-1.4917807007612625,1.7256782878254655,-1.1227556671088723,-0.5382145698067077,-1.4961784291175113,1.6223379540528173,-1.4047321741503571,1.9006324892238158,-0.5382145698067095,-0.8679586756237996,-0.42471572194593804,-0.26668259295380037,-1.0745072910900506,-0.038161056227273366,-0.7550129543421958,-0.4892277993112813,-0.30611452579998466,0.13636173187375056,0.46441961178288516,1.0962243337682716,1.0489981409810503,1.100942095026165,1.8955426857084157,0.9145588257649298,0.7522496886316151,0.5638262520424008,0.8488854834525511,0.628905058838137,0.9021306104064606,1.0117641047940442,0.6064336492642614,0.39233149484502566,-0.761885924616339,-0.5078916505221108,-0.09987237955500294,0.39537990453482774,0.6232568743282682,0.7524906823574329,1.2636493514443727,-0.9608996993189369,2.6207167617764955,2.624681587135694,2.6731532886690976,2.68190777500043,2.2828556512303853,-0.2446075051258677,1.2525258524385068,2.05874847368476,-1.4337693635560207,-0.757190140129261,0.1950402529876684,0.09828909510752665,0.09937290657989772,0.5265354139340025,1.0796458542542595,0.4582428691401821,-1.0371224963600587,0.09209129424513854,-0.019242757620161522,0.04446402622808537,-0.9813110137076572,-1.334457906287458,0.43728869536911413,0.654949481730361,0.8427650382000448,1.4184937652100638,1.3966517463386519,1.098604902676031,-0.34184500075866076,-1.109945227165786,1.8895197186058632,0.886872886980138,-2.4664874424108962,-0.7662060932628153,2.3984198404912735,0.09146632314988323,-0.604907901730797,-0.3959167862329744
3153,2.3011241113188543,2.277782563350462,2.254214568390014,2.2271879580087894,0.17530708062633413,-0.2117803632968537,-0.24362141492491823,0.1526419446800499,-0.9326191484487883,2.399203700263742,0.33909222697957475,0.26040028423145883,-0.41372934574214376,0.8826749002109044,-1.7132202384793176,-1.0949223796350422,1.1327978267997127,-1.735626693307699,1.538545461629908,-1.7132202384793145,-1.065875300711791,-1.6419804257901756,1.40284226931999,-1.809070438458938,1.8125797282954539,-1.0658753007117883,-0.633125455006909,-0.8147531070380559,-0.9657826214834941,-0.6040998601261129,-0.18784326433086734,-1.0506916640691153,-0.8204248791417885,-0.7277300294768414,-0.20243844649296755,0.16244464710756576,0.9020781615509541,0.8020724957261324,0.934141101021081,1.7397466522792788,0.9183753085682935,0.9258450468330387,0.9140216022685363,1.1355193614556713,0.9409650499332279,1.270346435587961,1.4022294274182965,0.9377672390485777,0.6868745705914129,-0.5629802980713011,-0.7067389716326469,-0.4490829048223808,0.13613853030245693,0.4183699540047284,0.6192524996030377,1.2635499417942626,-0.909114789557057,2.6199152687977456,2.580332737371912,2.331593010441315,2.6209932310609414,2.249809537837963,-0.5652186105472793,1.0531218282743213,2.000124854113653,-1.41456273813286,-0.5328308022456493,-0.738063439338368,-0.5648857449780581,-0.07769256256649643,0.17590458412444196,0.5435930765525152,0.21972783859286305,0.4604590698022786,-0.08043112717096178,-0.5174270973706969,-0.4862013664631387,-0.5665713966835723,-1.3422686959729753,0.45658454881304594,0.7510192771611103,0.9398397328646634,1.428536339124462,1.285533762882571,1.0652739589827633,-0.8205172639360326,-1.1802828410317439,1.895871072409614,0.9644318972866739,-2.5217154943208535,-0.7186093930728847,2.4191919222336806,0.09309435028942135,-0.5566164986427142,-0.41225693337869423
3154,2.1927650000948375,2.2283494122001684,2.2419881211687493,2.2693883681903855,0.687265391839546,0.29995486711527497,0.3215482542226935,0.717329940193453,-0.7952366870221067,2.3476588929550375,0.4340183010988355,0.4964310311325025,-0.037144413699079754,1.0311173040408612,-1.5846405870911282,0.22234667544538114,0.9949325919663891,-0.8050343674674683,1.3668755601753317,-1.584640587091127,-1.2694978791303468,-0.6439079066364809,1.2579154627565836,-1.1931768501317728,1.7117411310662636,-1.2694978791303482,0.04076443772911591,-0.19021324298891662,-0.5233808928626816,0.5709892634486293,-0.5320563692070651,-0.39616405407284544,-0.52582598304073,-0.4759287265741685,-0.05018681985082597,0.26048591499448537,0.9835048851782761,0.8710262904656404,0.9939574617703139,1.7929540784358606,0.06922203225390954,0.32437897147252415,0.39290659975947445,0.5374114700240835,0.46918845031957884,0.7007367697024016,0.8141108348664994,0.46600379478144616,0.29235723319494433,0.33309889404774184,-0.825762831315131,-0.2679209138510312,0.30464101071586575,0.35612774887049464,0.7567799492904141,1.373150879962268,0.43993999153458113,2.641826901182991,2.5316709157447304,2.0250323132344743,2.5750105654554756,2.4004986275462006,-0.26245554359162737,0.8896289210083933,1.517291230039203,-1.4256432106502972,-0.2815784899064084,-0.7123879120842079,-0.9608659651937895,-0.417488660590378,-0.07872768207867731,0.4364827529749161,-0.05548886230159343,0.6808384843701578,0.49996336815313425,-0.516914558631957,-0.10415462344985318,-0.656624409378734,-1.4818389349843515,-0.17494695362360138,0.6118702091576729,0.8065828822212311,1.4759636492252484,1.1811510283191269,0.9921930169719821,-1.087636717188834,-1.2448378466303782,1.9003770221688034,1.042269680108872,-2.5416812590208115,-0.7187520418552552,2.4364991411991133,0.09821632816414874,-0.5358968351215145,-0.4437290400732376
3155,2.251926039733041,2.250892068700106,2.3175296490392965,2.2665799116856693,0.7793978761301872,0.7242444633329058,0.5263680622377694,1.1753404259857891,-0.455913530135241,2.1448326178843504,0.22945097533022896,0.5915915389699347,0.1110026806589775,1.090385850256755,-1.3213296035618218,0.4777676083198117,0.9120538871195313,-0.484851696987709,1.2243731912731282,-1.3213296035618223,-1.341930517180371,-0.24080268949665679,1.144130841410925,-0.941057937599492,1.6074685698675555,-1.3419305171803708,0.5578779013076611,0.27422474458522156,0.4674559046480393,0.09304804792949506,-1.0403565162492918,-0.09147929153022713,-0.4090683630006626,-0.37205739052891823,-0.01894278269708271,0.2503962704165906,0.9909132714599221,0.8525118932008537,0.9933164187874094,1.794265845849348,-0.9646870109650681,-0.5681285524246082,-0.5105002351110834,-0.3685986964318203,-0.3382928716958352,-0.26099216212648435,-0.20118733071900588,-0.3440440536544813,-0.41079999827752667,0.09521719681185643,-0.5330321404469637,-0.24536896733052901,0.4018966663835309,0.2694951084101661,0.7996716042791443,1.096672967095554,0.6736143158755663,2.664738548426922,2.4829351308992607,1.7950228089647804,2.5310534680278565,2.3633002156809595,-0.13754987831466964,0.9500880862440211,1.506480893323036,-1.4567742146288019,-0.09953594380830233,-0.8797250697650457,-0.8251042350232026,-0.559173431527969,0.1459696186431967,0.5784338720088626,-0.26061973606868266,1.0909679561095897,0.11489538330859463,-0.1889632578522372,-0.08275183681424945,-0.8759679471752091,-1.6190403612544149,-0.8710729470221563,0.2659438261109442,0.46613233530826925,1.5124003114185331,1.0886896760274865,0.8510303923604545,-0.9523927945248413,-1.2926524312885501,1.9054158905064618,1.080315042772252,-2.4285514580488696,-0.7259554879637248,2.4496985446405244,0.09602446816804687,-0.49229254830521146,-0.4979208620349055
3156,2.418335956482475,2.494098945093463,2.3645653667417172,2.548251477839693,1.008890192598703,0.9041630136953536,0.5851134280807029,0.9816346019798792,-0.43714327311016193,2.2042944638825834,0.1466260119849455,1.3601693365933536,1.1592710623371674,1.6427515176728027,0.011788549702327629,2.4411786434465808,1.181008058397445,1.6038171569862976,1.2225728254946562,0.01178854970232716,-0.7587987700540959,1.809359247288411,1.2467501307154645,0.893859871735846,1.5464053014876633,-0.7587987700540962,0.40511628103627606,1.733635587359719,1.1318616818327647,1.0071157388211363,0.772342070199544,1.4571564200621727,0.7660342930335906,0.7018221835353322,0.8097505834862123,0.9276199214966359,1.4800909994291098,1.3739013543131016,1.386900058799308,2.1540112575977264,0.389248642199939,0.6395310293831539,0.6472643057860944,0.7905115045050927,0.8009391001166735,1.0713386446504543,1.1617408330169672,0.8079951806693407,0.5996853135087582,1.6804684629966722,0.4115422559484705,0.3811131925820168,1.0627292025805612,1.0144028026539518,1.0521859066506878,1.555947304618587,1.4098666422176356,2.6438327720290213,2.4951544468841838,1.7674814775406,2.554977861576524,2.407885085966438,0.9223208973494722,1.477144710696081,1.4808425889916224,-1.4981966863876088,-0.4059731619047896,-0.9221289548311509,-0.6776836177463008,-0.7039157359140833,0.23670358411919518,0.1907367084000305,0.05968277498969813,0.8378638542678879,-0.1388880434835048,0.15568947456185803,0.03928187366796491,-0.5858405703529367,-1.481755259949796,0.44600387454200646,0.241199892037159,0.4494843985775465,1.5691416694712266,1.07603842783069,0.22519986938594555,-0.8373629572464815,-1.328557948516931,1.9126390482982862,1.1249769025158545,-2.3107546296025245,-0.7581839707262289,2.4645073682419625,0.08778842481302568,-0.47067474079689425,-0.5470521846693033
3157,2.510888064071681,2.4855592227381886,2.471812434603426,2.511046377168501,0.797962679614931,0.9470763153119732,0.49829264154660624,0.6927461539166956,-0.45222208289162974,2.348849251869491,0.11579474866561641,1.3649710425022221,1.1680829866706317,1.6409625065665219,0.4795668265957385,0.8557443506710486,1.3203213269426977,0.8465202925482527,1.2694881632729718,0.47956682659574157,-0.41342637394287857,1.0715950907226435,1.3081155407426315,0.551272632314685,1.510802987247139,-0.41342637394287324,0.7715772063507609,0.12373930388997999,0.7099023845848942,0.003113266748004787,-0.3036578902493506,1.0969864831916165,0.6917821623544701,0.6126912169851879,0.7135297564087187,0.8597039419970172,1.4290693100067706,1.293581049508958,1.3430794729096587,2.1114722941668354,-0.0374327047035178,0.18530316328322421,0.22515545364779987,0.3432902057559002,0.4990041081674636,0.6485731938236886,0.6841603965263416,0.44942564091486115,0.2946630131817401,-0.0454156655348217,0.8030759292150034,0.2230960675078488,0.4474808891231206,0.8353372831518948,1.1484029183849906,1.6436962732742115,-0.5256295166531723,2.6192778887869657,2.503304203611768,1.7589402834302512,2.54167887943388,2.392061633248307,0.8247867600346448,1.4406391039022137,1.5010603211954139,-1.2132486780950469,-0.500320836121658,-0.6988500429952088,0.4157431824582402,0.5045273231686078,0.6950591700002166,0.8144735956390656,0.23411068850005018,0.43967185909131723,-1.3936158995381118,-0.18829002168456668,-1.0764940404451657,-0.4943900052320442,-1.1847781797785573,0.4622519343424242,0.29442581795004,0.46268210035917273,1.2686374919620849,1.1022590133041463,-0.24618035091273488,-0.7928060750655594,-1.1359489667121407,1.9144615463658645,1.129410632537102,-2.2731616046290677,-0.735764807738571,2.4818586896253096,0.07891691337895393,-0.43257790917240474,-0.5828574930003684
3158,2.4268951872758144,2.5453427053086397,2.463203621839082,2.581907630407092,0.800046690480924,0.8652754388879345,0.5632601643055203,0.9289011697054715,-0.3430223144617646,2.2107461476399557,0.10726735581280997,1.567752927840811,1.413538584934923,1.7989687989078762,0.9187659550641208,0.8057682892574788,1.4959023586058753,1.075867750311472,1.3614134142206067,0.9187659550641204,-0.013711155087180515,1.238084095196176,1.4095342639752726,0.9026144771851096,1.5039221691036622,-0.013711155087181084,0.10435831108497659,0.5714746837367198,-0.3383488890821532,1.2490118784644386,0.34787224469060535,1.1224441418665518,1.0083594247679188,0.9082704811778093,0.9340801679169906,1.0523370752721082,1.5620431251267253,1.4172506176106145,1.4583348536632057,2.204873471593644,0.07492341135856255,0.08452132905166103,0.17565439866799112,0.28178638078373686,0.47514143408489723,0.6085179592041994,0.6174615330521445,0.4780955977708566,0.2818191487599662,0.545964063285422,1.4112162578539937,0.5278389688803655,0.5379979811193794,0.9598676025303349,1.1995913252945158,1.9167004676587296,0.9206554286198142,2.614363339313388,2.5140117053313626,1.7983657619840843,2.554676490627392,2.478789061176301,1.0764583519915154,1.4525087893159594,1.336273992611276,-1.2650815697561575,-0.046115388759086155,-0.8330810430596254,-0.44268544161075396,0.31787048606301455,0.8986042987519228,1.0413541987767256,-0.27004423581900255,1.0804094297392761,-0.3599506815392426,-0.8862287375837318,-0.9790302681583782,-0.8212672274032528,-1.2988742415552235,0.030604495040303763,0.17698447123082703,0.35287412420862224,1.3199083253529886,1.0597729772230708,-0.9225550703968789,-0.7481649890890724,-1.0212012883890722,1.9197388799888788,1.1523980786930346,-2.156214866600654,-0.7342172727698214,2.4936499729494646,0.06885502187431408,-0.4072298284472262,-0.6147882425219566
3159,2.5380716244037873,2.4676072676341216,2.4700538182029255,2.4569414750130316,1.2049292938664067,0.8582610921159303,0.7968330746849126,1.094606923053116,-0.16786886010778354,2.169031104899729,0.14264023170506088,1.1095609516073546,0.836643748206944,1.453563986203904,0.5481429245555406,-0.6798267336191505,1.4701703025226107,-0.1162504091279758,1.4134772155162747,0.5481429245555438,-0.0023366851572919276,0.035300584291029,1.40719451531313,0.02462668688812359,1.4978175563612386,-0.0023366851572910836,0.19418175480456704,-0.3210441133641895,0.8353418825878183,-0.6264850101940346,-0.4367130212614124,0.22659084463990697,0.5923395527372912,0.5078077742499434,0.5676223542240317,0.7615315321482825,1.3577369627781597,1.163768599686611,1.299636789454175,2.0480242691681836,-0.5168368790992998,-0.43967017206842907,-0.3409612103631596,-0.2338862425386162,-0.05715366748652124,0.00830123674308843,0.007294404732133168,-0.03359938564806588,-0.16815114979729298,-0.5309168490133622,0.9315998010797177,0.07000137009644604,0.38701890698071395,0.8298009475863594,1.0996674065239422,1.9647000610530003,-0.39835644891603916,2.6119469993175795,2.5039284286443704,1.831297266687865,2.556263918531811,2.4386240023146106,0.5457277832668481,1.2663703580401486,1.4574286481863783,-1.2795347072128036,0.8892928756970062,-0.4972582481571144,-0.4365058436391122,0.503770590325361,1.0084868028593308,1.5020480135262468,-1.28088344378626,1.5656410679528407,0.02401798808532546,-1.1119512733388628,-0.9160380082280569,-1.1639656529321145,-1.3485361690558109,0.011608644468037855,-0.004083070518022073,0.18074768227472224,1.3632453908989999,1.0480298408971316,-1.3838477692991533,-0.6944661205294266,-0.836145590478545,1.9253629233071736,1.1502738458589499,-1.9819965828029036,-0.7489212624901809,2.5041915702429325,0.06130350706258496,-0.371877161837721,-0.6401085350483804
3160,2.4382790251398574,2.4668415125297245,2.4370009764008884,2.522850181101559,1.1709719285489564,1.2924226824384506,0.9493831706462953,1.2320817453900694,-0.6508645340487209,2.3324923070990065,0.2646803189553546,1.3199881367323594,1.109613999269785,1.6095317199958223,0.5997636261042816,0.09241735502892798,1.5329673073196446,0.42009785869239924,1.4696294479800716,0.5997636261042829,0.15633439565623794,0.49248530413934843,1.4537594215889433,0.4517914320952897,1.5026971154697077,0.15633439565624158,-0.04458774785092422,0.16775445973748515,-0.44157461396905306,0.7025885483878486,-0.12630775585021078,0.3200058070324389,0.8950449610435937,0.792104270846516,0.7634099008279451,0.936722479400568,1.4767491167695035,1.2778468792620536,1.4089108574071547,2.1315087747872608,-1.1501385207555004,-0.8584329955313262,-0.7809692007404214,-0.6717627939283933,-0.5134767197100497,-0.5003063125673907,-0.5131309600569515,-0.4938272085749776,-0.5651588966551065,0.5144991946887875,1.1613749060708045,0.4788540787262421,0.5578090948159219,1.0537736014777548,1.3297248769044094,2.26452580119775,-0.02308937461750127,2.5986050429888827,2.5101162402065254,1.8773394088314974,2.518394867736632,2.402939894741527,0.9735247161471527,1.4809315956268596,1.4552409570792852,-1.3014688894271378,0.3348192561537326,-0.8945728413644312,-0.6531061318138259,0.3146433864448017,0.8439122571964115,1.6486827333370377,-0.6880064845798628,1.5339816688871482,-0.14067681666939208,-1.1034898464720293,-1.0175628546345474,-1.4223218526392898,-1.0560791974689083,2.1671190757221295,0.48091007497976473,0.666712976382565,1.3827512607084116,1.091571753250007,-1.6143511821385166,-1.0895477370944637,-0.6943013160508642,1.9308074492964515,1.1558086032200166,-1.9673715492772423,-0.7737790701828795,2.5180348283729064,0.05584664374015242,-0.4154804176606956,-0.6277215252997256
3161,2.5243772914454574,2.4651646537137424,2.5027957471650164,2.5188884122441717,0.9194174241068809,1.1451788858819258,0.7861340285495195,0.9467494247724078,-0.6855224252547035,2.277124634080382,0.3508423878987557,1.383677095798526,1.1948652827146802,1.6526682578103224,0.5580016852262989,-0.08030652653656316,1.5718114549106659,0.281520510355216,1.5201119155247935,0.5580016852262984,0.25657654904416916,0.3096860728132334,1.4904363560030431,0.3750884697316518,1.514181039519699,0.25657654904417126,0.5473313721917737,0.16032655745686986,0.6881145964912616,-0.01486851579898928,-0.7792897791487433,0.3286131893381435,0.8895792230186428,0.8365793609560317,0.7399315355839331,0.9414043561931449,1.4744920885998403,1.2576974395271834,1.4193111558570253,2.1247179779747953,-0.37353263596749875,-0.4883617019439904,-0.42604937630510226,-0.29618998546725267,-0.15671238338664825,-0.10795482849971133,-0.12686052706874365,-0.12484761463211104,-0.2564984948811811,0.12910550097613324,0.3315833559245397,0.5832796947104707,0.5533925735771371,1.1443455532871412,1.3469376847344074,2.423414261001176,0.2866722893672893,2.5965328674222095,2.510272036080466,1.9347617842652298,2.497829288573427,2.441164834648328,1.0451568960886908,1.4145513798698592,1.3123727745571645,-1.3177715531540355,0.5789105464317856,-0.5637125578971702,-0.4170301713417911,0.6718778634746011,1.2561192937471901,2.1391586374407363,-0.95412195036214,1.3351488460124474,-0.08104950984852749,-1.2942207413205478,-1.1387647735423627,-1.7084224936292225,-1.2927514463456682,0.5404693559940399,0.5108107223589886,0.6992490897007922,1.3810892610486134,1.1505063872686982,-1.745007739907635,-1.5425395371119015,-0.6036001295561523,1.9307825782545647,1.175097804026272,-1.960468151313466,-0.7927469752095674,2.52817296649558,0.05256926371481423,-0.5193291274433773,-0.5754218206290906
3162,2.5761791281338753,2.5582428846262077,2.544856049063496,2.5767831537845582,0.9185449838852743,1.0905355151525276,0.7979284608938142,1.0459077073035257,-0.4392204840145881,2.2053198002249697,0.6086665731755427,1.558846647774217,1.4130597377408025,1.786667803895792,0.7270190856635994,0.3073866551406789,1.667389601390869,0.6360971777841055,1.5865618531220904,0.7270190856636007,0.45064088581639544,0.5986525721141646,1.5631308176307215,0.6986088622690777,1.5385989297592308,0.45064088581639894,0.41820943293040497,0.8077162192122953,0.49763588967219363,0.036364218783161886,-0.30182024065955815,0.5937921250899258,1.0587122106925764,1.0720364720849687,0.9439492644485703,1.0946472455998975,1.5796317638920367,1.363495980114732,1.517655429238498,2.1974240171719353,1.223493986702839,0.579772119658659,0.5588572103595254,0.7327026484307471,0.8642422131334263,1.0625850084973616,1.0297475802640963,0.9755055233720713,0.6787670135261974,0.48868092443752065,0.6195699579158708,1.1174433976733382,0.608988091756312,0.7668178603019646,1.478687081189054,2.315762940750176,0.6783533949430951,2.5988978051014486,2.517095444817985,2.041061664943931,2.5457616890216124,2.5081776374750655,1.1091936648028506,1.4310158722762534,1.2930379167381953,-1.364020255177476,-0.3594052965630602,-0.37480326238658346,-0.39418089848103477,0.8735590829213349,1.3214063953077821,2.4645563158664676,0.04352578014720322,0.14183349131808462,0.10763320186875745,-1.5168045987987517,-1.2041204387744187,-1.9318129422673973,-1.4736935829549105,-0.40712386475319884,0.24964050800672627,0.45158331547582276,1.4272511431501393,1.1685541030841946,-1.6561928018138985,-1.5621827536867412,-0.5950834320996634,1.926460177865311,1.2626033667552812,-1.974553906865687,-0.8247299774237915,2.5356911078203916,0.05995742576745098,-0.5327341292704051,-0.5650907417574478
3163,2.436764440452098,2.6589319027675185,2.5038604813331067,2.6718167507259896,1.2023798135557708,0.9931288276992525,1.1571016354486128,0.5762833000664789,-0.43168464637977794,2.0777067201849957,0.6175289668494374,1.7713575554319914,1.6595604065568734,1.9586683003005223,1.121438171997888,0.7122506056152594,1.8412913602344527,1.140894144445485,1.6906114193061839,1.1214381719978876,0.7817643220611695,1.0181412117357465,1.6899927453795027,1.2014636275680963,1.5847642932874166,0.7817643220611714,-0.09346982988626762,0.8803866860189742,-0.7040444046483212,1.9947986292610833,1.1392230103278627,1.0531487045148764,1.3066305768682864,1.4189456285160773,1.2626699015454486,1.3408142015904856,1.7504513214381685,1.5428311373273749,1.665613345016577,2.31465682416792,1.93357957932612,1.3847016134029544,1.208762629792989,1.4508402083843894,1.6551124856121293,2.0281409837918067,1.980474948347874,1.9210246361828818,1.5098624331428485,0.7137372752495773,0.7090187075172872,1.6684534111039877,0.9347303617880574,0.8994424246671895,1.4754733429314526,3.2261227524379286,1.0815579965211262,2.598280119487547,2.539989636184616,2.183682365605756,2.610139562260679,2.6033559308740064,1.271498038740601,1.4758467991068538,1.2470819125004813,-1.3805683282619226,-0.23054499367501383,0.47255960570579697,-0.29988627978961213,0.2793128838053719,1.572600826341524,2.3576570965044508,-0.09953685104085337,-0.8664027789003128,0.9634995163393469,-0.6706750805839992,0.06767955622021883,-2.1778917229912387,-1.3724765495605857,0.5499208215665118,0.23407903548662065,0.4470867463436735,1.463909041929998,0.9558770134622356,-1.1416236110992353,-1.5834559483772734,-0.6309387972343988,1.9195973392962162,1.3358870588142144,-1.9380062849330213,-0.8722996510570404,2.5326945714341584,0.06142060298513135,-0.6914620960293058,-0.49986044293769055
3164,2.6271865293423,2.6735269236849497,2.668712534140376,2.6925414730289265,0.7332203343872241,0.9068198727891574,1.004490231428228,0.9444001493913499,-0.4570392580699106,2.1593345891584166,0.701204655356924,1.8521377137999402,1.7500648890031612,2.023952637800805,1.2653626499666417,0.2704635728227109,1.977418354741523,0.9370672532126013,1.8067515403628172,1.2653626499666413,1.0261233643069947,0.7545141446928176,1.8073696098571026,1.1411711934892974,1.6463386638501285,1.026123364306991,1.2009449519877002,0.3241503084068554,1.37963814334461,0.6373381817704316,-0.3428374063310629,0.9297879922834407,1.2447822786809335,1.4170013390571634,1.3418892199327186,1.40272994758467,1.7965908381173845,1.5785044067284866,1.7092294236010128,2.34046724878478,-0.5417450045630318,-0.3420727390823983,-0.3641087679399862,-0.2170644499150453,-0.07852166558514029,0.047193306192541654,0.02044619087284694,0.062244402796973075,-0.07852809822642653,0.3212359694386797,1.1728109491587053,1.649991804895812,0.8402066064530475,1.0368815743508797,1.4336864357341303,2.453943837141044,0.02785807376193878,2.539476334806014,2.5939048704085503,2.3260663047480734,2.619331187020194,2.668702727989755,1.3403773016830072,1.415232520756939,1.1143923218858713,-1.3572104502422342,-0.08732004079487007,1.4765370373350268,0.26198204637352546,0.42660176909814196,1.5934645855944682,3.7495618028616855,-0.2510659978850396,-2.060344171253393,1.3588663840839594,-0.2515170018247208,0.6842088439878758,-3.493815830164005,-1.3312373965153705,0.44943888785852415,0.26047400506720986,0.4676708699657955,1.4071610044138791,0.9236270436553112,-0.7064390361169782,-1.495085523673557,-0.7230154896750572,1.9159588152978853,1.3918907490412944,-2.0271619922007647,-0.9021666278887758,2.53667926228003,0.07227717156456993,-0.7747561354924365,-0.4803385429985948
3165,2.713579541090518,2.65524675981309,2.6253696327568306,2.60254853125993,0.2904853238082386,0.43122877490818934,0.5411142500960541,0.4802752793857013,-0.6610355198396034,2.2299202517303782,0.5875340291549773,1.584763347642002,1.401891051951223,1.8220396253707427,0.8201235082157214,-0.8276596269022273,1.9564926539307308,-0.04600106369518688,1.8760822822937044,0.820123508215721,0.9497779400410739,-0.24801944820099492,1.8358238024336957,0.35993128636954685,1.7011162525351284,0.9497779400410742,-0.07555305478643053,0.10192125805173224,0.7556120960789815,-0.8605299494067764,-0.07087231139405498,0.31294288804215564,0.7300381354316701,0.95860229918428,1.0732587960274644,1.1793636806193404,1.6373045566777584,1.3909658718506208,1.5910723853347615,2.2225422513533855,-1.0094301154681704,-0.6674824195594,-0.5979898883964619,-0.5061849982179997,-0.38522087627518614,-0.29633484546046407,-0.3314417053839267,-0.2705452616023395,-0.36118164715405127,-0.3541806691666578,0.7035508349660055,1.4629379859460385,0.888586898033741,0.9140938298518599,1.662307444597632,3.031286166933376,-0.5731762093314862,2.4979287593910096,2.620921329842055,2.4576455370067576,2.6256286147135945,2.6410434372099867,0.925768316314071,1.2744360564522368,1.2094531287379593,-1.3801445571805888,0.5846509917680577,1.5824329631226992,0.16388770682380516,0.6845559910414317,1.5249232162353892,2.809540886174465,-0.982651779125125,-1.5367595281875885,1.6168413538933495,-0.678561713851355,0.5009695158401034,-2.4366078729869773,-1.2788663816842392,0.7663585471943928,0.46155735699727246,0.6680026305069697,1.3984441455116106,0.9667703640696107,-0.5415012943807835,-1.565913963571132,-0.4818522948222009,1.9045209573779942,1.4020954683408102,-2.1612850611713474,-0.9150183707930915,2.5347605492459935,0.07344403654369216,-0.9822775153066173,-0.48445025351263526
3166,2.5514890546231492,2.5631795484056616,2.6020788630987033,2.567604827280412,0.04180381530879596,-0.0035928568176627424,0.6824915410241129,0.24302287631758185,-0.9849245766104938,2.3502149540017117,0.5212570187104711,1.587537270418673,1.4121341592873888,1.8164089675822233,0.39758307198199416,-0.7812993107675428,1.901276157816171,-0.2708764033095874,1.9025058775365897,0.39758307198199727,0.7913217021550609,-0.498924749532817,1.8334669135379713,0.08232549782804341,1.7438846245002997,0.7913217021550627,0.04055422208369238,-0.4224498401899187,-0.8365538045991556,0.21158843755580262,-0.7781079047103169,0.04845083320716338,0.5726088752092247,0.7348811775487194,0.9797487793096612,1.0886004901945663,1.5649799219096374,1.31714884701711,1.5521066160180674,2.1760510886703117,-1.2303561232368925,-0.7962156422867728,-0.749637790793882,-0.6777940306074491,-0.5750764123005037,-0.4837800262382898,-0.5466594411389006,-0.47442010387710076,-0.5398252832948031,-0.035074521914432805,0.6138437417440762,0.7371590507711013,0.9193432189786972,0.8565828112901682,2.1222941714860646,2.7016586930356277,-0.4455799797246605,2.469942203388329,2.6366346105168814,2.570000268044393,2.587181583405597,2.594210944467501,0.9317558928956741,1.2868309487827871,1.224600496983295,-1.4045079892037153,0.04761444797945896,1.3215244129500805,0.2450678839451611,0.5177464553981722,1.9489171436083406,3.5027729878891933,-0.41064787922307255,-1.7169045936849143,1.2033320333824034,-0.3832332839065228,0.47609952677281464,-3.2397838994060058,-1.251127360574838,1.0338768762105912,0.7887517455032499,0.9911618941088743,1.405742183586908,1.0264926403914845,-0.3784331696911068,-1.2530895496294832,-0.15526775384396405,1.894404913511909,1.394104320787062,-2.15149283068221,-0.896020127485927,2.5348622598321224,0.07488991936316276,-1.0420111184449325,-0.4983129376283154
3167,2.486867525034555,2.5345311653110882,2.506742303966963,2.5173290840760534,0.19061901248349392,0.19590689362806085,0.022086031724376474,-0.005147380765450401,-1.031915716321198,2.3733901236545267,0.5106661842044277,1.5281058973055925,1.337146665594856,1.7662695435029407,-0.03142261592430138,-0.7912856828020384,1.8064011043357924,-0.5352476337739664,1.8868394064675176,-0.031422615924298264,0.5477598963647088,-0.755920230309235,1.7954886795452274,-0.24742758699189715,1.7695130420109058,0.547759896364715,-0.4201773657770695,-0.0008518168693372134,-0.24263051516887624,0.3416827618128908,-0.07956335643294668,-0.18933770308433137,0.3487164496367427,0.45832229836125093,0.8445949245958667,0.9629185457529938,1.4648947111753792,1.21413610763121,1.4876868154518068,2.110034083096422,0.7156100354751128,0.6975870444795043,0.5768977798188523,0.6256658708267062,0.7101739263821786,1.1970777613573378,0.9537192996571523,1.0202098642419162,0.7359773330751258,-0.1376828750297601,0.2778766799202341,0.7014958972840784,1.154386171021598,0.7060242514788398,2.098194488893823,2.5300484271053643,-0.24300699607134227,2.451386230421174,2.6407869744300254,2.588692063397531,2.572512132234844,2.5725509687303876,0.7665603357329323,1.21914412254618,1.244859264747553,-1.4373284066062624,-0.14926833700328163,0.23965652174419616,0.3141682649627629,0.4077517854502431,2.8186643928583477,3.131466702801443,-0.20838415887850645,-0.46882344354976235,-0.15035005028885445,-0.17138563627983644,-0.2443875160383659,-2.935832193939215,-1.4055047973279526,0.248773762898237,0.829466642401881,1.0399678924935882,1.4479480231648905,1.0866617372666816,-0.25326412334612713,-0.7614474690983547,0.133720405380471,1.8843308042204523,1.38445364624348,-2.2102753608207357,-0.854481638083392,2.5323731528226068,0.07715990525097882,-1.1024989718418252,-0.5169576641120591
3168,2.5046694992942276,2.5008646413436537,2.539148794842379,2.4815286751998666,0.3401498604075355,0.29040342595061025,0.07068506526427255,0.35857319164368107,-0.9721702131655506,2.3230916470284826,0.3708698061645107,1.5259141935548919,1.3421373583533158,1.7564372176168273,-0.3545271095488207,-0.5951787460259289,1.70425448915316,-0.6020159066461901,1.840876488247947,-0.3545271095488158,0.2901968008222963,-0.7953768641571203,1.7398431479109764,-0.425258897120324,1.7777314556511474,0.2901968008223013,0.378737364653113,-0.04651191143913781,0.29359390262606105,-0.1418275065331584,-0.7805012925585907,-0.20205645905696315,0.22323268822364428,0.3273810970972983,0.7474723486080601,0.8749598761607636,1.3921076562250558,1.135063195485034,1.4414973961216075,2.061419165394566,0.12092756396987656,-0.11021357532688024,-0.1347276686961081,-0.12435154021384218,-0.026062477916946224,0.27790302981847415,0.10350680192964433,0.19597808405099318,0.030016988860385205,-0.06672478129726461,-0.13195250379994378,0.44662486718789046,1.3420056701159009,0.7462576544927201,1.9049106047510724,2.851387924327967,0.07358229436395164,2.4360233292908053,2.6388390169227884,2.6049283885986596,2.5866142002660464,2.581411471926345,0.5350226089937573,1.1239376027304742,1.2711862644082499,-1.4675507674260124,-0.5294444537852572,-0.017115795793771215,0.7316392445625096,0.1506969016995428,2.8190301433214344,2.830556445226039,0.1926206281973303,-0.502172696074714,-1.0206809230847211,0.5995095939598406,-0.17222146037952132,-2.769060388694258,-1.4867327620101305,-0.056630100062747483,0.7582690446144998,0.9815469750075202,1.4874758072801613,1.1594406972861402,-0.14018490284307467,-0.08911390530112244,0.4404855632260922,1.8744346618798207,1.3655152631629117,-2.3236924221475372,-0.7530282535040603,2.5273052876592494,0.07135087317472105,-1.1407724644427573,-0.5343039210453863
3169,2.4628906527756707,2.438253262354304,2.4722739885448295,2.4551165705728644,0.7579629420394748,0.3450627366634786,0.4930241439644755,-0.09680870613543044,-0.9169170387805052,2.2473596402927623,0.45360546967544474,1.5421144218404965,1.3735280876275566,1.7600719801057083,-0.5504208111377217,-0.36040866607366573,1.6097427365445356,-0.5661335199476756,1.777619702606419,-0.5504208111377187,0.055620882063808025,-0.7182223553251542,1.677454947646066,-0.5019578753897452,1.7707339000798314,0.0556208820638073,-0.2662277353182565,-0.27268709958572157,-0.1145899898974202,-0.005496936945647191,-0.7479789594151345,-0.09520342154473427,0.09822448653542125,0.22974877084259177,0.6937234394395642,0.8083437435287791,1.337912704257117,1.0787553763753108,1.4101155508349092,2.025406989127099,-0.6142539623397801,-0.6230715976616755,-0.5815497353382723,-0.5671766774449848,-0.47003197742781977,-0.28749230409500115,-0.4164207011535466,-0.31525503389106524,-0.40705197641458274,-0.012692156438195776,-0.3041839249413275,0.6683926667670609,1.2117251173665158,0.561400964400674,1.7907161853928681,2.7029919107827256,0.21071049846760093,2.417309563388335,2.6348994742393117,2.5768943567451434,2.568011630873203,2.5374263087833713,0.4805222611551567,1.1458192368928266,1.3401954263652411,-1.496993513706521,-0.7710655024558469,-0.39115340039252694,1.1080025583375532,0.1941933930777675,2.4758304948570795,3.268509808094121,0.4449752090471998,-0.24248490801729056,-1.9603941809567582,0.9516821569531144,-0.5079346680304148,-3.191719643712836,-1.5133797896740304,0.15350327445475173,0.6906476309513948,0.9304277425117552,1.5425247325361156,1.1804727532455155,0.03707171618614535,0.24094710537532002,0.5892307877249018,1.8652972474918112,1.3486422241110063,-2.459175283176583,-0.6644998627736582,2.5209487878244854,0.06960321880697921,-1.2789107452847548,-0.5839795224462473
3170,2.421888844028432,2.438693480287832,2.4172498814659362,2.3582215697218194,0.9812114823702832,0.8835852384415526,0.8427744671465153,1.201752129706599,-0.8932374007434466,2.1774388269974496,0.3988566649469299,1.08018545668671,0.6900032572871737,1.4509182167169203,-0.9761362127384321,-0.7884602396557403,1.434400877061624,-1.100263916013804,1.675120045387454,-0.9761362127384291,-0.32757501503271624,-1.165899118853471,1.5575260767189034,-1.0488850469483484,1.739540573554038,-0.3275750150327081,-0.2071043552538566,0.1783242080065759,-0.12029894977026122,-0.5192748173146768,-0.14154755910313033,-0.4146037381411645,-0.28229914399119943,-0.11146396207301136,0.39720299463024783,0.5479319941269495,1.1539140880938834,0.8799603905341176,1.2755609588680974,1.899833964858882,0.6539804684400276,0.2724343342268146,0.38261651231866783,0.2747030994746316,0.34991210888766405,0.7869564763323019,0.5428911596975933,0.6605001730901275,0.428801208284337,-0.47165334923246877,-0.3622860116831395,0.2622911829004263,1.009791326980476,0.5677105819845608,1.8431816781683086,2.315284870989046,-0.23354172640135945,2.4125234320227,2.6144479437935035,2.5675051095349404,2.544960514878441,2.517860719987589,0.11384126385280424,0.9619821982690252,1.3314315788826458,-1.524820701244499,-0.7522839960798751,-0.13841653329845827,0.9370395986778257,-0.09519691023903479,2.2519372515912335,3.135298859820001,0.4163464185707703,-0.5643378146328251,-1.4320069596828535,1.1271941754661288,-0.006780548024530873,-3.198965716482337,-1.5250895483151536,0.3759425768028768,0.6566770293579348,0.9090612160295944,1.5831501321692907,1.1787389837839377,0.11180848298214481,0.27780364673109637,0.6582996485592929,1.851971769636142,1.3222853719791516,-2.4549254184365097,-0.6527593100292569,2.514114529047171,0.06931471292447706,-1.382418720394747,-0.6325876770811101
3171,2.357364890227094,2.3367381486862864,2.3777491803044324,2.385117415534374,0.8837718825417732,1.0038555156252758,1.0517554951061066,1.2666717821882536,-1.0933120344810032,2.291743800394172,0.2956112352668419,1.245386446133166,0.9620559013754549,1.5528841188210338,-0.8964775069259295,0.14499180720904817,1.3612786536586197,-0.4457991065496854,1.581903009984692,-0.8964775069259284,-0.4828252802350195,-0.4725201393074166,1.4849610099316635,-0.621418363158254,1.69927391110935,-0.48282528023502147,-0.1097264212589608,-0.5765681415971332,-0.28762640364397873,0.32209374048548917,-0.827848198393918,-0.03260977716938524,-0.11357698686520815,0.015750970701853148,0.5047446089961668,0.6209441036312954,1.193619434870652,0.9320163579173649,1.3256505351470311,1.9327412045054857,0.05534498679315516,0.010633059715640818,0.13666817155415562,0.0746176864966504,0.1852003630258811,0.534290825396554,0.32054892364702126,0.4510772293888997,0.2518882435319232,0.31859347045142844,-0.18448528368440004,0.33381741583551927,0.5128138409114502,0.7026293977614463,1.8378887198235179,2.3144619050114237,-0.10119064038618435,2.393903823073416,2.603511993600411,2.5526944020103883,2.502515516367524,2.552776771435483,0.4091365473984442,0.9557268662816303,1.1141413160144278,-1.5312592913595309,-0.7101537384555051,-0.6148503889409317,0.592144997165496,-0.11865921555948201,2.333387651977878,2.5734648747788254,0.3680194951912675,0.11811717004637907,-1.5080184247337678,0.7863771667368218,-0.35133914925595344,-2.639382926184794,-1.435203231438304,1.0578906969556297,0.8619802849779218,1.1091035400616835,1.5822861211381016,1.195245457108257,0.1670763695207484,0.16015452825560583,0.6410805400295477,1.8408745237657493,1.2851747855134568,-2.4766762289765136,-0.6566609103883432,2.5082087563641964,0.06502734761939813,-1.4558557097631486,-0.6727954907989924
3172,2.407995197942015,2.3803312993322305,2.4293264528449736,2.376297240941374,0.6109455649200245,0.8913580451331539,0.5147736492663498,0.9509484286014329,-0.9850340065141291,2.2835231316611595,0.3158826015428958,1.3096272275691763,1.0685310686825327,1.5886994312202918,-0.7655792936273984,0.24269885685574435,1.3104124816825757,-0.30410420542792777,1.5024396954824566,-0.7655792936273991,-0.5712028176674274,-0.27102896755060557,1.4238063376813248,-0.522135521699305,1.6542554693485363,-0.5712028176674264,0.5055889704947715,0.48842610879316234,0.5137919122892668,-0.2298672533837939,-0.9364064561243628,0.08469117767307575,-0.07624178749475022,0.01938650045687498,0.47072334438372154,0.6184968292146847,1.170753030928701,0.9132035291643743,1.3219622339934884,1.920304182206964,-0.32453003593953356,-0.3548193344350327,-0.3399035799417622,-0.297052839546074,-0.1992097752559106,0.01802853017446068,-0.1250943405319143,0.0018676720841030192,-0.1400896420661716,0.0911218972841633,-0.06824219031400139,0.16595406270588933,0.56061043162653,0.9801071755768384,1.7702399769007995,2.164692704316466,0.08637579778042292,2.389061569747997,2.5891139237605394,2.57349754455374,2.5140557268947266,2.520305644101743,0.30567482570768534,0.9948132633059452,1.2418126704304484,-1.543278999638608,-0.7839226453943771,-0.6203475902841995,-0.2219381162236538,0.1085203525623449,2.330268416390167,2.486924206367061,0.4436333277626458,0.05048792784439705,-0.4111356155755973,-0.37520852326143794,-0.5940439097488394,-2.4389899835992006,-1.5794070208825064,-0.06138371996741665,0.7439601697045019,0.9971650991074119,1.5763470413563145,1.1930445146245878,0.33909292627503046,0.14868505153251493,0.7590451898248829,1.8295622230679371,1.24956529406812,-2.5009264453695654,-0.6239647884350926,2.503508729331733,0.06283031560463662,-1.4980478660806988,-0.6987963331950053
3173,2.3688866292998254,2.420184921487703,2.3721426672436174,2.4683349748086494,1.1719790044382243,0.5658150037813368,0.9527068454261421,0.9851465766475542,-0.6903921802267038,2.2238560921746786,0.6279244218444773,1.5978892934238136,1.472647170830091,1.789786802029922,-0.16272749659454339,1.1169753975131902,1.4016259296081097,0.6313880377541441,1.4809596550084692,-0.16272749659454036,-0.35395580412215255,0.6658830704119102,1.4493173390094167,0.2909807056627669,1.6237588129035296,-0.35395580412214867,-0.22543575205377664,0.47450013162658045,-0.11094059454293817,1.018948323556881,0.14085207713339803,0.7007586384637567,0.4401872789571892,0.4283718373187323,0.7545996363883465,0.897560277133175,1.3314748618991674,1.104658955327474,1.4690351164852615,2.038367228931842,-0.21483033443905222,-0.13084319635284314,-0.3094897803507191,-0.22187332006840169,-0.17065490349355725,0.04958671864525408,-0.07663783805383245,0.06223729993333744,-0.10295919283852162,0.7672329525380255,0.3567828282489692,0.17529449184795184,0.6244851075951467,1.4033256406987689,1.928411749629552,2.1853384579203383,0.8810617470020922,2.3818715519356357,2.590013945918818,2.6189200310363754,2.514440853423712,2.5298285679538957,0.737044261793409,1.1909670487186288,1.2234652018089938,-1.566306087986006,-0.8023231567451216,-0.8019069730401363,-0.2557632897341706,0.6169640405246921,2.2117651640247358,2.2723933897110435,0.4563365091911495,0.2756269986683459,-0.5730737657772282,-1.0420145709864606,-1.263892147277075,-1.9824786928775304,-1.6781647826736992,-0.38016077830221046,0.4282988064387375,0.7073462532551509,1.6334690975303046,1.1986700760672477,0.614653095960371,0.3108425932039412,0.657270006475626,1.8202183520672068,1.2345393879411535,-2.4620167649805045,-0.7093163668110974,2.496272532014075,0.07260110473744835,-1.5341253649339488,-0.7430008445508766
3174,2.4456537070655773,2.409020574189617,2.459383931033703,2.4318232139345026,1.5081523442439182,1.2760619744188701,0.997062280757345,1.5468263904135768,-0.24881865259867098,2.0827110677551266,0.7149525029457174,1.5897358562318693,1.4689272380482357,1.7760306767602547,-0.01824503035351125,0.2669145873498737,1.4208257131058462,0.16339642312444058,1.4731599085628067,-0.018245030353508208,-0.2770241520340345,0.2361549138260528,1.445456754820639,0.017491892955689523,1.5985776730962782,-0.27702415203403363,0.7614884310144358,0.09822691853144826,0.7175963174819672,-0.04453234890552871,-0.9683171684592741,0.5023288233467856,0.3853061862948057,0.3204585142106859,0.608996310633931,0.8153207928061094,1.2576581241892653,1.0288360971662711,1.4232248914706151,1.9892618505862105,-0.6705522423309552,-0.4252683857633372,-0.5092462339633077,-0.45158543593734374,-0.4081658252610439,-0.2581541244983244,-0.3478985142125571,-0.22144273248329827,-0.3353763838041028,-0.07440951183823452,0.32551985848313625,0.016607273751084232,0.7932753771116159,1.2648674646960378,1.8934746019993196,2.2230313367255103,0.36983338188066756,2.407562702768463,2.5709623563893813,2.665067077312111,2.4875753541261734,2.505672180984723,0.683087122455914,1.156408760547132,1.2118004915623302,-1.5203696569819438,-0.5496802339081005,-0.8206955922018793,-0.1541846833611713,1.4205024780500326,2.4849446930498362,2.2810047192811607,0.19218691647101002,0.5553062591803776,-0.7387879911435633,-1.917125679500734,-2.1156076300850573,-1.6163557262199122,-1.6821022965395043,-0.6130079255890639,-0.02916575450718203,0.26742936724940075,1.6077278076693255,1.1481058130703434,0.8873936966646421,0.4957809885793551,0.44981670701182336,1.809356854128545,1.2201409942956396,-2.317116390401056,-0.811683095103872,2.484551573953904,0.08495209233714218,-1.553110124634615,-0.7966976613354725
3175,2.424069433592425,2.4171977189834246,2.449720379585086,2.4270795837032364,1.8051601569790896,1.4857004223173336,1.3116504157930593,1.9437976452205585,-0.3704256737250267,2.075778785281783,0.6827124839639812,1.6472809732698839,1.5493530215852027,1.8118620489972173,0.05643795073455722,0.13770136270659844,1.4337716547235348,0.12384184699471514,1.4723182812142168,0.056437950734558415,-0.21203678164444675,0.1994807732986508,1.4426064130507967,0.027244613828284196,1.5778345252190273,-0.21203678164444018,0.10696356395934584,0.24374774698482563,0.023682802368081356,0.1116120901995593,-0.7851768765814421,0.388538758473728,0.44204566352214747,0.3794306299940769,0.5707790267835912,0.820219565246318,1.24190939024804,1.017833959120517,1.4248195308307734,1.981141926627893,0.1832327450734849,0.05015863301970501,0.10148987119663501,-0.04956887366969301,-0.015024238064574223,0.2175411116777918,0.11432530089303276,0.2438443015287492,0.06265115602719758,0.12975056493453324,0.6385624810233165,0.20928578798068434,0.6495739653730085,1.271781671306107,1.8696884044119568,2.3093688727362776,0.11501487369150323,2.463581071074494,2.5338437794172384,2.717994569671048,2.4721769963941607,2.565880431703275,0.7292340380709569,1.031207647630087,1.0019465976681885,-1.5452582160330275,-0.5472483866363862,-0.9428342713104106,0.13786740150793683,1.275415250166137,2.4393491930253006,2.3528888034026907,0.18110872095264188,0.7253288499330401,-1.2768062010159758,-1.4200002983571267,-2.0444893999801277,-1.7686472801477373,-1.4851850928020975,1.223810790376681,0.09083944421483242,0.39332154564082467,1.6500963782241458,1.1817202712867592,1.0261080487503633,0.3976415487318943,0.15263119255037544,1.7981290455226329,1.2028609291601422,-2.2116204707678078,-0.91735226820348,2.469058154153303,0.09570443093919881,-1.5766359990444894,-0.8605196608369694
3176,2.4221689148506913,2.3988086667689013,2.3617655824059476,2.3283174788060794,2.216058053926971,1.7421618650017119,1.6759112102617497,2.029083329934536,0.5616567628793478,1.8587272562967572,0.5565016384833075,1.1234501441029976,0.7923432801250956,1.4648173351644354,-0.35630620795112855,-0.7595093739395253,1.321746503449857,-0.7102657107771322,1.4330483524836182,-0.3563062079511274,-0.4055412146499641,-0.5929294085570941,1.3671916222498324,-0.6670129558829767,1.5453126180150678,-0.4055412146499619,-0.44127425729851183,0.04326222642973895,0.1597281288842059,-0.827671816472314,0.008964251128614273,-0.18873576641416898,0.07414860830513346,0.06560181176168678,0.2570753762186253,0.5616180602326644,1.05384788549668,0.8085307345930708,1.2822641878567003,1.8527578340510407,0.18932765855765574,-0.08695296258994895,0.026674705270836443,-0.07290669966360366,-0.06715258929176054,0.14045817008686176,0.05380898716361149,0.17898213174803126,0.013237794797808785,-0.5071518912378982,0.21017445168556526,0.022215935289790947,0.4276748950915647,0.5745994315045302,1.7212455787665744,2.0085076467879266,0.23118393808579185,2.5237538026260724,2.4800047653222754,2.6773701390043776,2.4507790760821964,2.535297154994524,0.3424505451377862,0.8578652237882413,1.0189251396005357,-1.5657953398465159,-0.19716181185658252,-0.8027924088702189,-0.06535444399767285,1.2782667641146062,2.3958963645585567,2.5077312281948685,-0.20691714185030807,0.8876540926749134,-0.8429468747445282,-1.634151511225416,-1.931490333444514,-1.9356951822157942,-1.8943272149650348,-1.575054287471839,-0.8938495521994765,-0.5385963572801279,1.695404095976637,1.0903318236022461,1.2432968809161713,0.7399321493280042,-0.19361017933135227,1.7804984669521242,1.1771334438113457,-1.821721606242466,-1.0364664627068625,2.450935057218242,0.10486694333113017,-1.559841622561691,-0.9404345988604335
3177,2.3464290109834756,2.3542365482078975,2.3622204336034223,2.3627745573199883,1.8030179572007432,2.1625856704550293,1.668563386057453,2.116099814118562,0.4223477576225505,2.0111795316230276,0.7318742596549627,1.302998573252695,1.06810522814107,1.578639875123335,-0.2925220532806575,0.11758000826194409,1.3024099815375432,-0.09895401504647333,1.4002357908396335,-0.2925220532806581,-0.40469064817564476,0.0029967523236239493,1.3386449231230264,-0.2266304603028665,1.5133224845270545,-0.40469064817564254,0.15838087047194624,-0.16471730152051606,-0.37943575135292523,0.2273735140253599,-0.5021039778268941,0.050509836838385155,0.30871354561352166,0.2950378746929767,0.39667332726319626,0.6834517118422854,1.113687641652666,0.8931754752997568,1.3437498878723166,1.8955600928356067,0.043930335953368635,-0.060907167845458285,-0.07656245116200133,-0.1156261890206367,-0.12698902502697976,0.0673163369709384,0.021933222667352984,0.11015740295817858,-0.043834011786892994,0.3829000303848372,0.3598831676297331,0.22773688644522994,0.38200269703222894,0.7044923044874899,1.6440118688762564,2.161812250415637,-0.18150872365629092,2.589176416361337,2.424834517724149,2.638206572192763,2.411699456435419,2.492950299386457,0.6878579687699168,1.018702332606409,1.0129025888941972,-1.5644035847263769,-0.5825057584809096,-0.9315980281758294,-0.435259906616871,0.1393103592226588,2.1331948270829617,2.1071972079179364,0.21046560957835725,0.6766236973224601,-0.49249559711401475,-0.6293360710296492,-0.854131347907956,-2.067521382542195,-1.499771255809242,1.241428255512586,-0.7505957618930876,-0.4031725426140064,1.6670130788172997,0.931717346140202,1.3410761246052052,0.85782637476809,-0.3543991225631678,1.7639304072762996,1.1673458757722934,-1.5655549874701993,-1.168050432401914,2.434683531829799,0.1201150368239703,-1.563027642038983,-1.0063288557764982
3178,2.329112811045096,2.276439283117791,2.3038386362279075,2.3033703104334884,1.559513977665816,1.7000430886998354,1.6705182218389925,1.8535512442138415,0.04084402516726653,1.9836695029580418,0.8482367445169358,1.100007017899578,0.7884528421374968,1.4372179175439568,-0.4838487183127232,-0.3515682463222003,1.2206580070479949,-0.5202743456878675,1.3502385690115724,-0.48384871831272386,-0.5297042979133513,-0.38230523045404236,1.273570034318527,-0.5818825164825887,1.474065325918818,-0.5297042979133518,-0.25906305373231625,-0.4360755153339299,0.031067337869894223,-0.18365407239366338,-0.7266308974858302,-0.13720554583796116,0.0982335331286631,0.11788197357945349,0.22538438421613435,0.5340728406285753,1.0013096095673624,0.7774037122169112,1.2608901578932745,1.817998120766571,-0.2248683043777684,-0.24485121760723141,-0.30215270695580726,-0.267544086210415,-0.29020193692252416,-0.12474420844389005,-0.1602383722667349,-0.07301984404975051,-0.2041370315351619,-0.2574740258617402,-0.1629879940296205,0.15266845045351643,0.04573954985150405,0.4523641812220252,1.5119091072514417,1.9094748903810235,-0.168788174651012,2.594277841059922,2.3967314637801724,2.5605776756033807,2.3740871431043677,2.60578204595904,0.5694820111445619,0.6565941558923144,0.5763802814498791,-1.567338871491488,-0.518572353307014,-0.7804078814003108,-0.5502204087292764,0.17622760036547802,1.9839100146081252,2.272972290181501,0.13799359141953224,0.5365470490268085,-0.16246095170710292,-0.7930881987043719,-0.7765105963970234,-2.217228148379043,-1.4247895034013625,1.7284122064976464,-0.3547870490425063,-0.022308002896700038,1.6536431328064378,0.8083589704283193,1.3077044547721497,0.8894382772391273,-0.44095923459422365,1.7471334790404416,1.15519846544837,-1.4559635109590292,-1.2765658211180553,2.419612479826559,0.14289586702095447,-1.5727167020025072,-1.062275901382323
3179,2.2891765766097754,2.2471819504470765,2.095662924451955,2.054600494181107,1.5432767370853135,1.5955524038283007,1.4037815301303467,1.809736749775651,-0.05096321903391866,1.9846564847471804,0.6882087632310614,-0.28997670891179,-0.906145855863031,0.41159129062988964,-1.6859719078500357,-2.2028063285255453,0.849776282797311,-2.4423484668169206,1.1896774393629763,-1.6859719078500361,-1.2448352621868601,-2.176618950704163,1.0283694952847133,-2.3055326297296492,1.3912386313650575,-1.2448352621868561,-1.3489487815335004,-0.07340478660780267,-0.13918411881532416,-2.2775621590478905,1.4319241922220602,-1.3403609522777533,-0.959247336628717,-0.8576565933000101,-0.6122294960950593,-0.15185211330770104,0.5327751973724426,0.2565675404249617,0.8834673411016919,1.4949554874806126,0.4276807663617678,0.2885285871951101,0.3287148721732923,0.23403273314809817,0.1642581306888902,0.43552334433233875,0.39366919806229345,0.4867188288493559,0.26697554402163487,-1.5908006590070094,-0.9356511966287505,-0.4766073218074817,-0.5951557697074152,0.13885077400603432,1.2585145105467335,1.4978758215349595,-1.5159951614902243,2.607853087074503,2.339699634347464,2.250546200024566,2.341874848740179,2.5604690141354247,-0.5449145083451493,0.14045319940431616,0.5874185741448098,-1.5836616928379492,-0.7467220313081248,-0.8308899382532992,-0.9853448509038523,-0.23599430527957285,1.745083855405765,1.942538413487806,0.380065258386056,0.378661114755339,0.37061011541692024,-0.7581552744216646,-0.39488174572683904,-2.0688528557599666,-1.5353949268608933,1.006616900760843,-0.26488960191688893,0.069975666383247,1.6678627687109824,0.7812597533160285,1.1740105672492387,0.9308279601516267,-0.529633727021669,1.7319282157618312,1.1377590627292733,-1.3726936767448357,-1.3830047920792425,2.40337926269436,0.16179497253682043,-1.5752153450570163,-1.1180545384438998
3180,2.002650522474645,2.064149815388851,2.030665249141703,2.0803136482545095,1.7265621300739762,1.5773243743892582,1.4621727554109292,1.7719028733194506,0.3411761542838443,1.8175647891629083,1.202368455375189,-0.08079956339557758,-0.5828240382842014,0.5363158273893568,-1.8232052281151498,-0.26618485045841606,0.6579301645099548,-1.2639537956773936,1.0173134061534053,-1.8232052281151472,-1.55883259920895,-0.9651484170139126,0.8598426196588576,-1.5859634266292908,1.2899737710128818,-1.5588325992089531,-0.3678126867597408,-1.3079859555258266,-2.0023985204815635,0.828134341837541,0.05452036942276753,-0.7348261980134312,-0.72298912358704,-0.6216718748799712,-0.46981381493443974,-0.050017232178514295,0.5762408920607438,0.31952481182853454,0.9285938791978054,1.5277127862714974,-0.13517656914593845,-0.08362596740975993,-0.08291800635090699,-0.16275396795056257,-0.16725906028915158,0.016725053266521808,-0.012725462591790693,0.09378751344040807,-0.07089662500537473,0.2880816685245941,-0.8574074253158498,-0.18030426919609904,-0.3856494486424722,0.06404443973510776,1.3282138978734341,1.428182893751292,0.8215643179491763,2.6054773057640137,2.2946504256877356,1.930611322652331,2.3184214271612382,2.517024988319544,-0.33141317050390606,0.2655579605052022,0.6226062203465556,-1.3487374595137056,-0.061718273714832614,-0.7594526977856251,-0.8108385573823768,-0.776320668628733,1.2896475766635733,1.304753155440169,-0.30314094650564477,0.973197498602219,0.21858264784702747,0.08751809091635172,0.21801883466663063,-1.6657815258483943,-1.467067169367968,-0.17513012121353463,-0.6321560105393477,-0.32183462336782076,1.4456552550619413,0.6338585091537682,0.7771196845855253,1.0134830817997018,-0.5229586607039306,1.7143538020981433,1.1105688138591936,-1.1843115611674009,-1.477335524287882,2.386716831858938,0.19432771641905153,-1.5679737793408257,-1.1708811246461823
3181,2.066059699932124,2.038153687571744,1.9631458908546493,1.9057108124089923,2.4749593816892452,2.076353431144806,2.004543258247648,2.341564781438543,-0.07103332961272912,1.9132367948624918,1.2379126432699876,-0.7716512488813536,-1.3120673384922676,-0.04489319557708159,-2.4514865252752376,-1.1997513577767607,0.3152020513046817,-2.2429123083581977,0.785466203667688,-2.4514865252752354,-2.139897694294792,-1.8012122528809575,0.5914386465139311,-2.5148489236911025,1.1532475666785404,-2.139897694294792,-0.4027434382102756,-0.09249254760883162,0.597264743299034,-1.6127884826802892,0.5848598543221811,-1.397377893588308,-1.395799930150716,-1.250909727216898,-1.0266247824701822,-0.5326479792202631,0.24449074918417185,-0.048030506049957705,0.6585158275677184,1.2992834328521294,1.1532433862026934,1.068987463491057,0.9156117162944645,0.7879928405884071,0.7344716913708369,1.1341268436357677,1.0834214876009665,1.2341104262475153,0.8866261781763309,-1.1491051200261577,-1.178490466337986,-0.7555776576569352,-0.7533294453443569,-0.31415030453151677,0.9976696674184329,1.225101725778297,-1.4171267409535624,2.6123842278895184,2.234102271594908,1.6044500294056114,2.2891843330029396,2.4753970867238957,-1.1131493581849645,-0.0944301796683771,0.6352587828261693,-1.3685304829916474,-0.07507042366736923,-0.9408875732425438,-1.023812448626809,-0.9655413066265625,1.3837330260864293,1.087979205671423,-0.29547191495008784,1.2056068323265265,0.296411706198303,0.09452177182336846,0.27499340661324734,-1.5290887652786556,-1.2206095568254458,2.24048080891614,-0.20663521334196977,0.10243583496869998,1.512236904566374,0.3502411194996881,0.03599417930475263,0.9074068858839734,-0.584374370943393,1.6981502553292271,1.0575804961449533,-1.012317754151522,-1.5724254294280713,2.3697875271897004,0.2253281430031958,-1.5873254951067999,-1.2480928157326376
3182,2.106065514462898,2.103643598778421,1.9843994648533578,1.946013366191647,1.2542924002636675,2.627978301658215,2.0806140432861295,0.8711651206150602,1.0772971114586676,1.6710555953938762,1.0229483205535275,-0.5053637358118803,-0.9214479434916143,0.11918544586400392,-2.1589389339276988,0.5065365057516471,0.16599693801816537,-0.9747490577621184,0.5802033450551076,-2.158938933927698,-2.273811450002086,-0.46646618554702407,0.41858375460849473,-1.6136960550406902,1.0083237417989124,-2.273811450002085,0.2536397620735888,0.6570493171227557,0.4250199667836978,-1.627607097403156,1.142808869463413,-0.5776696744559195,-1.0160532993899263,-0.9426644898575984,-0.8046723562110716,-0.3966576400883272,0.3187328895962926,0.0459849998168338,0.7248921492989164,1.3500828144208212,1.7681546046966727,1.8853744919749502,1.8536889863723762,1.7731540577228255,1.6768662702870922,2.291442719055531,2.204851065281263,2.4563608031248916,1.9425744711534,0.3771554455565448,-1.1773658586702098,-0.6451995808911135,-0.586260848418464,-0.35330598964947774,0.9943195724255853,1.3485947366039805,1.1680337357414043,2.607156800069849,2.184024757389698,1.381886751768533,2.2851623351713397,2.4354108945706003,-0.9230926399312864,0.05783595042066079,0.7281919453959707,-1.2707485282384727,0.3643356027355866,-0.40257035728310225,-0.5507076659690067,-1.2977556837990798,0.8166690090920751,0.7643132036577933,-0.7473886681148562,0.9138512893722367,0.2813216025892979,1.012743647342861,1.0394646596632622,-1.3527412390438212,-1.6403357033040322,-2.3146824096887206,-1.394567403949086,-1.067513265612035,1.3378233780032962,0.3792746851548849,-0.4075730586324621,0.6375730663986418,-0.6770234506107432,1.6795747318089016,1.033963780271437,-0.8458177116838823,-1.651263194852997,2.351745547608815,0.25083476521281106,-1.5479415970779717,-1.283923110783517
3183,2.0695930487530427,2.0493510435799376,2.030847715483125,2.0239740156154107,1.1338721639939506,1.2137629138547625,1.2020916581400747,1.1860822850019503,1.981967999789823,1.473751721978373,1.3655460402441648,-0.12363176702370536,-0.3860137657786444,0.36509767244445207,-1.345067861334814,1.5653250117900825,0.19255478634751014,0.17768252307019283,0.45258561501104244,-1.3450678613348128,-2.0201940426264855,0.7463364977755589,0.3532664666702454,-0.6182738018097721,0.8792498962229518,-2.020194042626484,0.4527061356584819,-0.33980772126063485,-0.17717500272551615,-0.49819335063872316,-0.07385796868244861,0.34771185987555786,-0.44195079190183423,-0.4824354591182143,-0.44464319683338,-0.16617600576658423,0.4602784442710299,0.21888582876950488,0.8470305969371815,1.4477757994613463,0.09942037778875389,0.5612006150251776,0.6419781245317543,0.7519408918630813,0.6690897354514689,1.0374390355414254,0.9691255461201508,1.212886626703686,0.8787540045233745,0.6670230797580572,-0.7375075775858947,-0.6913022281624617,-0.3532710795200021,-0.3799493163533955,1.1688554148385641,2.3280980177237978,1.3257019777315682,2.6073167660565173,2.1372867340878936,1.1775909533060904,2.2584301128766757,2.4181822671837185,-0.43584403214087236,0.2594445787284606,0.6819881533520831,-1.287249992088941,0.4284767753319536,-0.4757669677313284,-0.7400889932050804,-1.3394979558347284,0.773485118487936,0.8932594818607178,-0.821959671003731,1.0757196323028997,0.4555440085533457,0.8652461404055217,1.028282529343468,-1.4967513924638667,-1.5320440663612174,-1.4436909646660827,-2.3417065747396673,-1.978975753968858,1.3460805802386027,0.2059084912368725,-0.7092998083521301,0.16274297288412684,-0.7166090312108473,1.6482748280336939,1.0049791629850615,-0.7695333487043717,-1.7236376869739283,2.3237723934111036,0.274347441208452,-1.4847938960533746,-1.3198924919135975
3184,2.039525644152793,2.0917855321435104,2.0646986011752384,2.064535602280042,0.3161027489604028,1.218060740573704,0.8891716035721207,0.1823453714336545,1.5800915437487995,1.4306430806283692,1.439815638534751,0.0972309676969856,-0.08802818448842825,0.5122357192171093,-0.5856160535829448,1.4797515756388235,0.28110620762998073,0.6022428182881662,0.3978162986228425,-0.5856160535829446,-1.6434819537395537,1.2014479446748616,0.343676464162352,-0.09283776657395724,0.7743203116483514,-1.643481953739553,0.35780307790000543,0.4680730378898336,-0.14087184145688586,0.22209463002552712,0.03750285239107566,0.6337319041636796,-0.07670761594526412,-0.2034161325844886,-0.2188162145074666,-0.04563476733148943,0.53328279256078,0.3124805434329183,0.9115372126729445,1.4966284107945793,-0.7024221688580099,-0.23203518492495845,-0.12079563777722165,0.014196262151169694,0.012554237011011535,0.2184036061430655,0.1652766218576959,0.3789758541141508,0.17611080765040663,0.3890004796263426,0.27727588640176504,-0.5193446983869223,-0.2250305396171676,-0.3671111264087311,1.1003076338666038,2.6106142999967434,0.5209453285401019,2.5910221965731584,2.1055262966122092,1.0472536904201666,2.2357420764275546,2.3803701643754063,-0.14774987076057902,0.41692970103964855,0.7090373831971891,-1.2692850963274906,-0.12436953085025516,-0.42998724004968314,-1.0260423675686496,-1.3334534747368805,1.0874104095512187,2.434778852517066,-0.2180840919799004,0.459749354329594,0.9068925595408531,0.5533563829200318,1.0614375198491453,-3.0040469144605977,-1.1484061557791285,0.9658117152568974,-1.9116106525892438,-1.5851838022690479,1.27682065115783,-0.07709533145661247,-0.6410173485243978,-0.40396428326181777,-0.7663771190356299,1.6100626189415108,0.9744671189068151,-0.7789938496566486,-1.7731795197537799,2.2947724304149872,0.297631943854505,-1.4408748257157546,-1.3125280968201434
3185,2.0664866512253135,2.043164557077091,2.070777906691961,2.0667539011979517,0.363733917452895,0.3264540043652883,-0.06960602989437645,0.2403118916564744,1.4835510613965976,1.332435741064127,1.2283619624445692,0.18900100952771776,0.036409129531533274,0.5723171531941929,-0.11570445145407723,0.8947733052178478,0.35688060135855093,0.5142604454152527,0.3871724567085161,-0.11570445145407698,-1.3041209678109262,1.102084893895871,0.34741815052299185,0.034809186462979445,0.6913562421199565,-1.3041209678109265,0.1447768668081978,-0.30606094386894306,0.31205059845502386,-0.02914252720328873,-0.6425329509260732,0.6745817471722995,0.10290854976825073,-0.059905493340708105,-0.14138994273077557,-0.03735093833321758,0.5345835109335432,0.324681068428624,0.9176363944170289,1.4960241806503245,-0.07479264825813675,0.4111239711456162,0.5205650236753169,0.6698459109126736,0.645739495251783,1.012388887568824,0.9323068950235105,1.215555310500644,0.9000511103686346,0.1104512545774998,0.18508143115640285,-0.5291254153335434,-0.031832613025513753,-0.23334809378427987,1.0780564340428938,2.382359087056042,0.4622957967008113,2.5542329332353653,2.0861432799552073,0.9270525629673654,2.2037567987168853,2.422933591303059,0.0010541748983731746,0.3188884918270219,0.467290819049599,-1.2808612798985801,-0.5268787833456057,-0.629326065556247,-1.1385572870616247,-1.3298346049300858,0.9934115129824173,3.0695722508076173,0.21107101675396028,0.333972325974942,0.8357088781622787,0.43261359194226934,0.9082618204596034,-3.596255331871754,-1.238395589224825,0.39130318125364516,-1.8084741188658502,-1.4875943131505585,1.2913557920834422,-0.35958439648469614,-0.5481217859486055,-0.7404674164118563,-0.8869284279008125,1.5612804935127087,0.9520664397198583,-0.7992148824802991,-1.825485386244354,2.2657304356192625,0.3174814083587048,-1.3820649312295559,-1.3003969399903024
3186,2.050496343729474,2.018315891814097,2.060566150996078,2.0635578028200747,-0.25524186218869427,0.38632300879559167,-0.029968249032937853,-0.029357817314374743,1.3788317982066753,1.2889193767070268,1.387752979507189,0.26442786481230446,0.1405541629452615,0.6206780340540837,0.140758150484488,0.47963890112204205,0.41602489091729977,0.3992263650681938,0.40022950301071736,0.14075815048448917,-1.0149250430757748,0.9435831312389217,0.35720454969597293,0.09250951078135798,0.6271408329839722,-1.0149250430757755,0.018764880458306852,-0.11229479132237369,-0.029468635955903853,0.10787212136154592,-0.837399005697271,0.42116493681178074,0.21286618673146537,0.05140353496789209,-0.08645389757380839,-0.02324823668058333,0.5245994695116735,0.32061697541291717,0.9154269797623202,1.4884126953828534,-1.0577664071105153,-0.5951750117560027,-0.5085787288220707,-0.362320390214671,-0.287786582703371,-0.15407927284145564,-0.2054989149119617,0.0012566120160182428,-0.13407884122540148,0.0700191919320407,0.8496308304382202,-0.3042810671517453,-0.11559556631665731,-0.20376555490820625,1.1149944944694004,2.3665392047906666,0.2283808924201424,2.5124420269677334,2.0701416181443224,0.8167192969092741,2.185036803114919,2.390119974822653,0.059729486277457965,0.36116785288807207,0.4877868064193293,-1.307333184189421,-0.6543066090183124,-0.6515242577727571,-1.1170940084432401,-1.3208821835813973,0.9550664665017642,2.8409511108297747,0.33763836266261105,0.24683511110172734,0.783013588331398,0.4447094510436627,0.8849994672924324,-3.3338838067404675,-1.2621753274482614,0.1178470818116588,-1.7008425207082063,-1.3899886636524477,1.279460469372312,-0.5476931031440341,-0.38285971795745494,-1.2002594570025984,-0.8590396921068628,1.5045636832154399,0.9488126726679228,-0.9127022046294665,-1.852195604709004,2.2366745949413502,0.3412377594703874,-1.3469625531711993,-1.2641969332965335
3187,2.0806005684827396,2.178677426222282,2.1259341068331716,2.2162378039235735,-0.2924056564665379,-0.20607991992954638,-0.49354937016830647,-0.05281196210297423,1.700640914943442,1.148694563537265,1.2903648810494146,0.7936906808759222,0.8105763282736183,0.9946458120880398,1.090473048925845,1.75820362797333,0.6835162732974754,1.8053760576809132,0.5001919515247215,1.0904730489258454,-0.3272826176361372,2.196835161111841,0.50445989294576,1.4224715646615125,0.606438762130091,-0.32728261763613364,0.6269034489751563,1.498004384356574,0.34651170829467487,1.4036971455091534,0.3376329866670544,1.176539591644858,1.1249089819932683,0.8871562156691152,0.54088308546868,0.4624600173181433,0.8192538018298459,0.6698658302182886,1.164089908288845,1.684983310192183,0.887726457970757,0.6839539703376002,0.7860565769261685,1.033221557230807,1.0521034238760574,1.4745305910553401,1.3333308991963606,1.6839267843808017,1.338210105429324,1.2625118292222506,1.3159776377615535,0.028318527057603946,0.26452275034492057,0.19363404019247354,1.2469950187496859,2.5853269611727536,1.6925354495278897,2.453424173385701,2.092790069720656,0.8472275122063412,2.2413419768993608,2.4216961519861067,0.5881115102652059,0.6648939631401309,0.572086616763307,-1.3335673392338863,0.08403868348422548,-0.8513022488781923,-1.1456991918642776,-1.3018030916717018,1.0263782963046535,2.788125878203379,-0.4777578851465457,1.2504982947713559,0.5895012796541891,0.389492484492099,0.7140617607239755,-3.2431358424497385,-1.4076711142272416,-0.8204658741556662,-2.034563365202521,-1.7140382034207433,1.3038196944754326,-0.9440271944774004,-0.12985121585941936,-1.6825273586389748,-0.7062948149420915,1.4103276961083855,0.9721787266770802,-1.0897815084342886,-1.88819282196891,2.2044436205578477,0.36353033137521384,-1.319827166986022,-1.2239295841453364
3188,2.2032223679712435,2.186014047781673,2.1824468744145618,2.1251784826010165,-0.30571927570297375,-0.18653381177176567,-0.40079326961870526,-0.1229731836330807,0.8717054102242751,1.2686292976858458,1.303228439330551,0.4476950003246228,0.3641160187764252,0.7320029517143243,0.9283079937249169,-0.3021624653126978,0.7380362958053276,0.363071491405309,0.585450564259202,0.9283079937249172,-0.10291495768803623,0.7126262040469421,0.5529486257723796,0.4646023981788355,0.5999373039575993,-0.10291495768803699,0.5638911041884918,0.19404658869921318,1.1074745155647965,-0.8208462090083772,-0.27478793370007276,0.3526866393899853,0.7245525270422678,0.5138144984461072,0.24306531534171635,0.20789846834712664,0.6400950059675268,0.47024004949339365,1.0222446037403772,1.5621777579984975,-0.41735033001588734,-0.40882386128816944,-0.2877316261027015,-0.0764153104079785,-0.005140106964156384,0.19484847403883968,0.09848191468709475,0.34939601538469206,0.1890279301829791,-0.5673921427211952,0.6563878804657477,-0.09169701832455107,-0.1806167910340509,0.04900846910029084,1.11940981233413,2.493399989394298,-0.9587016369421101,2.413462168354172,2.092132746839189,0.8949446583135083,2.2298786004069306,2.425465368475099,0.13784481550788683,0.4143013306444286,0.5099731606575141,-1.1990464046969733,0.8467241876794848,-0.8990341616303726,-0.7796811415067132,-0.8034870927919595,1.2773049110954462,3.103410605766815,-1.269212765047292,2.0491517051440695,0.01860683113027062,0.16091857906357857,0.14884855605978414,-3.3208199367265436,-0.9606574910133755,1.5955021411562638,-1.1468542330445226,-0.8805235752953315,1.1701170410834922,-1.0515083754681407,-0.013296459331666642,-2.015050003038683,-0.6991538188833157,1.3368216942166504,0.9979051757656024,-1.1372814445065862,-1.8917172993660822,2.17647501819984,0.3848285047548324,-1.2702357488357512,-1.1909900921147645
3189,2.125578326618596,2.121183180695474,2.13462321254841,2.1333768246436158,-0.47410332451296555,-0.23205334397682675,-0.6091879539133183,-0.303836603569455,0.28784265054154745,1.4363619230680276,1.2258256715561733,0.5486548823030959,0.4943956242993184,0.8019265627554729,0.8297944667444317,-0.18419389369077618,0.7953757503217332,0.3801394965043562,0.6618637612960507,0.8297944667444329,0.0953128772260437,0.6231450135505637,0.6067956666873656,0.5146906848941087,0.6058783851834039,0.09531287722604652,-0.26513698449011486,-0.4304967459824084,-0.5034383997794669,0.05936089638191532,-0.4860840643034153,0.3125279951908914,0.731775150394904,0.6462518082137494,0.32169402093164334,0.24980999853025884,0.6537768433859823,0.4932153334449183,1.0382353463183585,1.5690425894575493,-0.411223670718916,-0.39682168312842486,-0.2952887640405157,-0.09385525508765899,-0.006301279549068466,0.2061785875727232,0.09891699066028496,0.3527115183161057,0.19835972387627032,0.16354761579179672,0.5380418490477843,0.6392488487542439,-0.1027158295317994,0.09964095961926715,1.141886653100655,2.6268401380714406,-0.4522932306565541,2.3752193290484707,2.095092615034429,0.9125727553394373,2.2235803341143443,2.3883056319905367,0.19868374697671273,0.4995017309653732,0.5892342151000495,-1.205749558399111,0.0746762117803938,-0.9384200053645536,-1.0951125794381236,-0.9660407178751345,1.071476918433296,3.024214140125336,-0.4336574773126633,1.3562256133267583,0.41906245438369527,0.018818449757273047,0.29177758404479626,-3.2869269276416486,-1.0182446943880228,1.1329841780449108,-0.5442722361368527,-0.29533199217976264,1.1669775269782952,-1.0631978546557859,0.04865690067865523,-2.174829636682375,-0.7153727948533051,1.2812475152037146,1.0241940458323464,-1.1213045377920052,-1.8708693824432177,2.1509876699085244,0.4026938650882493,-1.2221557364553102,-1.1534561432035837
3190,2.100550929907011,2.08930105202604,2.015139804764093,2.0413207423253357,-0.5757937960205188,-0.4714341167738257,-0.8650905050186197,-0.4243915299334702,0.4214670781233707,1.4279300819904328,1.3655444594688964,0.17827783695618382,0.011193370893968465,0.5233504844215723,0.22403529541964978,-1.118409000498392,0.7085748752486631,-0.5972647945184154,0.6832314972206638,0.22403529541965098,-0.028338996172437347,-0.38710704003020424,0.5767254402698653,-0.30275900565553837,0.6043552167266395,-0.028338996172438177,-0.8576685485890941,-0.16457406947045117,-0.09594722464590982,-0.6606167143248494,0.6456733052158199,-0.3545068403890312,0.2348351567132216,0.2766637586044093,0.0005631328352403379,-0.01538937229347363,0.46822504729070524,0.283655378671228,0.890514736735715,1.4436531770721936,-0.4559699364031547,-0.5635841694075271,-0.4676193222397586,-0.24277254712416427,-0.18301788295447227,0.013007009177350612,-0.09421827199377841,0.14679458678191123,0.022602886773473486,-0.609371526885469,0.16118065358305164,0.2763273266161303,-0.3472651037063954,0.06367691269504892,1.0502268920518267,2.6207782499174925,-0.5326983592720481,2.3476656623029655,2.082322515880403,0.80989821788138,2.2035865539960207,2.3516081104562914,-0.24302611473657304,0.3254657032395648,0.6231020540240204,-1.2317818114703554,-0.20030944301277379,-0.20012732934044322,-1.1159777012224952,-0.9136370793037795,1.1054358813688454,3.2097296756637275,-0.1441151360883541,0.07989998612015721,1.3377216051283853,-0.07366408138181334,0.827492242398911,-3.421252669332881,-1.2593882829409997,-0.5709242151753213,-0.6882760308454343,-0.4310030773977173,1.187081221588617,-1.0590558828788976,0.0613657785617765,-2.3004455128989356,-0.7135375694820636,1.2269985038438846,1.0307502407997795,-1.1000714904536006,-1.838792410523997,2.1258705242041818,0.421817717782541,-1.1915932015760655,-1.1162706275378056
3191,2.0152203635547457,1.965140359839901,1.9653619405948302,1.9409333533026174,-0.6069742460884376,-0.5270793587645229,-0.7864706102883521,-0.3414133063043792,0.1466813400531436,1.348599784365142,1.506892757340644,-0.22321667044413046,-0.4941069172765596,0.21356598237319552,-0.5784474098835073,-1.4662464989298507,0.515755076802368,-1.3078781623908697,0.6318892504553222,-0.5784474098835044,-0.38453280550670293,-1.0996681192394255,0.4711626700411148,-1.036346337041416,0.5812788261999661,-0.38453280550670293,-0.3250152717119123,-0.9858963975421028,-0.6063039995447499,-0.8413324852612164,-0.29410790882614113,-0.9549169245790926,-0.361576265447713,-0.20927516091982523,-0.3429122823079127,-0.30655148348921274,0.2633975121670602,0.05097775710923354,0.7279178406448338,1.3070172198329848,-1.154738575852468,-0.9689256197293407,-0.8999930231101945,-0.709902139958918,-0.6451389212778559,-0.5543987262581583,-0.6179843587578485,-0.43483312205222846,-0.48765718714720746,-0.699866009933482,-0.2391346933710887,0.48441412029426284,-0.4087068637564333,-0.23124750982425646,0.9511170417095094,2.503719638507585,-0.3547521198662789,2.323077369911987,2.0595455741326685,0.6855876662208156,2.190744620467529,2.3162303043813024,-0.7923687277410836,0.11991070337547875,0.6793486256183601,-1.2329287793524542,-0.5912247025477344,-0.5484211875108057,-1.06449097953129,-0.9478477457806885,0.9478543758683227,3.2331578325864503,0.2795364162560666,0.17257987743007575,0.8636432777707471,0.026902141298189387,0.6003935140047846,-3.4383852493059703,-1.1322927526188225,0.40877718897167586,-0.4064709756277499,-0.15503266262289483,1.1866507960496862,-1.033756914597443,0.001865413550151655,-2.2436169572551616,-0.7281595145160026,1.1674403623596923,1.04066499804087,-1.046146700827055,-1.7899061087735533,2.102237581406008,0.4425954749335425,-1.171128691924929,-1.0882207806674695
3192,1.8810918087078876,1.858057558709159,1.8158903641651938,1.8466880733305502,-0.6080070819453274,-0.6122905876342501,-0.7840764482425451,-0.36628109727545066,-0.006967837869354405,1.4918208740676446,1.396729398898938,-0.576676509570437,-0.9212496519597888,-0.06738770399467904,-1.3311569054460548,-1.3702576927513646,0.26328720198297695,-1.6914072491485606,0.5119295700704919,-1.331156905446052,-0.8605810321689354,-1.4497702810570106,0.30991740228621956,-1.567232402401518,0.5295650810112492,-0.8605810321689327,-1.1612807381640422,-0.8776522928121537,-1.0394990313370507,-0.4286991819564112,0.2782501486765128,-1.154341838052399,-0.8619987167340567,-0.6277362693452723,-0.657903733226921,-0.5729353571928651,0.07716631525154191,-0.1608819625082002,0.5722151994957114,1.1777344326548844,0.12780793449204347,-0.26516531220924994,-0.38588320665436177,-0.16878373103785207,-0.10949832748844734,0.1076620057789213,-0.012052172698172244,0.21738919413411117,0.08385817556568433,-0.6800827028601126,-1.218836654474565,0.04479533545486972,-0.7613142344991156,-0.45264759887782596,0.46429440278271167,2.438583127051512,-1.1346663149556535,2.3048940702689333,2.0297830683280353,0.4687239653995221,2.1641898340385057,2.2820829471962374,-1.2520989532144509,-0.07975650992179749,0.6854965917136624,-1.2236918752539536,-0.7440635691140706,-0.345455402096437,-1.0086724069451658,-1.2445319160481125,0.7633541695124347,3.072546866229895,0.4480343223074501,-0.28090542590489087,1.0299315205933053,0.4738932679869661,1.1006047337847578,-3.3772485677932704,-1.1600525602298695,0.12473463901833902,-0.2480807185454187,-0.0005318819634755505,1.177760966105074,-0.976077116843788,-0.22445173951703745,-2.0990502920321323,-0.7462735392634146,1.1317573905659293,1.041445469362884,-1.1256032286652942,-1.7851551485115038,2.080974623700503,0.4585225630616584,-1.1396427375705669,-1.0587532291267052
3193,1.824792670734328,1.7719178169570162,1.78707062916755,1.7786675390170141,0.4053758662363062,-0.4947494667227187,0.033991020188694335,-0.14805441693024224,-0.17411883129229297,1.527598864944098,1.23559450734143,-0.8002867051553142,-1.1825915652000045,-0.24936398927847445,-1.8104717943113147,-0.8883917985195134,0.012217910522267153,-1.6581424473362683,0.346686017511272,-1.810471794311314,-1.3104255456078806,-1.3621406025704064,0.1275240622231463,-1.7497226504097971,0.4507036045485289,-1.3104255456078797,-0.1938208191811758,-0.7177485118668556,-0.4230857874750185,-0.5610636686471081,-0.4721676447536857,-1.1800405314019211,-1.13790399152641,-0.9534423200460893,-0.8414314232715415,-0.7436644918835653,-0.05863851199545525,-0.31086620447649566,0.4588380080708948,1.077626125242862,0.04604456598711857,-0.2769994945486178,-0.41364239328800756,-0.2542418918047085,-0.14658192920979887,0.01487110573089289,-0.10972872816478269,0.11618932238845388,0.05100605261864477,-0.49142590624480464,-1.1800712166342833,-0.4299070961105443,-0.8409167535289409,-0.8115926495516174,0.4223473333305009,2.254339048312505,-0.5820456015995409,2.274132564935789,2.0037612083719303,0.2767276710094165,2.132617476287156,2.2821364248791745,-1.5330888870264274,-0.29059721339482697,0.564304894765845,-1.2169001520038438,0.25598878147010534,-0.7554461348609605,-0.5656540407685482,-1.2704394291510093,-0.11971581568876202,2.9587525175211424,-0.6382684072342922,1.348673981935303,-0.06966714721390091,1.0043980267779087,0.8227797292040798,-3.2624157351265177,-1.149292957700144,0.6443943462379006,-0.07510748311821791,0.18021751770817954,1.2323118275308376,-0.8997597185418692,-0.45805214117996157,-2.073877726085846,-0.7536481564938267,1.0981786531362505,1.0337635512654288,-1.1686385801547579,-1.732506399353998,2.05926558888967,0.47096295062147364,-1.1184480684384923,-1.0644817957811543
3194,1.764550704130735,1.8484225885235108,1.8014750397626227,1.8146423681785702,0.24208572911342668,0.3540864629569427,0.39261768319554674,0.5557362158398069,0.2932921683292092,1.2764169457423873,1.4289758242169683,-0.5549627855813052,-0.8124179924976369,-0.09616931913810256,-1.5363604601142817,0.48907354317743645,-0.0796498303660578,-0.6016052893238144,0.20502055740552963,-1.536360460114281,-1.4012995745683556,-0.27893664079603403,0.022930138699042348,-0.9953048555276909,0.3661423336071882,-1.401299574568357,0.17137293301193104,0.7537211538937112,-0.46496403440340695,0.5175986286176942,0.3519416116374766,-0.424011641807214,-0.8130879005490858,-0.7229314205581463,-0.6030377426977197,-0.5722143395129186,0.016910752983959054,-0.2158758696473064,0.5165291236350941,1.1155824349043377,0.6071463692792987,0.07935182986384784,0.03339248820089476,0.0311396566655453,0.15627442709305756,0.3843227171234628,0.2312066670116404,0.4833174444016075,0.4385944834248866,0.33851652192870074,-1.0907691750574526,-0.45001781446121064,-0.18370905181760658,-0.6987434567715429,0.4158786734891241,2.170541714152326,1.2068612721111966,2.24684009792107,1.9791647666353696,0.1427040812270434,2.104405066190011,2.350860290561947,-1.2049490759870227,-0.3779705700197076,0.23132057004464313,-1.2283270939726831,0.3089029592206989,-0.8156003730107643,-0.4196002343021352,-0.8474320936238392,-0.26942784727147673,2.6858123630328015,-0.6996167815874362,1.4858850032729989,-0.35261678067788527,0.6269188351703688,0.3063355542670856,-2.8428809937804593,-1.3696863763762497,-1.0827623388743897,-0.5609479056177501,-0.292080225814477,1.233743830695821,-0.8138410220285726,-0.6639727594167614,-2.1441054090043092,-0.7763849977746667,1.0420079852190538,1.0296791912005543,-1.2324169254534947,-1.6605126254421891,2.035929168013158,0.48911103893803526,-1.0949073182101203,-1.0627480830108424
3195,1.8260622245461233,1.9293911797154613,1.8611507677746284,1.9176062233085167,0.26916597060732583,0.24654948700377735,0.03478587509081902,0.16753568651280412,0.17072685086259473,1.215143918696891,1.1657168969697915,-0.06818998048867281,-0.13022727820623767,0.22539929446797521,-0.608180808410548,1.6981476817889776,0.034537617132467384,0.7457576590319926,0.14895402158756835,-0.6081808084105471,-1.0537686072631476,1.0594215783968315,0.04312420248344082,0.18948696251035924,0.3025872478587076,-1.0537686072631471,0.5616705032188914,0.8023159336174353,0.5848324290401661,0.98414658272746,0.6318892507753524,0.5813658329660926,-0.1497511788492101,-0.14177396058699498,-0.09488894188494305,-0.19014322995210672,0.22692042014725583,0.03870136732323505,0.6841415606883631,1.2438343240453134,-0.41891367591861456,-0.5095825645929887,-0.5280137298383079,-0.5321362556453346,-0.42348013527851436,-0.30822520533560116,-0.40750889585499644,-0.20779868965057413,-0.19650825427679036,0.8821007054090817,-0.338103306725595,-0.13710167218504274,0.013871821280881014,-0.49119530866950056,0.6331907541146081,2.3704557359539744,1.0434511227045318,2.214736384426159,1.962030992307243,0.09406578829266896,2.0770249831616936,2.315468682003572,-0.46385279303012505,-0.05037177456257251,0.2259521175258388,-1.2429869778834042,0.20169917086151254,-0.8083250110235451,-0.9988322099773774,-0.9636278852886451,-0.2880611663278872,2.5246166025933046,-0.5886006622216848,1.3583956192861784,0.48227810059639026,0.14487143913419268,0.4427143402620058,-2.724192842460294,-1.191180142640945,0.45268210619693017,-0.4382031801408296,-0.16842890374217653,1.2498339066390602,-0.9457568793767346,-0.5835628859413554,-2.0480983197170293,-0.767576237989023,0.9681352551792992,1.025569375098836,-1.2668750120691643,-1.6040808822468011,2.0119027444085247,0.5013534109301512,-1.0848266028886238,-1.06637890358423
3196,1.8950602090740056,1.874603452678478,1.835760320248971,1.8009625862938972,0.010807733393323526,0.33586655873778287,0.12200256159840203,0.3246169997148188,-0.16257198073524756,1.3422868848572138,1.092483069991292,-0.5413017806612992,-0.7265406004680944,-0.14294496219004835,-0.7396400926151571,-0.24042583224307254,-0.0574925192435489,-0.6032453459836186,0.08030420462202222,-0.7396400926151562,-1.1239397486464295,-0.20571052910654722,-0.04009474552427082,-0.7890222374308837,0.23468841351602499,-1.1239397486464282,-0.18775518726656407,-0.4232320426391562,0.6523951568226171,-1.1360526895695837,0.31704491509776134,-0.14100254454038347,-0.7123212674662849,-0.6863676897180327,-0.5206828670794983,-0.5419590511946087,-0.014040562643924394,-0.23770553831765645,0.48542500709838543,1.0800436869959167,-0.8176353472866285,-0.73145724183786,-0.7161642430897277,-0.708553593771451,-0.6119261459129036,-0.532544654079392,-0.6115491235125426,-0.43269197059752557,-0.39946311754389674,-0.9057436080349948,-0.4378918970746867,-0.5355320002581743,0.12228067693872227,-0.6032497202894866,0.4232742875947548,2.828681456520527,-1.2791997201068384,2.183040738067015,1.93668965376233,0.04376141325920194,2.0506471372245576,2.281348862470789,-1.0787436217462538,-0.32430736415703665,0.2204066744440361,-1.1901278322189082,-0.5540644551267175,-0.9108881638998274,-0.9702537524443696,-1.1935469035201436,0.11746874200539481,2.7894226061321756,0.24642555325378923,0.7120825631861586,0.31605769561805674,0.4874780932324486,0.6211807881149015,-3.0425284522584697,-1.0726761155028754,0.858796799815559,-0.08455764959906999,0.16368134696332615,1.181875763799452,-1.0071731856310269,-0.5337562290803175,-1.82399819414703,-0.7605600504289892,0.9160611804732723,1.0102887110324952,-1.319591008792844,-1.5457609724103258,1.988889488779068,0.5037354153263802,-1.1152939800184902,-1.077543190595294
3197,1.7392699294299434,1.7344866490721202,1.69057251671636,1.7720066981008604,-0.2752583402501204,0.01407549454552044,-0.34361291841301467,-0.035287402624658175,-0.7257409253413207,1.5212686185823556,0.8863479717353625,-0.6066459978461619,-0.8079814312377225,-0.19220237944559204,-0.8300962901486217,-0.15459200458753508,-0.15014696737781508,-0.6039495496982882,0.003155337851368685,-0.8300962901486217,-1.1931795768277085,-0.18702716793318766,-0.126613811931576,-0.8188804797098045,0.16272115403513698,-1.1931795768277103,-1.283205556068613,-1.2788214618155558,-1.3329901097608872,0.30978195096135197,0.45917539817070535,-0.2856951936527816,-0.6785289615919848,-0.7645661973370543,-0.5765319620398045,-0.6136347221750522,-0.08152876685096,-0.3070303593963626,0.4297089905241975,1.0309805405127772,-0.12084039556525117,-0.17249154309630388,-0.2797884840616409,-0.4097492265044369,-0.29833829998563405,-0.18076818423145172,-0.2830485724072075,-0.07451791728143259,-0.04986252720019489,-0.22093146899234134,-0.1984439863305883,-1.1427300390063968,-0.09172674799036437,-0.7871301970893302,0.4739818511343955,3.0478776657709967,-0.8354275567848573,2.1518314142226247,1.9089866142451388,-0.12428938187194373,2.011046084561899,2.2485245128060924,-1.0932165482813896,-0.3670740693220147,0.1617985105876529,-1.1572521059137977,-0.6393484903025424,-0.7509800521779706,-0.8444080502831935,-1.1333495745752629,-0.234050675740947,3.4868663535168185,0.3478427467646255,0.39258568640993396,0.30429811687149966,0.5647098875031505,0.6746344311380356,-3.6679933217471477,-0.9613064379587598,1.3525050576646394,0.502445148151234,0.7266405943394415,1.1322580386455026,-1.1371733844214331,-0.3932730263970616,-1.3907627457819596,-0.7273408558825537,0.8553025762720996,0.9787585585459314,-1.2947936457384512,-1.4829098105635738,1.9673537690481053,0.4974489980495761,-1.1577960850872893,-1.1220444467091564
3198,1.7704540836346556,1.930444873629863,1.8266775306477017,1.9855293111022492,-0.19661494396606324,-0.29132076298988185,-0.1925663415323334,0.0712785982608619,-0.7210912085245449,1.6669997157082173,0.8506244449018238,0.22551643187429626,0.28632444931829415,0.3875611642965105,0.4934603974667816,2.404455237187648,0.14016235557153725,1.8842446355767766,0.0493181651507344,0.4934603974667818,-0.49076702155030316,2.143750168475243,0.014128854917414398,1.338119982840039,0.13372867580371817,-0.4907670215503011,1.2473242495971515,1.8885942348982103,0.29456311164606797,2.4438329773601857,1.3527981887981824,1.140337375925447,0.6864285588548363,0.44524226796844063,0.42158911582867337,0.15182745744633613,0.36108513972633977,0.22410072204584056,0.7845966658422522,1.3061047468656575,-0.27805994378505267,-0.2974319685824366,-0.4269814143891698,-0.5323655302836142,-0.41637509295139474,-0.3312627352032739,-0.42363036991405584,-0.22657358192381777,-0.18763971083801212,1.799042903672806,0.999764150014727,-0.19277242986176024,0.30287583083970576,-0.20497288339951453,0.7210963604724485,3.2475814016081475,1.137126798218039,2.1130967374276097,1.9171899921086653,-0.13703937966920848,1.9896053821204924,2.2167870576391917,0.38128298743949773,0.28313797388527734,0.1665548537356946,-1.1845559279805555,-0.7559878279616604,0.021202994457591964,-1.0413367361517578,-0.9195898575068382,-0.15571672569670764,3.881147504548598,0.46344752681878065,-0.8244570938446452,1.5009151099530291,0.10559003979066751,1.022321078027065,-3.958346999716618,-1.1757936037748633,-0.09311581313739078,0.48846624364422153,0.7227602345653868,1.163729282890622,-0.8420789223997668,-0.5490768580332241,-1.2497812707383598,-0.586226556594503,0.8115409711499969,0.9337526292111267,-1.3003501118344911,-1.4038424111887273,1.9479915578743152,0.4907954630010526,-1.2693331354497959,-1.207593683879997
3199,1.993748506589321,1.9354283466651316,1.9506690339084352,1.960771484707919,-0.554365512402375,-0.3318746384235653,-0.742981074412636,-0.4103019642351946,-0.8405320412228353,1.6731881731608018,0.7702421399583952,0.2101052766441677,0.2684734634713964,0.37476417643447874,0.9053386497864532,0.7482326188092071,0.30313734292304284,1.03053950531405,0.13510602258618057,0.9053386497864544,-0.06492081260983602,1.2776285271842196,0.11344581805608188,0.9245386612510983,0.13060406058322285,-0.06492081260983619,1.1552546549604084,0.10385542343556034,2.0356419041363907,-0.39747359810631605,-0.40646196943131724,0.7021094276640085,0.6385081558019295,0.41673559298037266,0.32082025562310323,0.09685969738167674,0.3087192118555259,0.17226678287635339,0.7409266716063215,1.2658476429540437,0.621062521062149,0.23152225637576976,0.14483277202160239,-0.1914304042094165,-0.09432171832407163,0.06087674502461785,-0.055858460982780266,0.17124097363119495,0.2080409449387667,-0.14485470963636693,0.7428881024721795,-0.3246494178423416,0.10795482142658805,0.2659371820276818,0.6169579922762902,2.8724572793183603,-0.1546987682519553,2.0771835166117545,1.9177150797020022,-0.13395641249898999,1.9739640418369895,2.1885541759440987,0.3108272350954304,0.26514691049291167,0.18277438707767668,-0.9177488252112155,0.3542657159052489,-0.7305630070547586,-0.5842457277463667,-1.159388998989819,0.3167384295872975,4.187940642618837,-0.664347556605029,1.382368550692822,-0.06819275351234194,0.8716941718346787,0.6994731466616833,-4.309249427161853,-0.8667043180707698,0.10988592176316843,0.6690929781655875,0.8385299006510065,0.878800612783419,-0.6787341586810801,-0.6807080316654572,-1.0224191590703835,-0.5046535064201366,0.7831663011054015,0.8981583647146263,-1.2853352133369789,-1.3527927180352581,1.9294018955888654,0.4857015431169598,-1.2793488576008092,-1.2317171153670403
3200,1.9747833024871138,1.9613567339914648,2.0161567003814373,1.9526112827730562,-0.3426199167775043,-0.351070911992959,-0.486419339767803,-0.13020380819517227,-0.9448309527069413,1.6586652502278485,0.8488326357704805,0.25487890473888547,0.3268127443559682,0.40509614848035636,0.9668402653618825,0.11606640330398546,0.40835596174637334,0.6576665836510621,0.22831595847336103,0.9668402653618798,0.21560835572711232,0.8437711279642407,0.19517316946784713,0.7486986815830098,0.14462015791611563,0.2156083557271129,0.6471545483241267,0.32086771297348043,-0.10103319527666875,-0.26934410748117604,-0.9922326883270822,0.6040058073195075,0.6501742165672104,0.4529257767287023,0.3065891316373969,0.0970899430940849,0.29446116303203473,0.16120286418278548,0.7228692642580544,1.2484231778767723,-0.3637836897461308,-0.3950611647064866,-0.4172702516258314,-0.6262556729280223,-0.5183026279589008,-0.4692790840036876,-0.5423804206616967,-0.3579985289331545,-0.3070831231597704,-0.0008590560943172464,0.26659642758162755,-0.06227981929748643,0.0671759771104294,0.17505915486528106,0.5583181925380195,2.465960964513083,0.050199039712207,2.0430350922334655,1.9207580747980786,-0.10510824854487273,1.9760849953215585,2.188240780867008,0.24123527639102496,0.22741645645713757,0.1727077988011047,-0.9536713955188424,0.14325299801421396,-0.8795579078607297,-0.7882025306214172,-0.5440601158152002,0.16267834663682745,3.7109018556864863,-0.4472769887685098,1.3596860632797072,0.039121216055559495,-0.12683434391977938,-0.08288771285138935,-3.669131398381658,-0.9070429634297171,0.17207125377412577,0.7689066930153783,0.9459274735152577,0.9263779779074,-0.4931870657838339,-0.8351826917428512,-0.7933224659365248,-0.39141351442084293,0.7489908879002436,0.8862780794556523,-1.281348443752844,-1.3100107385478705,1.9126277568738952,0.4871347615515691,-1.2849194011923368,-1.2485974267233846
3201,1.8875377422466222,1.8502316342285725,1.912851210998717,1.8567056296128732,-1.1199679536195037,-0.3751257599866659,-0.7850901139075788,-1.0416897428533327,-1.0872802687556622,1.722661331819481,0.7171017757773568,-0.15930368444941262,-0.23576030574458187,0.10052367044009722,0.36264564091200446,-1.1248345762848688,0.3299393681967709,-0.5159289244805234,0.2646783463458889,0.3626456409120055,0.1014943821357314,-0.34736059070945535,0.17499007744234088,-0.1997784516462089,0.15184158320181787,0.101494382135732,-0.840517766594549,-0.9731477061453676,-0.7023364072762971,-0.3733597348990158,-1.1247175631656037,-0.28254245489682267,0.11280639097217271,0.03229476643839887,-0.1315621044201191,-0.21017518373965544,0.08862583077327055,-0.07423459827801332,0.5498317512026908,1.1133931520418832,-0.30245336314235866,-0.3396357125194741,-0.2969044153323557,-0.5405889037707386,-0.4579430589196794,-0.41577009254459685,-0.4872930351332736,-0.2780346049983695,-0.244070700557416,-0.7276856572198824,0.3677729896877149,-0.06493367428717796,-0.2203189156809134,0.33458006347436237,0.5566566184089919,2.1971936465312694,-0.8885590677628039,2.0381864691661677,1.9073355035892354,-0.15227288826829508,1.9527324945617779,2.1584379932834703,-0.24876869555560865,0.007881147249061395,0.16657437497441346,-0.9883161507226188,-0.404133032380201,-0.8719175753482088,-0.8503962278529135,-0.6052587059957172,0.050637298386076376,3.090532757190196,0.13592858763118884,0.7823953683978198,0.13529536553893834,-0.12217358894891123,-0.017813918536516888,-3.1034753184994543,-0.9271146943286787,-0.06836459723126709,0.9080801351710118,1.0798187376028356,0.9169569694155432,-0.1677321372360687,-1.4812664361034382,-0.40995123533802125,-0.30224354410254994,0.7120969447019173,0.8531944024505551,-1.2438092556347768,-1.2577847597176608,1.8976628894669367,0.4864367407858676,-1.2804161274384693,-1.2432622056777827
3202,1.860933104818349,1.862044727199538,1.8981079164805807,1.9041900414303097,-1.3060009528127792,-1.0836427976458176,-1.3832854019962344,-1.1583704752222748,-1.1461660364551969,1.7328286732803557,0.8745264339254419,0.09080418323754398,0.10298920525689119,0.27168317956545884,0.3779552661037149,0.025408901824539445,0.36965692711686693,0.244477583282562,0.30258860504485674,0.37795526610371405,0.20689636965378727,0.3218048056712393,0.21454356286765455,0.3543611635855951,0.16567108179051312,0.2068963696537878,-0.06858053096915372,0.1760649424406033,-0.1766880904970718,0.49673298039512,-0.7358987179244353,-0.09648728988484158,0.37899872629811665,0.3727082700803309,0.09216454658293985,-0.0008267018680362597,0.19279236112144055,0.050814308454743766,0.6213566047098259,1.170228179799762,-0.333318372672916,-0.3657856530232637,-0.33752118897155226,-0.5196139991534431,-0.5095741813718979,-0.48522510909168526,-0.5379414540687609,-0.32758236520363426,-0.3058959600898848,0.45259607835708143,0.7291768026211828,0.42436813630162534,-0.517719272145835,0.3546989309009236,0.5427756646517414,2.365750920238194,0.373732682370143,2.0242326800699995,1.9050589350041585,-0.17647427079695918,1.9299781650199852,2.129552717060739,0.2103550216490709,0.20463404204121485,0.1603915213912386,-0.9860091218244812,-0.40291407407857477,-0.8712737470106321,-1.0753410760795739,-0.35305171424750326,0.045261679416736623,2.630322057705039,0.13445265167873946,0.7905075750942088,0.45407289039025495,-0.6883090351149841,-0.29301943741141145,-2.5980046167638875,-0.9544771609117827,-0.39238410455303485,0.9696050973114764,1.1368056368541741,0.9042499478573893,0.11731961687873234,-1.6432828530969876,-0.12146394494946913,-0.4217107527084383,0.6945504847950158,0.8287361636052133,-1.2193449268917755,-1.182630585294315,1.8822999257675603,0.4885436488149039,-1.2648711893741387,-1.2288538807762146
3203,1.9103753600168325,1.8926909090772095,1.8330905855223047,1.771860512363737,-1.071687369330211,-1.244223002753248,-0.8519244450177842,-0.9512962844500518,-0.629525718358946,1.7140505167737015,0.8017092779597144,-0.4944508029546717,-0.6614116713838194,-0.16910535495600998,-0.40647740600522625,-1.4372791061463632,0.18427438718126868,-1.1859081803952107,0.2652932957449035,-0.4064774060052271,-0.144783961913486,-1.072256907434886,0.12037121461694242,-0.8743543474874991,0.15778402034891548,-0.14478396191348544,-0.5362643503260224,0.35655424196917856,0.5043930542770514,-1.636675998750462,0.7249357299878536,-0.8762998816433619,-0.44494551600741805,-0.31877111716752393,-0.4810210508144543,-0.4333932428659223,-0.09446693488431271,-0.29273796585216943,0.3844795881261841,0.9859984698482788,-0.5089674859112833,-0.47920420457226603,-0.5009930614190945,-0.5950543170584427,-0.6126530136464471,-0.6110178587029892,-0.6437650650622563,-0.4588768869077078,-0.4316983931341157,-1.052516443264666,-0.7688038687108621,0.18873563075801636,-0.6857117056502618,-0.19343217107464536,0.36741481733925624,2.2046823456664386,-0.8930522149643045,2.0484078404477644,1.8683716203219394,-0.16837273616905948,1.9077949424626957,2.101535742415064,-0.5427089349099521,-0.13226421853330578,0.1541572658946359,-0.9981571362561603,0.02009874964910028,-0.38189777696940275,-1.0133522300259146,-0.2773161789633204,0.026112942401403813,2.778699533872902,-0.33068073730384057,0.5625642958207266,0.9644381777357681,-0.7287590833835192,0.0023260063431918953,-2.7232555585739853,-1.1826628525357794,-2.0378784019477507,0.4330314860072385,0.620109694401691,0.9296096071920968,0.49115106057376945,-1.7816498038297084,0.5320504087602155,-0.45596145937758764,0.6685716745914666,0.8123399136171665,-1.2658265573271736,-1.1079608682387145,1.8669961900140453,0.4882346189503352,-1.2613572808532834,-1.2154792598807376
3204,1.7440720917682802,1.764327287029544,1.7832070367724602,1.794619052739551,-1.0068992586887842,-1.0612786921816688,-1.243618266973762,-0.8472971117372603,-0.7110621822986146,1.773527118927023,0.6881499325107474,-0.3307067358638422,-0.43043774491120523,-0.06036674303243092,-0.5157840650175854,-0.1989117621267864,0.11551274901645417,-0.4390871167846375,0.21695671104828318,-0.5157840650175843,-0.2617426843807131,-0.3561890648279332,0.07595526988517283,-0.4108792626953308,0.14244419420455462,-0.2617426843807149,-0.4080291687690226,-1.174285471442775,-1.4340727913656397,0.5741069305636259,-0.4665992325997245,-0.4147279514539682,-0.293765154003788,-0.16618392828386708,-0.3285758324519503,-0.29903269660206977,-0.04504926354418106,-0.23338179046710636,0.41503830501662164,1.008867585578225,0.04631259385743779,-0.1483244325321951,-0.2550489576151454,-0.4227670527557464,-0.4821023534391872,-0.4613180954957155,-0.48971758488459455,-0.2975179754217813,-0.2815383867224608,0.23186861204698928,-0.5743902147272207,0.1395724844669803,-0.6650133877745812,-0.24593098327634877,0.4235832872254446,2.2720736829417283,-0.00013694234704599478,2.0635307562271303,1.8391609249984342,-0.1910853716565417,1.8861586887989097,2.0743414787826384,-0.2616291090527987,-0.013349155554301464,0.14786173177801537,-0.951795908670538,-0.2622436499448841,-0.5888332679884803,-0.8330821219251194,-0.9707946102953142,-0.286215663653013,2.5940366752830113,-0.01197150044669147,0.566554605925033,0.4624688906682326,0.3491482560369847,0.5956014646671276,-2.737633149332627,-0.9141890614688469,-0.2066099192162697,0.5268785992192273,0.7028630380959112,0.8874155854397717,0.6868634091385477,-2.2140087701913114,0.5803995159022272,-0.6879266462181354,0.6582766741897192,0.7931487063120062,-1.3012600030191304,-1.0509352141969377,1.8522217448395488,0.48393590047165513,-1.26074787500026,-1.2099053208142037
3205,1.5694568796360286,1.708312553239249,1.6165224893761734,1.6304017457116857,-1.762981592373247,-0.9901433708130967,-1.2260554194142061,-1.5632879351480666,-1.1746884813458116,1.9372291103799488,0.41148336470549257,-1.004997293926365,-1.2580820475666956,-0.5924949225184791,-1.4313652403319737,-1.6771692447441462,-0.19606057588632192,-1.9484186360448503,0.07884486147855219,-1.431365240331973,-0.8435131985733261,-1.7644604087243463,-0.12099338893023087,-1.7773233636173804,0.09017385985909436,-0.8435131985733256,-1.509378348046403,-0.5095623088915051,-1.5644251842428136,0.7211799640363787,1.284323940525964,-1.3085152170149283,-1.1606379946312293,-1.0647255511457003,-1.0237893296924832,-0.853346001156916,-0.4102223053193305,-0.6639693995066733,0.1186322114794573,0.7805385008978908,2.067933811507883,1.590076951700558,1.3827268239271595,0.9625844987904497,0.6543449608852359,0.846536643568538,0.7781489875756842,1.1030162082839563,1.0558868108321062,-1.3598953442823163,-1.2761619394305317,-0.8128060909564185,-0.927192576725042,-0.7054437965546905,0.25775901810317886,2.1385427969771325,-1.818416122220956,2.0526162992624633,1.8130018766797098,-0.34079706656264735,1.8650443044141662,2.0554228753208936,-1.2550233196833254,-0.4812242523817181,0.11412016531854503,-0.9792639373647934,-0.4886725046996492,-0.664610357284901,-0.8392872895762716,-1.1388973662568802,-0.1987294627996,2.6571672072030457,0.22466241783535987,0.43496200868001356,0.3802022158573463,0.559041940958679,0.7208279673253849,-2.8337571325612756,-0.8072180792314445,0.5374641288046652,0.999760394452077,1.1599112093150767,0.8720137404395811,0.4254665437139728,-1.7702541455333793,0.45274339740106706,-0.8287124873603228,0.6271416884823253,0.7623451368276144,-1.1621767070451354,-0.9946412429499615,1.8364540285420843,0.4713828782253531,-1.2350578021368668,-1.1616374267589253
3206,1.6413221252044976,1.6317778113093242,1.5544156942506606,1.541112096434243,-1.2816122460098998,-1.6406127981421343,-1.6930357520598769,-1.4987983108302485,-1.1807623062466182,1.886859347332224,0.46954157205112945,-1.3008687808116026,-1.591705599536477,-0.8415002918016619,-2.1095807851347868,-1.2738399369980937,-0.5351690561834034,-2.086420138750627,-0.12884318505260714,-2.109580785134786,-1.4409134480834676,-1.8196896081356388,-0.3633275984747614,-2.1445475373033718,-0.0010863942444298165,-1.440913448083467,-0.5765563764717196,-0.7319518663285209,0.6895483254279803,-1.2615186895734303,1.0870037621850717,-1.5783240967628986,-1.5816990401754822,-1.4759598382700851,-1.3570594389059316,-1.1371384575811472,-0.6145385233963921,-0.8911390680451948,-0.04984708992793971,0.6519261788897078,0.8385903352067352,0.801288880389218,0.8452203833448853,0.4965628762098866,0.2841081176618553,0.443033163323175,0.3891300609390262,0.6510225498162994,0.6454140571039146,-0.765594355781813,-1.2993709314906503,-0.7505285096071632,-0.945496091650198,-0.9647095871259946,0.17494954479131858,2.172814362766087,-0.5246245434381461,2.019371817620379,1.7968249536677048,-0.47047414053218833,1.8528486315755301,2.070262899476369,-1.8181956985444232,-0.8226027493256769,-0.0074712463116561765,-0.8773973873174383,0.3250019087346221,-0.47117041458949777,-0.49547096634384,-1.1396939037046667,-0.4842944639686259,2.4967870226552433,-0.6254728783133303,1.0221336973285184,0.1288712392215,0.9303459976472049,0.8747701481728978,-2.6743542621357546,-0.8666641959044277,-0.5456046779303337,1.0279250885215858,1.1718028491931094,0.7982467036438433,0.08856338101066924,-1.2504248032298282,0.4346307712906979,-0.9297443348014595,0.5445152875025645,0.7891617118399691,-1.0438357844987955,-1.0328319210714982,1.8202143367393155,0.4582861765376924,-1.2304597807859994,-1.1441268034092544
3207,1.6031549073438744,1.5593544696197057,1.5941628195336282,1.5992279816378068,-1.6992713550764178,-1.2149227111153744,-1.5816140222933197,-1.517186944121269,-1.3788048686567715,1.886534922421157,0.5963599505401772,-0.9663903213517896,-1.1164341966961533,-0.6222048104120642,-1.7236917158767422,0.702884296606846,-0.6313268170515265,-0.5860813500441625,-0.301002404256107,-1.7236917158767426,-1.5270405410395647,-0.2792046393503104,-0.48481647810475464,-1.0632317540433087,-0.09939964262585446,-1.5270405410395655,0.3960531360637526,-0.7041645862784263,-0.3368547621007948,-0.07987241717114303,-0.6813382502105403,-0.5480379291449635,-1.120291550778819,-0.9971435307037292,-0.9597843503397826,-0.8483010919927215,-0.4783811902060469,-0.7204101133117988,0.04212723204673432,0.7220146031678164,-0.7167723534903494,-0.379369888892776,-0.31895926757552934,-0.35308014071286586,-0.4920600204191093,-0.45703678933398945,-0.48414305955430575,-0.31214243707508454,-0.26602076383609147,0.5405567817700337,-1.255529554014833,-0.442975126348297,-0.5120361936274362,-1.1908486372598253,-0.0039921200558380495,1.7493540518673094,0.4763296606625548,1.9953078928907695,1.777509058687781,-0.5906963568642465,1.842335377341605,2.0748628085466696,-1.3741815664366002,-0.6839863558617051,-0.08628943006390544,-0.8748630381100112,0.44464507834630146,-0.5142941459263859,-0.44024208284367705,-0.8296840761912139,-0.641820132359764,2.520605551016722,-0.7540746564475057,1.216488909418484,-0.0013352000340418784,0.5923786915254955,0.5049412679947192,-2.608476349486305,-0.7906073177309622,-0.14083554419198474,1.2337469401090786,1.3659265888817314,0.7719314090523052,-0.09539983987907215,-1.0861310418872754,0.4210816057288077,-1.013401734862561,0.5037299811709286,0.7861289785101071,-0.8776581865150497,-1.0339324926957538,1.8061336053066073,0.454047306517035,-1.1817660440632471,-1.0863680057990663
3208,1.577507608785504,1.5391026684913076,1.5663467117784367,1.5105212826086483,-1.4371601884370508,-1.7725306177416256,-1.76594145137885,-1.486171102182095,-1.2898683896232195,1.881647934668283,0.6431754379291956,-1.2550961465314994,-1.4557362039760304,-0.8631135270476549,-1.7960339121320033,-0.14740671492010948,-0.8237345752187358,-1.1836267327641248,-0.48218158441766984,-1.7960339121320035,-1.7680046498702675,-0.7596749848896697,-0.662313096594182,-1.5530272563281113,-0.21493170399864386,-1.7680046498702688,-0.24293623958434116,-0.1845684337766096,-0.21553207966136556,-0.8786973841069694,-0.5639591302400306,-0.8844096529549007,-1.4023754693246095,-1.3885393330246552,-1.25668621209888,-1.1151514927571566,-0.6697296818759767,-0.9358158655084374,-0.1235048551879429,0.5951568200195441,-0.9449998583689391,-0.5347444570170056,-0.4893023516985877,-0.4672052044505769,-0.6010193015627516,-0.588567084763731,-0.6027355316585385,-0.454347514499174,-0.39445474057935764,-0.7671491133191207,-1.100215932410681,-1.4853465539431658,-0.6008820778396214,-1.2408074033663192,-0.1513955676600317,1.6628555811674761,-0.6880767048575409,1.958007987066235,1.7632127227480066,-0.6920412120785208,1.8340043176738001,2.103367556011939,-1.9299684291434047,-1.0524502734203116,-0.24836213562980136,-0.8839616247291948,0.4120456153128086,-0.7809073751135899,-0.9259100784534297,-0.46916359537991936,-0.9575362790765851,1.979065441433881,-0.7213758374664682,1.577839952998302,0.37673679643564223,-0.38971959092922126,-0.09628727853569964,-1.9961515739817388,-0.9094016168704921,-0.9126954528125115,1.140817185892065,1.279719587194452,0.7956383027372225,-0.3392152075105632,-0.8431906254890641,0.5396148419152627,-1.0431800803124323,0.46166952442304565,0.7755904529387289,-0.7665561077313938,-0.9815028900140261,1.7910425037769286,0.4503968000582783,-1.14399818712635,-1.0412269643816165
3209,1.5295581106187173,1.5821071373624298,1.5804187737092483,1.5749745712143397,-1.3462440462980967,-1.4776954053745937,-1.6723910430731646,-1.3404967293887258,-1.418319017230028,1.9012663301100614,0.5651271392142604,-0.9014089312639942,-0.9615191734589673,-0.627614380134575,-1.1483623354756984,1.208797200361187,-0.8105362882912215,0.0875296390279489,-0.5991283801000028,-1.1483623354756984,-1.5907807864306995,0.5309512721116783,-0.7218306613657854,-0.5092300067138776,-0.32032816937765896,-1.5907807864306995,0.1573291749231207,0.4660276551336048,-0.43393458174819477,0.5322170180756293,-0.10124823834880205,0.08235953804168025,-0.7704463692012983,-0.9265544451583996,-0.8389753647445318,-0.830361059526393,-0.5189496159702948,-0.7485448857905894,-0.021098497846434004,0.6738361138440693,-0.2511353781525065,0.1420202855530214,0.11955094383843946,0.08360393100534864,-0.17902205365034343,-0.11247934791758932,-0.13477463019697888,0.03687010318785447,0.09310063064721327,0.5933674454412783,-0.9215018647376702,-1.190033653431857,-0.5190921825424204,-1.1178636882299469,-0.05563586810149174,1.828571734504076,0.44980209612709743,1.9306992650941677,1.7328845673223172,-0.798563521391748,1.8131148998123967,2.0882099214549656,-1.3784295777524629,-0.8479693668526125,-0.30458568482341625,-0.8802170114663572,0.21147278089914326,0.504690763103796,-0.9165818636258746,-0.35505962743693475,-1.2192192550376006,1.772756009668792,-0.5035208071658129,-0.5088767214954624,1.9828659675462639,-0.5255731706018892,0.7905062013213365,-1.768411169767952,-0.820763174724851,-0.18387720231277765,1.275081608923431,1.4100642885017292,0.7969746535531687,-0.25629509619307816,-0.8612015748552844,0.7753438973742051,-1.0745909742713837,0.4180763453767882,0.778351750669772,-0.6223016094587466,-0.9525331235390123,1.7764693299435943,0.4442342365304926,-1.106258797069065,-1.0019412304585564
3210,1.5608385174292283,1.5215007247392665,1.5178926979916645,1.4611125835174823,-0.9777663850280238,-1.3712367727871737,-1.3206980801615538,-1.1109445598111618,-1.2000537842482422,1.8408120978663776,0.6218877151500299,-1.2866994921305466,-1.4260917646817781,-0.9454824374249783,-1.3238627786181918,-0.3329752058808858,-0.9761196184176518,-1.0187809566289925,-0.7341230422578696,-1.3238627786181925,-1.7412340576135314,-0.48169503204683406,-0.8755228202558815,-1.3380832289823925,-0.43687662576483977,-1.741234057613533,-0.580106606500031,-0.5998353856874571,0.3175866281518465,-1.3015238328939667,-0.06833985780115148,-0.6461644483656821,-1.202741701760309,-1.360731064081567,-1.2625422550923562,-1.2114870174792838,-0.7692681554803983,-1.0325864854848075,-0.23193741804152568,0.5120716630245424,-0.838745055623473,-0.6382733977763422,-0.6015911311098786,-0.5417812885084445,-0.6729387301165864,-0.6833993628249863,-0.7011921596732351,-0.5629842771586623,-0.4942942768449681,-0.9986999138281023,-0.7246899697824051,-1.5796088538275757,-1.1793602621491583,-1.2230345197476704,-0.19643176783194083,1.631831191513296,-0.6979075801191555,1.888834230427453,1.713858920568602,-0.8942209572367864,1.793706401853493,2.0794738684359477,-2.0263619206258237,-1.197372344803289,-0.3797191431652555,-0.8834277471373899,-0.03652762536731092,0.237841104740507,-0.9879041052366951,-0.520656952851322,-1.0660023415238966,1.9655226295477082,-0.23649674028125187,-0.3896762248072226,1.7497279577572722,-0.3913748157746568,0.7643161473659367,-1.9916417511770717,-0.96133226331227,-1.1323288242258738,1.0487397320123217,1.195074490159987,0.8212813303518794,-0.32797429588035726,-0.7827553835492662,0.8547484179913047,-1.0683854248495601,0.3404129087406571,0.7768155795616912,-0.5091471337608501,-0.9481093416639645,1.7616257351250073,0.43978608781376843,-1.0734629511761065,-0.968536927770802
3211,1.428196723024501,1.4301114416981013,1.3957299878427143,1.3453132512723498,-0.8432790195190609,-0.9403845865862799,-1.1221594316884809,-0.8679444081391389,-0.9607346211978021,1.7113626558977004,0.7451600328757163,-1.6354301497226178,-1.8201907244637778,-1.2486440869210453,-1.8251872384375767,-0.9619916840144611,-1.25729857503137,-1.7276999856752937,-0.9209301962483465,-1.8251872384375771,-2.0880161807305333,-1.1159191812527292,-1.1052880941227912,-1.9926049850526342,-0.5781679435834424,-2.088016180730534,-1.1744512964466352,-0.935307379545652,-1.2500829397074158,-1.1220159337461275,0.4503058761307981,-1.3616415681605565,-1.6396202424821111,-1.7679907026646005,-1.692494677971921,-1.6071199972153856,-1.0247698970727226,-1.3204321171767446,-0.44731566774005616,0.34635617384939954,0.5877615141110688,0.12318899007440334,0.1748578872280362,0.09391975377294617,-0.1402090090653685,-0.10770810886445224,-0.14169688490693752,0.0250316881065421,0.08899658253028098,-1.04807385716067,-0.8617735004542568,-1.6951694332783942,-1.21709183737868,-1.3141345460679548,-0.3574854608765056,1.6296505929824765,-0.4840356031491521,1.8298928974220299,1.7002084992388238,-0.9005360108980621,1.7392204329996948,2.055612262152057,-2.4585392972821682,-1.517543222258519,-0.5457932125329714,-0.8497886536173599,-0.29203790976277644,0.7715717000870072,-0.11764411957752458,-0.38323938816398484,-1.273702795857669,1.7440462205872378,0.05095006293159236,-1.449990228998278,1.134186793137314,0.3636322411504983,1.030500074126552,-1.7433184886733768,-0.9338808000727727,-1.125030620576823,0.8074567911697418,0.9559933278400319,0.7955992765050351,-0.3638738890945578,-0.7727187621021403,0.8972946445770218,-1.0388459024378527,0.24765911453426706,0.7819629048826028,-0.414774993433744,-0.9405079804426607,1.7465959239416298,0.43524802062107615,-1.0583228922741654,-0.9548247017573791
3212,1.3414829541690578,1.3360541162373871,1.3814190745380557,1.3577087625253375,-1.1308638003261917,-0.7109099045406948,-1.051066349938802,-0.8971093742195522,-1.1582381241389053,1.8036229039243918,0.7135432428737165,-1.5176555418400508,-1.651651210626545,-1.1738711363807348,-1.6427486778289713,0.32868489021221303,-1.3856444293384653,-0.7921278681251911,-1.0899333323750717,-1.6427486778289722,-2.1189252333432833,-0.1526644202783199,-1.2573782232621,-1.3150939294846031,-0.7234832058161841,-2.118925233343284,-0.14698479862121236,-0.9908289539662938,-0.8452896081092343,0.14479559483394647,-0.8707284641904998,-0.8346048882550435,-1.241135670021009,-1.4345220391644629,-1.5398492254951774,-1.5119887483057672,-0.9904447528717321,-1.2635404189030923,-0.4364790004268608,0.353288686217613,-0.3225488574925644,-0.465141027658023,-0.39484281312070313,-0.37064492902409213,-0.4737607357429939,-0.5369270230655534,-0.5485848961308704,-0.4189492080282609,-0.348931267662597,0.10346973067059038,-1.0799339238940184,-1.8226903184593195,-1.1038846457236875,-1.0761152860176617,-0.39474139141286735,1.7775793029927984,-0.23509190465533844,1.7816717156962791,1.6855866819055898,-0.9047552490302786,1.6930587623849498,2.0707199543829247,-2.1012573874891705,-1.5546300569129847,-0.8278310047358174,-0.8105018710362375,-0.16729058363090285,1.0212481073354136,0.021050255730406277,-0.22524636009574783,-1.4960110385545695,1.7094947854878102,-0.07209505583214869,-1.6732373817605632,1.2416504776114112,0.30980312160631374,1.0524463017330319,-1.6673394015317746,-0.7326257078990266,0.058479322727714826,1.0179692853248077,1.1510348681850502,0.740066324793124,-0.44673044587681876,-0.7804976336858124,1.0441237413067384,-1.0484427081394851,0.2013022488407509,0.7862902514777937,-0.3328872308651899,-0.9505805224750007,1.7316370645140042,0.42886180578833577,-1.0508467004463753,-0.9451539605214295
3213,1.314677259884488,1.3481047649303795,1.3664647116284918,1.3876182149785325,-0.33174347364590323,-0.9567783328721348,-0.7172314812930425,-0.6306141245505146,-0.8771260900649249,1.7913574169915587,0.945274877407809,-1.319543770825739,-1.3679349750329906,-1.0452039028024813,-1.0971716817862083,1.0374520836380263,-1.387418049851439,-0.004694844673249321,-1.2033334848412622,-1.0971716817862094,-1.8979228351618627,0.653599726829111,-1.3293588727369126,-0.6168417835597804,-0.855412404738446,-1.897922835161863,-0.16133787254606163,0.11431041015236429,-0.27692326837882264,0.8847433169607308,-0.4250602218654644,-0.35331449130001136,-0.8299240044472773,-1.058436271206675,-1.3320018076048914,-1.3507450968948804,-0.9206112585553682,-1.1604094886391858,-0.39555591526312067,0.3832914986961966,0.616545877401721,0.22890272714963128,0.3153516677913158,0.29774268239820073,0.10467952685210326,0.031944942642927306,0.05409623649792312,0.1715189726159105,0.23342264781149302,0.25943741928111286,-0.5676680933065692,-1.3079202735981492,-1.6150000856265592,-0.8509660765672452,-0.3352264048948534,2.0039617520984856,0.2750936311503513,1.7461307182514156,1.6703550852801337,-0.9324404759792135,1.664946187914852,2.077311918159151,-1.754698592083472,-1.5246380004851081,-1.0077629187845558,-0.8457962029080336,0.124364706139045,1.2558719425461113,-0.12392613360771199,-0.5560863597623166,-1.5357250244684386,1.9088542963541375,-0.39955655820166386,-1.6976334475806591,1.7401254506471004,0.5766614272876818,1.5978306204583126,-1.9394596097923562,-0.9440983046372478,-1.0077935959138722,0.7178802565548026,0.8781670601235403,0.82095355854856,-0.5430124247666747,-0.8619499605206841,1.107178412586819,-0.9924245589770412,0.15903439487452226,0.7692219366186258,-0.31857737451159457,-0.9314793775967664,1.7160163430178446,0.4272123688772984,-1.0608506835334903,-0.9579032732892266
3214,1.3507936570453831,1.3168552579833557,1.3201215295112154,1.3101414402138436,-0.26063007763310103,-0.3207758725875461,-0.5487677236782378,-0.12416447549281255,-0.19583405549533436,1.6624972814266064,1.1980861290736313,-1.5677719261282914,-1.6731685724262262,-1.2510380138626729,-1.091205104527637,0.0122952690809771,-1.496497747738077,-0.6620191839789333,-1.3164201700547755,-1.0912051045276379,-1.8732095758262546,0.03771316540009101,-1.451963031112091,-1.0545556047260554,-0.9870263337274553,-1.8732095758262561,-0.4773269084377269,-0.34632297855283883,0.3386383187519716,-0.5987152382681774,-0.16881582455450905,-0.6016506133966534,-1.0489550819933,-1.2605825603720433,-1.6089070779741392,-1.587876516206112,-1.094594618411094,-1.345285753857799,-0.5463013603295858,0.267794819572273,0.2668538532842462,-0.05340925356833922,0.03945044291624937,0.11760374723810715,-0.0638706671476824,-0.15249835507558462,-0.13132939408302172,-0.021014010452086902,0.04449742170561367,-0.7288005901192176,-1.2374845774234304,-1.6787321016077272,-1.7949826557309234,-1.1746379731338288,-0.5164493264186376,1.9178466449354963,-0.19913838833725372,1.704955362775642,1.661713205212105,-0.930151673341673,1.6158441488194495,2.0514605432075768,-1.984768983440943,-1.7356748883290445,-1.1578132124964031,-0.873933482594598,-0.40982185214274097,0.5555103690964253,0.6956811793761299,-0.9013516339526564,-1.45153535728616,2.250501242844123,0.16955089483509925,-1.2499317440535616,-0.3210392116284267,1.884812970415009,1.4216901594285778,-2.346730603834166,-1.1072111577472754,-2.0813891880957742,0.007013489773857386,0.19372349401314684,0.8529087015108234,-0.6402208585747359,-1.0376237602770728,1.2036821318057291,-0.9761356477423915,0.10303088319035508,0.7326607515254302,-0.32511217617907434,-0.9271932232273218,1.699985590115676,0.4281028369657366,-1.0714606545222234,-0.9743971636641123
3215,1.2982395082474427,1.372749557904018,1.352400905657343,1.4219712390853347,-0.19168733507814265,-0.19147917372702683,-0.3664445095162628,-0.268224506390739,-0.09552433457248524,1.5577034774336376,0.9676214567369832,-0.9953151760603394,-0.8806678242445078,-0.8647657873112393,-0.201723042484938,1.6851070208834058,-1.3428562654851495,0.968417758264299,-1.3391389627223391,-0.20172304248493886,-1.3687458966858672,1.597435167897803,-1.4124160625481008,0.36274510269871124,-1.08461185745707,-1.3687458966858685,0.29944475176120317,0.5751120282594965,-0.5383384682532387,1.5447381833425986,0.22238222401304045,0.5197900832579277,-0.19448476218925648,-0.43136720276498863,-0.985103596302079,-1.1080712397003585,-0.8356175952812258,-1.018925336464756,-0.3600218696672697,0.40881249929532987,0.02676670609685147,0.07086746551101042,-0.02335582522802827,0.09223536455237365,-0.0392409359886545,-0.16257259456626486,-0.14867200202590788,-0.037902562623052395,0.03389892310870069,1.013444091526973,-0.21610780865449197,-0.740349805207821,-1.469636106351862,-1.1538935401135817,-0.31626386215945623,2.1026372389344057,1.2926399146942005,1.6887573625646326,1.6453104415491193,-0.9968516268493749,1.5993852786500393,2.067813033060368,-1.1560479885322354,-1.4854727586498868,-1.333404273006539,-0.8747058702398766,0.2988729382097082,0.9795282472370981,1.0792120405707175,-0.5032351215734425,-1.5566504650092046,2.1940818504341157,-0.5991936146557685,-1.1072194520079253,-0.3529855568183417,1.7838875980572377,1.314954115235847,-2.189773732686704,-0.8973163437497739,-0.3283216634132514,-0.09752315943205762,0.0936790757311729,0.8575581119600889,-0.730551968521069,-0.9844597308210423,1.175867999272309,-0.8600789743267381,0.057264628139151806,0.7336099148863198,-0.3370969193755666,-0.9214131094755652,1.6848567267306898,0.42253955548644306,-1.080884093797316,-0.9889703731686487
3216,1.4266313136261752,1.497439514440788,1.475222803576818,1.5472649882225344,-0.25427134934843676,-0.16716237356184177,-0.5006968588278563,-0.15603418277625625,-0.8649720095984088,1.665769830680685,0.8333884874373603,-0.4613660362555852,-0.20857100350868413,-0.47799547936671766,1.0288458946530967,2.29982539111426,-0.9997314014993468,2.116738575011027,-1.2370851764905821,1.0288458946530954,-0.5410731074409335,2.6164697951815095,-1.2307983552717965,1.5996498398456376,-1.1252680724450874,-0.5410731074409345,1.2036920664405801,1.3048252488239769,1.2464569713423292,1.4789748343268327,0.23943307862303126,1.313583981304917,0.6270604565754366,0.4509268773103842,-0.3416586723871152,-0.5827364996194334,-0.5445562482537332,-0.6553042076653378,-0.14674426035195043,0.5687355199675797,0.08945066632151043,0.20382016228860478,-0.021970116237326805,0.09917979844027201,-0.01236607441651104,-0.13560616601156195,-0.12970368101584034,-0.012790582292131002,0.06665800356054036,1.1237058165149307,0.9405639199471552,0.029433787466043217,-0.8566266962267929,-0.5402663858395379,-0.148023097032913,2.2848868906641377,0.6244912786908711,1.6763082039935617,1.6339043251742773,-1.0210915963403926,1.5848867394450343,2.0416971968489435,-0.23214369250332068,-1.0775565585386762,-1.3415274450491144,-0.8205318421600992,-0.5504965672671432,-0.1736096541676748,0.5930344139647602,-0.49879962782096093,-1.38582541228676,2.43228084939238,0.3358446123947161,-0.334240956461129,-1.0888935855244215,1.258090290692373,0.4079882226927593,-2.4115581573652562,-0.5697940937433353,1.8719890480686592,0.7076567447213514,0.8668511596572536,0.8001824911338202,-0.8508109893915606,-0.9072268465077742,1.0549728282355215,-0.66150725360703,0.019553527045750856,0.7318841032328826,-0.32224789018130534,-0.9183291617581169,1.6706641746555868,0.4130252161523026,-1.0839342024909129,-0.994839661132127
3217,1.5436396806129744,1.497312973566673,1.460979962404625,1.4755075067616528,0.22030961921166003,-0.3041226566317558,-0.0901539897996953,0.06161556632722707,-0.7639055178755509,1.667933615683653,0.4651129680732517,-0.717527241694798,-0.5512624340586856,-0.6742589269194464,1.0725568622268862,0.08460224895242932,-0.887831851924841,0.7056274469218984,-1.1309451042659309,1.0725568622268853,-0.17837317904370317,1.1434872981567001,-1.1496618558964493,0.734223821537891,-1.1411146279667919,-0.17837317904370426,-0.15574834810404115,-0.015316610523479024,1.1202856435483846,-0.9082902203539586,0.47619107947059536,0.4235777599204496,0.22684655895563965,0.0822022659379201,-0.6360988251363031,-0.7960627685776288,-0.7166698396091644,-0.8367382287200501,-0.28771896365305893,0.4629723907708632,-0.5621233026110483,-0.28088778853808755,-0.3163366090948658,-0.2772635168821823,-0.2945445239777981,-0.45807942463760876,-0.44615639713930455,-0.3553069498440222,-0.2572638756313899,-0.6491026384693825,0.5338223376424448,-0.46035253933495834,-1.2323445537748743,-0.6697735616121875,-0.11847834855935953,2.1409297771969236,-0.5973959647826597,1.6577965766864908,1.6130096356866872,-1.0331584629498218,1.5733733367962501,2.0163084358480003,-0.660260477310397,-1.2716152388922501,-1.3388202516435708,-0.7494179301317203,0.27960241063338237,-0.7000576297335632,-0.37240992707792764,-1.1264234524779824,-1.103846534604865,2.7098163147675565,-0.5403762812751988,1.3240599752345963,-0.3378221202794975,1.0387080830228594,0.6816516442825622,-2.8244916235698936,-0.7770698872688802,-0.16286540034729202,0.6195501075985775,0.7711464897979284,0.7565468326248741,-0.8821169579290206,-1.0118723214330436,0.8150679223053416,-0.11012223549475351,-0.023858242823713162,0.7237643842518835,-0.3309171946597581,-0.8895468374333362,1.6563471720538772,0.39488458476412824,-1.0870317420914053,-1.0037775966273794
3218,1.4470529519064765,1.5056799810798338,1.4953448756197263,1.5460199648729227,0.1288657197171061,0.17481736714462126,0.026792138596564874,0.44953795300887806,-0.7351243744365848,1.6750607435548865,0.24329589864791673,-0.40895873523349574,-0.16591014728284056,-0.44798959732089033,1.4384421315742215,0.6968712541401029,-0.6707768881116464,1.323588086961049,-0.9861922719734753,1.4384421315742209,0.3315030178118463,1.5985652001987132,-0.9943428028805067,1.361346036822679,-1.121760079630282,0.33150301781184516,0.32645364125531645,0.0770974680396361,-0.9279662128227762,1.20102872774285,0.047272344325015515,0.7878676206746659,0.6746623866340717,0.5128963888178745,-0.2032353728479778,-0.4645680112279829,-0.5547450764125315,-0.6196364221545637,-0.171048569591709,0.5516888677207643,0.31862533550617583,0.29702414053521564,0.35989377018865937,0.24583137544200112,0.20097519226844865,0.016857101734143884,0.02292217642007654,0.1082382110089676,0.2174948909592743,0.6257423082757668,0.7302076776172365,0.11605582117786865,-0.6578269960106967,-1.0256261245465923,0.059791476683896956,2.1446722583052726,0.5302418514897363,1.6442608671958767,1.6038706653822457,-1.027509937736056,1.5642745617098008,1.9916111399132923,-0.12655816770197226,-1.021762704128072,-1.3268495893873216,-0.7627506822154003,-0.12195819077305638,-0.788957888330796,0.04409482771587591,-1.170809906284991,-1.0235216966321437,2.565525665070579,-0.11046138335650657,1.026500003894328,-1.0610552840207492,1.5452279207773698,0.6685341345693556,-2.6933806545947343,-0.7650191244665664,0.004512671215967181,0.5871728304338341,0.741031592912142,0.7645728857973939,-1.084694122366749,-1.0895413663925988,0.6582512975359746,0.3478632852967809,-0.030554560283003972,0.6743466976981023,-0.32033027172953515,-0.874651405519148,1.6427082550126948,0.3734657161840513,-1.085191742168834,-1.001197764105464
3219,1.547523363673801,1.52054030247405,1.5364932172335448,1.5527922374703835,0.22769743679351115,0.0645869154954114,0.11898944620623585,0.3235516188897874,-0.9949081167312712,1.8376678522125858,0.08186982774510439,-0.3395870536683605,-0.07849477356619503,-0.3983404430171202,1.5079521657017323,0.14384542634904238,-0.5037466673544981,1.0110451800398577,-0.8325893897647121,1.5079521657017314,0.7015345583451815,1.1589712694642715,-0.8507755884885632,1.250244724024788,-1.0766769532158655,0.7015345583451807,0.39556835488545233,0.14688295208476818,0.9573446727471254,0.016521572557441296,-0.38697012716722784,0.40279769458418313,0.7359785042164425,0.5778250190404077,-0.0842159672521254,-0.38144981714375537,-0.5428171461264412,-0.5822283792204664,-0.1690130094785474,0.5528329290355865,-0.41665855062938895,-0.27805640872217213,-0.24135138123991837,-0.24229333288756538,-0.244910410543475,-0.4196691969914051,-0.4253646002781637,-0.3388565076622046,-0.23183639856599308,0.053362366703283676,1.1530168713849327,-0.10855425542810838,-0.7220067573026177,-0.9653712689037682,0.014280764741937922,2.181227198784782,-0.5536586050071043,1.6317604563022856,1.596903209867702,-1.0005910252152965,1.5570755081936938,1.9675720939476973,-0.03887522698863651,-0.9696424637588348,-1.3088080592589857,-0.7646864979341645,0.05410685152189635,-0.7265139810204588,-0.7027235664062145,-0.7437730394425053,-0.7123582098536174,2.5452666141031712,-0.30191475778911175,1.1299525471893554,0.11915610397076208,0.2015558691123316,0.24890467130721566,-2.5661638879390183,-0.6667937939076366,0.8779246883490437,0.8555773251654776,1.003532871790874,0.7720921538938487,-1.1204973899149198,-1.184890080664429,0.41361648471517387,0.7322594953311677,-0.02670340245868499,0.6221443421111758,-0.3003316449202759,-0.8653925932813504,1.6292750693512583,0.34711119922612255,-1.0904448930433062,-1.002087047137527
3220,1.5679298423499681,1.5434890403370065,1.5627894673901803,1.5574407116785771,0.2813052730598295,0.20164541404359682,-0.0465873870461979,0.5158401341107529,-1.0153247106550778,1.8159685008828397,0.048136876480740144,-0.27359257445229573,0.006492489458902757,-0.3521273555578506,1.4247938126389565,-0.14673562834981088,-0.37450275990518,0.7761216878352407,-0.6857726608007036,1.4247938126389557,0.9556663426083648,0.8003363256015787,-0.7197089175548214,1.1319872312779153,-1.013571770612669,0.9556663426083637,0.2500667253648861,0.2294611665798154,0.18838318021081477,-0.1788657239243147,-0.4495066108457389,0.1994134591710227,0.7049407628835727,0.5829815569747837,0.025625405787651875,-0.3151899975402235,-0.5346920135700817,-0.5527754732263143,-0.17007542937664272,0.5507077416655619,-0.792392378407731,-0.6620131035758222,-0.5990400296994667,-0.5524744080889419,-0.5174083566508146,-0.691292822951891,-0.6853017823778984,-0.6098862991257653,-0.5067960419049331,0.036375657745780055,0.6296503151609061,0.33408281904740367,-0.22229916049381873,-0.955889095645726,0.004676698846364044,2.1226366555858323,0.09396283580661499,1.6202601082121961,1.571059908162977,-0.9483541886178389,1.5521617091395932,1.944160274153729,0.02244809825592764,-0.9218915854577282,-1.2834954955796258,-0.8017382085466812,0.6591062090573915,-0.8525036414486131,-0.7404752346967716,-0.7847456971347254,-0.7541486337667487,2.5874972237095846,-0.9681212145918157,1.9698876454162164,0.017028348389699716,0.21299177162130575,0.19505772132819135,-2.6125974773164975,-0.7864252064284258,0.22272189037623794,0.8690985154886609,1.0246909495269922,0.8119013960616317,-0.8235981421113231,-1.4091646495967114,0.1623049064986575,1.3773126727062366,-0.075101291609425,0.5162864362198076,-0.3058228915362607,-0.8569110181892677,1.6162078757116793,0.32012116990175976,-1.099829752963036,-1.0010993663010992
3221,1.602562218551344,1.5947581158598332,1.5554992186345236,1.5222881397313104,0.561803756669902,0.35655588119199844,0.18652341695895805,0.7504679339026938,-1.1887525395057208,1.7811915497844069,0.5379465556856712,-0.3904207837343645,-0.16479949828264215,-0.43609822817755994,1.051114708467835,-0.7064732013890045,-0.34406808292630364,0.1887289976862492,-0.5770111265716411,1.0511147084678343,0.9936732450062246,0.12532156403846292,-0.6436620532309455,0.6614578627857362,-0.9473257443311018,0.9936732450062237,-0.07511735108087532,0.5292734560226583,0.32585361503155813,-1.0430297128289827,0.5018955604874167,-0.07493788145055298,0.35547130950357086,0.3941243826517875,-0.07335042907712581,-0.41395992620481503,-0.6139651454106227,-0.6332792279575152,-0.24458864797652116,0.4932924420059201,0.2459471316717253,0.017331735336995283,0.04825711986292839,-0.014416798006079631,-0.0279985086676743,-0.21456333353538568,-0.20721777575606093,-0.1518391348947154,-0.03539630081140558,-0.3165720706271241,-0.12924560904180993,0.6535187237437828,-0.057528495899665674,-0.8312271530477975,-0.3073789485273675,1.993633865344898,-0.17373750479540537,1.6098750040901701,1.5430024172304104,-0.855136635582042,1.5547603552450628,1.9213466650973638,-0.24159343792425952,-1.0000194469001198,-1.226481969460777,-0.8379927682316094,0.05955862370561129,-0.47826973399300976,-1.0391964582597017,-0.8034500160255988,-0.7560259112898252,2.5186386160056156,-0.3319759997802148,0.7747858321263703,0.9381796142522006,-0.08660525288922184,0.5171069078198134,-2.549470509535782,-0.7666634294534322,0.8166971976073552,1.0412947470660456,1.202523633392345,0.8637436087834715,-0.5469166258322761,-1.4915003706714272,-0.21395235933242496,1.1622647276716351,-0.09089074694380672,0.43064255138921487,-0.33674367644436554,-0.8397320849578783,1.603313537474008,0.3080233382866684,-1.1253988877533077,-1.0077039688481455
3222,1.4843485495267854,1.4534319056067246,1.4628214924110263,1.4369484874276817,1.085495072500781,0.5991462964265211,0.7843133090428146,1.0115844589955725,-0.9265344054070357,1.8023687523557528,0.6623205957545436,-0.7663864213680355,-0.7081654791234316,-0.7046052295821288,0.30312666841231567,-1.4173704332681043,-0.47075982412295864,-0.7308889552463316,-0.5473348321745457,0.3031266684123148,0.7297418443296853,-0.827317808781433,-0.6686952786876706,-0.1853599572572742,-0.8993517382340225,0.7297418443296843,-0.9014121290615595,-1.4509318814379832,-1.1123757940397827,-0.6504520115913529,-0.28092171282658823,-0.7898661435212165,-0.2647398876947115,-0.1230040385161639,-0.39114100718385647,-0.7159276215141346,-0.8146335675454677,-0.8562375984711259,-0.4119946423457,0.3660167613184934,-0.6149022538591705,-0.5916326988771722,-0.5476194665282602,-0.516703631126316,-0.4751663113297082,-0.6454441911080003,-0.6446226053077299,-0.5780929980771881,-0.47188802331333496,-0.77008337896824,-0.19391980005296067,0.2748775248150489,-0.5220132702536276,-1.198041579583905,-0.4101176679876013,1.8565768847400548,-0.7878428469001875,1.6021608460125552,1.5051616062773732,-0.8584722685990253,1.5406684079713482,1.8991040951155456,-0.7405127809260966,-1.2426621858649265,-1.2447543111501425,-0.8691452139080823,-0.6165896338559479,-0.01079213618329171,-0.9761252235051546,-0.9623863611501667,-1.2033522240133203,2.3443859484573637,0.38947176020851765,-0.6527997550539347,1.4366589641240213,0.18936413130054117,1.0684041642810742,-2.4199236919015714,-0.959106732110453,-0.2729877607427088,0.7635762293759055,0.9452849181621585,0.9242418443089235,-0.24202175824335487,-1.661427033114468,-0.3833859061209664,0.7548090851924008,-0.0954040140219894,0.33264752306210404,-0.39166246404991306,-0.8940087633309588,1.5901510207580476,0.29640934584609385,-1.164586503979154,-1.0318542962408401
3223,1.4128489938806044,1.3632723561669637,1.3871781346649552,1.367548724292602,1.3121999269735833,1.377677928639192,1.4767491557426393,1.7067790860754017,-0.8687695616327299,1.8249880760785482,0.43747900663632494,-1.0438615420028041,-1.0866459228965435,-0.9103122389677799,-0.41666095916694273,-1.3568397630069255,-0.6675338818981505,-1.132610879174851,-0.5947325968370503,-0.4166609591669434,0.3373499516873163,-1.2306596802886893,-0.7567370097372533,-0.7077920031338307,-0.8790380651827882,0.33734995168731546,-0.7499847456706499,-0.9534037617081607,-0.6932128897840195,-0.6323600174986864,-0.5255893928215218,-1.1091397029244785,-0.7156515644675064,-0.5671336797923365,-0.6473827535848825,-0.9549520000646526,-0.9740627555562407,-1.0266506875942256,-0.5503337849434838,0.2604687103958159,-0.4046066353915899,-0.5542954724730998,-0.5375771021243185,-0.5470453108676091,-0.4896977596439016,-0.6661281083389438,-0.6678959872607725,-0.6023220574490792,-0.5002676721252757,-0.641372657087726,-0.8502222227543291,-0.10907996951211386,-0.48014021801938983,-1.071078434961731,-0.5867129019686395,1.7719439069064808,-0.6782184168210389,1.5870903638331655,1.4764127406022158,-0.9243980471264378,1.5374507379585798,1.8774070879313989,-1.206615677339299,-1.4376320565491079,-1.2121055396894034,-0.8651028967678851,-0.7450571213413938,-0.40895113375684955,-0.9825498261652805,-0.47458243048320525,-1.3571689680008843,2.1442553577692722,0.5300421655281744,-0.20199953988443908,0.9459122169112182,-0.4521677936546777,0.20499962257269183,-2.1178366573927905,-0.8777632669009374,0.4739231484353018,0.7050923443945312,0.8899741197831526,0.9329775499671512,-0.089539674803459,-1.6938012824948572,-0.4683171658498483,0.3885781553810165,-0.13807985425249464,0.22919029521404433,-0.46399775590473274,-0.9231773330695864,1.5766679421429772,0.2804036982138151,-1.2094056021427129,-1.063781761768419
3224,1.3105080554696598,1.2873386309373116,1.1830743149736358,1.1629084945863553,1.8880127975437893,1.3464901378578251,1.5065986744031692,1.788902322792649,-1.2617976625881018,1.9332269144564511,0.06190682386336612,-1.801762470203718,-2.0037937885839168,-1.5161553600648843,-1.8110174612881234,-2.6120611720637408,-1.1561518279166378,-2.7820299051099724,-0.794089748327819,-1.811017461288124,-0.555922342508153,-2.758139024814369,-1.0460133850908502,-2.3455084583304955,-0.9226384817770074,-0.5559223425081539,-2.0203572510229035,-0.8237999125211666,-1.0009596991025898,-1.942961274058508,1.653754400326203,-2.286056693421026,-1.9734503709509879,-1.7340741227512888,-1.5230961028047072,-1.7030947721239185,-1.461438545996758,-1.5821730907702474,-0.9405607447651365,-0.03295861649663636,1.8925742520667923,1.197172124785252,1.0409893179042575,0.8492555766534648,0.900284792164875,0.6087299625405189,0.598081085303576,0.6444605894476022,0.7654443735433101,-1.8714966484271356,-1.8311246576886897,-0.6052977750720989,-1.345243743452314,-1.6935135785134263,-0.7676469244863097,1.5057448342840323,-2.1029922748095338,1.5547074168283412,1.4416682074526141,-0.924546301645678,1.505924638778037,1.8487962394354205,-2.401503943941438,-2.0503501019704307,-1.2754491376926558,-0.8739128812687308,-0.28654198924492125,-0.7841949690840282,-1.0116240135992949,-0.6085601503282918,-1.4748173567442144,2.006451826136723,0.029926542037894695,0.8520003304843857,0.5186815827057614,-0.3122032686842507,0.05594479709558797,-2.0185484813782986,-0.7253346254965438,2.0854941121482438,1.1113094008513396,1.292266350664555,0.9746491157874889,-0.19947087593400487,-1.506394072326373,-0.9694192140039765,-0.0321859377250671,-0.2799272124033659,0.12108096250385672,-0.6515591768996961,-0.961915786795919,1.5610774982491094,0.257567599739806,-1.3010722223886415,-1.1161073112731277
3225,1.184502164746197,1.173446368303923,1.204246669883483,1.190817032537622,2.17205502697539,1.8646989907900502,1.865804511450096,2.0816820549257637,-1.3016880880443178,1.946645001998511,-0.13812033885594407,-1.60213273532813,-1.7147293205899532,-1.386914777117571,-1.93042257231546,-0.24734362654635306,-1.3894105500274516,-1.3298910908394046,-1.0081344091943083,-1.9304225723154609,-0.9660321939543891,-1.265973991920535,-1.229136762289031,-1.478448115738893,-0.9958054807765216,-0.96603219395439,0.18577722859141943,-1.2345941323544942,-1.248871400753983,0.018541087484381182,-0.6356919690075168,-1.3748877248555467,-1.6419223651766937,-1.4653999290399082,-1.285574764721189,-1.5101582752602716,-1.377033135202897,-1.4587910975744065,-0.8963373443256673,-0.004548295938551851,0.21967116009793897,0.22935809347212047,0.1833833617566642,0.15719567509679053,0.157001487188444,-0.07686115832660204,-0.07422036676159714,-0.013460073258763484,0.09155401853375918,0.2321853001108191,-1.7231858978351269,-0.9192234714763269,-0.9229170390188639,-1.2188897684312934,-0.8170545217247014,1.4759543436905747,0.13015732925197968,1.5243162660948462,1.4192246156755963,-0.9251862953802326,1.4925051468705395,1.8282889878401367,-2.121772773255451,-1.9278946050696573,-1.2890489672722523,-0.655199674494928,1.1553513184791684,-0.7015011801457571,0.14696430117179718,0.34605964928636984,-1.3584311388958772,1.6578313228341819,-1.4603760960909231,2.271386250932949,-1.1160756710894801,-0.29030037312192447,-0.9446911681666346,-1.4742292156087742,-0.632029108556071,1.197740470986183,1.2028359545927414,1.335826405914513,0.7745704000130565,-0.2938575830061925,-1.2119384990668467,-1.2414578852964326,0.5557094457956918,-0.3667722553700355,0.04846111768569784,-0.8194842018284996,-0.807968026964211,1.5461471037132677,0.23307071317917996,-1.410482229085988,-1.1577253471129212
3226,1.2501869715907024,1.2967278617284699,1.2299882376452262,1.1918962454365059,1.9154940866453194,2.0888495274505106,1.6536518766582167,1.8759160094798086,-0.942103230062946,1.9187016051390489,-0.23048842380814297,-1.5536322116627566,-1.6415784392349437,-1.3580987186645175,-1.6557431972094192,0.502794876898041,-1.5103136426650918,-0.6886099070768635,-1.1931704598094777,-1.65574319720942,-1.1374601337116106,-0.5386931548035789,-1.3586517656281847,-1.040469887268894,-1.081684982026022,-1.1374601337116115,0.22225884333514528,1.2969160455501314,0.6153477413506203,-0.8239428899499205,1.0087742344382016,-0.7801289424193313,-1.423549295835173,-1.4128516129851438,-1.2147007890586072,-1.449743904988409,-1.3663307582834363,-1.427182319815931,-0.9074033449110248,-0.014810848814377145,0.6179764393183591,0.6263082163935297,0.5517450019181288,0.5474621204639318,0.46033310700889934,0.2267932569165743,0.23432291695901233,0.2909169564517744,0.398746578964169,-0.02888349973560479,-1.5782145436155435,-1.3762080635518021,-0.567565106433133,-0.9975768143112452,-0.8444969816431146,1.8023004803995377,0.044448907608199514,1.503020952149619,1.38607420529944,-1.0230359984273238,1.478335825818018,1.808252647781753,-2.049248472826867,-1.9107342936444713,-1.3074118677024424,-0.6905547143395803,1.1669891289620256,-0.3301450700840215,-0.38214565091248426,-0.2701790788821019,-1.2901784216841798,1.5625129784336336,-1.4819049537058508,1.7307855466221371,0.15379117696131492,-0.0667326259769027,0.0387662136390684,-1.5253145646887758,-0.8216052955267814,-0.19628735529231622,0.8224592566439439,0.9711401745101761,0.795242355931437,-0.2995722981027964,-0.9903368411334554,-1.1458392241017816,0.784751674420606,-0.4549524096066119,-0.005533444721710434,-0.9088785372040944,-0.6959688484229661,1.531637477122992,0.2015294837837468,-1.4833804920319074,-1.1996851257713455
3227,1.2027938390636277,1.2674896996245093,1.259957067359984,1.3208190040481944,1.8037221715521785,1.9962185136932367,2.119841868447997,2.0562911894039297,-0.8928538246915899,2.0105638481160084,-0.011211924541332916,-0.8883150715945527,-0.7179201341586959,-0.9049662367632053,-0.5134213859080341,2.1526276461554112,-1.322393599592546,1.0793542450902527,-1.2521251356034395,-0.5134213859080352,-0.738755334881834,1.229474774573958,-1.3007967994382756,0.48351541611636495,-1.1387021787003526,-0.7387553348818349,0.2658637827761118,-0.3475263710544996,-0.5000386267190555,1.4495006163097768,0.01291890462889553,0.6419384484357009,-0.4836759726465302,-0.5819241039866319,-0.5160147057974821,-0.8944947493783547,-1.0394417922993746,-1.0204799604602195,-0.6725924789805102,0.1537342073608105,-0.28557862263854844,0.007908946344868691,0.022533402515035016,0.04364493041203576,0.019554569090168027,-0.17218332200572922,-0.1779579560886336,-0.09887818089367151,-0.01375125332984556,1.1662659335194507,-0.6127951057132798,-0.6440103679463013,-0.19309441966431232,-0.8173318405645628,-0.766848581707495,1.8709116428424784,0.6775622605464819,1.488938721622772,1.3721272536864133,-1.112566557716412,1.465358685002523,1.788667712683216,-1.1107317577718667,-1.4695500530642982,-1.3214944404584417,-0.7300056551767454,0.9646511882317431,0.3516044221210583,-0.86110588774846,-0.6720907954990337,-1.2512834055603577,1.9620701212932572,-1.2737909133968197,0.5233664533145373,1.7479339841456492,-0.06822590868261073,1.027685803105447,-1.9892301633194134,-0.7404328603204675,0.7507401220250101,0.7629637607690865,0.9202127478438663,0.828130180613263,-0.2276689277470623,-0.9823442451631446,-1.1811963829379957,0.7036351087566818,-0.4841273042280665,-0.05464948739300937,-0.997869542984414,-0.6129257992527974,1.5186574090341411,0.1715032682944639,-1.5390183512130955,-1.2348759769330044
3228,1.3362234958556154,1.3702894503786183,1.3640379033261316,1.3902885729743673,1.4631964464446363,1.7379057726854101,1.390135625050464,1.8107967343466276,-1.0204328815257635,2.023991408596675,-0.23349701996077862,-0.5572168494962104,-0.2967669106846178,-0.6660197084819848,0.5092014471039479,1.915962833582615,-1.0503808128248138,1.5512725357339383,-1.1979327271904057,0.5092014471039469,-0.18968256635217154,1.6890779550304806,-1.1620248638251185,1.1372466923132838,-1.155596361839622,-0.18968256635217254,1.0124768463176397,1.0648721273384358,1.2755616660250932,0.6183060291864357,-0.015367472834987192,1.2519860273991716,0.07507235402356942,-0.07977474110891446,-0.1445416557832423,-0.552499827018722,-0.8534297219090623,-0.7879362463996614,-0.5480075368288115,0.24040608917599499,-0.3374398046107895,0.12973360700080366,0.11763026507059961,0.09803072263973751,0.08713623502474988,-0.07486010893733103,-0.11033926208818208,-0.026660473313187463,0.056146277622951414,0.6089482372576059,0.03071518297407051,-0.6505736620135618,-0.06710571066151992,-0.399599677755567,-0.7943512531752865,1.8440938501234378,0.45974557184355186,1.4775740162961373,1.369759770811684,-1.1146532228468908,1.4525869018188304,1.769515785582128,-0.563361647824358,-1.2144614408102252,-1.3358947944447026,-0.6560576417726879,-0.21060191247781967,-0.4438224315578716,-1.0091932729986706,-0.95901510571684,-1.3390770097693454,2.112928532348146,0.017927357961143142,0.4220461728532059,0.9582494468144405,0.1443326914641484,0.7188583144800146,-2.192750022275478,-0.6029525941904008,1.1158264984558053,0.9126078882986044,1.0439610973223687,0.735004921134141,-0.06335495735021848,-1.1201226842290586,-1.2825160520627679,0.9216590135182926,-0.4667862488696385,-0.12541882023846287,-1.0736926410355658,-0.5239707079372493,1.5060341571156128,0.13764053630693773,-1.5852561414620656,-1.2577225501251403
3229,1.3818093240098528,1.370293420593874,1.385650933271782,1.3820867854257368,1.6525785899388312,1.4040832756043606,1.33121864435617,1.8329190807892046,-0.625678487451678,1.9625227391914275,-0.11268329471242432,-0.5482833580733975,-0.28362664661052195,-0.6620678233641405,0.8925003965282916,0.7202226142446834,-0.8737162640643087,1.0082933708473045,-1.1010927416986138,0.8925003965282905,0.17699870609013957,1.1251035082619645,-1.0487163358037979,0.9299910012214667,-1.1455765862079768,0.17699870609013843,0.18691824364591442,-0.030014677155210435,0.4095840592601997,-0.05769743974428026,-0.37678589492883013,0.7633965115380847,0.13165540973491519,-0.08635205523600314,-0.14303366204842705,-0.5231070683209922,-0.8585496133473144,-0.7956882900526786,-0.5701045113711587,0.21910675959504788,-0.29699328821681104,-0.0655620771731341,-0.06317663943945391,-0.03299354547478618,-0.03107990797351452,-0.19835828174472264,-0.22384003135175273,-0.14812260256753396,-0.0672154524994787,-0.0991670096136308,0.988875124323932,-0.712628058141181,0.1626995489330446,-0.6138236361230195,-0.8599219928570262,1.8632620807792921,0.0992136541201968,1.4638629843791477,1.3638380581442184,-1.1094668986941172,1.4307982086462343,1.7507794989893575,-0.4825165915052509,-1.2175820659863388,-1.3954117157955588,-0.663189855838015,-0.6455835440385866,-0.6019418979243488,-0.9366079439999692,-1.196287375144334,-1.3131690952686648,2.1067398409516254,0.48531041439941563,0.18404560918884694,0.647078195940607,0.5423152135979465,0.8625853405660812,-2.2362690110344796,-0.8019879326723347,-0.38224383904343445,0.501212844666555,0.6497048517535534,0.7531525618496371,0.07549061639611915,-1.2181323266861643,-1.378263373012808,1.105106634359577,-0.4400851399527012,-0.17476659927998428,-1.1176757815169143,-0.4171211903550571,1.4934385684940314,0.10442920705433693,-1.6230565116596993,-1.2880758443419884
3230,1.3136110042341385,1.2974256011008467,1.2935105268900353,1.3178061976833695,1.1023798764223398,1.5381457826696905,1.3444742836471748,1.4088360130641855,-0.6649795571105839,1.9172981432209615,-0.11045465549244597,-0.8124141055202163,-0.6585002792328046,-0.852717996347513,0.6286404676960322,-0.4941104347545492,-0.8646757464452428,0.06190854244191621,-1.033344414841813,0.6286404676960313,0.229174683005534,0.16001855314756383,-1.0198596468752228,0.24773055922248374,-1.1315602264275555,0.2291746830055329,-0.931197951395519,-0.7924341853882215,-0.6773376085466305,-0.0019615835607259186,-0.05502962609305925,-0.06328710522902092,-0.136901578649708,-0.36812606328501213,-0.43379381022526664,-0.710720897687704,-1.0024369986749395,-0.9632870409366073,-0.6995039762655424,0.11875881452036491,0.4098994332782399,0.43299920492999044,0.5226109791238314,0.451794209766481,0.4481642532603338,0.27660536314679796,0.24828648808257736,0.31827154126494195,0.3999832398343072,-0.6047383280056385,0.5419222488517863,-0.9731625041541049,-0.4194643137763987,-0.49251760959168384,-0.8924167093249434,1.695940614681576,-0.40949979520010305,1.4540110267997646,1.3561706061404184,-1.1733151672279487,1.38651845835925,1.7324424417188298,-0.6289559304004171,-1.4074177448224574,-1.566986203418237,-0.7034685627315922,0.3421530337882511,-0.5620656069681086,-0.6711357199263747,-1.2085096312847674,-1.2332089570677207,2.1323095313032265,-0.5943400223337466,1.1879112507414922,0.2964768400217415,0.8601538041943873,0.9119276461337351,-2.2588073283592336,-0.6831573473645147,0.6682680656148176,0.5331214934502301,0.6821234927553508,0.760885430775544,0.09481640831316303,-1.2280833295756672,-1.5273171281030513,1.1388327563213223,-0.44161318214496625,-0.21516794899635422,-1.137163448064282,-0.3574025988202321,1.4802743701692191,0.07196270092082582,-1.6528678989272598,-1.311730049386995
3231,1.326214125435946,1.3671300973174068,1.3760714779106966,1.354601155103037,1.0152962587346333,0.8138177636450686,0.8333637718028925,1.213187556487531,-0.6022830824807315,1.8511411807849574,-0.14949385822989794,-0.5954974440525755,-0.36617432163431024,-0.7024483966517375,0.7059955470279412,0.14538465943304596,-0.772784223602162,0.5236136254774099,-0.9564771948067683,0.7059955470279405,0.40616651141461907,0.5428181431238237,-0.942876039898091,0.6303858043739936,-1.1042746678566142,0.406166511414618,0.7952159810535319,0.707472099871288,0.09546873044581942,0.3049940449188116,-0.27754898092556224,-0.021407296762479953,0.22141150496386663,-0.04063624140911883,-0.25400904365136046,-0.5043608281106771,-0.8930823848630299,-0.8386535661744763,-0.6340410358561739,0.1605384776330335,-0.6744533360229834,-0.5137430438162697,-0.4274826037918776,-0.37508986047569676,-0.34383889784936034,-0.4913540583171795,-0.4870045759630226,-0.4264096639854736,-0.3422602339908342,0.3112221027671609,0.7217733887220341,-0.7175508376590364,-0.7030662328840012,-0.06311445662170528,-0.8474026564764147,1.6633988627978389,0.49854728007836885,1.4409661056376346,1.3493035611877258,-1.1767960077835584,1.3773424006005892,1.7144890919826707,-0.3163355542467262,-1.2541305555102897,-1.5690723681879533,-0.7208554452963158,-0.11449258722093592,-0.23532955380286696,-0.9989315878964165,-1.2361895565269672,-1.1860876115254495,1.9346647964753136,-0.10727952292586629,0.21977306436092062,1.2048355116354974,0.538977324417375,1.2044726434261406,-2.0767284156405954,-0.7360083584849395,0.33029302107801,0.46402064781864405,0.6179520439345985,0.7727934195734996,0.17269407775415715,-1.299484192502699,-1.8614969828734897,1.138380544390737,-0.4189870985623402,-0.2770486362092324,-1.1550886223645973,-0.3091709713481945,1.467947285068876,0.04142780375452768,-1.6830789553299432,-1.3378538355229086
3232,1.3523015487397774,1.347630422221257,1.307962566728876,1.2669949102030236,1.0733838127007191,1.01527358696504,0.7745224491968604,1.3160456145514345,-0.8412845124269034,1.8887679394444,-0.1936165532600842,-0.9719540413081841,-0.8954636372305294,-0.9735116515172137,0.1971307541475617,-0.9544630448937692,-0.8628413036838849,-0.5000933363924933,-0.9360853940353793,0.19713075414756082,0.2509030371003577,-0.4774218016207513,-0.9701692154469561,-0.21061860921928566,-1.0880770655581282,0.2509030371003566,-0.6885892942808491,-0.22602324024198278,0.22611155151117093,-1.1202566520375243,0.529484442226814,-0.7257634083001079,-0.24637200309632282,-0.431986422766598,-0.6713484253504832,-0.7821313894863114,-1.0928459095210437,-1.075485959141048,-0.8070854556604543,0.02839649428228065,-0.790795665288271,-0.6839704020433909,-0.594540885995034,-0.5163733184279339,-0.47534599929076476,-0.6075818742946403,-0.5801301738001023,-0.552854496701638,-0.466859450282252,-0.8137657566338913,-0.3101929542406242,-0.7348769593082247,-0.7610714659675468,-0.3549872347315856,-0.9416861507245059,1.4817236407637102,-0.8998125122258102,1.4325590354027755,1.3400723509165375,-1.226310554028597,1.365805433704877,1.6969047561271529,-0.8463507655249775,-1.520189951172855,-1.5826858043520342,-0.7490881552056284,0.03297979134408878,-0.49586533756543677,-0.807942799121652,-0.8862006723436602,-1.2383828802585244,1.8637834195059901,-0.27581016500728966,0.7600758833509971,0.5866147882074907,0.28512849780912575,0.6053854378238388,-1.9302855376739305,-0.6598034468270165,1.225175278112112,0.7065137711423254,0.8587292396612474,0.8039907867426866,0.13983584937747448,-1.2592399758241262,-2.104928246457705,1.0774961276780124,-0.42427974135039315,-0.31177790976031133,-1.1848568412684508,-0.271170793013695,1.4546024509579798,0.008713524316586795,-1.7123128830602992,-1.3686087533719595
3233,1.2220357201659378,1.206024911071772,1.2037476694948919,1.2540232428835363,1.1858630356907445,1.025472765567071,0.9010892145050975,1.4282087959282166,-0.9785677947967403,1.8915721515203434,0.07832074105084019,-0.9839448170365659,-0.911321864802446,-0.9847142063262143,-0.0653879538968505,-0.49107922590547853,-0.9273917607752278,-0.35871395875930195,-0.9447008450219075,-0.06538795389685133,0.13293906703914649,-0.36211205184414436,-0.9948474020444111,-0.19248246719485004,-1.0802284132249784,0.13293906703914543,-1.0526996709314624,-1.5050941393177046,-1.2635319074917142,0.35370132930644554,-0.08536174583939989,-0.5991948293683749,-0.2576033866950253,-0.3762934494870435,-0.7067313994193715,-0.7742733492536212,-1.1063088473162412,-1.0864307356183895,-0.8374986757065713,8.02046419258716e-05,-0.4013334166449445,-0.5338693835723244,-0.4080828039717195,-0.34385693337539897,-0.34268287867714503,-0.47150660323974286,-0.4212626356237746,-0.42665458696543546,-0.3419312580301806,-0.14675377225446395,-0.6943615728147138,-0.5306865962152946,-1.0270295470375759,-0.48127338556924004,-0.9537409455672575,1.5172667765999255,-0.16618428843415425,1.4387881514941203,1.3255812925782597,-1.2728481646131489,1.3620269159674503,1.6796763922853828,-0.9163481139052893,-1.5361087018075106,-1.5592465196297232,-0.7439146536476255,-0.608381038398232,-0.5186663486657902,-0.7157606690047446,-1.1395723590142235,-1.1214333275833652,1.6334185025320151,0.4183760329093975,0.09978016642854952,0.41954197340347504,0.7263205461887814,0.8720921023484632,-1.7670276892747916,-0.6875543566275392,1.010137861185032,0.8510487241831386,0.9980000342775815,0.8053343105723989,-0.020848056056797463,-1.1392787294396867,-2.211344547831174,1.0780337566199845,-0.4333757894341458,-0.35601389104686404,-1.2245638029072046,-0.22973122357711853,1.4411289377770697,-0.020118500263188135,-1.7432831570980585,-1.4043754619572664
3234,1.2651432536869756,1.291145149850656,1.286859343514454,1.344642222300409,1.136134157556504,1.0597605069955072,0.7560417925760231,1.4136830660631587,-1.1251133157916646,1.8840472409196412,-0.030655573372460655,-0.4976726564751543,-0.24169095222070913,-0.6501568637613274,0.4112470353894827,0.8889595738385137,-0.7799442097317112,0.827039100184528,-0.8995889535575338,0.41124703538948204,0.3801181942803843,0.7544747467365004,-0.8988982459171742,0.7728396526248793,-1.0538248676252464,0.3801181942803833,0.8014027529477689,0.8730814189333927,0.38828953774982833,0.9533039392134456,-0.06090914202546325,0.3031929967337139,0.2261503581388512,0.23356092691182712,-0.2653038461225239,-0.35298153581876324,-0.8604826396330929,-0.79059352464316,-0.6670082882441264,0.11829017102076339,-0.4181906473800679,-0.5064811025711284,-0.500986244421635,-0.4009188373352735,-0.40987093681270353,-0.5401179341530962,-0.4821909562381554,-0.4932413533167018,-0.4077223355795705,0.8024467456072798,-0.23534241662737615,0.6088285237371267,-0.7670880845352273,0.0008927742292959891,-0.8442994625580211,1.5876742727467248,0.7251836625692322,1.4435063449357692,1.3197181378983476,-1.3151695730859299,1.359429973143086,1.6630879336127233,-0.27758159413681216,-1.188929583861712,-1.5143742594706118,-0.7814959622054878,-0.4374901572660091,-0.7217422039566149,-0.33957621381093656,-1.2247641820456223,-1.0985429873630976,1.6409826917411998,0.22147734293990345,0.582631774626857,-0.4032893268931621,1.2563696412300993,0.8081713469925801,-1.7880095053211393,-0.7202869460704463,1.0262525473921003,0.9958739014483406,1.1444629458577393,0.8395868096938306,-0.044974726464931725,-1.0583999199012653,-2.6216906758405765,1.1954626155521413,-0.40551262132090077,-0.42334195531260965,-1.2591203733269407,-0.19507024778920373,1.4289790219794216,-0.05016851417282565,-1.7799519990243162,-1.4426660699192242
3235,1.303375838617931,1.2948103216105482,1.2689039097652188,1.2178819350163583,1.2598638102830069,1.1277570797763183,0.9108684278492308,1.3943599432012415,-1.0238164048893543,1.8047600129753028,0.16208778538132745,-1.0644938909235218,-1.0212944272936422,-1.0598695819360304,-0.12492940657673846,-0.998371124865212,-0.9101614999911426,-0.7247943964028295,-0.9144105760328808,-0.12492940657673923,0.13864863503613187,-0.7373474682817007,-0.9577140549063299,-0.4675599285569856,-1.0449620777661506,0.13864863503613084,-0.2070295784761648,0.0060473848791224106,0.3384676905884836,-1.121398948848587,0.2976320910577557,-0.6829049734938551,-0.6344392777359641,-0.4750063491057989,-0.8502851341078324,-0.819088019077977,-1.1627268780490296,-1.1350348366001246,-0.9160258032331843,-0.07016800551291923,0.4730742719544828,-0.09631577117474613,-0.19220492711629109,-0.07045144484095023,-0.08102774395227569,-0.2520065598487001,-0.15990483633197403,-0.23006535467978456,-0.14251859348001905,-1.167419923681704,-0.5301291081668426,0.008157702796247062,-1.1855592762746576,-0.6843217881980903,-0.940385086316401,1.485789863307354,-0.7815490322394925,1.4401323340040941,1.3075993143393743,-1.344805777596371,1.3579826961166919,1.646859285181919,-1.1460093362415416,-1.5834437266990369,-1.4627568060854872,-0.7615234848104149,-0.7183136323680137,-0.12431992739378034,-0.6477403906434255,-0.7992758303791082,-1.2321551063909058,1.7329008093179221,0.5314882904146159,-0.5993989759049476,0.813036860819251,0.34792894373879396,0.7989691857219361,-1.778356375965172,-0.7923449507219064,0.32274354039856534,0.8953880169926218,1.0441992413039578,0.8268667265038276,-0.1673628844672813,-0.8769307530424234,-2.6721095816690363,1.1606733542775458,-0.43358752713926546,-0.4809834315889433,-1.288137257673005,-0.1439715304246569,1.416246965368975,-0.07926937260495913,-1.821648879990156,-1.4883148253425407
3236,1.2570571927919039,1.242135503808922,1.2709432207495843,1.264072215756428,1.1689629739488516,1.2023130319975175,1.1689554006447047,1.4708780682793245,-1.1263718020192375,1.8241356164014582,0.6560683474913248,-0.8012277305659522,-0.6646809091124587,-0.877032745412189,-0.016466820945804886,0.20190942391222808,-0.8887043801921719,0.12132629462592284,-0.9168974796985108,-0.01646682094580566,0.16152680958081872,0.06925582228295032,-0.9401707939155786,0.14229103954274766,-1.0341605291746427,0.16152680958081767,-0.008385359751774884,-0.5837909032797176,-0.47135737231683156,0.03392064755556776,-0.6181096495125424,-0.09468130164244247,-0.3786598181899528,-0.24329132242098572,-0.5553049484112583,-0.601626218660242,-1.0277315571011112,-0.9668939286686847,-0.8316885025877973,-0.014540154213063202,-0.4536760592555492,-0.5925029441233616,-0.6197205556343293,-0.5394481553528424,-0.5044804805236193,-0.6744168649928033,-0.6156260168018183,-0.6379084788136918,-0.5486681758820278,0.3910031354654304,-0.48857765243531154,0.18505741968105044,-0.9409007943587199,-0.9035217280592891,-0.9366122144734593,1.5191612152357794,0.2558167962384468,1.4534858428367556,1.2900103838243406,-1.3721138718671386,1.3488465114104686,1.630941222706192,-0.7728546827311114,-1.3893000719201005,-1.4507208316820908,-0.7063175142210419,-0.6021785220958011,-0.6923568770219677,-0.0826772970703733,-1.1031469984399958,-1.123756513196915,1.6262000379648478,0.42361306155659395,0.35879371570663265,-0.7489417878346089,1.3732036202806144,0.6942419189916152,-1.741735390218545,-0.6612641059499462,0.9123919677232508,1.0153443835205664,1.1458863970545055,0.7667711796669957,-0.45403710843835154,-0.28043312332298426,-2.4146856312257157,1.0790862274811799,-0.42984067318308217,-0.5389749923228739,-1.3126404920481034,-0.08303466168712188,1.4041234042057145,-0.09264226622086695,-1.863411723030804,-1.5345393843610224
3237,1.2086368793014461,1.2551676071329225,1.2470581716944233,1.3068954237670813,1.2706530908055462,1.084961905510264,1.000890128445669,1.4748066052104476,-1.212886153846618,1.8927236931040736,0.491067366391107,-0.5637301961749868,-0.351626303211081,-0.7088055698753629,0.3304383490984139,0.6450986650705178,-0.777999629211829,0.6193141133771596,-0.880342479839886,0.330438349098413,0.3390633120367747,0.5396020363657008,-0.8666022543008464,0.5902927697207729,-1.0100529432736278,0.3390633120367737,-0.26571858336825976,0.10261465362920001,-0.49479570199027406,1.1894031267916858,-0.008240251057567346,0.22559980858132966,-0.08809606461564132,-0.0395065575840001,-0.303666977324796,-0.3942301628928929,-0.9014119119347926,-0.8017658646753141,-0.7527386443655231,0.03663370750811593,0.04788470391869919,-0.19933053441508253,-0.2715510649680186,-0.259671117068488,-0.24648403434830893,-0.4333890307171129,-0.32254372394842346,-0.41785589194389827,-0.3247282412272494,0.3591422135766038,0.11961451776718442,-0.14866655811256277,-0.5456291020415428,-0.5929872733287246,-0.9039897179760468,1.5529937603653154,0.03242301134514013,1.4477774986611227,1.2852215551370347,-1.3800897901686213,1.337804149092713,1.615322922315935,-0.40648123959150434,-1.206806663437149,-1.450501689296904,-0.7304027191552109,-0.6194442080601968,-0.6505775537712349,-0.3848633553708591,-0.9182813395518735,-1.1232264027646068,1.6523263708739386,0.4343768363020085,0.27984811019179356,-0.24750206407569328,0.7951019549041074,0.5196432620049483,-1.7236148306320023,-0.6903223777787747,0.9197296175780454,1.1009117836618716,1.2338582722511133,0.7962646467790155,-0.5747199909480112,0.05444159021116483,-2.0165245785121706,0.9232347731833063,-0.4019320991992024,-0.5909311505249387,-1.3624914259870928,-0.04004074571412401,1.3927915034109366,-0.1111227714221788,-1.9123548695778874,-1.5915261864013195
3238,1.2929609000887066,1.246881048386705,1.2785471049845034,1.2725672515759392,1.6481030895495845,1.240764873788564,1.3414281310787863,1.630984646689457,-1.178057317116158,1.9438573050099253,0.18373562051213438,-0.6873441786724303,-0.5260595969511972,-0.7975796407130561,0.28289513156098234,-0.08841490462970425,-0.7580284073846171,0.11355634687892525,-0.8490687698681013,0.2828951315609817,0.35339615062886326,0.04293634106160359,-0.838010028900442,0.23059014136420347,-0.9847280711190348,0.35339615062886226,0.27893575129380127,-0.12142460045150312,0.7787730506272517,-0.30039919673767285,-0.6724038920363363,-0.12423747287191282,-0.23833292698719283,-0.29302577189756823,-0.4094486841045526,-0.5060568070160079,-0.9657439730235587,-0.8681222530261299,-0.8232752569036985,-0.021733431342721293,-0.5703016174079483,-0.5876843585313318,-0.6012386819874528,-0.5865685589390149,-0.5743761157884609,-0.7384679282439235,-0.6503739810496081,-0.7053652369499693,-0.6107953731982851,-0.33720747352406,0.01948236799508076,-0.5394042813857167,-0.43777884714681603,-0.8864752925608949,-1.0679202022037209,1.4945466670299585,-0.5357706043812429,1.4351372585793365,1.2729367001664587,-1.3863426802182925,1.3269138506210487,1.5999940858313273,-0.5695004054560863,-1.2864681998651957,-1.450282614213445,-0.7557955269348401,-0.6707592958306225,-0.8682654785090318,-0.8814221484371108,-1.1704251850369898,-1.164787605761416,1.7018779485809528,0.48161671264038763,0.5442146866985521,0.21775066824452102,0.5864213343108325,0.6321568779040982,-1.8194134529185462,-0.7616137720105394,0.7211986475856262,1.0596093035962064,1.2034885106953008,0.8430744405152687,-0.42441760317356547,-0.004944143383224438,-2.0250188242932365,0.8252422062745074,-0.3821854815670496,-0.6021151737026288,-1.4306201821122095,0.03561152839385641,1.3810569764496854,-0.13448656423229108,-1.9762111099575823,-1.6665074476224433
3239,1.2659422111254859,1.2178731081730334,1.2466898741591363,1.2597202387923128,1.8221188295272523,1.543522518652122,1.463903249268153,1.9358065186389144,-0.9837746241620903,1.998891805284541,-0.13170847488745238,-0.7043419430029079,-0.5499622905989558,-0.8113807673541809,0.19585700236555564,-0.16189133623558624,-0.7562406115931732,0.01319884982832549,-0.8276079736085503,0.19585700236555492,0.3318659842823679,-0.06573161836877706,-0.8210895550280449,0.13800580457739015,-0.9608946423645552,0.3318659842823669,-0.3466913687629374,-0.34272378701770817,-0.2906206097028884,-0.124179330167158,-0.630626753689938,-0.0893370248851225,-0.2466809330532497,-0.34493617040638236,-0.4055018197644986,-0.52209004686881,-0.9771446892678811,-0.8703445875047671,-0.8535041920395208,-0.04986670293054289,-0.7007041169937047,-0.6750394176780374,-0.6888253695159029,-0.6901951926956977,-0.6663178116509448,-0.83700490522165,-0.7498557976558774,-0.7976660460901608,-0.7047615932645156,-0.14944210321471071,-0.46928367739804366,-0.5599316771719479,0.19514977831459251,-0.9466811520179433,-1.0821348987906234,1.5525035947502281,-0.3841831448167848,1.4234702795715937,1.2649896167751578,-1.4138284609712615,1.3161254211221642,1.5849845549699115,-0.5901997558787068,-1.295105727723558,-1.4469765542272868,-0.7882027953884515,-0.731105420817437,-0.7690825300752602,-1.0279602784457806,-0.9386322494515984,-0.9556009691362584,1.6417024324295333,0.5363734704333004,0.33326323398012153,0.5625983492712617,0.11804650053762565,0.44911756753201015,-1.7118531611788181,-0.8549528676489941,0.3013173559042731,0.8501097282744812,1.010613434604679,0.8852914716328852,-0.3692564493890484,-0.017820145210628694,-1.8373722416000962,0.8395483636654946,-0.36173838177413487,-0.6203695752158301,-1.5130138219995326,0.11474636870302041,1.3689718558436372,-0.1610877504792768,-2.0266334202618985,-1.7465021764102564
3240,1.2812049001511054,1.2816625563281219,1.2869225882073037,1.234897299323712,2.126580139381119,1.6119831416526043,1.8278403287582106,1.9979370793877755,-1.0293558227041202,1.9899130917363375,-0.14663707686243568,-0.7902166424045067,-0.6772363538168413,-0.871522649337003,0.033141716568886155,-0.3026752218856681,-0.7886059279495559,-0.17677086717794924,-0.8244828013945521,0.03314171656888573,0.2490539850796171,-0.25192601079801386,-0.8272523511615054,-0.04635506125989929,-0.9431089112893809,0.249053985079616,0.3612039207969286,0.6297296569203992,0.1088806059308191,-0.6206377958138073,-0.24988172404294157,-0.3514787499709195,-0.3600568960716786,-0.42203113897998795,-0.4533428048281168,-0.5978117138562282,-1.0171719599497342,-0.9107940721009106,-0.9071653105307684,-0.0946514855271598,0.126175124281158,-0.12668344049760671,-0.27576011999749767,-0.4042821569601492,-0.40693733472852167,-0.5922494987810057,-0.4697218021738948,-0.5771557920806162,-0.48310192309992134,-0.2581604894434065,0.006444960703865273,-0.4168751989702945,0.016543024929512005,-1.0340368764396768,-1.1410093446296798,1.4970243938756007,-0.2371277122093922,1.4115810625557934,1.2486103842271628,-1.3800089397538426,1.306832829245058,1.5703145487515675,-0.7026223443277902,-1.3426884586641563,-1.4349266944318648,-0.8249520875266155,-0.653995341476561,-0.7361928050971729,-0.6726127618553877,-0.8366961900601104,-0.9291430781557845,1.705072390746807,0.44087890414902664,0.36840383655344944,0.0719164888321622,0.3712639050784448,0.3595696227647391,-1.7465251321139406,-0.800734389816024,1.2254385370704646,0.8901642926293739,1.0602999348298834,0.9398651590198296,-0.16086036098975023,-0.0472591352022739,-1.5860903927389967,0.6770751530672355,-0.34749225221695185,-0.6261703363649237,-1.606964847187762,0.20586836592666108,1.3563485924229122,-0.1819340629422613,-2.0844861922598126,-1.8310206095706345
3241,1.2327244823294425,1.2673019217828478,1.2685610042877042,1.2183325811998043,2.006676835796593,2.0644445860120926,1.7760964330764422,2.3245490655497645,-0.955548477406809,1.9773646267477432,-0.03395359471471626,-0.8330500170294456,-0.7417058177144753,-0.9021175057902288,-0.09332491396781883,-0.23523493338979196,-0.8269105522501046,-0.20940567155086784,-0.8356414873721569,-0.09332491396781947,0.1575242027000271,-0.27831983860922893,-0.8423310255072028,-0.11733560060932817,-0.932044164379812,0.15752420270002618,-0.21704545772080422,-0.18961426828500932,-0.4957272772736274,-0.22645616814742023,-0.18510922858487835,-0.4241335930243022,-0.3846884137613752,-0.4454612135086537,-0.46527937961825955,-0.6538016148929539,-1.0385669853718626,-0.9312184210464491,-0.9454333059952514,-0.12806776914219903,1.2031301662291076,0.7990863982370113,0.5784159937697312,0.2755229020310115,0.21728288147076077,-0.016710845258126397,0.16889778029686994,-0.04350259804641952,0.04431418510125252,-0.18653050932278215,-0.2927206022952718,-0.6209818137844766,-0.040611022919827246,-0.9939522202600649,-1.0969303421503938,1.5018594417434805,-0.15635560504636126,1.4012260004141415,1.2285184372610949,-1.3583616929067825,1.296332192728564,1.5559276497878594,-0.7507023340006934,-1.36293764563473,-1.429703848309279,-0.8582656131434838,-0.7325952956968745,-0.8377543248283067,-0.8498672129408977,-0.7062131593165569,-0.851017298115114,1.6507069161972914,0.5150872638723155,0.4316175891235298,0.20819197220165836,0.002978819105108341,0.1318389655597364,-1.6672134091216866,-0.878312725075831,0.7985535358705675,0.806145910524141,0.9847318133806049,0.9660828867805121,0.033674170782622755,0.012472637392335159,-1.5626559371998856,0.5145811981833609,-0.34199073893029674,-0.6383600965296519,-1.7908124482129963,0.32483889434165963,1.3436564778238316,-0.20002090837052877,-2.1325667922993254,-1.9219747217899026
3242,1.2085601565755548,1.2023492293169538,1.233378654686795,1.2249214599350648,2.755171261671248,1.9747721564012994,2.3260298700293407,2.1779380915585604,-0.7864287615085578,2.0979467353969183,-0.11362614224317928,-0.738653034924655,-0.5936065707797306,-0.844192710761683,-0.054058442252316534,0.07304416806152422,-0.8249783067928037,0.014807813350425884,-0.8424362490566769,-0.054058442252317304,0.13964380090174966,-0.05437322340546322,-0.8379646629043874,0.038296280480778655,-0.9222780986058035,0.13964380090174894,-0.3822872205172465,-0.7154180481868507,-0.26824336046724206,0.15686672238793917,-0.6780595235669938,-0.21747687371748625,-0.31845078675532057,-0.36321894737783955,-0.3846864127114682,-0.6157367399651693,-0.9995575079713184,-0.8880018776089286,-0.9349716954792769,-0.1288464350575094,0.14541184980819705,0.01681599871719679,0.021898196600238944,-0.25694951956463735,-0.26078333555498856,-0.45403952440872813,-0.315572670868355,-0.44621941579018176,-0.35378091810875417,0.02144814362278474,-0.4662927399223131,-0.275149470194361,-0.44466011858553284,-0.7529418748819413,-1.1556672537734582,1.520399784325673,-0.48676484586462965,1.3936943025892088,1.2056860809894374,-1.3667667149587146,1.3066250232274226,1.5417918408324356,-0.7838889884189577,-1.3058555515848402,-1.321502327935663,-0.8924745541805171,-0.751270896406162,-0.6865841672512076,-0.9272863914264962,-0.7446058572601516,-0.9115939140368472,1.649640947905219,0.5241345566382485,0.18920369860329223,0.5162718326500311,-0.03323876643844535,0.29290422400293087,-1.6725367150238748,-0.9474827086200105,0.8950122036218827,0.621980860402892,0.8250514509898178,1.0456230286454202,0.3436916327688583,0.09880430236742314,-1.2279971083656775,-0.04608791774044779,-0.3201941038775268,-0.647887439680586,-1.9333772165721124,0.38079293840851197,1.3304852558936164,-0.22326118703320777,-2.199811523733662,-2.030776019868341
3243,1.1607286868608235,1.2372347705364048,1.1916980088031521,1.27380915786626,2.6147841427032374,2.7200508934571226,2.2998439991932225,2.6189296114135954,-0.7482307046097539,1.9481697643500757,-0.4463696346248837,-0.39964844155936935,-0.08984874344016745,-0.6254147064332961,0.29536253592582773,0.6496363311643959,-0.7173254568343558,0.6010005343411996,-0.8098245926270634,0.29536253592582684,0.30665519165006033,0.5076501238076918,-0.7696702114486661,0.5478335010939651,-0.9001176108631815,0.30665519165005933,-0.4458296112203669,0.323315330319288,-0.49579937124093487,1.3765910263167627,0.5903012715313376,0.22892668535509977,-0.011088287794211288,-0.024405925015045307,-0.12042641719902705,-0.4079990985814065,-0.8536457875755054,-0.7234120003477901,-0.8397621581465493,-0.0686303702525112,-0.4198697964021096,-0.32399189773611,-0.30283999819492396,-0.5153539893491865,-0.4775374233621221,-0.6715526619204467,-0.5547017357785018,-0.6496400522070043,-0.5575763837380705,0.40604453830234555,-0.08231412185033221,-0.04474442363925011,-0.5147995421598366,-0.43026034378505784,-1.0661300206888709,1.510675613921094,0.8987053434447129,1.3831961226683234,1.1934661923887993,-1.3368564290356801,1.2961835714530805,1.527899174900633,-0.38242941785137424,-1.104992386333227,-1.317987108903755,-0.9264007715518813,-0.6596755415468798,-0.8801822397944761,-1.0334223392447466,-1.0318511404883166,-0.8418898216580173,1.6739946993886767,0.4136117359692745,0.5737125581907616,0.42909264224540034,0.2291375937117058,0.4613741611309116,-1.7516849922124662,-0.9324841758430596,1.2475842974026132,0.5746496301999423,0.785242297938596,1.0720460216001928,0.754480907014909,-0.29791377262980845,-1.1723290393905412,-0.525947843741214,-0.2805241807473374,-0.7019203876724096,-2.0126330231783798,0.39107057365308334,1.3192676846633506,-0.2561519986732011,-2.2556529347990235,-2.1419117574996203
3244,1.2837208482653544,1.2929572855661182,1.2880684046473956,1.3110725814667055,2.844439319402568,2.597231757632844,2.8451303256251235,2.894565395600854,-0.9661824519481351,2.0022653853503933,-0.4689546114509047,-0.14839219221944946,0.25245199466052953,-0.4561581149895965,0.6592185774927767,0.6769388194960495,-0.5665199063248891,0.8382925325434373,-0.7360535611343324,0.6592185774927765,0.5427861904022374,0.7177723074930094,-0.6651306020680541,0.8355225614594051,-0.8604334001314611,0.5427861904022364,0.911758732553504,0.5422779674659289,1.1401201561100232,0.2966703868439669,-0.0915808671870324,0.4763306839288075,0.25617753041353886,0.17980010421346035,0.02548203777252529,-0.2621917586485205,-0.7458680157723095,-0.5929243621633753,-0.7679835209169048,-0.02520031713039035,0.34763296573966074,0.4068566993321687,0.3770036877543778,0.0812781986372378,0.030038212940293834,-0.20805276261904562,-0.017612373251206993,-0.23091154049606996,-0.13950113901529076,0.2991783015819705,0.151591839035312,-0.2528428732018773,-0.3739208603883885,0.2687681033342331,-0.7793971409281565,1.5608152157467763,0.018389243181619868,1.3660285957998122,1.199241182018731,-1.2580096736423734,1.2983166660106356,1.5142420636149427,-0.14685048147126975,-0.9437933804022095,-1.2515554756976663,-0.9419852999311366,-0.7568297463741884,-0.8645431310489062,-0.9986021399668362,-1.2151883061876365,-0.9616646086129819,1.6683272775692763,0.5137496456516931,0.44516572071445115,0.39622240059579866,0.5095636003462164,0.6791118257866828,-1.7808582354773839,-0.8562084660239031,2.149844886627108,0.799640043741169,1.0073409407377119,1.103116360746991,1.0460229880101612,-0.661240602968466,-1.1687125159002418,-0.8729434297197249,-0.2410326350401953,-0.8030003025159892,-2.11281356011806,0.37529024012618567,1.3087053524911116,-0.2980469259802995,-2.3384404386454762,-2.267303386896892
3245,1.3351044375406322,1.372387788910091,1.3937373131880348,1.4244039888613678,2.374100060598605,2.449139730479478,2.9629466634939234,2.3740747502595463,-0.6476839415775992,2.017258051603037,-0.32664681337071594,0.39570640057625533,0.9076054880879538,-0.06320443794740159,1.4092762029743597,1.4535578952699602,-0.25740649291130835,1.8300186310447064,-0.5807254771658151,1.4092762029743588,1.043568820364248,1.6030811846261097,-0.4527757700846106,1.780424737785783,-0.7842805326731269,1.0435688203642468,1.1089464702294258,0.7906174797275007,0.4409480400579265,1.071766010248654,-0.5443733737868621,1.227268817377052,0.8825996593084207,0.795720340176917,0.520123384205858,0.17113406539033663,-0.47023949968266954,-0.25917044972457975,-0.5673020257721842,0.1196801679378774,-0.1278934127889022,0.1939905314732178,0.14354680008725496,-0.11003639789223156,-0.16843119398735354,-0.4465484325079676,-0.24108730711355342,-0.46421904802741615,-0.3614378053911359,1.0670447192633359,0.8009616283327966,0.6519698342605841,0.1758525563598831,0.49891747459868435,-0.7019931055085863,2.993118006388627,0.8292577134978917,1.3365548832142897,1.2342113126627388,-1.1240914936209976,1.3174940093605803,1.5011255913018917,0.47768564633140564,-0.5570555848322087,-1.1138792916796436,-0.964253870918638,-0.6631880847633647,-0.9119674554630698,-1.0710867784886429,-0.4330642724204344,-1.2629734696527193,1.729460083060979,0.4044726170714905,0.6173292379385213,0.44405417822360865,-0.6037761822162192,-0.2372647802149491,-1.677616123526724,-1.0743926967933908,0.2763164681903383,0.4610688095918688,0.6818160317260429,1.0970133280073249,1.2288005719862083,-0.8235344807621433,-0.8425460878983074,-1.02552535889627,-0.15526676044137205,-0.8836986865615248,-2.1878718824125465,0.31127940758238837,1.3037148855023555,-0.3613794867300196,-2.373625885945109,-2.3912753119418273
3246,1.5888219990845633,1.5735814227078262,1.1937029576081821,1.187961609971504,-0.6747410489271781,2.084242977620171,1.6859801684341504,-0.5863113848057809,-0.6136660909128587,2.0808999273932494,-0.5736782504005741,-0.99954008388894,-1.006095820199107,-1.0245249302755144,0.16371571014734115,-2.432296765554507,-0.5181620110067401,-1.5038487019912392,-0.5662804931079206,0.16371571014734118,0.5535426254364787,-1.6094483420501187,-0.5586983744922165,-0.8611147639823223,-0.7455699844808006,0.5535426254364783,-2.378320889615024,2.123755179427041,2.473092802303395,-4.836594524830134,6.781175739783388,-1.1499526800214894,-0.778918812900613,-0.7059497121015861,-0.748272788171316,-0.8005885075215573,-1.1052454993420497,-0.9828975645878512,-1.0693014861421226,-0.24102537818350894,2.071350566376484,2.2268135277393766,2.2494752658876696,1.886324646321882,1.8071238553647853,1.223119587602842,1.567597666134937,1.0744240243756331,1.3131002284192916,-2.4548219280055026,-0.2929282619932501,-0.4731520889778892,-0.7434563491335424,-0.2038035620171347,-0.8555981931083322,2.4661714160360946,-2.522962099776313,1.3624920309460111,1.2100002510030052,-0.8990529620056867,1.4137780888810187,1.5876119616433095,-1.905606527712882,-1.7050669445785391,-1.0859143980612826,-0.9110076769237886,0.08643528295642267,-0.06352877441332452,-0.6881319081462529,0.003399210882343722,-1.3064148360294696,3.4944527317695293,-0.402321869968891,0.17886315798275804,0.9289274359897833,-0.7413891694947978,-0.052343958512270715,-3.2238519669660843,-0.9158115967975117,-0.4302919493111041,0.44071840835444515,0.6063865543789777,0.855645480585439,1.0482666643926282,-0.7996852552090334,-1.3389838191223493,-0.1766432979428853,-0.18533784473498494,-0.8225807952696033,-2.222587767742217,0.4743038145929899,1.2952098603822066,-0.4221093514433867,-2.341155984470993,-2.317179804289933
3247,1.3312840895053208,1.4864478049682877,1.3894287631927038,1.5445211007110233,-0.5098767555270748,-0.5231384008842904,-0.613791125416733,-0.69909656915751,0.004080998938740956,1.8620796748185147,-0.6649328196949604,0.3019455949076981,0.4925784236730239,0.018117542731590552,1.7573365003682542,2.9775847600474274,0.007360831138773777,3.0128616782218756,-0.3782752014917195,1.7573365003682537,1.3975770038939044,2.6377882497165475,-0.22747893751765275,2.760083297846629,-0.6459662437729556,1.3975770038939026,2.2245181183395504,-1.0226516830990868,-2.5819057155482814,2.556079750144947,1.6858329781267396,1.8615717416775859,1.6386972381877707,1.5046562796275549,1.079612227151091,0.6878697484696475,-0.1688983204976192,0.11383246869039841,-0.3534651070458514,0.26267522568545826,2.325638498810075,3.0066058027750793,3.21413962597759,3.0410917393251027,3.084739550220098,2.5629152891437483,2.854870064193564,2.2632125224643933,2.6572694850895875,3.568665996961175,1.447097775677004,0.7378446561164932,0.720344134498194,0.4250691571377599,-0.44900050821238796,2.5167930256795135,4.033445055499178,1.3387921439871717,1.2662566008404526,-0.6907742684297603,1.4032417875603316,1.5736712371846018,0.6588377929618864,-0.4605355602838756,-1.0937326883660046,-0.6168326706836438,-0.6462042506433416,-0.7151609652839543,-0.785868750876025,-0.8446495920923431,-1.2656141408943127,3.08436497307279,0.4723267559956453,0.3508156430924602,0.2764423793890152,0.26951252204289683,0.4022247770416138,-3.008540424427689,-0.8317040910704268,-2.0405488580033464,-0.14081846989635124,-0.011005260480326462,0.5756948975330105,0.8915479277691459,-1.4151666965611651,-1.9898625578564313,-0.41221929856313577,-0.1083468896949558,-0.9962044229115607,-2.3137336689954418,0.4671197700468648,1.2899425227309533,-0.4895304663700691,-2.3173541131631965,-2.2686425590736015
3248,1.5949171313402248,1.7156533494106636,1.6604548729602226,1.6358114062391043,-0.5335866038881397,-0.42535805183062375,-0.5353422383150149,-0.6230458870677704,0.6956538712041422,1.7348610933626323,-0.5078275281750503,0.5549576736248057,0.7483693313825466,0.24702637441756514,2.7253508680063496,1.837320449732443,0.5234519722512284,2.8325944812251245,-0.0778434062989778,2.7253508680063483,2.1682651244706164,2.3803864492871925,0.14382071948848732,2.9918009240966144,-0.4898765634325765,2.168265124470615,2.994711413253841,2.429383102035416,2.5535003195942654,0.4163611599805811,0.9222823625062688,2.0214805127446516,2.0389954772116896,1.917424779152751,1.511621327304961,1.065681479359753,0.07077598018670009,0.4084596743326091,-0.17830605764365598,0.38195414738123395,0.600054381714933,1.4476792669149416,1.6776649552946732,1.8372210623014642,1.9266449403524817,1.620176295495799,1.782550656651428,1.3592628379604623,1.6922874183829764,0.8158042690418918,1.6619304899219434,1.2478385734620026,1.0735413043543127,0.4656069480216873,-0.45073704946034254,2.777550964585737,1.2414981713843498,1.3079053281246977,1.338005818421988,-0.4218724392338663,1.4749705648412548,1.6425822408184931,0.7685761953350768,-0.4184974988529849,-1.1046309420512317,0.05089696391916846,1.1196360706908455,0.11201979421190374,0.18944417994010385,-0.11964160314768463,-1.0457123272716806,3.058031118357235,-1.1653393347756937,0.9173535181455011,-0.13732312720772633,0.3545042502237972,0.2146731617632391,-2.853190006338889,-0.1754264206982972,-2.0695600065421855,-0.7219532660863074,-0.704949669798172,-0.08440178544651371,0.5747081807215033,-1.7223051534753286,-2.328674800332496,-0.6883599071366328,-0.036194815265957525,-1.120031010774735,-2.503308133886276,0.3880265058683352,1.286742995970765,-0.5578221277557183,-2.310469955929299,-2.182425232165248
3249,1.621866368293907,1.569229274979108,1.4997727502591718,1.4580240091341288,-0.46683012601981677,-0.3457791739453931,-0.6677732446703619,-0.3307732451035969,0.9722227792670506,1.62060528003102,-0.3226874121028504,-0.21484182301572952,-0.1597348926061227,-0.35939132795447626,1.6946037096382043,-1.9188793543357487,0.4909580289575194,-0.22302114171977233,0.11297855170207935,1.6946037096382056,1.964448451323372,-0.654900669187274,0.2258888127258077,0.6362176250961691,-0.3482908216565163,1.9644484513233704,-1.8334995563183787,-1.6190171426914726,0.18635175524225983,-1.998278659395735,1.1989163825996356,-0.06503200819373407,0.5818216054677052,0.6133712292812311,0.518531262131534,0.2992617977797691,-0.41759390834460314,-0.14417243501791593,-0.5706654195831475,0.10267226693074571,-0.5186795378820924,0.19836401694536837,0.45102891341185725,0.6815242905165622,0.7203809349411292,0.5622518371021937,0.6853865998733113,0.3784404312434946,0.6020357407850451,-1.7751353396954117,0.5606827446772107,0.5846138500360405,0.13557301488648357,-0.033639942576015276,-0.7785458769093655,2.638017322560822,-1.0820778793530204,1.2990857814184227,1.3592069743793538,-0.31219394447088433,1.4638688079822177,1.6278534729899141,-0.41995981686420153,-1.0138409618337112,-1.1126411658824207,0.044070236486126506,1.6699716526909567,0.9968737795936646,0.8572203885883614,0.02408833408226496,-1.013199390258533,3.334942875411126,-1.7286173292013602,0.22895788953640162,-0.05968866616511373,0.8557092349269768,0.6892282369014416,-3.09290695247638,-0.03800736657712073,-0.8811671715306366,-1.0164145543664194,-0.981378782664541,-0.07380087337320022,0.41182160805655743,-1.7004085511238727,-2.4583940895677086,-0.825544274429329,-0.008540547082899301,-1.1712793117716764,-2.556393822343349,0.32398897340741456,1.2838635423231672,-0.6268781025838683,-2.3020621529759553,-2.113535054039987
3250,1.2736023486398214,1.3609322290327337,1.3098590168828672,1.3492620859274227,-0.5199384207948824,-0.4545659463172837,-0.05054478629103296,-0.30168732840232665,0.19830415424192205,1.7482554120816889,-0.24752680728529966,-0.6154511292478424,-0.6147276200500289,-0.6895616321796325,0.3654544824328876,-2.4801916896401197,0.2376961301704693,-1.3891491263188733,0.1565068601145763,0.36545448243288764,1.3762892052120892,-1.8281991315062232,0.15659105105099994,-0.5649137545165092,-0.24892245290659434,1.3762892052120894,-2.1738766838048518,-2.2992382572555257,-3.324566147936327,0.8896804899883404,0.9501112128649757,-0.9969392699081431,-0.31706820803519625,-0.19464740786555224,-0.10742859844870876,-0.16155929258029866,-0.7125969532095684,-0.4735380723459077,-0.8161304470934285,-0.0749300368101202,-0.6205014140500327,0.12183650125793583,0.36233117162771544,0.7491611353472032,0.7224432396923963,0.6520324836417785,0.723120981699763,0.4336676746004935,0.6673672089365251,-1.1442055995916103,-0.5863920732086212,0.23646530959486786,0.210037216436184,-0.16621588282804686,-0.9630071655728448,2.0479156496698256,-1.6231977055272866,1.2926802484057869,1.3616575756102383,-0.34319379888540147,1.4605309769861543,1.6134060625455922,-1.1705343848236682,-1.360320439964044,-1.0831333812554778,0.13074855995598011,0.252875734598234,0.19856094206641337,-0.401900023035874,-0.6203755970768129,-1.2522675133080066,3.202071408112045,-0.21289936072279952,-0.03376954332734375,0.7681669444423426,0.3994760645917919,0.8223038167221061,-3.0900091132971306,0.36360808461732647,1.5378442070414104,-0.18167716464012656,-0.20590069207038675,-0.16316435735439627,0.4139370934595255,-1.7084473840831553,-2.520694139644757,-0.914752789082209,0.016457533251759988,-1.201634548245823,-2.611007931647498,0.2654297446578073,1.2776474357597734,-0.6778948725449052,-2.2806734373853303,-2.018560703790979
3251,1.3389874395627483,1.282458197397932,1.3514322924891462,1.3273840795361171,-0.5278758559605932,-0.49167446678042387,-0.6687248533898762,-0.3853560262448542,0.10507931786494075,1.709056805639454,-0.3401446666344842,-0.6707659601025527,-0.6751525425857459,-0.7386233615264568,-0.396433433344982,-1.4225085643895916,0.020022524237154452,-1.164356058458796,0.1125210333812821,-0.39643343334498216,0.8604789098168607,-1.5985386604657552,0.06969493844839984,-0.6874743162601146,-0.18674511860717424,0.8604789098168613,0.3855644309352356,-0.9377573156155674,0.5740735792763083,-0.19707192652701078,-1.1959687764618296,-1.4902335026928308,-0.5639221107710582,-0.3930527498496409,-0.2353263347785785,-0.24323581463711078,-0.7682285759056916,-0.5294492027789249,-0.8773851752603367,-0.12370612687271429,-0.07332428439965136,0.5701682934746398,0.7330262738763651,1.2638249063111375,1.3231030954988854,1.266679445598568,1.322230737748944,1.0022089365856974,1.311739781636615,-0.2900936738285973,0.5802260880563609,0.20709677415075828,-0.047044342546619655,-0.3574688263028656,-1.02261540785254,1.9789322608446618,-0.10728219712305981,1.2875200237195434,1.3615867130420918,-0.3720525188421817,1.458425830214472,1.59923135479513,-1.3139213091987854,-1.4058739067339068,-1.048127629210156,0.1336790576635907,-0.5663197340434296,-0.37138675780216257,-0.502371555797647,-0.8702232447713233,-1.2012769171046034,2.52076958834614,0.624170179086277,-0.00991696308549973,0.2738990290694647,0.6266290653096142,0.7029856673901022,-2.4998077294525873,0.1671680062154738,-0.008449000945873003,-0.08316789096461778,-0.1124997536960388,-0.16714545298696878,0.3988357583467241,-1.7149598389195886,-2.5459931853315183,-0.9813784374371594,0.040692567466807314,-1.2386583470341752,-2.5843070082096826,0.19244300858527005,1.2714479250230666,-0.7334320871375493,-2.2636799590819034,-1.8818341768020044
3252,1.3376564254801897,1.3048769491549979,1.3472998805772562,1.3033392876707763,-0.30312770536718936,-0.5222570927813344,-0.5751065972974246,-0.2677129188080368,1.6808348519989553,1.382867638461671,-0.1592280488140515,-0.7371398310287289,-0.7506995659626169,-0.79560355183019,-0.8276162848358424,-0.8038956722560705,-0.17551597567373453,-1.0243244914860725,0.01653544829338878,-0.8276162848358435,0.4090857008203516,-1.3988459521228427,-0.033303327424295315,-0.7958145354641297,-0.15762032959996727,0.40908570082035084,-0.12163521998748764,0.17080469983946914,-0.08417182438709732,-0.473974027135318,-0.7283921316460098,-1.2521198124682231,-0.7992504257878075,-0.6030065248704843,-0.39240459793943633,-0.3431514605745032,-0.8214701403641573,-0.5864803267097077,-0.9446788611610312,-0.17592402517775832,-0.6786215626937568,-0.42155086448949247,-0.29746506663393524,0.14477860380512586,0.1709215092482868,0.22963807131322697,0.2227685496952843,0.024821982659045557,0.2064727044008856,-0.3106472852213704,-1.4144874624726798,0.06750681592741019,-0.3005287258443273,-0.17363159759587946,-1.2784496474931704,1.8796497149401241,1.2020369088514669,1.2889122166648141,1.3586200978874243,-0.3838984365435146,1.4644832522773845,1.5853211207355953,-1.524176343588962,-1.4566970225209739,-0.9727140626938624,0.08493486755291897,-0.15355808064611431,-0.496548434388515,-0.8127497680865592,-1.0814951601657337,-1.1492608206606993,2.31564424052814,0.18527322484108594,0.498908312017179,0.5569747627728587,0.5927145655450031,0.8520353068014122,-2.3442509880117925,-0.45974831775676894,-4.08541218369846,-1.7631697723362172,-1.6896172955702362,-0.10435602251166506,0.20345152380586262,-1.703868936537926,-2.452789195202011,-1.0093522665162007,0.10854049210590162,-1.3230437539803603,-2.545225712587712,0.14795574659841795,1.2658496505142443,-0.7831204381419211,-2.2632902390064693,-1.7233182813276506
3253,1.3109583397429994,1.2899968890719753,1.2472211302312823,1.2078358316920297,-0.18645677918585257,-0.23133396283943658,-0.431347838344185,-0.11343422761255413,1.859896070990818,1.30376062089916,-0.28772819765452917,-1.0995181813710322,-1.1774415786178205,-1.0906344077689911,-1.4773694389600673,-1.217052387821637,-0.5033498196594491,-1.6822388651626894,-0.15974890691424135,-1.4773694389600667,-0.21521338930185305,-1.9213583239472318,-0.23715042575156048,-1.5378793153702779,-0.17563563103953742,-0.215213389301853,-1.2124936263108652,-0.2531981369640001,-0.3361786816519964,-1.319233996618453,0.7862680702962561,-1.357503377497846,-1.4489754531478711,-1.2595615539253706,-0.9332561914641789,-0.7645765033298653,-1.0783518926868443,-0.8836954495709195,-1.1728667735921612,-0.33766036762194146,-0.4292210222902773,-0.4917310158087189,-0.30099394224895526,0.11250515207213208,0.1405820754672108,0.243297539729297,0.21023881487100604,0.04217360981225006,0.21387883155005688,-1.034214118334346,-2.3175719550126157,-0.5627848308208068,-0.5304874041195671,-0.43422351635466855,-1.336129352271638,1.8694403256648384,-0.5476452608623348,1.2845328926233288,1.3495024133234106,-0.45904501695674405,1.4562305880765696,1.5716675339220307,-2.1153022804159844,-1.7568729779384813,-0.978124526311379,0.036202006129073365,0.349864677042687,-0.6517082092457948,-1.0411800762603578,-0.9056790865688737,-0.8707040823762646,2.168345347178352,-0.34028585432887254,1.1165085530942251,0.6962701180615964,0.1345884135784037,0.5525559762302159,-2.175366764884931,-0.015532847819974296,-0.4583250520076702,-1.9641996911632107,-1.867473069605442,-0.048546482117596254,0.12579380742662502,-1.7088234329496663,-2.3876668355379866,-1.030416391880335,0.14440441486777797,-1.3781203126120147,-2.456245278679135,0.12866456323553974,1.2610191614872186,-0.8321261701019151,-2.2600638655361514,-1.6207604967835139
3254,1.2078007565383992,1.2518171007557968,1.2718774856667263,1.2946711410709557,-0.23130530878822372,-0.05398518081786665,-0.3831426786825414,-0.044496295754958434,0.8722120359251767,1.4360933817679071,-0.5248949309605767,-0.734642938598775,-0.7010802258495934,-0.8151662079231741,-1.0516387458392802,0.7959296049900344,-0.5303813823566966,-0.11979410622192983,-0.28831206944868626,-1.0516387458392806,-0.31635805233720216,-0.31266067356738986,-0.2939312805972831,-0.40983839625441415,-0.2018138749612164,-0.3163580523372032,0.1957072533567573,-0.5006347623034482,-1.075730039599936,1.029756864028453,-0.3274776935162717,-0.15771733025698273,-0.804966298604635,-0.7076085912280656,-0.44149761795303294,-0.40918140194723657,-0.8214217485148422,-0.583183355403683,-0.997401101542562,-0.22331590789012312,-0.6755322649361143,-0.7735896295888145,-0.617690836088662,-0.23023260633924955,-0.15652928085783926,-0.08832982510182842,-0.12828672496083007,-0.2595940979813479,-0.1330642547841859,0.807007861734339,-1.0220907317390497,-0.37840108545935686,-0.1926754530341547,-0.4737978664347379,-1.2613155060034837,1.7834134500873347,0.06664948073655234,1.2918328380887358,1.3445103280602355,-0.5291040764449803,1.446039623498314,1.5582631490668015,-1.4494784249824386,-1.4258947300097617,-0.9936873631649954,0.030598977552697717,1.9133801051284751,-0.8671956382918424,-1.084258275898601,-1.1140509949189659,-0.7982694693809378,2.1299451745780753,-1.9225661471959632,2.6994357866635106,0.5203457776067744,0.3695343130989495,0.6398136260506921,-2.174036850073616,0.3178501974776314,1.8899840617990251,-0.9203027792867576,-0.8776154374369525,-0.04631438302815116,-0.029477846253140316,-1.7937379090893242,-2.3956087983151937,-1.0519286265802723,0.19735271662414774,-1.4691862862827143,-2.3983256763076772,0.09651559235333025,1.2557403971105008,-0.8924743186878189,-2.2559778232572145,-1.4567003564616003
3255,1.2900956454477934,1.265186103672453,1.2739507655379936,1.218954480843623,-0.024603282820132504,-0.25990530740556234,-0.23417918640596064,0.065282909673613,0.9657538830010818,1.4338342693990174,-0.6193509812568111,-1.015428176902309,-1.0397494357690102,-1.042428287766696,-1.1777371398241816,-0.2358613824087805,-0.7036944306533292,-0.8664057881876499,-0.4345018938055749,-1.1777371398241812,-0.6146294519710811,-0.921869328443667,-0.4345126342411017,-1.0271472996867115,-0.25173733292821787,-0.6146294519710821,-0.05921239961937737,0.06665786777158653,0.7371445733803755,-0.9216922971741295,-0.12749195053589388,-0.6564999359813595,-1.2032974124464348,-1.1902432421073879,-0.8764139427712315,-0.7665122220850951,-1.0230878548138655,-0.8224522116518285,-1.1807575684731435,-0.3562534953934815,-1.2087820830297074,-1.2818808318311337,-1.1706486785070898,-0.8146736523344226,-0.7864104888740202,-0.7276983410600676,-0.7221577895057859,-0.8414525825103824,-0.775735674176456,-0.8294492857295912,-0.8577406734478901,-1.1643900983505742,-0.38396982199889496,-0.3177292346714041,-1.2812415136117175,1.7466838603874812,-0.7319042369718822,1.300127386786206,1.3329715870333738,-0.5815873025651008,1.4655642919358989,1.5451008822333512,-2.0851543302813047,-1.6524706926029415,-0.8507757885976837,0.020461144256836827,0.24019934775551324,-0.9413880989757861,-0.9768943342836643,-1.155527287680021,-0.8876970763903134,2.027559121179024,-0.23412164480580974,1.371075666621762,0.29837495373617773,0.5342172311534671,0.6387117186289416,-2.0840186580517313,-0.007437760466151901,-0.20419613968781367,-1.0222409935442816,-0.9686617983649994,-0.021945336770141106,-0.12964001095765135,-1.7265719240928574,-2.3824219932822674,-1.0573965092933477,0.22678326049656483,-1.5324450601482278,-2.313034474825953,0.07220968301247813,1.2498284081739814,-0.938407761710992,-2.232657208890818,-1.350525137500154
3256,1.2237844396859006,1.2792721850176043,1.2788065857830497,1.2783227260869496,0.015275464657706253,-0.004428290123255584,-0.2554863611032304,-0.010814824042568411,1.467469639636288,1.3565277063168808,-0.7684396126258288,-0.7566511094978553,-0.6978383729595653,-0.8496389848619053,-0.7241563736460912,0.8455985634506902,-0.6859029074265305,0.11150739049817593,-0.5271136294267029,-0.7241563736460911,-0.581205662497633,0.10296796933115976,-0.472390368899898,-0.2545967078476338,-0.2999534010044693,-0.5812056624976318,-0.03081849458277001,0.0715760922998032,-0.7112642079971222,0.6097842763193105,0.03594637317612143,0.03392015970056413,-0.8433282229908136,-0.771350056777486,-0.5609836819233726,-0.5305107919649156,-0.8508146036222513,-0.6285958552751575,-1.062301241777083,-0.28433751665772683,-0.4647482428116728,-0.9638930116957571,-0.9228949100629623,-0.5625443430245765,-0.46895403014484793,-0.4431550565967999,-0.4173365120995795,-0.5751295773116224,-0.48762963354374367,0.5156503940421422,-0.4467169405483801,0.10480602480994107,-0.12633183333436787,-0.30231366938341253,-1.0984376660635877,1.8288252440055708,0.8046862667300785,1.2978284155032744,1.3290698994425707,-0.6170528706501381,1.4551525709667832,1.5321739925032078,-1.616728089887236,-1.4218165713838042,-0.8613211403114482,-0.0030819727664056825,-0.293755520192889,-0.30078871463423973,-1.0625913824517808,-1.0221640973736217,-0.8772791908768113,1.9687786291733562,0.29441406070933535,0.12780944994441276,1.1096119299839384,0.275301709125031,0.9319640823662447,-2.0050744792472943,-0.16635717252423796,-1.1063308005679848,-1.5620230104575685,-1.4711234105988449,0.004136605231020679,-0.2306568997428486,-1.7117577994389823,-2.354772580062123,-1.0657335013936116,0.23296186383644707,-1.592334415109499,-2.2219153078622735,0.04374847545847507,1.2456305081682637,-0.994445146037549,-2.2241418669260646,-1.2140832777947577
3257,1.2385547613016605,1.2040430472334072,1.2325218531906645,1.218525454463945,-0.22691491008153072,0.027761148883082024,-0.15301605614321687,-0.5112566779300367,0.8351064702623856,1.5482750466671524,-0.9137730592259874,-0.9795008863743657,-0.9749322678234036,-1.0276030477360802,-0.7777553022851074,-0.09924437692379535,-0.7954405557925782,-0.5351906635242668,-0.6272420238584322,-0.7777553022851085,-0.7260150272287377,-0.44792866861537994,-0.5768611526931486,-0.7422540918362923,-0.36047832129327245,-0.7260150272287386,-0.6019566893172122,-0.9079036208037163,0.06427469290225839,-0.29851957442546634,-0.4790395180294151,-0.392381025507727,-1.036758759213039,-1.056056422145061,-0.8758877734919835,-0.7950223237283787,-1.0144183723518116,-0.816653281872218,-1.2070659380543012,-0.3942718527334812,0.29511476150149585,-0.3705985451942616,-0.5578943897864553,-0.1566699827832749,0.004174738813345424,0.026116029890407195,0.033139722041397764,-0.1551684661803342,-0.02948933013563686,-0.6675867835139276,-0.6301520332861014,-1.639664889315955,-0.3786807540609163,-0.6339643087440605,-1.0823170332877348,1.6869124481211029,-1.512829691139288,1.3119925541314097,1.3150392755777351,-0.6811989910501651,1.4110961623032303,1.5194760650069086,-1.7140842038985866,-1.5922320592983457,-1.0476975878581738,-0.03647876847142814,-0.7340265550905638,-0.566655056347152,-0.8845668759044146,-0.9764613202628184,-1.072017609715827,2.047614967867607,0.7291653439446097,0.08577394480737231,0.5876418073893594,0.3962954844949007,0.704863017110661,-2.069360851972778,0.1661068742914536,1.2486948082281828,-0.8966251920712001,-0.8402419954408278,0.019633677084488398,-0.38714069315162225,-1.5689120806551429,-2.3463091387408954,-1.0731656919339745,0.2221860529927381,-1.5965185558904484,-2.1815585873993837,-0.006335489419321327,1.241093050442855,-1.054126563334352,-2.211982323043675,-1.1316414902628293
3258,1.286374470775236,1.254912580850885,1.2147968211349625,1.2486942395102836,0.281752926242651,-0.24699475741767707,-0.017070207613687403,-0.2003673476737943,1.8629645766929892,1.3550706745202703,-1.4600047508640355,-0.8218644605760785,-0.7598763228595344,-0.9138248985505425,-0.5082914912304598,0.503097874055582,-0.794448728392327,0.020259750166177405,-0.6943724616200994,-0.5082914912304598,-0.6824019338163734,0.13662700226305358,-0.6195638075244875,-0.2879128873657126,-0.4183433962785303,-0.6824019338163736,-0.28446996148103976,0.47897969576317273,0.38809536653658294,-0.5088629465988683,0.7374999815311994,-0.17242786112274625,-0.5358131115815037,-0.8881980618363103,-0.7060984899600097,-0.6487277615277627,-0.9243394554111287,-0.7133603722230901,-1.146682873292936,-0.36265846225443205,0.32242140243776773,-0.26612875557808596,-0.521964193221364,-0.23960988238689382,-0.04124203351452747,-0.018498926417665873,-0.027312208742236006,-0.193967766349313,-0.05108254306645382,0.22658666318875123,0.02353889018891811,-1.8700571035956095,-0.46946335091596675,-0.4503909511276811,-0.9699707748339166,1.6219583228925394,1.0869435219791215,1.3194113394909655,1.306250694476636,-0.7033648838133792,1.3516065060573461,1.5070009952202499,-1.1123667091270315,-1.4563938889731047,-1.3147122169195737,-0.07159241175005977,-0.6766147126556861,0.44765409579516113,-1.030170186922269,-1.1581828428194338,-1.104323133195068,1.9051535005602922,0.6626614548214997,-1.1461905130080143,1.8541060270566139,0.4913194480219402,1.582471467913668,-1.965932033525452,-0.4250395960009734,-2.195740079289628,-1.998166231711869,-1.8641110414268731,0.09140061208609061,-0.5189469366807957,-1.3304561675945066,-2.2631240829703114,-1.0674104024161204,0.18996454957148748,-1.5973590480202506,-2.0985489815953158,0.014868678781067771,1.2362064743219197,-1.1154645462978192,-2.1868397533226953,-1.0660395482190197
3259,1.2784212951199805,1.314452604044196,1.2782062440003648,1.295367034725598,1.0423248318979819,0.237158478771168,1.1567899762990403,0.5807175562923307,3.965654567412753,1.1067073003280758,-2.1979935244287607,-0.6039486597472403,-0.4660555771259933,-0.7545438498396887,-0.0431124858661558,0.8638306888075489,-0.6907221967659727,0.5365455993068523,-0.7037893223683898,-0.043112485866155875,-0.46989821057134346,0.6581154416956088,-0.5930603340566021,0.21772488682929245,-0.45976926712684474,-0.46989821057134373,0.6185919997474426,0.5770928462002323,-0.1471713318385366,0.14028394842912453,0.7050091238406657,0.2859078257103382,-0.08431848974348659,-0.4385740847891701,-0.4672255408006818,-0.44149714291651093,-0.7912133018334812,-0.5575210903128412,-1.0552167886524346,-0.30656409571519905,-0.34200537223153094,-0.6952359378799494,-0.8056331213510621,-0.7161140839100807,-0.5532751130723638,-0.5142271806466665,-0.51825349997476,-0.6502698701566347,-0.5516042610054998,0.37969520429285036,-0.19658965263065314,-0.9804586762399609,-0.4632462708875573,-0.28435579428159674,-0.9820276482778918,1.8058124979305732,1.501162342452346,1.320785723554056,1.3037372060454648,-0.6836126876778835,1.370476653694317,1.4947835341032403,-0.937649529107021,-1.2718359913322774,-1.17063550954962,-0.12033675766461105,-0.7813255937078681,0.9359389087455562,-1.0592249197380414,-1.0946263240879581,-1.1836256109402667,1.8097368230339463,0.754355526655169,-1.846467802540849,2.3848537148802365,0.3799121747227744,1.8293616412996259,-1.8650307640774055,-0.79905843195665,-3.8830723642391667,-4.22391995690349,-3.962965221082496,0.1963436649226002,-0.6355132701365444,-1.2063593619127544,-1.7889665606649008,-1.0325202574307049,0.14403979697962577,-1.6476727081914628,-1.7609149538488464,0.06860746323770711,1.230009309178653,-1.1932556580938067,-2.0982442142225333,-1.0588340647686458
3260,1.2841807101904263,1.2572609004521953,1.0559592193008822,1.086560809293186,3.0359978013891045,0.9568759174936846,2.5992996827097743,1.3154982885033952,8.921725762526147,0.7178226312708809,-2.1999445103051456,-1.4424581705934139,-1.513644355312196,-1.4152856183836722,-1.034885212282783,-1.8295753090467308,-1.0566848452252355,-1.8160617974314923,-0.8367177462294385,-1.034885212282784,-0.9806038520718526,-1.569584456550325,-0.8325752044748977,-1.7138159508325994,-0.5429456948551461,-0.9806038520718526,-2.508529483130813,-0.6920965640215364,-0.025023808851946557,-2.4321297675808946,3.7311953165780367,-1.5101371643652104,-1.3881247514903088,-1.5158382492700473,-1.5670980193873738,-1.3378316393956593,-1.362033244459024,-1.2296840313369304,-1.5298987492315559,-0.6432871523657641,1.1459950702526607,0.715052421236913,0.5778061483067645,0.3892515752524793,0.8207837905620502,0.818380019296362,0.7584211941799487,0.5323160478687153,0.7933724175232553,-2.1072358291680633,-0.8640846253153078,-1.3745664350426547,-1.6036754898480288,-0.8486215936175784,-1.4433247991156437,1.3334766461559222,0.044276620305307705,1.3146599142121793,1.2934025868671772,-0.795437536694045,1.3289941703800825,1.4828095485050172,-2.0237173176984955,-1.9264441894100934,-1.3389256341199147,-0.16159575371990292,-0.866966048320475,-0.14706529336501417,-1.053000167787484,-0.9231695302395452,-1.1814266314300506,1.9923462754818768,0.8311204904680749,-0.5601488936404111,1.2402855223083986,0.16174394359419914,0.9219240565031225,-2.0048918234020467,-1.8817004005005058,-8.185133337880652,-9.286133804799526,-8.915858440402056,0.3920573338828867,-0.2634671517830673,-0.6963011398837766,-0.3789442134625958,-0.8190452448481558,0.16445256447803838,-1.5845063037434506,-0.6968716480737585,0.22967090270990373,1.2216709896581381,-1.2479666244571532,-1.6417225553964003,-1.0314527488377636
3261,1.1516673581717376,1.2246657653031368,1.1884954005972193,1.1843353166590898,1.1092091232877577,3.034340370622516,2.5725696892890237,1.2675349557466538,4.637432124963277,0.8394000207964557,-1.7720653070665993,-1.016023316049397,-0.9484430337795382,-1.099019327226169,-0.7298433832171258,0.5627681850062859,-1.0730154506210827,-0.07224290640064492,-0.9316226569538004,-0.7298433832171269,-0.9347113805664543,0.14226609992693448,-0.8942963300505596,-0.42487810328595615,-0.6231087260607246,-0.9347113805664552,1.3911795062831829,-0.43667316179304927,-1.3347221362373425,0.33164212172136426,0.740490737600503,-0.3670814555080991,-0.58975265944268,-0.7154452462441214,-1.0302467106153965,-0.8921058595480169,-1.078231958422092,-0.9135319164509303,-1.3166939205597792,-0.5077255997429228,-0.30797920765357,-0.18094530489834773,-0.35187234699665265,-0.4570191864341525,-0.21356291000862285,-0.18837714793031352,-0.20283797206117266,-0.3567449544186796,-0.2042197563363791,0.8975386829038714,-0.6725247960883606,-0.8948930005731195,-0.387296166278591,-0.5151335428501961,-1.1664855897025972,1.5885733246465334,0.18442239054234516,1.3190352472974134,1.2824574535892705,-0.8994082539199335,1.320026142382155,1.4710530344577775,-1.3249815771764584,-1.5704157735624076,-1.3396049163178636,0.026173007436987167,-0.43155238976781873,0.16096090700674,0.14143843015904864,-1.0879473686201697,-0.7364826786234764,1.5216503015869383,0.4489716925929332,-0.5742220977667757,-0.01703176062249585,1.611180474042601,1.3060953949356673,-1.593619691265583,0.7977562272374009,4.4769081215038025,-4.791637817468955,-4.639700729453976,0.06031893512572045,-0.1802645929396777,-0.568969343869467,-0.2746408747830933,-0.7594471063869132,0.11855758177201822,-1.5838035307545406,-0.61504142873447,0.2816688770172565,1.2137756853854218,-1.3140222094771274,-1.573781787258994,-1.0091464726569386
3262,1.157886639040419,1.2501582127247775,1.2214463402199656,1.2379152183631486,1.2243314080302743,1.3652536766524535,0.9806781561614103,0.8437426576171756,4.480167183545691,0.7363447050729394,-1.4437418870540506,-0.7837932197607871,-0.6499370703039438,-0.9234221468558411,-0.17164047842156951,1.028395064105328,-0.9602741990100117,0.5685276249072684,-0.9561252138778373,-0.1716404784215696,-0.681601082975122,0.7799333542392956,-0.8703360311685145,0.1901523938163595,-0.682934843086876,-0.6816010829751226,0.2710329637009997,0.19032639274454202,-0.017835773027559027,0.9088058437671024,0.610384077232374,0.12012490905476308,-0.16065150059752314,-0.29788862412018907,-0.7465629690229073,-0.660491491534429,-0.9205207837115876,-0.742773253883227,-1.200442935543635,-0.4400517940530028,-0.32335920318094014,-0.1940262463079707,-0.3422645191585974,-0.5199151300349616,-0.2893030858554805,-0.24576547690702524,-0.26714741204007003,-0.40000999634005785,-0.26263717363774497,0.44883637054184367,-0.09875774001679888,-0.5836911531761769,-1.4914048276713852,-0.38713393482094555,-1.0651061725161717,1.572646808736833,0.9058916591100676,1.3295323023798162,1.272475682132483,-1.0008744222181847,1.3111350857244697,1.4596043938462422,-0.9189565447136093,-1.3607106102990878,-1.3365895263169276,0.02497708568372993,-0.5796029688420489,-0.39414872540599055,-0.840623865687641,-1.0985809921784775,-1.007944186021693,1.7094150199889713,0.601715217200063,-0.0014049516283255912,0.7097855315173738,0.6432049260675792,0.9535914301071765,-1.7683094653253901,0.022848611107109826,0.4845787371506332,-4.615747494614597,-4.481202024929982,0.07189336857341705,-0.16252068004541914,-0.48257051408594515,-0.120342714210594,-0.6775314470182001,0.04116619490471829,-1.6075131220685368,-0.5328794221151668,0.32395430196813296,1.2059780274929375,-1.3723851215098695,-1.5015014648227527,-0.9941085775419527
3263,1.1966938995213094,1.289069052171487,1.2652347434688913,1.3130474863717678,0.6597807918826828,1.3145661076812747,0.9364969369568855,0.9720905760506046,3.01879563295386,1.0149904939182401,-1.3255057184092254,-0.4876782983529274,-0.278550393304913,-0.6945874679572672,0.5396649183587117,1.3058727121078642,-0.7243862591918407,1.1765474359775554,-0.8907525469753511,0.5396649183587107,-0.24177329713063872,1.3456613058542748,-0.7528281870361271,0.8594710709520883,-0.7066942110121422,-0.2417732971306383,0.3839298334390235,0.32807123214397205,0.2936230259030653,1.33485016297465,0.5217042399408319,0.7241162094282699,0.2924865127343185,0.20450634751047297,-0.35714271866625025,-0.35017340092902144,-0.6970447957585868,-0.5063418125886106,-1.0359320873351139,-0.3401788287053913,-0.08168975483599164,0.035732605979527966,-0.04214250626623074,-0.411583070093447,-0.14128594165208166,-0.08948252216664956,-0.10424087409865641,-0.23522155446703535,-0.10123875551443423,0.6481374864746678,0.11765012768050352,0.1193822287544897,-1.5477174875237298,-0.33611715179286816,-1.276464539073808,1.7291723635345324,-0.8143649467170967,1.3432400984997195,1.267506629455856,-1.0631597199643852,1.3050745383486737,1.4484448514402335,-0.39747098218406346,-1.0850222393397682,-1.317974849089096,-0.01626553963131968,-0.8189877412673289,-0.7715035135547944,0.01640205078564558,-0.9939620013016599,-1.1166906559308931,1.7221785004629389,0.8368245836235775,0.2682971062418075,-0.8586320752593768,1.364300223433164,0.5916253182997634,-1.7615144560201819,0.3986126803866818,2.3553608569943796,-3.1097251539186606,-3.0211464282838705,0.06873761553555571,-0.15085433161218914,-0.37297451432761103,-0.010510130145603999,-0.6259475595020587,0.05220839772164647,-1.7114891348828971,-0.5210052622719092,0.3208716024389316,1.1993958785202943,-1.4376517071154526,-1.4750320225515097,-0.9894458218134331
3264,1.333599144034911,1.353109799885098,1.356096410554968,1.4181516710338187,0.0923880002345563,0.7019747193777763,0.397634755976793,0.4014009083664902,1.8466917529931504,1.065929473867471,-1.54369228509586,-0.11873362134978875,0.16124173690183716,-0.3977424000187283,1.3813659036839638,1.5478481432809714,-0.35117076462283575,1.8346760046391382,-0.717772555505388,1.3813659036839627,0.38905615772417873,1.9109956427377577,-0.5248008116920416,1.6352558739513352,-0.6781728757199952,0.3890561577241778,0.8825063622605103,0.5930728015706979,1.2197364745001482,0.9329737898179686,0.05807412927072775,1.4952465756642181,0.942808404057868,0.8298941577529676,0.1744723388983151,0.0911478967273735,-0.39113032489707533,-0.18266182576653806,-0.8009232107945516,-0.19247705065199316,-0.7720205511803565,-0.5038407570996838,-0.5367545269498778,-0.8261355678658757,-0.6461685372484355,-0.5759160546805036,-0.5787846654786801,-0.6812889417560385,-0.5993127965746348,0.9250683803934242,0.3999206784222906,0.16823665545680888,-0.5758817358646336,-0.15726685944722618,-1.123369601321683,1.8424190621411212,0.5648318385349336,1.349610805592574,1.2786045314401535,-1.0747226798072123,1.3142026558628979,1.4374782271528161,0.21467696698104227,-0.713372544384939,-1.2229816192927607,-0.041622057140747695,-0.7390810640537332,-0.6673647499969103,0.19020471947670214,-0.9208288562602184,-0.9260273126503751,1.890190418380945,0.7491107379187493,0.20540931983887065,-0.9806140065268114,1.4361796876888653,0.5811669406878361,-1.9043014937872362,0.37101566851286244,2.0751925812648033,-1.9047563274751786,-1.85108319994929,0.048547814340897916,-0.1081221190770794,-0.39314008175718335,0.20435795814849791,-0.5097465686431775,0.05350454814295061,-1.8339479447304676,-0.5452574998577961,0.3036164742370471,1.192168311615143,-1.5125728893942334,-1.470539554621653,-0.966342938626896
3265,1.5096676291404951,1.473024505416522,1.470079294873451,1.4517391914610145,0.21684234004192177,0.09997358094318341,0.03985467788182313,0.40220540463435334,1.9398627558913795,1.0580350397384952,-1.66772129958765,0.008564941079970427,0.3089375279581256,-0.2946349703993761,1.740202952973687,0.6773056509600458,-0.04637538739487261,1.4820585220207858,-0.49656887230226426,1.7402029529736862,0.8762230244130028,1.471600027312613,-0.30200055568297496,1.579645317043225,-0.608616213387159,0.8762230244130013,1.107866860132872,1.1738322316075984,1.5533406141564692,-0.7274106392985669,0.16728757333804894,1.0943332313601906,1.0057895272800914,0.9079467930462647,0.3448127582523617,0.19437505136427755,-0.28878754703536197,-0.08680119652930351,-0.7317400631712867,-0.15649971188623313,0.006756582805479582,-0.15505513792657788,-0.09930437379936594,-0.5465367390719714,-0.3071864919720622,-0.2440393147205489,-0.24713822974522512,-0.3829534230584452,-0.2681511015081749,0.23310933878572393,1.6611843318771842,0.6224414354623056,-0.07043872758045343,-0.420984582542057,-1.09584249568843,1.8979749767913963,0.2464507701123882,1.345695379639822,1.298479325499356,-1.014724310508274,1.337231690463043,1.4267005963205428,0.270862289555704,-0.5755696663913583,-1.0585984391693304,-0.03642269251527635,-0.45032475594992905,-0.5994962737496335,-0.8226099933489427,-0.7069606701667388,-1.0642439081168757,2.0349811605846315,0.4546641436230056,0.36820754059261934,0.46695541334260854,0.13226198874777112,0.39026093888896896,-2.0032292767437783,-0.07308501416585694,-0.09884508188617122,-1.998544886502947,-1.9433027870865813,0.05363858990454356,-0.1401897928078564,-0.5549409313668677,0.48428153835202975,-0.3330508276775903,0.05282382244871815,-1.9656314898349427,-0.5641307155521411,0.28953944017183053,1.18507502646592,-1.5829125299267228,-1.460990975518983,-0.9354183043799832
3266,1.428667928959176,1.420534494863164,1.420376072715148,1.420058547142297,0.08852143863098269,0.12134354468160016,-0.1198144087637367,0.25045753884366795,1.0712324610793293,1.2629178386894433,-1.8793839325683814,-0.10778527459004647,0.148163859940685,-0.38179926280255577,1.4766554441651147,-0.474461629315295,0.07376398871401763,0.5798473020005962,-0.3068529380313296,1.4766554441651145,1.0393108721160673,0.49607555007813114,-0.1674862819827101,0.9479868811364474,-0.5244785196089041,1.0393108721160678,-0.5973938333297855,-0.627414424117782,-0.810135797685948,-0.15924523405091642,0.1158881819346907,0.34326283536076807,0.6847153081551081,0.6330048707607361,0.11141359903559306,0.02787322562620556,-0.37317021033269376,-0.19132754702268884,-0.8115480450032617,-0.22375714121140905,-0.3848185670908522,-0.5194513788871635,-0.43447312269460053,-0.7639091551195563,-0.6374793602169114,-0.561391529504368,-0.548879051925753,-0.6724257358983616,-0.583716897153429,-0.37394143885153713,0.9814721604438059,0.24382192440561834,-0.10080194254289071,0.2714389854990116,-1.0309222424077158,1.7427388277549385,-1.3124789522308342,1.3416199763887606,1.3123260282224911,-0.9926935990434367,1.328512037895637,1.4161082600317085,0.12802607493285836,-0.6473515846520306,-1.0566515887850316,-0.08921931385731999,1.5406703056557849,-0.0006765148871152464,-0.7951042946443075,-0.9424075576823797,-1.0987376411362888,2.1127662212776563,-1.6223855027754404,1.3307525061393364,1.0796442898429788,0.48224920229612894,1.0494627846231785,-2.112704632415543,0.2793400782531773,1.802152430682819,-1.1116252401020017,-1.0734208741453166,0.09538042475297162,-0.04436232927961753,-0.7062715265745795,0.9954514837061732,0.022537043392074227,0.07145832449425536,-2.0514657238741543,-0.5906847500993595,0.24007481057397526,1.1784712065381997,-1.6448092680854505,-1.4518983608361493,-0.8668757215337227
3267,1.5655186229879112,1.754305440160018,1.6229143777094872,1.8167236444089012,-0.6082630232202901,-0.02676963251359436,-0.3505189807890005,-0.36594472678405676,0.4285309958819042,1.3015679054360163,-1.9865345096598817,0.9168294662652372,1.2256482539243594,0.5358319590407175,3.3159391126821456,3.4623801270430525,0.9768893957063827,4.187893024220829,0.13430971898647698,3.3159391126821465,2.3231523507174043,3.837398840512627,0.4403472197700178,4.0929554655001175,-0.329209868674453,2.323152350717403,1.9900372799893449,3.3020402937078,1.165839573840308,2.743903477510051,2.2784894708779992,2.8869748615345565,2.9452586152640134,2.8166545223610773,2.1195915215732675,1.6639253323714007,0.7621443953278094,1.0795586715006165,0.11609595201117473,0.3994667546836239,1.7964381729286711,1.4214479361593524,1.4479247171761753,0.9689413387009183,1.1280818768241454,1.2349870394573594,1.204764459345927,0.9760971667721122,1.2332936959545446,3.558219217065828,2.6282118791856024,2.0667961510253328,1.3503942719401207,0.2696180872056422,-0.5777062573097645,2.3098028016622174,2.9402254931998315,1.2609929269001692,1.4273340466275017,-0.8307649724232967,1.4412728913726227,1.4969358555272796,1.8644027100532579,0.33277650637589146,-0.9265657463155372,-0.1436666035841584,0.6976581370701571,-0.4059015011129323,-0.8227162189559469,-0.16717066417238746,-1.1424066534818316,1.9600838218088024,-0.7679444890370433,1.1095004896527247,0.6771899091338635,-0.6116945711759971,-0.0821668026188576,-1.8475908879856897,0.1748502982990247,1.2634022866161105,-0.45715229381925165,-0.43549544916333266,0.09134054235562207,-0.028207252170934217,-1.1105766153342398,1.562883727927301,0.6761210983554492,0.09711268434359305,-2.1770715240117,-0.629562571939752,0.15879381049597552,1.1723753372721408,-1.7198461861390042,-1.4508265499099608,-0.8187564177195784
3268,1.908906762755812,1.8653812841941353,1.884691616940983,1.8854289727618752,-1.3541586815379907,-0.5374501924955084,-0.8357875083520769,-1.1948331454898347,0.11161481893618523,1.498144617540877,-1.5554505838943296,1.062184773806542,1.3530191851502955,0.6843550773923474,3.892448993295907,1.2896138100368804,1.6681728222921268,3.1487043615342865,0.6727942952533291,3.892448993295907,3.167625072438202,2.6606348251091863,0.9999991691953798,3.6491147574942633,-0.05400508847893591,3.1676250724381996,2.5067407816820255,1.0063589752519386,2.943430235754892,-0.30674582132675016,-0.13134972302419937,2.416383163864108,2.916445024193296,2.876497144392752,2.3972595319213177,1.8596820013153559,0.9535393504640947,1.2810619541511548,0.27692332105130407,0.4990952528797217,1.941611600670713,1.9080921195399168,1.9240716270049345,1.6947691884955431,1.7541184043142608,1.9574017940697075,1.927945118414701,1.6773360963587942,2.0159357174155246,0.5333100136679898,2.543566713599162,2.193725155206707,1.9576763189967836,0.17735965522726602,-0.2966287901937358,2.4357545732234405,-0.45589275908115706,1.220881958902424,1.5302217013284694,-0.6445716159555718,1.4930006232828397,1.5446084671389242,1.9390466914497086,0.3750477614414923,-0.930502758432257,0.6347112428827472,3.3252171528152417,2.328444242581024,1.2971884347150635,-0.09841121157711646,-0.919696814170392,2.5240191884729173,-3.2723410176652292,-0.016971509814683133,0.7824507341582767,1.459306429353861,1.6595265248818236,-2.363944306064732,0.7944084239009203,0.31317992587133114,-0.04205586658550182,-0.12478558961223514,-0.7396939601522989,0.4574329327371119,-1.1277686795830415,1.5191221919469546,-0.14300431438509673,0.16414700075421823,-2.1914498576327213,-0.6524313423591331,-0.029935700822456723,1.166310769536088,-1.7799060949473429,-1.4595797304227351,-0.9664757312769948
3269,1.880455692828904,1.8347116654300026,1.8529818757036625,1.8381207110464046,-1.2427805368381692,-1.387845780936514,-1.3469284665754513,-1.2543143981747245,-0.02857500521579899,1.5110765712386776,-1.6743753232872678,0.9070569015995633,1.1502340513150962,0.5673681413279716,3.326279103738061,-0.989451907212004,1.968215598319077,1.44711865805296,1.141753377899923,3.32627910373806,3.3586997177801043,0.7874271046197141,1.36833064315754,2.429347951396037,0.24675023898940593,3.358699717780104,-0.34482278042741715,-0.3332424133234732,-0.26875050770779735,-0.5007529936211397,-0.09510788986991257,1.3217978756231585,2.280629062331278,2.290119534492803,2.0848087819277,1.593465602719301,0.8230946486571972,1.117964549365908,0.17114989374910491,0.41535851720017136,0.007178006693092379,0.3442336044434232,0.45076746564610154,0.4165311813854369,0.3552785118836977,0.5799126999832739,0.5677324514450325,0.4159607008142194,0.6497531453907914,-0.452273982733551,1.8281569380369136,1.8356328512814657,1.474738070868998,0.6465390730438216,-0.4112593999966509,1.6452250849023706,-0.462024448048584,1.1736976303947597,1.6024279822120127,-0.4825533084947518,1.5219288585032762,1.5325290626661587,1.5031648063283456,0.281136356609657,-0.7335211547267891,0.5862659083289025,3.4371127479999792,2.786960838460422,2.405115439648629,-0.206400940501834,-0.5869142474288437,2.7279666290296927,-3.4158948493126013,-0.4815634994061772,-0.20543766985588505,2.7213232151571933,2.096346955300769,-2.5745461115431,0.6567976747066171,-0.07514506550367658,0.09597917816078089,0.016807789770420037,-0.6833442505285067,0.5788542055872553,-1.2506312498159842,1.5029298119293057,-0.7859517125065528,0.23109147764858423,-2.2219521167953267,-0.6685521039755679,-0.18003802715585868,1.1579078082916539,-1.8337364572940498,-1.4541502908580077,-1.0133919639185613
3270,1.7971650393396656,1.8113307122170386,1.8596455950715143,1.8855257938876222,-1.6239297004655502,-1.5054409854362016,-1.6420625375820783,-1.5068752045387128,-0.07429471523228613,1.6246946153530375,-1.7545436055756896,1.0306006950352464,1.2705474855703456,0.6877287217534651,2.854586508571863,-0.8858613526373833,2.212235484416959,1.2379803802193032,1.5433114156802852,2.8545865085718622,3.4235108005784807,0.40194166459847064,1.6989691460466583,2.217677205934902,0.5611505657743394,3.4235108005784816,0.05194863192869326,-0.2631327003132996,-0.7414154415656081,0.9165486292729129,-0.5830711845348255,0.9972214255048791,2.075037691049772,2.26449695468241,2.2026719184733072,1.7148380880435659,0.9546147980419746,1.2595862527963682,0.2911076441069645,0.48781748626627397,-1.7682249700707255,-1.2616886888482388,-1.2285719306444174,-1.1221578460229265,-1.2142800134278064,-1.0614342758334816,-1.0599748164539358,-1.1082171278443333,-1.084298694297804,0.4257614511482763,1.9209109717736663,2.926262906508461,1.945147554338943,1.1741432023007914,-0.08201472177532435,1.7535751098676295,-0.1953420558874071,1.126783401132034,1.6696744759373798,-0.3312706200900436,1.5211803211115107,1.5206729207137824,1.8351721279667836,0.48772024020728605,-0.6835005738209052,0.5344384813746386,2.3169089099867333,2.3040727981654414,1.764640532241623,0.3948998963717373,-0.6910713180327998,1.968477532236377,-2.24969842680542,-0.8863076920337889,0.13574922249901283,1.2906052676373012,1.1256588959741856,-1.7787612804429087,0.5514376116451372,-0.48288360991418583,0.13557845479636377,0.05890976473680527,-0.6679402740740877,0.7222172014591132,-1.4164240085782183,1.4668796877325987,-0.8652864997715876,0.30112064753826945,-2.2288387925987565,-0.7096177137851436,-0.3833587766058063,1.149669531037447,-1.8850601013413566,-1.447539208569419,-1.0848013769780487
3271,1.9078684645874389,1.8402039102689995,1.9239925099822879,1.9012731371535934,-1.5200347586592395,-1.720811444975614,-1.7008413792577186,-1.508197930916078,0.33748488709581453,1.584223821588805,-1.9244384086138129,1.088954453196818,1.325975242881,0.7456649137024934,2.298109779756638,-1.087009217681121,2.349524370028923,0.7686557525741475,1.860317926309196,2.2981097797566403,3.308596541320918,-0.1854294999979008,1.9536178992948687,1.758958486311116,0.870742552696772,3.3085965413209153,0.6288482330972419,0.2737072157161568,0.9541449192461604,-0.11647951769826881,-1.1546134366607472,0.28585681870677965,1.713697755417992,2.052645859406775,2.1384874869789003,1.6916244031044507,0.988384138613328,1.2920776264406573,0.33469468874796393,0.5084229857352177,-1.5389943553983703,-1.0368946395590943,-1.0360690658340928,-0.8932807776454234,-1.0434447769274644,-0.8770592242875229,-0.8913524917675534,-0.9489554778206365,-0.911964582199674,0.12489809870069332,2.170600732337168,2.5524392543486973,1.7821594187122942,1.3113377742995627,0.08917377258275329,1.8524512841380576,0.30411496902117197,1.0902208953677306,1.7442893334066059,-0.17581449762905363,1.5351174132936147,1.5204856111984903,1.8671295336572635,0.5497143793418231,-0.622109531586447,0.4892732969095271,2.285440583259863,3.902357959660195,2.414280446151578,1.1783468666200696,-0.32563613664053975,1.9299388393512922,-2.216589003964532,-3.0922560956087666,1.1269880990152132,0.930035426086559,1.4306927149622968,-1.6284254995669358,0.2236139179489457,-1.7261772272349116,-0.29288349912882283,-0.35311110284951297,-0.617678128578157,0.8559352301497095,-1.5332182721267538,1.4310932533793423,-0.9100687656754032,0.34451591149791716,-2.2398376371599698,-0.7702221987745927,-0.5219887102981201,1.1413754878070186,-1.9465359649123104,-1.4545410462547297,-1.1163082661371007
3272,1.9400676530303038,1.8783359009979539,1.8488461622673609,1.837186515414237,-1.2931413775265455,-1.520078963361253,-1.534090008229001,-1.3077240603009794,0.4689441210004181,1.6254424305030126,-2.0528733720894623,0.8123668616597225,0.9424809485633087,0.5462130718180188,1.3511413246318087,-1.8922443527050783,2.2562047156482614,-0.33746565367709,2.037062746549077,1.3511413246318094,2.858602188657277,-1.3277049420726268,2.0450135566190837,0.7088292238222738,1.1407269630847403,2.8586021886572777,-0.7788246980021805,0.3685897040920437,0.26249398011263864,-1.1675294576766269,0.644329823503783,-0.32656980149530634,0.9175759400671132,1.2847391146740612,1.6794405334822684,1.33941596968736,0.7955214483360681,1.0610123439535157,0.1813893134505329,0.39354178634283254,-0.47037990131571594,-0.3074423299402171,-0.2524219182988938,-0.1997161832958191,-0.43004332367604836,-0.21201168369321843,-0.2629257822590944,-0.3451561951616084,-0.2322446260831911,-0.6318707179833324,0.019772013953911198,2.079337752404071,1.7993187644701876,1.2096468504728972,-0.11598220043137844,1.8975124523518028,-0.7621988093798248,1.0780616173442839,1.7987202291990094,-0.08410058028336571,1.5752416548833736,1.5348489409381656,1.2282605878449901,0.29928986998835994,-0.5045872727441687,0.43041050624163946,2.681873630250442,3.5002806533728794,2.2227759936550022,1.4463609413924667,-0.10867955154808508,2.0193192397820656,-2.6372211849681615,-2.277823611896308,1.0000424407986446,0.38373215002007327,0.9126945966379266,-1.6768359754886397,0.34606632084528255,-0.8201832046400527,-0.43474581220342706,-0.4827913027714919,-0.5421745148862765,1.0396777548775007,-1.6051883576360317,1.4163645113811723,-0.9277252119615953,0.3959939221719389,-2.2532773649361695,-0.8500511749008159,-0.6621759014936923,1.1340355602713361,-1.9980907665139762,-1.460787058746175,-1.1238326033365682
3273,1.8291881341023948,1.8498763372082279,1.8866908215245146,1.9194761483707057,-1.129067801452406,-1.2835092681779834,-1.3818062954584396,-1.1813350069657877,0.8945716060487888,1.4939342083166085,-1.7137941415677695,1.0217377080145207,1.1719965791832674,0.7390544587719108,1.110379870648888,-0.4800487640377529,2.3163776699164353,0.40365649660186903,2.1750804059973383,1.1103798706488905,2.633102311992009,-0.6306248985962306,2.1898189197105853,1.0914045179517897,1.390042277822653,2.633102311992007,0.3351992714187518,-0.3424361918338805,-0.9945440437341854,0.9025068323980924,-0.4071156491979802,0.33049270905516753,1.04920275653651,1.399200195367854,1.8999417271307517,1.5908180154952793,1.0140120294383201,1.290261032315896,0.3873516914475817,0.5226859466166315,-0.45310679375982915,-0.7741796533264147,-0.7294725723417309,-0.6382659207728936,-0.8702798611089775,-0.678931092591687,-0.7100520212666552,-0.7633904826888639,-0.694797955555585,0.7270396349362687,0.08972693898675466,2.0772642691182717,1.9595845857504195,1.7948325821051412,0.15166663218808898,2.0927876353805748,1.2774747341179642,1.0660562827013473,1.8619990485013727,0.0006453772593050038,1.5839436318751496,1.5231855747604215,1.6755018343072148,0.6079340744115783,-0.4045108654595044,0.3829068539146331,0.06574830925732997,2.7387538617869254,2.2255774886203397,1.340978168768453,-0.31858503958621615,2.0736127827272557,0.031028503416568695,-3.551161197241595,0.11696219780025925,0.5455507714144741,0.5105745451896717,-1.7492347039127603,0.12717916323122536,-1.4861621217999779,-0.8761583029291049,-0.9079954484170087,-0.4824976294658685,1.1790700036034403,-1.5919199075124344,1.4028738952332434,-0.9304325983845033,0.4102255928204357,-2.2366821304473734,-0.9430805031015165,-0.7847358038664658,1.1260055034554721,-2.043555572508245,-1.487470841882563,-1.2104626511931784
3274,1.8924850595697866,1.8691848841531447,1.9378778176974414,1.937971727876688,-1.3801682715511112,-1.0726789824291667,-1.1496009440356973,-1.286606310638152,0.3313937930562179,1.6296447039687374,-1.90414042831733,1.0872991062631867,1.2411652081338906,0.8015835401420837,0.8651578540275903,-0.4937355731370012,2.3421379680699195,0.24047403192705075,2.274823382433261,0.8651578540275908,2.373428537338608,-0.7747855119826378,2.294655428672825,0.8520142514841214,1.6135108329176582,2.373428537338609,0.46832475299358023,0.1438081298260035,0.5098646184593394,0.42024233000730965,-0.9232295275320208,0.30841259527321846,0.8347660989044258,1.1581121451517844,1.8228216799314845,1.579395733256143,1.052241806808237,1.297281571717776,0.43742806517674293,0.5461073775947254,-0.1654597373234929,-0.8841160410303155,-0.8185212648378134,-0.7274070661835719,-0.9622364926437846,-0.7796838942812103,-0.7894913540964399,-0.8611166487308609,-0.8051219185142291,0.12989905900081045,0.3739801754077989,1.7297515625682542,1.8487835184650294,1.5519412409753892,0.05589956950034249,2.1188079243371676,-0.5723302034056872,1.0627841609093789,1.9201469552263244,0.09305289254041019,1.5830438194793472,1.521776957573586,1.7974299576171964,0.6774841836621847,-0.40465277083691875,0.360277119188051,-0.5808637887192443,2.612510144793972,2.4715341154362442,2.1281796774712904,-0.022043149284695994,2.2708226291658558,0.6833985215755449,-3.87872534703887,-0.3797291386235661,-0.25660706744840595,-0.4354590083827366,-1.8228461100923248,0.669310219135334,0.796466883468574,-0.30273452740211826,-0.3457551250967277,-0.4870036104941796,1.2465030309861882,-1.6186780543083112,1.3941672415688462,-0.9195780023736819,0.45855451995283314,-2.2324243844959875,-1.0155813991434564,-0.9071800872410902,1.1196256073467266,-2.108835126275136,-1.4959026800007857,-1.235044892709976
3275,1.9573566325354335,1.9710998542768199,2.014989217615936,1.96101166003971,-0.9031652062564655,-1.2675747695221702,-0.9399840972897258,-0.9993490504963409,0.4298206919439708,1.5739780704185886,-1.8439058812879896,1.1644053366883165,1.3226505572365272,0.8749734963171532,0.673945893970976,-0.38612784861887145,2.3559803228316816,0.1866644238891166,2.344834060175287,0.6739458939709767,2.11849843938259,-0.7901151958303829,2.3732207392079743,0.7003255301855288,1.8099120952914567,2.1184984393825883,0.7359252954433548,1.0313476329638838,0.5233724327457717,-0.01782595206419998,-0.5281333872735614,0.38086726667679066,0.6612805562429392,0.977713537307039,1.7474084334508084,1.6037362452393165,1.0981401513491587,1.3210381816486263,0.5011204314616496,0.5786759183763204,0.5349430027500158,-0.29089675258690206,-0.21192612798514737,-0.19877163383019394,-0.47752054219336404,-0.26137983586468805,-0.2758215397415712,-0.38390434831735865,-0.2734354144532005,0.18045983196827778,0.2553800792281349,1.694460640852258,2.701644759701462,1.885537259055716,0.2907196424741092,2.040259279481319,0.4309885733501815,1.0786031722113318,1.9702203815360162,0.22391668001768336,1.6821410179455785,1.5671314919210808,1.3223291803865735,0.5946577302570379,-0.1624980703173461,0.2972429345943209,-0.4082098676267009,2.0911960400335405,2.326502383929366,1.8856682028125125,-0.10491833456676683,2.320151047228741,0.48844181491778144,-3.039494744670136,-0.8163160682386645,-0.07048090587625107,-0.5489300751231356,-1.9142681416778202,0.23218117721562467,-0.581005187337032,-0.41017006677471846,-0.439818844388625,-0.38084135945257225,1.2883566356912044,-1.5802684924214305,1.394794960168608,-0.9045468692454702,0.4839803317242084,-2.217164716098143,-1.0698953504527868,-0.9984944014363542,1.1116970602369907,-2.166588801108402,-1.4962358825247637,-1.2598730625079637
3276,1.9650434109264594,1.984255728869372,2.007111105505846,2.0474467442559106,-0.9575075378106318,-0.8462069661419,-1.0514249344835815,-0.805365126920646,0.18994123195283807,1.5808754850220985,-1.770528974371603,1.366264082521292,1.527560279572001,1.0706399247092593,0.8601681784644803,0.38001586790377984,2.4855580111524156,0.7868081265591738,2.436574315551598,0.8601681784644845,2.052879106361562,-0.1649262307763666,2.50623042982016,1.1100372794456173,1.9963872087504118,2.0528791063615617,-0.10060870512570548,0.1081294510602898,0.03493528173796355,0.8322764658324722,-0.20757133525103366,0.89938919958297,0.8103957972725513,1.1760522380043759,1.971888925932697,1.8367471929237793,1.3168652507323375,1.5414455226952468,0.7236615505793512,0.7228438637806454,1.2559089348184902,0.4478590234962626,0.5471051499084124,0.5531600402187266,0.28645619989849974,0.5157377658023703,0.48963227809918675,0.3213634828164898,0.5124876522978292,0.7737650574142457,0.5702659098787214,2.1357811394733512,2.602129913640078,1.943663845838899,0.6438850106148605,2.0857339983969965,0.63625889233563,1.0819188014968504,2.0317843378317093,0.35615499304249737,1.7472870802703075,1.5852371179013178,1.4392301547122568,0.8134309686368287,0.05947684377249629,0.2344588913451158,-0.5039215850486141,1.957761176037867,3.6071867760583074,2.3052407842981992,0.1592401434437221,2.244436258700484,0.5691124177710505,-2.9153610937352425,-2.9090077633670774,0.8066494705846793,-1.125340556289293,-1.7852499366524284,0.3851048602633143,0.2583959244540678,-0.171529472794468,-0.19982862724368097,-0.3267507152218081,1.3436058528534045,-1.5503696114102126,1.4053067275015347,-0.8646256150470841,0.4981562006714138,-2.1892679560665727,-1.1036279706248224,-1.0747015487375158,1.1039475886642325,-2.2219429994010302,-1.4904683191991193,-1.2009771357896646
3277,2.042235104013993,2.0459873952371677,2.099859623908506,2.117956341193044,-0.669125784334288,-0.9530703044605625,-0.876512145087098,-0.7489546474427345,0.7469945755096091,1.4889449275680593,-1.7252318459931768,1.5177851758288403,1.6685656124846515,1.2265954265090078,1.095303526747946,0.48232090666362815,2.6501546442430763,1.000810534451405,2.5551416385463432,1.0953035267479485,2.058697555247742,0.07849919556226692,2.658222849046325,1.2911317670674183,2.1789219635493944,2.058697555247743,0.8945272170373788,0.6096117374227145,0.6422504507923351,0.7594955678148797,-0.6887497090885122,1.030323518498813,1.0619138015675904,1.2617571344006755,2.0811114284866843,2.043086192918753,1.4869564357913063,1.713912242147566,0.9093117472634569,0.8428575156176977,1.2662467124444798,0.8409514018274827,0.7441970310238618,0.8028400725029988,0.6540865575829345,0.7862797496204044,0.7610580956091413,0.5835319143723744,0.8039490569843986,0.624744807383619,1.189578766569317,0.9210052585339562,2.6187931306808467,2.353949796829367,0.7326718761934221,2.2258802281953303,0.9986419933055352,1.0990895470199942,2.092745503170189,0.5055505346688338,1.7732146489230305,1.6289841488679035,1.698840410294003,0.8893165041471353,-0.036801662270942205,0.21680087120777983,-0.13926217135470778,2.5894474343809497,3.5437895616189765,2.4251247152092974,0.5757329586704321,2.2688538410982426,0.19309617301473816,-3.3932150579006066,-2.1214825633055017,0.6308806084878233,-0.7967816219824817,-1.7965676218436653,-0.1586685166516937,-1.7089869472051689,-0.7434010421527357,-0.7555558806009935,-0.2816265979891947,1.388398651317592,-1.4578563015451962,1.422390434986853,-0.8362804783574779,0.4974724953136098,-2.157579356324442,-1.1727220622293115,-1.1572205954239922,1.0959036693519042,-2.279451501544781,-1.4982562078803663,-1.1818065469964891
3278,2.071065128053386,2.0895308548320766,2.1018004592133552,2.155441176606872,-0.8180388178955764,-0.6932632454139412,-0.8905382468671068,-0.7492371492070917,0.2587610758939568,1.4752275143476856,-1.6179127020674948,1.603171171470202,1.7424082594860164,1.3196207614627566,1.1480117329089234,0.11324450683752081,2.7683531925759874,0.8038775190654808,2.6746072103324945,1.148011732908929,2.016202012128988,-0.08925601113572508,2.7828762074613764,1.154686135862142,2.3518512604913866,2.0162020121289874,-0.0014782440897259425,0.42103466644920945,0.22405989163374598,0.8635064350100787,-0.05402032350392912,0.9529071656731478,1.1313950681515603,1.1303239472857527,2.035887097212697,2.1243292646538556,1.5635320203817775,1.7850339266727897,1.012472148480321,0.9075486518089628,-0.20414984833534028,0.09728021759243355,-0.24949269186868347,-0.10358348789331978,-0.17424219453793627,-0.10621541533384211,-0.11457733763940088,-0.2394567765003814,-0.11093848194907023,0.3308453373716718,0.9924043229513143,0.8279013639902131,2.463491288939839,2.357017580106136,0.7369174623749956,2.2182952110703003,0.3500825897866813,1.1142055185525472,2.153159673251777,0.6632802485052033,1.7959004616384884,1.666149989758633,1.7887083400741313,0.8881808329173897,-0.11399582453292921,0.18296519525236649,0.8227137757601353,1.013223241979125,3.5394631686091387,2.983491684885476,0.7011985738620174,2.4001464635945036,-0.7995587008428257,-0.6363382998449534,-4.0382052229958205,-0.1327427934793417,-2.6317204010636543,-1.8424624353050676,0.48801895040540116,0.8711738849461695,-0.24773812235695666,-0.2674677235013473,-0.2655045489029565,1.3984279485712363,-1.3286139438302156,1.4296389385080757,-0.7851049011627294,0.49664031947298226,-2.1230717937686374,-1.1947279714696282,-1.2063186323593929,1.0887409394433007,-2.343446907994205,-1.4991875481477104,-1.184847832507017
3279,2.125347611114559,2.203794179338981,2.175303786752279,2.2056721666673225,-0.8975865808498468,-0.8392925827214458,-1.0922813763989658,-0.7275790258142286,0.22325211069590098,1.5921216711243902,-1.4474910135619392,1.706029965427256,1.8289381605094452,1.4335083197180973,1.1853872485040051,0.08302649475707045,2.8794278474137975,0.8101623176156806,2.7919034381065093,1.1853872485040104,1.9815758716274625,-0.0662286997325979,2.8995008372566056,1.15639245370742,2.514948767861138,1.981575871627467,0.7140881555040386,1.1676752574838272,0.4476244469114902,0.8422413685619576,0.5818549230204839,0.9387761680374463,1.225088762269108,1.2423646843687248,2.0558178285565547,2.22405103963575,1.6715210692034546,1.8935595761913062,1.1439769462422493,0.9978755182275066,-0.7915667229274485,-0.24262435706113572,-0.5245512978198744,-0.49267425013981403,-0.5300879766191169,-0.4822150815721716,-0.4824449239962507,-0.5800590833590283,-0.49490470378235946,0.46107912393851774,1.1530970311613866,1.1744826506768822,2.2615716130525763,2.3501558692049707,0.9771448674031349,2.153994362138838,-0.19904834127597895,1.1454171564523257,2.207694836178121,0.8461087927388368,1.8549236287369701,1.7228758161349211,1.7383645755797659,0.8627204313992914,-0.11810137614264286,0.1240301249724087,0.6445439900206125,0.5715588121606568,3.290996325864571,3.0369378465539567,0.7152234712474937,2.405679739602723,-0.6334878297403665,-0.21714343198843974,-4.1607933719030425,-0.4926018983464284,-3.032375345593592,-1.8452704449187292,0.15296106239214682,-0.23258184432228504,-0.21722566775441832,-0.23265232734244443,-0.218053259030589,1.5115166492226302,-0.9866465579255448,1.4383740823630273,-0.7106382300952258,0.5125502511047734,-2.077184727780977,-1.2000462637125093,-1.2536025409990754,1.0822990163035366,-2.400690700328818,-1.502382108822537,-1.1563206361700422
3280,2.1889329222760088,2.1968439375223423,2.2286516197650355,2.187013256007377,0.31742306050619123,-0.7600241704387216,-0.03732975923444231,-0.47261979957344386,1.923361278303971,1.3025010717739791,-1.6831660315586356,1.694928393861144,1.8146695937930895,1.4275828139736024,0.848488434009497,-0.6862957664693581,2.8558870194520503,0.11406737368165634,2.859102372406768,0.8484884340095025,1.7627852098918353,-0.7224387125501308,2.929830240673801,0.571301793560443,2.6501460461024453,1.7627852098918388,0.5311042336068635,-0.06311531145890358,0.5421180453396157,-0.017269708755979822,-0.34839944178953175,0.3933358910456157,0.9404456847838127,1.0069752409223838,1.7166725065592492,2.0408971791250567,1.5911928508172721,1.7843768926956072,1.1003293698586103,0.964579216737812,0.14617711055049207,0.6163959151186574,0.6079996154049471,0.3785805585859217,0.3461846633540694,0.35553067028197255,0.34938640705711216,0.1820035033376824,0.35821873142089905,-0.16294970368134654,0.9818213139107109,0.9512562011844296,2.103332725782407,2.981979507449916,0.7318559555118344,2.1707752414978625,1.2956452217361634,1.1856052029441682,2.2490882242053494,1.0185212683514018,1.8474085433401433,1.716816004066083,1.6957023695675641,0.8445572317635046,-0.11679235238779773,0.0739293406129859,0.8630077920918455,0.9971156135292787,2.9567497779867282,3.0182597395519206,0.9861383612858545,2.338005305141659,-0.8708593659086791,-0.5871673182482384,-3.192603887595935,-0.8819313776107972,-2.7224172440956096,-1.7874609537249755,-1.1333229116422858,-4.182882687797169,-1.9629512707720103,-1.9253806885713958,-0.037586528926062686,1.4928002722256237,-0.8346326115913066,1.4447110554727958,-0.7072419415960631,0.4743598943890285,-2.0590016210041484,-1.2051467691060755,-1.2940508967833795,1.0732569572267343,-2.4660543315621632,-1.495769098698035,-1.1218106559247614
3281,2.2183920270610225,2.1644124114559187,2.2134228763094743,2.2160631443892806,0.38640363519928594,0.28014798415631564,0.10953342891719953,0.49050417711152133,2.0940275563513793,1.271299062538168,-1.94213969755789,1.7647569699656673,1.8725684042118136,1.5062239164047027,0.6487315079017523,-0.4082971076486312,2.840698539801485,0.16047663780520194,2.896272198110083,0.6487315079017544,1.571576221255255,-0.6421119294367866,2.949527065686977,0.5149955523806341,2.7603381633236066,1.5715762212552582,-0.13158531676583116,-0.31804200236735103,0.256794354012273,-0.014860384844790997,-0.6225991784014531,0.3679330647353235,0.9435782630100895,1.0084414219175413,1.6222160676909205,2.0423673515008223,1.6519904651689432,1.826434387933342,1.1753731980622357,1.0172879782305557,-0.89468613278903,-0.6134807467738191,-0.45924192471097924,-0.6137300150307694,-0.6256581635979063,-0.6333595056930694,-0.6291562933371099,-0.7092968040299641,-0.6441350426374484,0.27812446803117713,0.7392896533614913,1.0069827171983874,2.3086457497012645,2.7263074322891376,0.542214736094226,2.0723009147057314,0.40064972601404514,1.2263133030869737,2.288269713690998,1.1767285713091262,1.845003634708777,1.7033261190594076,1.8969368224691239,1.0052450148214496,-0.05263561600525828,-0.0019206034099593528,0.6417561496903498,0.7487842200900741,2.6834249706958673,3.8268502883212974,0.7316214793860337,2.335280304133759,-0.6621632747104579,-0.4466708469825529,-3.0718290199117795,-2.5048460073340935,-3.836032371158964,-1.6540954436584123,-0.09379964995117641,-0.17490432943447223,-2.1446730975642727,-2.095814017822512,0.044989436756559066,1.411251568590735,-1.197788184511118,1.4400839436728878,-0.6847384936984834,0.44362070547204346,-2.0632745937059602,-1.2229800519502674,-1.333329228330805,1.0634131244712162,-2.5260509536226987,-1.4881761035154135,-1.0356289764616735
3282,2.1746790906646414,2.1226495563963668,2.057587425121809,2.051267609475567,0.5248030553200016,0.33854511568198853,0.3715901306194578,0.6600220875828462,1.6122641910252775,1.2225741364458242,-2.0517093846435266,0.7723393177469235,0.4916023313185273,0.8107898213592739,-0.49370210488319066,-2.318180744529503,2.4810103750925485,-1.771748772644727,2.790807576698489,-0.4937021048831915,0.8695145305931951,-2.432402597362988,2.7479525027476854,-1.1816385459237215,2.8000511749673676,0.8695145305931961,-1.5059813503806472,-0.4235604434226085,-0.35497618851896634,-1.3059848430538552,1.1384668134360698,-0.9513446601524773,-0.17323427657790422,0.021100885717442484,0.7034764407324244,1.3184952858914047,1.1713031870030828,1.2774411498715421,0.7507089764624834,0.7140854750400403,0.21791246151997648,0.10827579920654998,0.1996419897765576,0.0131407339812887,0.051027976136491904,-0.009058203505406167,-0.026442488991019482,-0.09621358084626211,-0.003715063822647143,-1.4899994488157864,-0.2835407391680292,0.6806163995431658,0.5888732913899655,2.0917194305710853,0.4226507726439468,2.0271216295055754,-1.0431833827861605,1.335387545220476,2.2680631290257742,1.1715565669150327,1.8461325183827293,1.6901488907159425,0.9809679255889759,0.5555118160946318,0.02747659418790196,-0.0665550605021033,0.26454322180678214,0.7924527218723683,2.9384287972231213,3.551806779599753,0.5046735585045251,2.2370961159405702,-0.287792643009502,-0.801127828448269,-3.3962772562789745,-1.8436813600829842,-3.5117173322572537,-1.6014837479103041,0.20363401469719072,1.125330051524085,-1.6570255118363555,-1.6114770775373604,0.12472730414695173,1.3036331340945746,-1.6400973728229196,1.3526390465660612,-0.776709473427851,0.405906760253442,-2.057892735568813,-1.2204495099261288,-1.3448417318789057,1.0545390464898818,-2.5729517303819467,-1.469675117495114,-1.0419601839082475
3283,2.053079302407063,2.041723970320769,2.0635290217977262,2.0045782843932636,0.5544801112436024,0.5157617214272572,0.5302024840668389,0.7500846726122339,2.3842233743751895,0.9937129840799589,-2.1004623954836767,0.5939830194896415,0.263135429443976,0.6780310485683487,-1.262829549696998,-1.5616474842989545,2.13214299405579,-1.7828189344038023,2.5971167621571967,-1.2628295496969983,0.19895246771649572,-2.305845892307255,2.513239787466537,-1.5136611249325094,2.7769454295249285,0.19895246771649952,0.04125990590881382,-0.8417536140138997,-1.0402506536217848,-0.5397906017884613,-0.21031752306160847,-1.112366008556778,-0.5071749721437627,-0.2857377923350379,0.34429328818654237,1.0429078679827892,1.025804311079773,1.0928745716211703,0.6304579703048112,0.6217928461883201,-0.08471846680168263,-0.21506054415153017,-0.13885768328741446,-0.21577993513400054,-0.1787568299998007,-0.23373169330809876,-0.2594317972716138,-0.2959792432994232,-0.23943380339967502,-0.44772576669132136,-0.6505464630724822,0.24583321075455805,0.26837810949505636,1.7385399598123896,0.21565838109552948,1.8947806775642733,0.7911647898002765,1.4400061272941205,2.2403359174497774,1.1660897805872927,1.8539510314410563,1.6772774413544502,0.6865760716649366,0.46860721236919006,0.13953192735893813,0.002080301090079133,-0.671911901408997,0.35796993643886416,0.6902693706544969,2.7050772035782455,0.3575128031022143,2.1723128515603762,0.6965878454074034,-0.9871479886438358,-0.614665608591318,-3.299344970443629,-2.8406445325195167,-1.682246136592567,-0.46027334462299463,-1.3564549600676497,-2.4412688003296705,-2.385223473246064,0.062021773740820914,1.089634232252439,-1.685218324794033,1.3441790690682842,-0.8986632185054746,0.32656659109895186,-2.0517787477767357,-1.2156681726166532,-1.36211225591537,1.0427398539352877,-2.615003494297494,-1.4493057541812955,-1.0803401047225631
3284,2.023091862906249,2.0469732342820106,2.0592562241541343,2.0709198183356547,0.8797870740190032,0.5726743277245872,0.5815518867389126,0.919552544945113,1.4263140779279286,1.1307064503286508,-2.1197638893659208,0.8179038347809843,0.5837561825805624,0.8560552660013095,-1.16939031957946,0.18408281318943895,2.000825099015809,-0.6301013808819638,2.4230943246347714,-1.1693903195794573,-0.10522717855139992,-1.0444861882156757,2.379536119617988,-0.8054157684565444,2.7276373772791347,-0.10522717855140604,-0.050429655558576626,0.04814512163084607,-0.27268293101550517,0.4920968596218033,-0.05966766635215857,-0.31063546563521927,-0.1858096787183128,-0.019795184877156913,0.5044851662378139,1.205988489155101,1.19584591201911,1.258219066762227,0.8057514124723417,0.7407635199581158,0.3796141679814037,0.19658155487347492,0.3540293216445404,0.21339365960973183,0.3130946086947584,0.22907539069787997,0.18095614171366556,0.15134831763609266,0.23397748306512192,0.6051525668619507,-0.5841145108124187,0.41983966124205657,0.5996056085893522,1.6193510915242288,0.30692487117964734,1.8064383897104028,-0.17726786887775528,1.544501828057079,2.2148631374368866,1.1717773963357294,1.841146294704999,1.6645706621098457,1.1512179017267117,0.7383191365466454,0.154685153767359,-0.06898035315838483,-0.7005825715306956,-0.2528543744378424,-0.10534632801168144,2.143784964241712,0.12006904903934296,2.034520864510952,0.7129362320392352,-0.2331117837474001,-0.1212111704712461,-3.3588662048703886,-2.5983397002567528,-1.6449147031335931,0.46008101981227206,2.077008087865267,-1.4661891203594677,-1.421764871527388,0.17080944939245488,0.8293157412260852,-1.5992287129466884,1.277050004778663,-1.0694592671016467,0.27960144039660795,-2.044309588336168,-1.2044331851063699,-1.3756447666691474,1.0313798963699055,-2.65834267755452,-1.418598649344344,-1.118782947396318
3285,2.0953538423892217,2.089482957144067,2.055345311682608,1.9807201458657913,0.8919177868173109,0.9227607407669564,0.710385657164954,1.0919898736538627,1.2966716392364965,1.1784232199787257,-2.268431982990984,0.3690023855581593,0.005868328206598924,0.524047454298339,-1.5363553620338375,-0.76014796696461,1.7247145162652204,-1.4548939895815483,2.211062689144319,-1.5363553620338362,-0.5966722583298912,-1.6790228951623416,2.1546415629746893,-1.554387046343554,2.6377241506035523,-0.5966722583298821,-0.04710364528369325,0.43341861069902243,0.616474709867078,-1.2406036955168798,0.6647170751130878,-0.7488743994794715,-0.7425647671108596,-0.548483242697827,-0.009891335170134085,0.7743913574542798,0.9322146350348243,0.9434814645997878,0.5738604805671501,0.5668219029913378,-0.11004847539787127,-0.31834146758126536,-0.21408147761598592,-0.25208084111934237,-0.20214054682582136,-0.24769858658127408,-0.270585455303411,-0.2705541026650295,-0.24196603296956445,-0.8453631777443502,-0.9021446214800687,0.042162186703922556,0.2015648487830465,1.2941892445220642,0.155283521701644,1.8196460283058211,-0.972088546828858,1.65045285755571,2.174342645924873,1.2040112471364766,1.853279942508367,1.6935734968418468,0.5895239451315676,0.3718266245380883,0.07422419985291635,-0.10728314678372433,-0.7486614845853263,-0.1503526970175966,0.2278349960010669,1.9175523526990448,0.2049988547387261,1.9263931903458744,0.7563504506520082,-0.402225817558519,-0.4963160171669792,-2.620324869449019,-2.2661340911022028,-1.5804740229348235,-0.011249000098269181,0.6361427583171532,-1.336694207184901,-1.2917103954838987,0.21143556836171765,0.5725804929478888,-1.3919947837112878,1.221694195733623,-1.1356052614906302,0.24963024192917563,-2.0353686345014093,-1.1950405247528433,-1.396195769317465,1.0216850389830021,-2.700236280598447,-1.3901379222111572,-1.1407053842869455
3286,1.9581946970305528,1.9131028467401119,1.9146324415300096,1.9776623478602902,0.9975685732350027,0.9361672363998648,1.2716767362512893,1.1950308939638505,0.8453073806479062,1.304287099663393,-2.2130108383621123,0.4126357838154691,0.0743105732979591,0.5544482936932159,-1.5850991690257168,-0.11526378066936649,1.5199775034075453,-1.0855527854220643,1.9993133172253736,-1.5850991690257112,-0.9383524657912468,-1.1689830045236587,1.9564241034974363,-1.3972912590775883,2.5223817391671832,-0.9383524657912475,-1.3948335984878515,-1.8190440036526192,-1.1866529343874195,0.17403787725866374,0.10843011238704243,-0.3671084919913214,-0.7257852485713856,-0.5868194422304155,-0.1433724859453264,0.6814439105536609,0.9095724461369901,0.8968376357481422,0.5685012138662566,0.5553901424155318,0.1295417956353122,0.07473561145973782,0.04804559279525036,0.023707641223876114,0.10841498500714494,0.06326945378683742,0.01437341726688827,0.027712908599560906,0.06921865765427353,-0.04844097687448553,-1.050561956246159,-0.255403661962732,0.1477359430121607,1.391127387794805,0.21384112687637885,1.7290771052041758,-0.6837253323212406,1.7445575421014405,2.1359318321798106,1.1045097117865839,1.8717751331828882,1.6808411400776746,0.4804962886935747,0.4209935649925763,0.23776502445474038,-0.1444165401093991,-0.44790700323217325,-0.5626117711260457,-0.2526736720100425,1.480862550058612,0.04352676423154635,1.9151786405060922,0.43733830450000044,0.3607468672257575,-0.24485981096104298,-2.5118858635589736,-2.034063739237924,-1.6470283614512025,0.17070477430537648,1.3643216145866184,-0.8773988745222004,-0.8381509613139436,0.2622478061185608,0.2975474382863862,-1.2608316293112671,1.0937226701557872,-1.1532700418005628,0.2428774091778037,-2.0304310748772894,-1.1834631422150321,-1.4121422883126753,1.01350810661477,-2.733889630263262,-1.3655817854840655,-1.1914859864156215
3287,1.9047594467440738,1.9031094651714011,1.9372751129076102,1.9558870521856404,1.5199773502727485,0.9257066300024794,1.200355685972866,1.2790067535828256,0.6427789785808696,1.3896604538416488,-2.0925587794453904,0.3873078248540211,0.043223384113536455,0.5335641987094343,-1.5802258508355576,-0.004815480605498215,1.3304524907194804,-1.0166431824384459,1.7930012422545984,-1.5802258508355564,-1.215716918472945,-0.9555785950952597,1.760966968907833,-1.4118301153307327,2.3880154067457626,-1.2157169184729433,0.2029446990662638,-0.12783878788967712,-0.48737117947610925,0.5277411287329868,-0.40548171058138066,-0.3913689272122859,-0.7651770339464526,-0.7067112631553963,-0.2675856249310827,0.5153509022039345,0.833284359731351,0.8000878874734372,0.5197858955195022,0.5087163281647316,-0.6935004776558702,-0.5653794665612378,-0.6687223603872977,-0.5802368914407667,-0.5993192599709534,-0.6310421990776606,-0.6525805231495663,-0.608280909040507,-0.6328023561090914,-0.21819359347947104,-0.45228645347457896,-0.5573934730797976,0.2778478408041949,0.2608383046448852,0.34118024920926665,1.6288950540654985,-0.6203355056781249,1.8454804527096944,2.0868720875972993,1.016749192892576,1.8659149115121954,1.668191445331284,0.40462245511837663,0.41246014833988115,0.2881089662588862,-0.22654550855916666,-0.22136051318642577,-0.8510851157647944,-0.3817396649209333,1.5461435074519174,0.09798048159739016,1.8260603426648134,0.18558485999069496,0.9070914784729615,-0.37348448585878813,-2.7379355345042837,-2.280934008272878,-1.5512087565238326,-0.058380763619525974,1.0724035724376686,-0.6761149290705484,-0.6301037579741376,0.40882096619090685,-0.15055399282685453,-1.1615018055144526,0.8725680408860781,-1.1689392806094037,0.24656325058523507,-2.0220484025904906,-1.1528027448664573,-1.407651124296702,1.0055683852860133,-2.7632750123517162,-1.3376262721568597,-1.3168992806879458
3288,2.1604899893740046,2.0994297679641596,2.0230473934742665,2.130719406611798,1.05210503329391,1.5246000434191636,1.264898734678925,1.3366747233613512,0.4757458621080364,1.4477246167988547,-2.1671693115341935,0.9379878245324603,0.818281308825904,0.9627270950673835,-0.5269310840877601,2.1509293950762394,1.5074496971016083,1.011485169931348,1.7184582344107993,-0.5269310840877579,-0.8925880424828511,1.0978069938812867,1.780788285770829,0.2389782303812143,2.2862451140948292,-0.892588042482853,0.8405451398862858,2.025602398290901,2.2040547146157814,-0.3352694646556869,1.32182420420487,0.9270211053239038,0.298248884499074,0.22178306774523576,0.45563767678039707,1.0684544292887599,1.2904106745330721,1.2814791738152258,0.9820204899155077,0.8416723532559893,1.5998422170120155,1.6077668460145014,1.4638891125449818,1.6145000673866612,1.528958340373192,1.4062512061805907,1.3016964170015124,1.417579921177714,1.4552381263875847,1.6126065508762462,0.521436190041671,-0.10168468846975444,0.550703760760016,0.5452977802200104,0.7623156682215747,1.7813312740300284,1.1125156110693284,1.9682991957398794,2.0361772391338113,1.0370994046999515,1.8942927035226873,1.686474457263428,1.2347326157732155,0.917259165863263,0.344085641831846,-0.3084059662575436,-0.7308136795413772,-0.8952452249908123,-0.23039047085059,0.22164909532709798,0.24393820698542523,1.7165217293117832,0.7023224806757413,0.5614868283459854,-0.6443888634528313,-0.5955887026845494,-0.8254014067930047,-1.6670581132357805,-0.15509260317069745,0.8298866578062648,-0.5110580494329112,-0.4670490365897231,0.4321006059245694,-0.538901549258206,-1.3182851156077189,0.7326569406360317,-1.183011937342084,0.2621377202563072,-2.0090972170880272,-1.121773162945346,-1.4055435218146997,0.9972092922483994,-2.79527844315603,-1.3169930138304164,-1.4057947947944627
3289,2.169750781895746,2.1962437544860482,2.1943289667627224,2.13614343809168,1.29806764294426,1.1087343740813782,1.1289164621863426,1.4646977158918988,0.6559341267578923,1.451512632161932,-2.234470279077429,0.9999828975904718,0.899057935611354,1.012439425769998,-0.03551770929039464,1.0015770690020904,1.6088621960663663,0.6062578700775134,1.7044207833710143,-0.03551770929039411,-0.669460684917034,0.7594880591004326,1.7867212178762801,0.13438186413898492,2.2068852579383735,-0.66946068491703,1.6817035577336594,0.9949527855949195,0.09461842079580725,-0.3847053297149556,0.17598519432326598,0.8765205226630189,0.38335316799860186,0.2531714986808858,0.4261755094992796,0.9979350657064325,1.272468397667161,1.2571146424722417,1.0044365468336787,0.8518556485162475,0.34223512403447637,0.44740671190542536,0.5212000282466365,0.66254286111629,0.5197623177957154,0.5058546136480148,0.3803295427475331,0.5184014684505488,0.5152493561597667,0.0601416827227259,0.26117404020758167,-0.24670504964195789,0.5289360899598746,0.6908116196603308,1.2019356155868008,1.7697007944650125,0.030305310203025973,1.9920008302581753,2.0423479839102052,1.0974036448103102,1.962856940811637,1.7350907124323325,0.9001969315928003,0.792346769811425,0.4368622175502425,-0.1248102041611063,-0.2422365837013593,-0.8099616484023998,0.15245465314151796,0.3306799126682857,0.7280176708382767,1.8317544245663073,0.2287092582873825,0.8392316924200736,-1.1080847719901914,-0.31931134353798846,-0.8930332352561248,-1.7654103033683075,-0.2502744988695033,0.09565947850276456,-0.682328105582585,-0.6453750054408418,0.2871036996434812,-0.6852835240328669,-1.460152301822746,0.6318210963913966,-1.2210839457315972,0.2808097086610825,-1.993491700565701,-1.0513796891906095,-1.3794021144256166,0.9894193588427158,-2.8212035392849293,-1.292289442394822,-1.4414106341746755
3290,2.107626084291392,2.069494273735325,2.1085415426014174,2.133753410093358,1.6218890740782332,1.2868486632282488,1.3498738176809648,1.455812526005662,0.8007231490664352,1.442875701136456,-2.134742299932602,1.0418568482859578,0.9550403330599804,1.0452477291318956,0.11052718564430214,0.29766363316154415,1.646377484220984,0.25752905669073534,1.7080269564091746,0.11052718564430104,-0.5415917062024799,0.43534900025639434,1.7731703629395479,-0.018686650563487554,2.140851726251378,-0.5415917062024783,-0.8412901306260129,-1.261008630946302,-0.545048712064144,0.2708604800716798,-0.44323024014249346,0.5954351718941371,0.4076501206720269,0.2551609677931448,0.36992614294781406,0.8696044794874946,1.2332281379104928,1.2061572233427886,1.0029985092692575,0.8462698591023226,-1.0108824014339437,-0.6952899027168153,-0.6666610918481065,-0.5541847523635722,-0.6175793199503239,-0.6299532678264708,-0.705064648318165,-0.5965395705048112,-0.6374251802448074,-0.01653515494222313,0.6610081994887452,-0.19363800224149003,0.4668943227708121,0.5656885681421333,1.145828911312787,1.8251228332678069,0.03172507906384091,2.0057293609059403,2.0515037068492474,1.091412987433203,1.9654181254195948,1.7219921828355127,0.8921195080678123,0.8539033208911261,0.5344321949526915,-0.2086927555161378,-0.4839439845293015,-0.8821584108498868,0.1594280902667669,0.5274288369107286,1.2541783441626768,1.8365957756307405,0.46618499328549756,0.7414303408625939,-1.196275965283421,-0.6071884510187907,-1.1578730327338551,-1.7389925900406615,-0.29901713335720337,0.31887793341242254,-0.8371581207348193,-0.7874429088318613,0.4133646732369525,-0.5989491531123748,-1.4350046248135633,0.5130463054120421,-1.2448764457344348,0.3004990111460747,-1.9786871939760295,-0.9545224495467421,-1.3556648041503745,0.9808794021688363,-2.839086910932317,-1.2655662505571772,-1.4394753809989915
3291,2.117708467125184,2.1082998218859204,2.1494388947889123,2.1356144598622957,1.3189259469295473,1.6012966496730385,1.3559133281114106,1.521903053518426,0.9918498112263271,1.3935738594113296,-1.9670114520980793,1.0979617218237046,1.0300718803774143,1.0890951463794607,0.11700682028547763,0.013177327042255792,1.6522452148427258,0.08311579209784536,1.7122031441589056,0.11700682028547972,-0.46507440188569565,0.26074994064083584,1.7501069690106985,-0.0964731006204372,2.083222002229187,-0.46507440188569416,0.4124752190688408,0.39710843906271526,0.08734256226590867,0.197579033853187,-0.4792074248295357,0.347109880966897,0.47942484050557377,0.3073957659088381,0.3389536630604905,0.7732759213040473,1.2081229490148584,1.1700354054846098,1.0114894485802917,0.849884586914973,-0.8531119161217519,-0.6681929889649576,-0.6285927788822256,-0.5370860445603578,-0.5772038725591412,-0.5867439273612899,-0.6694776776735354,-0.5699922216114346,-0.6069023926841067,0.03008396640560744,0.6984992071359333,-0.2830859175391843,0.235398380897336,0.538585593585644,1.1552896905994288,1.7246098704771742,0.2786547507605872,2.0330297396010195,2.0524279451159346,1.1078493394636921,1.948127530757777,1.7091113241334241,1.0251300745259764,0.9322601324970253,0.5375177375691267,-0.2943898155383052,-0.02332183932852181,-0.8652699595780503,0.0770216000596487,0.3963829166987539,1.2233776476715579,1.8825033732549998,-0.0320718343510693,1.0822960320336936,-1.0570755411826995,-0.5062123480469638,-1.0006393283514001,-1.8073097532513684,-0.41382603939583656,0.10445238833957002,-1.0394699665276523,-0.9820385721388663,0.45934929071750114,-0.5613888890421453,-1.3638846183492868,0.44292603206289805,-1.2822043456581973,0.3100304912605635,-1.9618138178493867,-0.8750099440240232,-1.338484542230885,0.9717507449319406,-2.8503851375849423,-1.2353440929493076,-1.4558027063714292
3292,2.092742566624246,2.0256351583043952,2.038362796147262,2.038100523908582,1.124721076118518,1.33433267042625,1.4123453787506959,1.445183394218845,0.3826583351140089,1.6003924860843106,-1.7652385366524186,0.5288770280520287,0.2391533874123797,0.690726090817267,-0.4585605277014568,-1.1703050536134707,1.4626102892202555,-1.028257946766768,1.6482544901048226,-0.4585605277014563,-0.7010279997386438,-0.8045544114806932,1.6151767896446607,-0.9967455166195294,2.0077810890926355,-0.7010279997386373,-1.0805091545579124,-0.8282475214772637,-0.20662266302229032,-0.5773899791203155,-0.05188352043232332,-0.6330858346846177,-0.0888465601161263,-0.15519593164685158,-0.12264110158843053,0.3310464090074844,0.9244103771022839,0.8486705992928911,0.7595075063624379,0.6553039988084934,0.24161398404829043,0.432554170199671,0.5064912540836237,0.5005529287272339,0.5001429935851839,0.4722476249466282,0.3085657946974634,0.46607871227077713,0.4485843811388475,-0.8731999032953793,0.3805533397431825,-0.055382612322672435,-0.22671504405596557,0.4713334709964189,0.7377387337355126,1.5226604396373211,-1.7971168284824097,2.0614504052681064,2.039523336822944,1.042107636854226,1.9813919706399166,1.6963269176409321,0.3239454768248573,0.6978858996569546,0.7827308356422801,-0.3787429926775601,0.08684260824144883,-0.8994039246264395,-0.23219867972256622,0.34677951584894096,1.2326806451493055,1.797478607544848,-0.16315654217686645,1.2104917199878522,-0.647214165927003,-0.7897009729959058,-0.9667504778311241,-1.7316860780704921,0.10717317761435718,1.8097151232109157,-0.4200103669021474,-0.3729316091451354,0.5171852851027561,-0.2797157746896219,-1.2493041267651457,0.21854118261795166,-1.2675767792004973,0.3542270333175687,-1.9379944565620544,-0.8209561238485745,-1.3232788087677672,0.9645116031129459,-2.849713662334944,-1.2264747499041555,-1.4561281407195972
3293,2.0179569038459553,2.081056424148805,2.0647284942228636,2.142595243857078,0.8902683461561215,1.079575962030204,0.8430317659656937,1.0740930799808404,0.3238727910315778,1.5615869425468074,-1.7854510183808119,0.8928805414058381,0.7456943229229027,0.9698082235788613,-0.1371460284361853,0.6531061277957868,1.513010287659078,0.3231684045351747,1.6233095390172991,-0.13714602843618154,-0.5551669769292675,0.4969818211582734,1.6089656991415138,0.01731169516736083,1.9464289266835304,-0.5551669769292623,0.2771041311213839,0.5755234931679142,-0.6423724907803927,1.3606957311886838,0.4023168497452025,0.25503492090765917,0.468705520866089,0.469853600833206,0.30002234129809,0.6285919491579046,1.1890027008789845,1.1212064542135742,1.03290906574527,0.8622017230125453,0.7169813648966488,0.5172653854365559,0.564987763990888,0.6031763210253683,0.6631739966913061,0.6551439053128,0.45289715952741005,0.6502486082895559,0.6297384965750924,0.9737300615806487,0.080047555772689,0.467276399671829,-0.03136366507125675,0.5397537800640608,0.7765621153231771,1.6243471817243955,1.0395742373375114,2.0807358831118625,2.042900088205877,1.0139908789091674,2.024714269821276,1.6836795384696157,0.6793523623721146,1.100849167987958,1.0792041841865352,-0.4082395693830099,-0.3016487803991265,-0.7670646230924757,-0.763936425958334,0.2576471217424503,0.767915022055487,1.6037593664475789,0.23994551298939976,0.7388832943341985,0.26798638934836266,-1.2683061033178509,-0.7812612788975446,-1.5543106822080381,-0.3239584753047827,0.5229835267615474,-0.3614532045447259,-0.3162281674106418,0.5156342531104477,-0.006445581260792103,-1.1785783808528707,0.0542091736842721,-1.2267605533494808,0.3985929356607467,-1.9150914120118814,-0.7783826574822816,-1.3108363105068754,0.9561876538452252,-2.849496123049135,-1.217585156134861,-1.4403082056841845
3294,2.149428755733907,2.087326274762093,2.123454812986462,2.068341110183784,1.1493669796371264,0.8073702728221994,0.8553522205735581,1.1226912361633938,0.24327008012897605,1.58615533308487,-1.730862600892241,0.5282304291327314,0.27035633524353614,0.7023619662898234,-0.42252993339167855,-0.5793432688193506,1.3954567241822529,-0.6337652496667868,1.5654623425204075,-0.422529933391678,-0.6761676695275955,-0.4127832538341679,1.5136814872159567,-0.7030391362222094,1.8768294638037573,-0.6761676695275941,0.6021586739887234,0.07924392734653198,1.1625590434680126,-0.8477494739482795,-0.4236057427748642,-0.2715298373636481,0.02946165143372623,0.056658368410686215,-0.047642372927959184,0.2890362543953671,0.9704943924278194,0.8723148255342321,0.8403591094619198,0.712144116656022,-1.1846117432703183,-1.130139078898297,-1.0959003579302309,-1.0164574907135075,-1.0271358437695166,-0.9906137069983697,-1.0664976739907572,-0.9505831367649967,-1.0171717698319922,-0.6609183738172165,-0.2635619293384636,-0.00011869540803531837,-0.37558172379791654,0.3182620236374561,0.6795454695413905,1.5750003450498438,-0.682648018743054,2.127533422208374,2.019848188966887,0.9992381216399547,2.00548705759935,1.6712914257950227,0.38979578443735236,0.9362660487573827,1.083082221077125,-0.3792073079780795,-0.65367859797355,-0.15664418043285058,-0.6478172329452926,0.3311601740271938,0.7787657252885084,1.6569474393868444,0.6164289904061508,-0.3152859187830879,0.7664348351087099,-1.240004634305445,-0.4682303820850836,-1.596746374795324,-0.27516064259765427,0.6847103058771384,-0.27629922757818454,-0.23285343416219584,0.5237401221154259,0.30058937638360367,-1.2033125504544377,-0.12460139500322596,-1.2053689609706195,0.43512289037943563,-1.89198451062997,-0.7404845174561387,-1.2982640098846359,0.9479397652711528,-2.8361155502081474,-1.2157327021997586,-1.5024423719900055
3295,2.029836483592369,1.9641072946559075,2.01581051076412,2.0140663224776074,1.0769296703097702,1.1638903913691236,0.9733486309668397,1.364363126749826,0.08595044764681543,1.6068360485871718,-1.7223058192145708,0.29911378320445003,-0.023135331606593586,0.5316558436344463,-0.821213215464944,-0.8102390347469038,1.209646437368896,-1.0323722935044164,1.462106742246904,-0.821213215464945,-0.9031299580900752,-0.7756017829119817,1.371006552518447,-1.0972481035475128,1.7905060737098162,-0.9031299580900737,-1.0512642631694158,-1.2457512367974803,-1.0205130896984793,-0.16128593985655346,-0.7019239595836104,-0.5426797013117309,-0.3162035049335946,-0.24697277460409964,-0.2945527424323462,0.030869630991571296,0.8048990766683423,0.6913593839080049,0.7031161499347472,0.5987636846764037,-0.7076601639536966,-0.7543620319787075,-0.7335779257859579,-0.6911075430300115,-0.6935518731319206,-0.6617957888087995,-0.7758487876280155,-0.6421862920280861,-0.7047014421043996,-0.4915423493040673,-0.4882662573037385,0.12982046975498504,-0.4760586112665513,0.13178667639734898,0.7246289854064558,1.4788271320452113,-0.5150648861514738,2.1617838618068173,1.9962342460353748,0.9082779213436537,2.002154691436949,1.6693013648952306,0.11901475052019612,0.797530478265148,1.108593656243861,-0.4366228135794554,-0.8465380918297127,-0.5941724265236,-0.9168046820436371,0.06966243343036732,0.6712631718814445,1.6205314768855932,0.8102235356404798,0.0899042250447046,0.6793924660451832,-1.1591411793146587,-0.46124945306241527,-1.6036075819793967,-0.2606767623113711,0.8540562138183803,-0.11859662339686018,-0.07574329013894456,0.570317924126105,0.41197913121661467,-1.0375065892394448,-0.2089476884129171,-1.1699981579056034,0.4654813934660386,-1.8694573663540053,-0.7293347004479833,-1.2954459448841167,0.9400310043984775,-2.8233363739013426,-1.2174571400159016,-1.5551215049208815
3296,2.0477359666672537,1.996263818254516,2.074851268756185,2.0088799040786602,0.9675753453659156,1.0460843665533752,0.7795773725149632,1.2078075040118605,0.09429277147362677,1.5699609433767443,-1.5612188361704982,0.3494457940937284,0.05444819909371306,0.5647183638505212,-0.9535817173189466,-0.27233499983910053,1.0699034466621595,-0.7791628393237495,1.3447843640728783,-0.9535817173189458,-1.046813148636697,-0.4964183625364106,1.2439162171678881,-0.9851861569329988,1.694434224826868,-1.0468131486366992,0.5900814646985084,0.3173039331656691,0.1566426703302305,-0.4166186533296957,-1.1340082020949913,-0.38070046719305023,-0.37111068461949515,-0.25034960724682725,-0.310079917953694,-0.054456653224264094,0.7716665778356725,0.6367956420738095,0.689273042953829,0.5827784441290655,-1.262083691122367,-1.1624572333323688,-1.1355712327898255,-1.0775219164655498,-1.133412701491436,-1.096510784609066,-1.1510553492813187,-1.0658301573821725,-1.1348204565555895,-0.05290558676289724,-0.5268498337567215,0.12813970742757919,-0.5754429335155447,-0.09431012722102444,0.6473328429034227,1.528918804347811,0.14936046815242274,2.1956074888662953,1.9707695597901482,0.848711773925293,2.0146284268555545,1.657365720091742,0.026984965402966115,0.8465524579597454,1.2624463989841752,-0.5086676749786696,-0.8081029035060151,-0.5465563910864488,-0.9756375359248849,-0.1875434418169446,0.7155208184628261,1.5297119637029175,0.7575060892508036,0.05891966631288394,0.8174592495610198,-0.844526190711066,-0.1455288071940148,-1.5547233214867795,-0.4722942406386888,0.39064354484288466,-0.13190326414131628,-0.08514977746816332,0.6254085915305633,0.6887125681995148,-0.8905526267456343,-0.41342959041749305,-1.0866646046946329,0.4870050988806271,-1.844097857318026,-0.7198745169543596,-1.2946251485066,0.9319771305065356,-2.7998303682584686,-1.218516212798477,-1.6067823780734083
3297,1.9439701719081266,1.888539729668384,1.9042248911385038,1.8454556769719208,1.0272266849886924,0.9145270137452122,0.7279888650235592,1.1208263738174435,0.0862873206609456,1.611812372398243,-1.514772115700243,-0.5854789450567556,-1.085817245755802,-0.1460323009941434,-1.790999334104217,-1.7186241830279863,0.6769879349772574,-2.21342964269602,1.1302235598588395,-1.7909993341042145,-1.5745823199157278,-1.8197976307891888,0.9611724386848229,-2.2329929188135282,1.5571729340417575,-1.5745823199157223,-1.699044410008928,-1.118549563527756,-0.9104836718646456,-1.091265059225629,-0.1661534013387055,-1.4986709763761585,-1.3057144856070657,-1.112207492178844,-0.9822566782650258,-0.6600201522807634,0.3092085388107894,0.14289580041044617,0.2590403379744446,0.23869811028051446,0.03992648767252042,-0.4375349346368317,-0.3972954007813781,-0.366383657184844,-0.42051520634907724,-0.4584372035130007,-0.5023116466989342,-0.4406056086300601,-0.5079041034847148,-1.5280022051792914,-0.8399373965413245,-0.3578544243706005,-0.5882002890024645,-0.6777965685586436,0.5532238372057608,1.4651648204915582,-1.5078046581680873,2.2275275951115394,1.9302056638619942,0.6728303328864864,2.01254462956679,1.6457232042627308,-0.8705678604172059,0.3777768346006822,1.3455053714740874,-0.5942838009432255,-0.7783448817051156,-0.5409792858937974,-0.9707093845533452,-0.4802697106030556,0.6322898775459611,1.5566163440708978,0.7121987258806403,0.07542168217552679,0.8176206310523644,-0.40578993932918567,0.18258511986141424,-1.6278056117597743,-0.5351524313725413,0.45852020090621237,-0.12941408426395798,-0.07651315705308909,0.7157856628194218,0.803191523117532,-0.7609257525312045,-0.5842012248162018,-0.9923251815800562,0.5044382832958657,-1.8207138738280713,-0.7063087221723535,-1.2946812687311142,0.924230012239676,-2.772550227457507,-1.2478851835886027,-1.7523780385152101
3298,1.7890160152115278,1.7798514637166498,1.850207618211009,1.7899507200720965,1.1565165008677063,1.0177841337079436,0.845300135854861,0.8112517070759377,0.5987481901190722,1.5839685828575871,-1.6348760419164055,-0.8080283373682645,-1.3280064959698292,-0.3294418921309638,-2.2285630029972214,-0.9321175549206412,0.3202209992865592,-2.0003706150895817,0.8638583968180809,-2.2285630029972188,-2.006454804394953,-1.5247845672732576,0.6719411853395683,-2.2766088866630945,1.386078379818446,-2.006454804394953,-0.5850200578846841,-1.1710311460836433,-1.3959778458762937,-0.015583718564321709,-1.0641166229197956,-1.4040583020433348,-1.4616258199760181,-1.354436217384051,-1.163064161540295,-0.8607195160774556,0.13670769090897142,-0.02889960182328703,0.11512820153961507,0.11138764522055127,0.05173841544572835,-0.5661218749333146,-0.670213964975735,-0.6477895554782305,-0.6523991637193087,-0.7505865133835986,-0.7473568533824343,-0.7230732864214124,-0.7950556890948289,-0.5614006629671995,-1.5398954289248525,-1.1265711383994692,-0.6226927448855737,-0.9122108492706887,0.48615628551717005,1.4194534266802412,-0.32719901956091374,2.2341912467149827,1.9003992103938463,0.482726096823502,1.9964439518060788,1.6335730949408298,-1.1015326071393297,0.24683865600497085,1.3500206468596223,-0.46980600542979245,-0.4926725719154059,-0.8439288370561001,-0.9608839797392354,-0.9748874593578354,0.5218691390145725,1.5044092355442222,0.4346774889005792,0.6879614575746927,0.4755697100172852,0.3415386835572062,0.5370508875907092,-1.6533084952099708,-0.8910246798008434,-0.8534449282296315,-0.6457665321024564,-0.5891756857188979,0.6136752309616686,0.8207367126887446,-0.5858227241351032,-0.8277844353820604,-0.9200418962306185,0.5185437831449005,-1.7981788013717932,-0.6709929753491307,-1.293700606758009,0.9164514160775444,-2.742059642613531,-1.2570775551149895,-1.8923410628890132
3299,1.832284150901363,1.798678882325489,1.7832811130927293,1.8595728919237464,1.44056216739568,1.1640519733599224,1.2398374637002956,1.503792259398125,0.5259005489688645,1.6282982416923497,-1.4514420268537649,-0.4340303186534338,-0.7563049581412796,-0.08365460551486302,-1.78621737680088,0.888268806322594,0.2145489847982122,-0.5928823254916697,0.6500998678395102,-1.7862173768008793,-2.0077183495714443,-0.05836322496670213,0.5123383469827686,-1.2554807600535207,1.2159790747765917,-2.007718349571444,-0.7218704175521402,0.14501050727850537,0.3449082015921884,0.2711828527220258,0.3054820299923091,-0.4487295737958864,-0.9046831444431743,-0.9464604941068407,-0.7997724767246002,-0.6207603411090078,0.30116202729302427,0.14994570143060104,0.2964551205643981,0.2430988030975142,0.4634095037399138,-0.016971029799809204,-0.30315290834819614,-0.3014130130071041,-0.2508603882982319,-0.4246650329075536,-0.40655863877144577,-0.39590811905795864,-0.4770329641404502,0.6090577908194432,-0.9573268323693177,-0.9320771634681445,-0.6199912372687918,-0.8718450240874837,0.420847259603764,1.5062113698232178,0.3306578878423482,2.229660772060564,1.8811031176011301,0.2700442418645883,1.980874241223185,1.6217013281059798,-0.6509422994855943,0.5181104621209722,1.3585262697838982,-0.5359451217969611,0.5190469646209297,-0.3005257951120596,-0.9430525879051915,-1.0131827109189453,0.4397203012253648,1.4552041468288492,-0.644870325648162,0.7934715064046375,1.043046477297734,0.4206494448425197,0.9328590559846182,-1.6088075742952894,-0.42805063254374,0.7733005431821298,-0.5752598986499776,-0.5133060047108389,0.7173472021084029,0.8010008940938665,-0.39478061680699433,-0.9284016528802206,-0.8533166296839213,0.536810869510276,-1.7739956297468424,-0.6414519183827522,-1.3014460698824322,0.9088826546214813,-2.7105790604767503,-1.2552760860522612,-1.9989010467098332
3300,1.771126321159963,1.854528436202768,1.8399259397406609,1.8607825943578915,1.532869503405234,1.396090325165038,1.5011860722797252,1.4007780824801346,1.333629007946317,1.4934351789819316,-1.6252409970509607,-0.3668561906088743,-0.6564576932521615,-0.03998755859720534,-1.3853665643175717,0.8198740769796834,0.14692333988661305,-0.3800551630542166,0.4843636915107403,-1.385366564317571,-1.9291763311573489,0.22716886002840972,0.38334704928499425,-1.0160451844113727,1.0530854421629738,-1.9291763311573498,0.5245527134582771,0.5251265262389363,-0.5906004548019171,0.9648016508015628,0.2892423473284678,-0.18177909217618402,-0.7605555690027466,-0.8416538579559982,-0.7425508622608067,-0.6256592107042527,0.27524972772484296,0.12056298622891903,0.2978333859863913,0.2305081104102694,-0.19394130995817468,-0.4939083256488052,-0.5535834363231839,-0.6468835041173062,-0.673959777166651,-0.7892332925250913,-0.7497390802987457,-0.7559909502094213,-0.8335198179665219,-0.03707270244970764,-0.748201657154454,-0.9382654140104093,-0.3756508582128638,-0.8376843138313954,0.6740702665378759,1.5756011116780348,0.6492342839707975,2.217200488055965,1.8660772610786773,0.11721330992387427,1.9851037380393706,1.6101030780147967,-0.6857023335856397,0.5679166771665806,1.4617727804651435,-0.5679271831719606,-0.1544453994381981,-0.4592415636786407,-0.9414353956881593,-1.033777468946468,0.36141756567854433,1.5213651712501852,0.06092020578058817,0.4632761341184852,0.8679126842506982,0.4555824680120185,0.8544266416272138,-1.6756018202680212,-1.1972724036489877,-1.3081936714342555,-1.4036886515032094,-1.322504075884802,0.761200050167668,0.7958220992319343,-0.2050444066419875,-1.1702012591322943,-0.7691300640924108,0.5440574930766635,-1.751097208929455,-0.569739152907785,-1.3058274989784218,0.900601120807616,-2.6832378749808696,-1.2237999410700517,-2.1060456418673508
3301,1.8240978353547723,1.7993271758192273,1.8814410756961244,1.8512096723501652,1.5602692302855456,1.6047068283514732,1.3448087078941215,1.7810159221242197,1.214542352334416,1.4853771557581115,-1.4785009633858375,-0.3464388154298838,-0.6252812512870867,-0.0281447531770016,-1.1047031268415348,0.577972972822401,0.08454305564401716,-0.3506376897731489,0.3523371484349763,-1.1047031268415342,-1.8323142094120668,0.30297777839744683,0.26787266867784765,-0.9103977916658487,0.8986787193782696,-1.83231420941207,0.3639562815732464,-0.6341180618024147,0.4158748162072303,0.2804270332374679,-1.264564570897475,0.004742743209784616,-0.6725692912831607,-0.7893026642104372,-0.7251736197335874,-0.6679602687417359,0.22202224219264752,0.057755103184136306,0.26773892034636826,0.19108326862413794,-0.6916825389918617,-0.7848077522001718,-0.7452182681278905,-0.9015307077302879,-0.9457037784319169,-1.0372095052512091,-0.9655841968419288,-0.9944028778204282,-1.0597035582260783,-0.14156433783190686,-0.7912741860765604,-0.9987058295585493,-0.40416054922629424,-0.9457105225705762,0.5636525991604066,1.5873381351254496,-0.05573426126308179,2.1970825759748474,1.8530997455391542,-0.02523975573319483,1.9696617041265232,1.5986381449393372,-0.6732670530921847,0.5811247941063721,1.46570332061031,-0.6533307273708387,-0.49815928885747685,-0.4765960988831915,-0.9430551129395459,-1.0466875416767876,0.6445289798898326,1.591418210092313,0.409118851435515,0.213477216441938,0.8513025519891089,0.4749417029887091,0.858492327232354,-1.7445303789981537,-0.5098865024599213,0.891475621956759,-1.2865379105387487,-1.202828769857924,0.8465408173449193,0.803761174601753,-0.044949249815384805,-1.838559931149879,-0.7557183605717754,0.5529002033811505,-1.7336142967562902,-0.5066995159532683,-1.311741427523086,0.8923211671839123,-2.64771642508971,-1.1988257887212712,-2.224105204764987
3302,1.8297487742276553,1.7902792667000789,1.7846157922981483,1.771951264174117,1.8716711254862657,1.6019126386489302,1.5309813262754732,1.8894289438730623,1.7200805976452125,1.454525979930436,-1.2622962375590565,-0.7641415818919591,-1.1443827882163284,-0.34905599341586246,-1.2663548321592022,-0.3378678397099419,-0.09885556285617209,-1.0260173355375795,0.20073540767517714,-1.2663548321592033,-1.9127660225362209,-0.3218628133925012,0.08984350091147196,-1.3984815876310623,0.7375431055218656,-1.912766022536219,-1.0297113765436186,-0.14945172363096001,-0.0005101710355111075,-0.6524964193529682,0.1374035069649083,-0.5767717375824936,-1.014258677178065,-1.0879901895048678,-1.0317152748960527,-0.9599916894304611,-0.012437924815299671,-0.20503391855880676,0.056992066475715565,0.0006226679297272623,0.5918137546535791,0.31635946053599434,0.17130264705859474,-0.12152767845147303,-0.16531928774086851,-0.3406438064320768,-0.24216846829611427,-0.3142681937722437,-0.3590585344790712,-0.7919615556011521,-0.44095911685661315,-0.9724953547638059,-0.579843552169949,-0.7607664271368658,0.3444346309277481,1.4811035314855747,-0.4992633222690847,2.1733401241936203,1.8381442914984223,-0.21895390160853262,1.9781447603203302,1.5870642485901354,-1.1710360918005995,0.36758753389173243,1.5792832334621185,-0.7373482203314623,-0.5101112890976873,-0.41045186544830453,-0.9531812409774206,-0.9859709284318575,0.538073188830516,1.6120045467253405,0.40711698749596426,0.11935165926297997,0.9373292845462842,0.3727649023442817,0.833436696293667,-1.7521817871850587,-1.051202868087603,-0.3125418535057624,-1.8074459541871994,-1.7068483835271862,0.9693361057490959,0.7458331033722322,-0.04373030707650931,-1.2425402662689768,-0.7493248166241668,0.56496185502564,-1.7133299644934308,-0.4033999636923919,-1.3220421497832129,0.8839669921396884,-2.6033083505020365,-1.1865194248708084,-2.40158436600623
3303,1.743024096595758,1.8155534693948938,1.8117546151149022,1.8554059520869268,1.6319268680403587,1.8530203468417619,1.5359203365601026,1.953720157582865,1.3088908931816368,1.564123359312344,-0.8349864926888045,-0.30244785613246433,-0.4505715359407726,-0.04643144060065898,-0.739547263541924,1.0879888568240825,-0.06298160659829692,0.20102285334425374,0.11207377720755612,-0.7395472635419235,-1.6550720188817922,0.8817356186944427,0.037978309541614165,-0.40710713853274194,0.5978918157683293,-1.6550720188817931,0.21304188480439284,0.207074229785841,-0.8227469674542658,1.237089149075175,0.11932325116970295,0.05178025443293138,-0.34368121253373984,-0.5067744173102656,-0.6457965270673629,-0.6618660810415019,0.18435385835859694,-0.003460567188718985,0.27074778973042374,0.162066255198073,0.5016928333404602,0.587372090595075,0.21835864923572132,-0.050811188462204816,-0.11150046305906532,-0.28960866721541567,-0.16702443843887685,-0.2582942291301698,-0.2973760089416718,0.7367083027905382,0.1761974868636533,-1.0535443384094891,-0.8365243462482466,-0.4485139717066811,0.5495271344643071,1.4028889276299108,0.1339993295982744,2.150981164103795,1.8269677750068782,-0.3720247214357365,1.947413342230538,1.575747227381031,-0.5583208375240026,0.6810015481631678,1.5026777598826573,-0.768283102311609,-0.7753148933955554,-0.4318575785159175,-0.9560772955598702,-1.056279395537194,0.28476902104475615,1.5236884388972314,0.6827125308224172,-0.06463957876048833,0.9195143154602728,0.476531845524736,0.8987862835834052,-1.6733450713790918,-0.41715972086359365,1.4820013712876878,-1.3881350178185827,-1.2968173263834366,0.9632647590732774,0.7996515850945102,0.09357822402988585,-0.7805999440954604,-0.7161681318876254,0.5923660355518315,-1.6667176609450025,-0.3001107954255956,-1.3222617801485785,0.8763042380909133,-2.5561031271114056,-1.1741505579811624,-2.532609273396474
3304,1.8280500858330404,1.7913962924069418,1.5317729013826027,1.5299012963342529,3.570602847230648,1.5297275206730854,3.2362219457244943,1.879797453003773,2.3771608545184923,1.4263740610092157,-0.6837044136797884,-1.7749691727063976,-2.0507085031796968,-1.3240436065477323,-2.0879327498597493,-2.787112553193926,-0.621367588848565,-3.0634057404520862,-0.14099564854261779,-2.0879327498597475,-2.2832096334123495,-2.286142743099892,-0.34842093088149584,-2.9751976930621584,0.4037523761665159,-2.2832096334123477,-2.846639282492068,-0.3013545216630518,0.7100569808021755,-3.1909021137297993,4.228489429919224,-2.244251136493897,-1.9961554994113304,-2.0868171346329327,-1.956838312513399,-1.7842402428094963,-0.6903739047243262,-0.9572366000838598,-0.5800465934848992,-0.5639313494994379,1.431646961971773,1.4441867353308429,1.2725246773514036,0.8047562891061841,0.7022521670724944,0.472321540895236,0.6365101290923424,0.5055940234485929,0.48539347069017674,-3.0090499285390515,-1.5648914244471275,-1.8936197840567668,-1.7541108548394784,-1.4110466757852818,0.031181225575771018,1.059723582991426,-1.9412913870226196,2.100709742749629,1.8274444185029712,-0.4082422528561109,1.8693251785697975,1.5646830208055331,-1.9218125482851776,-0.3223057324588686,1.1990950855573894,-0.7708529350284129,-0.6401339876913142,-0.3390940757107895,-0.7884768173531498,-0.9466286000621399,0.5008275644215141,1.4405397350755,0.5402389155306182,-0.07582156866997442,0.7762589029282191,0.5088810910554318,0.8368500831312228,-1.5721125573898989,-1.5066745763411362,-0.8223071299296607,-2.4757513757900806,-2.3493912320908246,1.2488785465352878,0.4562576709507871,-0.6148078015397486,0.3320215026930992,-0.5496048587776656,0.6141472350058345,-1.626804238269251,-0.06157797514470115,-1.3044143283865157,0.8684488823570358,-2.5082622342729217,-1.020671940317761,-2.657359756257997
3305,1.5862363866741542,1.5904254543374738,1.6516995227448643,1.6302951865769306,2.546550389786596,3.5304332244697916,3.1350238598812648,2.860888442345882,1.9727511943958453,1.5459210310530653,-0.6549652914229797,-1.2750016096692327,-1.3980863266369334,-0.9698360488932982,-1.8530382464411643,0.45686194322189777,-0.7863050314509454,-0.9063254962620748,-0.367386422690445,-1.853038246441163,-2.293802205255951,-0.12280662325367403,-0.5435770806678655,-1.4963049676707494,0.20673329463175236,-2.293802205255952,1.1609973188360836,-2.1270903203421785,-2.1593179057025496,0.4536751868490604,-0.8792932121152865,-0.9654360225421116,-1.1726981683869102,-1.3140338145422488,-1.461212048324594,-1.4011720286260665,-0.44765983640353774,-0.7002592142554198,-0.3263429659201741,-0.37088851248924687,-0.6260578273725427,-0.33112806735521333,-0.2609093644457103,-0.5609068939755444,-0.6569829817463247,-0.783411337574413,-0.6641891596807888,-0.7095889316743069,-0.7689686613221659,0.8783724504868645,-1.1382104660058487,-1.4172889567509328,-1.4888018048445786,-0.9659804054121239,0.2420439167478954,1.1442441593828994,0.22119230457578926,2.081181762557298,1.812310359493692,-0.44211412851002135,1.8343059025594515,1.5536401950979524,-1.1979840854304145,0.03561341270444933,1.097555162750114,0.06018404776899277,0.5453393329710312,0.8559939872765002,0.42335873408454533,-0.47707291866199053,-0.06570749799430832,1.1347043749119916,-0.5670530056547637,-0.6612360291635129,0.31386860386834825,1.2012241644403965,1.0770023615685018,-1.195103283228249,0.31678371664983196,1.7662270797400863,-2.007583531495288,-1.953972867079272,0.31640947415421916,0.07319727895058414,-0.8980730963447393,0.9934103873142269,-0.0335375243071687,0.6436310537269592,-1.5788932130533462,0.12754959595094703,-1.2400349663899661,0.8610096335745724,-2.4578173661079386,-0.9232176465018535,-2.6410365154189046
3306,1.5943192869117904,1.663128478001425,1.660970993054906,1.6737371381385358,2.8211412844090455,2.5277725105147857,2.5275791150605516,2.8743126525452922,1.7836681893411106,1.6306150938905593,-0.5382414416619099,-1.043047247045134,-1.1031877589123857,-0.8011659501544836,-1.274626248908139,1.1861185341074025,-0.8008885966561337,-0.0833856379009077,-0.5236211502838166,-1.2746262489081384,-2.072796913426036,0.7276246128457835,-0.6459593023487104,-0.7857512497271031,0.027073160600397644,-2.0727969134260356,0.028290793193313804,0.688528295001564,0.0066356439908014965,0.8470610584884457,0.10656317161765799,-0.2708403843629661,-0.7153986162574083,-0.9037902741843543,-1.2223654623109683,-1.2162657368938905,-0.3564730902774358,-0.6048667613963333,-0.22355041881536067,-0.2995385043729551,0.0705589182788083,0.3885051124388847,0.49915580265922627,0.14036087532244537,0.04463203049359683,-0.1657887581198868,-0.035682292537168404,-0.08556733890702445,-0.1627044316235075,0.34201783065241287,-0.9117721501433848,-1.2755863684527096,-1.3926077238709569,-0.862216198003044,0.3443174582244206,1.1689527077673985,-0.08316188028598848,2.058113604865811,1.7988239850882022,-0.5379678683205014,1.8196817999369097,1.542813034222373,-0.8896001401462571,0.21318020817392758,1.0907940578532187,0.055138056750397464,0.08190649792643012,0.3457961985070077,0.16730856188697216,-0.8621938788718428,0.12958398543982352,1.1505649836980527,-0.077008639535353,-0.3771537064563947,0.13216941507396554,1.4776873218990916,1.1762607792036186,-1.2703082367668779,0.18536161677781307,1.5279555700710044,-1.8144298564759327,-1.7615291908626505,0.3678116789777004,-0.16549994698107007,-1.006482739765208,1.1710315440845627,0.4423165287992274,0.6772387244660041,-1.5195451701007667,0.29128348216545824,-1.1731139703324505,0.8539083628139792,-2.4055294538512326,-0.8312028519128856,-2.6006351386992237
3307,1.7895501614562412,1.755779764876674,1.749094839757867,1.6942016860045273,1.7969303745944372,2.819797775275228,2.470997570219413,2.055317626330279,1.7903663554635427,1.5907477179426768,-0.43757240341759907,-0.9080951196777619,-0.9312633800801369,-0.7033446151322306,-0.7403215527687932,1.1028595504841094,-0.7622040801505818,0.20987424236218905,-0.6143815879408414,-0.7403215527687934,-1.7790580925070472,1.0187076794959438,-0.6990650613153864,-0.4091200437111318,-0.12821513813634391,-1.7790580925070445,0.820845858776578,0.8957936140957725,1.6766425686213673,-1.0384718668287385,0.17999159292208233,0.04343649507452794,-0.5071880904404732,-0.6533904507696898,-1.0940898524097196,-1.1095237145777992,-0.32736968178620485,-0.581098152411276,-0.18060018809160377,-0.27912481441844295,-0.9186232846173382,-0.5744288484591142,-0.5032640552124967,-0.684048276729396,-0.7343600086658527,-0.9073936044713043,-0.7878394573932255,-0.8258916922031616,-0.9033829746445879,0.12399651986952316,-0.4824546790351506,-0.6934271386706758,-1.103447155362402,-0.7725181671584906,0.36218143297879407,1.2498721863101105,0.3177306785192132,2.048641167089825,1.7821831751121924,-0.6962738881674883,1.805400578611661,1.5322176165079073,-0.7094412594162006,0.31596571509001303,1.0841926187098054,-0.027408652968917147,-0.265240151170249,0.0787894520309655,0.0177971870493823,-0.9875468468494681,0.2582941456201711,1.1738189193207185,0.2762494346718527,-0.31260646708298395,0.059456928797549054,1.4890174108669763,1.1436368617714547,-1.3116613410099878,-0.024710500551616235,0.7389742353324795,-1.8259031429231165,-1.7786462882308511,0.2950158900425473,-0.5862493673508175,-1.188064526713197,1.2580764731407124,0.6276184914745804,0.7357480506639364,-1.4503649812218566,0.5070037725180598,-1.1351934554174667,0.8468307129497425,-2.3581132426292433,-0.7662906349450592,-2.587477166675802
3308,1.6742661823293548,1.6889797940951952,1.7501233340735523,1.75493712595589,1.6512212312595105,1.7443882331285223,1.4334589036383163,1.66368478045139,1.630386235275988,1.6606945641048618,-0.5075235613653167,-0.6172551816504679,-0.5621856634677261,-0.48829702290071836,-0.08457530103908624,1.3522918524245653,-0.6179321151346658,0.7902209438140646,-0.6246556566103014,-0.08457530103908735,-1.347113659563686,1.5423524373079636,-0.6697666219817464,0.22228881449571972,-0.246314790952949,-1.3471136595636841,-0.04965329136297661,-0.7475164025116164,-1.0557343012533835,0.847609467868685,-0.8754389553633484,0.7670819511673366,-0.12002049012814581,-0.20242344253757283,-0.765389366572922,-0.861704105381432,-0.19158743161407138,-0.44326923559451586,-0.03456053977628788,-0.16669664437410142,-0.8472131061584888,-0.6253555247625887,-0.5888840260550847,-0.637659459982645,-0.7691449948280525,-0.9562184312888743,-0.826188559776347,-0.8731055785568674,-0.9538228999643861,0.5010334683542959,-0.5864092991376876,-0.31340871728278186,-1.2322858566800532,-1.0497142703986764,0.3637916226800532,1.2238232046829107,0.12347985312987278,2.042533731450654,1.768024128941178,-0.842687313210285,1.7914647612222676,1.5218589656078658,-0.30608578985301504,0.5505180128485337,1.077749034676234,-0.12307406350419402,-0.7033605310090212,-0.59467031858645,-0.36529455489856566,-1.040311161952226,0.2870968725922437,1.2460448170377318,0.7238672464816625,0.19910473288371786,-0.11488413669870526,1.1301927530674631,0.7753268191594129,-1.389180992090064,0.005411679924597285,1.0138493763258543,-1.668482291228113,-1.6196984955942897,0.3644329785998201,-0.9088182969170251,-1.27792742990175,1.2539907136034685,0.7586785407987183,0.7737669998621864,-1.3839948084289044,0.715661921858998,-1.1072878606629508,0.8401291810905748,-2.315899862750478,-0.7044311251990173,-2.5920317471500676
3309,1.759993568978776,1.6916854953111957,1.7023217268221444,1.6718460656283727,1.4139024233898454,1.5349842085434333,1.6092930331759874,1.752468307646076,1.3868700316747826,1.7531784493327889,-0.41918281980547595,-0.9360015178334373,-0.9439090033402844,-0.7598783268485787,-0.19172367062158743,-0.2209799302382472,-0.6653751775615007,-0.2614902776638767,-0.648018706273961,-0.19172367062158777,-1.2175527109259527,0.45641302842324666,-0.7279436362119851,-0.4488599244421881,-0.3534111979277378,-1.217552710925951,-0.5322303532953292,-0.041085875074957014,0.6960686382150135,-0.9588497749971966,-0.10974679073913031,-0.2192299211430984,-0.5091128884595654,-0.584295531913158,-1.0339911787163092,-1.1025883135780425,-0.4256553976916104,-0.7042060158959961,-0.2586747612825734,-0.37727714226066944,1.0688137879413029,0.7385818556988908,0.7644025701834827,0.6506009938799878,0.4071810920281335,0.07963426005654418,0.24604726837945495,0.16855009901273546,0.0655377302549707,-0.8139474245343945,0.49703561873298835,-0.821415338408727,-1.2780709703913031,-1.2728726973667446,0.15059746727085538,1.1763754725120024,-1.134012562958888,2.0330000405537967,1.7516580465005656,-0.956408916202786,1.777785886061252,1.5116979793036904,-0.6858915674979025,0.32401162781813864,1.0715924835190695,-0.183753339579981,-0.7038251782091658,-0.8748447513528043,-0.24586134687943537,-0.8580080330301679,0.29113401203307593,1.2349629644186564,0.7140689855045492,0.557890179879973,-0.5906607521578353,0.9938139659684325,0.3961315330546197,-1.3480392750764785,0.015314450002398058,1.0991203880321923,-1.4238567905567585,-1.3777519667567697,0.3866016452479627,-1.3356887557110033,-1.4850596936261498,1.2285685906186976,0.7688610412658022,0.8110536877655615,-1.3180488423159853,0.9781792898772158,-1.07286298535472,0.8333221695545997,-2.267285874605187,-0.6637487185584589,-2.586896902812652
3310,1.7249730115588613,1.7013696632496835,1.6674570420793993,1.6486077346256305,0.06714729726587552,1.369658558176123,1.0678972713816504,-0.0068409240362192845,1.6710045911691473,1.636447260293102,-0.6116579981671376,-0.9696742883647675,-0.9858096283172065,-0.7879065644705271,-0.2872521124259699,-0.1985110169008715,-0.7201349055876655,-0.3119093525035927,-0.6825217084596513,-0.28725211242597104,-1.1192650535637587,0.3605043456049867,-0.7870080263523678,-0.4675312634850682,-0.451903987164498,-1.1192650535637598,-0.3900902590748684,0.08608811011071686,-0.33677844509770527,-0.8366594901859595,0.6118980336864241,-0.44067787344944953,-0.5098009880305439,-0.6402250643008996,-1.0324765062320036,-1.1249597004165934,-0.489243838701702,-0.7978444589063373,-0.31866072487719765,-0.4411686049175902,2.4285415000326136,2.3927586700990555,2.5210193379489985,2.4563206534092017,2.3317167628394446,1.702814350899333,2.036773281698517,1.814167616175006,1.7250578968131076,-0.24870284829138373,-0.03982806704997319,-0.8989519800063127,-1.2034566494560426,-1.3274618622949277,-0.08731794060019699,0.5504475779305648,0.3908998104703803,2.0063978849435276,1.7343728253592405,-1.0772077909219526,1.762923467152666,1.5006006344234788,-0.728368519227468,0.2994703085092789,1.0654693475964852,-0.22735002829791856,-0.29948178170515516,-0.6433363419376547,-0.1687803951802663,-0.597306914749058,0.04962714290823204,1.1919547957234384,0.27762717093308104,0.5843264391894792,-0.4517892353526484,0.6934828735238324,0.2537043166574477,-1.2635579038144116,-0.41549401173747497,-0.5479541034894612,-1.7152013390187066,-1.6762840032542523,0.22480660508295455,-1.3628104954038969,-1.4921824471238376,0.7991025840731498,0.7399118068975751,0.8483633546054239,-1.264841798255128,1.1628655397405256,-1.023089524084912,0.8277497644595334,-2.2291678902289838,-0.6779930689602914,-2.5593106819722835
3311,1.6498194337532683,1.7047429817107833,1.7032998964463633,1.7535145863549608,0.00769178516731019,0.06364934441578604,-0.17693351028609228,0.0016615552040740588,1.338370382520739,1.6882070091300923,-0.6784526717794351,-0.4746386211148065,-0.3434384125675731,-0.4235139432025288,0.29736763063120597,1.2255636999758353,-0.5507595728640945,0.9664284735317281,-0.6462772265724841,0.2973676306312056,-0.7138484495552523,1.5324818444913133,-0.7110126090581957,0.5961760555297125,-0.514328658075916,-0.7138484495552528,0.3569828691491804,0.02791009777496036,-0.6837235611299372,1.1192060791174125,0.10898186914511791,0.4158045137582173,0.23330914099440248,0.027767264500324206,-0.49053439965408313,-0.7020923417745999,-0.23109569164018703,-0.530005237593673,-0.049642903380867236,-0.21412494654248973,0.6250745807360143,0.7409393849349523,0.9661996433466596,1.0283217627293542,0.9414417671602233,0.5965436919857755,0.8032518097262168,0.675887099694498,0.5792966777806754,1.0246278646774767,0.2619693643473177,-0.5144080488231055,-0.9123961552303217,-1.0922702381648501,0.5683849412470686,0.5558943465971117,0.6507412145550482,1.988253303721941,1.7178988509733426,-1.1801580213724354,1.7480471804158968,1.4894493353283573,-0.06346709588307863,0.6888906565021645,1.059406420570839,-0.31789772749034223,-0.7394396551859815,-0.5177582529012269,-0.24159322358065857,-0.4898775301716632,-0.2365352515360937,0.670321486495842,0.7253506771332925,0.07381230644245067,-0.205241528648759,0.4514691906117298,0.21757642869633975,-0.7350284077900435,-0.03878817732728828,0.7050338252032841,-1.3809392670091625,-1.3430376453134165,0.3007310836391734,-1.1411288060517577,-1.3739266047941894,0.5804852905754128,0.7832746712782589,0.9307771422155567,-1.2039234024732393,1.1235815937943472,-1.195054248717161,0.8225175416403155,-2.190283320927572,-0.6756859364280439,-2.5615709518441236
3312,1.789921013182606,1.8017325106602329,1.6740954321940407,1.609953472693939,-0.19229296579171334,-0.010230509307710748,-0.16138562054069333,0.0496357968615422,1.1909642450683517,1.6734588815190907,-0.4053654114838695,-1.0585736079174257,-1.0539711795882205,-0.9122336570004222,-0.18811410558287217,-1.0027175818096032,-0.6835746641138133,-0.7598404678229653,-0.6680243219844034,-0.18811410558287292,-0.773860071098742,-0.20652870696157796,-0.7910249436546937,-0.6456567142010693,-0.5813445863313941,-0.7738600710987423,-0.30688089459901624,1.0741557423487402,1.253849302929814,-1.9170908895568566,2.0875425511766585,-0.7693908196482658,-0.562463929937119,-0.6736246278940009,-1.0281130668012188,-1.162083260439157,-0.6018750881952368,-0.9531435407219188,-0.4211539160494728,-0.5437743858130714,0.6068868451255123,1.0363861548752789,1.236402492447314,1.5021573005917586,1.411237288157082,1.1085733418713493,1.2566574647056161,1.114473971587478,1.0330369705686089,-1.3974002114915296,-0.46567497663134555,-0.7241980609590962,-0.858744637100713,-1.2104693310925418,-0.3431727420680532,0.3444570996121662,-1.1247340027400488,1.9649227046109197,1.6938786685764702,-1.1930524222533325,1.7605396871876755,1.5463815872580833,-0.9168733010143475,0.05572637571589265,0.8514211295630254,-0.2926078262315683,-0.6055545237677847,-0.8260433519080242,-0.5858546830650464,-0.7144480289039431,0.49908502934648646,0.5720296848231011,0.5841705858911219,0.5584324027777332,-0.016177562807444774,0.39420362343765997,0.2853180512619747,-0.6738554212417198,-0.14153329370783033,0.2666606796150085,-1.2281062487328185,-1.1970815654106641,0.24503168768814698,-1.083465775435506,-1.3372435738888953,0.44576458976440364,0.7357472182039683,0.9426727379294279,-1.1458677368251018,1.0930019344638673,-1.2384449449071044,0.8175009218497047,-2.1450140043534613,-0.6692570435352572,-2.5295951066602678
3313,1.6213575329066006,1.5767332525168147,1.6267709752868125,1.5890572004749357,-0.3180371002912613,-0.11252064224068371,-0.31134471639051886,-0.23932672803107394,0.8630645531751174,1.716903486697428,-0.47647799197012175,-1.0825307390754824,-1.083661261470641,-0.9314761301568065,-0.43748954154984054,-0.4983287066846504,-0.7888428390549432,-0.5987168024045957,-0.7187757559490145,-0.4374895415498408,-0.8082122070046839,-0.10332871072040366,-0.8645769742975138,-0.5959327830445433,-0.6505524144048943,-0.8082122070046857,-0.49764582351753384,-2.4387718730082537,-1.4832344961935169,-0.37416416511992634,-0.6928319985176186,-0.6493675171259695,-0.5155747220258501,-0.6627142275037438,-1.0015316480067975,-1.1924126847922996,-0.6504601685886507,-1.0276853692314807,-0.4753606852697156,-0.5975514386820997,-0.6258686505099456,-0.0012015472565215155,0.09022127084142925,0.5022570260341094,0.3428349110385717,0.20151735774702476,0.2703981794978365,0.19989139154384086,0.10745821733016461,-0.220253798804571,-0.8408653609483497,-1.0802766834351027,-0.7603223478426381,-1.5027518659159371,-0.5324419717466531,0.3226391183873077,-0.37977629740706187,1.9448140496001294,1.6647846554491292,-1.2298408361145547,1.7778055021605599,1.554237120651247,-1.1280954874133804,-0.02631843457973322,0.904459831551633,-0.21404047749963412,-0.8052132221418493,-0.7329610507778874,-0.6787565353381414,-0.6048340641313183,-0.4745735352314601,0.37843030966362806,0.7996447013841174,0.29864066394955446,0.2363335362454856,0.13414837280381017,0.23734233731547874,-0.46643365973589945,0.08993434958563157,0.6277329149880707,-0.8890290887443627,-0.8692853596588456,0.14995743684585205,-0.9338932833092469,-1.277537678917334,0.4069700598579004,0.6599738547009257,0.9373277886672091,-1.0950054936407483,1.0785418065325822,-1.1817890719039377,0.8131881330700259,-2.100650267799611,-0.6533153652264637,-2.508833361390639
3314,1.5742366357912103,1.5561482807103746,1.59830271674968,1.5636990791184366,-0.028405515420941597,-0.42665537669657494,-0.22827444095886573,-0.4136373199783018,0.9761982234855573,1.681380251785987,-0.09684284207461814,-1.1302604844627435,-1.1435718318215062,-0.9707270220844203,-0.5741864842728714,-0.2707221123056654,-0.883759972579664,-0.5382310068338926,-0.7853497472438757,-0.5741864842728712,-0.8350246406016353,-0.07718439949923164,-0.9376319426816673,-0.5918419088821026,-0.7213800230595002,-0.8350246406016351,-0.3125281559744706,-0.24843114870539124,-0.4384949110945237,-0.14622788069756687,-0.5776632812717599,-0.6942288686763722,-0.7013880349228643,-0.7067106936543349,-1.0034874218103056,-1.2272980417689945,-0.7188886104631247,-1.1083470268851447,-0.544508290956173,-0.6631456014627379,-1.4402866503204308,-0.8386718708432577,-0.8290469659016102,-0.5201752427971991,-0.6305965163583651,-0.6917652647244572,-0.6663957592032042,-0.6745000594024092,-0.77739224164988,-0.2731724514637066,-0.5635066261681342,-0.009018099498025216,-1.0220972559065482,-1.4004388757800073,-0.24101581295637958,0.3709248804454656,-0.02472214484759323,1.9215974340104895,1.6451058167408996,-1.2742566635489447,1.7676625295554425,1.5673247981835567,-1.2157107917048198,-0.14244864765860663,0.8052592382958013,-0.31159525110311825,-0.4913909842916833,-0.28847688926269444,-0.7800686462964125,-0.22352201128985433,-0.7756111621591775,0.3249773605284437,0.44769758852939046,0.007327117622286631,0.8231410866002372,-0.5292858499592977,0.0816319815302517,-0.35464150773628017,-0.36598087724392775,-0.23063081393180637,-1.0080502596468224,-0.9799918644931891,0.28720737228533094,-0.9663511810043147,-1.270442020607947,0.38145055179205656,0.658267254018411,0.9314037276015518,-1.010947831594489,1.0675424033427956,-1.1343362984348635,0.8090201834910908,-2.0482402083574964,-0.6277459113251591,-2.5273660636637914
3315,1.4740736410853712,1.4532958502865863,1.4561627198699911,1.4726199870595933,0.03476441982860004,-0.22896836958267403,0.09704346124738418,0.04865286483449548,0.934012021753271,1.6663945595767962,-0.011384610071913217,-1.4765261045131501,-1.5607249551612226,-1.2639860091616058,-0.9966084983733993,-0.8639576858143329,-1.088886168721745,-1.1787300558328,-0.9008445317650314,-0.9966084983734,-1.0293511655454044,-0.7095187474546321,-1.0794027289819481,-1.1508564690319962,-0.8083452770405228,-1.0293511655454044,-1.524553490143081,-1.1789448656994361,-0.92570156161567,-0.06139478236227824,0.03881639797010042,-1.2655729899944481,-1.207897955627599,-1.071363820275059,-1.298291945608161,-1.4992398980269228,-0.9649445135962395,-1.3695793399956218,-0.7828531408062328,-0.8797422283195231,-1.1758778886229677,-0.9387738523072376,-0.8974564614363276,-0.6197165358365254,-0.7204626095126156,-0.768240762889709,-0.7554788242800954,-0.7594239540971355,-0.869082370956754,-0.944395225185596,-0.9058687904815,-0.6937781643482044,-1.278355397807079,-1.4957769110343109,-0.18311028198002507,0.432263599656252,-0.6961106750433499,1.9002901099325897,1.606185013085461,-1.3153759780553063,1.7318385297189713,1.6031320898029837,-1.5288048798943816,-0.546508770118111,0.47891639867004737,-0.4086955589054332,-0.7626763650478564,-0.7347328721598291,-0.48401675838452995,-0.2882918912662819,-0.4712570603617222,0.356578817390924,0.6978710293905759,0.35780848987228486,-0.025271313068317397,-0.10406020640589395,-0.09249646414388281,-0.3960196703966165,-0.31396248953851114,0.15894588708825258,-0.9692508263034385,-0.9370620924665842,0.3875677226188501,-0.9349151887845494,-1.2616188483563542,0.36259234452657074,0.7005315460909444,0.9407935050553957,-0.9196916084476925,1.0411236093801552,-1.0823258969788985,0.8046239074401763,-1.9943659061617942,-0.6045333943759378,-2.5586708437460763
3316,1.4501737065291147,1.4274445090314418,1.475894533347103,1.429991268284681,0.2805468470132059,0.022556485676508628,0.060408427163228036,0.055821404993713145,1.2605707746342023,1.5309817674239494,0.1305896391701236,-1.5987644343330472,-1.7038974977341501,-1.3710903786049689,-1.2212465090365336,-0.46872862236418444,-1.2735761955892493,-1.0766919741279588,-1.0420511197947737,-1.2212465090365345,-1.1894433658499242,-0.5992515990837095,-1.2226851460921233,-1.1723473510281186,-0.9086485064657777,-1.189443365849925,0.1627484086518206,-0.34899148712968786,-0.2596354690154275,-0.2760578934812276,-0.6963124418295253,-1.0856757838792455,-1.338220603748154,-1.2853887772660786,-1.3634802756988336,-1.5907460312376016,-1.0826146195216348,-1.491510954708149,-0.8915865511013499,-0.9885382363712402,-1.2565627460253617,-1.1843940677709452,-1.1133958400940251,-0.9343624899859605,-1.0105907903413305,-1.0301313161402987,-1.0414740956939392,-1.026918029973284,-1.1407419784948574,-0.47832827065069955,-1.626717257214572,-0.9972447282178575,-1.3709029125537238,-1.5872617312327437,-0.20901434633035457,0.4629203459864212,0.30710536290987506,1.8712248735634167,1.5775135171124715,-1.3520683743364244,1.7171905399934162,1.6304867443411233,-1.6889911302016727,-0.7691340567395423,0.2919379936331249,-0.43008205057071197,-0.3939870690245884,-0.7335306877717107,-0.0960798432657609,-0.16065485191446421,-0.387619399836427,0.4139804305156159,0.3178534827366911,0.5801101925799338,-0.561821340202168,0.13207778262105252,-0.22791307277699646,-0.43291220633618116,-0.6681772053532328,-0.593393707055147,-1.2991949192596006,-1.26237259321914,0.44812734680628813,-0.824199236798216,-1.275245356943317,0.3590969727288277,0.7328581797015032,0.9552355434730985,-0.8229591888949843,1.0080625714420204,-1.042057726733699,0.8000509794645811,-1.9401136240721506,-0.5815411235830804,-2.5906570269328553
3317,1.4460314706375752,1.4359100303963908,1.4666369588161485,1.4070849373402747,0.19754679340289527,0.19138095663705232,0.12570014907823107,0.17272399593210797,1.2105012791904177,1.5536415769867526,-0.008395476142105666,-1.6356424154803255,-1.7478528866609508,-1.4042065997471223,-1.2180297287728812,-0.00033340024585501763,-1.4057852298391715,-0.7839373956874242,-1.182204676915978,-1.2180297287728814,-1.263995630308616,-0.2865977803395823,-1.3441413667852755,-1.0046566077475096,-1.0149770790910568,-1.2639956303086166,-0.14587652411733198,0.04458361459619642,-0.08438668488687508,-0.4786644508088808,-0.41709637146915385,-0.9220786178897296,-1.3055131643510614,-1.3139580700920905,-1.3695740166017345,-1.6103466221050888,-1.147396549433871,-1.534734939874926,-0.9488705001735035,-1.0490651328254565,-1.076170088881436,-1.3964460571264954,-1.3234852638222145,-1.1383281160488312,-1.2337912387866554,-1.2301950202826903,-1.2258557632980691,-1.2244902815896828,-1.339024538914383,-0.27528254069933883,-1.0774414572719861,-1.1494776842981018,-1.2191751770491484,-1.270102353753547,-0.19671994231048037,0.31354613179915614,-0.2984214968799104,1.8410651147574157,1.552713200379517,-1.401235295272999,1.7028204129450082,1.6178467604857079,-1.737409038439429,-0.801017152271612,0.29315826655994115,-0.5170416312768112,0.8550305026388026,-0.36403490397858934,0.09049160162386745,-0.010645992869720842,-0.4118142838891468,0.4496109413132101,-0.9708691771040092,0.9396735680334399,-0.46887751504862696,0.11327030346981296,-0.1878246605499227,-0.44479222127568174,-0.41104088818440165,0.22443358345188458,-1.2516624980669473,-1.2129779445275248,0.5145830822077502,-0.7784965655671501,-1.2535101005046734,0.39737784711675306,0.7890645464808804,0.9362596129322701,-0.7223160729369839,1.0061820396530268,-0.9962288916342467,0.7959779551246583,-1.8905914397245036,-0.5583790884548484,-2.586094584282905
3318,1.3756668003394157,1.3184674350680732,1.3263796861502428,1.2984569705551017,0.18712945140001314,0.047846628385561425,0.05439462806091948,0.24761680440344408,1.5983985815033135,1.544028449800093,0.11724055689888284,-2.0204485764167344,-2.1786047582333263,-1.7458338233289448,-1.5638473311423242,-0.7291855357931283,-1.6522580378517604,-1.459352960219619,-1.3615279026041016,-1.5638473311423249,-1.5027942900763356,-0.9135420939599846,-1.5355379452498208,-1.5822657456703306,-1.1412976990371044,-1.502794290076336,-1.5269418847326124,-1.3781328848042316,-0.6834645015032451,-0.9166490262264031,-0.06709550254679247,-1.4297552185101812,-1.7318457693616753,-1.7873614825013548,-1.7540027025403755,-1.9017598303987961,-1.4359797343844058,-1.8067433591060038,-1.2224552729539835,-1.2991905534020984,0.05085827542233092,-0.9855546983833322,-0.8520827979220057,-0.7221549453114966,-0.7405856241243169,-0.8319511198850823,-0.7882249535052763,-0.8559081714792739,-0.9835897834135312,-1.1421627500655918,-1.5202512429645048,-1.743955776772562,-1.7465677076768247,-1.3983255425124053,-0.1932885080804086,0.2069496094088315,-0.8795687653309905,1.7953036752558986,1.5337538805739896,-1.3562864853448853,1.6582045244570955,1.7069826584238903,-2.0892410501804224,-1.4133357191443006,-0.313191618321943,-0.6185985670632029,0.10053132234336251,-0.09284247122576854,-0.08192974244252271,-0.3565884178464233,-0.39966971881454805,0.33031277064126746,-0.21876655696564623,0.16821984949901927,0.025418522299112064,0.4373466596349315,0.33913488350027293,-0.3813901191691917,-0.8866673002182993,-0.7388769005667402,-1.6464976812800514,-1.60242142703072,0.6060310164646994,-0.6710408142619991,-1.250372255109913,0.3871368833965547,0.8611568688101855,0.9050909436375515,-0.6192953966014735,0.9985063334317458,-0.9450495163045186,0.7929197350405685,-1.8379390318594155,-0.5461771196683682,-2.6184240554019533
3319,1.3182290005179238,1.280860055369071,1.3561224235328657,1.3062337723232837,0.09775689178487888,0.10915686301775171,-0.03776367956043878,0.23494929214355637,1.4372635414324766,1.5776820867744736,0.2944578906066347,-1.8947844699292213,-1.9970060491737167,-1.6624618294451616,-1.3952811868488568,0.343109409015273,-1.7612448610610245,-0.6892123280273716,-1.5189384260688246,-1.3952811868488577,-1.5251028549559624,-0.11050764814227827,-1.6583912405337646,-1.0532144577406586,-1.2689109757331043,-1.5251028549559635,0.26204674669590083,-0.48849714354933127,-0.5761648120461939,-0.2038269620423413,-1.1448071442455885,-0.8576247917370897,-1.459219371158937,-1.5553180392128358,-1.5939434546955416,-1.7774344014584966,-1.4159639220052098,-1.75512130655223,-1.1967541625581695,-1.2930795335866603,-0.08174536128729992,-1.0470152025353578,-0.9953364469285637,-0.8435170977848302,-0.84915538199891,-0.9561052581291474,-0.9020940004279759,-0.9770812254749316,-1.1046771999026228,0.018666763100322874,-1.3798595275249794,-1.4297881809179787,-0.8245339245663345,-1.5383702792036489,-0.3417157096875959,0.34056024567380655,-0.0710908864024085,1.7519049409533316,1.5278426844041681,-1.3144788210224612,1.6443767193863132,1.816769524328319,-1.977245557622429,-1.7130660624815575,-0.864832138820198,-0.5899593379530709,0.7195637225997051,0.883263729164575,0.6968427186724274,-0.23196660932989668,-0.3954620166414643,0.21988606749009817,-0.8432745774802253,-0.5357722796536387,-0.1322846892446654,1.0769976342274066,0.7233966190861356,-0.25325664757910127,-0.37481322360770364,0.4106468224613493,-1.4799551390964216,-1.441573682051134,0.5621320396448102,-0.7433652805601934,-1.3556447487440422,0.5020099032931947,0.9230602590648691,0.8835476418031675,-0.5251003201645856,0.9730669492686627,-0.8902959893281319,0.7902082548231775,-1.7835351575530711,-0.5538262376621349,-2.6879671548825437
3320,1.2970677601088811,1.2649831727148637,1.2836245382484017,1.2133596112844658,0.22206960223499045,0.07638354227566085,-0.0017588002571181907,-0.09122581597991061,1.3014502007613977,1.5978692967700454,0.2913547870905842,-2.1919789746668856,-2.320087631090709,-1.9348199825254797,-1.5535659176238066,-0.3369681137610711,-1.9554362383380748,-1.2153834216551451,-1.691436616569419,-1.5535659176238075,-1.6696898724711913,-0.585104242889693,-1.8287140806621052,-1.4691625061472806,-1.40790898531475,-1.6696898724711926,-0.8456249889524565,-0.2616919771950908,-0.25795625618613977,-1.01070942186901,-0.2493447413512462,-1.2797781277485394,-1.8080210619363772,-1.859587229838526,-1.8685775532614106,-1.997274083503664,-1.654778994163545,-1.9720709064832411,-1.425062456822444,-1.5084811938598703,-0.4033518576114251,-1.0888345157998578,-1.2440726912039857,-1.0835256184625155,-1.1079581685688875,-1.1864552957875312,-1.1459877727115715,-1.1933055512198028,-1.314842389872288,-1.0100486556275194,-1.405968882245428,-1.690197330257778,-1.3689543976417458,-1.7538070660289797,-0.3545985290434506,0.2930500675072693,-0.8874112556096915,1.6943119496333932,1.5323109388210299,-1.2363080535685538,1.613601277157125,1.8007764906606767,-2.3121230920299207,-1.946973594860739,-0.9364524479136528,-0.6983056385031703,0.5581067055401021,0.549372445643452,-0.4219690028583274,-0.01949735086032659,-0.5623539745748197,0.31372640467942614,-0.6955165878065148,-0.25995132698252066,1.0737740738868595,-0.41740079221610044,0.3125856200749374,-0.313012697679905,-0.4827644222419935,0.4229629744937982,-1.346367046985873,-1.3040054284728373,0.6823366203798125,-0.8623394666752866,-1.5064600836513176,0.6216002082178361,0.9914450723720292,0.856242497933842,-0.44212651914341816,0.9578763784267494,-0.8429040799431496,0.7874824215995402,-1.7298327744881425,-0.5567158589378179,-2.768237058060703
3321,1.2257122318913747,1.191970398564256,1.2659820436129832,1.2471350905603302,0.2442500313223301,0.2729297805957699,0.020160889189391514,-0.04692156661223819,1.6144446775649948,1.5465552643064397,0.27419640190209404,-1.90385165476436,-1.9002234824547355,-1.7449550353833818,-1.1569840280310433,0.825327099851393,-1.980623130323872,-0.23828795762403177,-1.8145357490231393,-1.1569840280310448,-1.5529365071020296,0.41841869465107495,-1.9043868145185863,-0.7222601015003178,-1.5353947401967376,-1.552936507102031,-0.25555326661505445,-0.918207076252566,-0.7259595228460155,0.17627232901428083,-1.1483931595643797,-0.5850101031192131,-1.2616634566437779,-1.4545311661976292,-1.5810541935201754,-1.7747840862720812,-1.564888640308122,-1.8418678747105346,-1.3316751153260529,-1.4421741138769117,0.7833766521094834,-0.11082197173546711,-0.4853971465242801,-0.43898830766617036,-0.38972313572039735,-0.5723542124003286,-0.5125411341214181,-0.6211337140862655,-0.7629540502578858,0.2853934051644209,-1.0378223460731943,-1.9334539856469803,-1.3904558908000244,-1.6520847733825046,-0.40416986981116354,0.22529893706767634,0.5664286796069075,1.6534812329611626,1.5174862411629204,-1.1589003771198498,1.5435173765601784,1.7964091600174537,-1.7661830656934285,-1.8316185934432616,-1.2344357292341703,-0.7002107386376654,0.5853195756797158,0.9079531054402182,0.1383993714887367,0.31055576491887843,-0.5883809082153205,0.28920995380331904,-0.7220326716531436,-0.6490870797177278,0.6452382926996715,-0.3067464147360651,0.14666306539346685,-0.23739331309713166,-0.8955707578302093,-0.5418386996323258,-1.659104561794809,-1.61792206885448,0.6865523363760615,-0.8489646042093439,-1.5263750567221586,0.8714279165860772,1.0568785989200609,0.8252451191838526,-0.3675942526194157,0.9422832700518416,-0.7993334413457013,0.7852268632884931,-1.6767977980741002,-0.5534519755706656,-2.810882900607399
3322,1.2044356754152445,1.2527110921640876,1.2185486558454974,1.232677448626439,0.46346217833567244,0.016872613654036556,0.24446725509978892,0.30644533913373034,2.4591796295680597,1.27328798238674,0.3547139648941904,-1.9036203662978617,-1.904117405669484,-1.7455189314319757,-0.8214099406234759,0.7012157917988934,-1.9822108423628613,-0.09952507848991334,-1.8963947007850854,-0.8214099406234777,-1.3991662068734414,0.5696679026831153,-1.9543060580194564,-0.5243523744958726,-1.647919055237262,-1.3991662068734427,-0.5737153662191639,0.6485946408854325,-0.2581168054331368,0.26751787567597063,0.5985121696140345,-0.3756766423628869,-1.1101194896063977,-1.3375675061842116,-1.5246069486550795,-1.731318336498777,-1.6004925259171197,-1.846597812808448,-1.3615758743406015,-1.4771036421577977,3.1217094803639087,2.877261312814958,2.1769495047950196,1.7646079769916674,2.1270773105612344,1.5981703148133581,1.7196487605448216,1.3979835133739118,1.2204869064833654,-0.20068509928996375,-0.9994291063165563,-1.5083448026020974,-1.484615069679715,-1.5066211431217733,-0.3121725830313585,0.078268131661953,1.19301701103852,1.6171519822235285,1.4969265612324534,-1.1580907372914675,1.5108695182724428,1.7918702910910869,-1.6685284778011191,-1.858055589076214,-1.3640090495776809,-0.7957870384905471,0.010355012436702189,1.359579056042,0.24073855175162984,0.2399845274364088,-0.6456194085573256,0.2280613794102117,-0.15001373614973193,-1.5313223247572276,0.9294896637339916,-0.09488614501706279,0.4700776205324875,-0.18824120971806702,-1.46004310332534,-1.5505779665519086,-2.5098689083177352,-2.463551740774041,0.8138225603748197,-0.4071801840835823,-1.5622539246871343,0.5383263711833225,1.1069046090756807,0.8448969014235215,-0.3009478334415198,0.9014723918384633,-0.7602719776457791,0.7841285704625547,-1.6248247974691419,-0.5336168081381418,-2.795374040264307
3323,1.2356976121307555,1.251825647687492,1.2865065651776886,1.2201345671784882,0.897775814078656,0.5173044309096457,0.6203823025678143,0.5504463281489638,2.0416081135705486,1.3282839337932655,0.6586159466835904,-1.8966362632588196,-1.9004215193819813,-1.7398150609641356,-0.5414780428803115,0.5876633535575954,-1.9658413107653452,0.011461703242412625,-1.944515657115712,-0.541478042880313,-1.2222744871678815,0.6680368147795439,-1.9817001039697684,-0.345877888678406,-1.743424675800132,-1.2222744871678828,0.6864892107089228,-0.06537216705941468,0.24633284644557357,-0.22760073487214008,-0.5066166533178523,-0.33687788690737913,-0.9481156610642625,-1.148057445168675,-1.4383327052674764,-1.6682303516862758,-1.6294454476305238,-1.8416789143898935,-1.3878501555478808,-1.5053333842356216,0.5807388342905044,1.0321583153350915,0.6333944126350649,0.33110094784475635,0.5891480810154283,0.2446558906754599,0.30258817839950203,0.12859396290908023,-0.007969020395096385,-0.17787429116344022,-0.5291182510399424,-1.4866750122693606,-1.6805271181217727,-1.7203717262668492,-0.38502304479327654,-2.0350215823890352e-05,-0.3494744829651311,1.5850862583231893,1.4719858195032096,-1.1647606372539938,1.477564039906056,1.7765888509108663,-1.5575587297334546,-1.8480363160595041,-1.448795371341376,-0.90592411997343,-0.13179673327025757,0.7750723143507046,0.41303078950646727,0.06576132681272365,-0.5460020844580311,0.09473968281254877,-0.021405987322818766,-0.9601713867659728,0.16452794982349586,0.338421689360708,0.35015744106987695,-0.08370199004538048,-0.46947624620022405,1.136862320052909,-2.0931931578871663,-2.040236330930298,0.9961731331285626,-0.027003159673634532,-1.598396383076302,0.561744027495183,1.1112550440892368,0.8322451917128545,-0.2827264804765555,0.9064810624372588,-0.754793882981835,0.7829539278165996,-1.5717968033010437,-0.48137983775066157,-2.7586975781157976
3324,1.2309578921104567,1.1812769252324156,1.2025628861151227,1.1714889700869573,1.0508005230584767,0.6776836620521339,0.9991329919985323,0.9993905852877292,2.047260362309973,1.2822198591417628,0.4684646114109546,-2.0443966302457004,-2.0852828760661075,-1.8653371009521562,-0.5075108556334008,0.07092880251205179,-1.9983644525740227,-0.2865667854409462,-1.9874115181127971,-0.5075108556334026,-1.1296562744617433,0.3469813455455958,-2.026682942206104,-0.5032613062967983,-1.8290863670947515,-1.1296562744617455,-0.9577801970523607,-0.8733190568606617,-0.09419410430868615,-0.7231265933087193,-0.29541722228968975,-0.5513911930755749,-1.0101514981238608,-1.2225674989748736,-1.574129449168041,-1.7320123222184751,-1.744152229179852,-1.9283667276568333,-1.507377736600572,-1.6108885310974161,-0.3991562382683208,0.19734728376710076,0.11204378244429936,-0.21196004235196472,-0.10763106449594097,-0.32954401548812556,-0.29228091851776045,-0.3866144329416786,-0.5254711436317034,-0.5509327752871516,-0.8033961477187219,-1.5730686667927778,-1.59077469902008,-1.086772873726965,-0.5477374888305815,-0.00425718343313792,-0.2020677229918659,1.5462158805064892,1.4562505606161862,-1.1173134187320688,1.4666413505834117,1.7870327989361912,-1.7520035287627806,-2.0122082092253954,-1.5441539529641917,-1.016360497192995,-0.7146805782402744,0.6550382007142231,0.7533009764458429,0.3509567158260765,-0.6216517082714691,0.005364564289557769,0.5617661156184877,-1.195714113757758,-0.4207853995987084,0.2802225189025845,-0.024556137870338522,0.049417364183900865,-0.9093611004694466,0.4314405535604697,-2.101954237932783,-2.0445092239166085,1.1261558188740912,0.36457293843085165,-1.68506020385844,0.5325056130143537,1.1265207671378934,0.7818490931215175,-0.33993563177551894,0.9166146820504875,-0.7738074858111842,0.7798124104955008,-1.5263506793124402,-0.43391598665842535,-2.759914005261743
3325,1.1183478955342308,1.3069234035771968,1.1697670565630078,1.3756349686593152,1.209724955661149,1.2177237666008598,1.0405739123547333,1.1322651398543995,1.5799034032129753,1.454875561112717,0.3972015437826605,-0.8039774572106695,-0.3767116753065267,-1.0257354390396172,0.7212785748285119,2.558413910888215,-1.6474111082138572,2.0573304107923462,-1.8926706506110422,0.7212785748285107,-0.4557044476621666,2.5822443418159953,-1.8402416219702178,1.456138393501291,-1.8561464770365959,-0.4557044476621683,-0.4194049280331509,1.3967332825467684,-1.1001633007182163,2.8414172927169,2.2489778599630355,1.1579263071258346,0.40902630430319514,0.10825606652461069,-0.6127252410165592,-0.951758898031873,-1.2429979704576717,-1.3544754256901177,-1.0057558948292282,-1.182372639399793,-0.48741295034272847,0.2704764838815493,0.32364576754174573,-0.12573742005407307,0.0002789135614413777,-0.20641905944342945,-0.1846602723436189,-0.285263654857266,-0.42972623776734303,2.0224953293274,0.6712497679373705,-0.550295520865164,-0.9687656100102271,-0.8403880147542927,0.19898570409788352,0.31198312377608073,0.9882574602910017,1.543187843654737,1.416825646009097,-1.1958698457342098,1.4450567838476094,1.804023529564275,-0.5635660116241523,-1.4724773680168273,-1.711214160322545,-1.095156185928372,-0.4922747102657553,0.7852226982742796,0.6796493738625323,-0.37506553490126937,-0.8067392778296157,-0.013808836732802738,0.32237762133220815,-1.199312008523399,-0.18982787072091567,1.2354016929066918,0.8484081572619653,-0.04481752150841855,-0.5546122678685221,1.4307079901293214,-1.6352381682097235,-1.5739379161775395,1.2289686355894942,0.592210252309657,-1.5703156919567616,0.6113015777626374,1.0867934254329514,0.6678727971488931,-0.3996015333524757,0.7372509598163589,-0.8966956633646231,0.7758341799096875,-1.4844435618643441,-0.38884073680111847,-2.7506237233926725
3326,1.737210722290787,1.671012005932656,1.5252108172594296,1.7083999330562474,0.3318669159190167,0.8715584977533691,0.7918288651906988,0.35398892356901096,0.3024054269010306,1.8207634860593398,0.9339684206838925,0.37152531967236324,0.8191363805870462,-0.027368137968442282,2.9061131514281495,4.464944175450854,-0.8507981213225815,4.599028496141783,-1.5529590869971883,2.906113151428147,0.8804821875842335,4.877372320486875,-1.352855806452262,3.9268366992805737,-1.7712962155680116,0.8804821875842327,3.6987599566642135,3.979721511266916,5.455444748960833,-0.3601634543558367,2.2927192104457546,3.4415801428355204,2.4092250600075884,2.028988717531309,0.8652970664037388,0.24548049658510862,-0.42888154156020614,-0.4497887172252744,-0.1910716626639759,-0.47882595049167764,1.3131931181143066,2.383375013909133,2.624635862388573,1.9331196871819414,2.2597374968373773,1.899320907705816,1.967219338180956,1.701975131892758,1.508504873924276,3.20749129603053,2.134058645889096,0.779275073432063,-0.35147173172589724,-0.15881925519514228,0.5878611295579595,0.5335931700707274,1.174092191146002,1.51641474866552,1.4580499455793803,-1.0874932861210034,1.5159576073480712,1.7990761831441893,0.8129500432440038,-0.505053474013974,-1.3893432582343477,-0.6112629402407914,-0.1987747208181149,-0.48327755786983173,-0.1935002770410458,-0.7435253537011685,0.03846907135726354,0.2541028203104212,0.10347755760204168,0.4163352561659361,-0.2050918773169972,0.8640080167373947,0.553194949250305,-0.36944684978068937,0.7055560518563982,2.792487976242783,-0.33098623088403406,-0.30027845528789304,0.618739772871024,0.8346624354718124,-0.8943528877795952,0.30888515306052666,1.4927725491117432,0.5736357510124054,-0.3386681792611031,0.804672426983716,-0.9166736502809489,0.7734659123870502,-1.4238653424954775,-0.3828406932922567,-2.7334122442751676
3327,1.6591603730590738,1.6736331949670875,1.594982709355197,1.582681910574909,-0.0626337599531467,0.23975165767285336,0.024753509513796467,-0.05146785330240135,-0.021495812924206503,1.9222844810779145,0.6102591222674718,-0.1327044591578315,0.19380446532312864,-0.43345158805119444,2.837482898055017,-0.04507160487486592,-0.5415129844933267,1.7776212706111498,-1.2210126237122387,2.8374828980550153,1.3978121257058966,1.894935138763969,-1.0804414129838502,2.1837912608020633,-1.644906438085816,1.3978121257058957,0.6635276418519112,-0.007531087155854825,-0.6659345240788477,-0.8693306056877416,1.274638713412944,1.5510293768709162,1.4763115833532123,1.2330968193328473,0.3376060841974627,-0.15480358858310536,-0.7558927991670613,-0.7571276350912501,-0.5070681699307743,-0.7530377778005487,-0.2491679998190574,0.1698619550376302,0.40221975331964654,0.12080283145756883,0.2980983625562337,0.14751117719311344,0.20924720548038103,0.06884232759359116,-0.07067265610919558,-1.205090046200504,1.5963066618683746,0.4252689048135391,-0.2988950793797075,-0.49531427238079456,0.27882548287823194,0.40331049259964374,-1.4912036020743333,1.5010621037992882,1.4684475022164025,-0.9811143471540444,1.5129353068581688,1.784090974569998,0.18240359074921839,-0.8225924818736967,-1.343274207497131,0.6713164413262925,2.564079125608918,0.11341449214016482,-0.8663945627463602,-0.7763287339905386,0.5318596463858414,0.48564653562972077,-2.5387320355504266,1.5307214596874161,1.3531357571652578,0.21571600656552425,0.9233006111021813,-0.6057640946211805,1.0091833702544402,0.8442996557716178,0.0514102830487578,0.020961214115659803,-0.6191887212047387,0.9387148499189202,-0.6824976412570534,0.2509751464718802,0.9735923022861535,0.4135223120899535,-0.2878965663245946,0.9045791405674077,-0.9689611105220952,0.7704651208782684,-1.3768792036470787,-0.37913061661836533,-2.6857746232028403
3328,1.698337557331263,1.7557249573255824,1.7184468298346756,1.7702082918451612,-0.300236155001956,-0.02490094677214449,-0.2276594822209996,-0.2033435073863976,-0.10068802064918561,1.9674820582872146,0.47885895202301426,0.3807405185639563,0.6903485579223676,0.04871891265975157,3.370776877670274,1.260262447642257,-0.024729075016684872,2.92272101997042,-0.8216791756062977,3.3707768776702722,2.151065118797331,2.7700987419586083,-0.6722348243361675,3.2330771383711263,-1.4565841321016608,2.1510651187973306,1.1989300166929153,0.8356036790041447,0.2965032321269621,0.6865055140526565,0.6549251676758728,2.2438122880262137,2.3605087009679266,2.161759906848345,1.1721124497545972,0.5086478001724901,-0.30217385343615233,-0.23407585216324514,-0.046950780170035754,-0.35692217330463005,-0.4667579298461658,-0.17458168305007452,0.02707442007106434,-0.15544884500581452,0.009754605981886346,-0.09139698774883333,-0.035726102283776304,-0.15359284737401777,-0.28989906837232404,1.7363205202060152,2.554901466153261,1.503067103894974,0.2820716554802946,-0.19676572431408035,0.4633564284234595,0.5884941729408095,1.3683441625231092,1.4621794392826875,1.5136493337089378,-0.8458401737518133,1.5501921519491941,1.8182251000005356,0.9741487872184973,-0.38344262519155603,-1.3320108710909746,0.6905277426818143,1.850316163947189,-0.3066297085019296,-0.9766364837227841,-0.9730421249824389,0.20615814725067524,0.41283467379898575,-1.8053256229447106,1.5382912188328404,1.0918291875213768,0.3870091952168332,0.9114413349619601,-0.5648324970411197,0.7326697186060067,0.1295593260101425,0.13133415533485981,0.0981167854160203,-0.6835965484707811,1.1155893188177375,-0.3784035221260089,0.3997378665151943,0.2571563747786931,0.3216837965069143,-0.19612729307861568,1.0039885748363282,-0.9893026697193065,0.7684235056401905,-1.3333115515023022,-0.37679416452896747,-2.6478413692985256
