,open,high,low,Close,vclose,vopen,vhigh,vlow,VIX,SPY,TNX,rsi14,rsi9,rsi24,MACD5355macddiff,MACD5355macddiffslope,MACD5355macd,MACD5355macdslope,MACD5355macdsig,MACD5355macdsigslope,MACD12269macddiff,MACD12269macddiffslope,MACD12269macd,MACD12269macdslope,MACD12269macdsig,MACD12269macdsigslope,lowTail,highTail,openTail,IntradayBar,IntradayRange,CloseOverSMA5,CloseOverSMA10,CloseOverSMA12,CloseOverSMA20,CloseOverSMA30,CloseOverSMA65,CloseOverSMA50,CloseOverSMA100,CloseOverSMA200,VolOverSMA5,VolOverSMA10,VolOverSMA12,VolOverSMA20,VolOverSMA30,VolOverSMA65,VolOverSMA50,VolOverSMA100,VolOverSMA200,Ret1day,Ret4day,Ret8day,Ret12day,Ret24day,Ret72day,Ret240day,RSC,bands_l,bands_u,ADX,cloudA,cloudB,closeVsIchA,closeVsIchB,IchAvIchB,CondVol_1,CondVol_4,CondVol_8,CondVol_12,CondVol_24,CondVol_72,CondVol_240,CV1vCV4,CV4vCV8,CV8vCV12,CV12vCV24,CV8vCV24,CV24vCV240,RSC_VIX,RSC_VIX_IV,RSC_VIX_real,RSC_VIX_IV_real,RSC_IV_gar,close_spy_corr22,close_tnx_corr22,vclose_VIX_corr22,garch_IV_corr22,close_spy_corr65,close_tnx_corr65,vclose_VIX_corr65,garch_IV_corr65,close_spy_corr252,close_tnx_corr252,vclose_VIX_corr252,garch_IV_corr252
3269,1.6098108747984132,1.8440677221296535,1.7586512152723384,1.9281795001725828,-0.7777413777694007,-0.5313475088905073,-0.6125380039967472,-0.7179695718289324,-0.9566035585673064,1.4413690905943426,-0.35198326961026694,3.143440103150751,2.79909215409597,3.5297890281324875,4.29633791027795,1.3720951096805967,3.741317173111956,3.1666262250928705,2.7124602453436464,4.296337910277959,3.361860186663742,2.8461685945754995,3.1436576168674852,3.6027402431899778,1.9777897336768264,3.361860186663757,0.7320411870157171,-0.20485531736855278,0.36588589994848025,1.487245641072414,0.42288729505699674,3.633998510593003,3.958796138919523,3.935047689047629,3.904341933810094,3.959212382754478,3.8615273003308808,4.021591220149683,4.242421218878168,3.2839395375656575,-0.1981420809881747,0.7057927217490332,0.8890438508720642,1.2687836900341514,1.4071380084262006,1.730371344560587,1.5629024837419474,1.6589835915092253,1.5684518983443914,-0.167679685240138,4.493351470243422,3.4601088395625608,3.362547725055744,3.7137960678563755,2.5410369413251064,0.3186045792618184,-0.20029208997138512,-1.4239121296308208,-0.10183227362137204,-0.2723742557238686,0.12988127691137416,-0.9215392081699917,3.502536200605829,3.8305974665905995,1.8928087817880568,7.512521428508187,5.340062742036755,4.005285184901996,2.745679813119336,2.501023187032715,-2.448066292445511,-0.6019944153324612,-3.399796426780365,-0.537757658422731,0.7401929389053146,0.5441700670500941,1.1236514518246012,2.167026616236496,7.48121824155728,-0.7231438952062053,3.3728392892316745,0.945053016005601,-7.506766855738471,0.2394354784027748,0.06502999346237866,-0.061942237448150694,-1.004354256051268,0.546491768210016,-0.34900054706050837,1.355885618021184,1.4366136478551175,-0.5919067913207273,-1.5013533910019912,-2.8142120476880015,-3.5243961539651942
3270,1.9826960428549385,1.8821497948800658,1.958291086175018,1.9119327378222895,-0.9416845019107654,-0.7823334962934332,-0.8610254315130239,-0.8885088823047992,-1.1451879944731376,1.4517300278375151,-0.3784376002684573,2.895221931498204,2.611626543545656,3.198983275635994,3.527012737298288,-0.6665493887746191,3.797825838415338,1.7245838008771424,3.2686160718210493,3.5270127372982922,3.4280892292666207,1.186642471285987,3.433680607467326,2.52374265877921,2.443304586167485,3.428089229266633,0.5218376503956372,0.06996264056540352,0.9038011847617253,-0.09934080902103859,-0.8183887702613537,2.162176679548835,3.1535114006023583,3.1579012121139876,3.284499821577468,3.3801347006262747,3.4489546235887016,3.5474414333859405,3.7054243672938756,3.072223136144237,-1.5074549361058336,-0.5670825699227808,-0.40265252575943444,-0.02694810996655227,0.10493611943503987,0.2827966319074222,0.18070166577766966,0.28315654339986324,0.18295689147247765,-0.03173376309478532,3.6352281804715334,2.874648868713843,3.5148471488234896,3.2652766841612766,2.2271851721555462,2.998442816743221,-0.06008751470333306,-1.5328687876178744,0.3002528047567257,-0.0674324953599461,0.15539771516623824,-0.8944179273391911,3.163135711988009,3.4469564570584494,1.8689213323559073,4.92191608880548,5.295851742296984,3.346406286638253,2.5688352194886837,2.8234864451159574,-2.4644779161041757,-0.38369416928940686,-4.927080464634957,1.7647989380772136,0.3404893194893153,-0.4883941808741898,-0.10457441296530051,2.2846095186226463,4.934313108713351,-0.4597167225715466,2.9323585709725486,1.131817664565068,-4.935585463407516,0.4259745835020671,-0.18011637509732611,0.021706495603761963,-1.1182300206783207,0.5910406401286472,-0.25602694378418206,1.3858832824925964,1.1251923636161838,-0.5561150348812116,-1.4536058116791801,-2.5867366936326364,-3.5955840054178765
3271,1.8421294898820393,1.7815575661034677,1.8859196929097437,1.8845163318662501,-1.031988610165238,-0.9635031678866346,-0.9926870313895937,-0.9839350688649192,-1.2714263175283544,1.707612006855244,-0.47039583843402566,2.6738035761849486,2.4292439616153567,2.9244146019518285,2.634494279729297,-1.5007986200066805,3.6012964652880877,0.7865402803844475,3.504650861179878,2.6344942797293025,3.1564875017727756,0.034643960283083135,3.471287980133982,1.720603154169247,2.8180604176908663,3.1564875017727845,-0.18116024466651023,-0.2573869292703955,-0.3177381738937675,0.31133691474463127,-1.0639753537055354,0.8521624404580411,2.4951376956739795,2.5774574179468632,2.794480480493214,2.9389009491962756,3.127008240378611,3.179555159518326,3.3057253521316317,2.88178891305146,-1.7911584479150686,-0.8547314474377838,-0.6907812619829049,-0.3277839928452713,-0.1979105981171772,-0.05544268339634795,-0.13999470520037519,-0.02998280845273446,-0.13868244515975273,-0.07718915588933714,3.3833040831310286,2.887732230626457,2.976860664465476,3.126898262538955,1.9650223343823743,2.033446596877148,-0.32761938385727774,-1.5623641733750564,0.6363651315893397,0.10211941136391475,0.1821565501723028,-0.8680371000264255,2.871650412147619,3.1373892035294366,1.8457176833434252,3.6186774226362637,4.341473517542293,2.673337901772375,3.042036835407865,2.5787666413878023,-2.2403649118162368,-2.6289787895612524,-4.341789194699532,2.335813420908037,-1.8304720180915652,1.2352380099463895,-0.6522323740367069,3.3212077016305663,3.6243851633848645,-0.608511690852939,2.576774573701564,1.258033197427042,-3.6419366415732006,0.5674055341979307,-0.35622349278941684,0.09697598042218057,-1.1532292583007326,0.6558131374939283,-0.15632514812454876,1.4069079097546537,0.8817006845499933,-0.4867386913188138,-1.4145173552178283,-2.3777138606439783,-3.683599082257379
3272,1.9784706424289316,1.8584193342068778,1.90634976409371,1.989910001601567,-1.0705002143945967,-1.035012341141323,-1.1041404777442523,-1.0360016481151706,-1.2570820962213067,1.5700747010086162,-0.49311737289037405,2.564255460717697,2.3469987335408566,2.788006205216971,1.960663797114094,-1.3091515515579308,3.3826277088781582,0.5060590831439189,3.5336635271254417,1.9606637971140974,2.8407709893060167,-0.38492889295722027,3.411950540527853,1.3671322750785024,3.075968076662219,2.8407709893060247,0.08225385221442068,0.1738630651053879,0.32655824468327044,0.27456734306177955,-0.7807765228098338,0.13483092696805726,2.159855032921593,2.3187823976554616,2.5743827520700897,2.7507910157616697,2.997048824983591,3.0182097963996095,3.1416461864359633,2.8516192994432985,-1.9172235672674698,-1.0508261150120326,-0.8766123922126712,-0.5407548229586596,-0.4038685373073379,-0.2997322157094626,-0.3680919850939664,-0.2552578371143458,-0.3711875615582197,0.2895373847674023,2.5732975094267907,2.763810745847649,2.6138117719881007,2.8355846038954162,2.3716880042466375,2.010198089782229,0.39145166710926116,-1.5710337428749415,0.9544192247713902,0.26717510288675356,0.2103365004817107,-0.8423498968526659,2.856962873199316,3.041077909935008,1.8231639341072927,2.766780679404427,3.877029959676729,2.759098721603002,2.5942768631836683,2.637518569542081,-2.015224384706883,-2.2211467043410495,-4.096603133193911,1.976979440733137,-0.7812029261517655,0.13769855602127973,-0.616015808131342,3.022928696319957,2.757250854692735,-0.8566822712260298,2.2106326151946383,1.242744435702402,-2.7965498658435237,0.6475985082297139,-0.4811954403525245,0.1617304323181642,-1.1575597819972623,0.6838133567853647,-0.05354767081829096,1.4232009369604992,0.6796219372823276,-0.4039886999550556,-1.3793433918010851,-2.1907544118880877,-3.633794071247387
3273,1.9265751626234353,1.9853830809396094,1.9882569055083066,1.9026421475825452,-1.0866044437280558,-1.067114429420725,-1.1176004053846706,-1.047530993293173,-1.4371167894370285,1.6785912735789639,-0.5088704585430202,2.3566122117128114,2.155351515226874,2.5554991387852253,1.2721530679188042,-1.4826113737888171,3.104099325239114,-0.04385348519969356,3.4216757949525376,1.272153067918808,2.434694405865941,-1.024585006342141,3.2568757433274715,0.7948877966439767,3.2071990621358863,2.434694405865949,0.32559049642650906,0.39576694346543306,-0.047295614174846526,0.1299594282435794,-0.521721253842056,0.04720458851465184,1.617761783694792,1.862068447307535,2.2271081785981504,2.4335321820212723,2.7258521457298044,2.7336320743629874,2.851040183058899,2.646466200179817,-0.9871652172151884,-0.9907602674439615,-0.8259651615761442,-0.49020560812230013,-0.34704410056581586,-0.2277847541111345,-0.3205673220292543,-0.19683122232387365,-0.316256104854577,-0.1257457731620283,-0.05217389721627684,2.7298924299949947,2.5575787805145835,2.4306456659776665,2.51125919894051,2.409468475123553,-0.25767267788758175,-1.520872167149798,1.2151522977982787,0.4403936461669149,0.29406465453119157,-0.7356176474282112,2.525846186632239,2.712974020778048,1.7928793653051238,2.148406891322541,2.9955482091402827,2.717340177412513,2.2228964569556457,2.435497670955298,-2.1172642164784485,-2.1268798391679464,-3.1677004578356125,0.6181485596604127,0.03781535637400193,-0.333830192941551,-0.24611979633018657,2.76996445199452,2.167717477158539,-0.5473317197361354,2.0752181371433718,1.4269660331878837,-2.1843746691058565,0.703145941168924,-0.5442750761449178,0.25506071520446877,-1.1487158536283557,0.7106255282291449,0.05685588292321473,1.4350746860007026,0.522102479303606,-0.3275209253598836,-1.3427315823305446,-2.0237086293118742,-3.526237210694631
3274,1.8733238644106427,1.826243059044287,1.9135424514074713,1.9512645536924642,-1.1683592835380099,-1.107306204845433,-1.1276669455612267,-1.1269858720921426,-1.5183976643771055,1.6535526148914683,-0.2998140936371422,2.279551267091013,2.1021734570079373,2.4581892133940437,0.8045863628646293,-1.0372603843130799,2.875410157380977,-0.09182782403186943,3.253770133444857,0.8045863628646328,2.078618341598694,-1.0842245753923565,3.0955200014128628,0.5862035507459766,3.2416925713568565,2.0786183415987014,-0.09502408384815669,-0.30709416387918054,-0.047029091907857076,0.5997200698988665,-1.1379798084325945,0.18704009867954668,1.2661443921370126,1.6384400423891687,2.079125728156164,2.3041367130343144,2.620509977956116,2.622190429026025,2.7414932577109896,2.599000852010823,-1.3491257062582742,-1.308744516589018,-1.1612053689579127,-0.8481190534737826,-0.7462186129992904,-0.6817825071783141,-0.7134474912779506,-0.6173836141858291,-0.7304373954943241,0.2147674171163197,0.10209184768341868,3.011538362384645,2.319644200217779,2.31939898121173,2.6340332785619696,2.432039585601201,0.21571185641217047,-1.4660222083647656,1.4569711780521286,0.5949466917997617,0.38738349085696955,-0.7112772106714249,2.4436060129217383,2.6440566058392565,1.8990810356870746,1.6538424800156508,1.12165840288692,2.765549292364996,2.2399551722731257,1.971554781548652,-1.8539130023469967,-2.4469149435911977,-0.84814463038176,-3.0547308731672005,0.21520658088084899,0.9104018820407571,0.9650396947759504,2.5897172385194485,1.662633575960896,-0.7602104294929513,1.9098647216886144,1.5077272462324294,-1.7010581460629903,0.7431631017402526,-0.5524622878071631,0.29271945132403804,-1.1212271558820759,0.7209950303483056,0.21178000980463613,1.435594662762847,0.38511949159866987,-0.23738376662252383,-1.3014291915093186,-1.8616334392914418,-3.3731040508466967
3275,1.8865909590476686,1.8711637421185756,1.9084858593515261,1.8787709944438844,-1.1797354844807797,-1.2076094777798048,-1.1504693381555695,-1.1379762751193796,-1.3855165375920757,1.5216584604505605,-0.6639168925440094,2.1346456994327005,1.9686633866409726,2.296157540029798,0.34442696845592796,-1.0101156630371235,2.639438994507525,-0.3904303017463999,3.0550122110500277,0.34442696845593107,1.6948399232164917,-1.3374561834436502,2.9093572117190916,0.1915167088185126,3.2027030735626685,1.6948399232164972,0.09722701864818249,0.20492691184259199,0.13308200403755457,0.21814408835731597,-0.8102250382154397,0.07403961547827963,0.7959104412000116,1.2576644794634142,1.7968661854128969,2.084025502421664,2.4279550379155492,2.4211662926562814,2.5371770818245016,2.4453074207785073,-0.1334736952582907,-1.0222161958704163,-0.8980294418183618,-0.5785709566932334,-0.4271072492236776,-0.34485485091299445,-0.42027674940850085,-0.302776229093025,-0.42567070501578913,-0.08733369370070496,0.08042130209741465,2.585099031136444,1.9953644136529647,2.5391685819023326,2.364619926755619,1.7566246365866072,0.007721342233430906,-1.4035037374086246,1.65571549081327,0.7487371981672332,0.4898001597793702,-0.687147600429636,2.192901200944538,2.4599907975322646,2.005488259957974,1.2549171499946323,0.14463809671005123,3.229004403323637,2.0309426288857426,1.895750356954131,-1.5035936420874745,-2.5144725641174803,0.3155051856798444,-4.862702019543664,1.9965098542097626,0.5976237544367186,2.309713005794742,2.5408287018723983,1.2344526355700587,-1.1644607478595101,1.6240109081458185,1.3725172674267634,-1.3086895883335987,0.7817878583348334,-0.6717327306545362,0.3113081863210487,-1.0828574106344635,0.7460513320801337,0.3142727679220306,1.4598800839000827,0.26733413675238193,-0.13541262293931525,-1.2653928207050598,-1.7163301762492613,-3.191903274510238
3276,1.8521137492630333,1.7537467530208,1.8409331596909293,1.8514995505999594,-1.2000479526628187,-1.1930307252278471,-1.2183005518374659,-1.191534517439644,-1.347729332270652,1.5131209858866037,-0.9007742893492474,2.0497437813292443,1.9029246405286049,2.193268143365775,-0.0019681887592425556,-0.7499336293744593,2.432396606013313,-0.46575407735614377,2.851396195403709,-0.00196818875923969,1.3372930931964366,-1.3287031549939392,2.7283401031085983,-0.03392808812452411,3.11662645370604,1.337293093196441,-0.07555006017068282,-0.21592424260854334,0.0020195095055206046,0.2770851764671289,-1.207435421846832,0.045859696217846614,0.4030230419881531,0.9296880482120568,1.6068084176191408,1.9354159646707478,2.3003001503109957,2.2824612207044264,2.408399695979282,2.3532042651590412,0.350147560907038,-0.9239138358075437,-0.7935251894817976,-0.49194356486602,-0.32070772399762437,-0.22468781980231012,-0.31584644425935005,-0.1978926541961982,-0.32492115197428584,0.03198807087428089,0.12709409790742712,2.5702981780711056,2.1170178757094655,2.271935941343083,2.4885626133405725,1.7430570730471908,0.01657942461425081,-1.3269977164011901,1.8216433227377884,0.886360242780363,1.121117373248433,-0.6631393496705942,1.4404623934483707,2.351654400407834,3.030622135322925,0.911074599877602,-0.3497378395934129,2.759947968724132,1.6537488187883445,2.3809028383111444,-1.5623682227170121,-1.9415733918684241,0.8399816460139882,-4.289548741459114,2.1166145383692148,-1.7897060019979472,0.5298886684585721,2.5071253135928995,0.9055531963721458,-1.0153724106749382,1.4424999485380963,1.3337705619727436,-0.9722801802274706,0.8487404187059954,-0.7433306044802325,0.3512149578100934,-1.0331979321037608,0.7519645728226376,0.3625530713709368,1.4533716107130332,0.1617463864200578,-0.018772878861551573,-1.230983420146849,-1.584260272223261,-3.0244455223271163
3277,1.8570665394840555,1.8397497954398705,1.8818417860264598,1.7605263552314379,-1.2287827252325778,-1.224076405666941,-1.2798665191912624,-1.1928947631585682,-1.2084279040322956,1.43898473345614,-1.1876490992379118,1.8899979952666146,1.7254805833272513,2.036660183430184,-0.33810983484989304,-0.716919312867218,2.2233533908713197,-0.6660153331266809,2.6455969626602953,-0.3381098348498929,0.9622509337767504,-1.4126867547491795,2.5398936170638216,-0.3477916424120686,2.998885312778789,0.9622509337767543,0.23489625023557834,0.32074034236601884,0.11950289772982038,-0.200778042382132,-0.9201268085261665,-0.06470668317328475,0.0024981363812655102,0.5462764030909641,1.3702172692798782,1.7405767952122237,2.1324104167267315,2.104847178079813,2.235301745174199,2.211416417612607,-0.47047899706542823,-1.1193031650683944,-0.9957271218361755,-0.7162111556688431,-0.5897141646988666,-0.5201177728647617,-0.5658534245844488,-0.46734442193213854,-0.585728533301729,-0.15071628030259565,-0.05301675185010444,1.8775787251820122,1.9534365608608733,1.9285232196296325,2.153378819898681,1.4541332070228137,-0.10343403866824119,-1.174052032148837,1.924440042558036,1.0280061192760128,1.278297644870439,-0.563521815574925,1.184452178012673,2.1427174763358976,2.9585551339585874,0.6190972818000455,-0.5405602823475054,2.741452038753275,1.8630568423673652,2.1282327350664727,-1.2054385015993445,-1.8317549469836067,0.9742790923253868,-4.072643819642069,1.8072204891089054,-0.6417133979859808,1.2134935228833374,2.2692938433619894,0.5988358440276295,-1.2286069581388648,1.2077419718213909,1.190616794505442,-0.6883451105109344,0.8852860141753308,-0.7463123596189424,0.42760279457348027,-0.9700748993028844,0.7493374127846253,0.3847469871179116,1.4353236336063122,0.0767129640247527,0.12490909556639795,-1.201425602427161,-1.4678143200824652,-2.870913873430473
3278,1.8280852494953561,1.8856870047840821,1.7498020238040768,1.9727199827907491,-1.2451641529212478,-1.236405652383028,-1.2845130505365334,-1.206388342948996,-1.2121762784182228,1.5570078760317607,-0.874180571695566,1.9650374202516419,1.8350842298193182,2.1009277235302197,-0.2602252307670503,0.1680009809921161,2.1317454569744445,-0.06905066465740915,2.4821291521858133,-0.2602252307670475,0.7692715770287261,-0.7267876435355884,2.4200419293257975,-0.001112325401057515,2.878891004517429,0.7692715770287287,-0.2998417223538275,0.20622213278107052,0.018158963088171765,0.9524897938022723,0.452354355157864,0.3799572463379579,0.3395362950882541,0.5501683980330329,1.4495091627853973,1.8210044661612463,2.2330275473264507,2.1862256663336,2.3378889634928686,2.3478472213111394,1.251215946843038,0.02436210194054555,-0.5519671027884955,-0.2819880538855509,-0.06800137109735102,0.06099334894966216,-0.07365036890170022,0.06134735363291097,-0.07674744004845639,0.6461411258987421,0.26039303700205035,0.1526862422352834,2.2190025507609645,2.142557438591043,2.0144324391323933,1.6389834152187785,0.5333626568952116,-1.038750126711692,2.033132759349224,1.1649648168952031,1.395901871079252,-0.44990168117231943,1.4093893367704227,2.2465561946266255,2.8185604771153123,0.3697251591398938,-0.6563582231200278,1.8894092819308486,1.7299280343475498,1.6600241668234241,-1.3980824975380282,-1.5632902293833064,1.0224615431426132,-2.941487176447689,0.2350311774691721,0.26939852065205144,0.447504154681363,1.8276609446000405,0.37124823811445196,-0.9933050448262885,1.106184001741997,1.1941580021644644,-0.4459106222164986,0.9298534650089754,-0.7786014778948617,0.6024726120458505,-0.9054116648852114,0.7392572159196622,0.4754934688527994,1.4102674449517068,0.0034840538638932334,0.32308151606432395,-1.171127557954446,-1.356204104838969,-2.7132688936899907
3279,1.901757931685744,1.93592702826737,1.924849641862651,2.013845139458873,-1.2494755615316344,-1.2737762052170383,-1.2844823009656048,-1.2174211642451382,-1.3060186652832284,1.7448803545058291,-1.4504101336949011,1.9359511344179532,1.8228344672143273,2.060272731549492,-0.20996413173322734,0.10884460800812862,2.0485526434369015,-0.07261210334602185,2.34734991309498,-0.2099641317332271,0.601261736074337,-0.6336072675576376,2.310622266619793,-0.04422676276836202,2.7609213909982997,0.6012617360743419,0.6223542397637625,0.23747330026334712,0.2973442017203628,0.8339386390540463,-0.5238033542251703,0.454117332423221,0.4096549996841664,0.38651865445942396,1.359188223509613,1.7394082081214806,2.18943430702163,2.121264977920728,2.288759965092262,2.328525264157159,0.6791553318766698,0.3475225813124435,-0.52292010589494,-0.29349747046869895,-0.0684331817439118,0.05477053157378705,-0.0732737398472067,0.06096458115760513,-0.0757278771555458,0.21544918926666073,0.26007056360803943,0.2691844708261661,2.477433826274482,1.9711345508237332,1.9410888249682776,1.6762505696498646,0.010211613427685477,-0.9182496731910166,2.1200712740627576,1.2986602755037164,1.4762239322454291,-0.3198344296737324,1.4303107531786072,2.175632286594685,2.6350120117977247,0.24587528840433384,-0.5373866342898611,-0.04588545673267403,2.1564753451126117,2.037990582030947,-1.4040899243711682,-1.6721399661505125,0.8118765781723809,-0.44549192282135996,-4.479159551859964,0.46215639854374524,-4.141515993937596,2.0945280516014715,0.2612835599020893,-0.839788294708545,1.1288733275533513,1.290317586197218,-0.3255316559138305,1.0174219762589969,-0.8736996015762073,0.7840506138053603,-0.8372759968414502,0.7327094528629552,0.49517065532389537,1.3821281789206232,-0.0577988791155542,0.5091343709791546,-1.1427726450723983,-1.2479720568434658,-2.561837210048787
3280,1.9320077932473023,2.007897416637788,1.9402790807672843,1.8516076851889942,-1.0281214896131778,-1.2721215370058228,-1.1135363345612255,-1.2009407463614634,-1.127571122547061,1.5170191218607105,-1.2159341528855265,1.664103488991332,1.4622515855362417,1.8352506236513373,-0.4333073734528971,-0.48462990770021397,1.8987541661134313,-0.582874649125233,2.2061731116545564,-0.43330737345289566,0.32673438702615165,-1.0325141448365731,2.1650393390722633,-0.4970407529181354,2.636020767987142,0.3267343870261506,0.15695006115060242,0.3171623955615196,0.18831961189865806,-0.12293650842434413,-0.05007865984019826,0.08564671305827953,0.1765684737560047,0.19059629379429305,1.0723298233373677,1.484819438983408,1.9861311144624894,1.8948917531954352,2.0765644096088884,2.136520204505763,1.396839442581127,1.1950376753068204,0.6295987442270272,0.09777778394766101,0.4090781526158259,0.5941529714602178,0.40305468322157423,0.5558099251196551,0.40763213740450055,-0.3403233211337326,0.15547061167087606,0.17609509478347157,2.1033385532374775,1.6579490309546576,1.8210390140257495,1.717901333188515,-0.1364598429867295,-0.7409279320075195,2.1437586797216532,1.432316193939268,1.584746806410361,-0.15361598488792014,1.1192794915688047,1.9024427933834995,2.4919553930354637,0.059227059734478324,-0.506673078006299,-0.4635988063996206,2.622165861647634,1.8827467687374024,-1.3596150148117316,-1.7219686415252635,0.694822221486794,0.0948067819792582,-5.034476757210631,2.4150318024981616,-4.0534344500556605,1.9937105317800792,0.03335854446670461,-1.148975054942981,0.9115628073376524,1.1159766548551804,-0.12833301264611102,1.0637749825896177,-0.8870099462666359,0.8823760147460541,-0.777332698753935,0.7203450734242116,0.5255539089441709,1.3418008201631153,-0.11867273492343879,0.6802280092988726,-1.106208415834446,-1.1602298906634063,-2.41295735914962
3281,1.7950306133606697,1.717139239989252,1.8187927091934428,1.7205105703378476,-1.088905198811973,-1.051117286334899,-1.1016267241061495,-1.0450226513871161,-1.2024750946309386,1.4770346124397693,-1.7451071548696846,1.4550951741082465,1.1911574236738767,1.659148822243713,-0.7077822766085333,-0.5996270771145197,1.7264848357215665,-0.8329803282484092,2.0532796493836134,-0.7077822766085323,0.012802133416429972,-1.1672675643683,2.0042428208397896,-0.7962162555065593,2.5029748559068428,0.012802133416432977,-0.27025081214082686,-0.728509549168398,-0.30681238881993156,-0.10722020868234201,-1.385101586909674,-0.17329252199588882,-0.008215535821635974,0.0321176457964385,0.8199580253561997,1.268766781517505,1.8217767300720833,1.710638280255951,1.9065770622821085,1.984153724199254,-0.8866479529813686,-0.40501775485670555,-0.4313362700080232,-0.6585343830730238,-0.5082964810772111,-0.4266907639020751,-0.4629341300933595,-0.3690414253149711,-0.48799444318312724,-0.28175752493308714,0.02692879796191989,0.11543902932149723,2.032443437555464,1.6859124161485433,1.7858235475832835,1.6717599554733427,-0.26180456380935924,-0.5579805399532537,2.134810394406678,1.5077582703428372,1.6109870703222133,-0.12732523235105858,0.9291397139868265,1.7461171612562312,2.4004032727767606,-0.09269578539459361,-0.5720311420976225,-0.6140543137741568,2.2011788210230447,1.4330922622105815,-1.4037166736193043,-1.764856874311572,0.7194990040799578,0.21842975784206994,-4.040259471531147,2.4921561903991702,-3.2360390381422657,1.7163363495492334,-0.07890694010541006,-0.7449689081224353,0.9102976624629411,1.190567795863693,0.015420091870340824,1.05762145214851,-0.7857136306159604,0.874996554657842,-0.7053263833339912,0.7095257160588244,0.5049720015942629,1.3082980808753373,-0.18136956964906126,0.8494665547501105,-1.0729233469096282,-1.0716510952342824,-2.271953597306544
3282,1.7386846298203338,1.6904325449661222,1.753460091401555,1.723615977191241,-1.0880917174736393,-1.0994079988334804,-1.1494688413969099,-1.0510394878093239,-1.1441889245390895,1.31662540136353,-1.928714764753883,1.444543374923898,1.2110467269139111,1.630401272837996,-0.793054983002902,-0.19379938568847646,1.59523325095703,-0.6428736226120634,1.907890128339149,-0.7930549830028997,-0.22419131225199662,-0.8745474442355228,1.865227520621351,-0.7466379644255063,2.3695794861476003,-0.22419131225199773,-0.11465815287934698,-0.009144999428737243,-0.07865395745631894,0.18919000664369032,-1.0974968083586654,-0.15372472120745873,0.028928002283383176,0.05812682980682209,0.7211366119513472,1.1894860864528007,1.7756084898302882,1.6398905837200657,1.8594850185937941,1.9525977630785958,-0.8747127198716825,-0.35363894906677185,-0.33012639689591194,-0.6443398365414315,-0.49263571489466096,-0.40695324607005656,-0.4373211224599854,-0.3474098484542477,-0.46764420501794235,0.0847782237579371,0.12317206107928486,0.05316256961729026,1.5641761074343066,1.630933328347204,1.7983543836485802,2.5210112994010516,0.24447341555440236,-0.38110184366790717,2.118632004629123,1.560231759946347,1.5980887762210902,-0.09982936162032745,0.9785548457282597,1.7265211102487827,2.2704943343168527,-0.2299116541187831,-0.6523085352052571,-0.6753773588888691,2.1020127043300705,1.4884486048583287,-1.3693708857299713,-1.7318914930954787,0.7699456426972741,0.21953476885535478,-3.6327752960917303,2.1290930435069053,-3.175473102770444,1.7166260026472513,-0.23542839401385823,-0.9807329942680951,0.8113709696698076,1.1311205284935097,0.14879171415732992,1.0357575473463099,-0.6944504177068306,0.8269784636959585,-0.6254328565020806,0.6949604587782686,0.4823867771071281,1.2786457902920993,-0.23180676995504068,1.0119349376950901,-1.0440580752125694,-0.9921410605049348,-2.145557899558689
3283,1.8199994147927963,1.815991614963885,1.8710102302147127,1.8384311680617318,-1.0867396423373827,-1.0933118258476389,-1.1555539297657518,-1.0611959342734063,-1.0946670630741182,1.5664350393916675,-1.8506494514311636,1.5219302510556976,1.3501138451293377,1.6811687753040985,-0.6271622398927299,0.35892039377096646,1.5365890065305499,-0.19911098126191876,1.7929982675707923,-0.6271622398927299,-0.3187508523424258,-0.34817040162858043,1.7707489708790605,-0.4434369921065578,2.2464501422082064,-0.31875085234242345,0.5013467253073574,0.46836246269947834,0.33850229300527057,0.40128492209623656,-1.096711017164777,0.20188149241433992,0.23183092442844233,0.24047257079841972,0.7443675666014644,1.2283612417504142,1.8247625415495057,1.667997209803997,1.9146163353536514,2.020896378598704,-0.5394243366360698,-0.18755788330026116,-0.15970542808470728,-0.5761830719298896,-0.4119194662034023,-0.3218185800115093,-0.35735673740459634,-0.26613505358277023,-0.38943818290735654,0.43179613510660375,0.03700112774951961,0.22099240784077276,0.1389084272329881,1.8147153858351888,1.994942171849945,2.5511663457093974,0.1591703539119146,-0.14147390453136213,2.0900134579862533,1.631658384477606,1.6007589764753178,-0.07089443605656724,1.1910801514706486,1.8218804794707943,2.176214496587698,-0.3598171208664834,-0.6357327622047476,-0.7288481012025863,1.4887874045930232,1.4640983852620233,-1.275052769765858,-2.4359394845185274,0.6961643416411983,0.30168147447556815,-2.7125402265424428,0.4501620635312985,-3.0031495677904987,2.0291945720690667,-0.36327358876861343,-0.9654821138492723,0.7238596533021473,1.0807007612195128,0.2749518657695208,1.0055152502416496,-0.6170856476298849,0.7617092964661804,-0.5366940326956916,0.6906629900287093,0.4378641677905407,1.2540051024915881,-0.27323003686674957,1.2233525779262575,-1.0154639669208858,-0.9154357871639576,-2.038864701218549
3284,1.8187881442995595,1.8106634185904584,1.898604914982292,1.7806319293015742,-1.1383383856932978,-1.0857883524148386,-1.15087715168658,-1.095236331217096,-1.3332077429973175,1.6618033760111053,-1.3400748723924416,1.4694657416403034,1.3076525181032916,1.6179205462094757,-0.5996179880704906,0.05722247337471648,1.4585127752880005,-0.36463030429703147,1.690563772320536,-0.5996179880704882,-0.43403088151191155,-0.42478971728054693,1.6711841590813317,-0.5689834436625616,2.129613934320273,-0.4340308815119086,0.22838495966302869,0.0967790192584698,0.11083141269396801,0.08905457632470891,-1.4108574983251485,0.17556096129226523,0.1670611410187357,0.18228724171458274,0.5622354400835248,1.1094484664306377,1.7356061338603554,1.5603667407310702,1.8274532628022844,1.9419374497185486,-0.711457954107124,-0.4774679677154951,-0.37670418129104527,-0.6741702765930011,-0.5443711080180399,-0.4709000573643431,-0.48141645965424323,-0.4012739998954712,-0.5176225242162901,-0.06525766464465818,-0.0768064886247486,0.1358504483642825,0.16475387385136664,1.9910845117323,1.8582874830416758,2.5164481870695097,-0.20254297554471004,0.13803873930272365,2.039739644379418,1.6982347950623735,1.5977618975556498,-0.019984414756670614,1.14439840482802,1.7403740421696274,2.0708671233678717,-0.40449498835866726,-0.66532974314079,-0.5632742355646276,-0.23180953236209384,1.8257401487128502,-0.9032735538810245,-2.584923164307476,0.7172276854153056,0.0677754084234487,-0.2953470317260596,-4.576711875224943,-3.099001886293783,2.304891093996718,-0.3627943845562375,-0.4864153882917429,0.9019747235335486,1.3233471187631602,0.31435353811198763,0.9655643797521296,-0.5742281308653037,0.660287153602851,-0.4394379264647042,0.6906123826301598,0.43610387018210517,1.2361163355197415,-0.30887836311620065,1.434654647167946,-0.9886484646372996,-0.8309650099246427,-1.9348759037431613
3285,1.839521021729264,1.800432522344681,1.8652477313208717,1.8604987761657226,-1.0184627408388776,-1.0878910675394358,-1.0883228187685203,-1.0155375746689745,-1.2142202291198687,1.7422670359358716,-1.3626859249832903,1.523434671684612,1.4059550183269063,1.6507404315439922,-0.4384037616296493,0.3528873600180396,1.4248155834198089,-0.07794680750446127,1.6117704007055584,-0.4384037616296481,-0.45610037209395543,-0.0816413009250661,1.6016746094955523,-0.34620769240944294,2.024287058643767,-0.4561003720939544,0.034212846267454196,0.08413978167746482,0.18281618581921888,0.42918631838261545,-1.2540491689474,0.39342195188728524,0.31752968917970303,0.32030831769716606,0.5488824492329386,1.114947631059273,1.7627400074951987,1.5718598264627597,1.8629703576455257,1.9845570675271071,0.13404085655628087,-0.2738014813734478,-0.16724191501247287,-0.5692475454780315,-0.43681025491598696,-0.3536025339787144,-0.3701955114475116,-0.28949657247411864,-0.4110113596657052,0.35419564782394364,0.20780511554500608,0.26957415323710326,0.2582749988871888,1.875946185937445,1.9635034381943424,2.473619342995052,0.23913308395836427,0.5100117566376707,1.9683770050759926,1.7584705580658173,1.6276218226266805,0.08407769953498204,1.2808065885208992,1.7793860700934483,1.981740827151117,-0.5120299908486126,-0.6897641350228485,-0.6381558440773397,-0.6578822361660329,2.207704059025094,-0.9941183223089334,-2.576123189151298,0.7072082209749753,0.13453339426204786,0.17871211474741522,-5.073736778020631,-3.4280985564602124,2.501625433106666,-0.526254527328784,-1.0435060293200087,0.7690786736167046,1.2060748375334172,0.4271842610576749,0.9091546936316715,-0.5669788081293861,0.5988939240197656,-0.33151864209439585,0.6924103666663469,0.4164726755777041,1.20727628413538,-0.35199858206786816,1.6873326584414474,-0.9584780195579098,-0.7523635918616757,-1.8312996377055752
3286,1.849193757949471,1.7372909338833222,1.7795866914311607,1.7006537346988406,-1.0964941900632557,-1.0307775844066234,-1.095904168426577,-1.0564076542626675,-1.395105957463294,1.8410406182006533,-1.4901906086982295,1.2563922466307595,1.0188777110595175,1.4516226196913602,-0.5740152175007412,-0.2990557201679874,1.326830261780544,-0.5644857186718747,1.525588289307777,-0.5740152175007414,-0.5898790106364971,-0.493874775491813,1.500421963743116,-0.7149588463220681,1.9202758798599422,-0.5898790106364981,-0.15905913616607212,-0.08627041495685621,0.15684879766195148,-0.5381495019805308,-1.0729845279945571,-0.009443354799760491,0.07302571286371415,0.10647647274975867,0.2619864478282047,0.9008299292163109,1.597774896980814,1.3890888019504115,1.701660532662652,1.8276449736732199,-0.1177046847024581,-0.3801350212422075,-0.32414238123918465,-0.6247972127513914,-0.5055704690256604,-0.4326071479103162,-0.4276267812690841,-0.35923147012803436,-0.47513431611697404,-0.373242520904872,0.170287273746772,0.14592781122493947,0.18832726873973746,1.8071263377803621,1.8843568572990836,2.380678124715009,-0.5405894756012766,1.0792480714744932,1.8116863693750476,1.7873899199622196,1.6134645638056961,0.12176132847812247,1.0891610702640722,1.6161060698610683,1.8980415375417774,-0.5467990508251718,-0.5612085105428299,-0.49602049116730434,-0.5915153487556694,2.1026801714120467,-0.7263452685585022,-2.53212986632464,0.5248289750578518,0.07852957840711086,0.24505471841489476,-4.167606465041468,-2.992255604163322,2.4110268107169626,-0.5114671746238157,-0.537128261147279,0.9072504328474161,1.3886733745966628,0.4551421693493619,0.7844409649062376,-0.43758143620842166,0.2954757440589155,-0.19554457143738727,0.6958997570633073,0.3677101913504651,1.1847142413861433,-0.3828702355681844,1.8859834038861634,-0.9317791940030957,-0.6641160342613852,-1.7320502494821526
3287,1.7061059987374818,1.8067891697772274,1.677808742681589,1.870445430804876,-1.1077541350709394,-1.0924786032675116,-1.1580931895349582,-1.0628060037912141,-1.3251833159825714,2.1964976059214414,-2.1663436331273105,1.4002184465733358,1.2479683396265637,1.557732604372022,-0.3414782686161964,0.5104939176419052,1.321635050801459,0.08307100338516489,1.4672268898506184,-0.3414782686161952,-0.5423121671338386,0.17489794643027218,1.4540327841025389,-0.22384147483406497,1.8296005255432868,-0.5423121671338395,-0.23979643490498811,0.34286478563750317,-0.3407668238744875,1.257946593219004,0.46361426998810146,0.38394454902410735,0.3712439366527339,0.3913785066470721,0.3819131400670385,1.0151083850266536,1.7051284050402715,1.4790476969158437,1.8214543655342548,1.9524363422268591,-0.014993844921417688,-0.3402933550110656,-0.26384636084661967,-0.5731335342020085,-0.4724322014833753,-0.39938130071237543,-0.3874825049279604,-0.3274081916543535,-0.43611150704018165,0.6493189908335569,0.4045085885989102,0.3893164912015023,0.2750125111713874,1.5438535132202076,2.0180323641100206,2.6531564558375242,0.18562328317065047,1.6867861547329541,1.657203777687204,1.8295038125283904,1.7614176817308669,0.3673823579839328,1.2486313142311145,1.7095514304593036,1.8897084791909797,-0.5976929844519989,-0.5472734696837429,-0.6182834209533483,-0.6484289821041714,2.0206316727203393,-0.7244891092288802,-2.4421942377029224,0.48709646752429714,0.24061253712810618,0.1943655925627478,-3.7387837150875294,-2.8746062300476027,2.3152892278115123,-0.6030039945403711,-1.023931101980436,0.8391427430263037,1.3170179515388452,0.5035131081123437,0.5386253097889977,-0.2533065011077265,0.2151946118643535,-0.06203942291962026,0.7039762993963212,0.2367768941728503,1.167207187119527,-0.4071368434870297,2.154102997966588,-0.9092966209929427,-0.5836639950265434,-1.6401104709002852
3288,1.9564723821039176,2.050993804881908,2.0088452173020492,2.020555143820996,-0.9698579988923985,-1.1163091376215875,-1.064126354828532,-1.0480379719137505,-1.2083686637525797,2.1752869638259233,-2.4820621613405,1.50423415819079,1.3940100944596845,1.6408613402485004,0.017786760693425933,0.783578260694588,1.370919826579879,0.49030887603422457,1.446031598763107,0.017786760693426138,-0.38210349718826137,0.5893796432980173,1.4480335652608742,0.1654901726515148,1.7579685845545576,-0.38210349718826025,1.3379174484258791,0.9602281019951501,0.9665864741178574,0.756013393427807,-0.36978111672701636,0.7295328610600812,0.6639686334172283,0.6454186618321974,0.5911007398423007,1.1133212427103325,1.79887707981022,1.556933145382634,1.9242529258327745,2.0579503310914484,0.8506230792515103,0.26582134207432123,0.2599836791283792,0.06205780578241576,-0.17139935269143325,-0.059439934857979874,-0.06377177977523081,-0.008287952477507693,-0.12454554026011999,0.6348358247254491,0.49004109482694835,0.3876781510550887,0.46331414712011276,0.3522000111032161,2.081214235254829,2.637676458925168,0.5918859369647996,2.4566197927982008,1.422822848786265,1.9057525161003488,1.9832377305092341,0.9703654723808572,1.3033893343304939,1.6884689144669034,1.7937845424856749,-0.5026240209835404,-0.3308076854133487,-0.340125551992438,-0.5279889801017418,1.627983726453176,-0.386292726240624,-2.6484968835710387,0.23986673746633558,0.10274137178225472,0.33119787297604475,-2.8568038514851297,-2.1235090010928133,2.207986266995407,-0.5175616201473441,-1.0107128265829677,0.7848919232837822,1.202458366626876,0.42035697577618825,0.31254253139205385,-0.09509503161162369,-0.2709560246853957,0.11750016335744477,0.7208704054385022,0.06717848708330085,1.1365748300614358,-0.4641399276820803,2.438179589319467,-0.8908862012814216,-0.5111570733855171,-1.5629335029722353
3289,1.9915143235267418,1.9185717715259765,1.832940423516961,1.7275703107225846,-0.985227858147313,-0.9830801390161084,-1.0398383029737595,-0.9571408881269291,-1.2723572128529237,2.0831595048840934,-2.3747310797219345,1.0025541951333095,0.7123210538068002,1.2713420716372066,-0.2996924142271014,-0.6920177198706972,1.2703357240774713,-0.6209510642351636,1.3965629720526413,-0.299692414227099,-0.5091310512658846,-0.4683048027521385,1.3642695729625298,-0.6457373054913168,1.683474788665196,-0.5091310512658838,-0.4545191822118279,-0.2575977865337705,0.29362362263003317,-1.2096060043570314,0.12528029254977954,-0.05802397005836961,0.1770931774470446,0.1726331756144241,0.25591203117831307,0.7722237557045772,1.5298505218978855,1.2676327925723307,1.6534674270265646,1.7918838795496677,0.41049982774742055,0.18710616289051313,0.09810703228300974,0.12052006397748043,-0.23411195311186805,-0.1253830819785311,-0.11896817088564383,-0.06202483154662503,-0.17947802992508746,-0.7910612773179235,0.17982808099112943,0.07615242054276983,0.21100190048265824,0.22264677667390365,1.6900178046331102,2.1388697510208576,-0.7892104229077961,3.170755975653495,1.0947855484026687,1.8944140568028813,1.938169595724251,1.0457687724990836,0.9027338146968861,1.412586298770854,1.7253559446330993,-0.4386372960984651,-0.19184909283864415,-0.3052506632096032,-0.2533793044221729,-0.15768004210401307,-0.15484092321754236,-2.6688930653417158,0.08230084240024706,0.19206769877598917,0.009537275860559614,-0.1144331635918384,-0.08836697022392463,1.3195445788765459,-0.423465322790413,-0.6726980535217428,0.8626179370993498,1.2674270391441302,0.3566383848240116,0.9341828017795372,-0.8934709340557763,0.27597358890015056,0.7921939791525034,0.7352644973752789,-0.009693538688539144,1.1007414014230257,-0.5423621741393085,2.6006610097484257,-0.8715098482508425,-0.44303827966106046,-1.4949820630480053
3290,1.7506737346286612,1.6561789699009724,1.7072960962870358,1.61949461017087,-0.9642034130177851,-0.9979859988708152,-0.9867936450986112,-0.9275941682165263,-1.1583836485138717,2.1173176488166723,-2.176873460927611,0.8745479369581328,0.5572213056541406,1.1617518501045139,-0.5936267822663213,-0.6422048582336412,1.1523282962579628,-0.7844998936231932,1.3227341487844955,-0.5936267822663215,-0.6727685240625012,-0.6060284341963724,1.2657290231263816,-0.8423568694673643,1.603597302396083,-0.6727685240625025,-0.32436144516682375,-0.748955245405844,-0.6636728324062128,-0.5335392991165787,-1.115422272046583,-0.25281786147379315,0.009001935607313492,0.029783001802788405,0.1398450990566429,0.6215356608863892,1.4158435554789268,1.1348383094083738,1.5441581096109396,1.6868144427947018,-0.6136868902505606,-0.34240222361985395,-0.45222384756844763,-0.33395230406364573,-0.5812415221635963,-0.5188567392837088,-0.47117001877920983,-0.4282967565635897,-0.5320363618798413,-0.25500359752697155,-0.07073601068985266,0.10222025155236554,0.17011322756158495,0.17801459997229557,1.716119794556216,2.330377391438213,-0.39697717079597844,3.041183698387023,1.1055487335072227,1.8372719825355726,1.8949955794173323,1.1332271941399759,0.7902636362002978,1.3158537858080424,1.6619367617293987,-0.3824369801667878,-0.4038354726302942,-0.6398239752804761,-0.5544652909959175,-0.7171039896199435,-0.7348004384829221,-2.250250008098012,0.38220269057250594,0.40095700798827744,0.047214727054236745,0.24239101701145502,0.2435827522221131,0.8512852976031777,-0.39766026630431184,-1.0058934148946757,0.7949440325151034,1.1516755550062197,0.30313413431260283,0.8866880891051624,-0.8884752130588579,-0.06459223866546701,1.2045784502559755,0.7536996925899692,-0.08599239179079202,1.075194279881142,-0.6024177643060126,2.642569552695667,-0.8636482471679376,-0.38226735678992774,-1.4348548573705995
3291,1.6130393762688555,1.6431603910151347,1.6832921374507415,1.7036612482412228,-0.9705469635380305,-0.9793516728621221,-1.0444028411656288,-0.9483327037738918,-1.1525508308839434,2.17872099644136,-2.1969576072990944,0.9812440208969687,0.7363378169310887,1.2291171115308632,-0.5330998588426255,0.1339187158120637,1.1070435694186729,-0.27463184388345624,1.2583763041090998,-0.5330998588426259,-0.6942662438742496,-0.08250331075464828,1.2051396599995086,-0.4982845800214397,1.5279663074574583,-0.6942662438742474,0.03690775356347626,0.05961638275961667,-0.3687222041082703,0.8383453050570198,-1.050565657969573,-0.019128606474867995,0.17507240477381666,0.21508980788920934,0.26230428413060614,0.6654260813495152,1.461825159483246,1.1689607565565272,1.60332418279088,1.746950131629729,-0.6727689392246622,-0.3947055555132673,-0.4503276695293377,-0.35522987677967943,-0.6060019113656445,-0.5435649064138198,-0.493310297945594,-0.45954134259657914,-0.5580148213615116,0.39205000207890395,0.244671351124406,0.3095883558535227,0.25762747765589866,0.2767896510872756,2.0323656432754422,2.418345259204737,0.22267501149280106,2.9160259300682907,1.1322673177995881,1.7904945016241982,1.9556451963884252,1.2095104921986883,0.8808759625255005,1.4144027926046079,1.7336942966570164,-0.4889357898451468,-0.5960494220719145,-0.6527270207537774,-0.645611301558504,-0.8520283137056711,-0.6013079121560849,-2.33850000662039,0.5931450039084383,0.23503995782105067,0.14826112011957032,0.30844368902518476,0.38290191231710546,0.8832390379324383,-0.48486686620756997,-0.7964783471135232,0.7541211049218168,1.1456467440597413,0.40576027165823836,0.8888396312409356,-0.8852690265173813,-1.0518567125238096,0.9008326942240679,0.7909158996963164,-0.219356143145805,1.0539658172776765,-0.616574577481811,2.6778561738235425,-0.8574430631600706,-0.3136278708329126,-1.37451817921736
3292,1.6130404734437447,1.5220366402200283,1.5225415110083993,1.4438462718873404,-0.8428810461068921,-0.9674751556267143,-0.9223395934552694,-0.908911426997566,-0.7484872083650931,1.6845708254802612,-2.244518241124437,0.5594307670005172,0.18823482010761658,0.9110282785930915,-0.8844207267050115,-0.7735557521705054,0.9607611624667908,-1.0576862331872376,1.1653137836770053,-0.8844207267050122,-0.9094145015649755,-0.8030617811081853,1.0873332883160467,-1.126800318356104,1.4431632212649224,-0.909414501564979,-0.5144912304816524,-0.33577791889371345,0.10154208360689487,-0.8415210722834406,-0.6338877603132512,-0.5747418059856909,-0.2969044025329116,-0.20159048149490658,-0.051592323457203444,0.35221093572953954,1.22299042675225,0.9194313548954459,1.3712590996996912,1.5181590304426145,-0.1826992468837034,-0.0637255877800802,-0.03266017616543674,-0.1251478987962889,-0.4557301566405302,-0.3694132998185201,-0.31689704067237956,-0.3013493065755628,-0.4050931541543182,-0.7983549336948595,-0.3506938701098542,0.03633796641280543,0.09821804404095674,0.05202308734627253,1.7135339928509503,2.209484620295622,-0.2343081292694903,2.831167552929488,1.114694095161614,1.6695826054833347,1.9742259898326056,1.434907239094169,0.41112505490923595,1.1318413745285194,1.699492155713761,-0.5090781708517252,-0.469894839981723,-0.38996182757047915,-0.5343656735784406,-0.6787969373898598,0.132440815602149,-2.42385342355666,0.4199970140364019,0.03253651388655007,0.27917054623306914,0.2257732854543551,0.41932285930599816,1.0812253742038855,-0.5741807445167106,-1.4718205491513436,0.41830922841678475,0.7366735843225791,0.4346169232385308,0.8566989811317685,-0.7787890276166154,-1.2049282237564838,0.40141753677332703,0.8411039454980039,-0.2502726475537991,1.0254047511217537,-0.6132313964193762,2.5420365429107066,-0.8484657442889001,-0.2601294494585245,-1.318328524073377
3293,1.4997211062231255,1.5310172991848015,1.5298429572832852,1.5802634870560073,-0.8308108454723658,-0.8517816578746973,-0.8759000983299201,-0.8089193090015109,-0.7444881308161703,1.888366175372145,-2.089854589962241,0.7318549318796573,0.46249634325743555,1.0256870917775434,-0.7211225398152781,0.35483640846613024,0.9218741128097068,-0.26501591854424944,1.0905601238393008,-0.7211225398152773,-0.9059101476904075,0.0016414401705963134,1.0256651008001607,-0.5736927141129275,1.3634655020275155,-0.9059101476904075,0.12321390667440292,0.11689679445182795,-0.32348953974221034,0.7581972736425681,-0.6323251862796657,0.07349197502658374,0.008286457662624183,0.05470505693148166,0.1421572822488979,0.4485673684433455,1.316506440973314,1.0048900719109135,1.4751290491206963,1.6233715009828376,0.29955607267383755,0.15273970893156888,0.1506495951458366,0.03268560861198373,-0.34940932911623607,-0.2515193460331477,-0.20211449425210792,-0.19202141981026996,-0.30114096001319424,0.5596043607722113,-0.38124165432708734,0.07594801230913871,0.078915766178658,0.19316193207414584,1.7800290864679948,2.3596470227977195,0.23505131085850522,2.753629639569158,1.115400692186316,1.5765389795836342,2.387280015161225,1.7996993114844424,0.14973812529146047,1.2198967836323653,2.0880178419889366,-0.4353825844636168,-0.5580683278587252,-0.6481250524997614,-0.7145598381937759,-0.9710340474536676,-0.30951340583105746,-2.264252696536751,0.5640352001982423,0.26685768346410116,0.237790592600278,0.39170055327931924,0.5242042494417813,0.8853002956953749,-0.4321249682026402,-0.6841105336924356,0.44452900034150705,0.7331570927582075,0.3638697502452313,0.87490286616887,-0.769841531820307,-0.9161885051561669,0.0027548697788268442,0.9243202190540046,-0.32831176063552703,1.0097367247884732,-0.6303904898645275,2.474372975495996,-0.838519509383871,-0.20614580773684596,-1.2682900963631283
3294,1.5604242668616357,1.5366406302476934,1.5742173657961722,1.5841839286210262,-0.8718262665776824,-0.8412479076592047,-0.9062122943761636,-0.8372138452142651,-0.9331346980407645,1.8485347178686167,-1.9721898667010205,0.7688385050737896,0.5307483573372154,1.040588085724439,-0.5718666641169203,0.3313748535114798,0.8960816842613805,-0.18031028772015362,1.0322845314595843,-0.5718666641169207,-0.8738349119353808,0.11570419514030651,0.9756442827750255,-0.4783754140086145,1.2901891271823067,-0.8738349119353809,0.2810213066691422,0.10661680352795416,0.31548200983851005,0.4083380135730262,-1.0530497361857467,0.16745747062726432,0.04340110594387666,0.07491371047245012,0.16576709773959386,0.39895432160113925,1.2985396178045066,0.9836227341041678,1.4692275761841405,1.6182583100111856,-0.3189656290813291,-0.3763472271668862,-0.32617007014685406,-0.34254348281964336,-0.5809248850782478,-0.5224573441869307,-0.4539966949977542,-0.4469836988557686,-0.5402525732394408,0.10278640591158576,-0.011453377250667566,0.12887056511292022,0.05285791753712259,0.17080047708280377,1.9709861575860987,2.344830110076416,0.09921598493866109,2.6565120143597114,1.126377146427942,1.5059336891158375,2.332910660791551,1.8791654057009994,0.1625823563825691,1.2432798769633553,2.0609264645149175,-0.41584322973205395,-0.5673596060839724,-0.634259280523914,-0.7443593661214517,-0.7860791612271292,-0.046862102456372096,-2.3576137714002106,0.5836928086268174,0.2410929747441855,0.29217754937022267,0.10407115814280837,0.32736595862914536,1.1011275301642711,-0.3823275259041246,-0.37675250889002987,0.6097835427878464,0.9252489521628773,0.34169418280835756,0.8700299820965008,-0.7670651014163298,-0.9464400798135271,-0.297788529143578,1.0408690470860371,-0.39317263850863643,1.0319735031544848,-0.644407742601423,2.447208694756834,-0.8311985644357647,-0.1487173652370087,-1.2215287769333527
3295,1.5457184353253508,1.5558999796939417,1.5637181780401643,1.5840463695013334,-0.8089473473147953,-0.9064089818713954,-0.8384798436997697,-0.8366988386390976,-0.9202429629926702,1.874830113519165,-1.9341607982926803,0.8047859217073681,0.5973657519694723,1.055078725092427,-0.4605717433380963,0.2614579269887372,0.8777653499032614,-0.14982532435440196,0.9873397491327224,-0.4605717433380941,-0.833522178780836,0.16851132283395506,0.9343399208902385,-0.4242189634556856,1.2237260099835257,-0.8335221787808396,0.04704417518520415,0.15591357399383932,0.03229425375639082,0.5170788563251174,-0.7651373817607322,0.17981593167881255,0.07899043483916045,0.09648923638739748,0.17708685003619373,0.34787934727932546,1.2749089047680982,0.9625197582423262,1.4625264015377315,1.6113501304876345,-0.7388306096225733,-0.6215860138540279,-0.5535957195399529,-0.5183997379371811,-0.6931782376395533,-0.652972659806959,-0.5857265823997762,-0.5759471796568201,-0.6582934514594888,0.07400658333298625,0.12957388851745538,0.043891230490424496,0.1580965538721777,0.20700574788058593,2.2633104513383837,2.328316704556888,-0.027496813850123897,2.5625172216043137,1.1377821915705602,1.4588519953456933,2.2426996670266472,1.8897085653753545,0.20845394588590369,1.2648311893602027,1.9990386935676188,-0.5092380614501703,-0.6121670240031759,-0.5509204664223972,-0.7498738731561192,-0.7851076542235351,0.5000166426472575,-2.3606679341147294,0.6073006936424222,0.09591446778300025,0.3901325792424952,0.09135037348829582,0.3986142872717128,1.1655017779810917,-0.5072283372025137,-0.6985280068937587,0.5673506488493978,0.9145362241259334,0.4369239815746858,0.9025690552320791,-0.7556130004874531,-0.8890280919500717,-0.5789601918332549,1.1597590489269853,-0.5174684050365961,1.0373887181466601,-0.6326864519841803,2.395839901385673,-0.8277397033947855,-0.0887557828914638,-1.1731350211620253
3296,1.5557364649343335,1.5902650986508506,1.5981455579700794,1.6186847893489769,-0.8135519262344919,-0.8104458073917432,-0.8687087891310395,-0.7737937363497298,-1.0818189094961508,1.8288578250719152,-2.1264165534760537,0.8774610380956797,0.7171086778285715,1.0973338222406817,-0.3118501304177615,0.337830143308402,0.881125304079428,0.0015284900419204534,0.958565902682656,-0.3118501304177592,-0.7566848543328732,0.31912470290223394,0.9099159455812529,-0.2701227500790904,1.1661276992686693,-0.7566848543328721,0.2310019295207935,0.2030702581548776,0.10944287946634791,0.7175247738065491,-0.7930591766586323,0.34346000226984,0.15908040332287168,0.17685791932735737,0.23670160322442457,0.33221718230602143,1.2818359893446853,0.97197897995437,1.4864539159620769,1.6341597324724424,-0.4623646287624764,-0.4568437082030703,-0.41159479330298376,-0.4098618863572017,-0.6212410599400464,-0.5723410408015321,-0.5114728321522111,-0.5096530338495919,-0.5923570875435357,0.20519076888326124,0.04979031686791249,0.22878734297646822,0.2849520576852629,0.24500847875826343,2.24306262155856,2.172549371595925,0.2161529160098494,2.4511221935527563,1.1659575034953624,1.4365742083634312,2.2020841573206917,1.969281117936381,0.2658301546156755,1.3005814696790385,1.9584575876830623,-0.5778884674543688,-0.505772657295082,-0.5971836959352983,-0.5786848438642304,-0.694196890075945,1.3237827704953948,-2.345480401131447,0.4416663390547311,0.2566114454000631,0.11860926513027621,0.19084866415442608,0.25801712708934116,1.256918653382446,-0.5458733026806852,-0.35261047363739745,0.679322781333723,1.0801278689737766,0.5035365464038406,0.9100462343348873,-0.7809447751329128,-1.2810776309500531,-0.691715104898634,1.3134211509967764,-0.5788376993035856,1.0342615239959903,-0.5835193605122875,2.399625041752403,-0.8175451926442464,-0.022718989709685677,-1.1245537405889052
3297,1.5776228052714965,1.558076740287535,1.633797427564155,1.5692866719843253,-0.8352149319287242,-0.8205835857607209,-0.8777498436792114,-0.8008697308359541,-1.0360554092690444,1.7630919099736477,-1.8535761736922205,0.8639787565885552,0.7111537992323337,1.0749220505324852,-0.3263214158639496,-0.014659717495662134,0.8590576203009942,-0.22638531384149724,0.9317939508995281,-0.3263214158639473,-0.7413359848773244,0.10408787049659697,0.8759066786223573,-0.4116294073500416,1.11340911842288,-0.7413359848773236,0.2350157553003261,-0.06109289030134823,0.1549079827115672,0.19473909808683484,-1.5355868882346024,0.07999841484590751,0.08678233133550702,0.09973064563251405,0.16585825421678788,0.23003215260492604,1.2142880358302681,0.9077072040540413,1.4376150965544967,1.5870054461287222,-0.6513133408567647,-0.6265094264048909,-0.5677335717936487,-0.537977215285622,-0.6918613665995239,-0.6634095158872138,-0.6031087054813001,-0.5980756741601418,-0.671636912727461,-0.13220095489069517,0.3547988952157879,-0.016288889906299477,0.23689463369590458,0.25480431002888865,2.3300011799542997,1.9289973934741471,-0.08110305172242549,2.35834869484036,1.1827209872398017,1.4200039355188858,2.118144975046395,1.9960663009332926,0.22215102164814207,1.2555540686167403,1.877652080198491,-0.6088629423572532,-0.5103513244669512,-0.3604846717336086,-0.3595123515403872,-0.5974129801166791,1.512918835526769,-2.2132280255481898,0.4360147706142737,-0.04049106581532649,0.08502977242124908,0.34569724156986825,0.35952568136729574,1.2621752887537787,-0.6131303493844225,-0.8083263122426255,0.6301403216334037,1.032958005775533,0.5323142468366288,0.9148706130814893,-0.7617860198321326,-1.4608498088452375,-0.770944048945688,1.434467930154678,-0.661420592393505,1.054160817049601,-0.5269418201088374,2.412184637949515,-0.8033210405542517,0.03977332696073116,-1.0730738355100624
3298,1.5186673994714863,1.5206590097079433,1.5538252963837176,1.5051927666253997,-0.842044699823129,-0.8476662202852916,-0.8848357566686242,-0.8136556494894746,-1.011301177254083,1.6271126075477924,-1.731143791482963,0.8179891089084486,0.6544793084162499,1.031339821260106,-0.4432270510532256,-0.22877437071319356,0.8125334629727915,-0.43552862692261196,0.8981985722176,-0.44322705105322485,-0.781374223277841,-0.09438046767767136,0.8297104544380993,-0.5750959671274678,1.061998813709935,-0.7813742232778421,-0.28368507533334913,-0.10441395366107942,-0.19208165372119052,0.15302003268812905,-1.087358560103158,-0.11378063180327028,0.01962094710607108,-0.02970417706419794,0.08003223429142423,0.16252269713489143,1.1339782920252395,0.8247671376719574,1.3747071257595185,1.5278938634219283,-0.01385079385311558,-0.3474595324896972,-0.38112608248486235,-0.3934861022761626,-0.45314485544408706,-0.5709429580832733,-0.5173581489086585,-0.5186856177395999,-0.5948820478688552,-0.20153357390408505,0.022094453639313633,-0.28443410398444136,0.0784301201785574,0.07916431128483073,2.1810483195796513,1.8232910474040849,-0.028897731748906336,2.2786968596179618,1.1885428423490232,1.3848486279341077,2.052360993328694,1.9915208658189152,0.12450246902390762,1.1978379139291904,1.8250447940749206,-0.6695679963996526,-0.22283808559972187,-0.5583749838523614,-0.3583912439304187,-0.5330417595161241,1.924543805446579,-1.9870579333884548,0.03164657288618789,0.4777932767721863,-0.12718327813411295,0.26276503655176287,0.11330169881831247,1.1660148313304843,-0.6695744840430891,-0.7667906496573406,0.5878466090318906,1.007726912786416,0.5912510747167933,0.9079057166473513,-0.737157109739093,-1.5619263009702948,-0.7928053032855523,1.4827697892630416,-0.7060324372604915,1.0668752829779682,-0.4587532203554148,2.3784276441227323,-0.7889065095195744,0.10218064271544729,-1.0186230760207666
3299,1.4766375167511478,1.5236694899234948,1.4896519646953255,1.4975938029621405,-0.7387627539460948,-0.838481392303576,-0.7505742588941882,-0.7712677054196088,-0.7309143023039989,1.4339039017686341,-1.4453398334242713,0.8526400871501231,0.7250390342601777,1.0432420769802753,-0.48176440462336123,-0.06777195499784418,0.7771082697079523,-0.35500828140499846,0.863921621870671,-0.4817644046233619,-0.8012138633278449,-0.01939596747373721,0.7894447533761446,-0.5278534752585656,1.012904658562384,-0.8012138633278473,-0.2384913138689349,0.050034230512375974,-0.13570367935044453,0.4096291437765747,-0.35035780306651904,-0.09998577752746257,0.02779094867098279,-0.015196706414829734,0.08073862699255438,0.15669232943059563,1.103106396452236,0.7899211658735084,1.3615972772645561,1.518234520966711,0.8849231809801686,0.2661783921394165,0.07477064212996523,-0.04455183237303048,-0.09293423816583586,-0.3314022710525206,-0.2891576091753663,-0.31208577265620385,-0.39730401983692465,0.005613313814084039,-0.021223864387975862,-0.018640019157146057,0.10087493597031746,0.03699391630492263,2.120218844713217,1.6427499663079774,0.2880750302689388,2.217009446905244,1.1886675354911223,1.3682949937886022,1.993362329116619,2.0761414659268764,0.134415382822728,1.1760238923423385,1.7435765581998413,-0.717845568623633,-0.3720167194681058,-0.7312696277783074,-0.5133374764575849,-0.7391856096864116,1.8106166799303005,-1.8608478297314455,0.20879778177903366,0.5509171267163689,-0.10901276738330709,0.3465615469465594,0.19875294984810962,0.9990193859831805,-0.7621755373442045,-1.201114449565891,0.33579881551247664,0.7239554598940233,0.6462105779013897,0.8450656812125452,-0.6543090022002477,-1.0710689172249697,-0.7625924444569603,1.4955242734776704,-0.7564787147415835,1.0652330669281393,-0.39896754735637646,2.3826933165887776,-0.7721259522590528,0.1521624367909209,-0.964987195775865
3300,1.4374638676986824,1.3868334128881539,1.2220105190167727,1.151304876468987,-0.686559035626852,-0.7481135313864972,-0.7172163822075558,-0.6833947622330987,-0.42507637156867323,1.1977688631265526,-1.5020397329452655,0.028145177854961612,-0.4765636537598226,0.49349910715219997,-1.149882294742045,-1.3675204382249517,0.5762727412398335,-1.588020432091585,0.7741751130072108,-1.1498822947420453,-1.143949035888676,-1.174881537627144,0.6542950009765258,-1.5536313937479607,0.9462932292918247,-1.1439490358886792,-1.1581105845590345,-0.5196791502509415,-0.12874708507936686,-1.8784986122775948,1.221926723454521,-1.0529416749287974,-0.75648589883256,-0.6857306066063926,-0.4663672596317253,-0.2706330187167268,0.7709701862180608,0.43431085963335436,1.0445347818440334,1.219669558690415,1.4248226586348451,0.8565805745252174,0.6930040132607912,0.4564243002281072,0.32839243001574964,-0.02014714162478234,0.00446453485025744,-0.03840543925587268,-0.13894168394463616,-1.3147489286435807,-0.6416059910391736,-0.3763511103796033,-0.3376419561888512,-0.17214662712958664,1.7231855175613071,1.2932723848521546,-0.9904512926850593,2.141990803891014,1.1575066330398094,1.1745733096121025,1.9124865382856269,2.0109093727517204,-0.545329565045316,0.8185823641373,1.6868452669773861,-0.7477289017837399,-0.4286860190027573,-0.5152006262236192,-0.46479283869212934,-0.7771001741391457,1.8576380662890792,-1.6885730037433968,0.2720955533513534,0.22997928293091438,0.06038075793056638,0.4655751018657352,0.4402284778149331,0.8740484402081399,-0.793265478136606,-1.1685474749742828,0.06678418975238716,0.4120925648868872,0.6795962643675563,0.8271629725146293,-0.6157662821553486,-0.3144076963591478,-0.6783139351310318,1.4694915620587017,-0.7834913572525717,1.0706186429956188,-0.350475953580526,2.3110337390239812,-0.7575315555689011,0.1978387149006781,-0.9126955174927938
3301,1.1523442540194944,1.2041444588648214,1.142131128823307,1.2219961733182574,-0.6591094616287723,-0.658452701591476,-0.7057839327202049,-0.6385652910461392,-0.3771066611671433,1.0804019976407824,-1.2241753820146242,0.17675043251146483,-0.2173072043880925,0.5815629229903565,-1.1870258197606898,-0.0824140840172489,0.4770007304650186,-0.811120987568186,0.6813834877393178,-1.1870258197606909,-1.2690666417013408,-0.4014006850359516,0.5631579692601306,-1.0748150364032094,0.8750222866932068,-1.2690666417013416,-0.3989236457862204,-0.7458171950678452,-1.163455764201144,0.6677859922984963,0.19689694893638243,-0.5758434675701052,-0.5281479416119683,-0.4997554050750248,-0.3669473533652542,-0.1960386255134054,0.8053663661842186,0.46544844447588835,1.1027401749270955,1.278849413121703,0.39052283287113104,0.3033647788681804,0.3084336724153112,0.13023818673789367,0.05798376169133729,-0.22404416541974148,-0.20207288292393288,-0.2294911137750854,-0.3126891035956138,0.2553987737006546,-0.6266972730878275,-0.4342272949326938,-0.17732612714797094,-0.0557854170451504,1.9956924035072687,1.1996028902615048,0.4548863798160271,2.0648614436166426,1.1384036431801754,0.9748787374073028,1.8448142084322612,1.9343983120287507,-0.38021430885983176,0.9093380193702885,1.6420097493722885,-0.3339629299863321,-0.40967984113569234,-0.6956031719315403,-0.824599630254898,-1.0047259464855767,1.1388894221971788,-1.3660230985673887,0.4143851467588111,0.4701315965634927,0.3435043808089161,0.31699642846671355,0.5514072892428319,0.5270735198043496,-0.3387925586390012,-0.6453570158619103,0.1862489064102007,0.3637851045795646,0.27790258016907027,0.7781850943475146,-0.5743561858070094,0.14991598299640294,-0.24630702288045228,1.4284598376689177,-0.8070987145593125,1.0629791800564974,-0.33352030813857547,2.2712148370857412,-0.7399864410494941,0.24026632076487398,-0.8774508915636943
3302,1.1493901989618547,1.2367262955316833,1.215628257923326,1.2181739327657823,-0.6803713380105127,-0.6584341422818857,-0.7126825294494259,-0.6709368005108823,-0.6234700251400074,1.091521304081414,-1.0483097156057133,0.20586907228152,-0.1592614465562975,0.5939182269785478,-1.091616340701783,0.18758910541774618,0.4062962802190999,-0.5828049945801818,0.5959339391104469,-1.0916163407017831,-1.3176655257211562,-0.14501140247886937,0.4855657410668444,-0.9150087223521028,0.8028794459421489,-1.3176655257211587,0.314861827098096,0.10940917234363245,-0.054057195695703775,0.6854955601656803,-0.3012055971725973,-0.37207644806220597,-0.5292107323907631,-0.48756096502282514,-0.3867136709330521,-0.21180852562781666,0.7732966849590419,0.4268824550907811,1.0923921691531857,1.2741133944522716,-0.3211891254650685,-0.04748006639461408,-0.04039236535162033,-0.11235202697269,-0.15953971410970116,-0.3846571060945132,-0.3625057547175827,-0.3751813508245944,-0.446622423127181,-0.04221854743806537,-0.5887579142369476,-0.17018741089708395,-0.3689384524327896,-0.08336428244745395,1.902295607054107,1.139507887939614,-0.05098128609548904,2.0118025342805193,1.1127920112013854,0.8274485072554691,1.7790529656397043,1.8641232208303484,-0.36305682129144784,0.9196153592630834,1.5957226114274286,-0.3913124858892775,-0.41618297887773,-0.7054359567470424,-0.7236894153730614,-0.8288064406398892,1.8804150479913728,-1.2359717682543592,0.4000489664917328,0.47649496205626174,0.20215852222214142,0.20793076065481508,0.34219156972234843,0.5224250679544052,-0.3522780975399515,-0.15544591829207569,0.36614988975822094,0.616128636660099,0.33229946407891336,0.6984168564414911,-0.41808718100774295,0.2862428056248677,-0.18245914124997767,1.377569653161198,-0.793468819359965,1.098715716122088,-0.30459320972495707,2.254444603199519,-0.7178296265547052,0.28553809259146573,-0.8405440002005615
3303,1.1750418313321696,1.2020200671462433,1.1952266245641723,1.2470493697186458,-0.721732848254777,-0.6901899720004306,-0.6675803853586755,-0.6945597101202151,-0.694347171561425,1.3878860225797496,-1.1247220384544379,0.2935312822897678,-0.0030415011019265395,0.6426841973586497,-0.8875259365547591,0.4152687945816896,0.3719105466791171,-0.3110522569595913,0.5272275051859491,-0.8875259365547599,-1.2803862306046159,0.14413339125922925,0.4288304840140499,-0.6825993617577087,0.7342179616860396,-1.2803862306046179,-0.12839987323926672,-0.17533193180460985,0.08340039524102942,0.7050829167066632,-0.45489028610740895,-0.1043861911335278,-0.41539001220122196,-0.38302500679609947,-0.34442214142261146,-0.188946086913789,0.7700029657784976,0.4212178726243406,1.1095890808342586,1.2957881723255522,-0.6224629908592718,-0.17347628109325838,-0.20965439787488832,-0.22112743689610953,-0.25975423256778224,-0.4580695280517935,-0.43510513111117455,-0.4389079641034705,-0.5082295239143619,0.08108802941176459,-0.46826231402020396,-0.3529624971579945,-0.5319873180839325,-0.16528337654154174,1.9097424926101314,1.0804858563959125,-0.4079973919307262,1.9817488529771745,1.0805396235676614,0.6979484232250783,1.706590915928303,1.799227545378056,-0.2464839407030589,0.966792706586094,1.537952335802055,-0.4833882126604933,-0.4415406321625571,-0.5266485190324435,-0.8235044450465614,-0.7935689164614841,1.8084082038067557,-1.1636198614572992,0.39689228907543334,0.23163587302138428,0.5255835540100042,0.029634017407734206,0.46262574754720237,0.48992349485710385,-0.46951651999532523,-0.4955665112236608,0.3872101833087767,0.6876411742821151,0.4192039061350625,0.6362908197149695,-0.2692472772139863,0.38734938762673427,-0.016717735076828534,1.3361558098477375,-0.8006660057001219,1.1171386396418748,-0.26322100573469004,2.278840429608933,-0.6952463970285425,0.34270312460948615,-0.7992906344844055
3304,1.1950931674372804,1.300755458944477,1.2250390996479226,1.3469491415149668,-0.7496921309489081,-0.7358748521418678,-0.7735298275251065,-0.7275290764642921,-0.7822735622953713,1.3095954163759695,-1.0444199102459706,0.5001177309830428,0.33625263863463306,0.7685398117845588,-0.5271191676284918,0.7409072036391491,0.4011560053844517,0.12639587415560447,0.49047942146058826,-0.5271191676284913,-1.1205210082825163,0.5701044929099957,0.4115785967919128,-0.277417120052316,0.6760654377971224,-1.1205210082825177,0.08921705010192357,0.36158572631488156,0.036013297006409685,1.3209655216228335,0.31733256279338967,0.3540013096621804,-0.13464811233500226,-0.16773904788023736,-0.18394503440214824,-0.07125574622732682,0.8303451664964326,0.48580546746914693,1.1950652181253965,1.3776870427003711,0.18710256951873994,0.4304074566664876,0.3575384374944046,0.18727454747477731,0.10635929719093397,-0.1614606012398806,-0.1665308890459137,-0.14523702580371584,-0.2723939093479963,0.3513124608919599,-0.32114936814704637,-0.2737415260636181,-0.21615434476101297,-0.07043656300143421,2.03095359779418,0.8692360638549527,0.491149362214218,1.945118926712048,1.0665688953809078,0.6376354941268538,1.6796461331036294,1.7344901883039403,-0.02981179606332292,1.0959293932204248,1.5352483427562484,-0.5451100426636671,-0.5083558732085736,-0.5966267353817362,-0.8469600833676614,-0.8397732311074514,1.946445614207681,-1.1019538165057676,0.46170718637073127,0.25406760741618184,0.48603166075525245,0.06681147629370886,0.46104889930156506,0.4216464350429518,-0.5281602428698376,-0.4877163354276143,0.43482653878208205,0.7772905920674218,0.47752798195836593,0.45717394878035306,0.0009600814988457876,0.5501262104879328,0.18854074431560786,1.3000216047692568,-0.8142594171915543,1.1414135639343383,-0.21352678976867384,2.3583420062976193,-0.661597769174274,0.41120672293051286,-0.7571365461901144
3305,1.323877982897555,1.293114623834429,1.3499992988072802,1.3286839319345811,-0.7917081579615691,-0.7594654847208221,-0.8080924764980596,-0.7702049444519457,-0.7823027486822344,1.3993879649488024,-0.983134986394207,0.5140105549528804,0.36579031550231095,0.771242257215498,-0.37725254981496786,0.307933097616926,0.4063955727626165,-0.04860196551875196,0.46743605466673854,-0.377252549814968,-1.0089982968443125,0.39859889669937826,0.3891067296173919,-0.3292641931253635,0.6252144118465254,-1.0089982968443132,0.5113693365833871,-0.08618805219547349,0.49215194516999244,0.22169107080255834,-1.2027519362634267,0.14449419423827528,-0.1531246499895476,-0.2063553557966875,-0.2294956396625574,-0.11846854238968467,0.7806071070878463,0.42491237852144076,1.172343789913631,1.35836903238404,-0.2917403312927896,-0.13741748617126706,-0.06956163641755658,-0.14094859642490867,-0.19296719191259112,-0.3794127782090964,-0.3778631185952201,-0.3481004908330493,-0.45110162717606317,-0.12093425910016362,0.24103547210860835,-0.35177153212794743,-0.17770122876047145,-0.1862950783422692,1.9664155486797885,1.0460806015197632,-0.28615608382247837,1.8902810331164666,1.063782556516542,0.5972806326420182,1.624202925638095,1.6998434565495468,-0.027570160812247512,1.0827686637961658,1.4818368399681878,-0.5247036141075576,-0.5501230962006182,-0.5092380033970259,-0.6059489059038439,-0.6672697777775841,2.307579386496947,-0.9152046905740882,0.5263990798517953,0.1013871567264335,0.2589302315957863,0.14655883187641314,0.33719778998389843,0.3639798209479793,-0.5212302955881442,-0.6861250974891305,0.4437920852371186,0.7759231660564159,0.4545358834971664,0.3953019491111835,0.37100282226779496,0.8507385255236917,0.4012575443477286,1.2925202904963564,-0.8017437641003893,1.1545801286047452,-0.16489067960571285,2.410886670775817,-0.6293183030561271,0.4864447763064651,-0.7162940551098322
3306,1.3618504046592272,1.2630746534239863,1.1812913092186972,1.151457452408562,-0.7991103870945699,-0.8034235879578524,-0.8233519289823276,-0.78423708254596,-0.8449633161374412,1.3371980236072962,-1.0971967510925853,0.007883913002211168,-0.4204076458077712,0.45877070935977265,-0.6462669548010381,-0.5528453951237163,0.30022775599428103,-0.7592797211568489,0.4176746113872897,-0.6462669548010392,-1.0926228525003336,-0.2856546117360912,0.3084346224387825,-0.8656019248565897,0.5690008128285546,-1.0926228525003356,-0.824889169925224,-0.1864425195118763,0.10431347665328726,-1.3726249366085246,0.40689356940659405,-0.4611419221257935,-0.5364814462487232,-0.602770561671478,-0.5832992899946242,-0.3981739037017784,0.5796592301575331,0.1980356395539391,1.0014668561825184,1.2044231659409605,0.26179509435830656,0.14413107703491473,0.21826199922949838,0.08087406686851488,0.01716918747784011,-0.21142546171313634,-0.23349940960687202,-0.19977042665702918,-0.3226138009704128,-0.7413080422999919,-0.21804702702563833,-0.7158853443781339,-0.5316341241795011,-0.2763819306289719,1.7350633392622623,0.9205963878971861,-0.6817528902461905,1.8574107180026325,1.0294604033559331,0.46414297841000834,1.5682312707696142,1.65065706705895,-0.42999190766179063,0.8892651491428594,1.432700629978014,-0.5972872382275775,-0.19789163568317225,-0.5262851767393089,-0.48962617021581584,-0.7339419550304334,2.252493408761212,-1.0284549294108238,0.02389749247516429,0.46911524264712606,0.08529914018125904,0.3976754176268059,0.40090720769355753,0.4156280896494165,-0.5835277498082998,-0.5752434799386079,0.46794070309484115,0.8403728605099283,0.5250428185168359,0.24625264148910928,0.8072636407267684,0.9549094880253702,0.7440552777905065,1.2919084388694924,-0.797736267585971,1.1744454497997063,-0.10582006433800727,2.4239385929347974,-0.6012764934296366,0.5642536152286936,-0.6706709065713151
3307,1.1988384967194008,1.1322689917074729,1.1253927840042108,1.041574460785411,-0.8067362465575479,-0.8232069825647395,-0.8551970325671464,-0.7884862238555276,-0.5347917834346836,1.3107073040636994,-1.1363780027685193,-0.26117038026331535,-0.7917100537486029,0.28116449120311093,-0.9094635967950141,-0.5572738171531522,0.15834873236561367,-0.9322461593006746,0.3379735421281393,-0.9094635967950156,-1.2120399151166978,-0.4528247827118461,0.2012369967057739,-1.0529186209343586,0.5033820210976192,-1.212039915116703,-0.3099077427988508,-0.5713190890760433,-0.7326231855467136,-1.015822732105671,-0.37741590167404254,-0.7251663745150514,-0.6999778743393313,-0.7832238454493652,-0.7671602199286832,-0.573184621874072,0.4458264881120518,0.04383803408410147,0.890133057576294,1.1087065912721525,-0.632585856130101,-0.4886502708613446,-0.37556282156004295,-0.3257223859219205,-0.35845354915386085,-0.4905144213317956,-0.4901182457902071,-0.45775881168927257,-0.5405659767737538,-0.4713073809457966,-0.4099199425891555,-0.8388703609797054,-0.4282434028459164,-0.5599711797502773,1.3767762886623522,0.685212377890621,-0.45972138263097995,1.8094833338560476,0.9963999391311056,0.32483495889377567,1.5123708038943269,1.5892881034400252,-0.6424845719646399,0.7739941125760385,1.3863210259696197,-0.5528257845882024,-0.3998949673132795,-0.5946662332706617,-0.7093675593396567,-0.7900482508242483,1.845727257879386,-0.9457399559620712,0.3136588950583667,0.35882041308747453,0.3005413723620707,0.19374986231602487,0.4086706305841341,0.32101551653988025,-0.6002936248742953,-1.2938111914121637,0.22477715689684014,0.520520992798346,0.48095348193689746,0.09985238911376011,1.24295699241743,0.7252135209013533,0.8949277621887849,1.2748841926329482,-0.8166647485370705,1.1903783111900732,-0.05794306208202374,2.432062011859501,-0.5700738174366697,0.6520329495428259,-0.6260989334662452
3308,1.127596728226407,1.0517549073144876,1.0416746387449514,1.022008430683276,-0.6619317977553152,-0.809199205851509,-0.6995817293950505,-0.750840904147327,-0.31023411158092357,1.182950569146184,-0.789819225532234,-0.2625300449137536,-0.7613111944502452,0.27186517656128123,-0.9604943099190235,-0.1157448956878889,0.047180516314001636,-0.6946657311510904,0.24741456760770716,-0.9604943099190251,-1.256429263566851,-0.21089065526604872,0.10242433474201632,-0.9161195733916521,0.4316728312147704,-1.2564292635668544,-0.43689849961796445,-0.38222654630465475,-0.33810157194055457,-0.6660866669281097,-0.2922773418274169,-0.6348590093326013,-0.6359813805214838,-0.7280701618013038,-0.7606591156882148,-0.6111011984980826,0.39537355993288265,-0.021337305661755793,0.8612949467059329,1.0904191565469752,0.46158401135339167,0.22827192093700058,0.3237034857782258,0.2569934019466259,0.15700593687478145,-0.09567696429993791,-0.14652684884864917,-0.0963287860205026,-0.23938397325418959,-0.1270786419665581,-0.5011226550241658,-0.8102990532547959,-0.661141048944986,-0.7624228393574166,1.3793138021570044,0.6342416532910121,0.07188801800198297,1.7872593079985328,0.9485935862505447,0.1590382198105759,1.4966310387531303,1.532109531998208,-0.7103485558560548,0.762247295034713,1.390395260201651,-0.5810349438373874,-0.5037575191092033,-0.5411057698352841,-0.6406521836007416,-1.0083611313724765,1.1736470883541594,-0.7348402806952778,0.44195789200614116,0.18900629063696747,0.2705279686875604,0.5994545587756411,0.7199432017961623,0.04289974581347227,-0.6117694370565677,-0.9720479407894833,0.02267328350924448,0.2945214384726832,0.5195540122124784,-0.2862310258655865,2.362533559329941,0.5217868836697481,0.9042323111536453,1.2796058724085808,-0.8518801902141451,1.1964744148779243,-0.015661239135805947,2.4289295893783636,-0.5299715326128369,0.7229281489691655,-0.5827633200861371
3309,0.9474338831376213,0.9009954252306894,0.9042512025978822,0.8313064020527603,-0.6127100878863168,-0.6641354805657854,-0.6471896170704542,-0.6024487062607466,0.04293332824982781,1.0178916307920356,-0.65585364678346,-0.7927797014016031,-1.4502675669170702,-0.08348591873469362,-1.2295294659513567,-0.5805346319728416,-0.1497756129984995,-1.156751292718351,0.12111579145908027,-1.2295294659513585,-1.41198231528402,-0.6456961624946252,-0.05012111288048954,-1.3099977861413463,0.3446720097009786,-1.4119823152840238,-0.6687768045168364,-0.6647640351061943,-0.7913979241314888,-0.8188081828926551,-0.39720775344883036,-0.9420946992017378,-0.9610344481660607,-1.0501062478088636,-1.0793157631067973,-0.89098556932712,0.1805405047050559,-0.2661415365017202,0.6686764446750583,0.9261193649930987,0.35472877292668975,0.12620764003704255,0.16960808279770315,0.2172066420495264,0.1223581005670622,-0.1223467753658526,-0.1818544565105996,-0.13008244412482603,-0.2646623613954719,-0.7898483113565168,-0.9925494660645077,-1.0928946196042855,-0.9487663033395052,-0.7665249405740643,1.1185904439094772,0.26208648033319504,-0.5433017313748555,1.7189033320923175,0.9203360830001871,-0.065680864273911,1.4570733621832637,1.4782411689025894,-1.1488261203045498,0.5472797909606352,1.361957939353071,-0.6373098103521053,-0.5142098038658521,-0.552441470826203,-0.7294430977919922,-1.0418225434177397,1.2467737931082314,-0.6570171709433592,0.43306248144011206,0.1926078837759179,0.38212682955620497,0.5397725743302982,0.7596037080984643,-0.040149329360482204,-0.6847182568333989,-1.1212865127035203,-0.3004251587611072,-0.06785809533459737,0.5786525095443091,-0.39916251056360474,2.1087248771292044,0.2585106586067187,0.6826717539421419,1.2515641483525364,-0.836892237275015,1.200975249771807,0.029659349161294063,2.409318836252397,-0.48190649361355725,0.8046317536220107,-0.5396805754734647
3310,0.8171457292508562,0.7593833916979116,0.6877652870205367,0.7121511570353608,-0.6084286213124807,-0.6006429794177826,-0.6060497818871272,-0.5895573913894876,-0.17090016738709538,1.1870780895180302,-0.5305280717605341,-1.0595381324568456,-1.7235325261317431,-0.28724239346068103,-1.4066072978740771,-0.3932002979744799,-0.35607633495990176,-1.158888561567288,-0.03357109846388091,-1.4066072978740785,-1.550049650332143,-0.6179608377798855,-0.22093255914447726,-1.3819199087537883,0.24135758998252674,-1.550049650332147,-1.023813287552345,-0.6393553918971939,-0.6065459713467781,-0.743649144273567,0.6086810963065776,-0.9218506089504076,-1.1482949660270776,-1.174511076323798,-1.2397013818693874,-1.054942345956895,0.03547115467094388,-0.430758931668691,0.5444364755729524,0.8255040186661556,0.5916279614131429,0.469696280837645,0.37639841212527486,0.42698769127365266,0.38407775060248456,0.045863669065981334,-0.037044271095798706,0.017917579936219306,-0.1385316702769955,-0.5116776460334561,-1.1503088828307457,-0.783198330647164,-1.1246351120235247,-0.8401856754902663,0.9537503649862233,0.28860334441822993,-0.8237012700593385,1.6258547192353763,0.8987167159748343,-0.19692004546058564,1.368640285303267,1.4275364986422223,-1.2767016693849564,0.4140391447077094,1.2676395924635204,-0.539741215866858,-0.13717661091909392,-0.3245681632363357,-0.6715158534479334,-1.031133590201815,0.7724691153194893,-0.33178630329321634,-0.03552049359979382,0.27612423459365454,0.5533887000412464,0.6078951088838279,0.9535652139051057,-0.29044180042649814,-0.5073763914394339,-0.18765919771934794,-0.08473080783332582,0.15237726003882512,0.4836796683539919,-0.7774346334266065,1.480733657843227,0.18408025138330442,0.7733998098273354,1.1918304096661705,-0.8356789125893104,1.2668829713956389,0.07102942444871345,2.3853195014074315,-0.43319736140632276,0.8891015730944589,-0.49617398781139305
3311,0.6915115583323839,0.6975237039448241,0.6733243451610498,0.7396548512375879,-0.640444163618468,-0.6361239081126638,-0.6448370495992507,-0.6130503081539295,-0.45863385091568043,1.4273953293573822,-0.5040562020399592,-0.912684375407058,-1.419177746914876,-0.22661411114518226,-1.2455537943533044,0.3310860006558821,-0.4720523330645587,-0.6128216478839706,-0.1785267097463415,-1.245553794353306,-1.532774974771068,-0.03139643541090848,-0.35164486986611704,-0.9946855741759152,0.13177734993600063,-1.5327749747710722,-0.11879611092804916,-0.307024071159742,-0.5828643362080292,0.42548071944834265,0.03143174129552009,-0.5331343260821675,-0.9511815007428831,-0.9564831700291295,-1.1143599549279026,-1.0041138452134477,0.03142275928891075,-0.4425744872068655,0.5581836023003071,0.8517791401564403,0.19114165161850935,0.2359728626950128,0.15687901867517992,0.23802332712038698,0.2210474491142553,-0.06736131758270608,-0.13719668608749733,-0.07707819345603463,-0.22133215313300814,0.06079350918832295,-0.8043529702291662,-0.8486468645305856,-1.164235075797362,-0.9357081279233734,0.9930107730312417,0.3718383209118144,-0.3685449142539933,1.5632630973185726,0.8727828462524579,-0.3189888777633759,1.3247273486136026,1.3797409790512138,-1.1326606881943506,0.45385893282081247,1.2300854655920763,-0.5540020031122924,0.11541765100638839,-0.5308702822762046,-0.5258456236713167,-0.9930892490150323,0.48985778667831265,-0.30006291907190913,-0.38267051752457,0.79144641757983,0.13653976901752896,0.7545233982822833,0.7368971009171247,-0.30058220022615795,-0.5107643885093677,-0.08935823808165225,0.1493920542485402,0.448050286749158,0.4958739435383304,-1.6838066539200753,1.069271796634914,-0.012556871768260782,1.063218242735215,1.126644194244802,-0.8159591298333244,1.2955533218356046,0.12824850852474165,2.3836585925544336,-0.3816099101203339,1.0016311492033432,-0.4502600734628724
3312,0.7516193649296823,0.8277742835621029,0.8001095705370103,0.87138547214077,-0.6100572925981321,-0.6873934622145992,-0.6338584780475817,-0.6275243510715249,-0.4778068069300445,1.4282665600578666,-0.6268987387329346,-0.48402530377111075,-0.6989779131534931,0.0002263665864831024,-0.7730282581545392,1.0074376915505956,-0.45813306443700785,0.11850484825962962,-0.2737589476774412,-0.7730282581545396,-1.3312575477947342,0.7247417106700916,-0.40777025782561677,-0.3785069178061691,0.030717335243702137,-1.331257547794738,0.520241564310368,0.4918605662992411,0.20519197826091512,0.9948455796134354,0.03145930268842388,0.05710891037097266,-0.5270091697060207,-0.5888483705556937,-0.8259269566338159,-0.7978393858114787,0.13209960414692326,-0.34032871964269734,0.6731250254835662,0.9675637308539407,-0.7019809525896932,-0.32853201118103964,-0.28670028497827593,-0.16536723843936546,-0.16339804826762144,-0.3566131234265886,-0.3881290861479978,-0.33794288636348124,-0.43388802852010055,0.4699159573602792,-0.40008762939270026,-0.6622488717271314,-0.977478957073702,-0.6100630638412267,0.9986022906111679,0.5648890658910736,0.4675650060751346,1.5263943543360818,0.8410599539320426,-0.518423412153582,1.283045007361508,1.3345361265956546,-0.7333649466558505,0.6202415294102476,1.1942762681443504,-0.6038742247504281,-0.06767052099474319,-0.5017716656495608,-0.47370084382923355,-0.927335347494034,0.6210659438294267,-0.36307549195519634,-0.15690729592592567,0.573359884227839,0.09609102831247245,0.734801632309378,0.6867030379994102,-0.22285384594905988,-0.5979812600175302,-0.505548790559093,0.14116325843658759,0.4689463043933761,0.547910935615726,-1.853968827915388,0.9661631961068274,-0.13940810517884436,1.437840962328271,1.0800587415989966,-0.799005797732867,1.3294405998902485,0.20054644905936306,2.395248158274674,-0.33049573163085744,1.1106599448021028,-0.40270490823606025
3313,0.9023128528489274,0.8703039251815455,0.9124865413760607,0.8818398241705743,-0.7080715670613189,-0.6060511036894883,-0.650135073135526,-0.701013106676937,-0.6954483255485195,1.4473037908358901,-0.46602632326906096,-0.4099664710688545,-0.5628015245949289,0.03159416696425855,-0.4499500832526485,0.6851945046441172,-0.4421272838581771,0.12979290537068414,-0.33378873409019544,-0.4499500832526495,-1.1358289016356173,0.7276912337473133,-0.4496757294897052,-0.25354766160137854,-0.0607443805742517,-1.135828901635621,0.436550968930933,0.1132977837979553,0.5861958476061813,-0.08800400625396493,-0.8485879463870972,0.18667533110427273,-0.41338280293732754,-0.5042349889193188,-0.7632353339247651,-0.7787798116446236,0.10617143301471621,-0.37897667147178843,0.67275824687429,0.9785352597343483,-0.30718351329240023,-0.1361393352122814,-0.06846843146405697,0.010175958170196672,-0.010367074240138354,-0.24597161793230826,-0.2897181104157195,-0.23492505305470943,-0.35031129042757514,-0.02065073428791379,-0.3536704412439501,-0.6964144816120176,-0.9200016334359429,-0.7815673983523276,1.132048156564092,0.4252052026567893,-0.06364380123991262,1.4778080227287773,0.8168015209580334,-0.6657143030706784,1.2621587772796554,1.2916487417310032,-0.6918543941110389,0.6415542853047064,1.1853118703498073,-0.5383747731774373,-0.3394677154944009,-0.5844571288905777,-0.6067239661371101,-0.8965121000267856,0.6804878342459934,-0.5326409359495454,0.23719696608858853,0.40995395434888354,0.1846396989009867,0.5239255189839719,0.5816089050203948,-0.07958201154345428,-0.5051416567776462,-0.2523367020256304,0.34733787606515787,0.6895155010158182,0.4775422436470747,-1.8073644451491337,0.94442582216919,-0.1486719626311692,1.7069381763595532,1.0199934459325433,-0.7562692032255547,1.349089337964521,0.2886140843501622,2.4176758534316547,-0.25137878921983353,1.228340336359664,-0.3567565342673078
3314,0.9301772085360794,0.850954130495476,0.8215823604104642,0.735288018875719,-0.6715257517673616,-0.7281481783557634,-0.7306798731011486,-0.689453366404597,-0.44554559253030374,1.42118398297988,-0.3350420297371961,-0.828081852779502,-1.1014844006110902,-0.26164252482949923,-0.519219902268817,-0.14972966060327217,-0.5319094291287347,-0.4325294078426399,-0.4049505307440643,-0.5192199022688174,-1.089962926676461,0.14731035063577225,-0.5419751462633511,-0.6142412171049587,-0.1540221405157446,-1.0899629266764632,-0.46864241260492795,-0.14921011006393128,0.04745727424975516,-1.4202556841071503,0.028591281543675535,-0.27641815725751945,-0.6361128826782795,-0.7619233961005568,-0.9793772570859074,-0.9968006522808773,-0.0847474774475122,-0.6008019740344723,0.5198091775176937,0.8545382675601896,-0.49953168112058133,-0.29858444896441855,-0.2548511716538522,-0.14429196599805563,-0.14975121921796256,-0.3444401864904341,-0.37033147207974343,-0.32989359821778735,-0.42224102874614966,-0.6312025918670915,-0.2820606336257297,-1.0350759936901894,-1.1073057874676488,-0.9883992797274312,1.1324625338679841,0.19846221016994706,-0.6041483459268103,1.4520776792933807,0.7765992537200541,-0.8344086263295819,1.223510809155581,1.2508428134134957,-1.0065448294968045,0.47025793946036853,1.1517067600703934,-0.5952949348978519,-0.46181950761907625,-0.5728891863148663,-0.6626016227955085,-0.9484688565390387,0.9985986224415087,-0.44827237708479784,0.3789694862079892,0.27442523554565723,0.2713956767141847,0.5394092736726207,0.6597045051387078,-0.1773843307116502,-0.6323248734017123,-1.0460559610299267,0.09363862861578096,0.43231622470260267,0.5376237711266524,-2.4921770855514693,0.31801078871289895,-0.3198208675336963,1.7636353153252722,0.9321156367496007,-0.7079120677938733,1.366673980005578,0.36527940464979597,2.4208739883776316,-0.15977163919849274,1.333363726507402,-0.30472299898455946
3315,0.8073465014937614,0.8612201460622109,0.8003514167670999,0.9287766585165659,-0.5851905136712544,-0.6786493834978833,-0.6638528198675648,-0.6240318020317044,-0.28895005826978415,1.501880252979861,-0.4496187597876015,-0.2946473623682932,-0.3085203453269919,0.052460190874090144,-0.1375659196869599,0.8107773325351845,-0.4650300314349488,0.40987510585337905,-0.4313719599060316,-0.13756591968696003,-0.8443866997999346,0.9482971089237731,-0.5437466093254537,0.07813867676407063,-0.23144483320574932,-0.8443866997999369,-0.17543231621810154,-0.04036915049512903,-0.5922515097157873,0.924957099802809,0.40471031845437155,0.22198047336136092,-0.07010742471839614,-0.27247328995863024,-0.591693493353083,-0.7094446611404065,0.06683502462815792,-0.44950152911060454,0.6970005743497583,1.0264279286856106,-0.4834878820691788,-0.43447013706392806,-0.3876892723388265,-0.2586582616702881,-0.2404324566844704,-0.4128506678164763,-0.4239372232121259,-0.394364406726378,-0.47103513646783274,0.6510203362660018,0.23425069668676565,-0.7642044209939467,-0.4986879430766251,-0.8445088888403319,1.214446791368472,0.3949173988574825,0.556092149082002,1.4112972778996575,0.7587940713519179,-0.966767366715834,1.1598794552096692,1.2119131172826128,-0.43652791495204374,0.7153601454116901,1.0830114125971775,-0.5686841181018489,-0.5115194367686863,-0.29561186678949314,-0.5182574708835921,-0.8987018838005554,1.0483171239964644,-0.24475166087992342,0.45716667639766645,-0.13078874753110206,0.3775774567218984,0.6624689159096231,0.840585020657251,-0.31286367928425163,-0.5885377668693293,-0.7634102591207972,-0.045964017853168185,0.2730668055384279,0.5189949776580074,-2.192902667041627,0.31580249428934587,-0.47010440137994614,1.6713404317329177,0.8558216366922337,-0.6429758047429216,1.3884232634499418,0.4307723775384268,2.443987824195726,-0.04424282802598905,1.4153710725809583,-0.2559605003864668
3316,0.9789696299814875,0.8912869491124779,0.9721251657858871,0.929946025252888,-0.6097392841296966,-0.583614442665673,-0.6114931684702153,-0.5925398592016647,-0.34619516280749435,1.4487745351064283,-0.3383015049361093,-0.2700778327448424,-0.25605157738308154,0.059270918445152046,0.0350021613713765,0.3669258834597291,-0.42810221105091784,0.24928861016783394,-0.4373682060242245,0.0350021613713766,-0.6546114013479347,0.7384956999450399,-0.5486239541078256,0.062441617283882395,-0.2963818853964027,-0.6546114013479362,0.6260727731979929,0.014949178958700887,0.6010108500402912,-0.3229617613072186,-1.2672776874011504,0.06906102934917126,-0.03222110289806861,-0.20844603351420707,-0.5556335378180162,-0.7226955262936383,0.015799615197720912,-0.5203599840686995,0.6843767133580219,1.0315631803491134,-0.5909544243074458,-0.5991315086257037,-0.5353560787476088,-0.4077741874760668,-0.3743317149876684,-0.5136006850052276,-0.5103554066510044,-0.4870172249180827,-0.5423680984684162,-0.09246367556341684,0.16687543464872717,-0.5292038927419191,-0.6081570190876447,-0.9325567898470615,1.2887618215120995,0.3612331483365358,0.02352141719076019,1.3676871708223939,0.7443376218702489,-1.056264572154637,1.1223730311018023,1.1746801026863234,-0.3977640866099991,0.7261373398005957,1.0488730595446931,-0.425394059792015,-0.2316781553806497,-0.47610174483878515,-0.6362602143726632,-0.9307634001777924,1.2536207641526278,-0.3713907379591831,0.1378628192766706,0.3789017375337921,0.34026062232684007,0.5617286597023696,0.7273737779528777,-0.24161919291047093,-0.4177257308108034,-0.45176371991013436,0.05702259643207069,0.3304830597896385,0.37703156869725274,-1.908246997887859,0.44844218206495445,-0.5738668345324436,1.4982937819751454,0.777859380171019,-0.5461199897306495,1.4047589857671128,0.5018944288777908,2.4605085934228224,0.10518236702681655,1.489541692609941,-0.2174961683392025
3317,0.9419963197136909,0.8658946719858724,0.5434748307969014,0.8292398965069292,-0.413869571967477,-0.5758726793534558,-0.3503707414407098,-0.5127484703427714,-0.15346894930475322,1.5825813410204141,-0.5340302000004664,-0.563663717537372,-0.6331185708707503,-0.15074683216660847,-0.07609465579183113,-0.23615073146178733,-0.4789460093980442,-0.19550830950040762,-0.4587819384207293,-0.0760946557918312,-0.5912736871749925,0.24422723607192676,-0.5953020665100762,-0.22667693364495248,-0.3592527294843383,-0.5912736871749932,-1.7904729526256629,-0.198914165001524,-0.254222533126554,-0.7542125052391868,3.1173053186721384,-0.24723338560412944,-0.23734467307408033,-0.3489211597908609,-0.6862521418346064,-0.865598844290286,-0.14071379656573077,-0.6941448666491483,0.5704731434887659,0.9465399324656897,2.0781208568853526,1.1838163814298377,1.1652006013838052,0.9303945564656129,0.944543321099162,0.4663375239333221,0.3866073697132939,0.4017462644112014,0.1746198875346101,-0.4494940621665997,-0.24742219746438118,-0.521470120489479,-0.7331515019515943,-1.016952645370834,1.1236725599077568,0.1476842145686711,-0.6755114096094177,1.3234570666457575,0.7220399508191931,-1.053986472960318,1.0895511962890234,1.3770355493137547,-0.6086462016157259,0.5067513410179624,0.9066244073144095,-0.5059532510306805,-0.2060579121056017,-0.5918206874446093,-0.7147574032115099,-0.9180550854233427,1.4339919404407042,-0.36704780284858735,0.0699334211974245,0.5532751968947035,0.31964353844667714,0.44711641300816746,0.6159383340447914,-0.2459674302956806,-0.5255736745085445,-0.6353290767793296,-0.15140810185337825,0.1392671224481686,0.4712419776255501,-1.7860109605577537,0.4344843655143745,-0.3938340616108983,1.3508001360233595,0.6698194955566166,-0.47800948966284507,1.3096123817378704,0.5728918256896548,2.4686519984889554,0.26155042103385534,1.5350759823935487,-0.17882508270051242
3318,0.7539400124424231,0.7018900280888978,0.6376502574264532,0.7273244093142227,-0.31950835736451516,-0.4183164684277591,-0.3274385572895663,-0.3503498363958819,-0.26550479164210244,1.535710328217996,-0.6175475930211038,-0.8400029648924217,-0.9715876713584036,-0.3617195520631873,-0.28525246901602064,-0.44551317250479217,-0.5857416330563813,-0.46153837682995463,-0.5095494694915418,-0.2852524690160209,-0.6059390492749968,-0.0625928710764341,-0.6747848444903674,-0.4421568252594378,-0.4270484026421788,-0.6059390492749985,0.2951465509094454,-0.6983222277877376,-0.8221521220272737,-0.13854043991152223,0.4268084471006492,-0.47270037185087344,-0.4122657806219877,-0.49744044988892355,-0.8014307158581391,-0.9827946778888911,-0.29679710052968594,-0.8280678758795565,0.45334771838295645,0.860975904078883,-0.30375129460681977,-0.2875599526343063,-0.23030923863378278,-0.18122329466914758,-0.09999186850801685,-0.31608477468038754,-0.19773350939018183,-0.3093766937585483,-0.39304397863051554,-0.43789250896818505,-0.43309192715877126,-0.6309517788047527,-0.8869648416875,-1.0756726531893972,0.936622106925412,-0.0010379651677455129,-0.3301352175644889,1.2775120546437837,0.6894600674444044,-1.0536460344813476,1.0579957363045058,1.587415912000453,-0.8083561200982023,0.2704333053423284,0.754612679889216,-0.5466641074504155,-0.39825128784617203,-0.6061913307733976,-0.7530174864564316,-0.8784258786646096,1.1565531673534983,-0.1890272889078163,0.31342039417164047,0.38120700693809667,0.35555999366443186,0.3394474385095097,0.5557776324083771,-0.3682733816007611,-0.5332419791647215,-0.12738319027648878,-0.10750891917423669,0.25980575053017396,0.5191052829626146,-1.80744487614762,0.5271200449691696,-0.24215270064334934,1.1783475618242518,0.5514142920137745,-0.44093620900557773,1.2102016624001164,0.6505964968933927,2.4602647527557675,0.4304573237401085,1.557859864151556,-0.13401551519573965
3319,0.7231395140573647,0.6990025043589229,0.7029511897170353,0.5894665246751625,-0.2401932625378785,-0.31145353616978466,-0.3179769845838393,-0.2469537511648524,0.38924302982411074,1.1283219254734065,-0.908523082428882,-1.1989657435339316,-1.388866205725749,-0.6509479010416567,-0.5583914682596408,-0.582445571780402,-0.7506666040654392,-0.7244407450919986,-0.6002815514350355,-0.5583914682596413,-0.692625847219293,-0.34953405425862444,-0.7935005944697167,-0.6908907538928463,-0.506938516014274,-0.6926258472192949,0.17628788279397917,-0.0934123858844248,-0.20660077484673872,-0.8644810909580913,-0.28600928618296917,-0.8130031854382459,-0.6769556489007099,-0.70997624234927,-0.9547631614465926,-1.14557018850717,-0.4912214388352939,-0.9969231117467923,0.29993729507704603,0.7443126304431913,-0.5002733785333233,-0.38244223582052317,-0.3685906882498732,-0.26989146875984577,-0.17787772306959113,-0.3849396602588483,-0.23109940904186138,-0.3723217227092896,-0.4411136111612779,-0.5512599121847899,-0.39764320882737364,-0.5439838067009569,-1.1437940669555542,-1.2140010057698376,0.8065668371002006,-0.1169121830833877,0.1768509027396415,1.2258414099630792,0.656251790470467,-1.0668851147199023,1.0304719778012028,3.363177977978195,-1.0855957198050745,-0.7805643599095053,-0.25539054480068196,-0.5775941331783324,-0.46735165657846667,-0.5848278756216891,-0.6968369547280965,-0.8334311213745655,0.843232192421462,-0.034777699464130514,0.39419444406838744,0.2845231404216046,0.3039414594430523,0.34302940486189526,0.5183847186560658,-0.46939733168750475,-0.6352667573029563,-0.9745392785983606,-0.6540370196633174,-0.41992736668237757,0.5561026366664913,-1.837518854308919,0.8884308756249186,0.20617015762623214,0.9481956303381418,0.4819142900540094,-0.3697402803462748,1.1205909528013065,0.7227256645795881,2.4312928373418425,0.6041601983774717,1.5329403779417126,-0.07660355894470673
3320,0.7334914038330612,0.9241409540391117,0.643143175599954,1.0014377533118617,-0.05948033965307827,-0.20144450162212854,-0.13522616959952682,-0.1235536077469483,0.21230708194530054,1.4357696273451097,-1.249921670567348,-0.17940979184909228,-0.03963284188944369,0.023441038154153476,0.05026627472538778,1.2871645679497479,-0.5906842610904631,0.8283478103171977,-0.6092137149005202,0.050266274725387486,-0.3982626447610155,1.1595190590410636,-0.7335838889195189,0.5136028047432534,-0.5616732509977808,-0.3982626447610166,-0.3381655397720357,0.7096921595033985,-0.05348674288831719,1.8250464099447226,2.4810684227183883,0.4054560056095957,0.15693627910602037,0.1323446033120206,-0.28991787126799234,-0.5827135411334596,-0.13060019693004024,-0.5889745712916412,0.6922515966708566,1.1065296630525552,0.2695747372002524,0.30324955619427274,0.21393110893037054,0.20130320537869137,0.2654786315294617,-0.06459361944249682,0.15318112463223343,-0.08565849216706115,-0.2083880841109949,1.2959001299077146,-0.11994298727663816,0.10753595900697167,-0.7314302557999265,-0.5144373615852114,1.2973716824035502,-0.005695899885962866,0.96148204326267,1.1781234214037348,0.6589580679086097,-1.1907464005492872,1.0426667623092993,3.2642578652791,-0.1931117000761704,-0.4390584183026636,-0.36497322961438144,-0.57414869769378,-0.4950647292677082,-0.6041414804211496,-0.45730038826693686,-0.7065087625605769,0.6414192028954646,0.08812686471205089,0.4332568507270359,0.2813791716579427,-0.04076907673088319,0.4625517587708495,0.3451050370763357,-0.4974384585184202,-0.5524264767504,0.20921784254363462,-0.5544852139372944,-0.22728719137686493,0.5652631646044185,-1.4211312924256334,0.6302190216525428,0.12612022127799563,0.658978435681329,0.3867800143443303,-0.27672154123694886,1.1198144958884972,0.8097833961395317,2.435040749655477,0.8010497386260581,1.5001625025514613,-0.016013107881313826
3321,0.9273772287627592,1.1213814693212458,0.9651510064518763,1.0697277418415552,0.2450889947303773,0.07108963574629887,0.15354779887636996,0.16270246007787878,0.31423980733294377,1.7025346353622164,-0.6222631769769777,-0.03409276052891791,0.13702658095843848,0.12244669418192179,0.38879506503086675,0.7140059864160188,-0.4519883463495999,0.6947666911486391,-0.569550222898934,0.3887950650308665,-0.1494729266532418,0.9744270810140043,-0.664226079409602,0.5576010138032114,-0.5937985915063622,-0.14947292665324252,1.0664188238634622,0.5422366648732765,0.5746764500186664,0.9656251716984489,1.167831475542205,0.5084134540510719,0.20307082477585486,0.20253362107353315,-0.191347508423508,-0.49801435909847447,-0.13007931514165313,-0.5582070770074556,0.739238234861885,1.1678857696191205,0.09071965902585527,0.38204292285437197,0.2751581168724697,0.25592282864497956,0.3072174173413697,-0.025097994835408484,0.2090620139666151,-0.05117495726875021,-0.17739200626945634,0.0962742813622733,-0.03514311970522583,0.12197743509467321,-0.47303119705443836,-0.5606117846321279,1.222863257876534,-0.2141094956060524,-0.22483568837475273,1.1269446553872897,0.672940902703351,-1.2308613419902663,1.120721540423296,3.2920139234020835,-0.25397466621806475,-0.5819184757551406,-0.474400138193793,-0.05892982978672027,-0.4520712968484659,-0.14534468602829864,-0.6997691540943234,-0.6929694322545559,1.5417688951135315,0.01852499801993282,0.5874337677363876,-0.26653941323201064,0.788573184662578,0.1258981920666956,0.7214914212764746,-0.4469102518791787,-0.060527891129310014,0.1758158668249247,-0.24177145554384044,-0.3144067299604437,0.07284171620778164,-0.8120782234801203,0.8572499098740715,-0.2496405100788386,1.9914540112163124,0.2679421656733032,-0.13891973837856522,1.1609351835611799,0.7920528227722854,2.4423922169459376,1.1529117270748994,1.4704686847223376,0.021073918112870637
3322,0.9720324534243849,0.9141538443868013,0.8527825589789078,0.7779574939084981,1.1392945635858953,0.8108635147254529,1.0171937679703071,0.9377418521354893,0.25148675130554127,1.6029770597679707,-0.09719173127176844,-0.8259281248972633,-0.7961366468936701,-0.511876179970307,0.023521917357362244,-0.769012222301401,-0.5702974155073003,-0.46122634945452123,-0.5827432320472832,0.023521917357362886,-0.20490353951424956,-0.21672951654886732,-0.7265619939182031,-0.28114605683247335,-0.633460168550594,-0.20490353951425083,-0.5208448413569657,-0.8085132438658064,0.01714912943620024,-1.1344330318748073,0.3552793558230917,-0.3233770904739344,-0.4113109771914071,-0.40946254168217106,-0.6264229428235144,-0.8881885734984382,-0.5106801104399785,-0.9084362529515044,0.4190792689711155,0.9177498220894719,0.7670700220611161,0.6033430010452967,0.573940388854574,0.46651875764060197,0.5357360907640715,0.14797796984123923,0.4100931112057234,0.10287792103256672,-0.050217800318379975,-1.0078600605144787,-0.29194361561019744,-0.435797630323967,-0.6396043515992166,-0.8273925362074745,0.8845628315676386,-0.6190870563908281,-0.8252185202752256,1.1083698367630357,0.6554828887909319,-1.3030683138133126,1.0933465724599924,3.006534916611369,-0.8573506638705839,-0.9606680550358789,-0.5166323380029705,-0.18103554639212874,-0.3911704627382446,-0.08483586761881035,-0.6599616201164736,-0.7311655468623807,1.4245575510503925,0.1778215529117213,0.4547149147117089,-0.2831192827091475,0.7985044764262496,0.23317233702964782,0.8179500092835562,-0.6070386601312863,-0.1735336372389455,1.050431944561541,-0.2919003476931297,-0.16658154579914627,0.24427262291732016,-0.9370215795869652,0.5960885314865096,-1.224168779525514,2.2281752654884666,0.11083750911938253,0.041217091588406446,1.0267411410743443,0.786292940331461,2.402042282893755,1.5808136129471049,1.3907000928008326,0.04679383472853023
3323,0.8121382455767416,0.8582172060946919,0.8290973234128183,0.9441275573001775,1.3851219024916122,1.242591891464499,1.2399669776222983,1.392809661045134,-0.37834930905343644,1.6493197170374942,-0.36237751491654974,-0.4788683768426741,-0.36918020728390544,-0.2683864533691987,0.09219351800605849,0.14441477915007103,-0.5506604970724877,0.1495596177931159,-0.5859650855934393,0.09219351800605849,-0.11759236576993334,0.3420360018053184,-0.7194475776854362,0.1531167050636338,-0.6656754484845541,-0.11759236576993404,-0.2106230414213028,-0.3105325515076428,-0.6557087944771937,0.8538256564399802,0.07479895856375852,0.001793618255393236,-0.09670146402243149,-0.14862981973441536,-0.3677032256878527,-0.6719854091619754,-0.4158535674248725,-0.771673779794744,0.5626208779351977,1.0652670729009321,-0.522383844059654,-0.28453703628398225,-0.21954627857003184,-0.1890102428029755,-0.09580317096085729,-0.31472074563905444,-0.12641651967270523,-0.31271563697691995,-0.38023893843253254,0.387682175486689,0.07992064158471532,-0.2868026337795792,-0.4846229840406044,-0.7443948102600227,1.0605438593673875,-0.3240663033038937,0.4137553333226258,1.0748684309693441,0.6650277076629223,-1.3702511056353774,1.067639549398935,2.8047604916020172,-0.4592673020927612,-0.8164233994736813,-0.5819786656008531,-0.12415229000963117,-0.4738074205399946,-0.49313675870423024,-0.7344238992571888,-0.8972858816110791,0.8745266476410043,0.5437807125027141,0.5897579130135265,0.15880087517356026,0.4553042966986102,0.3864356511893942,0.6719746654491332,-1.0094141974107627,-0.0936884480090569,1.621761133903384,0.09059518502765705,0.5414368372708257,0.19945674740030508,-0.7865139531351231,0.6753421929830914,-2.057217518141909,2.3668374594220376,-0.06449358602198585,0.25501443622946623,0.5910426653230397,0.7920857453077743,2.388468637657445,1.9206181713631694,1.295949964148757,0.07441912700573042
3324,1.375008389454263,1.2579240221387038,1.1629392796605884,1.1344117786991759,1.626813269045259,1.4688381669847814,1.4965208098669434,1.6198596599205537,-0.6393984070878911,1.8431209851496921,-0.2527306735839416,-0.12478430364678646,0.03754047560079567,0.0030032172806766927,0.3584618610822752,0.5590276169871997,-0.42422235372919653,0.5798796275179524,-0.5462170950661239,0.3584618610822754,0.06741387420364706,0.7205956799637914,-0.6464132124122428,0.5316806566600697,-0.6786029190523892,0.06741387420364678,0.9526643149201415,1.107860063090747,1.6745170198602068,-1.2982149819034567,0.5619380760487158,0.18998526487451287,0.17973343478500944,0.14587409274436114,-0.0831919766306874,-0.43526033500183736,-0.2923936124288387,-0.6086867354261883,0.7346202780368819,1.232737494526496,0.2480210801333354,0.35912139377789953,0.393676464440173,0.33196965517555527,0.41694316343204335,0.06102541795641048,0.3048594502057353,0.025310471317827536,-0.10731288899732198,0.4329743844826297,0.5353074902180273,0.11528828131684407,-0.10087667867968429,-0.7207467402247119,1.0510549387125503,-0.05787329218038175,0.2125358586693928,1.0273773140620381,0.7133491134506592,-1.3211202458429039,1.128060213694889,2.838819782187115,-0.2116275403402191,-0.7820126836435132,-0.6895540197080366,-0.18157226903160728,-0.31149287894999717,-0.4709251593693057,-0.6702299117567687,-0.8897805163561011,1.1777914196962251,0.3648377407583128,0.34656310820229713,0.2928478621149658,0.39238792027161246,0.460422912365645,0.6820724885770165,-0.8833871460152392,-0.16980287438057848,1.5696786095713229,0.16143054510355503,0.8476030728105292,0.26781378048492216,-0.42524706483411945,1.0437906625250364,-2.6461609296833393,2.3303838047718104,-0.21115041636364446,0.5040305166858177,-0.03767536825814906,0.8118283632135347,2.396953257699929,2.2131214418568317,1.1694748054568318,0.09354072131411513
3325,1.169293621381423,1.2457965199358922,1.2914309719294443,1.1771925240968866,1.7343191844065202,1.6773098614824007,1.6357234609383586,1.8044257746505148,-0.6682976254606614,1.8085512947590914,0.02895088258738442,-0.03307712847593508,0.14621199502099577,0.06504771586743668,0.4595085750657419,0.21120155628206225,-0.32716294573974963,0.43052885453509837,-0.48641744202588105,0.4595085750657417,0.2020151326014964,0.5223094747960878,-0.576271877973186,0.48699523298061026,-0.6760526217575343,0.20201513260149592,0.27933483129679065,-0.16389932442518707,-0.7591633526884677,0.10929675254613477,-0.5792982922971359,0.21055659535337376,0.20523639012983308,0.1650554053154155,-0.018610631247305626,-0.38395377886971677,-0.3238685633933452,-0.600466372226782,0.7527697737634659,1.2723476439231205,-0.5088354535043297,-0.2883048959400642,-0.1898483795437728,-0.1399044251639966,-0.06253352804822776,-0.2685834610837282,-0.08440972315114306,-0.27143771886578316,-0.3434571293273769,0.0007472875504710825,-0.048924810764454416,-0.1296153176182365,0.06592428757157302,-0.6848331241342506,0.9357781822038,-0.09120677203204233,0.06456032742397443,0.9785805289726085,0.7678696275781693,-1.2770890202386762,1.1075649535333247,2.658090010858043,-0.09223423173824415,-0.7497948207047266,-0.727984082037858,-0.2152191963662681,0.1169714291346827,-0.10654820516237087,-0.3192909382894715,-0.8721003593897649,1.1715714430708182,0.11392449186034341,-0.24716823748602015,0.25359683792878435,0.31390290848119073,0.8916132979862109,0.9684422289324343,-0.6953171123905585,-0.21327378511905706,1.5244436798998584,0.13832112223055448,0.8853467007900387,0.30512705754871017,-0.13190896567598495,1.5806820827639043,-2.9392275990570473,2.235127329373086,-0.3309581676272468,0.7887541768759936,-0.6650951420879337,0.8396201122991543,2.39090023889132,2.4722528598222397,1.0510574925365894,0.11782262068722758
3326,1.158202227951864,1.0828742495306136,1.2221194411846226,1.0815702311610222,1.7775777328576257,1.7155820058063433,1.6502003436165886,1.8307685031772274,-0.46045271119283787,1.920611232667603,0.14016432384173935,-0.2902077118963557,-0.15374635738867196,-0.16303717960219424,0.27004857681910094,-0.3984954822814834,-0.3534988018178168,-0.07135365205253953,-0.45487693818648683,0.27004857681910116,0.19802064373307873,-0.016909119419825404,-0.5685844797640043,0.11868598952331225,-0.6733063278109874,0.19802064373307884,-0.3681444779359794,-0.6154142854369952,-0.16763748882081916,-0.42142064657973916,-1.2578130594884096,-0.06039774583816317,-0.03149866723988228,-0.09153171577672813,-0.17508877295648276,-0.507767705475985,-0.5314619565153318,-0.7535876238195367,0.6140136092799294,1.1905061487877846,-0.8973378049730035,-0.6760523225655837,-0.5457861043264499,-0.418797160756243,-0.35504366269296367,-0.4763309878477898,-0.32521146811222373,-0.4546157520714128,-0.4899583779778703,-0.41407518625858136,-0.2784651498866461,-0.2503563368034966,-0.08726272353434024,-0.5906800666686359,0.9986626948624769,-0.009882254541424754,-0.5818748905083876,0.9394279386434903,0.7906114858968731,-1.2617158131633406,1.1189468114882273,2.529933272192571,-0.339285511155329,-0.9350259380586424,-0.7515419064426051,-0.32450064519749666,-0.19053423177571252,-0.2974937055982089,-0.1239944700578715,-0.843376960102307,1.0029950390271076,0.09317592939124185,0.12384545571407415,0.19103559770619716,-0.15740333609529147,1.0985206690010714,0.7735413716442772,-0.6712560797334722,-0.33211380930214757,1.38723030860885,-0.07043906606484127,0.6659143249306748,0.41328180289626687,0.2635486420847267,1.9776454859198538,-3.0451114521205453,2.0759066657891183,-0.49221513227333547,1.2062050933454773,-1.288848480286132,0.8526666296474568,2.3890063347206176,2.711765384203414,0.9229622432726597,0.14916181157011968
3327,1.1961628608142432,1.3618306098277517,1.3323813507427518,1.3602359198790452,1.9785142194351895,1.6628163311775912,1.821204805484934,1.8329348066990232,0.9427525728515354,1.839069219710021,0.10295505497017418,0.1541426694380352,0.3439576055548454,0.21147530284205293,0.4658883891002317,0.4117246436841254,-0.21640740416746515,0.5579695577827429,-0.3868200205644589,0.46588838910023145,0.34229066162196636,0.5570227957169877,-0.4717539717970543,0.6017206796426349,-0.652226556059149,0.34229066162196636,0.14996807222823683,0.5992680907912877,-0.07840131426834765,0.8825598815711756,-0.08289843141673674,0.2834443761035134,0.3312477836975492,0.27826989324554463,0.1418115387637744,-0.20893543960191102,-0.3404706619674645,-0.5292073018710138,0.8728827140850236,1.4294288947223168,0.18720101936045747,0.008794256362957194,-0.02858351579460962,0.0015953605041571584,0.06116209129975783,-0.16470097936946768,0.03936823465581718,-0.1709039108350417,-0.26587070730939516,0.5651193648577114,0.4436717331686578,0.1320772771220934,-0.058435313297954115,-0.30540506035709686,1.1216228635372225,0.1874929863655294,0.7202016758898013,0.8820678300864258,0.8748169995946569,-1.1915252021377574,1.1740929085129028,2.474235559603052,0.038936691634077196,-0.7278633702975875,-0.7771168843169957,-0.404465755196811,-0.3943711291801753,-0.42097862303352773,-0.2485051351984725,-0.7692536360356877,1.1016136563157177,0.022442927129117083,0.3667888389054549,0.14523470513616785,-0.12645057285852648,0.8290504684341976,0.5808014527159587,-0.5790618579396264,-0.45866297045521065,0.7553111898541789,-0.8154457443113637,-0.7891657638676163,0.5005560909742539,0.5707081073307083,2.300032463982568,-2.665327179490052,1.8860892556971334,-0.5870721861333261,1.6241740974974275,-1.570983176404827,0.8489410621154624,2.4023178029088132,2.869435378986495,0.7906656128508049,0.17608626448961898
3328,1.1637085793034856,1.0970392440714936,1.0264442571500831,1.0201576002321804,2.213120057947873,1.9607608696193155,2.053373998216219,2.148917300748182,3.337707179694393,1.3991381284358217,0.8043385115498539,-0.7251675383938527,-0.6500044929706794,-0.5945999294766515,-0.0065244078648746835,-0.9870371753745285,-0.3901709663485197,-0.6173906002372459,-0.40051424922259715,-0.006524407864874829,0.18036910178455773,-0.6259754412636916,-0.5418695298058649,-0.30632523623155367,-0.6502967364664506,0.18036910178455834,-1.0649268863498846,-0.8957390317460029,-0.2927884379389721,-0.7343360440353381,0.2521032425579381,-0.6056421557800726,-0.3687124593593092,-0.3314661766107108,-0.34782088564155317,-0.6182022433377949,-0.8655517664914381,-0.9455266578024808,0.4497485435221939,1.1392496347269065,-0.022140008071678607,-0.10472323082514866,-0.15235812088454653,-0.05644919802497484,-0.01799791649765596,-0.21018704314834732,-0.007550277133588172,-0.2135923829746237,-0.2971934833208669,-1.037935031196897,-0.21461351269025628,-0.1020564568370944,-0.3918623010991381,-0.5650453743644971,1.0281442068289532,0.00235296055703879,-0.46074933888866404,0.8548481013471951,0.9103079544679975,-1.2326248509163997,1.1559078614898584,2.3515971859624965,-0.5994060865889608,-1.2356939400387867,-0.8372695208093957,-0.33858624489086203,0.018772260577335702,-0.08662151763620976,-0.22970310957980472,-0.49895988151451015,1.2734111747932417,-0.15244447384743795,-0.1653562498260831,0.12993434797903766,0.21298431858136402,0.4494611772880291,0.5317401751723978,-0.260599280816063,-0.43476752161153265,0.20432064012766418,-1.9706182456553871,-3.2950167156587287,0.4451446629064561,0.6544611379265511,2.4896831966435675,-1.6483136666768894,1.7588185035477137,-0.7067399566148692,2.100362693450367,-1.3485436757034706,0.8960035971799257,2.377893179998793,2.9549718266186082,0.6893301868773559,0.2305449040046764
3329,0.8868924829011184,0.9078821031410771,0.9467289668438903,0.9191627733275156,2.162135965896157,2.1528358629913265,2.0815755998499585,2.2469061751926938,1.5064271914947596,1.6599858893121602,0.6228306312701117,-1.0482695431750144,-0.9739706093606258,-0.9606900574358229,-0.41175492657116497,-0.8493330791460039,-0.6294164464926414,-0.7950947860436144,-0.49300016300550764,-0.41175492657116486,-0.027070645162563304,-0.8051890434518121,-0.6679223104740065,-0.5616474615399851,-0.6761156072562295,-0.027070645162564327,-0.48460886987259544,-0.6999481055833022,-0.9269269168124501,0.011355342404666638,-0.3995834293731975,-0.8102799685015636,-0.6868988526979268,-0.5816267013116575,-0.5586648282373446,-0.7735788314908048,-1.2089816647115212,-1.1512901907420439,0.24509869775002618,1.0589342217738111,-0.2571949707397084,-0.4077899859457708,-0.3199670911776224,-0.2604170480000578,-0.22660311957501664,-0.35769321628603934,-0.18193656283973392,-0.3498486001361409,-0.40222283787923624,-0.4925638943528756,-0.627663052486139,-0.07790815275895428,-0.348430015773289,-0.4842804063093137,1.2118573325377193,-0.3392803869195157,-0.8203413842970496,0.8370414584956211,0.9408267279755589,-1.2965264694920173,1.2141395122051197,2.2341921418569046,-0.9792948697818747,-1.5273915286053223,-0.7891680719961919,-0.23784055240882365,-0.2960190389307954,-0.2679952294968309,-0.521316786374412,-0.7034958723421382,1.1356697880853746,-0.03262144604205068,0.30225219698468736,0.04683221715470446,0.404235822460634,0.3845913801899706,0.6254827274411809,-0.5252691999428938,-0.16957418487689524,3.0088931791443376,-0.9505975781610503,-1.3732356241732036,0.3399000254940764,0.6778249609750402,2.4036328352163543,-1.459906354186804,1.7162261707370114,-0.9043389052513512,2.641996966745646,-1.675120201244788,0.981973502092596,2.3492373383286544,2.881484154081041,0.5679618412278923,0.3191689193319808
3330,1.0580318771942347,1.227021946579637,1.2122672234913945,1.1232246668791,2.2285436479285043,2.1297116914125995,2.062373666415682,2.325921203169706,1.0145453774446411,1.7916630841365986,0.5431635663462109,-0.8353826902394991,-0.6965046430849896,-0.8347201171522423,-0.4186242185249184,-0.014098687858506247,-0.7411440342465204,-0.2809514263261432,-0.5965391359479805,-0.41862421852491893,-0.0994218888190432,-0.280968914432733,-0.7423109392034212,-0.2549118886304969,-0.7145857926614471,-0.09942188881904411,0.28419651200363016,0.40297353885598897,0.10415925077061625,0.1399240367037173,-0.041203697212033125,-0.440193658555788,-0.49606284908564996,-0.4544099763911047,-0.45667636863915806,-0.6639841248473004,-1.2659535036342384,-1.0907068565975164,0.35032832921114193,1.2326583586989932,0.03352286974136493,-0.211799920336917,-0.17322551045560491,-0.11928481801100235,-0.09693515202050418,-0.26337574523048396,-0.05621225767660716,-0.26558466260957836,-0.33873733853322413,0.15106479326843883,-0.566183747812616,-0.503424881659586,-0.5096105606905363,-0.2975964199193894,1.153783168498964,-0.20456441773195286,0.002662504480405922,0.8176035138689587,1.0047145312851213,-1.302435363943632,1.2051794556335953,2.246782268304441,-0.7416464025255276,-1.639416562924989,-0.9931613248698592,-0.3233875257983148,-0.37077615982622714,-0.2520143104027244,-0.5188760435952671,-0.6444567174143478,1.3543749344885843,0.2721764252394743,0.3681025136830172,-0.048902119942263324,0.4180808938245715,0.30165131511681653,0.5676045488002368,-0.7306487672524832,-0.30268233878189194,2.285218367822151,-0.7858739211340056,-0.8551625705186927,0.4257649808142974,0.7673421748092294,2.3794567697712847,-1.3335193874176094,1.6252215944011352,-0.8581486635645896,3.1993329027471753,-1.7201197436360383,0.9836559473697198,2.3309723954434913,2.77138477707344,0.4610696964800855,0.41267569060062975
3331,1.11282258031814,1.6409416138542607,1.2560385578647524,1.727636999730823,2.2497160167957557,2.196694190403928,2.124038496437088,2.3392126397049546,1.9674325691057946,1.6064453860162966,0.8980422892877615,-0.2773054132362795,-0.06691567276899629,-0.318446314243355,-0.003218835021557801,0.8653391820701247,-0.6171845851462612,0.5376124186901826,-0.6283072067061612,-0.003218835021558589,0.03950172477635763,0.539144943221905,-0.6915202906662635,0.39026326143927126,-0.7380988825557693,0.039501724776356745,-0.32767040019417176,0.3484990847009228,-0.23747759040717403,2.021074492419525,1.7284382888453138,0.20748310489344937,0.006441555756804382,-0.06561803856845212,-0.10528882107065239,-0.33037087356917594,-1.075933316318302,-0.8139457283690537,0.917235385246195,1.7059811989730669,0.8135601994003647,0.5033976305490905,0.421094861472152,0.41430685692293917,0.4154994839515847,0.1203412578793043,0.3999303400521748,0.08176319564364609,-0.07346573149346204,0.6587506774654305,-0.0858295946640224,-0.29721632003097936,-0.272311800314348,-0.126693306042205,1.4884788207949649,-0.3388639868908235,0.9635616288616877,0.8042336548771,1.1582329945336385,-1.2652490983396676,1.201622830894003,2.1423860782594097,-0.1219813393654579,-1.333745593997984,-1.0637777108345,-0.3898474041801974,-0.42554760017661075,-0.5483937867125054,-0.6456370787442791,-0.44780765021151786,1.25216802972225,0.215984241691275,0.41495858053214935,0.2764315795797012,0.2629509506204777,-0.14676598406787367,0.08120033172340925,-0.5403899963567794,-0.4234016694468628,1.2744406464396745,-1.3043464139871925,-1.8493341470437192,0.4907410013325588,0.784999253059997,2.5228168794051515,-0.8230713653036528,1.5029058720884814,-0.4360531076893889,3.970826532481121,-1.7844334814461975,1.0046862771152802,2.3237043686761027,2.6489732292346027,0.3783663866586769,0.5364224350751723
3332,2.2536069431671644,2.2917929142362996,2.3129045074178074,2.1527247634941795,2.299821945233663,2.0438975654512266,2.1883412358733474,2.2382368530783343,2.7564855280353107,1.3779154824067619,0.8176282701698819,-0.0580321701284149,0.16395881902982368,-0.09481700534262327,0.2920073246785742,0.6209989188483208,-0.4625125688545805,0.5746393963784938,-0.6008490564171884,0.292007324678575,0.18566938417363224,0.5692724862897985,-0.6098513521275936,0.5057013038176422,-0.7433023968463297,0.18566938417363163,1.3444832174309849,0.6189798913370351,1.495668686004832,-0.5416719593780914,-0.04437113520330241,0.4767361779225563,0.09530783811653627,0.0714532771131149,0.003881847396022208,-0.21370275128201655,-1.1049182501471821,-0.7270895342713941,1.3666349378161882,1.994360725568631,0.21206180420329698,0.1943026788987162,0.10168789963956201,0.126961137237802,0.14616517491374026,-0.05408584116750222,0.16682964531984146,-0.0819899783264959,-0.19884148411541072,0.16839007560740576,-0.26878009308523815,0.16312152963859647,-0.06940222533279414,-0.22011513375504116,1.1274889896732636,-0.17895411213525583,0.48404243905257033,0.8060251188067654,1.3925786364060218,-1.183964277661834,1.4283879156581762,2.215136528240519,-0.2604957055028911,-1.5166922445484432,-1.0561628905210274,-0.28077471067251036,-0.37630190751183484,-0.460292878094801,-0.45219274722668207,-0.24948255447040404,1.58675961136201,0.315955403759796,0.3935160562797149,0.2127028748326133,0.09935287850849306,-0.19616485677604573,-0.08489491884032195,-0.4569106161835197,-0.3125834090753132,1.4027002020941215,-1.6331930124043659,-2.6818760100499066,0.38334157642507655,0.596418938469055,2.638956673621766,-0.4407804463838826,1.4504965175370397,0.5963475549094409,4.108219384543318,-1.4820313308601847,1.1183689483318826,2.325717441699332,2.5396422180774914,0.2709922887937989,0.6521415181935201
3333,1.9964598991318774,1.8174197569201898,2.0209042472559777,1.8800778592733658,2.108923161144066,2.22505831565551,2.1557434416377035,2.20462257679989,2.521342441902229,1.3794331606421613,1.148301729887873,-0.37993517741731936,-0.1965072840650142,-0.47194671743600936,0.22517636045969644,-0.2640361562967861,-0.4551555708998963,0.03979371099265516,-0.5753989659096185,0.2251763604596972,0.19243637325770546,0.019175097350673326,-0.5880568064829638,0.16413918871580052,-0.7436594450708979,0.19243637325770538,-0.9206652604558658,-1.562416308896027,-0.8714308119716961,-0.4707312932253678,-0.7463601246869292,0.13950140920740567,-0.16503476212375268,-0.13625558746953276,-0.17858949576579633,-0.3566847418212605,-1.3152097246968173,-0.8756455623115715,0.8985335048743994,1.7824028477551768,-0.8678835948504691,-0.7330719218286568,-0.7778472366782763,-0.6357894928413038,-0.5710799044044023,-0.5725467283572592,-0.4230577188596395,-0.8307531858478014,-0.942355509418103,-0.7511735010596802,0.050441603400504416,-0.13940414265201556,-0.0493708081042347,-0.3296667203049409,-0.6586103561639878,-0.20718240268659854,-0.8229739477178253,0.8185149172438374,1.5699472635759402,-1.1492209609572333,1.3971255473732929,2.1068835243214523,-0.4558628852866813,-1.6601857900799597,-1.0696835223806118,-0.34595116514353375,-0.4461799520707485,-0.028512164250220635,-0.2400372166471733,-0.31203944818727253,1.1515974573198067,0.2049972482926596,0.46176270340951636,-0.4159567780401439,0.2878326191477431,0.1584592171465517,0.3506581234172582,-0.45350322253448916,-0.33886940749653655,1.9954895924617089,-1.59681895138511,-2.4613341007232123,0.4425568589564514,0.4791509631697759,2.6908980363819928,-0.3364734273635139,1.3612836156848036,0.546315795843113,4.193666340350279,-1.1299798426531633,1.1767138973356175,2.320921087221377,2.5112575652769173,0.1394463640460195,0.7759600609570878
3334,1.8612344015642002,1.9515248508158345,1.9849528380826011,2.0852916195059774,1.8538752022265768,2.063246056575085,1.9619781426527936,1.9142813297013488,1.5208365745554935,1.9755492701667654,1.189107761205394,-0.06952700470469882,0.13244248405134884,-0.11302364802351027,0.40057170929046015,0.3766333501429184,-0.3377659644386424,0.6301519694311822,-0.5095231816043396,0.40057170929046126,0.28706763775337235,0.5095433810073102,-0.502182722738389,0.5713634188372168,-0.723154936447484,0.28706763775337335,-0.13385716204534667,0.47149614159077624,-0.49463426814245376,0.8251978471530564,0.1472770525588219,0.4279271243667631,0.1448280658731214,0.08122833090506179,0.0032032022400342256,-0.1635110639533844,-1.076427384256675,-0.7010191934280212,1.1740563615513353,1.939439052598129,-0.4181734444629606,-0.15977818437384306,-0.19921569929327082,-0.22704979773487838,-0.12966946234184992,-0.04815467777830451,0.04781009078617541,-0.6581756934145616,-0.9587726528689853,0.6241761938935695,0.5269579659957317,-0.19688109354239952,0.24853627660963598,-0.04564976509786304,-0.5509343253137243,0.5505206703093092,-1.0040705465124236,0.8066509728902566,1.8249363250691788,-1.0906946916552045,1.369175886886834,2.111872053256345,-0.10910387670862319,-1.4993506177526725,-1.2301598086780108,-0.40367767195804416,-0.2941711893401685,-0.2640502413092688,-0.19970381650166563,-0.41725100855002883,-0.7105684036076639,0.2060695979165751,0.24156690911466366,0.04562986976040455,-0.016087216222201845,0.362247360752392,0.2857349371736794,-0.5487831939811747,-0.3552644459831131,2.339854751796513,-1.161462963237942,-1.4370147484401656,0.5048794998638538,0.5157630024245401,2.6112424884485623,-0.35257225084874716,1.2352622285275185,0.5715362464431684,4.197435587778046,-0.8897642537294795,0.9352471407050418,2.3349618766064113,2.5144686286615006,-0.056432408831572765,0.8680046527410756
3335,2.1618893843922296,2.1832685364260342,2.332399191082215,2.2049107155800862,1.7569766925218229,1.7911995323094343,1.7973207471393369,1.8063740737941214,0.5528083774053564,1.9156396976472194,0.8344210210695274,0.15832083615806286,0.3711399006426022,0.14772869807586966,0.6594387203654,0.41138645864906975,-0.1910909362159355,0.8834109294494596,-0.40818854391004433,0.6594387203654,0.4173306083503571,0.6446287756787116,-0.39088797862778946,0.8386059158610298,-0.6773876358152953,0.4173306083503575,1.083240199849167,0.8606970701360975,0.9767086229692613,0.2052639980558082,-0.43030086530776757,0.5357197994819789,0.4177594683713059,0.26632916589462796,0.15265579292677872,-0.018455618141229167,-0.9190183729965935,-0.5770749481357735,1.3387004270394263,2.0328739592568548,0.31362389127487267,0.6224775667280158,0.607752538566156,0.5638871722223492,0.7204864356151538,1.093785558182324,1.0842542901398022,0.20652969950565525,-0.32411838727785897,0.3984761611535234,0.6518685643571742,-0.12093191910274623,-0.1293919559146565,-0.18847941514404026,-0.5064442912792586,0.702562027333557,0.5830281875446415,0.7921861705526978,2.1086435482914636,-1.0009111613720647,1.3845933419712133,2.083299053901402,0.09361973331663515,-1.3677756367492275,-1.2866643196886949,-0.44748447949792214,0.07724386127688404,-0.3461120138143375,0.0958143981170358,-0.16366850259110405,-0.5971571458434325,-0.4093147656927029,-0.24935375278045918,0.48270846440154885,-0.4749971401483089,0.34974136104827785,-0.07657452435849774,0.11929768935643062,-0.38847795847284083,2.2254935421374347,-0.6528265683828091,-0.42564917020758886,0.5622717088642369,0.5567337234370849,2.487409631891742,-0.6285912617323148,1.1033257311934062,0.5871786611495535,4.083196110661673,-0.871855295374499,0.817259727222858,2.3466984719917785,2.50751122940451,-0.27603294006307205,0.7476411141658786
3336,2.0400464073140565,1.8090398575221385,2.0199301380193257,1.9052561354218613,1.744928225379179,1.6476438717897763,1.7238409368896233,1.6857923150297327,0.5331706611292896,1.7326850103451985,1.0955876059797782,-0.2818269027053891,-0.1448902295339307,-0.3415288525785223,0.39962747424690515,-0.7478866436383338,-0.23849735853099452,-0.2729813306224318,-0.3554895178533915,0.39962747424690603,0.3843163651004078,-0.3583262431269139,-0.37716431906679804,0.1153272561669831,-0.6326569125127818,0.38431636510040923,-0.8799562907230309,-1.3094119581233974,-0.37403219350033506,-0.4276795389194816,-0.8585202018341465,-0.424595707533077,-0.04877973965828241,-0.11295529424547789,-0.11435870564498797,-0.21732744829896047,-1.1759457167606722,-0.7618907991050909,0.767336594795649,1.7985207447351979,0.44662461637501083,0.3835382601476348,0.5921126916690131,0.3865017229784128,0.6184645347034395,1.0145704877379786,0.9638765453850798,0.15899571341376706,-0.38535983482995967,-0.8788352218835979,-0.12245611338134106,-0.13807233438132016,-0.32554447349235527,-0.30156937264482103,-0.6205494173252238,0.5568678402448778,-0.5109839555059452,0.8174989178573396,2.249288570327713,-0.9624445563795158,1.3670975709322561,1.9899350856001512,-0.17668531147768557,-1.5500657832008367,-1.2891502713636946,-0.5321113113449053,0.24100715025435057,-0.2934507271452665,-0.22992486147759644,-0.27080214449849443,-0.5401125026004251,-0.6581959023016899,-0.4773395617618438,0.5212869699410211,-0.0023123179916259714,0.11587516678024945,0.09346385446315891,0.18544166854677446,-0.525662348416618,1.5469339468938923,-0.6916986103657121,-0.4032316266707367,0.6684821239365488,0.5322812235794312,2.484014200050881,-0.8204681624874317,0.8911663824043791,0.6151749331091426,3.9727649524593462,-0.8854496630605243,0.7656753849481556,2.3410219692878043,2.5414072886464556,-0.4924500444438976,0.6272320342911162
3337,2.00130865662805,1.9857600720967687,2.1854624393290916,2.150597618341901,1.6162838071589247,1.7227290500501098,1.6159808660835628,1.6737197801399633,0.1518795893184116,1.7279047634859077,1.2198832356157168,0.10422480976654903,0.28096398137864603,0.08944629724065516,0.6379507985357455,0.30183607730003953,-0.13568842083201366,0.6519402080611716,-0.28421801944221864,0.6379507985357481,0.49349893378503207,0.3546098088619771,-0.29355340727275125,0.7682441906560891,-0.574073536852778,0.4934989337850339,0.5081535389256602,0.5866964380035002,-0.09995095138995799,0.5859826663369735,-0.8596546204463981,0.4325017952780457,0.5859810327864402,0.3661077705920698,0.16528174656015465,0.016329164731777555,-0.9009586306572565,-0.5465632155933449,1.1443199957749546,1.9923194737156078,0.28129077937612745,0.16980938059861292,0.3179749676026903,0.2819817000165866,0.3368655822972858,0.720454843051781,0.6798056239376331,-0.057183892437789284,-0.5599643035718477,0.7590560882085926,0.10069771545689933,-0.23104830737865664,0.18409610820590286,-0.04234201327513422,-0.6185864617531911,0.588724467148341,0.8690334302221463,0.808573510161721,2.457971762950565,-0.8985286104075529,1.3668192395696568,1.9057494128408523,0.25515595081993314,-1.19228837797056,-1.275920416520912,-0.5965318766670504,-0.14501732260571748,-0.3031075724023301,-0.4517131239598731,-0.3871544684665278,-0.6378766829824615,-0.5831558404806619,-0.04687625946678765,0.2745481705996382,0.26229796672239797,0.0276857474875572,0.22347197093638485,0.026613748593979823,-0.5568556602379859,1.691564000955635,-0.45274488370936233,-0.010663178405861574,0.7468964241367126,0.550213871209121,2.380837909730625,-0.9637827161134221,0.6642674232490473,0.5968491269467935,3.879441320876804,-0.9736532416716996,0.7562321615941656,2.3470028168884847,2.5389046807868056,-0.7443791278893891,0.5278650502843286
3338,2.027022406591239,1.9090523145823326,2.1340714483376027,1.9848398936054132,1.5278395477383844,1.5947154430261123,1.5251028442888048,1.5932645012493447,0.6343719521953878,1.6219502243817152,1.0012038815037894,-0.07632896920617128,0.06433307473079297,-0.11096961365947314,0.4444561904504405,-0.42877758774547137,-0.1468045884009462,-0.0474374004510157,-0.24059167679537463,0.44445619045044266,0.49235823777360155,-0.22665835038421409,-0.26708016567961096,0.2703310904371317,-0.5188115054192198,0.4923582377736039,-0.08816200316521358,-0.24152391794937345,0.09234897965739797,-0.08522876375942713,-1.0536818307858509,-0.22435963691669308,0.19421203590003625,0.09709804223266734,-0.018692399009833497,-0.09224530388737716,-1.0260208998197708,-0.6243264353952942,0.7814636374236178,1.8622067427285964,-0.579244926198782,-0.41152376876747576,-0.39662885001548565,-0.34128577291124507,-0.25259327871602755,-0.03499010934955751,-0.004422693266186009,-0.6584509186794603,-1.0278310777337214,-0.47514959163177206,0.2795628781462315,0.15919276427951223,-0.051951520301722176,0.021746311016891375,-0.6623017227185085,0.5233235058255272,-0.24690341462646112,0.8099824234559125,2.567878001332775,-0.8370953888776972,1.3961752000286767,1.8283826112439185,0.08155927203309318,-1.249835858310835,-1.2313435070379273,-0.6146709882160372,-0.4692443762757023,-0.37634999975803424,0.0004860621149800286,-0.1606559781166604,-0.6317347222114057,-0.5964132956073281,0.21452086835656703,0.2816539816947843,-0.3401329421216407,0.2207016140138469,-0.07909853100857435,0.244720131889395,-0.6584154264306172,0.9964170562125829,-0.7916626241649504,-0.5251845383690219,0.7853255382092519,0.556693424264243,2.2757004258995,-1.1431957053771098,0.5811504332281643,0.5878453712859685,3.7506819632172768,-0.9828873941301799,0.7916535549843731,2.3429317582383296,2.5071670937055472,-0.9819602167505393,0.4497838975569686
3339,2.137538190418255,2.082226852361985,2.2756783911262333,2.15929424351773,1.2954409531486177,1.5064585146683867,1.4125984053231269,1.3493333061156085,0.07885383715502856,1.7263548881400819,0.9160693040152909,0.25266612983650555,0.4343576175397646,0.24467267847637872,0.66807762212901,0.306063468636668,-0.047831242465747284,0.5946274888277542,-0.1784042557281325,0.6680776221290158,0.6096099107993134,0.2764424783625741,-0.19014697416949722,0.76460205891046,-0.45633833063889456,0.6096099107993175,0.4933447827453171,0.6022699046101906,0.36842921661508626,0.18037766040521294,-1.0141731775786977,0.3563678057862866,0.5407976551857838,0.6066001081350774,0.1855211038777345,0.08730402676120372,-0.8173363655919312,-0.4549454205433361,1.0551242369275764,2.0028413161428174,0.520255397661862,0.6408435266549343,0.8164714296766911,0.735788347179873,0.8883920085738014,1.3576117030230248,1.3832680022895874,0.5224273817556263,-0.13296568589818378,0.5654053342623808,0.24530840943943288,0.6318956692780242,-0.11364410156755535,0.3025486031150123,-0.6593999200525247,0.4981836901499372,0.3362934119215366,0.8248118126615569,2.643415485667276,-0.7521845857403359,1.4428610210404393,1.8517765009795693,0.3968175062738025,-1.1283540651551536,-1.3166040828498031,-0.8014781258680284,-0.5849332823263337,-0.06001545422596277,-0.18342844970099026,-0.07753711341227232,-0.6739399618254573,-0.5442834259838952,0.10834805287649323,-0.04956095142353913,0.16039358581445792,-0.09158795577958515,0.047714599745990204,0.2856254743876298,-0.7257806376804359,1.5250531218922951,-0.44044027144102565,0.04065020467749504,0.9666273410903272,0.5772367406002702,2.1204080076335945,-1.1981664470489084,0.42194662904939023,0.5709032473150152,3.657463670898234,-1.1020321015581274,0.9336786031444264,2.347550009166571,2.46589935433012,-1.0292363344871491,0.38509566050242405
3340,2.199789340439622,2.3085964348401324,2.182305041686301,2.4515799792907327,1.3156875522630112,1.2746535883785095,1.3133608311276466,1.310779258107187,-0.28856599966791646,1.9071331654946004,0.48233024504535665,0.7201523468444839,0.9275516364636193,0.7679950510669457,1.319222661943111,1.0066795421959285,0.20679678974208848,1.4169774706422247,-0.0524944606187556,1.3192226619431209,0.9129370972547213,0.9561546320237904,-0.030695362363794835,1.5135683326756344,-0.37152653982938455,0.9129370972547248,-0.20061708679001286,0.8707636351480671,0.25203742492009595,1.0713890595563218,0.5578659688738122,1.2791601995401383,1.2363952890306267,1.3348763018175829,0.6459622442671206,0.39414598393509026,-0.4791579343474799,-0.17997871979218713,1.612723567809608,2.2450064904072917,1.2582496515867625,1.3809031751229455,1.6792107622775951,1.5996209644842205,1.778852229738387,2.3836712481842057,2.3461872203594942,1.5181256935558816,0.6144346392308325,0.9809604997685121,0.6338632860088849,0.9661160636487067,0.07851859420433628,0.03885067230625313,-0.5015435553537211,1.3631146238703096,0.5846595066379024,0.8515015966597979,2.718025941583638,-0.6401857836656824,1.695351222279954,1.875281336499455,0.5607781860220418,-0.8764545808441098,-1.1677229838321475,-0.8975302512473521,-0.6295293591158417,0.40795466233440075,-0.26803016909764876,0.19970854077277284,-0.6706273791811163,-0.5141145937665056,0.11258330125799161,-0.5262248182686589,0.5962418687984343,-0.5434708026209235,0.006349522335255319,0.5132022091210979,-0.829518463436326,1.411476482973358,-0.13157193201895076,0.4308699100879275,1.0966522408196286,0.6263271039858701,1.8393457317378468,-1.419944098724073,0.18443235944323824,0.5497094500356902,3.4868282379461015,-1.289793436075102,1.1248477422998335,2.3492161293566878,2.4323597616421435,-1.0995916105503685,0.31392180304631334
3341,2.1102709222378726,2.101334625741034,1.7910489898452466,1.580632522158371,1.7077313431178418,1.2153259860962669,1.6673411758917627,1.2583874595097069,0.16840715577369736,1.8074168029532622,0.7637601758270669,-0.9034876638367226,-0.9031658152775186,-0.9878035410441961,-0.23480063200369314,-2.3599060815113018,-0.12480425547985298,-1.7731751384869314,-0.07680110437465411,-0.23480063200369355,0.4851796081081184,-1.8011627095428766,-0.15420093581419222,-1.1168753163448075,-0.33052184563139897,0.4851796081081224,-1.1573232980072687,-0.6877912216891178,-0.2413532419018896,-1.7215051419915417,1.5141334006398277,-1.556156714951871,-1.2015724702169854,-0.9712835259758258,-0.539566285728288,-0.43387528922291074,-1.2868124081960317,-0.8157734317880533,-0.24197542030757405,1.5378581139435081,4.306975327329109,5.248089656241586,5.458349123400966,5.570127060145286,5.737466553492964,6.391970012823481,6.257460829906816,5.960260056472,5.001022110891275,-2.441102430732035,-0.5133055023594414,-0.4546047338381268,-0.2912737109707427,-0.44610210373214493,-0.9104998958630787,0.4197610104961001,-2.5412330422886975,0.9591352422014671,2.4733982617153325,-0.610254394801908,1.6588050151884068,1.8019941345324089,-0.7389129873265731,-1.6115205743129324,-1.146462890283468,-0.7305820424290284,-0.07896575211793243,0.7889771785506027,-0.09876864230688477,-0.018621471625573482,-0.511887240016942,-1.2124720582418131,-0.2344790452974477,-0.7865251436443423,0.5871699332106073,-0.07576392402133013,0.3845386660658158,0.7707461742464796,-0.7971029449297469,1.181475817222673,-0.41927982343374065,-0.008464905023179632,1.064018075963258,0.4616545344928113,1.577740054106203,-1.0428397802157736,-0.2781933495049946,0.5147313872753674,3.331927274082164,-1.411119813454693,1.388559495346717,2.3329669595374183,2.2395819001642807,-1.1761213854454917,0.2580024189964788
3342,3.8406598279642834,4.118697942098291,3.8782881129407576,4.08003349751432,-0.40289656549581054,1.7769918475954767,1.6631275630909936,-0.4092491856036175,1.3325322862822953,1.449946516416103,0.22781942763134158,1.5140386902936025,1.450893127997986,1.9957842308803675,4.133080233201408,5.540627322127648,1.387972907283055,5.6074676620396975,0.41010597867801707,4.13308023320143,2.3510769492082075,5.165055938656234,0.6307205346576643,5.264615506629785,-0.1330409543647725,2.351076949208224,5.448360398779693,5.904591570528878,5.1250936262374935,1.2011824686109922,1.5287553259209687,5.155569200906704,5.074507867002839,4.913399839326375,3.40733778524793,2.3722104910496045,1.5186318908345582,1.4633542299627231,4.81480686248232,3.655012671691897,5.211340307680967,6.478914969435178,6.6806729038730355,6.989731932857382,7.114586143590337,7.381339077516171,7.321957904746621,7.417568114691213,7.329764234563915,5.817773394158394,4.115826157245789,3.83411877883879,1.3259954357582373,1.4685951830656483,0.47270079552911776,2.3642659917770446,6.3962815815993075,0.7343448733176327,3.331925133258589,-0.40329638399674717,2.620102437171519,2.4469860324123474,1.9908282635327195,0.001040051616270454,-1.1451954614967046,0.88624264269624,-0.8480348674176904,-0.327239164239151,-0.40816274766025523,-0.4642510822562166,-0.9194762458577257,-0.5596972434707531,1.0796861125748298,0.03890018595380997,0.30262396623088084,0.18950055128255744,0.38676634324255005,-0.03488163790347401,0.6276132040561896,-1.1574329149839042,-0.935930848619213,-1.4369626376063884,-0.947334216438478,-0.1407049317605103,0.7838060804675395,-1.4507599927703838,-1.045181902972045,-1.1434682748896037,3.0656967777152127,-1.5736587900723809,1.840987553588891,2.3544957459662283,2.4263718588222076,-1.1566893434917047,0.260829291612561
3343,4.120135790235489,4.153364574553826,4.162782071047914,4.120150172829751,-0.5041396646669081,-0.4291605296550619,-0.4435857650357548,-0.5192274063741795,1.3359415378757182,1.564461542677369,0.03017439032835276,1.861402746783281,1.7437201147490968,2.425836226898498,5.06623320950727,2.9049060288608235,2.655131908520482,4.2435004215762735,1.2023277906816392,5.066233209507283,3.6715810043091732,3.8780276518868213,1.4697260808725212,4.552574241396171,0.20200605841163694,3.671581004309194,1.867699539303518,1.5059248740247304,2.0285375176193186,0.5342645090191003,0.44040125296849086,4.332908935535199,4.698147987329903,4.696939638399579,3.8482574491466788,2.8832158358209026,2.106418694922998,1.975801060177629,4.7882597113941365,3.760996266908865,-0.471297228915125,0.5756413710432488,0.8242625083294008,1.2108431543756084,1.4175553359658313,1.7191991197414134,1.6528616034709949,1.700309212952642,1.629605435897065,1.248801009257861,4.5961620474423,4.446924193365986,2.3264451860125708,1.7070693749675852,0.5844720195792512,2.807876084729877,1.0785942622162186,0.5038948056886158,3.8845972821168826,-0.18205908918504582,2.8813608068102536,2.5380121650731753,2.30908215354327,0.3387848063601205,-1.0354908695643785,7.014940440168023,5.784831971291585,5.165153053207874,1.1864430056278716,1.3516077630209236,0.4692589729339242,-1.9887753929715941,-2.6886574978097193,-1.2398501782876121,0.22773089084222548,-0.5764006741266767,-0.3091780435033697,2.3227493010513007,6.963139966925255,-0.4388068457785417,2.89472187761591,-1.444991527766412,-6.970178137331445,-0.2295455912954639,0.12618703270217863,-1.8120851948458272,-1.6513180156258453,-2.3575733294324723,2.824243019271613,-1.7521626880652557,1.7727312311853611,2.3804898827703638,2.636586128023845,-1.1297980984406477,0.05603495295326073
3344,3.9008181462936538,3.635476829618585,3.640608100918839,3.441143251125699,-0.6419089014089635,-0.5049764504988135,-0.5848717913457593,-0.5886124193357064,1.2229768712841873,1.8221314996654314,-0.03918885284660932,1.4099725908409801,1.3043924811503653,1.8472295462481962,3.960787483980304,-0.7663481342856937,3.0238203986358423,1.677615786929486,1.905235999520873,3.9607874839803094,3.736791653980338,1.1173932438865792,1.966185437479053,2.6096712651016323,0.5822351598349887,3.7367916539803607,-0.3198521554313234,-0.3440165359730407,0.7177939523155815,-1.8394128339135658,0.4428957358088914,2.1405533703564132,3.107943409677761,3.216327999591368,2.9934138550177094,2.348867671821672,1.6538945496302913,1.6237565240288632,3.625573067222243,3.1931770942800255,-1.8517107781422895,-0.9620655390947663,-0.7940108660187771,-0.3751537396656144,-0.19265862044046114,0.0662864788397741,0.010568306084813387,0.0183768809490565,-0.08902516132894119,-0.7692492067114021,3.348128742570175,3.2667815730084144,2.421735201105261,1.3192962269817405,0.3068480781891602,2.6808394515070324,-1.1811594646851575,0.43691047090578655,3.8962387535179652,0.015516170339547703,2.734234701555578,2.3917484616249287,1.7615746959031067,0.04420217444192645,-0.9921589798907149,4.892311185976439,6.033388866434077,5.699260669901805,2.3585313719083887,1.7143518953418315,0.5834920055165524,-2.6696802729072084,-5.584797156188641,-1.5829220253824718,-0.1587808599770043,0.03298857316798469,-0.08856946352770041,2.8867021561395485,4.879335165969471,-0.4720337211466769,2.3917920823313574,-1.3350053378283557,-4.896720565915385,-0.0720550671371325,-0.2513172895422105,-1.9797185632119803,-1.8621962373667258,-2.4216640634115003,2.5936860429982413,-1.954157242166823,1.5385523216567942,2.3979309123731674,2.7620605325209855,-1.081072551927257,-0.22159342257425826
3345,3.1715106416096663,3.0053890015591667,3.107807997958278,2.961118867089927,-0.8116966254715136,-0.63277525010334,-0.7037283829028308,-0.786156912479526,1.5283429003145275,1.5728102810375777,-0.03931550949705751,0.9965749078949852,0.8855830843674566,1.3492691316002097,2.5826888204685106,-2.1101450774417057,2.9102194672029604,0.1469153398565546,2.344250925897556,2.582688820468517,3.2555135672368007,-0.6335966877824916,2.185641037350189,1.2837647768587304,0.94517222494686,3.255513567236813,-0.8124490267021363,-1.2291369965726673,-1.4040510283688148,-1.0766385220643344,-0.334194315470565,0.5373356400399153,1.9889822087783051,2.142121340301072,2.286382402240674,1.8872798949928522,1.255006665074756,1.305915908275294,2.8457251762141635,2.7745645817650586,-1.8689117303727567,-1.0428234885033434,-0.8987916305918897,-0.4863770970479977,-0.30572204191338265,-0.031508404220358874,-0.10607618822374167,-0.09235604928761311,-0.1974982546609972,-0.723013857687253,2.285360108138194,2.4862346254011363,2.1726799678805797,1.1059828312938744,0.24185101975748247,2.2945943117374035,-0.3101725481865029,0.41767660218710256,3.743215676902459,0.14799923758285463,2.613748509462444,2.263340093249148,1.2377294543422661,-0.22699906978848516,-0.937859728160012,3.6169774489590476,4.526857769444696,4.093771175135741,2.5999250380641166,1.3818142713397707,0.30412881154987265,-2.7157102409773914,-4.45299988503758,-0.7020745376374795,-0.6815289059074963,0.5216803965941796,0.008616457480004197,2.577717533257143,3.5818613173627614,-0.9151458087112211,1.4823541761999386,-1.6615140657300562,-3.644602120252805,-0.032802018197535227,-0.6430596873923522,-2.161849717727956,-1.9185539814781454,-2.442183001320006,2.4516565348228845,-2.1748601750449987,1.2117243276505727,2.396115891912879,2.801730340266666,-1.0425035945407792,-0.545119278937811
3346,2.789044079281451,2.635135612676468,2.6093507056548813,2.5987894625397225,-0.8265476174014869,-0.834850567794957,-0.7761768020201966,-0.7862769966710194,1.9980789783467667,1.4998129461806393,0.07465246250670639,0.6252772202177129,0.5010471840143084,0.9190273822171787,1.2661060001578543,-2.276954952655549,2.5785747202012206,-0.7634525751889027,2.501480508871878,1.2661060001578581,2.58447953467167,-1.66402599349996,2.2021997796577,0.3076034108189252,1.2497194050471265,2.584479534671679,-1.0922755698013642,-0.8226776082337135,-0.7577616261195489,-1.1553895140791732,0.4760654829974419,-1.1220030934370393,1.0474697226332275,1.3104971364878073,1.6743497880424585,1.476474328989963,0.9011163243137105,1.0228511209177065,2.2545132523681954,2.44709696428955,-1.7813781357021703,-1.0907094386902323,-0.9622233714913161,-0.5667493928701163,-0.38392916234518976,-0.10873404600128884,-0.18300572099582985,-0.16754287406691235,-0.271523105585034,-0.6718494727921583,2.782853453021739,2.312712269108701,1.6932624778590295,1.075397196139578,0.16453990595870802,2.311084291873687,-0.5257339383338797,0.4236804815360823,3.5408068777619053,0.20002192425058296,2.5621377461451225,2.150523362507597,0.6455767100297756,-0.4682629865166761,-0.8154813230594549,2.7652198485597217,3.146899009696827,2.9896431109482626,2.403025670103842,1.135103511487755,0.2387700853661485,-2.401955110308446,-3.023097979586854,-0.7869908263119586,-0.8735127204134225,0.5191962883555593,-0.02951213991061399,2.168167469324487,2.726189323784083,-1.0496515354342146,0.4952755208685849,-2.1368666796135685,-2.798705865838926,0.0016618380988649257,-0.9016199598012979,-2.3380621587957524,-1.9099629071064848,-2.3898898755863462,2.3125105829383763,-2.475632413174093,0.9489199544316067,2.3843297519843794,2.844820862912672,-0.9537856422921352,-0.8410708675017963
3347,2.468682290070736,2.3416060879236853,2.5338100933927623,2.400345150965447,-0.9715853081291789,-0.835696828182946,-0.9045263731437874,-0.9424312986470053,0.3877173545902071,1.8085539925971497,0.4332792089396972,0.517486732708243,0.3861466194983487,0.7859123110391663,0.2859558997683244,-1.6924771039237525,2.2381040349972867,-0.9696294880348257,2.466850030086678,0.28595589976832586,1.9486841578382146,-1.8584721776591626,2.1279511827406314,-0.16481074628868334,1.4829926957815864,1.948684157838226,0.061631315973509244,-0.7528167817326462,-0.7798827807853049,-0.624061321210464,-1.295330691562678,-1.1986501612639504,0.4961424905355391,0.8296924508475626,1.350076719808093,1.248599355264764,0.728849577745018,0.8914267383391883,1.9364516441408979,2.261320863263736,-1.208739579012287,-1.2240047982639894,-1.1057100577568337,-0.733085190116684,-0.5400180034471355,-0.29227247204660783,-0.3612155857562752,-0.3523480481864067,-0.4539965009451878,-0.3374193419911542,-0.7406370179579431,1.7836150834360323,1.5402551119352952,0.7681017992015859,0.03468148148369323,2.3691912410013836,-0.7833157091112971,0.4594373574963021,3.3434876366720556,0.2499309809257371,2.436836461540142,2.0502894092747925,0.5285248633782801,-0.5313171353914519,-0.8013080663565003,2.129754110285236,3.21539847373006,2.6555787705437672,1.9251026406968346,1.0754435178918231,0.16144794845480864,-2.359803206934374,-3.4793282020117444,0.24845934907166017,-0.14493714441026326,0.04826984063492162,-0.016550470646549652,2.058918862149995,2.2314525290229055,0.2420738803119177,1.4784166548313564,-0.4859604965465787,-2.179786885031388,0.07910596836852453,-1.0021165442495046,-1.95517668549786,-1.8602957729452543,-2.1337501597530903,2.2065665968513195,-2.4459157552343385,0.6759624428432515,2.372006590888624,2.954948267902335,-0.8367979057748567,-1.1109594177133588
3348,2.204539686981944,2.082213822666037,2.0787489431164423,2.188037451055201,-0.9267516135632976,-0.987804497285972,-0.978006629328189,-0.9285970945749364,0.27160317856529875,1.699535184374229,0.6870825076568411,0.31868941205407647,0.1688523581735999,0.5631500767504828,-0.4970464152530955,-1.327229569984368,1.8832688410665281,-1.1743406574498934,2.307777455466505,-0.49704641525309745,1.3229989381558602,-1.9603241266854727,1.9797411810523935,-0.6217904734442949,1.637517974913932,1.322998938155864,-1.2513614720423591,-0.7357766922489204,-0.7148618544263844,-0.3574521502559132,0.09324976477752182,-1.025868913888215,-0.1159159924860031,0.2767300144111418,0.9519370325281995,0.9784286821256069,0.519200089934501,0.7228000690805069,1.5717301163122206,2.058739688335435,0.7559380652390201,-0.7468422685558148,-0.6001043443336916,-0.22860105518972954,-0.029466438467388716,0.2657007151040639,0.15780082216821972,0.21193987839035477,0.13059544947597,-0.43711855579516423,-1.6450412144035818,1.66987493968783,1.531806507601118,1.0865944301825854,-0.2759128460013926,2.1819490149588217,-0.2481992725873583,0.5606462511017164,3.145636825807792,0.21441069959726297,2.3274282238268933,1.960393695486915,0.33052037758213143,-0.6475074451895286,-0.7870080628112277,1.6006176586899876,1.1798230830062293,2.020635195567732,1.714234018263701,0.7741976699796712,0.03151591098058579,-2.391230748793068,-0.8546388684947679,-2.328688563802522,-0.2912197402688635,0.17183598182099993,0.0892919052675725,1.8872109033099105,1.602725444825972,-0.7075795698711285,1.1476737460191366,-0.3620423890748558,-1.651707575535322,0.13319345894564683,-1.066807328667227,-1.5708320712353088,-1.7880112822776295,-1.8905640010020746,2.1295433912068247,-2.3886164042595692,0.4488699911048461,2.3523768249192964,3.0449503190492675,-0.662022567395988,-1.3219934438729093
3349,2.0538374959535237,1.955113520508848,1.8767404194843216,1.8643997769236667,-0.9120609359109206,-0.9475717007729481,-0.9522529387376278,-0.9066756812248775,0.9957217147611263,1.5649884006368864,1.4217744985562417,-0.24013854409862226,-0.4362521437182969,-0.030330628774974746,-1.3206616635567578,-1.4001760461750754,1.42033198605929,-1.6781767169257313,2.0341884726538866,-1.320661663556758,0.5924336699153391,-2.2905008186437894,1.7168622257896027,-1.328566456865483,1.6996402370614228,0.5924336699153401,-0.544005468457421,-0.32764454348357763,-0.3834830901632171,-1.289749525516997,0.6882141754002848,-1.2852789584582505,-0.9673960095312325,-0.5163593516947194,0.292781334354098,0.4882691417591839,0.10357142696222829,0.3720357785533177,0.970053511567231,1.7500338902729087,-0.43829127502883636,-1.1339174728097314,-1.0177415223561534,-0.6797121595826158,-0.48370686888200587,-0.2223797599454405,-0.2997075688975483,-0.2773632927722045,-0.36490042758236746,-0.8582380060093324,-1.6631842254308176,0.9797317476975662,0.9323542066311291,1.0717646122833089,-0.5294856199174219,1.8307588723985184,-0.6274778909271865,0.6775252870634421,2.951159232053587,0.1571219950089274,2.2915886644735273,1.8789828753525013,-0.38203634171308865,-0.9818167221874964,-0.6931792562499671,1.1757576097838314,0.7111572419832873,1.8202087526936739,1.6633426208275957,1.0463663366056368,-0.2795320761966928,-2.2410764666564558,-0.4011602208385636,-2.7117734452713687,-0.543726980087324,-0.12414042040846612,-0.26902340024119903,1.946997732361358,1.1198415758206974,-1.2888686224635921,0.15452907738885271,-1.1045155505514395,-1.2309145753872477,0.1490811945146882,-1.028594900977852,-1.4997277450289428,-1.6990030405832628,-1.7123665801126344,2.128435746050881,-2.4841091140360945,0.2578354892576367,2.320665710800216,3.116694182092433,-0.5430349381375644,-1.4869925883509287
3350,1.6119881116499521,1.70032093561069,1.7681086820046132,1.779515122161695,-1.0460491956580993,-0.9307220374501105,-0.9771367601742365,-1.0146753381039701,0.9769426018504426,1.3208454567477683,1.4442831024166911,-0.23781540543768473,-0.4371460702373075,-0.03302216149036694,-1.6221531569658239,-0.5653300556079617,1.0707307545399498,-1.2930552119926575,1.7314571773006393,-1.622153156965825,0.026436084922357012,-1.7403807755723228,1.4756716897115927,-1.2677410024506182,1.692764580141924,0.02643608492235716,-0.27588050536118414,-0.8555890289615092,-1.5500624713174762,0.6510680030707083,-0.550379044261687,-0.9449547888211743,-1.1721176179557953,-0.7676612495872212,0.09406176358536886,0.38223046751047285,0.0339274181832174,0.3079172013770228,0.8004909595463424,1.6581789991505536,0.021209901279495763,-0.9802190003459644,-0.8768624995233535,-0.548095863570808,-0.3449781040545639,-0.07337987920855435,-0.15540687965459035,-0.12497833590395312,-0.19897188347750244,-0.18089066050814417,-1.3515739532686408,0.5442007703297947,0.7326098298511694,1.0159908198720893,-0.7497775296519827,1.681183850872287,0.21380995563609154,0.9472299917614257,2.7642399639375377,0.09867028425501156,2.525901025939903,1.80443328945036,-1.1758000579919778,-0.9657315873019092,-0.2347806230428758,0.8942581436316163,0.6070755221759025,1.0368800931950966,1.0029978996959903,1.0660914298342492,-0.5330043208320062,-1.9208554087554064,-0.3986032610251347,-1.186685707365448,-0.4503265230716717,-0.5779173915055961,-0.7032092897884797,1.742432648263241,0.8936011843886569,-0.8726873924956483,-0.07248582586203821,-1.0946615615452273,-0.9647592313675264,0.10114590626588958,-0.8908422832402618,-1.8860086817326822,-1.597579787513708,-1.5648592320836678,2.1122375735196415,-2.5414680874611633,0.06511356820500186,2.2895560715651304,3.158969622686655,-0.33708758964672964,-1.6164526241791561
3351,1.654187808655596,1.8972571131400873,1.7645358900812513,2.0162752455388966,-0.952050015559623,-1.0682703016958286,-1.0473801015271416,-1.03394299421806,0.8591347877823134,1.486747038776615,1.6516907644364447,0.31283239965356197,0.23093977943170366,0.4949785660992151,-1.110351891755632,0.8603816488009153,1.0489150248533607,-0.06501485933587722,1.526533877576743,-1.1103518917556308,-0.10610344928191491,-0.4079744258354748,1.4019581370000327,-0.3609006363461364,1.6697215902428977,-0.10610344928191776,0.06580302642702089,0.8338421025539655,0.2249786639363428,1.7349875780956001,1.1319271350700686,0.14181403475505236,-0.7569955067423937,-0.27331664975323905,0.5414462280468828,0.7901792717893132,0.45948980179922083,0.6874875688970395,1.2440098106356727,1.8665291766707461,-0.14028381555598324,-0.938249591972162,-0.9102600719703213,-0.5953652953638778,-0.39647100276891023,-0.13286493332008875,-0.21009086251564724,-0.18452918229633788,-0.24868573811549205,0.8292799648565237,-0.5414828585916233,1.872104375105482,1.3602484925408105,1.115377284933724,-0.33818617974821674,1.5621940560424874,0.5972503395260558,1.3574614759324177,2.61862993094682,0.09037223857182339,2.4075950380133473,1.73616994624973,-0.30312103806576507,-0.4282271307368583,-0.23251797151472114,0.5666207457666271,0.3193105988355557,0.4649755618633732,0.7009474125676199,1.0193284488544525,-0.7529225424203982,-1.7433775406592322,-0.15760838832492122,-0.4509358713691051,-0.8273667983079971,-0.7656554970634305,-1.0351481484569884,1.5858743384647587,0.5749124960702823,-0.710692430335758,-0.2478507655442364,-0.9647019264806832,-0.6351138252417836,0.046993613733217636,-0.6965874111750152,-1.8704316203338136,-1.4957423031457011,-1.4489558814599879,2.0996072425941916,-2.5913066606318056,-0.09400159411638821,2.267461892218667,3.2228168299999087,-0.16262873020519455,-1.7071787022585758
3352,1.85961599791247,1.8546902812117785,1.9507118277482614,1.9791246934121407,-1.0808779212114679,-0.9974077239125081,-1.0667589568169806,-1.0409943540980917,0.22617969433421903,1.6172150068601832,1.313129622537278,0.4389158336102305,0.3723298814854079,0.6099205553234406,-0.7787318944174979,0.5660353716747011,1.026668855369787,-0.07254447847220542,1.3842303209495994,-0.7787318944174975,-0.20258263237289018,-0.29690158728420557,1.335937699283759,-0.33356084573976624,1.6358793508461618,-0.2025826323728909,0.7493502155646244,-0.0443264080396141,0.8776896772349566,0.531064808316171,-0.7778526606700069,0.29934132638061806,-0.5840530079141428,-0.3684988149558986,0.47342464473836615,0.7550436490541301,0.49024939586963273,0.7117945702305102,1.1829920117483947,1.8204009026061976,-0.9813028148060898,-0.859336197191078,-1.1410504691971186,-0.8670306778838414,-0.6704130674345785,-0.43602405314422427,-0.4975571656650644,-0.4916962815651569,-0.5567252644014856,0.018499202659042497,-0.3466446569308603,-0.9391362434427232,1.138951074623997,1.1271762409605832,-0.630613759755702,1.8657095401343402,-0.18438300947318764,1.853233221559462,2.490076898887731,0.09201477722270289,2.2916076670336563,1.672300375559434,-0.09567994301555047,-0.31141519470235063,-0.2383766324044316,0.479146307684933,-0.2994478387269876,1.9378012227820367,1.3771066071376163,1.1214029828748653,-0.34178110944104473,-1.6133070069743631,0.6874065896920475,-4.171091447609356,0.4497592525998987,-0.1298726352591349,0.09309283770406594,1.5183751409140338,0.5216925429070107,-0.4872244278263042,0.24076740689507806,-0.3311654019082412,-0.5599674747394499,0.02733220601569585,-0.6373608385517413,-1.628914747357516,-1.385831694760671,-1.2800928813803274,2.0283156666592195,-2.5661871500185858,-0.26609699864404796,2.2435416308262917,3.226718558562899,0.04993387757538299,-1.7443059749156777
3353,1.860034105174742,1.940466117970474,1.9562675165539123,2.079943340891793,-1.2214307305126542,-1.1105292688828023,-1.1350024712731555,-1.1973955982640907,-0.7445483155680852,1.837558351492433,1.1161426505537073,0.8393025077633934,0.829828090098691,0.9881655456412203,-0.2893723111890512,0.8489667196729991,1.1299135414161825,0.39874928483587513,1.3279483571626942,-0.28937231118904977,-0.12426418385691826,0.24175210831338406,1.3520987696970688,0.10732721140716027,1.6125679480316422,-0.12426418385691743,0.18782623072685414,0.50621508526577,0.14573515878963744,1.1796851979533618,-0.12317824976152852,0.7741460884672449,0.043173016729574756,-0.22204724307495288,0.6875558940831635,0.9864119908961653,0.7825010930693582,0.9672709687404196,1.408556003600392,1.906788004127145,-0.14203148055728346,-0.29357494920883614,-0.8989560010950622,-0.6956691815977846,-0.5014471484835725,-0.2515772654945773,-0.328806230923876,-0.30889188420811875,-0.35799439790176263,0.5022369188048726,0.174075557615034,-1.2758985992639298,1.4883064730726294,1.5297440359410392,-0.758529003494854,1.6534689793693804,0.1402085240361162,2.2087446107680933,2.4082119187325683,0.1262239604241163,2.114219499994995,1.6110319242197229,0.7744700207171805,0.0642625715234664,-0.3408854105207132,0.2173225590790573,-0.5798035136822064,-0.18000336820519133,1.1969191645629762,1.1598891157904374,-0.6333602985351275,-1.831142208413235,0.94654266429427,-0.5318528622955853,-3.1382914600427907,-0.3390451775873849,-2.4361503778594438,1.653408770741734,0.28376096492159586,-0.3913843921851521,0.8437384552653697,0.6444841445325803,-0.316648541579133,0.004135965407641385,-0.5226269977715124,-1.3706194148753887,-1.2504231614070178,-1.0262381570133026,1.950373495106154,-2.413076107375064,-0.3571728336718281,2.228077346178117,3.2215619934796353,0.32621291022340787,-1.7324218883443492
3354,2.008301653973315,1.879713337058937,2.0008458073681497,1.9596242198636677,-1.1742704873115175,-1.2438756375506936,-1.2399209499161326,-1.1988302845998706,-0.9196166012457232,1.8677731700404152,1.0698443848792856,0.7509586454802977,0.71224565180957,0.9017500311330441,-0.22557855834199564,0.110890462607903,1.111190899836062,-0.05689255187522093,1.2837254409204233,-0.22557855834199558,-0.17030362995753073,-0.14252233660944363,1.3114271421545878,-0.20170319496419908,1.5844536742327113,-0.17030362995752757,0.3331232856950847,-0.08054754135449205,0.78341776429697,-0.3551902962416518,-1.0773427293210456,0.3022634741169603,0.009610542235472204,-0.3114131267177593,0.43172578951903173,0.806152762722947,0.6659116281636581,0.8609268288897006,1.1874739028908243,1.7831680420458125,-0.293775040392495,-0.3516322395461397,-0.5578769225692504,-0.7389158125728951,-0.5495093812708592,-0.3073012339693868,-0.381885893149974,-0.36735071999044183,-0.4127073878256725,-0.25706528720178956,0.5208531519544509,-1.0191788005062101,1.1990593866439914,1.2378435161399786,-0.49671640758510877,1.6133634080993875,-0.3335098108273541,2.432070262934839,2.3286356602315617,0.16641710539077398,1.994541289827244,1.554079553208868,0.8243779068823679,0.03314728581358598,-0.38566134689585724,0.0834475786179294,-0.42705766739364476,-0.4741387713202157,1.5685006413805818,1.583943146702369,-0.761341405040717,-1.7006051911612474,0.6559953645720699,0.26344383204592936,-4.005307312718849,-0.5972579134387548,-3.3777832655424813,1.7257168271408392,0.09577938261867888,-0.9008917119131904,0.8658729150282037,0.8253730709477867,-0.18251409874966282,-0.018515000335724455,-0.4517996037087755,-1.430593656832552,-1.1252900364058205,-0.8485874635603092,1.8710997971892163,-2.276717294006583,-0.413454753263714,2.2052118943117223,3.177674361608665,0.5360957685732869,-1.6924353851440597
3355,1.8637472370287893,1.74531022748209,1.8724379545167564,1.7492429700963328,-1.1716006721029864,-1.1796413215636212,-1.2270201292843659,-1.1422636725823407,-0.761613631274412,1.752841684703914,0.6861294619527258,0.2320634378460634,0.07438473719773675,0.43029861833210054,-0.5550562815570538,-0.5752957156522347,0.9243318788107063,-0.7042001918238374,1.1866621929270293,-0.5550562815570561,-0.4025787674484054,-0.7192219064466692,1.1717523478934633,-0.7577716603905247,1.5299301589247962,-0.40257876744840815,-0.3417821687033133,-0.44527519119086706,-0.43526201837032374,-0.7973805975242525,-1.2287319985531142,-0.4574701402967801,-0.3337859155051954,-0.562006056883221,-0.025587556811066493,0.4382037683137122,0.35615248539135747,0.5811558134786001,0.7602880933241146,1.572925742906932,-0.14310436439387555,-0.3140856353102704,-0.34827079753111684,-0.7315475621542097,-0.5532639761778464,-0.31289405353497973,-0.3869394585953462,-0.37168168783284056,-0.4134417392938473,-0.6212530748687111,0.27349334436599493,-0.9608602578476658,0.6511311566311031,0.8684526257202323,-0.6135639949122651,1.8569898759192047,-0.4711927078255218,2.731610381975409,2.220861642341426,0.1909681702530953,1.9542247108414945,1.5009216109129657,0.3068339411226414,-0.1995694506221076,-0.33188850099383044,-0.11726540214182521,-0.06177674586721149,-0.68312606848222,1.287359541219911,1.3248446895394523,-0.49975510098153075,-1.643654562711467,0.026356836013135734,1.2090860268244137,-3.4309755677756533,-0.5618012810072507,-2.975023802260763,1.5878358361503262,-0.12748834792605038,-1.1349030604562125,0.5420673384761227,0.6624445862138963,0.012918531140377089,-0.15286974378805,-0.3881198321557198,-1.6215109242446646,-0.9897542767107838,-0.7280179635175242,1.7845974764666879,-2.156851226639355,-0.4179784171211642,2.174817674703285,3.08661139041084,0.7839230406294253,-1.621611160153419
3356,1.7872111742198231,1.9469082991773694,1.8924623272189887,2.0025191072043893,-0.961451672021647,-1.1485732246552955,-1.0046310974059272,-1.0812971150817268,-0.6179906061348737,1.594793110612914,0.8975122399379755,0.9366968038964495,0.9141059399559622,1.074633717861074,-0.07858557101037707,0.8271906411594264,1.0512339026706359,0.5061557068285067,1.167808106445973,-0.07858557101037505,-0.24409243305083897,0.4902714000385201,1.20640239012543,0.22236326269053827,1.4940531203966603,-0.2440924330508361,0.212210680164517,0.975812305340784,-0.2076928282002853,1.2178045666400075,0.3559726305737798,0.4660990901579205,0.5167275566629637,0.32856801064968966,0.49963634692681924,0.9249781445238991,0.9067303256630757,1.0609487546265126,1.2798493072705481,1.809177196433737,1.6918860080396745,0.9184146423490667,0.8216376006641194,-0.1724849658058482,0.01521248350956702,0.31103093091315376,0.19612622289534132,0.24927572580544985,0.25596758151840804,1.0039373436320291,0.3649231705893631,-0.15375323111624298,1.793989663421825,1.4993907848139256,-0.4502435112006529,2.184543103282089,1.2103095581106975,2.92415592858406,2.15688315871348,0.27141289536456126,1.9479257579679632,1.451123726206386,1.2926326892333637,0.4665753007218027,-0.22836595171338547,-0.23174371383322176,-0.1900809732791695,-0.7258837566448503,0.6621996845874611,0.9178931923273155,-0.6158639510101351,-1.8218493719711812,0.14941748972932503,1.0921483114711799,-2.2252071893668575,-0.8941818727074543,-2.2563451339475296,1.5559686387556704,-0.24018530952369554,-0.9369045022814909,0.30798596506313286,0.5347655270344557,0.142586375396934,-0.11205087148171407,-0.2440775778608081,-1.651462192957284,-0.8634384882946519,-0.6195190375218772,1.7131145582438547,-2.0704631856685647,-0.43949190388381315,2.145259940420088,3.0339164305486834,0.9657246824829948,-1.542720556175878
3357,1.9211101666808403,1.9117638506057677,2.0026358868541507,1.9146011397156102,-1.0717518832106339,-0.9504320409942089,-1.015912265512127,-1.0375475650744947,-0.543957721564708,1.4624562235684329,0.7427343392580079,0.9086570864570314,0.8802410533525716,1.0430810548231557,-0.009576713513279728,0.12041191445367735,1.0623438268510068,0.07499555017560328,1.1584857759302363,-0.009576713513277593,-0.21416083777361236,0.09541874341085357,1.1891049840962504,-0.052085140242227906,1.4606693447233126,-0.21416083777361075,0.5761750069050957,-0.010479067830651693,0.7078336166138471,-0.12652653498049052,-1.0023303247415123,0.16544892137448655,0.37081507525902396,0.25401092068749687,0.2844749017000642,0.7701883757315197,0.803124279348817,0.9509379555165779,1.1077574759567752,1.7171324821292946,0.18639162831536565,0.10545909618818904,0.12737975921070166,-0.4971497009554692,-0.3269647299090315,-0.05872001492000188,-0.1539165305691331,-0.11576879500224646,-0.12808369992412016,-0.19952396072252906,0.24440647076889405,-0.08421188288406693,-0.5789186911450211,1.2066235390310098,-0.12355804689657522,2.0707671084227055,0.019503831325084965,3.0702683028965168,2.08877872782567,0.35919888271498185,1.9819795277170333,1.403965626753422,0.9370793878586463,0.46572500383634013,-0.06395579441195923,-0.04583401397362865,-0.15005880351128723,-0.4953454650394677,1.879766256147841,1.5309561919773866,-0.4528801036587975,-2.074461032009599,0.1907462031435321,0.7159674917182277,-3.726998061183202,0.23438100760926367,-2.8466135207734506,1.951711255274406,-0.049570826786249036,-0.9948336182476534,0.41982515839207607,0.44795899919997545,-0.04917834319279756,-0.10794402514401498,-0.20751837834899922,-1.458262931635269,-0.742631291029562,-0.5562783143553298,1.6324954831118763,-1.9370396243868866,-0.48265627577638304,2.113487869873491,2.967168500219944,1.1347586305327344,-1.486851407197853
3358,1.951928701512325,1.9276560747552738,2.0174892852679234,1.987326013068278,-1.1045906923469118,-1.0463613319584373,-1.1077265804593421,-1.0727872412516428,-1.105634025268182,1.674840939633722,0.4526006740067034,1.2168061439699884,1.229296429784099,1.3251714967070436,0.22397774809709392,0.40369448365164656,1.1535004671336295,0.3992152237616221,1.1846324487966091,0.2239777480970934,-0.08094008592316058,0.41335610200749967,1.2243876096340975,0.25979316233441,1.4412062768831126,-0.08094008592315471,0.22655670587750482,0.21242426713236956,0.28069895073685713,0.15949008975086743,-1.0673118971031046,0.5199974795748047,0.6451069254721902,0.5735303687158485,0.4256200151549301,0.9094935522475904,1.027984143869511,1.1268740207115149,1.270910555207817,1.7802574624247447,1.1856005933558695,1.1444015389877398,1.0262613398864167,-0.027116553406759943,0.16766541888356165,0.49264678908492593,0.35381896064303875,0.42949225484588516,0.4770121089850897,0.3992048645640865,0.18461605576535012,0.32941425168166294,-0.9018509095298068,1.4719619882371677,-0.2690697584206813,1.8890486333804493,0.044620061281991696,3.2480862331708167,2.017573658303786,0.46469034167375367,1.9271018416792294,1.358907177630015,1.3820726107498977,0.8002120778119471,-0.005014135896643654,-0.23005161346487443,-0.2332537309761526,-0.4081040443788618,-0.2035970915591541,1.2897082892910559,-0.1259643210791696,-2.0542653086974583,0.21220369838574388,0.4274884604304069,-0.17110053473227738,-3.4510091822947677,-2.3095338384920825,1.8500212057826304,-0.1888666373885461,-0.5901865548151671,0.7317047084114975,1.0204701419465863,0.12700915805415236,-0.13721620145659374,-0.13253220514162345,-1.2077096384740738,-0.6041982167666189,-0.43638767496033876,1.55036832946861,-1.7785872225677326,-0.4722367319888546,2.090478017576305,2.9062096035986795,1.3161021225603053,-1.4019935422938996
3359,1.9332522391780764,1.9859730065782044,2.0092099036562563,2.0850882141089935,-1.1048142417869709,-1.1220687425929639,-1.1667248084358484,-1.0879353217143257,-0.813000926379031,1.6501514442153502,0.5006880241833865,1.5543780027199674,1.5842501559299826,1.64425413094766,0.5736509587706952,0.6041285558754056,1.3229243851552688,0.7331790443624886,1.2628590318688684,0.5736509587706954,0.1548286869486298,0.7222588599744477,1.318619841722667,0.6233996934055328,1.446267588016492,0.15482868694862903,0.14890824906258168,0.4205086957431145,0.08280541771013046,0.9549634585341499,-0.5260108423696127,0.8428771126046037,0.9085945371098872,0.9348313108642097,0.6427241510233219,1.0952844095349075,1.3200599238353108,1.3482755673674178,1.4989535161878278,1.870417814803125,-0.07565136990863598,0.26320883456490646,0.2142894885621054,-0.38811469826316114,-0.22466005396085262,0.06945317370633552,-0.034742184292930335,0.014961652254383466,0.037357503163911204,0.5301126727305372,0.6254598681379204,1.0295536217600418,-0.3916972682501325,1.5142949717444427,-0.12056351853040616,1.961297871636405,0.5396713229533528,3.312835634162376,1.9730066751659976,0.5964448384855118,1.952783071803645,1.3853097741573595,1.6868836481509484,1.0436114450242666,0.032710845755155205,-0.29892166818586247,-0.29822933611547164,0.03471081896677318,-0.8576304296144599,1.5385469083470293,-0.2710355521779583,-1.9150753765122457,0.2688307963231494,-0.5042578168781255,1.4434078347768708,-4.488268911282603,-2.210353159097344,1.8434054906693735,-0.3175665286393968,-1.1836232304296792,0.4177368584280679,0.7206109230897734,0.19360525892770927,-0.12623455553243632,0.022151690027376575,-0.9288415249784739,-0.45581514703811365,-0.32343307209890904,1.4763014925606268,-1.6808073518167768,-0.44543859872405883,2.070049533969282,2.8594333747264638,1.445982011546794,-1.3028013399085818
3360,2.1201608437200545,2.2120818506491733,2.129400258572948,2.0299492764690457,-0.8919383479872446,-1.0665793706904347,-0.9492760787688169,-0.9956525046056777,-0.013744008667752931,1.5327692763826997,1.3665977399561882,1.6032191053822462,1.6263177253901746,1.6839450415716422,0.5965474921164419,0.04180585389936587,1.3958478145096143,0.37166382005346504,1.3403377610717466,0.5965474921164422,0.268508322691897,0.34548340693970325,1.3717262338418543,0.40790857274305176,1.461391511713617,0.2685083226918979,0.7134560892348036,1.2353360298792098,1.0433628674409676,-0.5728897066719757,0.46850386754328327,0.4566852940496871,0.7075618497557583,0.8371955168872802,0.5300467212395401,0.9891484350571738,1.3140663688463503,1.2974348256884765,1.4137204787909938,1.8116371822495736,-0.042256346506230634,0.4257073852338486,0.4374471066738866,-0.2811487266881387,-0.12765393229837602,0.17962763435800552,0.07545789672937717,0.13408347276775295,0.1723625423184806,-0.021954118970471028,0.9638953838920227,1.1015120843433541,-0.10825648205833391,1.2417349943590394,-0.17064654023163364,2.0479789071233996,0.14832661745471834,3.412344424627142,1.9068422821876065,0.7821743129599432,2.156621245503573,1.5055255105722747,0.904819845144042,0.7496713754848195,0.16800309365037966,-0.3090745654618015,0.10618178736967374,0.8903726961794212,-0.6875579631466685,1.6080863032704458,-0.12268460360424481,-1.9307225697199515,-0.31785786795621646,-1.5065715459561007,2.143031939587559,-3.8610588545271396,-1.5425575099187596,1.874570213294815,-0.3628660144351647,-1.3275028889939906,-0.2765273705397957,-0.07734448725138787,0.22212443319893035,-0.22031151529599333,0.37366180759801765,-0.9332575024817529,-0.315111910410659,-0.23755167922826464,1.4443778473422033,-1.6442490581482136,-0.45046179740726516,2.04239462631956,2.849559762546686,1.5174998249596436,-1.2296377859550456
3361,1.940768618158842,1.8269592585170122,1.8473279784190288,1.8260592460007876,-0.8462554812498803,-0.8884144452942976,-0.8957742952482114,-0.8228538884572612,1.1789833845578972,1.266543013930388,1.6258917069138277,0.9999637235154409,0.8591391250064814,1.1731416532670162,0.11885260965329188,-0.8234994300062576,1.2616252304106013,-0.4814130881710433,1.341667644143041,0.11885260965329439,0.10449185113143984,-0.500362684418687,1.3037629016579515,-0.3121241020175078,1.456752425011215,0.10449185113144265,-0.9856229693478574,-1.4733490133087206,-0.5965904966168081,-0.7724192427535232,-0.49101437384062124,-0.22012919121917246,0.13845952296877923,0.26359881463366114,0.012943708900261313,0.5949120705074756,0.9938831627688249,0.9704593081349483,1.0036236425096914,1.6047840391260542,-0.8155138945735746,-0.3635718963953876,-0.32811942501295005,-0.6083202909826742,-0.5190174733418448,-0.2595832903819111,-0.3299001644353428,-0.3010525918974723,-0.29008663188551187,-0.6199267331596516,0.050905799699191796,0.37495644263847644,-0.0845644104678073,1.6296607882475558,-0.5237004163726623,1.7250080748603154,-0.18880858691102145,3.4834495235206675,1.8151002817341346,0.858860712740647,2.0765233593195176,1.4563074193382766,0.40494129275614477,0.5195227206528077,0.22335506570727204,-0.445976297593992,0.569288297365436,1.0555185310987423,-0.3885078418780488,1.335340347465085,-0.17260371275693395,-1.9530950446329831,-1.0492086118325037,-1.148548746305539,1.8268175808503675,-2.7855461979181024,-1.008035144559972,1.7907183840540433,-0.5211839022976777,-1.4825218903397384,-1.399865303333034,-1.2916025057501097,0.35969005123263315,-0.3740359814833121,0.6560394794521262,-0.7892526613246937,-0.14178795538199798,-0.1845260224931996,1.4286336920019371,-1.7082101590051135,-0.44693323444521066,2.012670162170547,2.833618995497806,1.5698485353104354,-1.1491167830945626
3362,1.778152529996753,1.7037047368129168,1.77026824654821,1.6984454980792665,-0.8420594803976191,-0.8508576093692113,-0.8857647017524475,-0.8046887399200782,0.7935185835933065,1.2608212974833963,1.5287716235935849,0.7242577170981651,0.5121581417643276,0.9375108938485249,-0.36472240556303465,-0.8297962052602559,1.064785308020562,-0.7636429865200395,1.2707300334632707,-0.3647224055630349,-0.15029448414256585,-0.7705321414592706,1.18188554653775,-0.6564288695174217,1.4243548133948152,-0.15029448414256785,-0.18712500059798462,-0.43145327062284045,-0.5879081652574705,-0.5805012905694904,-1.017806349985892,-0.6015745544534654,-0.20021747141722593,-0.1073644777777206,-0.17904355985084386,0.341953519664385,0.8036120709272794,0.7680510182352608,0.740838006671983,1.4739793348481112,-0.7797339950958263,-0.4146403504157343,-0.3286812331614462,-0.3590842847084675,-0.5278756302289644,-0.2748533460197788,-0.3424699939715022,-0.3137798397663128,-0.29517929870339754,-0.38689879899038343,-0.05349793205054103,0.17608872268050962,-0.10334473226318205,-0.5410082040157601,-0.6091212785872434,1.2741920928823054,-0.36675018303910834,3.480435185807377,1.7218544978684456,0.9385228747468083,2.025334930049977,1.4146950924228778,0.06203366424861409,0.4091872298561403,0.30584881047675444,-0.5008459413647451,-0.08605992753596961,0.266896142234863,-0.3343841194126424,1.706088043893024,-0.5255484030389435,-1.7635058138447424,-0.143525662490812,-0.6201777068698844,0.8214644291682497,-3.1306679777672564,-2.231049415773119,1.7903427471679025,-0.4724392002244158,-0.4914865949259736,-1.1134715547128835,-0.8973939388357051,0.41349147071019,-0.34194294855770924,0.6747497259768914,-0.3102788287077188,0.11019673289847975,-0.11770123944476979,1.4050035427516177,-1.7384431315933064,-0.44299663411469076,1.985672586885924,2.8122763856656485,1.630751728958604,-1.0685420588733514
3363,1.728243421561451,1.6407752252207153,1.4860066174467255,1.4065004385430737,-0.6169967459217341,-0.8492517741418504,-0.71597968578597,-0.8004158673579036,3.149952708445357,0.8515914511534819,1.151379751044699,-0.41495773983503087,-0.8124697250607655,-0.0458699173306316,-1.1833346337811468,-1.405421441031273,0.6614776730202298,-1.6067310034093865,1.0792208520870985,-1.1833346337811488,-0.6712891880806716,-1.5478816650744025,0.9172864184403782,-1.521485576691575,1.3381491419162685,-0.671289188080677,-1.1353141945292344,-0.18987396752946425,-0.109340783770759,-2.1892814541682037,1.2968037716025727,-1.3896072249162408,-0.96850858370633,-0.8860605613377841,-0.732485712707606,-0.262400814832452,0.22131593660585835,0.2331379916788315,0.10263633633070604,1.1726843880489284,0.03617012913201686,-0.039331319058001114,0.06495679530899327,0.07049496677437578,-0.32241585810001444,-0.05071951569800412,-0.12981544217186572,-0.08292311597616822,-0.030804114387912643,-1.0784586068873498,-0.8620006208337985,-0.5919704572855986,-0.3651227363367875,-1.3176602924341085,-0.9275842979005782,1.0233962269734418,-0.4054871500709094,3.7564825984497925,1.4808137163022232,0.8944024517848077,1.9347144520026731,1.3901657874986086,-0.7943841385715766,-0.16278786231720727,0.28152360900452567,-0.5946839132410651,-0.41126792065077333,-0.05548440637058578,-0.3469651974791965,-0.19257640942602827,-0.6112563794267398,-1.3655748777823966,0.2714151672231377,-0.48669883848564616,0.4682578937306903,-0.13180077855024971,0.23023794254854651,0.8589210094951695,-0.74773521317878,-1.9853442431653183,-3.0651092148690267,-3.249478845011611,0.5254046798466808,-0.21918197526594776,0.7314450779244418,1.3135662776936128,1.0556180954942038,-0.10140113347796112,1.3693391324818929,-1.9332677859989207,-0.47513302788658524,1.9541220275729205,2.7611248246407194,1.6146055386250364,-0.9592742711358166
3364,1.3054326178621578,1.2607923093175397,1.3016767487499852,1.3275074417637291,-0.6940268384590913,-0.6135852635981456,-0.6838767831952399,-0.6608622525874321,2.5688321922547797,1.1628629177270728,1.6663920649721604,-0.5451686138712222,-0.9498593436258602,-0.162528772735071,-1.5337275073252372,-0.6462012443417317,0.3326354193040529,-1.3011516281348883,0.8358982229824372,-1.5337275073252403,-1.0662811668862198,-1.1829973938490157,0.6638209540474372,-1.457854097926257,1.2130073531557775,-1.0662811668862229,-0.7695929029191884,-1.6615985579587529,-1.8805309258751042,0.041701594150085855,-0.6870440523839524,-1.1783944347168476,-1.0796922611157882,-1.0236142390120488,-0.7976157628301096,-0.4314212655165591,0.08850621706808118,0.08451206792928641,-0.09180406201178803,1.084282836995543,-0.6014292693862866,-0.5698159349825552,-0.47972760358332184,-0.3435611451392387,-0.5925098990216229,-0.3496787928021773,-0.41206006212644264,-0.38006040833111415,-0.36717370406586597,-0.2847214766623353,-1.2745493424173042,-0.6045499838042189,-0.1298358586137743,-1.1435277674734254,-1.0348828565319612,0.9773406899114875,-0.7486975155805705,3.3946911714542276,1.4354172710756516,0.7869730264866611,1.877266245942518,1.3473381628045773,-0.9731801795200316,-0.21622223355587072,0.3456546245868762,-0.4179797977635992,-0.44527050092865195,-0.7012163433607762,-0.5964461306254685,-0.8563489962769089,-0.9289713108264229,-1.1009451634240233,0.4146198860760185,0.6714660799386437,0.10569223321821448,0.611369444042304,0.6351893204626935,0.44962891383703474,-0.3880114368140581,-0.33986023170613944,-2.428825000549756,-2.6539604483714845,0.34548339219972807,-0.1817800317506463,0.6684578686918389,1.4007185517719918,1.2438589349222768,0.02396750932109822,1.3395260193494662,-2.0298735753233434,-0.5193786884804995,1.9272970712262714,2.7289704702227873,1.6206845730183415,-0.8817102320429131
3365,1.213931422761191,1.1930961937827242,1.2319437648958138,1.1415380000098896,-0.682992605345016,-0.7061761370057391,-0.6949674515517652,-0.6480476535352906,1.539908887316598,1.1249918291593173,1.9916707654203356,-1.2141446991815585,-1.650858906009406,-0.772127730979084,-1.8898772788956597,-0.6983660375634101,-0.06096871032493432,-1.5533968918041305,0.5343811248465522,-1.8898772788956621,-1.4997200038830132,-1.3328137587126652,0.3499263019793261,-1.7983269283424206,1.0438511107373696,-1.4997200038830134,-0.3187181494927886,-0.3094678606045728,-0.4175713449176754,-0.6566880136384783,-0.6513274296724687,-1.3242634739791956,-1.5493877850942246,-1.4378465883888483,-1.1538379500389533,-0.8270941758789643,-0.32602412875391157,-0.28272533283542556,-0.5373444108972502,0.8851565963812021,-0.4233385306790941,-0.6174407166891058,-0.5224215695012155,-0.3720268066784623,-0.6093580412995356,-0.37648986273622215,-0.44118441360609545,-0.40588900863357186,-0.3993187038794151,-0.7765658194550409,-1.6362433241356946,-0.6749319205993226,-0.3668711412603116,-1.1480774120226944,-0.6605846390927288,0.8797603410081538,-0.661644661691536,3.0822161160014176,1.3716577836178157,0.6636013126928675,1.7975383318922924,1.3068655210862101,-1.4996418925591766,-0.5570410253519696,0.3607975980291357,-0.5418251307115654,-0.041077359567821985,-0.8068001216811895,-0.40044853433946226,-1.0331871112309123,-1.0361343034873116,-1.021720252642543,-0.22782294002275982,1.4353972061750537,-0.32262785625739626,1.141701913325387,0.8050058660277317,0.33521571293422286,-0.4755351440501112,0.004416090702535004,-1.6848372764957378,-1.612005990101082,0.46714796488722793,0.231588655255421,0.6935133501448373,1.6084848702318744,0.8565400734441878,0.09481883396773333,1.29614691690655,-2.0121220260403154,-0.5369011381273135,1.9000051275330068,2.695650965298953,1.6547288876640818,-0.7981167813376372
3366,1.1154289945729217,1.1294773588535214,1.1697013475630527,1.2414349062310914,-0.6520937457788835,-0.6914152312879157,-0.6614110213958121,-0.6367963817768616,1.2692166145401367,1.148951101593116,1.470050821754128,-0.7121903679216334,-0.9622365381692358,-0.39130097219006404,-1.5702948338502962,0.5364893477104975,-0.20703399180242188,-0.5766131219484157,0.2818148847565749,-1.5702948338502993,-1.576325970855614,-0.28624100174044625,0.16107199432373387,-1.0793011477635661,0.8678992114732678,-1.5763259708556228,-0.30184954070670256,-0.3190099159251895,-0.5028977710018786,0.7601410916177264,-0.6594316564088466,-0.48584641159174596,-1.0836468917337378,-1.0427841546029222,-0.8427177790867474,-0.6496200843428891,-0.08974398148687737,-0.09727561321639591,-0.3624526960623825,0.9776343898739103,-0.621226127040832,-0.690348559444528,-0.6625944553712123,-0.4883251549599409,-0.6785271516701068,-0.46244753394135957,-0.5233830783901482,-0.4927207796544761,-0.4953192106543098,0.3991837285638393,-1.1161696541427653,-0.9539268697484403,-0.5412673643679666,-0.7914215545741617,-0.6390896171569415,0.9529344322940144,0.39969128455484304,2.844251594560119,1.326946298658307,0.5251182017259622,1.7195033696695068,1.2685454750784395,-0.9648004050441237,-0.20317929243473443,0.36820451952624034,-0.5192198274379224,0.4724827241912951,-0.8340243628061904,-0.603408723815891,-1.0434139324425482,-0.6630574204787489,-0.9260034258094656,-0.9445198383428443,2.1464397627763194,-0.043310364906087265,0.9077530017393407,0.7998719679201953,0.26827088317253645,-0.49851680078553673,-0.39447678069446357,-1.4372009203493334,-1.334615293301823,0.44807528890542536,0.31459166529100263,0.7527263934217662,1.7652478619132284,0.38331384486417847,0.2490508605720091,1.2582237302826418,-1.974232237881359,-0.48448905883137805,1.874671877196263,2.6545417698557183,1.6675886588450792,-0.7309690495970571
3367,1.0748944198487642,1.1035075679716455,1.0989320824033284,1.2022185343683331,-0.6414193510365508,-0.6678527558835725,-0.6781314338370359,-0.6168410867261073,2.083505577891277,0.8170182217464442,2.8411898612704047,-0.7051954695703752,-0.9533782699021859,-0.38876557237442394,-1.3115357085456896,0.44874095357796273,-0.33038132105156287,-0.4867408213294453,0.06939235956733915,-1.3115357085456913,-1.595736171428471,-0.11771197700921353,-0.009954764155457605,-0.9736943037598638,0.6901845482437471,-1.5957361714284757,-0.33891592538763116,-0.14214486559371375,-0.22857265552966932,0.807010928062257,-0.17652855999814715,-0.26011075223954006,-1.0514751991127242,-1.0829973948204716,-0.8737333224663534,-0.7438978677780431,-0.16709119698853941,-0.18353440938038093,-0.47784842353423024,0.9273818811887177,-0.16445853410521521,-0.4383778654316069,-0.4633815171849168,-0.3159486943488277,-0.5682148811705867,-0.3496599948788229,-0.41068053930982834,-0.371166649694267,-0.3676507544986353,-0.17148871012378192,-1.0015567566308095,-0.9341385441322725,-0.6159923016521115,-0.7319841117010807,-0.6855304548459343,0.722131261027191,0.3681062150318551,2.6563786336244797,1.2890678047268012,0.3665810606267137,1.8894074518195316,1.2322077722562468,-1.7001908216365107,-0.18510872345810261,0.8533403816367632,-0.5315129755038936,0.09842568674916521,-0.7733765882203989,-0.7725084100787342,-0.9689217451375634,-0.641118330319734,-0.9692956689069255,-0.4204620079495223,1.5040189352739914,0.2909004229557297,0.5857243493125719,0.7491688423595443,0.3277166884366807,-0.5880844281726881,-1.1058464055359447,-2.090324851121079,-2.144893389581335,0.46125054609278304,0.3480321702167038,0.6844992121478434,1.7666313589008549,0.02018389876505324,0.382417457692591,1.2248810038361748,-2.000004686566999,-0.44065407591981665,1.8527587816162194,2.659124948648511,1.661508576394278,-0.6642836727429248
3368,1.2421608377161684,1.1516671940623433,1.1771815450116598,1.1453493055097046,-0.6552206219107696,-0.6496013275389033,-0.680106377990535,-0.6213895523058899,1.0761971147087077,1.0412788614822954,2.7664037114164546,-0.7911621277289401,-1.0480188421854923,-0.46746898230123063,-1.1418684088909357,0.29386414678288214,-0.4547458493721369,-0.4912215357522548,-0.11696417218838807,-1.1418684088909377,-1.5947519415423017,-0.0625589671750415,-0.17592539837552956,-0.9394433285137993,0.5118037005828743,-1.5947519415423064,0.3410661181534793,0.20487005606179157,0.7882324713857956,-0.7560794268969333,-0.5217702901491971,-0.28746525193054584,-1.025197388314956,-1.0996043504326922,-0.9513911429698418,-0.8719427310717549,-0.28278947362938345,-0.3063288547477062,-0.594181622786274,0.8596428211827567,0.25668818339017674,-0.19444060235527308,-0.2955061893244788,-0.1951163468875809,-0.5131900438877248,-0.29448387654804487,-0.3583948572334556,-0.24756122694553884,-0.302549472588534,-0.24492501937634506,-0.5613114774608893,-1.2115909173728556,-0.9072074868568627,-0.6643954678211719,-0.8217105160677655,0.654040256024565,-0.5362140446843835,2.511265293092774,1.2511873176910613,0.25408136958154964,1.811600682136982,1.1977105543756401,-1.7100549750828182,-0.21280760519747388,0.8723205656473602,-0.6314737490553357,-0.1297465515079319,-0.7619947932045354,-0.8465736386552994,-0.9170772999408275,-0.6873575104179942,-0.7831458883145709,-0.15090826153759632,1.1656944351586513,0.4173186059856209,0.41925065626918423,0.6864621309901875,0.21732198828050284,-0.5596443472608206,0.0760828502246448,-1.3369232517978702,-1.134400559430735,0.557992032208513,0.37144123090282777,0.51199439487611,1.7218228893374912,-0.38276649858414336,0.4728177408289074,1.18887356668365,-1.9822260609199598,-0.3951372461974539,1.8333360885810057,2.655868092970166,1.7004994753429854,-0.5763940774103257
3369,1.0682451819906869,0.9796969620412949,0.8237606259997722,0.7450995815472949,-0.4416079286150077,-0.6635574333627302,-0.44977469162863126,-0.5930767935880461,3.3267519144977373,0.5160094375212185,2.093805209183842,-2.275287376493832,-2.507360696521873,-1.8884098629188126,-1.7351534114055502,-1.1629088570272257,-0.9112027591700186,-1.7775836078777743,-0.4066689046062154,-1.7351534114055533,-1.958382131937367,-1.2842426922148331,-0.5396188578446163,-1.9988458682401,0.2879352913707342,-1.9583821319373742,-1.5887707128950164,-0.8181255534398344,-0.845244301533631,-2.2828276025316057,1.50200928287207,-1.4676996562311497,-1.8554908301065802,-1.9813038272593626,-1.7941114206619078,-1.6271101135171449,-1.1617469901242485,-1.0735692297950887,-1.4206901457396084,0.43258879262878697,1.0284703783600593,0.4428548934108433,0.22466080929503934,0.23646210148735014,-0.24622576881268143,-0.005492919616154863,-0.0936996086400161,0.10381781533733463,0.02537020013417163,-1.6243108006021634,-1.2529343477385904,-2.093743406871379,-1.4220803331037788,-0.917158580465147,-1.610126176790116,0.6902636376006968,-0.8431352954262054,2.3411204177560783,1.2170143325816096,0.0023188616185230125,1.6089844539597762,1.2205365246943212,-2.4199083526151384,-1.2714271683084515,0.49786336270464293,-0.7090676266612838,-0.5084701491377639,-0.5310422665866638,-0.9505315187193201,-0.8588675493207878,-0.8231030413504807,-0.6955368037580614,0.344457936287407,0.25168339123001854,0.8482998176181469,0.2026017338276876,0.8005659120751075,0.1775753935774237,-0.8828764050685655,-1.9922308540447193,-3.1610131561504757,-3.356075289024966,0.6536020738460221,0.4670065544265616,0.10970675776372417,1.7661373233474218,-0.6578874510938979,0.6081592171884287,1.1452886680897827,-2.0380931566975975,-0.4008868224659364,1.804574331110445,2.6010256009941224,1.6575257512741841,-0.5054290743200837
3370,0.9218479700580771,0.8629575682909655,0.7411257571114382,0.6430008803619811,-0.3493018097338593,-0.4519423936960033,-0.4161388575835758,-0.43879326772067767,4.363143490374523,0.06893952490128503,2.815564621860486,-2.393546154703093,-2.558752440575048,-2.062161264468253,-1.9056471432614026,-0.4268218548610268,-1.2681679553459104,-1.4219089012439416,-0.7316013959311082,-1.905647143261407,-2.157588612862465,-0.875979015284209,-0.8746650031052713,-1.8187058570632209,0.03248624843869597,-2.1575886128624715,-0.39830924166904996,-0.5726503768699719,-0.7198592103922713,-1.942556841054981,1.1538790764914428,-1.471002212236878,-1.7543589231516241,-1.9555063755536204,-1.901305431156669,-1.7566326985810492,-1.3543567529378457,-1.2446909362516114,-1.5917785568170362,0.31419666008392505,1.0660615126909225,0.809864466063458,0.5987746260746657,0.4695919162114996,-0.08981911944332398,0.15580793986442756,0.05942424421785502,0.3051647948366825,0.21512029647783434,-0.4453523989829451,-1.0835975925825467,-2.1826888917966385,-1.3383002356769509,-0.9960598243991492,-1.7211689104177017,0.6217370927608594,0.18875678190640222,2.187256509060035,1.187035958628358,-0.20763169180281627,1.52379978696021,1.2121254342614534,-2.4323642750732857,-1.5090541806815498,0.4102552654382184,-0.10255083784362784,-0.024034832320621764,0.597454343962027,-0.6075530023270937,-0.9822203056542099,-1.6060274105958028,-0.7102489881296646,-0.02073290040606257,-1.071490954356904,1.604271794748043,0.832617101589593,1.8933862436865811,0.14197318825753535,-0.22093883687025437,-1.3532269972271493,-3.729143059357998,-4.3710053053832105,0.06858861342441337,0.5430762831555457,-0.4209979385710656,1.7898015416535247,-0.7434638517659139,0.6543568503137768,1.0862824263141706,-2.086050397852406,-0.5083002917539897,1.7722683594215407,2.566251370914365,1.495551337964973,-0.47536887801738703
3371,0.6056219562436101,0.5711534598401803,0.5235011761251878,0.49903587485863027,-0.2988847217617054,-0.3480973247574918,-0.3676640980721046,-0.30380296911081994,3.3069347771140896,-0.034069125086709805,2.8285843144438796,-2.5923358677435893,-2.6809601392815807,-2.3295259651318263,-1.9512097786288678,-0.20570274767294905,-1.5856444316391831,-1.3305777727319121,-1.0670105129216936,-1.951209778628872,-2.2833729407539822,-0.7147431140557603,-1.2019926278315274,-1.7892407104375223,-0.24891077078823465,-2.2833729407539884,-1.0195233758536193,-1.3804691409103742,-1.5168362372552566,-0.8107192112576926,0.4103610947100855,-1.4530964023130886,-1.7841801571822686,-1.986600475839379,-2.0538361181529075,-1.9627390821609676,-1.6208737329236267,-1.4739900324338155,-1.8290055095803965,0.1508025776303588,0.3217495370318297,0.4568377706897003,0.3679936879610762,0.26183368746617286,-0.15069980564497193,0.027939404515474192,-0.05797788674119186,0.1625317082494439,0.07896796635052265,-0.6274527260152785,-1.56011564954047,-2.1171918238609315,-1.8767574674461451,-1.4349206630298381,-1.5935441461894757,0.6419543822162346,-0.4799756512369993,2.0576558754082264,1.157881852914606,-0.3085210213307312,1.410901147103621,1.1803698281861468,-2.4759527600891884,-1.7696824733315526,0.30649269523124206,-0.24875252532296074,-0.04537256675023667,0.9162216391211383,-0.6142753733778296,-0.9921395433897982,-1.7165950656839855,-0.6555099938087852,-0.06844198126219142,-1.6371895279555995,1.9258396545018897,0.8448421994297707,2.1044835407416715,0.0986221703156314,-0.18839475217031415,0.2761432650450585,-2.9508075890711067,-3.309557614170749,0.21606770393837316,0.7295449306941817,-0.8597105116799284,1.8008848123779748,-0.8501099813974006,0.6709710568884065,1.0148713264038567,-2.090816113675028,-0.6353919578581088,1.7395457326688426,2.523734283517285,1.3579225672239137,-0.4400754332604009
3372,0.7033244906318432,0.686066789884117,0.6205281168337562,0.5611219862314516,-0.2839561513544395,-0.31765644614390354,-0.36340973531964915,-0.3006339821636871,2.8967567878173135,-0.27940822646794605,2.243963158044887,-2.141000505463047,-2.1196714572406865,-1.9833247401396963,-1.5538981253284303,0.7358418452014783,-1.68255750462726,-0.5196304384618505,-1.3260479053183998,-1.5538981253284334,-2.155663544762832,0.17656217658152987,-1.3989998145375446,-1.1490833589116345,-0.5227401873689307,-2.1556635447628367,0.40640830339443645,0.499714341294778,0.4344717909785179,-1.0640209352987118,0.5759037094857612,-0.7008780677996334,-1.2959315546293848,-1.5217355780586874,-1.7871789509146654,-1.7387939916616257,-1.4499413527392702,-1.3445079230546937,-1.6676139747877812,0.20134055431254652,0.4198842887223833,0.6668439732913003,0.681907989342088,0.4488208871015907,0.31125936144799443,0.18729333354527347,0.10115161610941306,0.3589911493222231,0.27742362908361917,0.216946569276824,-1.354238401464662,-1.8443490064749235,-1.69363720624111,-1.3598171349856,-1.279502606477385,0.5881175312910105,0.5362800062094201,1.9650582213407433,1.12103063435056,-0.49350515530873773,1.2866097430137202,1.2628192813852834,-1.9287652129766475,-1.7697866694891256,-0.09780140014284075,-0.3249087963581941,0.5242777176764923,0.9577668942086395,0.022616329569278393,-0.6837188944717201,-1.5904372427600622,-0.6625087348927784,-0.9150398093388749,-0.9671246528878571,1.0284881286539906,1.121074572061375,1.6753884214510943,0.21840090671653473,-0.30347304319746926,-0.06256215134471617,-2.6567345925814583,-2.8976403396915122,0.2918133491712791,0.7555087276562843,-1.134560752248636,1.786272463786569,-0.8312708199409647,0.5797447878613643,0.9569060056380657,-2.0599805630455004,-0.7474522235451774,1.7097049415619716,2.4741590418581967,1.2130400461399413,-0.4007505023940277
3373,0.6058845277979006,0.6327083715940575,0.6847308507027693,0.6925742746047898,-0.2319664126167121,-0.233947719955855,-0.27599032506071697,-0.19424567970636522,2.5543044353386475,-0.40497434061830195,2.4866419722107915,-1.5200755286316003,-1.347478741438666,-1.4961968420367464,-0.9024438268759285,1.2942343457539864,-1.591599634719781,0.24512091984718937,-1.4617706616530637,-0.9024438268759308,-1.8316860074936268,0.9785116829451324,-1.458413437376083,-0.44159017486465413,-0.7579592501177882,-1.8316860074936308,0.2454242464960785,-0.29284404779795886,-0.5037507542692755,0.4714738974945293,-0.681352061943297,0.19460943918399012,-0.7378010495690663,-0.9582979028388245,-1.4022368633579936,-1.4059448809817285,-1.1564490843269792,-1.106880511560995,-1.3971502064125927,0.3262591499930163,-0.2173971557430111,0.2523475304070904,0.24369360710960017,0.1255521796269205,0.14397788674605974,-0.020016554894529463,-0.09882202908731055,0.11624187122033376,0.04330710360391515,0.4910463332971903,-0.995361430488995,-1.2277645396326793,-1.6295387483784984,-1.354198727169628,-1.036121247072362,0.7143701385060274,0.6333546502816744,1.8650027860476017,1.0898570288624576,-0.6662209580614386,1.2465887703768168,1.231865292927149,-1.447110335329976,-1.344177835704066,-0.06895261693093312,-0.43722786548095266,0.46218090357293345,0.6638837587694215,-0.06987355743192376,-0.7073879243817145,-1.279167751545733,-0.6186918177975682,-0.8832342776650688,-0.5416666132169021,0.8318170281999562,1.0381202298305237,1.4541619460112463,0.17979859597587491,-0.4148077362427614,-0.015734993051049494,-2.4233336922426028,-2.5530746642079496,0.406185239927595,0.708032735775276,-1.2064106880744545,1.7486287772745055,-0.8980914995882994,0.4429785152677687,0.9125965402014378,-2.001072825371479,-0.8322175803145836,1.6814189666986654,2.442074420028703,1.0891190379584283,-0.34665731799217336
3374,0.6988707738475924,0.6772095407735135,0.7813672021545148,0.7946608874522417,0.018361233795249732,-0.10482783908144289,-0.0760383050716746,-0.02338040283163348,2.8131949824027256,-0.8081530791456141,2.166057494642325,-1.1002942016849222,-0.8465045287676649,-1.154313406651801,-0.2855511788807685,1.2293924656417983,-1.4261322879395015,0.6044438659961123,-1.4877487791717774,-0.28555117888076964,-1.4443875285283794,1.3132003774926888,-1.4353899128744754,0.018123770072204608,-0.9409949877304483,-1.444387528528383,0.3738973998786536,0.14598261633190518,0.38709591314804875,0.49901592485542573,-1.2218534988299758,0.552310234359235,-0.3225252030628171,-0.5289246908026092,-1.124604982485265,-1.167339170757291,-0.9551202761216578,-0.9385975525665985,-1.2101895948161956,0.4182815340374904,-0.22811057693651327,0.16707138131910762,0.18692619089715853,0.09198804486260648,0.14019333687397853,-0.02693375952932065,-0.10253125509880641,0.10333617702569269,0.038257004209605004,0.34782057102798947,-0.010529189757771248,-0.9850974064484078,-1.6640053532981713,-1.167682488901115,-0.5273095725144475,0.7876857522701861,0.805154800454312,1.7864743565647219,1.057244070937292,-0.8692924611878889,1.2083556941413809,1.203066724831207,-1.0922164883701433,-0.9957392656349305,-0.037907951356395075,-0.4524508367800807,0.08327814834935417,-0.1256494675157163,-0.11386512523159552,-0.7085738351000194,-1.0369981694872175,-0.7141714229594748,-0.3573518871932729,0.3220380229810495,0.025134981669664457,0.9781874700490767,0.8431240894354429,0.24996121186289286,-0.48992393580308097,-0.34964593934009075,-2.6640678562868794,-2.799232856332077,0.44347504461458376,0.5526439540734874,-1.2517199365009888,1.6847905100693454,-0.8532859254408398,0.03200497833270239,0.8811272563140797,-1.8931687762146459,-0.9576343603132171,1.6540963950445837,2.4076448626028433,0.9779876740686817,-0.29487220439523143
3375,0.77888555559302,0.6986125558441117,0.7033866697312326,0.6813353284135277,0.769537621633916,0.4985742552273324,0.7342198038562494,0.5886213867659659,1.6003208685552208,-0.5067978284542277,2.100625394366416,-1.4163450447638404,-1.2077624497127442,-1.4427553093101542,-0.16556820557364518,0.24079519630914592,-1.4027802732950345,0.05047020648432643,-1.4947016560715987,-0.16556820557364652,-1.237722333556778,0.7242416918231633,-1.464849014277259,-0.2653508250373288,-1.0933526858811675,-1.2377223335567813,-0.420317746310196,0.022884447804271752,0.3034757413746861,-0.7810752993955753,-0.19658868016418402,0.04932155494241698,-0.5366005130820266,-0.6936650573867207,-1.298830649455002,-1.3078645437595766,-1.1935836553538093,-1.1378326747550624,-1.4228062038118747,0.2791093856217372,-0.9428986024029379,-0.5511038938411986,-0.4627856698665501,-0.4436722285429348,-0.3513431139627986,-0.4073292013319056,-0.46340243855249563,-0.3464310371019869,-0.39932281288628946,-0.5151930029167878,-0.043921914723982707,-0.8831482355457995,-1.8000917299165933,-1.1335505787794897,-0.47423097204087433,0.8310816040659257,-0.8963588749151026,1.6881807473908015,1.0255714420391242,-1.0184960941547505,1.1721121191083153,1.2669920242042674,-1.342547050026113,-1.3834635448754882,-0.22322679882495666,-0.502270460765684,-0.44119385369503006,-0.5197262376178938,-0.048593981256389446,-0.8584121017590657,-0.5299389167412595,-0.7911939903665813,0.3553257712862246,0.32032929932851917,-0.5040010924666228,1.2744023609595523,0.7407668797811126,0.2504271272903132,-0.38454134512883326,1.6515912923917422,-1.6274808820961795,-1.5558814196543427,0.5597329683014416,0.6020882676672548,-1.279723293228283,1.1822816381144194,-0.6696294947470501,-0.31511693301441207,0.85159800886256,-1.7537455351823998,-1.1501964681199444,1.628832587302606,2.369847542540363,0.9403775227343912,-0.2679104888824286
3376,0.6712065033079126,0.5946227904140273,0.6840736810937927,0.6118618652566816,0.7134678455824803,0.6905177059650078,0.6336786997286198,0.7817407025785791,0.7795961893492138,-0.031513764813598556,1.8664243448120543,-1.5628872880097127,-1.385074628326487,-1.5721113871420562,-0.18594302300630003,-0.03698286445164523,-1.4267354813379352,-0.14016500289867362,-1.5069220419817102,-0.1859430230063014,-1.102795611935001,0.4832880456088035,-1.508983964242418,-0.3497076438548965,-1.2239906544330525,-1.1027956119350049,-0.16299856778384877,-0.541108030895212,-0.579026447330762,-0.5107197036258971,-1.021854731052422,-0.33286486629074885,-0.5687428185213365,-0.7350201805168212,-1.339673208057406,-1.3703514261065883,-1.328384548383851,-1.2552458964199937,-1.5402444787469496,0.18462401766416828,-0.8672088125292423,-0.6136516609258856,-0.513108588720364,-0.4549716821443988,-0.3848482790035109,-0.4364385739255983,-0.49408627154128626,-0.3820720716715347,-0.4339045835698939,-0.33570567096133036,0.11176923143530178,-1.162499772305007,-1.6919748862287827,-1.5202334467414824,-0.6297074696431444,0.6474938569340396,-0.8744216256310728,1.5936842783401632,0.9961628050303983,-1.1495171611435167,1.1374217281109822,1.240928794247333,-1.4558299232948857,-1.4417715079483358,-0.19418067656608318,-0.5703467482169194,-0.6426807004229832,-0.6752528102852294,0.15817242753240793,-0.9014683602898049,-0.4764164750644303,-0.840525395024706,0.6069483896871776,0.33307494269052057,-0.9626558398710644,1.5564630530667232,0.6778016858334753,0.2705406656622763,-0.47681991861168566,1.3685880945821705,-0.9417226358859326,-0.7409456400575412,0.6205301884191767,0.6974896606761655,-1.3188695451726256,0.8248788542486591,-0.6406613649778358,-0.5331676117884292,0.8211842422485236,-1.68417635029509,-1.3576859616456232,1.608200455663645,2.3301584183468163,0.9056147799374975,-0.24548922298488723
3377,0.44990967284057054,0.45917664716461476,0.5608269549668132,0.49771941147566107,0.9124463942346905,0.7812086330792926,0.8091603631914898,0.8719835770469352,0.9291791946404014,-0.053381868216582196,2.0708504583315537,-1.802693917486321,-1.6626211881616086,-1.7962057335306716,-0.33531244187943193,-0.29116948479473875,-1.5058997270425443,-0.39544045431917835,-1.5430229262039539,-0.3353124418794333,-1.0497185092258343,0.18443647521670353,-1.579954297014744,-0.5260094798826607,-1.3435706127838056,-1.049718509225838,-0.5899579650075952,-0.655484158394252,-1.0621495389304974,0.21761945149750878,-1.1023973383371617,-0.7226167029992085,-0.6832007272140537,-0.8871393431296872,-1.438980001602649,-1.483509017978376,-1.5155590953581903,-1.4152454009426585,-1.7047035482891335,0.04326818389361101,-0.36902901216398143,-0.45493871114824325,-0.3572603429649802,-0.3153483477835839,-0.26951533136292083,-0.34977848913116105,-0.4112175761847945,-0.28131027441686335,-0.3338698499394427,-0.48871054798566727,-0.2559995927767953,-1.2729957516481891,-1.6989019360284794,-1.5774543446987705,-1.0240751874510698,0.444806141523747,-0.4542679462877303,1.502157561959892,0.972762277131441,-1.2047391888321357,1.0662062483067039,1.2176217780807397,-1.5570430008341793,-1.602011102978849,-0.2609572691183481,-0.6574101915537538,-0.5890047685941151,-0.3739401983606923,0.06724912608362581,-0.5441301865310648,-0.6313727236663006,-0.6971355723325058,0.48664300680312633,-0.1318182425733917,-0.5019345617315415,0.902042623720849,0.4336574054091501,0.30238304829215357,-0.6693705190605089,0.6023067197256535,-1.1038954163722787,-0.8801417718315038,0.7227407093753216,0.8551438707582475,-1.4573434719853493,0.5566666433937949,-0.6992810167858358,-0.7152538893298179,0.7746030015515714,-1.6065753141903447,-1.6044553560495003,1.5904289104129423,2.3009535190600356,0.8766701848694551,-0.23780517940514548
3378,0.3391164649906627,0.32800724391946734,0.41306142864155904,0.4030890703889352,0.9639521779361456,0.9377098756854985,0.9261101331741977,1.0269802342341339,0.5254263575525777,-0.29587101349576966,2.240460072565951,-1.9448304342897371,-1.829650164133795,-1.9311648375216017,-0.47523697194667014,-0.27530334476520535,-1.5958192200281116,-0.47200100451914734,-1.598735942672514,-0.4752369719466718,-1.0268747651669885,0.06904112950959279,-1.6569655496058229,-0.592925289138287,-1.4556863994096922,-1.0268747651669914,-0.6729787314307992,-0.6175825836983836,-0.5452892143336197,0.33315180410121714,-0.9185910162397101,-0.844572995893703,-0.7236711606648448,-0.9369210946330885,-1.4699274367102326,-1.5542806312935715,-1.6452846730185708,-1.5371227128829474,-1.8116722875693112,-0.07727829335892529,0.16298006197265533,-0.24666600818541512,-0.1709246406352255,-0.09199747566661129,-0.09139976047418241,-0.22992083516280573,-0.2987457840354364,-0.13662741413045473,-0.19578625406123,-0.40436355706724414,-0.7133316276575273,-1.3208294498217048,-1.4659376713610628,-1.7670569297013539,-1.151732580461111,0.7748144751747903,-0.14474550400711392,1.395103942729112,0.9379498336121669,-1.1857085666076748,1.01095352207166,1.1973142676245891,-1.6304277832376894,-1.7128624004328927,-0.2953010552436111,-0.692023481007042,-0.7459395385959788,-0.18884868707179156,0.09934928035741157,-0.4175443445985086,-1.0239021448029517,-0.5025528334132093,0.6916563439792026,-0.6820748587701208,-0.34340753301461,0.740817091757951,0.40652981390455506,0.20914600219513896,-0.6392427390550272,1.197523555359634,-0.7700031592749225,-0.47418789364900055,0.760138123047615,0.8545667707091148,-1.4543885447161908,0.2872950425571143,-0.7859901264192376,-0.9568359572401475,0.7283746898659453,-1.5801497533295559,-1.845610514353908,1.5703524301704515,2.2678457020867553,0.8153056367743261,-0.2258452332798694
3379,0.4152902149882859,0.39367892037576296,0.4657264250219267,0.402886951874543,0.9605516970079291,0.923912588707629,0.8557074666002259,0.9653741926121756,0.29002020886352387,0.1527433825262337,1.9450984843030397,-1.8097247330659798,-1.66786401244025,-1.8195333248411496,-0.4234843114014014,0.10100412993481725,-1.6213589612848553,-0.2003449842789851,-1.6437371886566339,-0.4234843114014031,-0.9405758840413452,0.3026043633448566,-1.6953919113589984,-0.37869305743518605,-1.5523082136561914,-0.9405758840413485,0.16606791810577123,0.23091115648915797,0.29017418070715517,-0.17571069027947256,-0.7890137988526372,-0.537764511303921,-0.6325655135208668,-0.7690808062686241,-1.32096997357224,-1.4983044833618933,-1.6174619720586163,-1.526164142640894,-1.772439847271461,-0.09989637754236519,-0.3972926033061745,-0.6347210183088604,-0.5943510709731615,-0.43514269279178736,-0.4123883297663912,-0.472836969033039,-0.5262582834507025,-0.41823967376682997,-0.47167983200773367,-0.055248980734779844,-0.9100170126595509,-0.7138128461723423,-1.3867616949427954,-1.8853183119650703,-0.8808946512239298,0.9143000488838253,-0.515491918016856,1.303663385290978,0.898644416500177,-1.2352104928206848,0.9677895470310881,1.180391888802501,-1.5089725774276437,-1.6045781741809615,-0.3039216674257302,-0.73739272774108,-0.6100156768447559,-0.08764634666134008,-0.17044806134235774,-0.1534875355688046,-1.1508829664971396,-0.735761480781817,0.4740164990319028,-0.6769300898051968,0.14311320233105784,0.038144185810032545,0.13477016468430497,0.4830196247864903,-0.7041693578884737,1.0311321326512175,-0.5895568242935556,-0.23926445366133958,0.802765869064156,0.7988413979891171,-1.4612701899335236,-0.022006330471161264,-0.8319045707644531,-1.1680248687205916,0.6934788975495993,-1.5542331428310543,-2.081716486632494,1.5510423063025072,2.227106206640907,0.7330379934023254,-0.34246783970001804
3380,0.3548738679814948,0.3248912468908471,0.2747993694443975,0.2967404642589612,0.9484155332535821,0.8175779887898598,0.8623766220354396,0.9026006094139037,0.04543030764075669,0.2821517824252633,1.594729589276944,-1.9690271742577854,-1.8622643960445942,-1.966055517508797,-0.47138377403971704,-0.0960745208707257,-1.674980860327896,-0.35654929044015043,-1.6917564649594405,-0.4713837740397189,-0.903014193751316,0.12196525123121775,-1.7452081171670435,-0.4829139824589461,-1.6392638634963501,-0.9030141937513191,-0.8252275867793967,-0.3356961492161279,-0.3168538608020178,-0.4362393570992752,0.3719292930547362,-0.6207529886262807,-0.804366971459423,-0.8288714658002123,-1.3382927948530718,-1.578172880613722,-1.738310789785729,-1.6438157871322285,-1.8708145572422938,-0.2343107022586511,0.44546944532118965,-0.06720956358839297,-0.13493385511111497,0.006843463357241356,-0.05160227410728367,-0.21191905091343022,-0.2806472251962081,-0.09543863770733449,-0.17271371235852695,-0.4294494404844617,-0.8613814988347973,-0.7054519497062506,-1.262269594538188,-1.9406531124424622,-1.3163086498854741,0.6393108071583341,-0.5389781644054307,1.2172846384069704,0.8417790396548758,-1.1973018851484645,0.9338514365295119,1.1674463909019284,-1.6346266263683513,-1.7476754679971598,-0.2914977603929768,-0.8006077724159327,-0.3859351122260624,-0.7421907363565097,-0.29685030400299633,0.05514465324065375,-0.8819655016766504,-0.8928818312703508,0.11934664627681278,0.7887631451032229,-0.38882471466432694,-0.4158794706171862,-0.6418063107285412,0.6805711635052443,-0.7663528013827897,1.030983302509054,-0.41320754152217737,0.004107250935269549,0.8617589102102762,0.6317832990129918,-1.4304682715106865,-0.41921547792068325,-0.8752873238012674,-1.3257509860469228,0.6484078444328908,-1.5337528360684562,-2.263451821127773,1.5313195168895715,2.183887005194966,0.6806932917257852,-0.4302932777486207
3381,0.14823296639082742,0.044759881908185396,0.11798689016690535,0.0410670844505394,0.9765562556852517,0.9158014088238708,0.8964869065424894,0.9991557692895526,0.6592877403497764,-0.5432146462040817,1.8783571743521483,-2.40595648648822,-2.3151914668309277,-2.402043850505407,-0.7903789571315943,-0.6358428704728677,-1.8356351275051799,-0.897615234968638,-1.7807820349857733,-0.7903789571315966,-1.0140044465518643,-0.4336798637466905,-1.8581345380610492,-0.9331266401832083,-1.7335425315022073,-1.0140044465518676,-0.6632531138781427,-1.1640573196250068,-0.9139596851840385,-0.6983381409650623,-0.7183063775301953,-1.0923961351522873,-1.306312962605482,-1.2540983812211297,-1.5895280353818828,-1.8222490837295655,-2.049161847682546,-1.9237453244243101,-2.14283728456128,-0.5295774405364306,-0.21184992297491145,-0.33775146984710586,-0.39507819562788604,-0.25694637522607394,-0.2737090923786693,-0.38257919912959387,-0.4344396687868885,-0.2974136910030829,-0.3636735149288832,-0.9436783894785236,-1.1533549492210042,-0.825040015586394,-1.6411375899384741,-1.9717517905375752,-1.5922928310908955,0.46579518251713936,-0.13502195180968268,1.1273627001962154,0.7595511221118602,-1.107614569683779,0.8418149282552947,1.2240003712389351,-1.9282709066184371,-2.3003018968532567,-0.6347006326201662,-0.8070876790288404,-0.346429306681865,-0.8539173181171785,-0.43745603067511785,0.20921701795930048,-1.3129849565114768,-0.6974125760175156,0.0580774458824555,1.0403317537478385,-0.3186551721296046,-0.7967899490304683,-0.9269650065477238,0.5966956453257384,-0.8753293692587915,0.1599170945391619,-0.9280273892921516,-0.6053149634453725,0.8693680946097694,0.5099075937313874,-1.3628254572880096,-0.7371174447210379,-0.9037411544300027,-1.5619795471064126,0.5901579044715493,-1.4918884658868559,-2.373116693722624,1.5092847009845944,2.1462765599280536,0.6765759679811822,-0.5109415531057515
3382,-0.011783950666583361,-0.06596323051385886,-0.2580252552373625,-0.3794545718348621,0.9466384655906559,0.9888956167416637,0.9245004580054642,0.9810967704792574,0.4730646684620645,-0.7441705901958644,1.3737176124104404,-2.8777452963519576,-2.7071596287977115,-2.949083152767021,-1.4031997976877908,-1.242382985142643,-2.13687824982082,-1.6518329406465204,-1.9492385680180577,-1.4031997976877941,-1.3234685278827694,-1.19405806170209,-2.0663276464852194,-1.6311544556173598,-1.8566133827651723,-1.3234685278827731,-1.5339945936421242,-0.4594669394376984,-0.6947761335486,-2.153847178838344,1.923880271927407,-1.8663045358923935,-2.013254987349856,-1.9248507800951324,-2.0380123239772585,-2.2136373409738725,-2.507439696070244,-2.3403181986063406,-2.5477386928407197,-0.996321363922519,1.4310720011110123,1.0005624370514985,0.7804329009323149,0.7234945904007668,0.5675282585754078,0.2705352285994108,0.17346312466136446,0.47697631177357613,0.3777382187203108,-1.4759774590984966,-1.6133819246027614,-1.4608426777110304,-1.9768777855463728,-2.1765306992853857,-1.8692374716855629,0.18432785935708226,-1.2785976007771775,0.9847734487868804,0.6916525451336154,-0.9064110414706054,0.6504550043660644,1.2191535922632821,-2.2930606407302374,-2.9219024053741385,-1.1503790858726763,-0.6028233553929366,0.007442262736781426,-0.7611058586167702,0.10813328187519616,0.33419944287891357,-1.5848021669349108,-0.5204079353750303,-0.3357815679459565,1.3529545655123687,-0.9645664868946774,-0.3686462511448218,-1.0082014384263682,0.5143746149539353,-0.5769864636980144,0.9654739379577582,-0.6747287115409961,-0.4211767648105839,0.6685015799742537,0.2837914205539444,-1.132151700211922,-1.0332362600035265,-0.8324844149416613,-1.733661775301373,0.5068911851952487,-1.4475333465595588,-2.413598674871186,1.4872901668661136,2.0924379461022906,0.6620087084528251,-0.545570902449409
3383,-0.34480014680491744,-0.35856207721954064,-0.33938178292467414,-0.26309338530092047,0.9328790461125822,0.9228385480704315,0.8795295609818526,0.9935648476042999,-0.0035320367696134976,-0.3034151844277352,1.2163584585342164,-2.28583650938989,-2.014929047664922,-2.452425451762792,-1.1856907048264675,0.4056013754833483,-2.1698597144405456,-0.49178423679580785,-2.0693110030270163,-1.1856907048264704,-1.3060449668651113,0.0003697195524013769,-2.130876936878222,-0.8207215658577705,-1.9670472583413077,-1.3060449668651153,-0.30834772580433933,-1.13749510188956,-1.368875850529459,0.5178143232543598,-0.13891797576122517,-0.9799857410892693,-1.4508903471064252,-1.4800489075229386,-1.6510394445089764,-1.9084486353785632,-2.219919253363111,-2.093916342393479,-2.269000843940203,-0.8897425418555128,0.8800123278706796,0.8136629097482898,0.638136502152808,0.6071024268386075,0.46245328250802115,0.20697375092293446,0.11034914731242279,0.40777179709020717,0.3151210932356475,0.42612035352592703,-1.2074879961364513,-1.4618031273059373,-1.7501950619360123,-1.7788685725461229,-1.5202683174714575,0.3710065998852485,0.00175613923609267,0.8919593655426244,0.6063603781023144,-0.7112896709293397,0.6044748932701713,1.417672723686434,-1.8574520805666244,-2.7458793635290126,-1.725968853091375,-0.12108148697257799,0.6880190858178835,0.0922012644525681,0.732608818170933,0.709186430538529,-1.8538293885913095,-0.25356427054989034,-1.0383420743115679,0.7720840048331303,-0.8917726063155074,-0.22453088979455504,-0.8309515542190267,0.46184749374906736,-0.06387186722686163,1.2341403477820803,-0.053667354326482355,0.05310685729917844,0.20207898976253696,-0.06007457399493858,-0.9389193684610814,-1.3131472063998075,-0.42631836022106456,-1.9174690938370138,0.41796249644486805,-1.4354811183535963,-2.3549880777782333,1.4687719372505053,2.0439024428705044,0.5965855625147629,-0.5129283948696297
3384,-0.2278769421506612,-0.24481970696161695,-0.19405364963576574,-0.3086598299408286,0.8189484693043371,0.9062065503319172,0.810045754006127,0.8963994914223686,-0.7720538282515993,0.3360657243677417,0.8362524787265956,-2.2041283346562266,-1.9615169154299477,-2.3505072274989764,-0.9021999136874951,0.5594278758355271,-2.147225039638757,-0.22105684612692347,-2.1362711147412297,-0.9021999136874977,-1.2134809522849128,0.2972584016612263,-2.1516010419931373,-0.5710384315767159,-2.056103450441678,-1.2134809522849161,0.586577120926863,0.4610107166086924,0.4974345909865558,-0.4182814036772895,-0.4473125896955636,-0.6160988637911522,-1.241454684233379,-1.3695389110277294,-1.53705395223619,-1.82398188339422,-2.169237758899215,-2.05210570014378,-2.205861389577173,-0.9584738272924709,-0.8319313108081354,-0.3597683801730514,-0.3925570110571862,-0.33218843260939956,-0.3366742134046493,-0.40520597801784464,-0.45883036978645914,-0.3270602410036932,-0.38450878579619135,-0.13702180116584156,-1.2319645762342344,-1.6042278268071632,-1.313519541160194,-1.7182356824883518,-1.317106662663445,0.42330146471447544,-0.6978179650510379,0.8152887698440281,0.5125716946492821,-0.636395705047018,0.5581661117404679,1.388052976092501,-1.7680596877382648,-2.5908573267274466,-1.733406378581418,-0.23022817336596219,0.41672381377827444,0.19718764744033088,0.5215491755063354,0.27694983739701173,-1.5138861963289243,-0.36375260357355,-0.7108834984482386,0.22097223946897712,-0.4916678046236543,0.17089336839944635,-0.20158051108406352,0.3781644610033493,-0.13488391539134303,1.455941464132414,0.5326377384693967,0.811300995819307,0.2972593572891964,-1.0610691656605913,-0.5971431503907276,-1.6593788763536532,-0.24962670623535108,-2.317508843027252,0.29782755550308115,-1.4370350710192241,-2.3280712869433535,1.4523053972769082,1.9924058625601042,0.48906477845277435,-0.4766256102677828
3385,-0.34981181810449735,-0.45144820558248844,-0.351999868154629,-0.3075729335347036,0.98050015843345,0.7411388927825101,0.8878702304198719,0.8212533673594834,-0.7661779263619132,0.9033775671106936,0.7637395173112921,-2.014726458767611,-1.7667519030362122,-2.1677023219892617,-0.5600105807763374,0.6968842516780331,-2.0649054206561908,0.07779177521455212,-2.146259187373428,-0.5600105807763405,-1.045814929138257,0.6051763503810371,-2.1224694183899424,-0.2684783125386088,-2.1156281239337207,-1.0458149291382604,-0.5735383129329303,-0.7528626825853462,-0.45964473464715805,0.28165381039480425,-0.9473271933210032,-0.1844191475653508,-0.9739046058487026,-1.1508560995562678,-1.3733915048670513,-1.6913755160641395,-2.055234347822407,-1.9502595374881724,-2.0900652388080188,-0.9659778013713977,-0.5814924662127838,-0.2168191781355812,-0.2058914786382047,-0.22079153582731142,-0.23934152777838133,-0.32785237879053775,-0.38296782373907495,-0.23617421052542012,-0.2972273423242492,0.01369887422805189,-1.0187963065304333,-1.396482208606631,-1.1700692011545508,-1.504310427036761,-1.8217196993065028,0.5729308062583389,-0.4480220003516551,0.7325617748055557,0.44706210280382236,-0.533706492318189,0.5027465773880707,1.364656266857789,-1.5880782830049556,-2.3936267229043624,-1.7820324603719575,-0.3893318362860695,0.37682187357484564,0.46866091008287675,-0.12239246612423585,0.1749889062779104,-1.3136245508546618,-0.4276127217759004,-0.737790083086809,-0.3053737145623732,0.6517647769338644,-0.3852493746154517,0.13012787122255354,0.3860018968863516,-0.38657958343298104,0.7963434763390083,0.4550331693868792,0.8136070173920158,0.46586948916413984,-2.26637069100332,-0.23466766163709815,-1.7355235628071335,-0.21518208897824215,-2.6903530112755676,0.16123883572572942,-1.450819149910725,-2.308699398144312,1.436663645276647,1.941081729479127,0.33230258203891044,-0.4410990376262195
3386,-0.09813150879816389,-0.10618436728683087,-0.06384609705366694,-0.13722141872941024,0.9474218017988784,0.9543806020298328,0.8885231348100835,0.9919279907674748,-0.9250804395410338,0.9562921645266099,0.6007337956441045,-1.435762156792778,-1.0365536175677117,-1.7121331025048345,0.001672607054027904,1.1419491480223833,-1.8721245832969566,0.7220976317902016,-2.079041338662897,0.001672607054026737,-0.7253718579829596,1.22005253556814,-2.0102812797086,0.3508039263738043,-2.1315227259674026,-0.7253718579829622,1.072499152514332,1.2762098927323,0.973914084975679,-0.2155267554445634,-0.41172711379029914,0.48612860550841713,-0.415135713105497,-0.6290426826038032,-0.9867168500079493,-1.384448710003081,-1.779605262337743,-1.7011829296159022,-1.8297635830975478,-0.7994557005552116,-0.45119399900571133,-0.1110251496699797,-0.03311335471686758,-0.13181024675492162,-0.1296017373789593,-0.25728005495355943,-0.3143384683292953,-0.1547682648942291,-0.21887377477931075,0.563144416856927,-0.3137667362238303,-1.0751295212769945,-0.8223158951395881,-1.4418961514589124,-1.682652575329853,0.4156769170826103,0.5152216533138552,0.6883041978316536,0.36422950177967744,-0.6547815966327376,0.38517891599427556,1.3922636961911665,-1.0215742256249032,-2.061382998879506,-2.1030601267525317,-0.5065596143114678,0.15001354353304042,0.2592974906386599,-0.4018082902582414,-0.0710505713355049,-1.8035314840513368,-0.5605612489822701,-0.4854007670074731,-0.2504655653246296,0.8088643787351097,-0.3329636931826285,0.2843909843168757,0.3865502413881381,-0.4813850436856844,0.9538008069255691,0.5356318046548557,0.9691539463404742,0.5759399531101739,-3.2378641606867484,0.14031876592660025,-1.803783332858554,-0.1579618296096381,-2.8941299585620666,0.051332013566084043,-1.4655457904716127,-2.2405264667279696,1.4226925521820732,1.9005654932956801,0.23026952878579146,-0.42451807254978463
3387,-0.32611593020709884,-0.24566593639355025,-0.17948930153357576,-0.2530286791563439,0.9906432963993006,0.9488646856904044,0.9209079746332792,1.0105212703291604,-1.0614055853303375,0.9325694461241316,0.7349847582532707,-1.52881294444356,-1.1784354228252754,-1.7774777856527364,0.18159040749955777,0.3653487734721778,-1.7642384562562454,0.3457350248491828,-1.9947509762886166,0.1815904074995566,-0.5187129112245698,0.7891389445987523,-1.9288828041363866,0.19654708315809366,-2.1215490769901773,-0.5187129112245721,-0.4099271368453179,-0.4861717860824072,-0.8256170319455214,0.4374250493484318,-0.6233036381608763,0.03709396888889932,-0.46095170524660617,-0.6562503140233512,-1.0011758077207118,-1.3944730679796682,-1.8288104279377837,-1.7429598090227434,-1.8589038869426808,-0.9341303213826491,-0.4493314351718097,-0.3196859507978298,-0.2477088555000531,-0.2862138700455206,-0.25568255046012933,-0.35518643702960667,-0.4039472190337282,-0.27795188148312905,-0.3356261572946606,-0.3647294411254563,0.24502073240976777,-1.0199511155221899,-0.982331985200104,-1.462051598980905,-1.3707295544575713,0.31231343935799966,-0.3138463353794898,0.6302985198676446,0.300441445213363,-0.74007284881854,0.3459409341503457,1.3607089177148415,-1.1119846386103631,-2.083085905909123,-2.053285079777773,-0.4878288679352107,-0.47149175705792207,-0.1742125479198455,-0.8776189462916674,-0.13889096055227118,-1.6697283500184308,-0.457269312509334,0.40422116621756304,-0.3346530249548609,0.9912988119233492,-0.7456988777408116,0.04305946636448375,0.2811285721617927,-0.465120386344209,0.9691202171209368,0.6618671730467754,1.106247910608902,0.5617634037718126,-3.9206831392237844,0.431393822336708,-1.9246576664784827,-0.157997546366477,-3.1596276122972227,-0.05007448031694397,-1.4628395681591764,-2.1993789351525117,1.4099090069954627,1.863329811791297,0.11879562506338293,-0.4517925722162856
3388,-0.3206366595783543,0.03462926801410066,-0.2100149430934328,0.19690107192864453,1.0554193686808975,0.9978186678213788,0.9684156398814405,1.0217856571284158,-1.2522879022966875,1.2169909724593362,0.47569575159949884,-0.5338110796150025,-0.00016409529568913838,-0.9840853583813034,0.9266822825322006,1.496341245703713,-1.4519214259709137,1.5256986397792953,-1.8266104618504926,0.9266822825322009,-0.0225053701967443,1.8564651670094237,-1.7163636715607238,1.260737892199847,-2.0609592645665535,-0.022505370196745762,-0.09726604906444913,0.9508291631720303,0.04357395457455397,2.6243820383688328,2.154815529979079,1.0676592931383162,0.5073970686683744,0.2578652891500847,-0.29843576333677213,-0.8452437612387057,-1.3319394351437521,-1.2833403209919056,-1.3917472568027403,-0.49578156203560975,0.16508972660967955,-0.11882009693919991,-0.08441885297643321,-0.14580197200144412,-0.09807030442482845,-0.25965550400384635,-0.31322033262243354,-0.15861636318973946,-0.22604700157882918,1.3718677611671726,0.6893508507853442,-0.3987942514102925,-0.7355546434959404,-1.0909076969779914,-1.1075296594233413,0.5808292092419587,1.1214436111735004,0.6328800677299369,0.199090309223762,-0.9680732283786369,0.3079625502896706,1.3872389612416536,-0.26816816060494797,-1.4528121411325345,-2.108014922043104,-0.5615097577750402,-0.5925665090275894,-0.2869333752000852,-0.729948635063695,-0.0811223715110163,-1.3656733603756566,-0.35420337872353946,0.5385635350731113,-0.30110531965198406,0.6682699492965587,-0.6626087421005685,-0.11638705047468875,0.22659750679890844,-0.5309465467458241,1.0898884692867914,0.7925666384262291,1.2986750954286606,0.6382411418664294,-4.161062077064561,0.9108219660438138,-2.0469864219461025,-0.18883593964754147,-3.2511249692103985,-0.17666078540264585,-1.4494831253665847,-2.200626083394014,1.402031682037465,1.8314750179338517,-0.031005249913912295,-0.4666650275749563
3389,0.17756592011511205,0.13689247776631336,0.03782330698370213,0.046898819557903176,1.0530623449530638,1.0496881472216686,0.9900045392927972,1.0914657321194512,-1.3347205871102417,1.282250196308466,0.7577387873201502,-0.7324455541213749,-0.2658558672747089,-1.1407572638599661,0.9982597675932803,0.1524786490602731,-1.2989416257680784,0.7284014694539409,-1.6625547924920057,0.9982597675932803,0.23705158171367097,0.9660961650587679,-1.5755407719978833,0.8175983882251654,-1.9794715116466777,0.23705158171366952,0.8283401533478655,0.3191145409477718,1.778525106612644,-0.671120585386898,0.8375817434366986,0.4047206720076298,0.30267963239188195,0.07950732587918741,-0.42885520049678544,-0.9013274556114328,-1.43559933102554,-1.3761919138323215,-1.4773268739495946,-0.6637226268342641,0.12750847028385792,-0.11694201253977225,-0.05667475631231366,-0.0951603545213592,-0.05297868189343229,-0.23267907289677436,-0.28550012649860695,-0.12733718054753018,-0.19653472988872223,-0.4604370341828787,0.5360564147339638,-0.5431309706864175,-0.9586607675221052,-0.8062095892031547,-1.4315919976381555,0.43623740076759937,-0.4901762294164275,0.6406888022406827,0.0799559152288637,-1.1580683161914898,0.18088017218869248,1.3549410354163431,-0.2778377258124955,-1.5585951173919892,-2.2438793976642737,-0.07171427209810327,-0.14324241638190602,-0.9291278708451345,-1.014441736420184,-0.5791235736390339,-1.1064489792897572,-0.5518400901723113,0.16577950859166832,1.4186246980913666,0.36427576473859036,-0.2766637040076101,0.012607785392588743,0.15678857310534713,-0.05753774459245101,0.9661612415796316,1.0927787814988694,1.3799999517295363,0.16687865473844135,-4.061409214301663,1.0007165588484892,-2.085371477305526,-0.0037770147052881373,-3.271063862818396,-0.3099734413355389,-1.4203325379246952,-2.114429535550813,1.3938931921542457,1.807411597791288,-0.17109967381245453,-0.3868437177397264
3390,0.11192276779001564,-0.017634894220288445,-0.10689722853254029,-0.21972137191545055,1.05824329719175,0.9327778313874369,1.0495426164022976,1.0143261237211323,-0.6760410142038431,1.230881269845147,0.6051733515019885,-1.0804939247954708,-0.7126997091936961,-1.4294127371486982,0.6420499569806025,-0.7181758200765501,-1.2902901830863929,-0.04654565713805083,-1.5522839279280463,0.6420499569806026,0.26692232974328284,0.10900751648384477,-1.5155634245497793,0.246630518469087,-1.901246620261257,0.26692232974328245,-0.4784143919995763,-0.5136527088113063,-0.25094966059111196,-1.5528670563025848,0.7415284778059802,-0.39732772016495127,-0.08683691441101858,-0.2696136831055005,-0.6888647567799706,-1.0507328134653906,-1.6229375962391668,-1.5435003008307997,-1.6410030586508004,-0.938110986337467,-0.12037299940344427,-0.24122861562154344,-0.1833212755054692,-0.1724314983025795,-0.13179904795540337,-0.30431000573922823,-0.3433090157140914,-0.21439770379122916,-0.274887677063979,-0.7675656727773017,0.15296169913401475,-0.6623512149261185,-1.0216808195671523,-0.8753941083162927,-1.6591690200891902,0.130792647299198,-0.6964104903781535,0.6444612894740632,-0.05534997441460691,-1.3447207588487915,0.15359885947212878,1.325387224866536,-0.6449676820680208,-1.7790707775866976,-2.143922202479784,-0.20522364217142508,-0.20781104889397634,-0.9094707855818099,-0.7150159187944606,-1.0067138313828432,-1.4230357964471572,-0.47421560381000777,0.1846319564564319,1.2946311333374103,-0.017508805511778306,0.631719174265861,0.5627006833824912,-0.09612404384442635,-0.29823276846078206,0.06775324840032573,0.47336441239236204,0.7274386715741079,0.2956007859445064,-4.2746764166751605,1.1173487527868808,-2.2275133133300398,-0.02476754906533507,-3.3350157836736005,-0.4464553531907272,-1.348429585187986,-2.0561992313110844,1.387838704622281,1.7844068955224848,-0.26903982887716515,-0.30220266312501526
3391,-0.21463432028169924,-0.23281125475408151,-0.23570904622118627,-0.3457696921187855,1.1060814017562748,1.0633992596762474,1.0412405819602166,1.1382581813834365,-0.8007016475322999,1.4849318051615992,0.3807347532418969,-1.179503366979377,-0.850828339320823,-1.498101545169179,0.33708864821291756,-0.6124152379920661,-1.3040441243521186,-0.17426958654239402,-1.484687733439456,0.3370886482129171,0.2436484530993049,-0.0888124725863312,-1.477691132725686,0.09483785878823128,-1.8308084805790936,0.24364845309930447,-0.4084403417899916,-0.6787572078161067,-1.0899297046721097,-0.5703314116406938,0.03188201694218547,-0.6126775486988927,-0.23277221886043142,-0.3443551182402608,-0.7631710328063123,-1.0580003103751707,-1.6659622581681472,-1.5847644999813895,-1.6708054439059616,-1.0658098080434866,0.02363525314445994,-0.18356342058950098,-0.13867469165549565,-0.09087467424311753,-0.07721094800925006,-0.26792921086912996,-0.276384097604026,-0.16840055238596777,-0.23132744282170853,-0.3452059252439053,-0.2796520772655286,-0.4449967029572976,-1.0154270120598747,-0.8034305231426841,-1.5991262626992853,0.10541415950947773,-0.5348249520118019,0.6006017805319146,-0.11560644863025304,-1.469693210448765,0.1253895855310331,1.2980303285655703,-0.7702709781412317,-1.8110591426367653,-2.0527028385958146,-0.22438964308302328,-0.5598122252318182,-0.7574702815054232,-0.5390898845672383,-0.9743424163084169,-1.6413800359034707,-0.20454764507666842,0.6789537569685505,0.5691953711251656,-0.09120359023426247,0.783215122519728,0.6393609304522281,-0.29338943791457905,-0.20598090242958972,1.04267382817992,0.5680349857834642,0.854192115733873,0.31849591859519744,-3.8758727986193753,1.26962767632732,-2.171097321938906,-0.15846128833571976,-3.398285863105004,-0.6028674178936703,-1.2909619189438895,-1.9723902506087825,1.3817775693790986,1.7568269896097521,-0.3803233125134044,-0.20459601843843833
3392,-0.21278934622790063,-0.3197743089578553,-0.43768872007375415,-0.5381919778637875,1.1675042756918848,1.0620997850486855,1.0901663193978248,1.1170322952183203,-1.3946358772557714,2.118291200731011,-0.14769364869652976,-1.3572547435962643,-1.084467204856017,-1.6365004648462578,0.017020204654533716,-0.6393592958614663,-1.3544879822966647,-0.3962514944173963,-1.4577272552225309,0.01702020465453237,0.15031472054686926,-0.3494137569912926,-1.4706004855608366,-0.14602895039128197,-1.7733806422604843,0.15031472054686817,-0.6176108318142783,-0.26289492234810935,0.012385267499379115,-1.4136212729290802,0.9775490662849734,-0.9589427836967042,-0.5594825518298446,-0.5205107391227168,-0.8969503154627333,-1.1201718805977643,-1.7481113149078826,-1.6365516980018817,-1.7439195815395923,-1.241272896531205,-0.05510243475979676,-0.0924781702217944,-0.14242205119303644,-0.0660328273125171,-0.08747029986495368,-0.273979837972819,-0.1540436612850319,-0.17651940722359855,-0.23906998915775404,-0.5203049659807424,-0.35712440489291786,-0.0821446842323338,-1.014947914207403,-0.9647366560655226,-1.969897257128233,-0.27645296442491885,-1.0243189772484314,0.5399085235656124,-0.16395629928101985,-1.5109465407047622,0.1150220325717022,1.2715179320844097,-1.0200390661192529,-1.9041699525762474,-1.9358683260720757,-0.351365828578062,-0.774844279877164,-0.9327049246266317,-0.482295611009047,-1.0472282116647587,-1.5832290100245727,-0.1386108392686646,0.9169167053201148,0.5909842732382993,-0.35894739837138867,0.9527730679550503,0.591267491040858,-0.3903300068740233,-0.2672793565829195,1.6087314114547149,1.0164388026102122,1.4451806670322977,0.4461849790628495,-3.5614960746122772,1.3127596064408642,-2.0554199974155503,0.1733176369305154,-3.664738488253576,-0.7686534233722122,-1.3085560977235404,-1.8975702828431782,1.3775421965029817,1.728071116393787,-0.5411690132706952,-0.1139699927391042
3393,-0.2865007061111295,-0.062256001889434885,-0.16733891589121722,-0.21390641527824478,1.0484955586670164,1.1787462328983378,1.0880397746782395,1.1237161407669012,-1.3660635041386266,1.933948301744795,-0.031359200299481756,-0.7165094698605224,-0.30773286680434125,-1.1220473166429414,0.35281832793174506,0.669900758276744,-1.2258543340172632,0.6468052963478699,-1.3938524973390525,0.35281832793174467,0.32377655549800466,0.6392062424490496,-1.3685040836555846,0.6492054040665175,-1.704450154527818,0.3237765554980031,0.8515675097571809,0.7923925748261368,-0.22336093446329056,0.3397371613415499,0.8089654145770546,0.11773303478933346,0.017830751248525258,0.06466857857094423,-0.4225685306310367,-0.7452700568220807,-1.4331260943350619,-1.3056097297606992,-1.4474008899789685,-0.942715308652003,1.94138188956287,1.7132088298875026,1.3665637298525657,1.3677024673391402,1.1882545466230763,0.6747440232294291,0.9996397625019484,0.9780243428722144,0.8476404849261163,0.9104883121474485,-0.5707864317151183,0.08611531679067867,-0.6539179335421059,-0.8693423118318391,-1.3000309083022044,0.20703009857214688,1.0169101044404028,0.5115344006925301,-0.20787310631091852,-1.6521501322955503,0.08495098610901042,1.5938431547724967,-0.4678108169199161,-1.78082642737487,-2.359221446958553,-0.41027829232498214,-0.7842543336045602,-0.9377176156898795,-0.427405673002772,-0.7937937290497863,-1.9214631152970123,0.19625537202689675,0.8980558726721549,0.5923526045795824,-0.44416319222851564,0.6557466425799617,0.2617034555883978,-0.5245171604705178,-0.40946278501824973,0.8213310113772354,0.9734140786770713,1.4070600618487665,0.49105549264441356,-3.1511177056769775,1.2451059884520752,-1.9371653692568538,0.43912319399248456,-3.794911353042575,-0.9011693243009172,-1.4112373059416645,-1.868884493018327,1.3748898969009495,1.6991090444360375,-0.7098417413923162,-0.053796049451360996
3394,-0.33998380907665093,-0.48588339161647487,-0.2839360139466539,-0.3205779819817253,1.0436383155731517,1.0246109805484251,1.0305374211119769,1.095898337798032,-1.582462739334013,1.9308415866756279,0.205348127692753,-0.7894573895741318,-0.41364360167285785,-1.1686621379042768,0.4112179488842305,0.11817851459903955,-1.1555150009916544,0.3350132566789467,-1.3267995473796617,0.41121794888423024,0.4044444579710317,0.29924296985989873,-1.2938222559679133,0.4641125563152275,-1.6332766976921604,0.40444445797103157,-0.324951654880136,-1.1943133353428557,-0.1380419288688508,0.11799969473774202,-1.4536527726895523,0.0648407021987146,-0.15948950452119756,-0.11127458531305491,-0.4387114911709236,-0.7510107945034848,-1.4654320733624613,-1.303339617457484,-1.4634264914913166,-1.0490746714297208,-0.004048274328955096,0.22971821074764,0.19896865678562065,0.27265817590313,0.20534131865451075,-0.038941860976776335,0.16657213285534986,0.11633665124268859,0.04167847715531657,-0.2592546952737952,-0.4752969591663762,0.04293419922975122,-0.7068231458441302,-0.996473774243892,-1.2181986764150177,-0.2673297753841289,-0.25890313316355296,0.48024292624279435,-0.2666912317538053,-1.754507317600734,0.04378257866507757,1.5641518369329488,-0.534550455807684,-1.773074484558233,-2.2490585201969817,-0.2616431482417961,-0.6055104191038859,-0.7816419826928065,-0.8899627872649871,-0.8822825676083188,-1.295981890689085,-0.1414052988789379,0.7238934246523121,0.560651688706743,0.3483157354366056,0.26554681052346213,0.5007365329768368,-0.3349417369544034,-0.22300164795568495,1.146626077044227,1.2392693454862722,1.61849943177075,0.3471942013354807,-2.8387601835405003,1.2156986313001406,-1.8245499985333435,0.7655848293043961,-3.8053492923574135,-1.0984568670622228,-1.4430411280453055,-1.8514859687677563,1.3748101711725316,1.6801899074116327,-0.7768147653073848,-0.09108602412602827
3395,-0.4213975317533189,-0.4917420724412691,-0.7231727752402723,-0.8025116347530772,1.1379540287567995,0.9496522140117318,1.1237283876928605,1.0342645239105661,-1.4424509294488757,1.9050389959686451,0.28817637759698567,-1.274849883340676,-1.0240898601257638,-1.5739033168969967,-0.04835141089649865,-0.916833632918366,-1.2453542273677505,-0.6110390877495068,-1.3142417882484823,-0.04835141089650007,0.22762832250209836,-0.6541471972427639,-1.313217786302507,-0.3061248702149674,-1.5817252286415475,0.22762832250209744,-1.1813487661350508,0.025566210948728484,-0.20684504633357517,-1.4318707840925102,1.6558025854516731,-0.7724252186634798,-0.8451708924534045,-0.7434442127302057,-0.8301966003527927,-1.0414051001471034,-1.7326082052992264,-1.5330702381028938,-1.6955234243338844,-1.4641691188728054,0.296058999672227,0.5473006252255376,0.6285662034757127,0.5769492911198913,0.4921289279476928,0.19500472379354186,0.44423263998171697,0.40028963019757685,0.31648744956270347,-1.144633836122727,-0.6541790835477383,-0.38137042745374217,-0.8991325943447385,-1.1236455601623503,-1.6892304395120121,0.02674215084074102,-1.0960851460581398,0.4247281660064345,-0.3544234580848256,-1.7234806003236272,-0.05783883482792989,1.53453783033613,-1.0025664454775423,-2.065279432348124,-2.236137613135106,-0.39107293591906045,-0.6415884737029118,-0.8053502667287062,-0.8665526126013018,-0.6767432477716046,-1.2158583116504966,0.18535820678997722,0.7051413062439997,0.5593399433164705,0.29002515307624294,-0.005448535850712887,0.2123054243682125,-0.4808805781198602,-0.4067345041777621,0.7695227605794125,1.0695767860828007,1.482765805303163,0.4797302901260188,-2.6527094452441498,1.1925076553895442,-1.773838817941985,1.009365633521854,-3.823002453539499,-1.3512033055879007,-1.4582510662372652,-1.8263207211337515,1.36362288425736,1.6498316895233194,-0.8611114668242447,-0.12519685659660507
3396,-0.8846752692517537,-1.0413948342616457,-0.9515607773446056,-0.963347316686406,0.9545465362866995,1.1514624761557615,1.0780043122380474,0.8924285453442493,-1.5616147930772344,1.9772182875313675,0.1430943048848626,-1.35330723131399,-1.132374478324553,-1.624012743978,-0.3092282232270868,-0.5224257004636238,-1.3161258511041585,-0.5259808204591048,-1.3306100270458883,-0.3092282232270884,0.07365102835300814,-0.5695892766304766,-1.3357207666386193,-0.34701447304024796,-1.5459437700277587,0.07365102835300788,-0.5422664991427214,-1.4282686628953252,-1.2372158053074194,-0.27535997834316633,-0.6548615391267599,-0.8378809510865457,-0.938179540155454,-0.8760042383548403,-0.8684412209764162,-1.0581403631617763,-1.7544378263924871,-1.5396367121466528,-1.7111703897431636,-1.571253365278934,0.6916510820147508,1.0134651680570377,1.087687791935239,1.0408496320915435,0.9418450129882445,0.5945616071526038,0.8940287378972105,0.876146607742396,0.7810107566466792,-0.3503814804796109,-0.6534331300185843,-0.7001181429534327,-0.7310163820924037,-1.1148637259606158,-2.1604340966883875,0.09629738169585653,-0.41013655891931067,0.3845492272093588,-0.4906168347204606,-1.6489378204118188,-0.1599090802574548,1.5044616626167835,-1.042018581892318,-2.0556699174283866,-2.2049764260871005,-0.18416104118513207,-0.4836148479640785,-0.9210058571038866,-0.5636685938263178,-0.411634504364951,-1.6664078085494034,-0.0003272607986651954,0.5927970003786434,0.9681704113203059,-0.2537284012377186,-0.04198573767019447,-0.22808676246867174,-0.21925827381906068,-0.15873873434616978,0.9634045427586788,1.2777262733177277,1.5890287105030636,0.2637738528723064,-2.390657934833711,1.208373095368716,-1.6110718791844991,1.4341821224103888,-3.865858311878136,-1.5494598380620108,-1.4946464691623274,-1.7516118309086273,1.3514972139838717,1.6163573797441397,-0.9183022532786655,-0.06586284507214202
3397,-2.8587832094308694,-2.435169616593327,-2.785022022365776,-2.549780810701311,-0.8846301214682326,0.8935976844907128,0.8001069210876647,-0.9141599190038469,-1.2626795137612536,1.7659218634185447,0.2468728299887611,-2.3198157030757884,-2.1027769530791343,-2.6098458443640986,-1.9612599968127218,-3.1502608506087673,-1.8401833944033121,-3.169818971248726,-1.5287671667538836,-1.9612599968127267,-0.8363591820383649,-3.1062087138124106,-1.6391445977992765,-2.7060722529971386,-1.5860632868332678,-0.8363591820383677,-4.464001049458381,-3.555188617678679,-4.865162610303288,1.7735225952421731,2.901927276785821,-3.407315663311063,-2.954997922546791,-2.796724107268355,-2.312905605185755,-2.1344811303132207,-2.6342344530423754,-2.3954559146166883,-2.519545502658268,-2.7937340791469203,3.536762764850918,4.155550170331189,4.392600424674981,4.543801187864824,4.5419973806261,4.168333092967213,4.570391250732017,4.895359632822901,4.842878043383445,-3.600123552600676,-2.2012626310647367,-1.9324778410597907,-1.4081508901825075,-1.8190562629056442,-3.397996665110657,-1.3894276744235474,-3.355923237352214,-0.0003797852191893386,-0.3534187667592748,-1.2901895026172892,-1.119697941806034,0.4896810076092227,-1.9157505685077607,-2.5152464629914646,-2.147817049273368,-0.30765191406319664,-0.42705196684842406,-0.6043085148744648,-0.7456364121355246,-0.3417557146060551,-2.0810947261981108,-0.09540975760569281,0.44415792660203945,0.491373647482684,0.3442917297929056,-0.3458042998140121,-0.0563630934613201,-0.12399936405866935,-0.3514827899001269,-1.0579125309869057,0.9677616888741261,1.2061057706324558,0.2160243101926754,-2.2614717096113086,1.068605284757776,-0.30347493056722574,0.7288932748957049,-4.143481539255877,-1.7672873943848781,-1.4239363869189072,-1.6469334675459868,1.3322113035173582,1.578281324552502,-0.8186478666498023,0.09877411917547008
3398,-2.5384315095749717,-2.4057474128968828,-2.4897352669806256,-2.3605404034339945,-0.9922263658741607,-0.8933064887565922,-0.9614061439727468,-1.038639660989516,-0.9505319453495683,1.291956460648915,0.474375701699899,-2.0204422150451595,-1.7927788947603398,-2.3074668776610068,-2.0789585610615666,-0.35646270003985486,-2.0374937523719683,-1.4890407410163635,-1.730565202609724,-2.0789585610615706,-1.2275496561331793,-1.3530749643686322,-1.802223185891638,-1.6844765216946427,-1.6540671081966734,-1.2275496561331825,0.6179321939576126,-0.02390469151556238,0.6774647869620232,1.2467850638100286,1.029848539850292,-2.1105403576197674,-2.2594369990629777,-2.2529358682772314,-1.9498935520379566,-1.8583770208327444,-2.3832117124499077,-2.154810933033961,-2.2943362294273904,-2.544880642418796,-0.5632430744422563,0.08210820789635732,0.22950347754449232,0.4845498845238196,0.5787381336267308,0.535552836044514,0.6958892011704452,0.7615156140629057,0.7592969235771274,0.36316462093138496,-2.3010513921039375,-2.1444563103610514,-1.3949725563941258,-1.6247347595611599,-2.921968809193998,-0.7743115032571442,0.716806598891854,-0.26074503778611846,-0.34291410713391907,-0.9693434743756191,-1.1991306629431413,0.46585904847388454,-1.6163391721852607,-2.257585468628427,-2.079807678353904,2.114304781528598,1.7372032694666935,1.4033703964076083,0.39799508236019876,0.942153138187123,-1.5624358445819964,1.1828238520260697,-1.3266951743927082,-0.1625267931771181,1.0240141578931685,-0.9015796773474201,-0.05179468049583555,-0.242021768214248,2.0684912408650877,-1.1552458912037482,1.7795724778223814,0.8931655294276397,-2.1198398234814455,-2.1115724240766856,0.9699742760952583,0.008030587239209205,-0.9497857544421117,-4.11119551420097,-1.9685529943338558,-1.369914403922056,-1.76561136006551,1.3150655242065243,1.5388763927218414,-0.7138085391521883,-0.20705563441534314
3399,-2.213333234707443,-2.3377945295149676,-2.2261258699953843,-2.2125763087207644,-1.1629568163200834,-1.030524463257163,-1.0936158235912161,-1.1251075978564062,-1.1597618623006118,1.6520468599426705,0.4145887165130217,-1.8026401509338392,-1.565915209337329,-2.085813618715902,-1.635007436530882,0.8056211120759806,-2.05471293640375,-0.5117339359006708,-1.8678947256738982,-1.635007436530885,-1.2958866234615667,-0.27404135815291514,-1.8675408393933854,-0.9693235208925228,-1.7214980464236678,-1.2958866234615711,0.6066480999069647,0.06492015432331877,0.8003694790644377,0.35445399907845865,-0.5397161326086963,-1.0536108113067066,-1.7332171052905894,-1.8480516630835533,-1.6646685247669655,-1.6531653007308453,-2.18938551501533,-1.9694707126947248,-2.120711954073463,-2.353003518911163,-1.3150518728130456,-0.642037799452583,-0.5242306691477796,-0.27141142517707667,-0.1543716707355776,-0.1588484558804904,-0.049361275090960714,-0.03278750214362906,-0.03552277554480506,0.2633752413766608,-2.0236429759495738,-1.8637835891819803,-1.2753267658766878,-1.529493060552237,-2.7620002320889188,-0.15405360292940373,-0.02155804410006153,-0.4641734420031002,-0.3839713720934211,-0.6840739473816304,-1.2556797732058258,0.44152801928158114,-1.4249366851188237,-2.0641656998975937,-1.9890272115163627,1.6005771006263465,2.3267801258855525,1.9741753398480961,0.5414875714631475,0.8146025302676788,-1.7339826717640032,0.8643371762491521,-2.4855269333668146,-0.3619210873646175,1.505785978612667,-0.5628913984078527,0.6422837907913744,-0.06608491268015028,1.6319215950969161,-0.6119400833490343,1.7106587197920111,1.0938596466090742,-1.6377211750461669,-2.048073087111564,0.8874428228117194,0.22850648929041362,-1.2508998961178235,-3.928902405511739,-2.1134535317410803,-1.25522155994425,-1.8500525699417176,1.296286207149989,1.4969978695813777,-0.6058777972773546,-0.5645479938147222
3400,-2.1557777799370985,-2.08423619517422,-2.0622961602638488,-1.9479024261261104,-1.0052231525485813,-1.1553023040865553,-1.0465888396927936,-1.0502190074949413,-0.8223610006042787,1.603735178340275,0.8299714599002789,-1.4468063147956844,-1.1549941821702279,-1.7695897757784484,-0.8939450733319075,1.4441966539203424,-1.9353223727069593,0.36185397060487434,-1.9121750283531216,-0.8939450733319102,-1.0959983620885154,0.6661064810123548,-1.8397458622316083,-0.1935459022458081,-1.7667084813208278,-1.095998362088518,0.33267877315276045,0.6094249570693636,0.043134342193344125,1.3245115600031179,0.1342137413236562,0.013132855461628071,-1.121442449043372,-1.2713083583247078,-1.2878847611560325,-1.3765157165742927,-1.9489960332682346,-1.733294183750332,-1.905717829294699,-2.090868077077486,-1.0640025796723633,-0.4560649227775378,-0.3308208597125293,-0.07167214278690268,0.0626774262114481,0.04450681196255173,0.16390480596026258,0.20370985644046397,0.20204313456799558,0.5857442541032267,-1.3016180702468438,-1.4170915402186295,-1.105357115334319,-1.30546816322289,-2.5176024644543893,0.44382209550702945,0.5894294862807395,-0.6055935125699703,-0.4781052569257177,-0.49804056381016965,-1.3148255593287117,0.41666925630731316,-1.0733302239699738,-1.7982641173163705,-1.907958750889109,1.1710487207169162,2.1705660252722994,1.6678760474132008,0.4298746358643025,0.7251683545434462,-1.6145150564081843,0.28910345104430757,-2.4850211598982384,0.04138750992566855,1.341781180224695,-0.5634565823104025,0.5193177385294521,0.2673746933233213,1.1213820319178547,-1.225783133188976,1.2228724226735785,0.768333131444578,-1.2100958123097176,-1.9502133662488668,0.6575869378675995,0.264269437288954,-1.3374867756309194,-3.7234456319165594,-2.299559250377001,-1.151564654703795,-1.8508418457669369,1.2762668024375612,1.4589278508249244,-0.5355745138745409,-0.8292402293154638
3401,-1.9997968060741083,-1.9857275386511704,-1.9227318233608461,-1.857384979714285,-0.939555984981969,-1.039440444575921,-0.997435002787097,-0.9366370811932854,-0.038235565245909264,1.129781975905587,1.2698744259822683,-1.3019414220729983,-0.9983750036852479,-1.6257177860675573,-0.27335245021363996,1.2042051544052488,-1.790970313079722,0.6023059156469311,-1.8873959275167107,-0.2733524502136446,-0.8221497631826703,0.9308558725839311,-1.7756413865444367,0.1624756041043621,-1.7861079188306408,-0.8221497631826742,0.3194301035170036,0.23138867639491162,0.3516933656188767,1.0560060407301655,-0.16409543877081648,0.6439386008978782,-0.7785293135020868,-0.9432434372836579,-1.1000228814290125,-1.2342890195117258,-1.8207246528941006,-1.6004844063907666,-1.789397934691672,-1.9695880983462906,-1.356015282015852,-0.7925678173910553,-0.6804154876823295,-0.4357294914432777,-0.3024124155035513,-0.3027700390693683,-0.20796417584205798,-0.20107507454951154,-0.20389816590561877,0.19022101439567018,-1.0673297951813725,-1.234888229491059,-1.177348402959257,-1.0703608366324968,-2.228669769486517,0.8190331129591357,0.5343026353575239,-0.7134477044190534,-0.6230380716840817,-0.3572177643746896,-1.4168104966190747,0.3912039836906035,-0.8951959095893167,-1.669381784748698,-1.8716455590854764,0.8556302205576517,1.338025049697582,1.0003347304811319,0.18511378020533426,0.40246508061093406,-1.630093241656307,-0.3194871168347437,-1.4624492012402603,0.09644510681277772,0.9022674907289573,-0.37231960361146604,0.35869176653935614,0.4489206616935858,0.7446898920614153,-1.7099381760232684,0.42007295993191485,-0.005430577816085804,-0.9007204715954422,-1.8098220672509275,0.265106380256792,0.07414818158793192,-1.3544339288375689,-3.5278262974464227,-2.456820514550503,-1.1015540876567556,-1.8022422297872795,1.2555646481167153,1.424479631746548,-0.5410361172637745,-1.0329676211804633
3402,-1.701017971042564,-1.7090279790967937,-1.6204179360917899,-1.5859264160628683,-0.904146062271001,-0.9437225413313999,-1.000429838708136,-0.9179271559089659,0.06294224274192356,0.7527791307789464,0.8381326697248894,-0.9439032078155863,-0.5655287255120754,-1.3257302963975053,0.4076076900988716,1.3004046013565458,-1.5854084129140757,1.0889434824276187,-1.7969122607338281,0.4076076900988707,-0.4139757333666695,1.377688311675527,-1.6558757396146504,0.7412951706211903,-1.7727834754792577,-0.41397573336667126,0.7816325524199274,0.7534968502033509,0.7904046487489998,0.8601615272403914,-0.38823295052095497,0.8584726628814509,-0.22375541284525852,-0.42731605792995,-0.7720289598104011,-0.9647698839108559,-1.6050134572453931,-1.3767609629966628,-1.5932375221886736,-1.7296194017022992,-0.025971807815823478,-0.47915075623313147,-0.35679014110720003,-0.08168305904563646,0.06270202828917874,0.036007982071058875,0.14213978992490314,0.19083639366782362,0.19320879856771406,0.645079347418121,0.9660261150078363,-0.8585323786833176,-0.9073470749088014,-0.6275579846992997,-2.0927789243299264,2.056184027963006,0.9066692566818507,-0.779933115512624,-0.7999552821081601,-0.32322385845260243,-1.6402610928878754,0.3649521330121207,-0.33573168310132784,-1.4175370113111283,-1.9481415248769207,0.5365607356240895,0.810834253266279,0.6785397041939968,0.32250356401467184,0.013285632109107917,-1.739566297226714,-0.7574223880550259,-0.8763773910835576,-0.07823385808988197,0.35512046481923293,0.3385980996819598,0.5834182460743679,0.4605577788794936,0.5250505875963075,-0.7983078026508423,0.1903336022147019,-0.10396346422883729,-0.5907283884102801,-1.6539196326410837,0.0536793459432551,-0.1231866336063774,-1.324422135114584,-3.309844555214222,-2.4862719376166305,-1.0448505009303253,-1.7167991217719216,1.2346430006692075,1.3827079013692367,-0.5748675809354628,-1.1766295383614587
3403,-1.6504063733415821,-0.9378572717493006,-1.5133411344980947,-0.8320352221733415,-0.9356224720642421,-0.9167821164808344,-0.9572191093665409,-0.8891796155176998,-0.8269581021287665,1.187215250423877,0.5859271118073708,-0.1415150072150648,0.3514968066688923,-0.6532672411333678,1.5080005728543848,2.0759884106213846,-1.2061655356144239,2.2351688215052805,-1.6041224680201136,1.5080005728543848,0.3349681440190952,2.3912226135939405,-1.4126224357495472,1.9447337240808755,-1.706730487065965,0.3349681440190956,0.26376315438013465,2.0889898382626786,0.10796002872128962,3.5505817486695768,4.077546707484122,1.8562645789665964,1.033877319757055,0.6822825276207678,0.03934057467198825,-0.33380465829604744,-1.1394839661392377,-0.8875912120577542,-1.1631706995909137,-1.1644056759403159,0.6336513472873492,-0.2220925160474289,-0.14804136411401553,0.17038910122003445,0.31992875996697445,0.2849544911975307,0.39618897178432616,0.4836391679007632,0.5070796262605003,1.803045461910037,1.6466895128307155,-0.5139585366897361,-0.7358799618871238,-0.30433498766372785,-1.51376262841767,3.481285773509873,1.4462471575818465,-0.8000456989886777,-0.939367102549225,-0.5190810365911794,-1.718834164056317,0.3376778350281335,0.7562304664119122,-0.8106745341794255,-1.875856606513391,0.3419467148516473,0.334035187946671,0.09223443050823686,-0.06319834336803322,-0.6990658124891849,-1.7031297149929219,-1.644276345349559,-0.29758593787445925,0.32739052213843933,0.18904954652209713,0.929230993616674,0.9911754103654682,0.5002970332565823,0.4579091956827711,0.3227962077111574,0.8469041519173595,0.7783145473768289,-0.4059803411926987,-1.4966910580270882,-0.19907524619130956,-0.19087115467633528,-1.2626628548715748,-3.1427623083031255,-2.483185584155179,-0.9499877951456939,-1.6155158612384375,1.2163178808374624,1.3396029702084533,-0.566126714886069,-1.321055699910781
3404,-1.2791001548541236,-1.2466056404548067,-1.2005708548411498,-1.2295444831336249,-0.8026007639170549,-0.9629309388742613,-0.8445061828288374,-0.8633722328008288,-0.7131394574724627,1.2135365329650796,-0.07927078888372889,-0.4477290670694143,-0.057371774393069286,-0.8940447223970012,1.4463016961423156,-0.07409255305616856,-1.0626861148788616,0.8304216854515265,-1.4288738475007163,1.4463016961423178,0.6287171423880662,0.9273339480088462,-1.2794053908645926,1.04194224643217,-1.6253871268425144,0.6287171423880643,0.8152696370352756,-0.7728726985701841,0.9942553384587431,0.5049734422666385,0.03671345574439728,0.5796043797665942,0.5801593277212389,0.21895178633186393,-0.3205222407066028,-0.5668741119252749,-1.3141457145396904,-1.057632243740007,-1.3248657062994045,-1.4202801404589827,-0.11959037091516209,-0.5301390432591316,-0.4645882657465398,-0.17617897483567435,-0.025161565547459956,-0.03700642912718356,0.05005888670537116,0.10601034755115982,0.15548289712622415,-0.891426221772761,1.0619020204400293,-0.7515178875340296,-0.8743666059564583,-0.48821521973687804,-1.787802372119999,2.8182812470596312,-0.8935270569478707,-0.8326272086192108,-1.0540462755412927,-0.6940663822393401,-1.9319530507790006,0.3090128043695301,0.4005161257162173,-1.06877449063256,-1.9282615910689904,0.791667687469292,1.0741149420773572,-0.451262045081396,-0.35701072888795515,-1.175791377191387,-1.861096392916467,-1.1182814382181945,-1.1182787016072004,2.3824718468504966,-0.04776511576335586,1.2880772157417144,1.1412880826926666,-0.17850600577637002,0.776745472511805,-0.7477800639328658,0.9484445033889743,0.6722490443957405,-0.8276844703374597,-1.5801174502132744,-0.1663340061131224,-0.34517756398401794,-1.2517185140916847,-2.994408412715308,-2.4255732722009236,-0.8522611889279299,-1.5494406522407174,1.1961977460320024,1.2896887731224,-0.5715779824904517,-1.5522856695687477
3405,-1.2469760718325518,-1.2823973848918448,-1.3488829973096992,-1.5189765803092596,-0.8233798274609488,-0.825460278070025,-0.839767179814373,-0.8130910270506778,-0.6848871012280912,1.2611341556759832,-0.4862621691717456,-0.6597156747067741,-0.33538286978495235,-1.059601905890137,1.0148709170158392,-0.8092974210983788,-1.039650188493168,0.1011625255045743,-1.306472427790149,1.0148709170158399,0.6689777989965462,0.12229961262517496,-1.213959234927234,0.4767198965498174,-1.5474404834018425,0.6689777989965465,-0.40011427484883383,-0.10369882027620445,0.07515016518976833,-0.7580754656752628,0.8084424332673831,-0.24851429111464599,0.23899839568486408,-0.04771470795381822,-0.5745605518934273,-0.7306669926614272,-1.4283540062690185,-1.1729654976392638,-1.4339518791328645,-1.5938817968134307,0.013956050131093838,-0.46462923845480797,-0.3808990807547014,-0.1325027586434071,0.02115912844123241,0.02493992228626609,0.10189688210787985,0.16995178132045355,0.2356893191584868,-0.7010916455202375,0.4493823804204788,-0.647561522875352,-0.8795754136979991,-0.6534157362951619,-2.0311753574754694,1.945601418692494,-0.7262416984024244,-0.8914652050313122,-1.2021034183812642,-0.8120024523500134,-1.991536468203764,0.27868205656132644,0.010898861096407949,-1.2550357881938852,-1.8644195440018974,0.6321452776406045,0.5639321378013886,-0.1360420546483673,-0.12680055598822923,-0.9802116311709123,-1.7195136793620982,-1.5615589796957805,-0.47374296177155917,1.0702667604968192,0.010575775108206877,1.2633270570789525,1.156945899369236,0.1473449380534858,0.6292573054082857,-0.6544040842597358,0.8486638328825009,0.6441705397904857,-0.6757223480246131,-1.6224406610008009,-0.024015313192847474,-0.5247088464430396,-1.2252113235176822,-2.8461537596765187,-2.3352486284122804,-0.7358975284296995,-1.4713561852805856,1.1748153954828964,1.2437845583539904,-0.5757547702881277,-1.680351646356927
3406,-1.4571528746820888,-1.6588067192729254,-1.7364075178032592,-1.8978993076777357,-0.75164554814448,-0.8382701202679299,-0.8519517161002793,-0.7735890674983843,-0.9782109793122925,1.8644485684896293,-0.7765090543960097,-0.9137164775494828,-0.6649774338370436,-1.2596301484306316,0.38825762711151096,-1.1919194915566793,-1.114597426646584,-0.5292361258513977,-1.2521998406615635,0.3882576271115113,0.49452888427163155,-0.5542769794767332,-1.2142484309677264,-0.11866925147724616,-1.486553491241189,0.49452888427163133,-1.0455924225479312,-0.9998025777198304,-0.5761776575638135,-1.3840516992624599,1.020475554755264,-1.063007970994188,-0.208936967522795,-0.41359979763926197,-0.8885378435636285,-0.9534906757719203,-1.5819595756208025,-1.3237011224673387,-1.5758306805949809,-1.8138172936935086,0.5043749376256921,-0.07855026655532876,-0.03130281504835071,0.23224599141017954,0.40968478265388053,0.46684520831167614,0.5186044076689557,0.6328907181569035,0.7375148318681751,-0.9334188042028415,-0.07617709178198981,-0.8633934009038456,-1.0481731408712895,-0.966773464756389,-1.847161904510711,1.9144733385573285,-1.3723379547015429,-0.983858419012059,-1.3746754152775278,-0.8286325717280312,-1.965871437446016,0.24588473981103284,-0.6095552861433245,-1.4927205668413392,-1.7354978154482366,0.44432855902909574,-0.20821373708051494,-0.21845509645540045,-0.05163241238633603,-0.6612614315777895,-1.321016039132453,-2.0249138780641482,0.5282674598899085,0.10316364595275339,-0.18450801814153792,0.886979252991906,0.6730473656007042,0.6132332928318672,0.48803926548892557,-0.16757807696460778,1.0046387564690382,0.9411189972934454,-0.4884160522061282,-1.7107257385018442,0.31792789467884625,-0.511572688556578,-1.1774580649706792,-2.786381641309504,-2.2308930309695176,-0.6075343056780642,-1.3913640242441452,1.1486179598553148,1.1933238752238342,-0.5721542306463643,-1.772080524028389
3407,-1.817900201770744,-2.0173333005144864,-1.8534022779997696,-2.0624884775371775,-0.8120467451063398,-0.7977125834995866,-0.8042468378910975,-0.7782646577749958,-0.9827580787183579,1.7786004128098827,-0.8520821345115056,-1.0633703027222576,-0.8550677246374562,-1.3757673886452884,-0.08511345132077348,-1.0026774714937132,-1.2091014588595383,-0.7008519483814671,-1.2487233577005434,-0.08511345132077391,0.2855323989143913,-0.7367963179631094,-1.2409815799517994,-0.3648779631519162,-1.4443529591551845,0.2855323989143907,-0.5698343473970932,-1.3935997741168678,-1.2494465269115214,-0.6386987899215418,-0.6170413785353722,-1.4462808221562742,-0.6578000263182684,-0.6230818115239026,-1.0812442742405892,-1.0862288056238407,-1.651086153857736,-1.4040311618568024,-1.6599897734357971,-1.9203232925088956,0.01721714371008397,0.1773366568219582,-0.27255422841709265,0.04658073156465978,0.28778332810397356,0.6399090146985381,0.4630429294572268,0.5506570556558946,0.6927691846365606,-0.7647514035028578,-0.6441288042511258,0.24128219565764916,-1.0925063923468066,-1.0380913343898561,-2.8627397872947844,1.088501914032441,-0.7092138036160319,-1.1143321329326785,-1.4844284521378819,-0.7979812874671581,-1.854050422766449,0.21980248789935233,-1.055567876893961,-1.630592485958128,-1.615390169184944,0.37642676636234607,-0.7032683365798573,0.1223647903670049,0.2863995311794826,-0.07671990473147033,-1.4031742987711229,-2.2025545157553403,1.1951585829803006,-1.2502810741474395,-0.23688443337602708,0.41454914757397726,0.20372551305612438,1.0967564358191466,0.3797247734763132,-0.5893127795163942,0.9775959639238136,0.9436878967477369,-0.42785332882551264,-1.7458194837304744,0.6105766579072934,-0.5292568899184016,-1.1243905740812923,-2.6656001456452634,-1.965131929668233,-0.5207178450180882,-1.3997169430150884,1.121958634883187,1.1470893928217984,-0.5685304569803997,-1.842929953132883
3408,-1.957898740276619,-1.9947273172656292,-1.874248611319222,-1.87645018745571,-0.846129315281655,-0.7848677002628898,-0.8545135317851718,-0.814841877570195,-1.1558774058919088,1.6489466389463932,0.023513072393364722,-0.9203318631517516,-0.6761220023395061,-1.253308652582236,-0.0401821593867921,0.10494313528498708,-1.2110670774864194,0.045123726490708775,-1.2453886584694884,-0.040182159386793787,0.2848310384698643,-0.054571219281183574,-1.2257647894277643,0.1484401304484331,-1.4070912038564563,0.28483103846986263,-0.22662851950620935,-0.09369103629762936,-0.6371168585441594,0.802341851958275,-0.34397676552624634,-0.622210159001745,-0.5001972598798379,-0.2786667397205604,-0.8540565879227733,-0.9370260703435448,-1.529029750885703,-1.2798724115908204,-1.5716476026826922,-1.7922883278622956,-0.963842927362157,-0.6087464077710192,-0.8617558796309389,-0.62378917721046,-0.44221726058508776,-0.23258405419387443,-0.27722157581256696,-0.2646231247224024,-0.18720495535820283,0.5076579472740127,-1.3652411504953095,0.26561235310631576,-1.2499108087793662,-1.2378366967436747,-2.8403501311355654,1.378852654054787,0.6183562781332905,-1.2242371566558634,-1.6053379213582653,-0.7448497361265061,-1.7751098100698577,0.19904545574697166,-0.9109337011873236,-1.5038193159462256,-1.5404718290002724,0.31970201545219556,-0.31731805263312285,-0.7864399976151402,0.4752383392616767,0.17367964972380015,0.19972044239182682,-1.5938696192094943,0.5879691081376857,0.9714848627769556,-1.4795117256285089,0.2624777455350446,-0.8764895898354979,0.9607920210729564,0.35271840425944595,-0.3782091479219648,1.100118271421156,1.1157592972563846,-0.38183968298368653,-1.6954248835638233,0.5935716167431337,-0.4825301315729798,-1.065213390901777,-2.536175812481225,-1.7806162376093664,-0.4139844943477591,-1.7091676269770644,1.0967813017195844,1.107774063020299,-0.5548830581798826,-1.859539692889446
3409,-1.7334311748835132,-1.6635885755777082,-1.6486135798995745,-1.5244855300204962,-0.8131499861766801,-0.8494527951746897,-0.8017349940159858,-0.7731566837740746,-0.8427216282924412,1.719442122622833,0.23985553951622426,-0.5516627333080766,-0.203224920236612,-0.962969951020115,0.516477508128199,1.0026272580536102,-1.099474762867494,1.0441501008074232,-1.203942549435677,0.5164775081281999,0.5561596391165555,0.8105198718078852,-1.146755094318351,1.0291609958936434,-1.3600152781630404,0.5561596391165551,0.7289321376541795,1.1094040963788159,0.6756353186351306,1.292366041144417,0.36585042509183074,0.5604184265969245,0.051159113027413036,0.21998095529497264,-0.366787604652846,-0.6093225010397292,-1.306596323170101,-1.0380504309771654,-1.3890120336439704,-1.5472842840534409,-0.8050293416806101,-0.5328455973601577,-0.5229984981935268,-0.5761153719973661,-0.39625504807661643,-0.15860773719141064,-0.21659446742949634,-0.20432895401189924,-0.11977791664059428,1.1452884490102453,-0.5482033514109539,0.5295530598625894,-0.9863661777035533,-0.9739030378686346,-2.4547978077635575,1.8220403158344702,1.0373466095835393,-1.295872023093629,-1.6983828075099654,-0.779061223282317,-1.7225344508036455,0.17786282773070797,-0.4130839585833105,-1.2426967165031046,-1.4878066468869553,0.14047155537456377,0.8250636212546779,-0.9965139235579152,0.8917226811937442,0.6414890512353494,0.5102329017009416,-1.7411232810389434,-1.0511401038778745,2.602802422456503,-2.012688495867155,0.023863631478433872,-1.5167646669923576,1.3884716689824936,0.08126067734519694,-1.0461917618353629,0.7712037694902627,0.8054205774796278,-0.21509651251693732,-1.6194733819678062,0.5008560500814799,-0.4996490596244154,-0.9799019351208458,-2.428907216425397,-1.6488163411810668,-0.3271771372627638,-1.9460047731361259,1.072638738557345,1.068591933551382,-0.5541634256990647,-1.80350023270494
3410,-1.4416208674650302,-1.6578990069750614,-1.5501837547100021,-1.7216528527899633,-0.770627249693961,-0.8139658326363769,-0.8353760005799701,-0.7670846595925772,-0.7615668094586969,1.7874291187907734,-0.2223349300116925,-0.7542900673022387,-0.4840422501426499,-1.112344678605016,0.5007428863254139,-0.0832580865911526,-1.0892219193061239,0.2426805971487454,-1.172530771919868,0.5007428863254132,0.6296398096658753,0.0850263780072082,-1.1191415613308264,0.465472359951712,-1.3165162674271063,0.6296398096658744,0.2696839356039027,-0.09458721793158371,0.9324914314404483,-0.8997586472574971,-0.36866212383197283,0.07093216312004,-0.47984738744418126,-0.31263473122912583,-0.6093240196230553,-0.783801185616192,-1.4003305451247035,-1.1368679719798709,-1.495922426200658,-1.6808145926411706,-0.38325037373734194,-0.2668997636641172,-0.22737549377816738,-0.4179643497357946,-0.2178043957041724,0.08550290153608318,-0.01474235343985549,0.007157993399030232,0.11209520562482309,-0.8094182915146895,-0.5135159166973545,0.032781309641776696,-0.8955518797024741,-0.9685151268930161,-2.3562829882750185,2.1345660192688243,-0.9298055597457046,-1.3475346194336166,-1.9204663340841328,-0.8082495766563331,-1.6719916160366437,0.15619165853489572,-0.8470233873306482,-1.4008193273975544,-1.4379820964282437,0.12888737125748503,0.20381662544215223,-0.8425027149052313,0.5646410374041906,0.3078193001993232,0.1825425800928799,-1.9400380583540504,-0.2141519382748532,1.461567131792233,-1.3624231191825018,0.10496861712393628,-0.9467770975155347,1.2981080005290386,0.11428869082372321,-0.682508500514424,0.6982439188423447,0.7267624928982883,-0.20671794389098705,-1.4850713887408484,0.5059881710418479,-0.49386678187062105,-0.8796775226727968,-2.334979180384168,-1.5016254202987458,-0.23475050313337992,-2.047295127011577,1.043467407038936,1.020756576318681,-0.5544569386644819,-1.7332384466001154
3411,-1.5869412857310556,-1.6307344987105739,-1.5797083241215981,-1.5920746532818282,-0.8183475186624453,-0.7580393275109093,-0.8279458433639465,-0.8305648321453739,-1.1771196389829026,2.124828697768887,-1.0125143817968159,-0.6444727199259687,-0.34687977637323164,-1.018552133998895,0.6664970069097749,0.267616986177029,-1.0363776015854311,0.5720616419198374,-1.133978581328482,0.6664970069097735,0.7986108071504613,0.35149387971879203,-1.0702979273218178,0.7591435700444623,-1.2716665850667408,0.7986108071504616,-0.2287906787315494,-0.02265185041502052,-0.5946023338076739,0.2882201362382909,0.04790184780334531,0.30602039962670263,-0.2770170837288905,-0.17307449170516978,-0.3889327836309888,-0.6498682992349369,-1.302674576115472,-1.0261119398374465,-1.4235972362642724,-1.5863969398124849,-0.1503822730962477,-0.35952908805475586,-0.2944680235868061,-0.4723514811790197,-0.27878430849089475,0.015352517432186099,-0.07488124134768419,-0.05138256024123963,0.054673526602201976,0.3466706980802653,0.1748479466275461,0.06752239247691537,-0.733981864853322,-0.8485792604645352,-2.141535636576321,2.2021695572022275,-0.1052314592529942,-1.3822170302246832,-2.097567318229471,-0.8096611038763686,-1.6213933537092382,0.13396032328866841,-0.7056013436598507,-1.305934995273602,-1.3901983436607992,0.10481396053131774,-0.055069587721000096,-0.9560872684387909,0.4379043499055886,0.32540642680245735,0.2722548505684552,-1.7495622493589673,0.11478174808156287,1.2768891578060504,-1.258873448177359,-0.054125568595572576,-1.0035309796128957,1.2202794178875724,0.2039108098872839,-0.02942654005883465,1.0482001194576225,1.1407700090901733,-0.19617466716204363,-1.3242836712580794,0.47144324514557384,-0.38455920511982666,-0.8090813255695576,-2.2541511976390076,-1.318143674939565,-0.0902401914530217,-2.0782394696358506,1.011972262101177,0.9700496507778184,-0.5281794436950294,-1.6428078611333208
3412,-1.4531225382492718,-1.665744183554126,-1.5773472072859391,-1.7502548177627142,-0.7967293425172746,-0.8902729904759149,-0.8595702359528872,-0.8120221620375548,-1.2026310059302576,2.1288128496829524,-1.4424095386773326,-0.8326653831484571,-0.6154191477303383,-1.1505258191632968,0.4435635831499175,-0.39751337122687275,-1.056034892905367,-0.005484556678685159,-1.1147466167157505,0.4435635831499187,0.7750889213004915,-0.18571603285482868,-1.061636759103258,0.27856378981749663,-1.2341997976097718,0.7750889213004916,-0.10482795319915766,-0.2752108145977025,0.38234181782011095,-1.080212193977877,-0.28812964244843314,-0.4057483266739973,-0.6795648251334289,-0.6235836581958215,-0.6239258199355899,-0.8301923569923882,-1.380740285412751,-1.1113029259704703,-1.5099458922472409,-1.6930636291703804,-0.3045123153927239,-0.5845831523032281,-0.5146334578677992,-0.6511877649856148,-0.46215413610713224,-0.2474433677015035,-0.28653725135746144,-0.2777641912100713,-0.1926484772564362,-0.7263661646463327,0.1965802122802255,-0.4827872365984461,0.3613830358572448,-0.8773239961456473,-2.117996208574064,1.422080011628645,-0.8256496369912413,-1.451926014907534,-2.17881037594669,-0.793400156390702,-1.658212326872376,-0.39841145883987633,-0.9877228029844806,-1.2885841988605808,-1.1991240299767152,-0.134430555562643,-0.7136934181162234,-0.9549289652570181,0.17584964974493822,0.18176633692667815,0.11892903080291847,-1.5165895801689253,0.859615878193494,0.621006778987422,-0.9624495703989114,-0.08789411612690701,-0.8091471204240751,1.0072832505703575,-0.12157515550989835,-0.5413493395473726,1.0141269999566103,1.1682354125820091,0.02331641985260286,-1.2379333609304728,0.5729725561812189,-0.49531666958350834,-0.6919972846524929,-2.1921383984223084,-1.0986329966171455,0.01705048631499804,-1.966798676427226,0.9777013695082254,0.9250764591959176,-0.4960803468450579,-1.5104209627665428
3413,-1.7287161730502825,-1.9297016882614877,-2.0263472206605826,-2.0301429361680334,-0.640393439523615,-0.8170266777115449,-0.6187897937848703,-0.7386408488319758,-0.7949252946061337,2.005869853313239,-1.6286946463752185,-1.1265817922164456,-1.004445156445511,-1.3696528902900076,-0.14683678374211834,-1.041098535706067,-1.174594091228917,-0.7757635218574136,-1.141096215992455,-0.14683678374211914,0.4690443632341388,-0.8931425555254121,-1.1148817382351401,-0.4683055211553498,-1.2150896267023465,0.4690443632341413,-1.9866146846907775,-1.2479011139661766,-1.1146980103016655,-1.1775342967220992,1.3814795691243382,-1.290758169828642,-1.2091971841291207,-1.3501771822299158,-1.0719143307704582,-1.161679570231294,-1.543989734378886,-1.2998610595832993,-1.671119550032224,-1.8868766423852668,1.3378119103432766,0.6000297350945919,0.48620697860683926,0.10277975944813791,0.3582057232765857,0.846414398995345,0.5859299858743554,0.6641113841797724,0.8665092435434302,-1.2896888207707429,-0.6303048192831565,-1.7628553719550963,-0.13132962368485687,-1.3088677118010867,-2.1411927947770333,0.14291682315978227,-1.230606420526043,-1.5691830228335222,-2.201856838304454,-0.6414202355817326,-1.7978262299226468,-0.586068629460956,-1.4021516581546338,-1.4949370381693334,-1.2586588513223504,-0.1532868064906074,-0.9924029501911368,-0.20326433344827752,-1.2188586295628345,0.27610083814669073,0.29270983471950607,-1.7097561744314864,1.1960756461091575,-0.6484020898091042,0.8856786341735763,-1.248509655867739,-0.4185341683600958,1.1975324076260347,-0.26420671673664564,-1.0802413180089923,0.6590139111291794,0.7676660942684542,0.057047194567723475,-1.2484347221111476,0.8079461749831716,-0.699300272236537,-0.5895414972979258,-2.13732737009322,-0.8569878745574342,0.08627697007605566,-1.8384281794836614,0.9408825576556443,0.8848301128938165,-0.4824624787655629,-1.4051523406306243
3414,-1.887772984640689,-1.7228840137509478,-1.7984213366489499,-1.5652272921938013,-0.6293632915296716,-0.6513080089606418,-0.6333609388784314,-0.595242162978262,-0.7290012611331689,2.244308420810638,-1.1533789372853713,-0.5190716456457521,-0.19869507290859795,-0.9172294658970487,0.4002105748631586,0.9717012093295428,-1.0706770638739442,0.8782535125718206,-1.1247147092414007,0.4002105748631581,0.7111189932209941,0.631574797594548,-1.055395272458302,0.8651546551247319,-1.1879016763732495,0.7111189932209961,0.7208091952414506,0.6559326086977625,-0.7856054751172479,1.8181440522401684,1.1875630762839051,0.2882665883201066,0.057173941081185814,-0.2530069621463138,-0.19900982087719404,-0.631124648783626,-1.2296112456471657,-0.9425580377721885,-1.3943681632532436,-1.5467984159717196,0.5215778811921579,0.27960057566508906,0.21159858064262466,-0.09894852653275439,0.12687023412976747,0.5601829978597446,0.34998673288000604,0.42282185016220025,0.6028943550055577,1.6477872902022856,-0.385066805537214,-0.796439214710937,0.24861559013883872,-0.9698602676789843,-1.7761887611682405,-0.015373155924122474,1.2825986725140661,-1.605900864710711,-2.240528756900384,-0.55578629330288,-1.8375413749660547,-0.6111729940675984,-0.4124546433407591,-1.1253966475873287,-1.3111364109605086,0.20835473248971867,-0.1554512350115986,1.9766936076856496,-1.0271085185346074,1.1464419620359219,0.5639160219724788,-0.5247064567669177,0.27855235094698866,-2.651105704328789,2.353790559367137,-2.0525494274773917,0.021537981742371457,1.0377248963265675,0.19340998279567612,-0.5588754194438428,0.6945193510458783,0.7026073355133369,-0.27860677024799196,-1.2442118955169117,0.9613736780679489,-0.7028456686192045,-0.4807724589388507,-2.0729548929209303,-0.7284018390611328,0.17688284179487762,-1.7265447492797243,0.9085054868214784,0.8509450966308795,-0.4694359840803389,-1.3565104325649548
3415,-1.5299798738531531,-1.6743498198728721,-1.5745434841342587,-1.743852093094272,-0.700368545720697,-0.6398795904009413,-0.7186198523764735,-0.643595784114584,-0.854821174684283,2.232944775017518,-1.5656338671221008,-0.7322719929363516,-0.4953943991667818,-1.067419467973981,0.31211327130109817,-0.16057243399543691,-1.0699380144450363,0.07680476031943567,-1.1134444828886636,0.312113271301099,0.6702899867771747,-0.1192047115417382,-1.0454215927569603,0.2603854805144028,-1.1642513246205315,0.6702899867771737,0.7790365343677818,0.028664252247803484,1.2324754542856209,-0.7934523940106233,-0.35841990943001695,-0.32084557475792114,-0.3946137388514955,-0.5816023035928974,-0.5106668373760582,-0.8474397813686307,-1.3311526029706524,-1.0618296607382949,-1.4940926163887014,-1.6675254396933126,-0.9871178702239878,-0.7393869552756456,-0.6898103844455546,-0.7526574207048611,-0.6026155554853188,-0.4128451811572387,-0.4334267002472673,-0.4272618507179239,-0.3484238143783621,-0.8501284602849023,-0.4201810839384575,-0.7853518159168812,-0.23093554930629756,-0.894269386336522,-1.809395680291102,0.24172419985831176,-0.9462914187809647,-1.6008418192983789,-2.3870990731354818,-0.47492318968567465,-1.8550561936631773,-1.1906575133183244,-0.7611212712232864,-1.1358001049235185,-1.1281227641804923,0.5471692848979655,-0.2805299660293398,0.7311196744467063,-1.4118069175455776,0.6932373418082987,0.02344306615287444,-0.21510185823304914,0.5647652592998249,-1.1681670377623459,1.662179937580601,-1.7586840101946872,-0.2700152106500498,0.5624081489202942,0.5845201977996399,-0.3377782354461157,0.8878688808924908,0.8260835443410738,-0.6030086788070094,-1.291167909844822,1.2113929442809988,-0.6961287047837393,-0.3366782169782257,-2.0189623825899967,-0.5584267786560281,0.28677241677689086,-1.6135618746089722,0.8696801180619872,0.8096964611933235,-0.4438611997287213,-1.355957329304369
3416,-1.6781064416431148,-1.7123281787843123,-1.5809130117290937,-1.5946982888260939,-0.666001718474125,-0.693649411214905,-0.7153717741838662,-0.6223906829402527,-0.4131984410518671,2.013581880394829,-1.2842783973639844,-0.580086978380906,-0.3013228999603146,-0.9460955943175678,0.5208464090513061,0.3709846378993507,-1.0069303016634683,0.550976016057863,-1.0850960042824247,0.5208464090513054,0.7884436330177541,0.32307523243206177,-1.0017776793898672,0.6586209366459845,-1.136759810937031,0.7884436330177536,-0.16923376621120992,-0.33580228887813207,-0.7183199291981933,0.6934998328016752,-0.6713565003170796,0.2308315669920825,-0.04698410693237443,-0.14100217607404988,-0.2027412008808779,-0.6559598014339749,-1.2160288487118893,-0.930056148225635,-1.401149403762753,-1.5557780572844668,-0.8769205386207326,-0.6206689300303738,-0.654934007654704,-0.7273473071198279,-0.5987512583663887,-0.4079008371149175,-0.43358212861113105,-0.42730453677117575,-0.3473301122375502,0.4661640462652631,-0.35944294772642693,-0.15174746124795832,-0.17156502022327408,-0.7384288553808553,-1.8267043529620979,0.5248840376737534,0.6731770135335128,-1.5399299960528132,-2.5402508699266133,-0.3787801817964274,-1.7777281404059313,-1.2088728194562717,-0.55869889702841,-1.0296724862533193,-1.0935108874217598,0.45450562714810383,-0.2771589424453305,0.5685377255299251,-0.7231354447449772,0.5589619043625275,0.25603716990564385,-0.4348728355718397,0.5223050673448448,-0.9553949267064535,0.9895628938237032,-1.1162150146603969,-0.22671544058329302,0.6074634279778657,0.3302999689414743,-1.1340276992775298,0.475125041049623,0.38569401994601993,-0.5130601426317802,-1.3302814395885358,1.3298706643958365,-0.5803920066904846,-0.197804588544182,-1.9563902150271888,-0.4189582339456295,0.3606372156506646,-1.522531683569601,0.8330728523762173,0.7642620835604066,-0.43586085278509773,-1.3459108181135149
3417,-1.4487570839459085,-1.4144528915836188,-1.3159293999477542,-1.2769875269360689,-0.7852134208967885,-0.6647228924356209,-0.6969990930959077,-0.7312733893718083,-0.4505631169462346,1.8579903870660854,-1.2530067680526376,-0.14829635331123292,0.257599295766619,-0.6261219375683511,1.1271219495329847,1.0892393172098154,-0.8296408633672242,1.37297717169161,-1.0076261389436842,1.127121949532987,1.1801036980210868,1.0869647042701256,-0.8883995650097174,1.4341352838681154,-1.092576888355281,1.1801036980210877,1.0547502015114587,1.1879885569485409,0.803771016479884,1.1141928826303689,-0.5023022865999365,1.1044578651176162,0.6829745966273015,0.6818405212501576,0.3519543081318846,-0.22686761870184308,-0.9806166989275081,-0.6530890255136484,-1.2023750183966833,-1.3221111903222775,0.11191280773044054,0.2856176719900699,0.07479901865728394,-0.00590695249432455,-0.13136977665898353,0.22965880957315285,0.07144406254260677,0.14251238778095288,0.28754475220462195,1.2037694482051653,0.549842804841605,0.6733530394403249,-0.05299326102038617,0.5346662304133887,-1.6590683349621973,0.8370439957248642,1.3480275178741405,-1.4738682723698648,-2.578997189766827,-0.4131691317700049,-1.7068488370224233,-1.2276176004073438,0.0515976877767246,-0.7630681256602343,-1.0601572843314762,0.1333025959785111,-0.34582814642711945,-0.2251316810944834,-0.6890441351262558,0.32752885170039064,0.4694617108613234,-0.7602283183175387,0.4874437618279895,-0.03946281891256435,0.36330707244028443,-0.8172163468274206,-0.4709891987206944,0.6581650514200922,0.14611127280949443,-0.5313130356034582,0.42921768159572177,0.41825161317128373,-0.23314010116359254,-1.2849808044439452,1.3144535551167482,-0.4943690484301837,0.12285882654323937,-1.8899337734963504,-0.2888854398300903,0.4196620135307935,-1.4014722071332415,0.8021867602551339,0.7182515195255832,-0.42046261674806956,-1.280756942934003
3418,-1.1270760480947037,-0.9434166253913705,-1.0205412206729205,-0.8964079880007403,-0.7888305412848639,-0.8258139487153291,-0.7215773206089731,-0.7599336705496725,-0.383322369445121,1.6618090530947807,-1.3083552660982916,0.3590276828388805,0.8715977938082522,-0.2413913456183156,1.8937980329877342,1.4474554580785235,-0.5468176238080985,2.0365349170341895,-0.862998280071515,1.8937980329877382,1.7713431302139546,1.6804398050821436,-0.7006697398446057,2.1589657606210073,-1.0208658884806692,1.77134313021396,1.210796144053691,1.951823293888321,1.2111120740339532,1.340459983862215,0.9034287103484484,1.7213321814390141,1.537414265254867,1.538303182319561,1.0736366749215975,0.3401278371017666,-0.6937781583373811,-0.31029430605083064,-0.9635119643540255,-1.0454776079624535,0.31246963634657593,0.1886212763268332,0.1474539021038139,0.021978244541119366,-0.15835311789687112,0.20076387251122899,0.046075921834372084,0.12078849591973499,0.2670589247967242,1.4715458211124368,1.8775787427096027,1.094356066539237,-0.3448042943265869,0.7932931352030851,-1.5308461298588183,1.4531347566414887,1.6735863063726595,-1.3912439907393594,-2.567531552658954,-0.6008829413369229,-1.5862218883950647,-1.2469211541979308,0.756211635072238,-0.42637552561852843,-0.9736519082259228,0.1724793224930458,-0.85048756730709,-0.914141949632964,-0.800117145849344,-0.9407800621561921,0.2710297083782066,-1.1136911706595438,1.1437921783836482,0.391535132679044,-0.06169020669307857,0.4947211133384949,0.42318422302800246,0.10335214748696074,0.15650881314591475,-0.6752045744947525,0.3797571387931185,0.35079721165808636,-0.2699036420952458,-1.1711617269459356,1.211743548997912,0.16214437809368626,-0.09935089846297522,-1.8265236889452467,-0.15757743553652442,0.4285359972335601,-1.3206712754884622,0.7761127529680384,0.6727035264578497,-0.4067899391017067,-1.2276796639345606
3419,-0.9574484567222904,-1.0726811254124908,-1.0253239458643733,-1.1498649909004217,-0.6777951117847822,-0.7934903948016733,-0.7787437084362353,-0.7692490791550507,-0.6468169942179401,1.7550371184131268,-1.367769852600853,0.02119522181020403,0.3807830866307532,-0.47387811535230673,1.5856824978958102,-0.5001068769629387,-0.4661728474144312,0.6191775489801926,-0.7394781964793684,1.5856824978958133,1.8173587513359135,0.24118317285710097,-0.6067703455601974,1.1179478819609774,-0.9455191952182033,1.8173587513359193,-0.038303837529509395,-0.5526236205080511,0.6398356767835973,-0.7072430647420558,-0.15128582810481958,0.5801498608702537,0.7917080289981347,0.7434212023880624,0.47855062093367257,0.04101917515079515,-0.8496346458455464,-0.4996132149234543,-1.1215283814708414,-1.2289821488934205,-0.1306992508764867,-0.30513959243148797,-0.230375403180521,-0.3183894871305004,-0.44041432676979486,-0.18121879542982647,-0.2509885840161734,-0.21458664233592087,-0.10732139503932141,-0.9807510949228447,0.6000246285163243,0.19852614765737325,-0.3048788732532956,0.49149616830360643,-1.5881186497015594,1.0861892106652293,-1.154031054905877,-1.337847358044174,-2.4131643624866785,-0.7884471450329236,-1.6143360226953578,-1.266815110626277,0.2988947709543099,-0.6643674553260622,-1.0264893514912319,0.3990453234263298,0.7181036446089213,-0.7018227778941207,-0.25062361751743534,-0.9535612778421668,0.13182042854497844,-1.526795630643626,-0.7585223917054214,1.6085490421596542,-0.34878814905301353,0.858842802165601,0.5687297440818775,0.37470837743142893,0.472975269084622,-0.13897637924631825,0.6670219362581978,0.6192871401786112,-0.46391735324680905,-1.200771068856896,1.2421663723990206,0.3564203473696041,0.0861343735810181,-1.777634211719082,-0.008035652792683807,0.4478418575716109,-1.2894058971102254,0.7446729792838268,0.6205063639054064,-0.3775455022579233,-1.2262566440208418
3420,-1.1535177534240766,-1.208567295988659,-1.1253576002601895,-1.0760095413510367,-0.7002745548884765,-0.7005663918437198,-0.7260635431304684,-0.6616404213451281,-0.7967495337208031,1.7474295739787296,-0.8525382081214965,0.10391349922145716,0.47414784223231415,-0.40792424497812835,1.3992870939817394,-0.3035787159237593,-0.37669123317259867,0.6474232411198437,-0.6268875682201577,1.3992870939817426,1.8397049878681164,0.1998002687043083,-0.508122776916006,1.1134197187845218,-0.8663113342542661,1.8397049878681195,-0.44339949955825697,-0.6035549009935183,-0.7776533312823466,0.613988501997441,-0.47115528049182276,0.39084997743232064,0.8685193398045614,0.8161594956332467,0.5902901388436688,0.18788844491726453,-0.7753373678155879,-0.4147057197777312,-1.0690071865927582,-1.173489609856977,-0.8520297674993004,-0.7345364571355535,-0.67942172737788,-0.6399509111364481,-0.7131297100233914,-0.5533346521168493,-0.5398401810253957,-0.5417708825541178,-0.4789868855046661,0.25631007226118957,1.1410993041331419,0.6399277237153596,0.14901338898664318,0.3877006021775733,-1.4610415074169185,0.7097334021583792,0.20691994267219713,-1.2936129488151684,-2.2745990417433455,-0.9067487481324834,-1.5562478456039388,-1.5569016674161649,0.41791517287510327,-0.5195564726028618,-0.8867882206686971,0.4140795100320777,-0.3606929169649805,-0.805232570466489,-0.18464466877522523,-1.2586265796598313,0.4023660531696943,-1.4501030929284708,0.6190406445337207,0.7116304370038332,-0.505650985590731,1.2111443139480969,0.8456999339496909,0.15913481606544477,0.4591886083288321,-0.2989147870999435,0.8021012789476488,0.7686558391338859,-0.4802231087898326,-1.2570424259081168,1.308826745453778,0.2919136735566053,-0.4106444160604243,-1.7258302436924453,0.12730099433564027,0.49032506635555717,-1.3085875924728225,0.7160489545555624,0.5742757813118938,-0.33257851704509245,-1.2386443100013795
3421,-1.1418226320717026,-1.2050918725770436,-1.0568444148538914,-1.0881907634334647,-0.6498608803912457,-0.6437942502404576,-0.6745517413632637,-0.6604883726352455,-0.9503087469889828,1.7129742086159894,-1.0559068336476407,0.07444369347393112,0.42047452071567615,-0.4259209227366055,1.1608237657935712,-0.42809367244924224,-0.3185665157883415,0.4332080990791058,-0.5319795815558077,1.1608237657935736,1.7765087844540528,-0.06161045472201725,-0.4270283351366564,0.9078710511504443,-0.7874200400914207,1.7765087844540566,0.27586322004420516,-0.004693137640570743,0.015286580118805987,0.5386509689703236,-1.0517213953446012,0.01866261984047642,0.766636563816127,0.7574960330636401,0.5464393059178891,0.22298642104852698,-0.759048804750832,-0.40355167996210045,-1.0739219169304255,-1.1835326882266755,-0.9153536266464116,-0.7485404472678668,-0.712195407635821,-0.6801737997382126,-0.7424932862194299,-0.5920283397976386,-0.5719317297618876,-0.5825036854217145,-0.5293777910090969,-0.0478108251324323,0.8962360472929726,0.48283949466370524,0.7294320860848905,0.33473435226320936,-1.5720019340803422,0.9583382204837487,-0.05472240634199858,-1.2582740102550511,-2.1562863615224783,-1.0151776647323427,-1.6102749694016723,-1.7347559179779939,0.5910035115472323,-0.4826446853119196,-0.9029543027879952,0.05723677144808636,-0.31123963631253027,-1.0101943301701082,-0.7834257751413081,-1.2586114502295271,0.2514211717787053,-1.0997505467033377,0.41747466808400496,1.0263566707488905,-0.2312097375709292,0.868048261892506,0.7336679654317483,-0.06314720249583805,0.10560236691581092,-0.24515536075986386,0.8510047834765511,0.9247943976544394,-0.14253498014813165,-1.2665259049227662,1.3516276875804754,-0.04691425664875745,0.06575487447723621,-1.6808059369224213,0.29340539126496784,0.5611614314074852,-1.3109180806258642,0.6824260995751973,0.5228627709555163,-0.28756227767468096,-1.1975161182476701
3422,-0.9445247628065393,-1.0052383823647055,-0.9490367216491449,-0.9290213428415225,-0.6827589169346364,-0.6803074601139404,-0.7496133991539412,-0.6941909309518741,-0.8332648386994286,1.4985114065725587,-0.6918437588191754,0.33320485186282217,0.7516680913089966,-0.2444065703344468,1.1910207366619963,0.08019566188497519,-0.1997724251325441,0.7810840435580706,-0.4293619576772718,1.191020736661998,1.8126784685396022,0.23826479478457938,-0.313766207530697,1.1577380233193206,-0.702785234818746,1.8126784685396073,0.46885475178147773,0.849326249272101,0.7720864538708528,0.3071185787550529,-0.3100597477456847,0.35218125317934834,1.0485359121920408,1.0752252193651635,0.9125805734838374,0.5242815819096087,-0.613668682929387,-0.23067959467544807,-0.9688674254452532,-1.0687290870136634,0.9151433303117137,0.36345382415568417,0.3848970116108359,0.14760592792366042,-0.12252720177768239,0.2698180557471313,0.12361427802504872,0.18417350211434083,0.32541067352171676,0.6305863255541334,0.6271486328495516,1.0639391046835625,1.3972902711761601,0.30397869126036137,-1.4688639191575312,1.146224091901326,0.9005797999246798,-1.2294414148487778,-2.04887166511687,-1.1473257004286426,-1.511323379871623,-1.828206300286892,0.8788174621406428,-0.2987950066034638,-0.7937785888560412,-0.22864702744347676,-0.5825717343719334,-1.0119216595249492,-1.4148892420621386,-1.1613847217982922,0.6504080999266693,-1.2631299513341903,0.6513128686155836,0.7728619048063533,0.14794703501361972,0.4699537055560926,0.6301256746211539,0.11924650139133462,-0.25960198927510864,-0.6722728783631289,0.6800512052121194,0.8065732910886115,0.11803633807048217,-1.2177751882446455,1.3892240027854548,-0.11598637360395966,0.06795637197915101,-1.6322225651316666,0.45855117757841224,0.6316625052274853,-1.2501723988844062,0.6521688568328319,0.46698445012169126,-0.24392055501175164,-1.1163421743630042
3423,-0.8431875572021743,-0.9556610684915033,-1.0233833073953031,-1.1283866251207122,-0.5925789926258611,-0.6732392741707846,-0.596736152502146,-0.756633133078192,-0.9423608323150126,1.546314603631618,0.24628042437500444,0.01287663880350813,0.27216643972121857,-0.45646741782954453,0.7860252424955457,-0.7733988729866503,-0.2099031090848439,-0.012165969105124899,-0.3630471349227957,0.7860252424955473,1.6009204923571636,-0.5552823450827495,-0.2701562851418776,0.4864417945298028,-0.6265853030688373,1.6009204923571672,-0.27993380455006556,0.2271975231587813,0.40554513503683703,-1.104742580948175,0.7487624185888719,-0.15653980193989128,0.31151093887132525,0.5223179441013871,0.543342203177773,0.28636266343155914,-0.7357186983918594,-0.3840697099942283,-1.1002831491651412,-1.2176624941476377,-0.3019774053727906,-0.4165901983660374,-0.45654228826421384,-0.4685655024574596,-0.5953683937277194,-0.3994988620307517,-0.4192298564710655,-0.42186068644861097,-0.3529156064772691,-0.7389100596736304,-0.42809623940623787,1.3083284232510022,0.8075220810466175,-0.5208237153082893,-1.5820724823471637,0.7456013762997932,-0.8432814993309764,-1.2132221259681422,-1.9673694080014874,-1.2704895675399135,-1.4326462628800734,-1.8210404132638225,0.2923993803414018,-0.5012379428062745,-0.7406993277358669,-0.4029185396655255,-0.9049333961453896,-0.7507178700696912,-1.3845166791597614,-1.0477588525537012,0.5546143073903189,-1.4247246318448616,0.9928707241850995,0.1214614968727316,0.37888530191241615,0.3516760709268482,0.6882662186475508,0.31828224413184286,-0.36712199606371115,-0.2630735627283849,0.7356540359799301,0.9196277608965392,0.2924476432869918,-1.2314498277976011,1.396774748744765,-0.20492341313454215,-0.21314269253051005,-1.6061020897138023,0.6379368338651781,0.6790056055571567,-1.2302430395282287,0.615715228043547,0.42533801379534064,-0.19920924758142783,-1.0387878135497082
3424,-1.0846287762034028,-1.1182635983226892,-1.0561662910837202,-1.1390764720466273,-0.6784847523716591,-0.6005998379662886,-0.6178927272347751,-0.6663612130592279,-1.028699727371381,1.7114533362638689,-0.09353320933712843,0.0004872989134183531,0.24828605869925943,-0.47119381197331056,0.5528315734230583,-0.45349355956142035,-0.21191643939024546,0.04866351395972548,-0.31876384646744227,0.5528315734230599,1.4238526134573135,-0.5000427046548048,-0.23041961203750375,0.43964227158658054,-0.5579893918602165,1.4238526134573186,-0.08884468791905409,-0.6288882593093407,-0.884792503769103,0.059179117946641054,-0.37115849102279996,-0.1618313901423206,0.23549037901999423,0.45575973328754793,0.6176419089145456,0.37787366824844343,-0.7098264632364367,-0.35130702362205063,-1.107432347653161,-1.228366248527673,0.4241345974471616,0.16181944984645058,-0.04710253788888427,-0.13204874067034672,-0.3538679445112948,-0.0685643971851186,-0.15609633126897293,-0.1326921078959333,-0.03241116193880624,0.020745348107149033,0.05967085080300912,0.6352073631582794,0.30983538769774055,-0.20701025310510507,-1.6282823539001472,0.8584899136127901,-0.28751575187074957,-1.1955487951709303,-1.919788629833792,-1.3617658455585693,-1.3837978411830638,-1.7983526760291277,0.2668086312954592,-0.5152361694244927,-0.7160759433399307,-0.3371892843288352,-0.41115322078692346,-0.4592413553259929,-1.5008013027439655,0.15614174972190933,0.9805812778135756,-1.1275400986424027,0.3914591588384982,0.21287364248454477,0.7437781438692574,-1.0195609287819958,-0.5257660388281022,0.896755064384629,-0.30668990455016104,-0.3533386590951519,0.8299423764722037,1.0030107561636412,0.22027173090554178,-1.1936211170751518,1.2347039170194625,-0.24838176999482153,-0.3045613717558649,-1.5919138355959244,0.8809655946203211,0.7710772582439742,-1.2340943457285218,0.572371173212828,0.3733522109720819,-0.1479152175700988,-0.9886359017406154
3425,-1.0795745482808483,-1.1757528386466913,-1.045693255786464,-1.1773532425532138,-0.6568273642414502,-0.6908506937761105,-0.7476928718613718,-0.6497496190079322,-0.9771498352798081,1.8195712976440666,-0.7002060999251088,-0.05917309801135402,0.15525578148999872,-0.5188534119852359,0.38488626613273386,-0.32607691198401645,-0.22042721732895493,0.025495172900368793,-0.2914082653021392,0.3848862661327337,1.2548045400723915,-0.5056908814359169,-0.20012830465385797,0.3448669104197145,-0.4973190486813403,1.2548045400723944,0.1383667101083721,-0.12535470808594304,0.08937806186389462,-0.13442716864086973,-0.9064694589056276,-0.18463393959833396,0.029449762661900195,0.2479763613419919,0.6095209868484023,0.4207244765479081,-0.7026263747431365,-0.34299207843885227,-1.1337658040026637,-1.2604188111016266,-0.9976223362882959,-0.7787807191688694,-0.7671544514356613,-0.7432840699064105,-0.8036652727692409,-0.6951473576250519,-0.6600613532530661,-0.6891229753356602,-0.6537481022705808,-0.06438827986135663,-0.09899641750976,1.053068081723988,0.68452586887488,0.0626522197833835,-1.619117630507697,0.33218595574831006,-0.30292517333488833,-1.0704680431231721,-2.0550135396126934,-1.4549146643213755,-1.2776211937402833,-1.7483716707431853,-0.02501739732649075,-0.5565769424750381,-0.6227295525289104,-0.564136888460043,-0.7674716294712116,-0.9099717905234203,-0.965575339322284,-0.09642920314130327,1.260857842049383,-1.1864507752438294,0.7568263010133331,0.4669267614031029,-0.0873035832050289,-0.4858041683968324,-0.5799895939342412,0.813376302288579,-0.5751082850263147,-0.5515101960273198,0.7328828398066289,0.9527916840633256,0.4339781582855319,-0.9964371985757626,0.8226384759078795,-0.30770069310432163,-0.3781034312593347,-1.5793873585417957,1.0603777555609273,0.9238927347739376,-1.1913384691385684,0.5256953317751045,0.32419455653185675,-0.09627876333622895,-0.9102361509018962
3426,-1.1327599889939346,-1.1316529321807032,-1.009918852922436,-1.065692123863849,-0.60864188149617,-0.6398862950472304,-0.6671349929900451,-0.5852978525866823,-0.7531255462036545,1.9232790355904243,-1.2944364435036646,0.21915483668925187,0.5484328386193227,-0.3583019867390932,0.4779680114324244,0.17678419188340877,-0.15298286062724098,0.4077426913536728,-0.25207561266489537,0.47796801143242446,1.2098525554612527,-0.11667405152611338,-0.13260135308496637,0.6056344445335435,-0.4365119011934403,1.2098525554612551,0.21680147456422444,0.25383667013264105,-0.13237067918953127,0.6222409949953109,-0.8491811209235914,0.20618235937257598,0.23702902092804012,0.508199638997035,0.9226926124317053,0.7503490528053166,-0.57344855753755,-0.1738997685948322,-1.0577036241412072,-1.1839329546477846,-0.3008645976396241,-0.27089035594456834,-0.2050216806559612,-0.343419210032205,-0.5415620206033142,-0.36345068827490934,-0.40022908573985333,-0.4023092651949625,-0.32679617687650653,0.4877822655073001,0.16680994465325372,1.091552705041192,0.7953608511144341,0.7632742235554959,-1.4849271026585935,0.818925247541384,0.23341252681828212,-0.9794632595876938,-2.10280395094745,-1.5655530290991055,-1.2275052561256894,-1.7012934509546342,0.26272458176506736,-0.43773870941471127,-0.5872229184069474,-0.7375923938329754,-0.6984307568937071,-0.842070404834789,-1.2507025851165385,-0.37526652557501666,1.4019075787262396,-0.6749705235098121,0.6055211936576296,0.43568852655617796,0.2308315395534306,-0.3983207864532162,-0.21736755116294243,0.2765551933495826,-0.8030941951996098,-0.8009491232691437,0.49424808380944757,0.7307903495796322,0.6017267862130811,-0.6783003782493927,0.6839639300035091,-0.31491957770097795,-0.7301771317967002,-1.549520471831821,1.2172682803209518,1.1218760063024518,-1.1639335154142612,0.4748800279534001,0.2695822622970263,-0.04547393549834371,-0.7871722255345646
3427,-0.41897559460606126,-0.5270230868304299,-0.6434309205832839,-0.7112098833116811,-0.5406067358401582,-0.6051120221310852,-0.622129882272022,-0.534394618883322,-0.7910994243649696,1.8713608162467654,-1.2941102131779672,1.1156974627785825,1.6999630730982613,0.19220482271872652,0.9938163564137271,0.9959382081303693,0.11132132024714719,1.2456269395793356,-0.14473993128562254,0.9938163564137291,1.4164390870245496,0.7105674502795821,0.04622869677275522,1.3164904306380583,-0.35664288454901905,1.416439087024554,1.476654489024151,2.380364424788628,2.522881939667312,-1.088284950641551,0.9399055001418304,1.2451574398876257,1.0896665275482487,1.270431269766314,1.7806699264949533,1.4913200174990702,-0.23524138596582125,0.2773621234289973,-0.8110449530620666,-0.9319689925733956,1.7431965740403412,1.1789364742180652,1.0843702830013546,0.7635263164499309,0.45040612589763185,0.6250904758882229,0.3737664222554709,0.4705927181961931,0.6606074945768327,1.3206511675500998,0.5174242685469109,1.1757112952833317,1.9238278670637672,1.6390945354331499,-1.2955894069916032,1.5011851204654845,1.3079871862105625,-0.9275519242180206,-2.0529195892570695,-1.4998984677132343,-1.1583189548424042,-1.789116890508678,1.2496813868304597,0.021589770132827025,-0.4603324968479825,-0.8673861905233027,-0.8899379133590094,-0.8159781058326526,-1.3037029543571488,-0.9569490220342018,1.2003958719512198,-1.063013405343188,0.8014973522103976,0.2098363313264497,0.3121409846187826,0.15682111757453734,0.4194264394834756,0.25421097273346593,-0.8529278574935518,-0.33051430757497413,0.49920671814052575,0.7719499440030375,0.731798471471792,-0.08415644039096222,0.5847858180194226,-0.28488025011413753,-0.9332788538307255,-1.5131953145793833,1.3657446626696867,1.304599218563933,-1.1465361423203961,0.42871077477218006,0.21577341624505383,0.0021701403630598453,-0.62398132658318
3428,-0.7489378274087766,-0.7585533710912286,-0.6796472412375235,-0.8134343055791836,-0.5414097895418444,-0.55112041398799,-0.6126894779185842,-0.4890568723630404,-0.6941208480244104,1.8151364027373091,-1.0656110183648797,0.8633114107686326,1.2516169801359118,0.05697289576621697,0.9623850348122327,-0.053697186542569456,0.2520167959898433,0.5653006118887801,-0.026668110864728006,0.9623850348122354,1.4059291172546213,0.03908851778634461,0.17817230647056664,0.8456220445369215,-0.26931396732046153,1.4059291172546253,-0.09181927949605832,-0.7725279571219572,-1.0062351110005183,-0.10874611531236364,-0.49971137234742596,0.6808171815349046,0.7969171587969484,0.8203529083703198,1.4237053162035556,1.2670504932100173,-0.2811805034811195,0.22070756584438647,-0.881751701807394,-1.0132937502621302,-0.2181230341044186,-0.06618134335390521,-0.15623236214235323,-0.20449183208821858,-0.28279868675733966,-0.25021720630185174,-0.3170459190641603,-0.3018885451465715,-0.20801141078267535,-0.3112497484146737,0.7366033369418526,0.2881328178416129,2.4328568872240752,1.293626671698034,-1.1911086293925452,1.417687807902688,-0.2771862259550113,-0.9002245937864922,-1.958216670440866,-1.4781116352055494,-1.1239733290471767,-1.9099442321382383,0.8834797978332343,0.003895161843391109,-0.34356270635850533,-0.489435183066238,-1.0613187780789934,-0.7617614006480995,-1.0654003145519795,-1.0293381203236853,0.8361761799035193,-1.4412253279152427,1.1654053512089875,-0.03751620007582805,0.16827745405662156,0.4192870875473472,0.5517681940977636,0.5272693831944313,-0.5196587656237743,-0.5702560201860307,0.5041326786492586,0.6750405170183083,0.38069702466843514,0.1421593678773648,0.5848392227642589,-0.24370756354039236,-1.1040692137224508,-1.4625980489777866,1.5249396028382671,1.5550195227883337,-1.1663424477235023,0.3770451486506654,0.1592150824246714,0.059878919397079663,-0.5402069316368637
3429,-0.7830939338142212,-0.9742966582213286,-1.0787557522157853,-0.957558631781869,-0.4233603158946292,-0.5410521288734359,-0.517570664071858,-0.45744373908390273,-0.4945872603057793,2.0502263044538913,-1.189276718600271,0.5074132097905156,0.7019253919595653,-0.14561752550379073,0.6559857962175002,-0.6083375478276501,0.2744907233753374,0.020782520953365986,0.06426259715247959,0.655985796217502,1.2413973255090478,-0.5023811562060543,0.25315331811530833,0.3847304210031141,-0.18510517686508593,1.2413973255090511,-1.3864408466314913,-0.7426596286375178,-0.0846586775150079,-0.5422174322179683,0.9330329714608442,0.08386410418603532,0.3623193313952747,0.3804699263390271,1.0342652620240567,0.9586382492102824,-0.36522851540695467,0.11288847967922802,-0.9833861013613532,-1.1255734904045123,0.6614306441406247,0.6204488758121843,0.5241506035088219,0.31018595798307136,0.15429232181159688,0.23205288516421368,0.05579973633927484,0.12610454258923617,0.2823539500368368,-0.4431844611496023,0.4980142965463512,0.5694177058262719,1.342299394516305,0.6655224369424905,-1.1998788084133258,0.9086294366818867,-0.9327406438238912,-0.8661995761185434,-1.8729046317430833,-1.675761274679596,-1.1848129197915533,-1.8737091777441601,0.6794392622010444,-0.13941745076262507,-0.41650142334613427,-0.6221905545241707,-1.0241903929320035,-0.6525538306709008,-0.41353047550408756,-1.2067383445342805,0.6710770019302468,-1.4962793855577512,1.0671438897415462,-0.15451107578252732,-0.27978283137498816,1.1098595896795382,0.8486636223010688,0.47813032846796516,-0.6819144999153327,-0.6339320781680124,0.29189971513089996,0.47974413543362077,0.5197054452045563,0.09991691263354154,0.5614741231952601,-0.014156158637723803,-1.147982604070897,-1.4258428158875174,1.6276681393258257,1.7516998170725948,-1.1559015277449591,0.3136426532787491,0.09567216475281667,0.11229567762280054,-0.46252538860870945
3430,-0.8080902375458693,-0.44952905539354515,-0.7053463325640797,-0.3191949142555776,-0.4762346202731255,-0.45701638516522536,-0.5278049635699837,-0.4441168987700574,-0.4403803999319943,1.690745829901116,-1.7485406422457734,1.9026990044072878,2.220297204937747,0.85109269794034,1.2913668204498199,1.2235774333547333,0.7084183938852726,1.5888094255263299,0.26338821896166864,1.2913668204498228,1.5242728469081523,1.0412804725524332,0.5536046981790268,1.6360150806613443,-0.06580073011235314,1.5242728469081568,1.36142210509681,1.852177499754499,-0.05451965417383589,2.072333305321026,1.8854119103120792,1.45370304600388,1.7521076832565228,1.816371612874059,2.3677831729876386,2.189267271792922,0.23802782008016807,0.9347456249236642,-0.5280882972387789,-0.6707041248965995,0.8774657010489143,1.0649591325535601,1.1046820045466603,0.7877162963824248,0.5874673605701224,0.698896254524918,0.42179439663227675,0.5515369371836683,0.782471024892588,2.069452203774708,1.6057436453028568,1.4951777397346728,2.9403991513921848,1.8441271295226993,-0.8745416468889579,1.3448609829791744,2.5123517182417,-0.8781206247821055,-1.7119985005668479,-1.662076877424983,-1.1589202734477801,-1.8090501702288193,2.441527087753553,0.6175560675144625,-0.4023418028237014,-0.6756738395632291,-1.0782070063755085,-0.8306721780686214,-1.2968513270504936,-0.9629772871533071,0.7937265463683287,-1.2752530339818937,1.1170222773905616,0.023331740627340877,0.3094649681505412,0.16356408808351683,0.42111488921210427,0.4683846012294349,-0.690787187902559,-0.4384450573597416,0.23024296418697196,0.42342578125198854,0.562065281817818,0.3936090206023416,0.16655218537857908,0.05072648858357199,-1.1426614351708146,-1.3738672934248024,1.6370807391765676,1.8720019331273696,-1.1634010572643594,0.26846248174058107,0.019985610041617145,0.16715132844880753,-0.37785358932996826
3431,-0.17443629762632787,-0.22213980861803062,-0.18100409284255467,-0.11973913613049479,-0.5414355729478328,-0.46982659730316395,-0.5534544778938202,-0.49042175354282713,-0.6635859927785099,1.7871622122438588,-1.7196306091173001,2.2102517306062266,2.423111759444519,1.1611620052860567,1.6198684346827958,0.6627658812220859,1.143925261783887,1.421667894962988,0.5445649798267731,1.6198684346827992,1.7409480918606783,0.8599355548776397,0.8969001346398376,1.636044665329973,0.09058762333746692,1.7409480918606828,1.7441963692559106,0.7553117034453611,1.9317153158942586,0.22404423003701304,-0.2638600962720137,1.398835992016073,1.9006252316089527,1.984624280200383,2.539646702951685,2.444215755173451,0.46836950262965743,1.2375548509176184,-0.3842461219708017,-0.5425470463128643,-1.02418300644762,-0.5374810562146378,-0.4098394975454982,-0.41768412985374026,-0.45079825149831915,-0.4447364063344838,-0.4722312976685532,-0.4615113998219602,-0.369131126478211,0.6061592426365773,1.647109601002174,1.7988732873691171,2.8998397811321093,1.9444924533879029,-0.8604003708292437,1.5597538670185744,0.3540204639143433,-0.9073188379516255,-1.5580891568839743,-1.5623095094804433,-1.0945387855412174,-1.8110649148702653,2.6775442783452594,0.9222648061002577,-0.29828777430970066,0.46261933409399963,0.10625977485319184,-0.4981714369425789,0.24681337898981023,-0.8161370090770291,0.04342485645813809,-1.3878152183447974,0.039887344741699055,0.8123362465591941,-0.6866877376328084,1.1331928035511067,0.5216327510615246,0.6850297685454259,0.5294708844425954,-0.06592624792363602,0.7117426225078957,0.6453691213501709,-0.4999265251620382,0.8823224539473682,-0.38317539172023035,0.09536930141100237,-0.6401231160528768,-1.3224274969537588,1.6903121499284925,1.9793335429401024,-1.2593201700173584,0.22074357719206705,-0.07994907489707842,0.22008065471238675,-0.42845730817939953
3432,-0.10662332823879468,-0.2190068298597434,-0.14234837310808476,-0.28153734083582205,-0.377865759030241,-0.5104245342046527,-0.44340029726108726,-0.4237077246865165,-0.2945949150032266,1.795799740290285,-1.39451356816573,1.768049170664844,1.7964985550630563,0.9379896894939036,1.3239517112345445,-0.560808070241711,1.3364505804916968,0.4661857186065083,0.8115421207840818,1.3239517112345474,1.674991181410963,-0.13954097671270793,1.1395567540240477,0.9262463342495639,0.2632594256035661,1.6749911814109673,0.11950907502679788,0.014108564445043015,0.18838136301963743,-0.6044315041011614,-0.4927754303015719,0.6788816429623986,1.3247386659995337,1.4147072642461938,1.9720327265403559,2.0433123882608437,0.3791299550752316,1.0928146623659993,-0.49959817151581576,-0.6804674781507585,-0.4252944711163437,-0.17965669864699654,-0.1496764231046454,-0.18693872671249825,-0.24016136137440047,-0.23359322366012564,-0.2968272134041505,-0.2681748848997011,-0.14456952126488995,-0.46216286467634227,0.7347136426010796,1.2287367877438076,1.9765697327051206,2.0107008759952447,-0.8998986675002231,1.319366714020199,-0.5240247206938039,-0.8963810455088143,-1.443807958647384,-1.4581176669098674,-1.0681299012736858,-1.7576854227186465,2.0789328424423137,0.7714704467847396,-0.2636717815511187,0.16131293204866268,0.4838633014552804,-0.073546364427133,0.5016942737827736,-0.6779021624021312,0.09586868814507174,-1.2513500017547399,-0.5583863846753663,0.6237501947938652,-0.4922765146295623,1.1431801178702479,0.7049782257690834,0.6747273657281442,0.054742086760613456,-0.8624716126114682,0.3057345565361546,0.28114515440722426,-0.1993134398140288,1.087070049562273,-0.47264484088785397,0.45641275075141974,-0.0731983230320406,-1.2710949184056866,1.649590103599232,2.079934738325429,-1.3493819691006959,0.16388283473493895,-0.20020270424681322,0.26701783054430195,-0.44321938119741644
3433,-0.24178972057648318,0.0018851368685687442,-0.051926567115678474,0.2248425122012153,-0.32440926160444244,-0.33945153974189374,-0.4054258594473144,-0.29991971943825985,-0.24373626356923164,1.9009448492809613,-1.7447310229678443,2.519624722382038,2.442647511322038,1.6889356358637706,1.5725735587035072,0.5267611594483838,1.7894957477498898,1.3091034243579882,1.157355808322767,1.5725735587035101,1.8303728649110558,0.6804085536746584,1.5427144723579682,1.5794705019679594,0.47924015237099965,1.8303728649110607,0.26871459845641466,0.6737538007505656,-0.37455920138842186,1.612380780677131,0.33465279294168737,1.38882819798331,1.99361323992119,2.113563703669035,2.5794100500455976,2.779653911445842,0.9016637137895251,1.7577461716184901,-0.13250706750560468,-0.33574363217716985,-0.3197265427757229,-0.10648799053838383,-0.09478034189912667,-0.05211075020986784,-0.14121329966520946,-0.1600518642358662,-0.22986066014065654,-0.2009587965148805,-0.06223231168203876,1.3922645836165524,1.5918408886464153,2.238080411145097,1.92782577244635,2.9985438924964267,-0.7029773082665438,2.023904622895093,1.089357496764292,-0.9402118689337129,-1.2581226443162483,-1.269684399263287,-0.9641066141474767,-1.700166652442674,2.7822383348294895,1.4297858519420694,-0.12203322477922614,-0.0618637372910355,-0.3379587039958141,-0.6011604707745417,-0.6188730118841715,-0.5659263674979742,0.28930616491513184,-1.297598507472152,0.4090649347730169,0.48437392425863585,-0.053848234274040764,0.19789061875111122,0.14901863291908327,0.8097778517834229,-0.07407140400553443,-0.31367502091596855,0.2051303948831173,0.2322270414067416,0.01359200466933711,1.3201323472718236,-0.732476304772723,0.5690060301491592,0.2896639330984571,-1.2057061304407124,1.549702127396498,2.101547499307835,-1.471634494846922,0.11080886375929576,-0.3416286447449672,0.3323444774307012,-0.403878364111935
3434,0.10228717142959158,0.25015215678198005,0.3079941382383284,0.3698614780594357,-0.28673581023703915,-0.3345196356141176,-0.3668280416580686,-0.28056848714414556,0.4859728221183195,1.4308853885442014,-1.8041978629240194,2.527506846293257,2.4369810373746508,1.8309517021098285,1.5902924519585346,0.0370331598600117,2.112530170624571,1.0311839032966885,1.5254052781415364,1.5902924519585384,1.8978238502072808,0.3432094135310054,1.9035893335152994,1.4244445655340283,0.733215229820322,1.8978238502072855,1.0425077857202931,0.7070507632013134,0.9206982820972011,0.8397268363448842,-0.4033482646548736,0.9970074015520233,1.8637374831487925,2.069985995833318,2.487119663586877,2.7462605325220086,1.0667918482525642,1.9059216175512155,-0.021662457833783608,-0.2487684940862992,-0.38151320266502264,-0.25038306454392845,-0.19903974411766578,-0.14419631712778838,-0.2457715434260151,-0.2773574833689797,-0.32903932785898277,-0.30952990555317267,-0.18486046084710403,0.36444605521719536,1.955409256287308,2.332108452226752,2.513268746004508,2.4017164219272016,-0.4243835379760617,2.173070599741686,1.1433371952567164,-0.955041131614322,-1.0775410973650545,-0.9793254459081671,-0.8369926500566549,-1.6425344987227195,2.593149780620747,1.6017463582247777,0.059114917778345155,0.20895620457899922,0.40140646776682504,0.6697982570012535,-0.8076374082049449,0.8434273202038176,-0.13929533724091714,-0.5988480224223559,-0.43457942219347084,-0.5140238997376481,1.288133336117817,-1.5054854557628707,-0.4028454775337674,1.101293968710168,0.011599658968831347,-1.2845977950438934,-0.3881389611803943,-0.5010366080440075,-0.2304900417366203,1.300420586402584,-0.989748613767092,0.985938302407014,0.691107449647084,-1.1329067908674044,1.452431058235746,2.178385418575489,-1.5903310782530125,0.06406957033387088,-0.5117916091553717,0.42858091261266607,-0.30624506779063165
3435,0.23141952598215426,0.087981709037596,0.04985308204498603,-0.12028523665395156,-0.036674700895434426,-0.237950709515988,-0.12081007529469509,-0.149839463120504,1.4072512350703312,1.1657850583347886,-1.4741958444685035,1.4180432069770013,1.176610457098229,1.0352163239922838,0.8049252081811487,-1.5867860671749257,1.943321593751459,-0.5303735598542616,1.7308685376666946,0.8049252081811508,1.5701942174768462,-1.2533778253576258,1.964000556049734,0.14667138563116142,0.9731376853964786,1.5701942174768504,-0.7515016669684249,-0.4819756496676048,0.3086773039432311,-1.2133799814843367,0.21086022934680043,-0.3294667433641622,0.6379758230573408,0.932023806636539,1.43046424441178,1.839984831785471,0.6445821798983605,1.3092896094786115,-0.37842684729740655,-0.6236959631072432,-0.13070823996222034,-0.3888827083485127,-0.29861401861023423,-0.22767281736305983,-0.29815344721340564,-0.3398979043335973,-0.38456837698892793,-0.3688166948197623,-0.25516775316637214,-1.2857451043435237,0.285055281839033,1.7056517557962534,1.6766933030260767,2.139820761379916,-0.5326998667471784,1.496575834928528,-0.7496404832965845,-0.831334829697323,-1.029183709737203,-0.9002656634419968,-0.8132023337548703,-1.5873124161592829,1.4853171532168274,1.005404441145874,0.10218912215151854,-0.10187118531784485,1.2121197922070144,1.0854087191131363,0.23463776743794781,0.3391928252562815,-0.7790452894313556,-0.2064583268150518,-1.5712827117849675,-0.22022481952228243,0.8456879116715758,-0.21165832515384897,0.5267922716864893,0.4169709678448618,-0.3070365722059984,-1.1234496703071561,-1.288876826651199,-1.420935220058361,0.08864363749777669,1.2128130974489397,-1.255682747785454,1.6002139236520427,0.8899105516781588,-1.0795992807622983,1.3798957772411862,2.3443365223745314,-1.5710056950937932,0.008276538589326062,-0.6875870772727898,0.5337142065277642,-0.16935232972887862
3436,-0.17659044718167347,-0.39261199312882333,-0.2551931482805891,-0.4188293781043023,0.3141208782974739,0.08540114425096754,0.246435236764016,0.17407285293572172,1.8493095429626507,0.9286413191429419,-1.1172568999656138,0.836758705998788,0.5542421595058622,0.5855081867424509,-0.03759713427787945,-1.5899001400442876,1.6088429120125003,-1.0937597695719832,1.7500716634201958,-0.037597134277878676,1.120126364215251,-1.748864026255045,1.858020623071566,-0.5392762487871627,1.169041206588881,1.1201263642152544,-0.8691273427225106,-1.345960870700887,-1.0408346416163543,-0.7822616546157772,-0.7988886809484904,-0.917932447609103,-0.10899130621733016,0.22055086946745495,0.7933810653720718,1.2944821072001502,0.39465887095588154,0.9635999612333649,-0.5945836485318557,-0.8561531443623066,-0.12977123681929942,-0.3609826143409434,-0.24204490400358483,-0.20418866196861024,-0.23678148652358744,-0.3104366825811316,-0.364931710706525,-0.34363574741861,-0.22378575705594184,-0.7832569064634649,-0.38982950109126263,1.1127759045426229,1.2958092017864418,1.6297698870466726,-0.5480065980418843,0.8912204134224332,-0.3102262756249815,-0.76850183672665,-0.9876722691913397,-1.0400242269126065,-0.7893671368002994,-1.5355970975531612,0.8195238666616843,0.6386948091127214,0.14773018116641146,0.2398189340216274,-0.1174419575276222,0.3947160322627457,-0.7707344648272625,0.028937663165102847,-0.4452415920264188,-0.7433991825483772,0.23588144818088774,-0.7134751434329475,1.0331976336672024,-0.5709797060586556,0.3154481292121649,0.7239243340795053,0.16641977621610085,-0.15630786628339266,-1.5863897714190796,-1.854226226960195,-0.1780490432516152,1.172655877913684,-1.2651531852529478,1.9462651911795457,1.5206690316394322,-1.0373361682906552,1.332240821804659,2.4827149755031965,-1.5502617957522946,-0.05323979602911977,-0.8725344631881855,0.6459271245832359,-0.005295221961883339
3437,-0.4234723265282365,-0.3307811919275271,-0.31658109073296964,-0.21946333012051017,0.922833322328939,0.8315164810379357,1.0562835274886497,0.9196617152083563,0.9464851918545344,1.2138096094289432,-0.9491702842356818,1.0973235539848294,0.8450073974877366,0.8465293437551838,-0.224973240988358,-0.3315485006244056,1.4916768054124976,-0.3580810084775502,1.716284674508853,-0.22497324098835764,0.8763529914961674,-0.9601109114921972,1.8195256763369954,-0.15010248244611465,1.3350956385744657,0.8763529914961702,-0.17192836458747313,0.18374327947677818,-0.6217921227113026,0.7329496700409213,-0.03561193805804106,-0.46510942777441805,0.15943642461551674,0.400050795493694,1.000655396490986,1.4652478924172643,0.6185709251815329,1.2106465291139328,-0.43720237602579165,-0.7270319146230629,0.29369311424213673,0.03384106861797663,-0.012855950729359182,0.06402211786829091,0.013103562928607272,-0.08484586534902987,-0.1978265024991243,-0.14589996071271186,0.009378707950024275,0.5230059681178942,0.08941837655302702,0.7695193155059064,1.2454071508162419,1.3809675324069364,-0.514258950792702,0.7542824271781097,0.02392774862744901,-0.6495988830464353,-0.95984723647835,-1.218393174603977,-0.7653022179178008,-1.4827619485787729,1.135017773830582,0.87846040541807,0.18807648862304158,0.13820063644231517,-0.3459672151497013,-0.36410194957301756,-1.2706706491670843,-0.5958776291975384,-0.34267740200456537,-1.1249822742227729,0.489670049909953,0.13189299190203743,0.7428479331857754,-0.25277112560362497,0.42001541882206045,0.679949642661918,0.3304052761485285,1.716017691975976,-0.7994598731692136,-0.9134955700004433,-0.0019920148049853864,1.1730768588521023,-1.4683506021383068,1.8426832741321102,1.971068862835651,-0.9848386051177629,1.2839196622729918,2.6580302135070624,-1.5007770534921967,-0.11884902937436559,-1.0345030457256998,0.7634909980047949,0.16185055174320914
3438,-0.29043104317670454,-0.41337254616107455,-0.1666207826759404,-0.2998455643478293,1.0559036875786765,0.9983035186972261,1.0112494911681358,1.071791357534359,0.9159317546050413,1.1389389065418822,-1.0594888930466537,0.9050894480833159,0.6259539616112374,0.7206584442587625,-0.4176849730211865,-0.340174702945094,1.3484987217503093,-0.47351306357655293,1.6394280114180504,-0.41768497302118607,0.6071454238152366,-0.9849235065302036,1.737700991505616,-0.35437064180343353,1.4622110953480065,0.6071454238152387,0.4220980205311974,-0.21826076893196297,0.33809680559258215,0.009250588376327371,-1.39753338072932,-0.3889878836396157,-0.11329026938508453,0.10107307595252983,0.8013988336503883,1.2535821064848,0.5894145560088292,1.1500300411372733,-0.4935761376661884,-0.8071742937501967,-1.2788978242375935,-1.0646040810409754,-1.031973038715876,-0.827122515453803,-0.806825719160853,-0.8861170661552749,-0.8188381171666177,-0.8617938686963209,-0.8320979710876595,-0.20100560295155273,-0.6834424381401013,0.8139427336213421,1.4707639187046073,0.7987948583292916,-0.6186941557278494,0.7152052616993865,-0.027813113054289147,-0.5370000604512998,-0.9414097362172895,-1.3734527592825747,-0.6420354188050982,-1.4331085579102822,0.7044333152519671,0.7865797785902874,0.391661248060442,-0.13589525369195174,-0.7942794326011541,-0.7544129995481895,-1.3137898572546522,-0.9409645661397488,-0.35661560594443964,-1.1558693888253568,0.961410738932902,0.17464652291350186,0.42875226880953,0.08574998061830214,0.5254977504967614,0.48566011248420893,-0.11552359019821949,0.9326589667908392,-0.8498663064615359,-0.8748071220584586,0.2689892412605176,1.1351582687571589,-1.5970191169123291,1.853470663941919,1.9717191782776136,-0.9292255757591432,1.2140902958215498,2.805478969175071,-1.5033132097593604,-0.19129595874816133,-1.2128619806176564,0.8998312223713768,0.2939952964321124
3439,-0.25210266856964947,-0.3944045879138466,-0.7481806600154874,-0.8262397684910969,1.402451989748016,1.1896208642481694,1.3182286373925893,1.259554166659499,3.34952977190703,0.40937634263114464,-0.719766939177617,0.07476925492162327,-0.26755870482373867,0.014993367601507698,-1.0639735998272057,-1.1707301058611292,0.947234696680182,-1.3931990161929888,1.4432738277258164,-1.0639735998272064,0.07818232767637098,-1.759076656682757,1.4784230064413242,-1.2646199922478902,1.5153042077053285,0.07818232767637175,-1.5233163216351773,0.06794513576149311,0.09808475333345608,-1.7094987315576557,2.087274449864574,-1.0211313348643936,-1.1063070749388906,-0.8122348611161672,-0.05773619713761478,0.5135916265082872,0.1452559173538822,0.5924224126918763,-0.8913053464796737,-1.2127439878527566,0.10779875893506631,-0.17923547573448156,-0.20844080996543604,-0.16610848773117515,-0.22947428662004815,-0.3290810128727889,-0.39075488512050743,-0.3681282431411859,-0.25371695913560627,-1.2694386422728405,-1.4439281401941255,0.40372906163948447,0.8462477384535787,0.6792910633736233,-0.8527649002329618,0.038898610858687836,0.05196189015518942,-0.5082985938885458,-0.9158883848929851,-1.3691241244183654,-0.6115399871793339,-1.386281302001829,-0.32539982666848255,0.1562800824997597,0.4596903812855819,-0.40153778651211347,-0.16362575366523852,-0.7406535056431606,-0.9711375839327343,-1.337629563332054,-0.02993220233829142,-1.1244202055694972,0.06235204948243101,0.8955996967639489,0.1450283024773933,0.7920817797295413,1.0784061733739734,0.17798811877349105,-0.8543633989918161,-1.2157865040427958,-3.080885812614785,-3.3448494300646585,0.5624547911147014,1.145541943954702,-1.6213199381858099,2.109589488459454,1.6887259763369182,-0.8666235306615686,1.1591689012597022,3.0989056800111396,-1.5027742193505127,-0.2661481856917607,-1.3747627149024186,1.12305798037883,0.42040132477874337
3440,-0.7471802483867034,-0.587945705994542,-0.626602775605783,-0.8292179931561234,1.5290268271478196,1.499911477165713,1.4663999909792695,1.5121752557581138,3.457236625794535,0.2239934991699662,-0.8972797753462839,0.05184110189992996,-0.29404556792925757,0.011584542959850898,-1.2023811075964477,-0.2736465317054519,0.6906707380574655,-0.890188845113907,1.2211162308156536,-1.2023811075964488,-0.2841848469575323,-1.154122143801457,1.2694862016444703,-1.0286436537071164,1.5145931614320414,-0.28418484695753216,0.3638062637483176,-0.48110737634366735,-1.1379961942558734,-0.13283884156612213,0.2920815896872971,-0.6665724374099514,-0.992397711439011,-0.8082113052522388,-0.08594181260762651,0.47843606916026804,0.20289587679060606,0.6402911039119296,-0.8847128128021996,-1.2338745334305081,0.033679281715936656,-0.08542159097887062,-0.2573353453121005,-0.22551456766766836,-0.2621654581169643,-0.37506092312332723,-0.42496567287700326,-0.4019449296698657,-0.2914367327881419,0.036001205644282365,-0.819790980668968,-0.5019328990208539,0.8927247450416398,0.6047273404259917,-0.7882149560223666,0.2548047779431387,0.3725052708810628,-0.5178416785572643,-0.8966950976986249,-1.3601648522417136,-0.5569250131455861,-1.340425541479218,-0.42261478873812186,0.1605854180709941,0.5676493752007045,0.05957114144330058,1.1310916244251539,-0.8870445740469189,-1.3846230515062434,-1.3447201036327188,0.6192896693686565,-0.4698665312466391,-1.4106913344026428,2.5074956127073675,0.3829895734821122,0.49219136618843407,0.9544284716761471,-0.502045677108147,0.018122238942570267,1.012889566983622,-3.0921266583384606,-3.4536987919824593,0.16211636781243974,1.2654721212100286,-1.5694224443271774,2.2045494571395934,1.905153298442176,-0.8031496109164049,1.1019013469118453,3.0073636577069216,-1.3017411651451893,-0.34631478327071236,-1.532687710373267,1.379179890983613,0.654268552089723
3441,-0.6284194972066017,-0.478705019444423,-0.4157870458980746,-0.3919855279459293,1.4875987429892272,1.5373312822410419,1.4533185137451956,1.5318584016235302,1.9995116718215091,0.5506806758662243,-1.2465767301762183,0.7462391523806688,0.5139041715292894,0.662228942405261,-0.6595153065785962,0.97855161784927,0.7719306831204866,0.24894254252996656,1.1025829178092625,-0.6595153065785965,-0.27279609690444645,0.04754912399904524,1.2465635801060553,-0.12406331558435892,1.5084220369969634,-0.2727960969044464,0.570490472465193,0.3091324905011773,0.31360992824298195,0.77933998150634,-0.29253603278211915,0.3139149995719218,-0.17494353695439605,-0.17412222663384658,0.489808286046122,0.9796309519633293,0.6933281767426545,1.1752828913576578,-0.5408325189266903,-0.9418348441376029,-0.40049651402231945,-0.43798252152142664,-0.5019958300923645,-0.48906600154117624,-0.4824684611734318,-0.5997284574029952,-0.5956015324246265,-0.5836650619837329,-0.5249934183529609,1.0665638787196403,0.06934196695787107,-0.2858889226235673,1.1749943349584708,0.9944972599620067,-0.6008415074175885,0.45939052014101833,0.5357363924099053,-0.47090307218289473,-0.8677222188628202,-1.4020005383695746,-0.5336884684292251,-1.3798437305441358,0.2939685205748028,0.7934887687514444,0.7352862168912162,-0.2783210127145707,0.6097484406618106,-0.023062554135901542,-1.3856379473331275,-1.2913501084474528,0.5399643900139113,-0.6077548298233535,-0.8672843335013769,0.7098640362118963,1.2337198740392203,0.43508373627900493,1.6970630840586498,-0.3278983430230628,-0.04782385805070673,2.3305226890552784,-1.895823995590032,-1.9666963995404498,0.4694417372995803,1.2261996718752624,-1.5884597008852954,2.1538279152481636,1.9219280892485848,-0.7468094204030481,1.0365789261129557,2.8696270834378073,-1.1934996838265852,-0.4281734832945733,-1.69790954337756,1.601219669528504,0.8053103143863484
3442,-0.5856802055583256,-0.7772072732365469,-0.719168917710635,-0.7124592338007824,1.5854158567459429,1.3965881019587738,1.5150246489681392,1.479619065408405,2.10850794522016,0.5537057700590419,-1.3671171756706357,0.2534307588259037,-0.023710938707339316,0.22871000372777367,-0.684704914937129,-0.04874000510233806,0.64421499810689,-0.43954893458221944,0.977023471902928,-0.6847049149371295,-0.44573489021234053,-0.5253747721680516,1.1131641946886046,-0.6500323894639899,1.4731021340331885,-0.4457348902123413,-0.706787901362471,-0.7167998494094008,0.11612911292714312,-0.2690691813826117,-0.2622757953523729,-0.149483658223881,-0.6209805413311623,-0.6233352510258173,0.0050677106535494355,0.5308113156829607,0.43349455203928455,0.8384493861399966,-0.7677853187402075,-1.1923889977946425,-0.029355226014606498,-0.31864426446092686,-0.31021549885707933,-0.40413289619599146,-0.4317776315357066,-0.5585318165401651,-0.5625166082504343,-0.47957148309904246,-0.4762195861452997,-0.69588557349846,-0.5244651618171146,-0.40171394875899735,0.26564704413425827,0.5319047847158437,-0.6377942983370639,0.15767628016475724,-0.6767219549641694,-0.4517582881879187,-0.8430977431944048,-1.2826411735020324,-0.4552092438878196,-1.3341648012291536,-0.3850376702767746,0.4028129299043265,0.90404951078095,-0.21310462001784228,-0.37944548636671244,-0.23012070617486755,-1.1152110374230984,-1.3111931733420306,0.16646313417836353,-0.8157927288785269,0.4022753043668659,-0.1000866521997765,0.7943195834310822,0.6947300442991888,1.5224293298290472,-0.13865509297304257,-0.23559880807922134,1.1510338712541124,-1.9912750290299635,-2.0748643219302743,0.42891986584586816,1.258132218029418,-1.4620224779758257,2.094272231755273,2.0464207904594702,-0.6897373192545806,0.9628110744213062,2.7440716653012163,-1.0188984172808178,-0.5222071159894995,-1.8023738356733268,1.7460058948048005,1.0109635194656252
3443,-0.5637431785191586,-0.692036813522124,-0.43805050252345445,-0.5061286847231304,1.5785811058636348,1.5304597085195075,1.5264828241840387,1.5811283408338859,2.684503602401994,0.3627625780948057,-1.59090581749702,0.5344620317163772,0.2999357088733831,0.5128634289455526,-0.4140827314025391,0.4927740470927649,0.6707903491950992,0.07673432761106552,0.9023020322214137,-0.41408273140253904,-0.43901726484955855,0.036822524119614744,1.0665858441477134,-0.22409860177533014,1.4326025751488096,-0.439017264849559,0.6968787227176637,0.23475050834275377,0.06297473549482961,0.2500742256463861,-1.2824963657636128,0.3900005884233115,-0.13770127496902565,-0.23331722906704738,0.22469135728285972,0.6918178654156839,0.6891309148608055,1.0924491388203892,-0.5712185700337137,-1.065078414103497,-0.703291930832337,-0.6076178386280594,-0.617175308794381,-0.6424305004071912,-0.6193603839929426,-0.7614765171964598,-0.7095478613770415,-0.6659834485817533,-0.6976816855040003,0.4803270936074208,-0.19473245016711255,-0.80185931446831,0.6282077806645557,0.9482331659456572,-0.5087986255298482,0.21923387331569424,0.8028044773005985,-0.4101408084535748,-0.8201021692044609,-1.2141099811889005,-0.4865273069329821,-1.2908351515294834,0.004972171402568472,0.6596160472514115,0.8905925289139809,-0.26987585133997033,-0.22679749570181962,-0.10781342072112676,-1.0010331759055218,-1.203638086179581,0.3160474137088094,-0.5680717417583862,0.19005879176752763,-0.10073833501560112,0.8091527904903807,0.6737906635537901,1.4889492960482258,-0.34176046853855563,-0.3975296786423088,0.6519217592649087,-2.5591741853626386,-2.669303378656481,0.4849735296470834,1.25307319114895,-1.3662518187852064,2.0470118149988474,2.018058358895858,-0.6234375510520739,0.8570288387741357,2.655115360678026,-0.8389427844187504,-0.6131702062998491,-1.8954376797677353,1.996289037613595,1.2322755856230354
3444,-0.3287835119784766,-0.0012850290519086237,-0.2198436642832523,-0.06472330118389918,1.4900878928328467,1.578509149154698,1.4707076793692326,1.1962643012689853,1.7885018591327895,0.8796095874476311,-1.7972837196174951,1.1042685134371257,0.9417571037438379,1.0927124989291241,0.15753331613048768,1.0285860170937595,0.9079527641409347,0.7713554809696508,0.939048108466647,0.1575333161304885,-0.19835910219165329,0.7402313186701003,1.155641186626357,0.4449615320632615,1.4182942367332798,-0.19835910219165317,0.5123560438189269,1.633298119748387,0.5203746227135561,0.7362303956874384,1.0555392904654124,0.9414323470977645,0.6495226331309678,0.4059177000682175,0.7059316996275495,1.1042272831737652,1.1652633529762408,1.5562860363226856,-0.18498012763712265,-0.7775850627423118,0.6932728857441863,0.33163548148542676,0.2239822855812473,-0.017583161629002794,-0.03919511949514665,-0.2678435423778513,-0.3160682822771012,-0.1629268346750788,-0.15503087481241262,0.936912589761014,0.9058298232236573,-0.5334071269546516,1.2638275284801512,1.270981121886174,-0.3602723666163987,0.31633251700961423,0.16916386678864262,-0.37006988391118467,-0.7828920745674747,-1.369448756297307,-0.5742901758589486,-1.2496130424912117,0.8318414505960569,1.1923857915493876,0.7825015287942453,-0.5196763132257946,-0.5622034345464451,0.45553820145456214,-1.24415617298837,-1.2469158712034676,0.08239408814770477,-0.5884253894934972,0.5235274274314877,-1.2764045961048893,1.5567095795904717,0.5338016150236032,2.0187100972900756,-0.3683088184461034,-0.3573416814023994,1.9638049942088096,-1.8068706995997919,-1.7568785706746564,0.7040832617439416,1.2651531733931491,-1.3709177254361968,1.963186422655725,1.8120554694245654,-0.5506560092588155,0.7097695125831505,2.5423832716267927,-0.7193813545413488,-0.7063389586931458,-1.9680591152339013,2.1303290189647397,1.4042930630731771
3445,0.10819513815271471,-0.14605216204809257,-0.5075389859253899,-0.6278694631595269,1.7369783591616188,1.48933885562778,1.6598250289232999,1.4733386506844999,2.938493541786896,0.3695783476583282,-2.6189565730689015,0.31635900680767404,0.06082070966957042,0.3627364307328769,-0.1609251021363383,-0.5701409716534384,0.7638218249348092,-0.4717126222813816,0.9104468665847919,-0.160925102136338,-0.3448779965041093,-0.42934432206497797,1.0448260797420519,-0.5178129766216786,1.3799320067940426,-0.3448779965041098,-0.6150599815866272,-0.32537478438700435,0.8856438682565999,-1.8141796902390908,1.6785223759763843,-0.26948453536883943,-0.11432886308854737,-0.28622673605590404,-0.08719994272591285,0.414545530834205,0.665424676597997,0.9769614178586433,-0.6115760625051284,-1.2027011882267715,1.0117706455702626,0.6399551862711943,0.5451068442004187,0.1829123560265132,0.16910629244407963,-0.0733276890649822,-0.15509704817932915,0.03642502190357891,0.06144329368788682,-1.1067530410807351,0.31555927065667555,-0.47008340792600334,-0.18543791450768984,0.8847369705234795,-0.48035899974667706,0.35790184314726187,-0.34266590673954056,-0.318039110161759,-0.7662433669775097,-1.4934007559273221,-0.5526771962653194,-1.47104878308711,-0.08288147275175978,0.8082445763868402,1.323241298000389,-0.48575728054566397,-0.5400044561906636,0.14912217190202148,-0.8344113306478765,-0.8767702360973456,-0.17589082917011736,-0.6809152687991232,0.5088210305477154,-0.8106423443473191,0.8975834413297692,0.4101326718480615,1.2684324492851378,0.026078704113700037,-0.7591472049841248,0.11904426495611696,-2.87826269711272,-2.928716092356557,0.7184580639958148,1.2789332931384338,-0.9117253845251235,1.9023404340599908,1.5964661457315532,-0.48230863104046107,0.6119150999777059,2.5105665055040935,-0.5548022836743577,-0.8102932301703575,-2.0072175037813036,2.3268426143534846,1.568259304912901
3446,-0.8882436997166402,-1.132455965339214,-1.8547190407192151,-1.9539326945430044,2.2008926616214555,1.6259583006396072,2.2364980160959336,1.73076016280192,4.654810948142366,-0.33475523991741235,-3.582155814962138,-1.0240706590884336,-1.2430027654153253,-1.0618927457258491,-1.5040882852617534,-2.3321684471354533,-0.005018360355669864,-2.406411296476821,0.6077669385254042,-1.5040882852617543,-1.1324156714091116,-2.2344881450282816,0.5513314123958485,-2.3094045316054412,1.2350295697535076,-1.1324156714091145,-2.7660393682849986,-2.081313075087736,-1.8913368032896924,-2.510346676826005,3.3188741383621543,-2.2131164403735943,-1.8705747313962051,-1.8872205801169575,-1.7411970131802714,-1.0543152638603688,-0.6186681969531059,-0.37433298078445026,-1.6855965385784117,-2.1421276522490453,2.4422350758641143,2.288946064279261,2.163421709714659,1.5150588453191416,1.4607324994950346,1.1610689046293727,0.8564529791846056,1.3003824689788663,1.4451834498260312,-2.5628194570891494,-1.5188243885486379,-1.3649061048240296,-1.6533501093057448,-0.24548543129432393,-0.7852830625887899,-0.7608067365472466,-1.6658981512273274,-0.5259952628874867,-0.6328556732290483,-1.1560818703150686,-1.057315627083769,-1.5399303793057486,-1.3825053561640923,-0.7109267896607218,0.6219833316272747,-0.16411145916494674,-0.9447872245686242,0.030887119238843838,-0.38975923570113796,-1.143515676307074,0.13943305702346087,-0.7317489594419364,1.120227732312987,-1.0899263928822285,0.38396517320162826,1.1254599933622365,1.5240555059130692,-0.13895007733710657,-0.6980072409386832,-0.6266661736912922,-4.499839307728829,-4.672311198172069,0.5157698813212502,1.5540707938664495,0.5453492184396213,1.8071472172829506,1.572152997333679,-0.3576431207379387,0.6796339061391455,2.508675176791661,-0.1627300616522187,-0.934793075750157,-1.9579474246850703,2.559888443125953,1.7057756228586163
3447,-2.3191076140986486,-2.544113905855126,-2.6452890083721314,-2.683443442021194,2.6321546185379794,2.058968842292232,2.7596427654380897,2.1568773248118713,6.591734605719845,-1.5100019019585706,-3.3048037202273033,-1.686445637764403,-1.8248794304606384,-1.8028735086641023,-2.592248727573756,-1.9974127955655654,-0.9224751304665115,-2.7767876399640006,0.06176398634357433,-2.5922487275737587,-2.030102408964807,-2.4872123303871643,-0.1044471273386985,-2.9409457720960974,0.9674908429976918,-2.030102408964813,-1.968120277608041,-3.0560932186200835,-2.7526605104559807,-0.9704280819212917,0.8013583582114335,-2.98071859040368,-2.70884759082827,-2.7225936182765222,-2.6412034706137377,-1.9555476968061283,-1.4444307878096723,-1.2739626992578466,-2.304121766701887,-2.6419120565978833,1.611565514511968,2.05761288936392,1.9551226316111772,1.6189743199456625,1.5586738197680312,1.3147732760172768,1.194603346745607,1.4428965927736996,1.6192330888289028,-1.772202531179752,-2.036950317676923,-2.3161306559971266,-2.2295110088529038,-1.2945917340230866,-0.8475179494593454,-1.3620839826388873,-0.2879308357427554,-0.9596272483802613,-0.3821962512193448,-0.6426201500502361,-1.5154711667794343,-2.2921275520460744,-2.081765101161025,-0.8844906863880719,1.3548687353129372,1.9751287586198074,1.1934197487099432,1.3408234074092962,1.988591082293763,-0.23807716189002584,0.8196043760276199,0.5000219651601931,-0.8262872434252797,-0.555669460735497,-0.5924815502571761,1.9483112818992923,1.5327309040557344,-0.7212027878796591,0.6626754319936772,-3.549538974889679,-6.426557367881454,-6.618772984496538,-1.3723229878208554,1.8771339289656472,1.3113704010802043,1.553322833639895,2.0538515477091086,-0.12998053738707493,0.873475937880639,2.351913587678231,1.8313917160705206,-1.0557813297416612,-1.846425631299124,2.471419219069635,2.806779042300068
3448,-2.4119989135937163,-2.454762868798589,-2.3615741442232183,-2.519987623952079,2.1960453783904197,2.665389403257258,2.413458748042105,2.374066311601147,3.2934793432895053,-1.1877787882931672,-2.517446864004968,-1.6621225685594456,-1.8053310444851272,-1.739362249684764,-2.5656707564983456,-0.13150589980997357,-1.4305205136348882,-1.5791881555764946,-0.5012342442906632,-2.5656707564983487,-2.4259649600050537,-1.212751301000103,-0.5976285185535176,-2.1534751096469487,0.6380785741172083,-2.4259649600050603,0.42989988336487334,-0.056203917587246584,-0.40422039624389156,-0.2862099071103861,-0.24377465282754604,-2.035919150919462,-2.2287881966493353,-2.3181923487389593,-2.391853271980442,-1.8213649529511862,-1.346157858035091,-1.2104849526079868,-2.168340728573913,-2.5082349611179717,-0.06613112412091726,0.6011262964276867,0.6955930954053331,0.6031899754829275,0.6362215155409447,0.4519139422417829,0.4500656221398378,0.5720289875137461,0.6639494163410431,0.10366145383187976,-2.1248418755530696,-2.122940010553915,-2.6041503602830796,-1.159889336443644,-0.919380113313263,-1.3341555145397457,-0.40244469453219245,-1.325011660338962,-0.19271842454182597,-0.16507526350153043,-1.4902676004603619,-2.176430188409352,-2.0295184508296646,-0.8672864058036823,1.3914027386122154,2.247976457313789,2.3605401347370734,2.8503733604170542,3.0355887318023704,1.3557321967404625,0.9727515755953977,1.346601629672324,-2.2180978836742726,-1.5210546336692972,-0.07258687472703057,0.9943275657422662,1.024904707499257,-0.34288465336267193,2.833457244295491,3.945297979584648,-3.0993245605585757,-3.2893741118458544,-1.7356037217634754,1.9685974996477247,1.4864349709308913,1.538404410846458,2.1024322127670896,0.08269453120167222,0.9692614441134232,2.392559876307872,3.218136505860209,-1.184660520110975,-1.7855286983439926,2.667298540612717,3.5810279637447042
3449,-2.05074224971196,-2.0627014484430455,-2.2321315298385658,-2.4298877263573857,2.1366866668949447,2.276591890145711,2.0922601841999575,2.1472607570409425,3.027134249804689,-1.5181264594547725,-1.9495212723862927,-1.6802078889976082,-1.8223218669865602,-1.7279728380119963,-2.1709234324739612,0.6015530106847637,-1.6964587332081118,-0.9142598630069322,-0.9843399577121728,-2.1709234324739626,-2.513270401496568,-0.441447800469346,-0.9716128028152696,-1.6332950162434605,0.2841834947160433,-2.513270401496576,0.15236396322097207,0.7931843203543609,0.6580410977972662,-1.2040228462642801,1.1229498616589006,-1.0863964746777015,-1.9484357979168496,-2.009624502819083,-2.2458891920989075,-1.7710431887944702,-1.311797976442786,-1.2083284341827123,-2.094734644827505,-2.4288753309733004,-1.2976866720249653,-0.5930581495858368,-0.4670381836114737,-0.3947051893880472,-0.3466023608136971,-0.4945915150387315,-0.3911808880892155,-0.38376512287986786,-0.3769596622624506,-0.02837889027775713,-2.415804892771356,-1.6152399710734686,-2.599359242710323,-1.0323465655642607,-0.9202985500251005,-1.2989527829379672,0.387759025317119,-1.668511266592537,-0.05405266820005369,0.1337786615865297,-1.468026007173407,-2.0738761642946533,-2.0659781099319874,-0.9278112626589375,1.4243920320964456,1.530933230093266,2.720773461843446,2.6554675461225994,3.57305159970144,1.2965794259365515,1.1334867881364843,1.4411899044648737,-2.9195818972515832,-0.847090212118111,-1.0044588473253109,1.775799364508165,1.0523801447909675,-0.48669565413009386,1.5433059387335684,1.684727928901495,-2.9401564135597797,-3.0236187193122457,-1.0743496522605485,1.974528944622054,1.4738321980362057,1.5092514810345459,2.071499521507148,0.32164515949003497,1.0214983174118077,2.4048845878327225,3.749982347922676,-1.3015745236772511,-1.7347315234211398,2.8355789358416126,3.8684386306656515
3450,-2.1565389032078275,-2.214331579669439,-2.16265931436126,-2.231808429786614,2.126062158158693,2.199914031220072,2.1088043820819276,2.201056815160063,2.006424718612733,-0.6465583650143111,-1.711116589479338,-1.515264008171834,-1.6296214373790334,-1.5511367393734647,-1.564558549401743,1.0873440488565747,-1.737992576149629,-0.25559089052078454,-1.3223292020978719,-1.5645585494017447,-2.34317640825577,0.2996592824898262,-1.1987913350921071,-1.0294324388461227,-0.05699854223860868,-2.3431764082557756,0.007846257920065746,-0.549105330159498,-0.3706503568914661,-0.33133474028944526,-0.08218811137294718,-0.08069664021724171,-1.4991020054856745,-1.553275342126329,-1.912119468301813,-1.5696966672245944,-1.1339358757301266,-1.0519842566880928,-1.9164244001358752,-2.271672822449454,-0.7975163905334236,-0.15833640572389288,-0.07776788375772295,0.055904912324281915,0.022258068653596048,-0.13494504559235765,-0.05551395761009223,-0.01425404352982559,0.029624822638446863,0.2978291122793788,-1.790894150327214,-1.4834174816601042,-1.9686314032046306,-1.5313879907146644,-0.8800748515143988,-1.0911594789331627,-0.8627636774212875,-1.9218698451645102,0.048661003889700225,0.4351076964240074,-1.4481864287015809,-1.9823158488413881,-1.877830293594743,-0.797363283216702,1.450061173774651,0.9484450971537406,3.149145606649137,1.920056092470748,3.4810580054042646,1.1088402817868406,1.1436189306466755,1.416948985485837,-3.5799603674937495,1.0851584601045199,-2.0257100628219793,2.1832572291191776,0.5774141921169315,-0.6144616429080048,1.2496695257924153,2.7278988058664946,-1.962321572551345,-1.9898996342471422,-0.5126062557939532,1.9193332137849948,1.4603330071138931,1.4530770493933463,2.0062786481104595,0.48202416409069315,1.0452586514313322,2.376074983084822,3.837970135109744,-1.4348782769644197,-1.7053663897551268,2.8984516667927083,3.8869657626057514
3451,-2.2071534433272286,-2.173470743275403,-2.1245707652593984,-1.9267190577256303,1.71197452476772,1.960527082160209,1.8409012353329592,1.9143435107811522,1.2198801062455937,-0.4845310957023559,-1.937317585517571,-1.0634710937919276,-1.0771827738039055,-1.1454596660880878,-0.8015202368518584,1.4344023843317868,-1.5691693886169902,0.43267681278974207,-1.4772523777063356,-0.8015202368518602,-1.9519502313464696,1.0231946254184412,-1.2575634227339545,-0.32155909655945686,-0.34795789483474787,-1.951950231346474,0.007089378632241405,-0.017634488279529636,-0.22181082688530637,0.8204087307273352,-0.1356110139275712,0.6721217207907961,-0.7956246616464027,-0.9770177338187377,-1.4103432864090022,-1.2048825688502833,-0.7889609548204602,-0.7266761164215206,-1.6242746065004476,-2.0412847792527127,-0.7149919853552287,-0.37598651184533616,-0.26449788202512864,-0.12123436192385634,-0.14182445827813453,-0.2832337101150417,-0.19082381169320414,-0.1635616744844071,-0.13505025054289949,0.6776160539235917,-0.348699419146428,-1.5785067042317125,-1.4120136590276386,-1.4654344377937465,-0.872185566434806,-0.8396623528183542,0.4980760401042472,-2.0710477451596927,0.1166890264672609,0.7313768010076205,-1.4257679553508604,-1.9018130859790958,-1.441527875193625,-0.44837274069291083,1.4470073632340565,0.4519620743394922,2.4452370042937694,1.649323297382481,2.571171540725011,1.7993147024262492,1.0788714109368909,1.1808248745550851,-2.8225937085023762,0.7035836990434449,-1.3633513714560017,0.5885946053575053,-0.6505286601064818,0.21706829795811539,0.7504267012552241,2.3273508502415043,-1.207971886717182,-1.2009744527637107,-0.10535327482370177,1.9038324077392543,1.4911237274341422,1.3811297658590043,1.876320811968586,0.6496451234043832,1.0666502230894275,2.3028925501939135,3.6718231860852852,-1.5467338603965186,-1.676529765838517,2.814350272047708,3.713117738773374
3452,-2.0001192037559745,-1.9518808491010513,-1.852806927538641,-1.9215156224769072,1.640323215607501,1.6305684060107886,1.615836419766403,1.726015578152096,1.2533111049770453,-0.5125087298589446,-2.0262611323366,-1.1172105827284424,-1.1374900487555766,-1.1839800396462306,-0.35167749542741106,0.8499190568369903,-1.440866716563362,0.33394810828281407,-1.526415154703943,-0.35167749542741356,-1.6149860459595249,0.932515971360797,-1.2900647466061261,-0.21649425629141078,-0.5911656189591606,-1.6149860459595293,0.6546060431514842,0.4788396804143967,0.3759464032919187,0.22599383602145487,-0.5097214972370485,0.4343592421592549,-0.6211075781991573,-0.8619341076422207,-1.3196374430088424,-1.1955844205589534,-0.7899303088508614,-0.7459461042451653,-1.6095063366022728,-2.029552130263342,-0.18694537059092278,-0.3484629813362989,-0.21770089101446577,-0.06368056229527885,-0.07309437476918026,-0.23568866312942485,-0.13572589137159205,-0.1151486756986136,-0.07837508752407289,-0.06475884957609741,0.4587190677411533,-1.3203484728089065,-1.5824722913945126,-1.3341581229139894,-0.8393316708525779,-0.9559235686804808,-0.044883582273744935,-2.207452875748977,0.10872580418660215,0.9115410624641763,-1.4068759077383752,-1.8286858586537371,-1.5179409791188057,-0.5382309365728271,1.4413951229859918,0.12223105955656721,0.8014245083202554,1.753334499805377,1.7277039911315404,1.7653376744915181,1.0719105765185832,0.8613816764544535,-0.9295660480974438,-1.7857693089461186,-0.19858174977191748,-0.26806905818442767,-0.5013593650434714,0.5681988663462447,0.1117229476222236,1.1522630108322618,-1.278294094804659,-1.2369366408878024,0.2071956322656967,1.8169305937174154,1.4676361796226352,1.3179209077845813,1.7049419897855838,0.8280539423651854,1.0800747849955101,2.2418680824493293,3.4518455493169005,-1.6401422724487484,-1.6219529993588588,2.735816802987633,3.5117652520964526
3453,-1.7750952600437226,-1.8465647432221008,-1.8567690104297425,-1.6505142339361576,1.5844459837056566,1.661513129140577,1.5232924776687764,1.7502576501367282,0.6797865593474716,0.1825557473170445,-2.215069414164994,-0.6274771832303111,-0.5323642992654497,-0.7622201069881511,0.2194577514201046,1.0872164709342016,-1.1757216225465312,0.8401066840765439,-1.4540400348105527,0.21945775142010274,-1.1513167961441801,1.3939893444096478,-1.196267877821374,0.3593680766930468,-0.7636102316586897,-1.1513167961441826,-0.052057014512005326,0.2707859680512811,0.46986914401982977,0.5148264483972347,0.17839740810071195,0.8071924228443325,0.06993928690754533,-0.23569300451931582,-0.8104325099034747,-0.830195395214793,-0.41503973457571086,-0.37946650557709166,-1.3275351329884724,-1.8310509495651832,-0.29836586110830376,-0.6335972954636137,-0.49309389430692574,-0.300519862306379,-0.3035031456009617,-0.45595024450790034,-0.32321036994979646,-0.34060944309054253,-0.3270467195279793,0.7375005437470691,0.7558660729174831,-1.1937325198533795,-1.2299627493452632,-1.4803194077949147,-0.9976868726228643,-0.751868941765939,-0.07842317780917216,-2.260106247585517,0.0281281264937459,1.087533811623904,-1.4435261540287572,-1.7638893434057838,-1.0169416302271088,-0.16046495474617362,1.3300000440220834,-0.2588133870676516,-0.25967500042010433,1.4160061352986035,1.8533857190675818,1.5739203573854832,1.0154364356656405,0.9300776559336471,0.24275025630918165,-2.5858069887246673,-0.779547713520843,0.11971490263261582,-0.6260846711431219,0.36361068907759464,0.017671071517608494,2.0598673207667804,-0.7276270013234126,-0.6553815075976536,0.5729837815147678,1.701298954615955,1.445451320234326,1.2279133562700555,1.6936206335826733,1.0088926118975363,1.0944253601148244,2.1657369816470817,3.218504660355246,-1.7222048958298326,-1.5504439968544523,2.6227142560116663,3.2977042697463275
3454,-1.6018980768492614,-1.8094772507276953,-1.5533896996483694,-1.747224204965959,1.4942640974085215,1.6169849699289838,1.4616652984892808,1.5665621499801303,0.25598526728626547,0.3284901827724285,-2.261938336659635,-0.7612178910912537,-0.697020148918174,-0.8836149432882251,0.40487326825008313,0.3463110705438224,-1.0292453460555202,0.47327860308150094,-1.3496867795341552,0.4048732682500829,-0.8344315297476324,0.9744624705513656,-1.1340196968866807,0.23282196718829054,-0.8858766497431275,-0.8344315297476355,0.8415995123160473,0.13828487357349953,0.46934423071637166,-0.38576818133083507,-1.3117568921023326,0.3623754490944352,0.22259743738486437,-0.21887847650790385,-0.7754614477246803,-0.9120707864544422,-0.48519210657139505,-0.4634244676667291,-1.405679008269019,-1.9000512600598523,0.08572115878807884,-0.3664963108120906,-0.24375164758728027,-0.033858497510017654,-0.05249890249761013,-0.22113089928660798,-0.09457514551928234,-0.10183435972031503,-0.05879774893854865,-0.20306549546429048,0.6765353269918051,-1.58771828767817,-0.8575380359937493,-1.610688496300098,-0.9781538136168066,-0.6493208597604315,-0.37990679528798216,-2.323436293402237,-0.03816352499497576,1.2328743838285308,-1.720617363470554,-1.7045332585917523,-0.8608105053093741,-0.33912696525736435,0.7548891573688559,-0.4411766886004558,-0.5968229470709417,1.2208663529859687,1.4063559355913724,1.7540132452781367,1.2663098156182457,0.716589942530805,0.5986583025006764,-2.59356811272628,-0.4319444144647124,-0.6411017914930022,-1.1461887382226748,0.7865676269519173,-0.2016101624895155,1.8292832325392683,-0.3110493367435848,-0.2262613458740544,0.7335327167490906,1.5807803274894034,1.4168828463079461,1.1242783794144589,1.6294419687110495,1.186618035978805,1.091070331213213,2.075970934265248,2.9274653779036135,-1.797869525477339,-1.4724522632436927,2.466136261569747,3.1037111650988747
3455,-0.5961572282736501,-0.7473657701948502,-0.7662834689474429,-0.8297887000969874,1.1332405150338645,1.4780309554029152,1.337354802008232,1.2837177626135843,0.04528444562230081,1.0295766610061112,-1.6499064133743635,0.7052271924920506,0.9696164795035409,0.47390993342214177,1.3372132304751123,1.7464118313228862,-0.43896017338135507,1.928986294514547,-1.059667594256389,1.337213230475114,-0.08945354379904112,2.2418395986952064,-0.773265631077252,1.6142110455038943,-0.8941192112530546,-0.08945354379904297,1.961880342013543,2.604489811858758,2.244446605881003,-0.6905253226202056,0.1253073036316907,1.7282571855001516,1.7930013841005876,1.2721084137090561,0.4689039365234938,0.14684561886534261,0.6554390163798401,0.5979852793994295,-0.4403914054188451,-1.2425094633536136,0.8786913659114732,0.15728935899917268,0.21842504973145288,0.4884724259686595,0.42599310153579195,0.270211824055788,0.38316175414023146,0.40286994448426244,0.5159525067235405,2.1804417593521093,1.5703673522574184,-0.29181810884440174,-0.03203404207664045,-0.5433609852306001,-0.3373181566212723,0.6395327737895639,1.5587011343347592,-2.2295125684514128,-0.23943776479751558,0.8033431626081323,-1.7769528969737403,-1.664495209964054,0.6988030620135989,0.9827386790890944,0.6440483743528792,-0.6843301057692212,-0.7805570765882972,1.7617002956828645,0.8669933136749169,1.9558047495529878,1.2158498197864263,0.5637425886779756,0.7551012184086705,-3.367822938482578,0.9398630171124072,-1.5435693681816582,-0.8548645602676506,1.1882437422450798,-0.5410287368666018,1.232178051431256,-0.12061337588293235,-0.020110598181771043,0.8942191721090083,1.4439977836982267,1.3891735339045268,1.0494864551950256,1.5661954159461542,1.3568793335795482,1.0444626808163209,1.984665549882469,2.696843550123727,-1.8380556677336501,-1.4386537819025922,2.2879875573719324,2.918248237187401
3456,-0.9150628262420253,-0.6690863962285447,-0.6926587715443613,-0.43583954995190766,1.1413337186851031,1.1683262299427055,1.090008043693062,1.2353303763361527,-0.05135805705253291,1.0907322255010568,-1.7508438251156244,1.1545938403791323,1.4028444068072665,0.9480587906187615,1.8947920163078935,1.133677677254781,0.14690768778539193,1.8552819502028084,-0.6501987056380775,1.894792016307895,0.6025207150541655,2.018307436838625,-0.357043182912392,1.8352412831254645,-0.7992127411910352,0.6025207150541643,0.20038973328196014,0.20156024257311644,-0.6062769660814982,1.3343669289654991,0.13484867993276192,1.8391921220155567,2.1463531650980023,1.8817096927675494,0.9689975122172368,0.5664615628409514,1.135634097592335,1.0059698397730685,0.01654711769411252,-0.9730639901633819,-0.1901723167424233,-0.33214867068968795,-0.3871306888305114,-0.13175689008573482,-0.14482896682664995,-0.28513216520828755,-0.12305782646969042,-0.15683976116306095,-0.12057416595201928,0.8702056913176462,1.6399385742390609,1.1944969867525956,-0.0669046198598724,-0.009188850177271588,-0.040233045330199786,0.36880696619302966,0.8828777133185625,-2.086068432090628,-0.4836657045277972,0.4359168721167708,-1.724452162883371,-1.6134754288467943,1.2157782329694382,1.470657007814994,0.7121880022046375,0.793182580057835,0.2697759968966858,0.16676510358822322,-0.2120494723279019,0.5771877321879689,0.2483817304297044,-0.5183592278033257,-0.11355064327388188,0.06833198360137935,0.47511900550730757,-0.9727189157179237,-0.655519077385373,1.1088441790580044,0.8510780814674136,1.0294427964171768,0.13877401973008455,0.07849825970925267,-0.5314695124478023,1.332248550256924,1.3591042907237685,1.0151952481904534,1.6039605947854059,1.5355634881052755,0.9830897382681172,1.90017863726284,2.6749498842331714,-1.8377320056648574,-1.401047830163386,2.1498496342803266,2.7812967482759117
3457,-0.345340438248822,0.0646331117562806,-0.09449465084738233,-0.3164932139664063,1.0824534726484314,1.0984701052417865,1.1225477898382237,1.0560407817526194,-0.09096669608830425,1.4930327423352838,-1.7961031693182206,1.2315262937197722,1.4630480410375584,1.04521229579285,1.9533076250951347,0.23005250642653224,0.5754312537955997,1.3394675354769283,-0.21633383730199557,1.9533076250951367,1.069906591238765,1.3729880948030289,0.011887437296765495,1.5955174782428463,-0.6347589479474188,1.0699065912387677,1.2978582005227979,1.5347443685785611,1.129327326541441,0.05381531354692847,0.7225540526404821,1.3634705075165205,1.9277551376556696,1.9722306464248203,1.1177315445688538,0.6797362835431136,1.2662544267789557,1.0832672186940955,0.19425378769799964,-0.9020452959962967,0.4215596711550762,0.3284704281361077,0.03134843506442246,0.3032061477713272,0.2874196041623029,0.11550289388238064,0.2871873367639012,0.26143866245292524,0.3537378643102278,0.2514739733633809,1.7529412141158678,2.0609402152555214,0.2931420561641479,-0.08162788681119999,0.16780830113013565,0.21423425832993442,-0.18873363852382885,-1.999076037897034,-0.6170410785493367,0.37769485435643496,-1.4811325371845308,-1.5665035669146303,1.0572615161414276,1.5486594924829322,1.1284545439263771,0.5146941635558406,0.6402746809256996,-0.364126141788308,-0.34686561089827334,-0.3097277038584159,-0.15379492662850916,-0.7130652523626274,-0.6306962329336394,1.2123306353594594,0.03038696535190804,0.007390326030206803,0.03782227534069715,0.5012437445304815,0.5414974035020265,0.8811561255854774,0.14905686522699393,0.1175813886348311,-0.2732157448203363,1.226531812049318,1.2580592071020287,1.0568239307412182,1.5839375536088225,1.658889322836658,0.9353126540105609,1.83913265049779,2.635611424641132,-1.8293356835253627,-1.3573565916965116,2.0469759803114806,2.652304869417861
3458,-0.3180954048913365,-0.39268300576029014,-0.32521950787055537,-0.33913333690614056,1.1049513098444796,1.0841924461989059,1.028185102359632,1.1393084330003873,0.1621620237871863,1.3546153409675754,-1.9421107704556395,1.1414351646854966,1.3394815656005448,0.9858033900863851,1.6967583771281491,-0.4285212632701742,0.8284325780492234,0.7950491913709341,0.17072536334077473,1.6967583771281511,1.2984079694022328,0.7122795107290852,0.298441819338621,1.2260637996207429,-0.43479310371108454,1.2984079694022344,-0.4611504367925332,-0.8822428591445374,0.059475750608106434,-0.07743284609514352,-0.28053271747894043,0.7927373192070721,1.5635723937835457,1.750450802434326,1.0994841159914206,0.639636495332108,1.2590101853897238,1.020631242180043,0.241767572547773,-0.9444163245256056,1.4410461046411742,1.544195471055428,1.1533357452789943,1.2570109582764328,1.2739940516929953,1.1565678357522755,1.2632641052991613,1.32852407864436,1.5434982643744826,-0.031826267657903,1.3781714166426544,1.9520322043904355,0.10432327033504356,-0.030196693368368343,-0.07692944117554128,-0.02027036589676669,0.11726911482571506,-1.9453480521844093,-0.6974459886320072,0.19863988954467837,-1.492604350784467,-1.5382571599241799,0.9681404501043819,1.4411709546498874,1.098522052723336,0.060202251173971655,0.9619895664354466,0.8422097684008528,-0.7554748265971251,-0.3535930184419264,-0.42175373557074314,-0.621889177998947,-1.1312764788556187,-0.10084791287652183,1.943477666734566,-0.3987395609308873,1.4474618208930705,0.3581046613667606,-0.09186532629185606,0.285317301744429,-0.15996973045187382,-0.13926131741461792,0.17749024932987154,1.1552853357101966,1.1223245632494459,1.1501431044580046,1.6795078655360898,1.8299611958005297,0.8913751794789091,1.7916636909017274,2.551936627395698,-1.8106443337315188,-1.3181724548533507,1.9802107694277682,2.506090263961969
3459,3.6107139517217366,3.364988006631376,2.6821764428728545,2.4117469239923626,-0.4626126926587004,1.107282621631278,0.982632470396968,-0.4313662552130454,0.23269252169028154,1.498662019520114,-2.0312770984322297,3.02694466246206,2.8921315911144463,3.2345361364864633,3.189896799409881,3.281989273768692,2.1619326207255884,3.853530901415512,0.9619190535046804,3.189896799409883,2.513233382995663,3.546681924852822,1.2987362458633274,3.8159256042179943,-0.028120200851760254,2.513233382995669,4.807571661302481,5.512081766796288,5.405588002881186,-2.859986254311926,3.038283021094656,3.5267865014409057,3.8692411185434876,4.007819779855722,3.5667903079478362,3.0824863398567093,3.7396068078135705,3.3551400192342493,3.1671332714172906,1.0646722260793517,4.435429470891975,5.0544312819863695,5.125313145716713,5.310380745791312,5.559625544014038,5.910978062082365,5.715791970964097,6.104069632828779,6.4905519257103395,4.475729389490067,3.5909687823848735,3.8354875331857037,1.8575873778902678,2.1927362993018216,1.7093882900155153,2.7219254576606895,4.648287917105266,-2.145962798223303,-0.30069087033821107,0.8195343040673044,0.5491163367025339,-0.5338627273316118,2.6142140819286044,3.1630647729756,1.7922932903725333,-0.33235226177301125,0.6103918135705307,0.8560867496442119,-0.6104926600936333,-0.4262790214117586,-0.03657332137654547,-0.37109923323868677,-0.8118498673795805,-0.510618140359199,1.7290128206114648,-0.14330890555210984,1.5368557340631692,-0.017878845217778064,-0.35473478883026577,-0.42416670455699146,-0.2741735463122455,-0.247634905081326,0.2258189620647606,1.137325054333091,0.4864812463611536,0.8936856166830259,1.4642370894698407,2.120768988256461,0.5245526045189844,1.7587755367900963,2.4664389298367344,-1.7254772505832674,-1.3479825403787153,1.904246654072665,2.352842654548304
3460,2.37142833376005,2.158811518588542,2.211060908440458,1.9782578815266922,-0.5111343037595159,-0.48135357790545136,-0.5431024263568465,-0.515991997777687,0.4919472195864502,1.05126310501718,-1.5799812143155787,2.398189055382931,2.2340428394788763,2.6004249639622707,2.9077281992480004,-0.13325868030732893,2.637530257429659,1.746725190337599,1.701602680627764,2.9077281992480017,2.808005292582087,1.3384240318265763,1.895292222699316,2.36795893588586,0.4577360858551663,2.808005292582093,-0.6573231647430394,-1.517344266898929,-1.4424531120996236,-1.1162616562865963,0.060996620021910544,1.916798013960385,2.6780809385231863,2.881588202830348,2.798332846154098,2.4749425054291487,3.043947890669796,2.713636190744659,2.6774019977038352,0.7625118123857637,-0.6935697811749537,0.02275079550293372,0.15810506074798197,0.33190669907978765,0.5279631724180917,0.6045806592978924,0.6195982524508573,0.7323238087647109,0.8453437410276842,-0.6307497881517072,2.1882682330314025,3.117705623684322,1.9201061367542127,1.8484059667030905,1.9383300612210577,2.695750544729687,-0.2579566975405298,-2.2426044641322256,-0.02194848931434999,1.2232647575672295,0.7123472495295219,-0.5115844464672132,1.9394412255708824,2.526470358913406,1.7940471937731706,4.942334435823429,3.9978022443610786,4.006270916801095,0.1675171786112307,0.5880423516736382,-1.9469337914115505,1.290069131162583,-3.4717241623830004,-1.2954143927059958,4.200998489486121,-0.5614163770212527,3.7384464263051815,-0.9412790324740514,4.810505624505188,-0.8102672710106202,0.16644943006527024,-0.5127151787543641,-4.938604632961459,1.1010319391216403,0.19065937896860594,0.6932043928977472,-0.08255436751382712,2.2874228552077667,0.27309801709220477,1.7232681454924836,2.1699389505045406,-1.661877573296795,-1.3612369344479323,1.8041975123494833,2.1326560206048617
3461,1.9693297302926487,2.0307006426935645,2.2189879905234444,2.2101248304951304,-0.7109308607194075,-0.5167025681100815,-0.5761164493555841,-0.6795741588560544,0.11355967084683577,1.523714447596737,-1.7590135438196575,2.389366797552775,2.2232689592949555,2.594339746074713,2.4989673988617698,-0.6056099947334984,2.8723234089856646,1.2851850759066705,2.290305925635298,2.4989673988617715,2.8511384918329554,0.7199391664864093,2.338733054278737,2.0002776866806595,0.9793606219334067,2.8511384918329603,0.056244011007567256,-0.135666260552306,-0.48741614044837017,0.38308458157435615,-0.48797284681266184,1.4766947895886853,2.355355315895453,2.5666263842390173,2.7438859003023413,2.5152516842168815,3.005304191732935,2.700562937299072,2.85696712017022,0.986268252044476,-1.5683175968574703,-0.8690721861315375,-0.7592635617105793,-0.5772821801962239,-0.4264349534239829,-0.40247446853689783,-0.34049844957934566,-0.29907655680033796,-0.24695263093468467,0.40266616063155597,1.966850938562648,2.851082278577827,3.0044082134249237,1.6468569845473877,2.2993666165038267,2.9780211263792356,-0.023207004182871707,-2.364399746108226,0.37555571198555326,1.571631974244039,0.8358219239617652,-0.48946931031367735,2.1686822988859027,2.624353622301602,1.720346536996698,3.5779322899435915,2.760976657390072,3.2938735539213524,0.43583849412017306,0.30510243039524915,-1.9923340806127101,1.6885635705194477,-2.3379585547516815,-1.925727345066231,3.1848499927421234,0.09898044968845836,3.3217912257321993,-1.7979526769757657,3.6857178214217163,0.2097910755517452,0.4274532221029756,-0.13225049222924146,-3.615355318171613,1.1228655782039367,-0.06940142273819157,0.6297922753036896,-0.5199561515591257,2.426690246927469,-0.012660417903241733,1.6973087488389287,1.9044376928050823,-1.6059540453152488,-1.4125741087242842,1.724561109472667,1.8885487371469118
3462,2.1165391220981906,2.2521428143316946,2.2894739350609825,2.1546733885794076,-0.7085854215035412,-0.7113052717545997,-0.6878946192659329,-0.6726502435495512,0.16419241984504476,1.3345957573718514,-1.645404320878443,2.329548166168648,2.1729104506066754,2.5079150111545485,1.9981943791961418,-1.203139604402982,2.891326725335417,0.7243260279488033,2.657222537075351,1.9981943791961432,2.6990053299072416,-0.027700322408435455,2.588193486536208,1.5435919340274231,1.4765322037177002,2.699005329907246,0.2555929625814726,0.4317625573999399,0.27598831497217435,-0.05867246438157558,0.17135861636663588,0.8160319294631917,1.923534460945302,2.175188590002333,2.5504318079009196,2.4094577746419827,2.8056314969361797,2.5633509741211493,2.7255866722061164,0.9834792884196161,-1.6140455331158816,-0.9319473322540065,-0.8158533525658637,-0.6171764295423544,-0.41789832996234805,-0.3190256897792923,-0.3137709463702436,-0.25817549271833173,-0.19589272497481966,0.02472904792617189,1.8664066762420701,2.750110351068887,3.4315177637448264,1.871304936121528,3.5635837396539545,2.7744667126921145,0.22049833747987316,-2.402339936700895,0.7692481291590144,1.91008665534896,1.004043324632727,-0.4672195512702303,2.0629356514976904,2.538434743385917,1.797412915276085,2.6486339383959705,2.159784592825937,2.959073680534769,2.336718915044722,0.07693680153108838,-2.099466126898069,2.3646014618020184,-1.8769337117141585,-2.3067378551125954,1.0795495296004072,2.5060825029617333,3.1774316908137994,-2.8933918054788585,2.6088258967713474,-0.5586876949992948,0.25769908309963796,-0.18380380814338032,-2.689343615164855,1.1278873544532442,-0.2641744159004108,0.5911748981746902,-0.6809062780457512,2.3962223550199324,-0.19688274585028953,1.6211730660904573,1.646884047561065,-1.5514197924169166,-1.4516300613053754,1.6625729727189082,1.6903252711572987
3463,1.9723675939676508,1.846146335749085,2.135496711161468,2.014996693546307,-0.7743733885851078,-0.7230835439705969,-0.7401060667855394,-0.7597947693374717,-0.0016472185446458874,1.367259380457626,-1.5259117834503544,2.194946572506049,2.0414370986189967,2.351616147373192,1.4339467512175013,-1.438298177652022,2.784755945480512,0.16615401628245427,2.819715083346013,1.4339467512175033,2.4289478687289243,-0.692622342770993,2.6836354634867794,1.026316428237315,1.8979136199970073,2.4289478687289288,-0.15123223822993678,-0.5358329050126032,-0.14136505943111743,-0.01830335604733258,-1.0385081291366995,-0.03888736609964198,1.442094053842936,1.7468363412972832,2.3041588684084964,2.2452845752105,2.566730504870901,2.3564044791464336,2.5263198940665883,0.9026602123714075,-1.704882969121026,-1.1140945584177295,-1.006703866839222,-0.8212473819538825,-0.6279482431134419,-0.5519532317120672,-0.5220936315665421,-0.4805579409449228,-0.42501298804938537,-0.14108929414381322,1.8237262290233325,2.392421979224115,3.0987079183620034,1.6575482747216288,3.126216281035113,2.942399853211576,-0.17898848753852764,-2.3864813219535046,1.097931780624834,2.1728377903990648,1.4186619092926864,-0.4448439977564877,1.6948463158880482,2.3689347555501508,2.1053049095346346,2.032949532230827,1.9166684255720001,2.891067965775187,3.398473225633019,0.5254057363071238,-0.779963864571894,2.447358324668824,-1.7843448243600972,-2.6211789798064014,-0.20968785187028327,3.272331831026512,2.69704433390767,-2.364632083177719,2.076521124837528,-0.19314521477034055,0.3280104280584531,-0.016516324478554247,-2.0981249287621204,1.1221443696722169,-0.4706981695524177,0.5929953807581283,-0.7677687807689668,2.35433385648836,-0.35253357108650185,1.5550151061258926,1.5987268329805369,-1.5084235275289182,-1.4886903715574928,1.596209733007736,1.511636164169571
3464,1.7239238355496467,1.566750891105999,1.7341631237294919,1.6635782934269423,-0.7788630574874045,-0.7832690002601297,-0.7783064308362682,-0.7591522786593821,0.3503981729200009,1.0602609958668485,-1.442685388361517,1.7755377515124917,1.5427026634267005,1.9671201081416696,0.7102037687210406,-1.735506792512161,2.542484649778336,-0.5623815147714062,2.806668943387441,0.7102037687210413,2.015447699110952,-1.4211143915536213,2.6266118988234437,0.30393212717917106,2.202006883519059,2.015447699110955,-0.6679857631578211,-0.394225416780155,-0.32038878481483923,-0.27144538665181894,-0.6077953145934666,-0.39200697743904683,0.7354757113774405,1.1270222364903928,1.9090542964629464,1.9030508924754954,2.187440294603813,1.9985447989301182,2.149775445880205,0.6199261337688208,-0.8970349657686566,-1.120737585809904,-1.0166188801518927,-0.8364386052140119,-0.6483465879067978,-0.5792349607704063,-0.5396260670135031,-0.508201627459557,-0.45257912902584146,-0.5723653817265809,-0.39266264879109725,2.2012704678449193,2.7285357413782765,1.1564683184067186,2.6687397947523777,2.320979015674177,-0.29589140091569943,-2.310121870326658,1.3811679555706695,2.269920598867346,1.4489474886830074,-0.42228649167456156,1.2811214359081784,1.992237522918674,2.028233603110848,1.486491708127912,1.8619321219547604,2.4697073656131163,3.177100859382263,0.3598245172723723,-0.9938694662692483,2.905971505805521,-1.887680750037844,-2.0331025562747977,-0.6836945507132248,3.237935442894276,2.380979621829988,-2.9654274803758436,1.3348236180952635,-1.2012699128418063,-0.12223308019060812,-0.3749998328800213,-1.566380428093171,1.0988749351595484,-0.6058674835275017,0.5722208029894152,-0.7924417465240293,2.284981088625682,-0.47566129138967345,1.4754765957660274,1.5729935911233834,-1.4712861665312311,-1.5193010776816178,1.4903327379759082,1.3697928022125583
3465,1.4504525910724495,1.2247583995700586,1.2016508397939687,1.1100360366355209,-0.7399029920175285,-0.7546968544348864,-0.7622416512119032,-0.7602330221194195,0.02138998913543799,1.027365677458693,-1.2930291669033132,1.1160907095247803,0.7631943346734078,1.3815514543678535,-0.18121074228081469,-1.998886546755223,2.1547910864605235,-1.3477405783140861,2.6397498878727506,-0.18121074228081316,1.434611559781784,-2.0893966198098197,2.42163433059028,-0.5623945953253255,2.366768025509071,1.434611559781787,-0.9846808546147736,-0.5230710491333705,-0.39270356248240856,-1.0069884746058397,0.22074626913644407,-1.073395268569984,-0.06497280109392174,0.3490093182357115,1.3336826398358397,1.369519360562151,1.6752692061994907,1.4763923595384363,1.6093195573991845,0.1411859145084517,0.7796698053536221,-0.6667239990170208,-0.5683519553241825,-0.3856379016427999,-0.17539431442355624,-0.036965826918457886,-0.052163293338279994,-0.02506589969460997,0.046730990692170765,-1.0024162671319967,-0.5304274321626089,1.1790845618617136,2.1818044863260053,1.1310282454868508,2.051311043437245,1.437956017151535,-1.0471320177503178,-2.201409906050267,1.5396595355167326,2.1852177240572632,1.604812950529146,-0.3994847751937508,0.4931465540551425,1.4115011286094792,2.0742787346691567,1.066199575554933,0.4134627477334007,2.2310631621325205,2.750938754583264,-0.33857490622900704,-1.3531074624844301,2.257695396648294,-0.183564418558584,-3.193647710587064,-0.5963739109755868,3.325365408821667,2.657927770532904,-2.777228372235258,1.182475567807025,0.10808261863749706,0.14977040166712585,-0.03917951676847092,-1.150334612052046,1.0826804813093795,-0.7574847532894403,0.5891804089401647,-0.784584412896918,2.218044585480137,-0.5633217234978494,1.4162698032494867,1.5331513814785946,-1.4458436488597175,-1.5483813076667052,1.4187464985799763,1.2526691032932487
3466,1.0456734555448475,0.8943169852480367,1.1289527796577585,1.1128701034609534,-0.8030683009063027,-0.7187166821443463,-0.7689971915927349,-0.7741844976392669,-0.0048689876527404355,1.451637606456346,-1.075530379700732,1.1073353704866908,0.7673370189067731,1.3605989110405874,-0.6076595025990041,-0.9463789953347724,1.883571155047881,-0.9825355754878725,2.429392712448517,-0.6076595025990028,0.9751463296097693,-1.6371304257668466,2.245859017246934,-0.5586131692562375,2.4343568559377937,0.9751463296097711,-0.12994046564339878,-0.5297052480035385,-0.6259447585587051,0.08843235901188382,-1.0217371239750066,-0.7583388155676545,-0.21856622643066664,0.12124637286164645,1.2088483846804376,1.3285500499146357,1.6216543436702187,1.4236446810388463,1.6033311394368768,0.14391990367884022,-0.3651090214467387,-1.047820919082389,-0.9574212220720864,-0.754670566969177,-0.5911384383797222,-0.515002641723332,-0.4837978303842506,-0.4556944890034231,-0.395781669478638,0.014455704021748525,-0.7074611430743979,0.9259702750747456,1.9337288856994088,1.9864874711456844,1.954532823437703,1.30411912673614,-0.41074958071671586,-2.1049800143415616,1.6531218323196695,2.108817903182617,1.5951668231927416,-0.3763688717112453,0.513870795896692,1.3939547021457221,1.9776698547593647,0.8744041563902766,-0.22630612304801648,0.8522372373247566,2.0172326500450977,-0.4099069078846976,-1.9507250416172939,1.0470618425426335,0.5664389678283495,-1.6024867831156502,-1.5413828118176434,2.5257003879268214,1.234278616412953,-1.4919601326259442,0.879602697249805,-0.48155227392822386,0.14626667329582188,-0.013944086151316886,-0.9717104441484922,1.058670990255155,-0.9926334959852258,0.613228738288495,-0.7673338159486243,2.171765708669016,-0.6482025559049527,1.3658372762669009,1.4776891349483647,-1.4268077501429364,-1.575158520343929,1.3449363111882149,1.1502113703338899
3467,0.9252835254399812,0.9915882194093019,0.9844591457577838,0.8297972043380383,-0.5338489844451156,-0.8211858680529831,-0.6102542238880289,-0.8000470313740395,1.1000643268499424,0.43742923061167016,-1.3521793325240397,0.7547026286234841,0.3577493747442491,1.047631306422166,-0.9844972030766449,-0.860093931071404,1.5793385879197608,-1.1755980061734008,2.181034564831351,-0.9844972030766442,0.4896218959500307,-1.6844341150164492,2.0231903590364295,-0.9066523648340231,2.419473025918705,0.48962189595003186,-0.2814697480191405,0.15694454326155122,-0.19476070703050322,-0.34671127835549564,0.11135469940239502,-0.8413347086208294,-0.6474366496659608,-0.30030365075419535,0.8040054160678689,1.0372436414978452,1.3491105608021714,1.1394631841679173,1.3390128477044652,-0.10980316838716306,0.2413879266183159,-0.8432433818522769,-0.7467375326211632,-0.5264603635752347,-0.3892534822146562,-0.28619134710617816,-0.2750941849612797,-0.2566015745843191,-0.1849196576909067,-0.5426118960845604,-0.9355734080601263,0.6735879715971823,1.7343995647897092,2.306063540606118,1.5558793106029027,1.117121101061384,0.45979086579082074,-1.9982945817653601,1.755959235402383,1.9994663711284224,2.2791357068229328,-0.3528590062864426,-0.3020534245957069,1.0825782986275134,2.530175639716926,0.4647680575764956,-0.30570902733307587,0.33757641354885476,1.6564393607302994,1.1543800457925943,-1.973603503460882,0.6463722428267832,0.5348493200453399,-0.8556219826022049,-1.745633447487838,0.8577975896797065,-0.5899331452673133,0.35026565978893953,0.013632459737273426,-2.433603707192195,-1.064020471136389,-1.1313709522663722,-0.5318857447966697,1.0287567262753647,-1.0699077003780375,0.5485901869696396,-0.7170526818893324,2.1417168509135704,-0.7639320340585829,1.2757091607588766,1.4341919139352561,-1.407090540554421,-1.602891332388696,1.1681693174602001,1.0727113408834688
3468,0.860412628786671,0.8234484321042574,0.6084491131493462,0.9428481958674291,-0.48700985305348277,-0.5889792102206164,-0.5431910611648088,-0.5695598920718944,1.1923304140660944,0.33752273721476655,-1.6582077887802176,0.8407088678355489,0.48380036827674605,1.113507300043366,-0.9995700742463444,-0.042430094876546684,1.3924181953686214,-0.716520802486041,1.9497479268866331,-0.9995700742463437,0.16499245981478652,-1.1448756002356477,1.8497049706524913,-0.7034397160354506,2.3582793111861027,0.16499245981478633,-0.7542268074953373,-0.29715921298944087,-0.10971887743007447,0.12152962571864227,1.1724982256882903,-0.32743946210987074,-0.6625736130632458,-0.3043012165897769,0.7452102192115033,1.0863747336975487,1.3906566685079085,1.1795161378397279,1.4433642667187145,-0.005219909877075589,0.20187473594775032,-0.7428341106555231,-0.6974333603889623,-0.46125643970379815,-0.3512473350606583,-0.22469317112817896,-0.22155697250422068,-0.2108045929510541,-0.0942619996908452,0.20139519096838823,-0.8063737794633611,0.7464718225242691,1.5630608306287022,2.2526739242872726,1.0769523423359044,1.3296776472690939,0.3331570663536496,-1.8142240047896518,1.8826308511893382,1.7582519251527289,1.6130854832736923,-0.3288628877620393,0.2330335992763492,1.157166594769854,1.8724716217403787,0.1987007769924087,-0.016440407773831527,-0.04161414012469531,1.3940439027565201,1.9803832152015808,-2.0637291563001985,0.3428057997397602,0.08448507442044281,0.04917521399193037,-1.8629188653203095,-0.14864388256829372,-1.679049327195044,1.4565087833160009,0.17531214791247904,-0.4252177365051209,-1.202782130370449,-1.2231383251355499,-0.26452706232113565,0.9871357240167901,-1.208528878897253,0.4453264160411223,-0.6250092890844142,2.161993151047193,-0.9849487405678576,1.1776694896657276,1.3904385496053056,-1.3888086995746347,-1.6178025222396146,0.9912149901890389,0.9960094823737282
3469,0.9027817609815529,0.7949731091663459,0.8763081791950537,0.85563558018508,-0.5221146682821702,-0.5208966005240998,-0.5304684697953815,-0.5091217151872762,0.8604069740417135,0.16635690806872216,-1.7624628985411372,0.7126978494116147,0.33845338099942374,0.9960323660820075,-0.9982644300184134,-0.0036911445274981254,1.2175811582407898,-0.6939794332159959,1.7339167810004756,-0.9982644300184125,-0.1166530391986611,-0.9901810125938563,1.6754394565414237,-0.7683922826643727,2.263753031195512,-0.11665303919866127,0.533046001112158,-0.05950677445937551,0.06081222695328262,-0.2732850797095694,-0.37785042558244575,-0.207804801543416,-0.6221963033822563,-0.4852514704160079,0.5220465495560923,0.9504840622512102,1.280624163112053,1.0586839323731967,1.3552988222276867,-0.07840811343381328,-0.38646208933903714,-0.36496446793768494,-0.8519835992095881,-0.6423625964048117,-0.5245355074265131,-0.4278006212700489,-0.40446813493319045,-0.3910691899619329,-0.2854055805540459,-0.18265174851114965,-0.645484299524305,-0.7468159027063073,1.5432017578645518,2.120835623723575,1.3115155035800523,1.285283366029295,-0.017477782228549007,-1.520025806861941,1.9226897753490249,1.5370677762649696,1.5724160442028812,-0.30427209134709815,0.12831764769297535,1.0405343544164476,1.8071114969396354,-0.09449633149307424,-0.0527223747494259,0.030818439723188658,1.1708715593157335,2.0949289756915936,-1.61935381865547,0.5944276864429118,0.03618069530386571,-0.10569073392896983,-1.4735035110045986,-0.5332429241745739,-1.7081755715351497,1.338897391988864,0.017381311965286833,0.16116049572207167,-0.906444973804674,-0.8860888799860667,0.017266389418396984,0.9416895684765643,-1.3967679575330014,0.2598464410946301,-0.6230936066352389,2.1399388781642874,-1.1546937508979254,1.1001780238240326,1.39362762887107,-1.375416249162738,-1.6098728522697874,0.8590310425774965,0.9324160849917088
3470,0.7028358197108505,0.7619179940877373,0.8770004538261267,0.7562166544680197,-0.4420035610232696,-0.5223876424998886,-0.4722106247829672,-0.5085247475363909,1.3475375202977977,-0.714309445856512,-1.783786106132293,0.5729758250727378,0.17398448156022228,0.8720428790368315,-0.9880028951192618,0.009806083273038967,1.0519409476602497,-0.6808898841410463,1.5321185201524605,-0.9880028951192608,-0.3597959579633728,-0.8511459845844209,1.502589718751041,-0.820110028970872,2.146104788970157,-0.35979595796337166,-0.0037896386809517404,-0.06712465555812804,-0.33721502749295634,0.05410987760290968,-0.5656522692686907,-0.25972629064610486,-0.6212389168292237,-0.6657486359139805,0.3045541328167785,0.8145396067711719,1.167646661443357,0.939458065327808,1.257441336176027,-0.1629726797173242,0.1303514170840488,0.08533753172374463,-0.6702078570710542,-0.5008772045306906,-0.39334285123914514,-0.26950176759353683,-0.26865628457157736,-0.2540459731857533,-0.1343534671734554,-0.2044443455473838,-0.3048569229196303,-0.6021333096230026,0.8779614588255897,1.9072845236964424,1.4632330052879423,1.3829029982625134,0.6476829493940752,-1.2166051673580394,1.9141678004331333,1.3366453415994233,1.532529264833913,-0.2789571489882082,0.009431014681487198,0.9203218982676221,1.7486410677211037,-0.34125659198312686,-0.2174228633040895,-0.14728418364657964,1.174883092554134,1.992798692851093,-1.8866805948435277,0.5912038445003779,0.16484019855800078,0.009512634938412114,-1.6756027384471555,-0.47242890576550384,-1.8023038651821641,1.2809437531143655,-0.4903353295368736,-1.0024456581053045,-1.447888677689693,-1.3779848064300946,0.2712262722507237,0.8333129136525071,-1.3267849710065025,-0.05648074920757152,-0.6485031666410622,2.069560168489644,-1.2913226070071633,0.9995382900452673,1.3964753272481307,-1.364346494940867,-1.5960123140176499,0.6732640383807186,0.873927961834392
3471,0.6917538082325841,0.6933330675470089,0.7488418744179898,0.6408717263322384,-0.4414607099568958,-0.45651142746711637,-0.4973775983885509,-0.44954657419280647,0.7022777911538399,-0.16054479348571582,-1.766369539838438,0.4147678770262026,-0.017730405718070788,0.7366134191239848,-0.9803886850238722,0.00025436575332494306,0.8909982377343686,-0.6872380083375592,1.341595844946063,-0.9803886850238714,-0.5708645672520348,-0.7411034344873569,1.3307654752544718,-0.8710786927024987,2.0127541956086343,-0.5708645672520336,-0.26379641415401117,-0.12419611089129594,-0.028351370111707505,-0.257572072359986,-0.2667661088616757,-0.2984718172629777,-0.600444297818185,-0.6591079221723344,0.09269676461512084,0.6863515832570147,1.0473055068991584,0.8153176319970665,1.146917800457778,-0.26312008243264007,-0.0889535269261172,-0.007389962358860481,-0.17244595168032484,-0.5377436285981586,-0.43411723514201117,-0.3053431834318609,-0.3116318607286583,-0.29302367578028804,-0.1806607488035316,-0.23952895402402113,-0.407322184973805,-0.8000340627422443,0.5760904732588751,1.6075308742440362,1.6725589344673706,1.1662264713307906,-0.8242752038991256,-0.8858188504902788,1.8529125990974262,1.1130187639566276,1.3515269479216494,-0.252760742110696,-0.03238537169212253,0.7920684006757841,1.5552651135412063,-0.5457159270183942,-0.585615144275847,-0.35861599580324166,0.2613962137109932,1.7074822441606932,-2.003108891323983,0.770269039121872,0.5646041363946475,-0.03757028612998572,-0.7605412929221448,-1.2774568117186558,-1.7591244671421693,0.8571915447232578,-0.3376712068591878,0.631140417262299,-0.811683104518282,-0.7226139719713528,0.47299315162800054,0.7538977400301397,-1.147100999039034,-0.46022858135962125,-0.6445092970004466,1.9803399910400352,-1.396392420602243,0.9348623985920507,1.392658356605529,-1.360276620176571,-1.5832920994297712,0.5740453853144569,0.821484468599198
3472,0.5386415836019715,0.37392740986099066,0.3543653808434198,0.24727682186296604,-0.4529897165817677,-0.45757664243122154,-0.4729611376481475,-0.4294025557424155,0.6033171529425445,0.04586992912133056,-1.9036621693217755,-0.10185778884193963,-0.6340077755928031,0.30920405844115945,-1.1712069442119906,-0.49553736945194665,0.636683510157566,-1.1081212028862109,1.1247005919271218,-1.1712069442119908,-0.8598674423272873,-1.019558489883107,1.0992773602246364,-1.2400751135363337,1.85431943446793,-0.8598674423272878,-0.8146282321328314,-0.5559832825971084,-0.2654446281543587,-0.9693907805911227,0.11654688694271347,-0.816910409263895,-0.8466213023961726,-0.9306931336469997,-0.3518000113283806,0.3093938718851746,0.7184186269188368,0.4698179062735787,0.7986222551594234,-0.6280495752304752,0.2903956003586621,0.28456264041361656,0.2595605060856175,-0.38318199312069706,-0.29193459398145927,-0.11782270828612283,-0.1503062337266581,-0.13662984375663034,-0.010785606472268568,-0.811287786951164,-0.5076436296188307,-1.0256898231866893,0.27907452232846075,1.3635715865083347,1.581215814605138,0.9500226107698586,-1.0876972805362004,-0.5608513909894017,1.7406720467141539,0.7677564801819878,1.1200100913780866,-0.22548803632791284,-0.4134132862898329,0.3841798085001494,1.3088289937493385,-0.7081693735463443,-0.6270718398234021,-0.1182016579942037,-0.25500851607972275,1.240306952210425,-2.049455817735909,0.5164155481512455,0.5668420936369959,-0.47411882445725234,0.1834115935833587,-1.4216022377663111,-1.142516559098977,0.6920351017460143,-0.6556383208307821,-0.09413824144585493,-0.7347981664493103,-0.6222289135830795,0.6325530985389339,0.652363397265804,-0.8170218914087801,-0.9232076683942664,-0.6213153374621615,1.8965265189510307,-1.4451839898188457,0.873660688800437,1.3922074094832495,-1.371959541973157,-1.5552053366482441,0.4778962397248079,0.7658788663664459
3473,0.055971026298265954,-0.03694293275837408,-0.04731231649112357,0.13440640621581096,-0.5135612211478119,-0.4500324967781633,-0.40161938188676005,-0.46156480162543884,0.29069543478770143,0.5712532728967546,-1.8062459338909176,-0.24972297770770643,-0.7895520662564415,0.1795644828537745,-1.2045306650674945,-0.11177964175090693,0.42505388959113877,-0.9165003422386665,0.9056915134378444,-1.204530665067495,-1.0646685074717546,-0.7402072483134602,0.8839247936788597,-1.1654519653306012,1.6814548512786551,-1.064668507471755,-0.8406820322657343,-0.7189661494353722,-0.8183938047231618,0.22315105679508004,0.052554539053605104,-0.733375662023751,-0.7767031131833726,-0.8908688865373539,-0.5301051698212547,0.19159972379988174,0.6077553992272673,0.3509737181832702,0.7067137880575175,-0.7230740753582074,0.4561642759670148,0.37101980670635487,0.3936895911874605,-0.3031730418131755,-0.2190680467486003,-0.015444098034263647,-0.06363196272150644,-0.04644325919833792,0.08988223768932523,-0.24403940671098065,-0.6921010497568147,-1.0429540880419192,0.22258519539407678,1.0915349172651096,1.3817639481283468,0.9797933538700515,-0.7644158674254204,-0.2690952198498172,1.6248756852153106,0.5172162209827572,0.7942829429616466,-0.1968925844352739,-0.35032897993629875,0.25268830046853136,0.9698864287031155,-0.6117745566132033,-0.5300123451848407,0.24502721487448795,-0.6616880460180191,0.8362899984213705,-1.953989636789147,0.1916240934951368,0.47534244457595887,-0.9610736413420228,1.1414693640497888,-1.481527020674114,-0.4700677705816374,0.6369877188019777,-0.48708229795827496,0.20880745559729205,-0.3971696634529505,-0.3063284559515798,0.5301775752023951,0.5283254681156208,-0.5374726959570045,-1.1567950653438746,-0.5688001824058785,1.8244383832767777,-1.479307663552615,0.8204876600529305,1.3798410356075161,-1.3973668434634336,-1.5205150609047846,0.40517033105506217,0.7090809630209752
3474,0.06492045903800882,0.10615820879568925,0.23585272808137983,0.3032883467502137,-0.5572307205090885,-0.5135761577891661,-0.5471219948813868,-0.5323890179530665,0.14427353138747442,0.9365995589085842,-1.640748749105193,-0.009357850454259242,-0.41725247207415417,0.3538686713424101,-0.9616886606390822,0.5937316786877439,0.34413030278125156,-0.3522937426702969,0.7313008697079793,-0.9616886606390819,-1.0916663021680586,-0.1287220286196082,0.7441140506888031,-0.7586611840871844,1.514974729821155,-1.0916663021680584,0.5844776884712314,0.23838505635830262,0.002037217694880059,0.727204606134107,-0.7003384718447091,-0.21528962427486445,-0.4423965433845855,-0.5814522148254705,-0.46770089338609716,0.33727324174593576,0.7167853553121096,0.4667609818630719,0.864074377200957,-0.5528072266175601,-0.8298506400423674,-0.5666120526447819,-0.47907541909559553,-0.769729335820676,-0.6613553100532442,-0.5687240667337401,-0.5424299080460897,-0.5233826755416306,-0.4467879399957117,0.3419039891586174,-0.4823521056493675,-0.7838362109702669,-1.0070166687981954,1.2544609649263223,1.215505686670064,1.1199179361916956,0.03394757010284826,0.07985017950209361,1.4662943599862082,0.23123969461844304,0.7014943971243508,-0.1666551212677777,-0.055037348205579734,0.40980052146734236,0.8515515873059472,-0.7591725249571506,-0.29093733730090016,0.32657054359742643,-0.7443042496167949,0.3876127743239077,-1.8292217256639904,0.19878703914335158,0.12245419844656379,-0.8586482639095776,1.364142739248778,-1.1527652583513042,-0.014525065817618633,0.18337225535951304,-0.6882788839506319,-0.0693130977619103,-0.2698759032573172,-0.1587434563919037,0.6706451315921036,0.3124418460295613,-0.3055132546214212,-1.4793898450321668,-0.49444093999918254,1.7679084265468357,-1.5583153804283776,0.7731921948854372,1.3579305217376239,-1.4266526862005284,-1.5018385005064612,0.3456468808975891,0.6576267912813918
3475,0.4004085422394248,0.6179605089829252,0.6491782148674072,0.7213110343684336,-0.572154518499054,-0.5508057702407209,-0.6180547914382969,-0.5693063585936682,0.022350473434582272,1.1875061293186076,-1.7101557881277742,0.55109208381817,0.360708791160145,0.7892899997321933,-0.45611534943647386,1.2642420105939298,0.4409506132980735,0.3944920074822903,0.6502949779884143,-0.4561153494364739,-0.9108688007537743,0.620710175165915,0.7237201293827735,-0.13155632854057173,1.3807820108268714,-0.9108688007537752,0.8461440270216912,0.8765074224731526,0.558398721739664,0.9300728869026831,-0.15124672180559084,0.5822307630429141,0.07077882499437502,-0.05743057101201733,-0.1640669128372337,0.6886707124042621,1.0156960609583503,0.7949004265482958,1.2303851405307222,-0.14123817037938913,-0.6531711455384622,-0.4506088439459674,-0.430150772623692,-0.7283503691501575,-0.6306986006346545,-0.5342951453471896,-0.5165392515959538,-0.49812675092935743,-0.42019710923713366,0.8588024812154701,-0.05132059965774593,-0.25110063068485666,-0.5947642048574485,0.9022697735431485,1.6308467156203628,1.3420258366921023,0.7069015595718511,0.42829649360042893,1.3207175592666016,0.0651443476740012,0.7052815937617312,-0.13435049688260955,0.5230363778633582,0.838094231514519,0.8265936364073677,-0.855332723702114,-0.4557830369990227,-0.014015167900703077,0.15593685472692106,0.6873516113597418,-1.6689617652202873,0.4376912308573328,0.30014460549968386,-0.4799250825438207,-0.2236075211366892,-0.44036289029011283,-0.6088812584000594,0.2438419696196507,-0.7925403345469358,-0.11524173838564251,-0.16038659312258055,-0.03541583852003291,0.7649709190407367,0.11386587857940787,-0.2088829390863331,-1.5993926338712545,-0.3947296934074935,1.707645408463292,-1.637775461404495,0.729930104921064,1.337734533745728,-1.4442460828479011,-1.5004373724997029,0.2854244475977481,0.6010846781325269
3476,0.6962042147549111,0.7607627735541642,0.8117855921497712,0.9185283624072251,-0.5202114572198452,-0.600322818454273,-0.5802857966865335,-0.5240597607504236,0.1317151410958398,1.2149727275584252,-1.7613496997042648,0.7932170452971431,0.673835643430064,0.9811714040534086,-0.05856499423636054,0.9894582956777682,0.5701086112597665,0.5249667533258291,0.6431402166340615,-0.05856499423636008,-0.6939330347115159,0.7604989365698781,0.7476373536467061,0.10003975047866562,1.2813188135480047,-0.6939330347115166,0.3270741481451485,0.2344103543147047,0.4862518402105924,0.5894335703476892,-0.25506322879904236,0.8485785652428931,0.32078079604814047,0.20841336771024793,-0.043291266719720126,0.7965663438826561,1.1398244154072086,0.9344309908003062,1.3920650870617213,0.0628500227137512,0.03162911431618721,-0.012393919635980775,-0.02485836732303376,-0.4953091625404545,-0.3978965666889254,-0.2690768693092828,-0.28994657158460285,-0.2752885859298114,-0.1701228331867445,0.40204806581822816,0.21583038278736225,-0.14123611464057065,-0.6125912733479204,0.7804442055893596,1.6423462156782391,1.2290433486478816,0.4092120137992844,0.8782527472415147,1.082609327136642,-0.035413485938857805,0.6199403090686326,-0.09939386205989637,0.8645760344806647,1.0410341686569056,0.7131488060934116,-0.6709045091995192,-0.7948748545349439,-0.7025141424660152,-0.33297647583504064,0.1671412764913157,-1.6552773697019054,0.8572220780153585,0.7933424420900692,0.29154527071602576,-0.4212922745889084,-0.508261426518907,-0.8382089176515689,-0.7727957287192371,-0.6967678405886232,-0.48890477716871916,-0.24496722783987582,-0.1451805947856479,0.5909242150215542,-0.14009885576902173,-0.1755191995887062,-1.564201126501837,-0.2988072927465234,1.6501266567242272,-1.7295742249512278,0.6801003197823008,1.3043680646658409,-1.450821641871271,-1.4950070226557517,0.20948769654260307,0.51841634308366
3477,0.8170919217643255,0.7341062117676435,0.8431518430267212,0.7672930208984744,-0.5032786505992681,-0.5348504986812666,-0.5576132654214503,-0.5184112039322161,0.21670682589932594,1.1905190083783304,-1.6090966237443987,0.5651253482272751,0.3834181966516791,0.7977168139440816,-0.012175131035287275,0.1155816947445023,0.5880881083561452,0.05752221487759161,0.645169219853425,-0.012175131035286932,-0.6013515573364522,0.32435567691716705,0.7249393667278435,-0.14719040675850642,1.197969579418335,-0.6013515573364517,0.060737829882261216,-0.05432089544652056,0.19370891877776164,-0.26550214657592164,-0.5732602045165818,0.371617929014935,0.15770473260331427,0.08274363162697443,-0.2235733465783534,0.5636520287171225,0.9910620061291353,0.7833658065771578,1.2515422789626134,-0.07389737675301275,-0.28439987074899614,-0.3016790102940767,-0.2683118107276096,-0.6409299240588937,-0.5244906632401827,-0.44741870603499057,-0.43614747672467186,-0.4292862736985212,-0.34436666718992376,-0.31427292616518493,0.42878853108665194,-0.06773427700809391,-0.7016861319652974,0.6202365775248987,1.6879119603345958,1.3232514695988769,-0.32751791967813015,1.1188160332822714,0.9631133504368464,-0.12725358618986035,0.6880023810464444,-0.06838692052163543,0.6136414144548332,0.8751461372593486,0.7562687727424041,-0.7587509789089285,-0.8581050409744391,-0.9117770522469414,-0.38337582884839666,-0.05912623498842018,-1.5349520503712273,0.7691307699916426,0.8454932289709678,0.5721645276077599,-0.617199369927448,-0.3635820748800651,-0.8534797490273712,-0.9237655616983937,-0.7722659149309069,-0.4236979779504662,-0.34802727978940967,-0.23098096152438136,0.6807501984782083,-0.196814010539188,0.13266545621278514,-1.437941650026302,-0.17447589130965144,1.5897174759478943,-1.7698266485711716,0.6270689774208554,1.2607619154917056,-1.4681103790296957,-1.4800530637862932,0.13895179439215347,0.45804598309243194
3478,0.7314998193359413,1.038796824848268,1.0065835950908044,0.9778987333472474,-0.6108372632002415,-0.515372974962411,-0.5816224355745737,-0.5765036190719269,0.3356580883433881,1.0064565140074657,-1.3814721102646126,0.8473548829413805,0.7442113701764415,1.022785382033985,0.14044985744476932,0.38139292884734616,0.672452507137643,0.3192101506551151,0.6774540786827321,0.1404498574447699,-0.44915773032519263,0.543794410447797,0.7527570751859296,0.10021631715388114,1.1391594616897107,-0.4491577303251923,0.32483281795722074,0.5101233293152907,-0.15542043417205945,0.6577737395840582,0.20459322228048965,0.44920520230472105,0.39490399382953645,0.3125977208594502,-0.09359753769505551,0.6664534979265517,1.129053201484294,0.9533366328183973,1.423049657698601,0.1395336622909036,0.473972615420859,0.08512085099399125,0.053072157242637516,-0.4179747523759032,-0.3350459337543787,-0.23052245640726937,-0.2553908141760605,-0.253876930565769,-0.1471023019524215,0.4229565241661729,0.7117578677719335,-0.005674326464035619,-0.5499292454555049,0.7759715891219312,2.0607543088165596,1.9295775283909062,0.6391299299204125,1.295960789266183,0.889255691232391,-0.09577804810284464,0.8472428184890344,-0.03782260868654325,0.8052963790630318,1.1173144369341952,0.9061468915187832,-0.8657359578712551,-0.6806660488300138,-0.9630576731126832,-0.26057167387725483,-0.3055829849590418,-1.3747517421342772,0.9451777405894742,0.5833845798149102,0.8644846598789988,-0.8520443247739831,-0.012757175301720141,-0.6960923462164468,-1.397661021284199,-0.8894843746568633,-0.5473324728765074,-0.48893957926856046,-0.35396120010845483,0.7726132463946969,-0.22032066864664485,0.3929861467708827,-1.2214188415509286,-0.21796259633768772,1.5335354854809933,-1.7812301892296223,0.5698147282262397,1.2306227789154793,-1.480871388880722,-1.479562156419827,0.048755537915274635,0.43467410270099605
3479,1.2659691647329385,1.1910855726589233,1.3414864762771468,1.356341710409445,-0.7518885575505591,-0.6092528376966969,-0.6702232861914931,-0.7093223935943523,-0.09608536991308604,1.8151414737215823,-1.1197371195725352,1.2956656017469472,1.2640107928763844,1.4011712952293225,0.45031867386344343,0.7762230230421765,0.8659057763566389,0.7642822781594238,0.7698001183086998,0.4503186738634445,-0.19216354975412517,0.9127070401829578,0.8633823744054752,0.5209330875995046,1.1187125143917642,-0.19216354975412459,0.6968181719531601,0.2571160682317743,0.88587977866564,0.1438652145288002,-0.763838160342448,0.7764457294866561,0.7841610463675134,0.6742541431001045,0.29512691631303595,0.922422522561438,1.4029922321575723,1.2664096164364897,1.7243391642345385,0.5323840403898336,1.1640346011312663,0.763233309467187,0.7364717958320388,0.5175948287582555,0.04189720367287505,0.23175060809393455,0.138893618666479,0.12454193868777681,0.2871116123706194,0.8045326246654785,0.9005146704544462,0.2854413633355716,-0.17027270462782815,-0.45134544908617913,1.86556628707404,2.028490754749218,0.05259945032713638,1.4655162578551508,0.8448987220452282,-0.0047405750498501955,1.0572310548391457,-0.005169363600032088,1.1983989331395817,1.5463111986640885,1.1274885227081224,-0.8855179678451474,-0.2751572437877271,-0.9418454506459574,-0.4482214518243007,-0.007418579252063806,-0.7745756351106189,2.0462071172594785,0.05644159521809809,1.2989135904043685,-0.5909971204057539,-0.49933986474954184,-0.9357958301907107,-2.3376050255137732,-0.7233164274926317,0.2548899742219977,-0.048719446252732376,0.08043619489229634,0.7744970298361997,-0.012369246739464542,0.6867879543499091,-0.7516757056661866,-0.2740956970550525,1.4896992081045557,-1.8047610042678643,0.5257730897673895,1.2250694744949588,-1.4887386213817535,-1.4814371850621104,-0.010555162979903452,0.4492899958759737
3480,1.2685773861799607,1.1540652041976638,1.1508272107395348,1.0701101706132932,-0.7979225668760668,-0.753685023785275,-0.775893479364194,-0.7534270862722316,-0.14959768657421904,1.6481369285799057,-1.132906924786771,0.8295223192438356,0.6685257300618619,1.0387004274613485,0.287407987574669,-0.4075323364811607,0.8670804822670498,-0.027544424595481804,0.832884088616083,0.2874079875746696,-0.1514695878911543,0.14491448749656122,0.8749190707658301,0.007579587822210502,1.10592601302648,-0.15146958789115314,-0.38368162003017225,-0.06477006801325351,0.010036239879331672,-0.7957363124720561,0.042790139086249006,0.10898705342251123,0.416363474078728,0.3633725096366563,0.06490002764815522,0.5538035368917802,1.1399090716993943,0.9950500288026639,1.4632435061875924,0.2611010238600729,0.33591871499747505,0.3674737110910154,0.38022917316915444,0.35195614643385204,-0.13138103807458065,0.02334186272281592,-0.026685144302700307,-0.04695144028945675,0.100137966320268,-0.5936595788307565,0.2885568396030307,0.17244140330157579,-0.03704329970427289,-0.41770402833628734,1.8545292589758906,1.7387215629716497,-0.5208061595514506,1.673055443648678,0.7019739718503314,0.00524285927459111,1.380556849785395,0.01934952975922647,0.5558939639614923,1.227407053110826,1.4825448398266303,-0.7040045678492979,0.08337467593278414,-0.6755444977102057,-0.8543565245893143,-0.8061100682843138,-0.8900922422203543,2.39122304718068,-0.3431889147671252,1.2410181596984784,0.31071906162604873,-0.24451620586306616,0.013413769822676077,-3.3555311083276753,-0.6701058151924439,-0.3789276583195171,0.03548698533569943,0.13352180753436313,0.5898301280208819,0.14258306827692788,1.0076418642720262,0.5907535514226749,-0.8138545544925195,1.4459720349847207,-1.7916070848678018,0.48009364968732743,1.2255702938083957,-1.5070862992486118,-1.478969458309258,-0.05671888633027817,0.4487827310252117
3481,0.9435059268784745,0.8942625996738619,0.972237437316603,1.112952576183565,-0.7941242945865684,-0.807518690763375,-0.8023742393967586,-0.7513711652495165,-0.21766369823879797,1.7176984981070118,-1.0548186317046875,0.8973586368488774,0.7582230604193487,1.0869111509048166,0.18957338288323644,-0.2447279186630392,0.8739239327297378,-0.004352880626430412,0.8784582599539883,0.18957338288323722,-0.11565368875637856,0.12723730723560214,0.8890643256974062,0.017476717071432793,1.0999381162124207,-0.11565368875637898,-0.3754278769597368,-0.4548637680111587,-0.5521557521670767,0.43425526830643557,-0.42342501767611784,0.11832132908423137,0.41370441728274576,0.3884339863383847,0.14728428662705215,0.507109765539015,1.1469201065958439,1.028239015285215,1.4797103501913238,0.315772473600003,-1.062949442667653,-0.699023004257591,-0.653045872852606,-0.533889164506926,-0.6775827434130153,-0.624659065246285,-0.5897436311164025,-0.590132330721444,-0.5240784445949291,0.08965200009941242,0.15754407003645754,0.2728279241905915,-0.016796312249961604,-0.5342271945207143,1.748706084395916,2.1076580395770708,-0.008429218847025183,1.650239569243846,0.5755199501180328,-0.05654796532617712,1.3595497946151154,0.044916052881288644,0.6278932840084804,1.2828054854838251,1.4708016734512783,-0.7275333078854216,-0.4329228732207333,-0.7441149659423423,-0.9403291638930958,-0.9898020658752621,-0.766683107449489,2.026121146882041,0.30927789249325266,0.7844556034792284,0.344364249645157,-0.18073710118538,0.10104521991963122,-2.987732441551621,-0.6887693416446293,-0.35305538760078925,0.1007202824702064,0.20251482340508747,0.6149768735521473,0.126642362597738,1.0147128719290262,0.7293816107635744,-0.6928178616093189,1.4025335854902201,-1.768236066804223,0.44014874350363553,1.2232176812954223,-1.536051647047941,-1.4488300746240237,-0.07168716235052108,0.4537171272027405
3482,1.0669990385903376,1.151501800590556,1.301309473246868,1.2034255109870524,-0.8074152143309332,-0.7993524503274466,-0.8203089305683422,-0.7748717854070682,-0.3389719852282062,1.764976851930336,-1.0348256830861033,1.0271108828355993,0.9240482237933321,1.184483368210095,0.17151649591519944,-0.04557151236887864,0.9028677714661095,0.09708974045144665,0.9201972746543349,0.1715164959152002,-0.06248704876058681,0.18915697453544106,0.9167929428795337,0.0935213743181332,1.1024540461979457,-0.062487048760586396,0.7043072366218601,0.4412917357942116,0.20130026911483742,0.3403405064607372,-0.8351671876986448,0.13714312691424368,0.41671330332063894,0.4526012938531008,0.2767511506915361,0.5056864368962617,1.1950725495882983,1.097845702152879,1.5273348280434607,0.42486357777718464,-0.4321241711697773,-0.1850071220264639,-0.19228483712415004,-0.14536769931216142,-0.4425411421695273,-0.34876903844752194,-0.35203453317385724,-0.3610876391287795,-0.2667119424185389,0.20495858629083127,0.3738330033727286,0.5867383225552993,0.20403893859758773,-0.4814977159826729,1.5265359749387337,2.669087844706024,0.1371420643083859,1.6028665214139293,0.541469681080921,-0.006194263049004735,1.6074760123741496,0.07168745079748313,0.5683850565306954,1.3871752928584875,1.7670632346257495,-0.8512625129804989,-0.7212828073211576,-0.6279679411201652,-0.9341958264538083,-0.8622556972306977,-0.7839350576539654,2.5528904732214444,0.6372241958290306,0.2656482669720005,0.4928074986154128,-0.300897941110094,0.1106268339728398,-3.277525371338724,-0.7923489001976995,-0.26336216294099585,0.2035346044243415,0.32508974797178847,0.7375740296159738,0.20137575051914422,0.9340642267385469,0.7487594702986169,-0.9558063350048824,1.3625710615024038,-1.759582145888035,0.4017325626079811,1.2138905983076742,-1.5735284533303198,-1.43392004542602,-0.09340919598484815,0.48415466595790424
3483,1.0891743415600326,1.0008986799648953,1.0819879307966156,1.0226870163072244,-0.7440726864924735,-0.8331179623773416,-0.818942257303514,-0.7637877551475086,-0.34312030150389783,1.6098432105224232,-0.8241005927370089,0.706657337350387,0.512941630789354,0.9350237793854654,-0.017211092161231543,-0.4818128961930021,0.8323746345953955,-0.28666603650146183,0.9223471978714983,-0.01721109216123091,-0.11329178551315483,-0.18304102448884754,0.8816090772346649,-0.19868877062405396,1.0968462615374397,-0.11329178551315486,-0.44617591090269365,-0.25780072648665686,0.03901722481644069,-0.3353381197138503,-0.4753709241723966,-0.22178265824218174,0.10914096486424167,0.2312056909517608,0.15303028873822921,0.2490039245342777,1.017077099569982,0.9155784527389775,1.3511565957753686,0.2633765369270329,-0.8134878362421692,-0.4759773883714914,-0.504214202322138,-0.43161205264765856,-0.6104251420402551,-0.543496453552227,-0.5220344785110267,-0.5250042018300763,-0.4596672432096504,-0.37756821287298425,0.04542899820069289,0.5476476655985456,0.03983149308744042,-0.5464295767228229,1.1202548020276375,2.4373863454187847,-0.27983444532072255,1.581924814667391,0.4279880777868213,-0.0632702641658583,1.7359470193340638,0.09985283988963727,0.1953742451113281,1.1635038034316536,1.9305049308055877,-0.9303294837620444,-0.6321985738907753,-0.20262470978062969,-0.7453726812140316,-0.905748265160058,-0.97876018963823,3.4359259598364202,0.4949589975833723,-0.3605925128906255,0.7853813211043673,-0.03069497245025953,0.5880150452498114,-3.9633821516442036,-0.9155166026219307,-0.4365200490409047,0.19256920543450237,0.33069078969131627,0.8265248995781387,0.19892338892570646,0.9061726568666972,0.6941908634576567,-0.866678016598131,1.328601223814061,-1.7534206302164173,0.3635150204071184,1.2070630610952604,-1.6163595659210672,-1.3833513969073705,-0.1238519738057136,0.5192211929687591
3484,1.092322456989071,1.0837649476152575,1.1826493715222015,1.1182270761049233,-0.7353129321087363,-0.7555172553849624,-0.8043206900200793,-0.7339825419599881,-0.36308621316009415,1.7285691881812983,-0.7580038424331174,0.8607328776680344,0.7194663827127404,1.047169760814811,-0.04302829160741704,-0.06541647310725444,0.8156400526169415,-0.06825101217249967,0.9174689845279469,-0.04302829160741697,-0.1123633579251364,0.0036384335024287925,0.8717171363544619,-0.06804620511562237,1.0903973423696187,-0.11236335792513584,0.22857621784199006,0.14797613484309827,0.008892615721771685,-0.026400157980952996,-0.5896559096541608,0.05573690334699142,0.1337615688616543,0.26327808648571127,0.273390028466713,0.261658372462094,1.072855917344836,1.0039967318514178,1.4082064992975523,0.37969545406334193,-0.08764121854338629,-0.19503687192592678,-0.19233514794690668,-0.21053518613018685,-0.468931253305449,-0.38011278296757434,-0.3804861212965035,-0.3917924135380966,-0.3084280086675226,0.21907299462760935,-0.19402086725681736,0.5066648329781789,0.15456301703324135,-0.3037950591734272,1.3735288016478258,2.69509066954136,0.07290316884382628,1.5705801730226325,0.3124799350842026,-0.0752286554936173,1.9254903632178193,0.12964244334552322,0.16354731683936927,1.2745644487773464,2.184550360272073,-0.9577299014299075,-0.8443319100444102,-0.21645721194069478,-0.8533213087852483,-0.8019340085149157,-1.3614552912051725,3.187339953749065,0.759265926938381,-0.5880912009164875,0.922404768210628,-0.2662936740376793,0.4830556416231596,-3.5091522635812376,-0.9372571360144208,-0.4008055803915497,0.20644559987769287,0.3510386644270754,0.8570844066262062,0.30359710370338877,0.873847881541048,0.6471052520227185,-0.7551643076630842,1.290890288231178,-1.7201244580743358,0.3238225716542271,1.2114692870560269,-1.6712872441069144,-1.3292166109542705,-0.14853831181484553,0.5521614418389152
3485,1.0565441284029926,1.0218094557968076,1.1023485988799095,0.9797304974530139,-0.7082016835512391,-0.7420751346428506,-0.7784287528466278,-0.7172134929478937,-0.016565594404656644,1.6058183747355153,-0.9038831034486471,0.6136197860068424,0.4009260865036787,0.8558415555379844,-0.1779204033251224,-0.341416369217177,0.7359610529686258,-0.3223056645200987,0.8847169361427921,-0.17792040332512193,-0.1772509489367946,-0.23324614633392418,0.8189430113219848,-0.2740566216172716,1.0730597468532703,-0.17725094893679455,-0.16314584840626142,-0.11118843689462482,-0.0628618447241143,-0.37513081544580235,-0.5045589969752909,-0.1811318027203528,-0.058036957228656115,0.042824047038856575,0.1487851875256121,0.07226271785390638,0.9301228664732237,0.8562936517615893,1.273738999934522,0.25489992761280617,0.42388337854250446,-0.06282361336808699,0.016147908241526017,-0.056841392495530996,-0.38117931508584985,-0.29188387084056144,-0.3021367591819139,-0.3182028573821089,-0.22371380095163443,-0.2986655077263403,-0.0706097343285423,0.15800972801813065,0.13115931829932154,-0.06820069419726414,1.239667741605199,2.4232699682812457,-0.22678922266864407,1.5649325083369308,0.17942142788719617,-0.11633683831099681,1.5225540766970405,0.15437273920898603,0.2613021494768099,1.106527829730865,1.7203417412686326,-1.000920234332926,-0.91179351360728,-0.26367619789359464,-0.7452451867998233,-1.076701791134395,-0.9953481879396502,3.455072348126859,0.8322033762524775,-0.5924967493071909,0.7143617001539614,0.1257413664312906,0.6738696550553821,-3.7592005559196613,-1.1152737317213182,-1.0553462864789354,-0.16256196737738707,0.0004250219074889694,0.9060232685893125,0.4123739112979498,0.7856078991693249,0.5844737658303717,-0.49890140682818235,1.2532006639490167,-1.6884845150040941,0.26823102528140597,1.2173322419363108,-1.730893075900232,-1.2514021726607374,-0.20630853556610007,0.5864511299503069
3486,0.8540063245089861,0.8404942359099971,0.9967509258795466,1.044069073629057,-0.608734034926849,-0.7246976877699577,-0.6502078016536339,-0.6448839990054213,-0.08605533463716283,1.7266248858331885,-0.6591222630863371,0.7373955889426141,0.577050174400679,0.9400553583491384,-0.18200363128024566,-0.009949861576788137,0.7024580651915634,-0.13659769269045213,0.850404931031411,-0.18200363128024546,-0.19447373434384796,-0.06136069589203173,0.787857387305764,-0.16489027227227226,1.0519287482861144,-0.19447373434384782,-0.2242187122831125,-0.32949755931409014,-0.35765421845045825,0.5854665533801819,-0.9558207029940761,-0.030844818350443916,0.005753479216639263,0.051236561463619545,0.21757693087564292,0.09623295665831039,0.9620188106493742,0.899512272722233,1.3103089423477865,0.3387444694716917,-0.0006682142378435973,-0.19359664355605394,-0.15633617345026127,-0.1810378961056516,-0.4500112126589301,-0.37599891846015776,-0.37279990438872374,-0.3869744201155011,-0.3035597483192323,0.14851608450020018,-0.04790849413445139,0.07994174239540441,0.24308789003319675,-0.029491945930068795,1.2843590758905954,2.356172934284113,-0.01606487031537403,1.5312494390361426,0.13165906626300394,-0.20318030771882686,1.5496025203563102,0.17580790469815216,0.32622079942471466,1.1817121195795772,1.7796787076819407,-1.0302470944341406,-0.9529742502372138,-0.688466091938888,-0.7450024063964817,-1.183791368107083,-1.0793691340858123,3.0932298427942664,0.8757495368323976,0.07749137898483371,0.17362895431769304,0.22801915350031124,0.3414241118730203,-3.366362309406771,-0.9911180286140447,-0.22917588656027588,-0.0992033349692838,0.07302647988528789,0.9500752303082705,0.5705066257562275,0.740554208643456,0.5991410400262395,-0.20674220381807215,1.2172226184361534,-1.6423867877294953,0.21519459666366983,1.2057736649370836,-1.7849115200738286,-1.1827746074139727,-0.2572751434223288,0.6161655994836295
3487,0.8410748796393843,0.6917841544623892,0.5910698775704888,0.5276104843355125,-0.5232844323319942,-0.6396547761657877,-0.510290213670878,-0.5573777773625226,0.47969846260821386,1.2634087996268135,-0.8819906204301761,-0.23724222184686675,-0.6185550057809114,0.19499928951642545,-0.5872496445963625,-1.0199098326719078,0.45297345131842637,-1.0003574612186934,0.7355214592369771,-0.5872496445963625,-0.4288852872904332,-0.8385101137146591,0.6140221004396315,-0.8539133106326223,0.9938859253270487,-0.4288852872904334,-0.8845461052201294,-0.2751743065655294,-0.029254585834097936,-1.1746831663752244,0.5336934646453343,-0.7956043253584902,-0.585996342967605,-0.49596636561029667,-0.2725464889471702,-0.45007157899574035,0.49070936044370395,0.3782461534362913,0.873506947896055,-0.18744848554733423,0.3693971816706561,0.041377203180312856,0.06082354025926785,0.03165678582333023,-0.31435076335492657,-0.2262221674179159,-0.24428683627823297,-0.2681111793505987,-0.1674467080088647,-1.1431785211011174,-0.591017498642056,-0.16084092668972708,0.1545037234515544,-0.1995029646184065,0.8810621095627668,1.8358174655157655,-0.7550170118633235,1.4826955020325772,0.10530472222896405,-0.4716753351757019,1.4316286699891054,0.1954906310396968,-0.35686976430000983,0.5554836659774254,1.6518112015637236,-1.0684728702324702,-0.960361052785436,-0.8262795444853989,-0.6174995648764178,-1.1719831898441209,-0.9392194960623017,2.930790459355026,0.8722078055044984,0.30038692991230054,-0.18374205423769957,0.3761546498572375,0.19544851755052964,-3.1255314939585412,-1.2361205589713566,-1.2187861027127311,-0.6926704700558546,-0.4981052135010474,1.0005997699925202,0.5088910376095754,0.7791104765203932,0.5642023864979595,0.03524675748927321,1.17900379407102,-1.6001327738048572,0.1366736368201817,1.1801748126099738,-1.8565978776490433,-1.1050650604227616,-0.3502616936003308,0.6381826992003343
3488,0.3524214886382989,0.28261151331187867,0.38552107710854683,0.2682913911132428,-0.4929076740819373,-0.5213613266332392,-0.5383586223143879,-0.4882051403127294,0.37525829249439585,1.2295184144519267,-0.682658254472458,-0.6377522510841805,-1.031606826754029,-0.14787000318720533,-0.8979134748222884,-0.7943232351453379,0.17815972099394686,-1.089202958635846,0.5579061713960854,-0.8979134748222881,-0.6764304804147319,-0.8871093397589322,0.3993898658259141,-1.0379977876013078,0.8966483955450341,-0.6764304804147316,-0.4643046249482941,-0.7465574450311386,-0.8632630192441233,-0.3473012836620828,-0.630705516097415,-1.0196657392704649,-0.8165368987344895,-0.7231907597376545,-0.49639623761956747,-0.728442530698255,0.24133142143353226,0.11087329108565334,0.6606459025471618,-0.44382753940699576,-0.2404135633116502,-0.25415991505503205,-0.22813699979966873,-0.21040787122098525,-0.44425075930749064,-0.40104296861533756,-0.399900375450778,-0.4124748895717946,-0.33400082983043344,-0.5973647015668865,-0.677546519593648,-0.4516448244033796,0.056459242941670845,-0.44227589083159174,0.8955745299881558,2.035103828174049,-0.6460827080704981,1.415032849445632,0.07652100863158545,-0.6267184856078324,1.173584143890413,0.21580486050033806,-0.5447625529145047,0.2367149683094583,1.3387243422634014,-0.6123491523092464,-0.5497098635051374,-0.939984521724113,-0.7035903880358185,-1.191740605032435,-1.2804644557888956,2.262734220606884,0.4988085212929795,0.9780590398324043,-0.21108926480248028,0.29432853875328874,0.10037969544161536,-2.489306729838493,-0.5651121736668873,-0.10489720879200305,-0.5007015474336425,-0.3916217084010044,0.5487872767636468,0.3284478672286734,0.7789718033959808,0.5108606961588044,0.7904992315403061,1.1346880213182544,-1.5237004516365527,0.06227137933510337,1.137105152216538,-1.9449235252460175,-0.9727982740635772,-0.4480348058235963,0.6432717718022164
3489,0.10523018029807996,-0.0581106414973735,0.04548361392069146,0.14717890659980765,-0.36358150012396534,-0.5068164792438181,-0.43130511767818686,-0.4218572523038793,0.7255331929611009,1.1226080917398504,-0.3677569109540816,-0.8061082254419738,-1.1856185861958677,-0.3045508481181367,-1.0109656259600324,-0.3068024556896999,-0.050769104034153564,-0.8950016175342761,0.35508410077950053,-1.0109656259600328,-0.8567770394073885,-0.6576483499825765,0.19175469988623936,-0.9865532261138652,0.7695618810136199,-0.8567770394073893,-0.764004062893737,-0.6342965174059184,-0.45560501865994407,0.1299887693384326,-0.6204934485905993,-0.8855905856002616,-0.8246560089016636,-0.8002176058527347,-0.5827048271059176,-0.7897763561279443,0.1128515360724669,-0.029019388612925256,0.5622532860182929,-0.5553850870862032,0.3435537733529197,0.31506396635236905,0.1788173580464869,0.14810759439931792,0.05860998080008742,-0.14894874250298087,-0.18407432289193826,-0.2068172655317228,-0.09430601449140662,-0.2877155116243069,-0.8686749493890534,-0.7512224117695346,-0.12245592290717303,-0.47355214474553714,0.8362975278400623,1.8301755690606258,-0.20541776093765737,1.3491144681839935,0.06780824051250249,-0.625071505812841,0.9034830053642015,0.2368126626339552,-0.5113931130663547,0.08209345290831846,0.9983528137656197,-0.6267573444058693,-0.35853056466409006,-0.7126439085566664,-0.8051585365827374,-0.9711491350900477,-1.2216563803199996,2.3980776209654704,0.24512172508002283,0.8082270664865723,0.22182370641444635,-0.036516352816156394,0.1417241740356406,-2.4848844454656454,-0.7090434170845861,-0.6725020911276753,-0.8627898175696568,-0.7431320038168758,0.5798357954409331,0.11408767805189945,0.6028783131652836,0.65038595937145,0.7989263167849895,1.0925598405500738,-1.4401677338944998,-0.03240240349540825,1.0915260926881871,-2.044401485997145,-0.7898942321809777,-0.5622497452997623,0.6271518037391043
3490,0.3618547174635293,0.45052777019155055,0.547008746856192,0.5809496755086327,-0.44484297425768676,-0.36336595188567733,-0.4391135060403774,-0.41178688993283735,0.39975472909873166,1.4617137802118172,0.273029050556069,-0.02222873261908847,-0.16551172393512867,0.2802741683514997,-0.6008766798491447,1.0327893869611176,-0.011497755954256506,0.15323616865985387,0.2339026603015469,-0.600876679849145,-0.7534618783246365,0.35805261564578494,0.14577254797342099,-0.22059023079230375,0.6566323031115455,-0.7534618783246377,1.1043393939477077,0.9197188200093039,0.44683562138271404,0.7320161636069318,-0.6103267578755889,0.12469152349566873,-0.2589927711540818,-0.3032847016984401,-0.15723227977359017,-0.3229121370783382,0.47953700785966474,0.38465573774316014,0.9153619616958857,-0.09204899122664592,0.12776996191029236,0.2565628341183184,0.07238845550895297,0.05971164433567258,0.044105576596834666,-0.21536018099228985,-0.23877642791246012,-0.25915943236192357,-0.15478991141638615,0.9728491848568126,-0.37605124534378254,-0.31658657497426296,-0.09744722496157913,-0.12033808693200933,1.1059624869520908,2.0556219229899213,0.6634333822171133,1.321046184724281,0.0486873492307792,-0.8724806687568539,0.8487702986014019,0.2585842238520557,0.17571946803444904,0.6168046544021201,0.9331230056816283,-0.7340904835134031,-0.07393765576847283,-0.291425341848623,-0.9009359221636758,-0.9071137562851106,-1.21028450683155,2.17111213831936,-0.16360116739794153,0.41341737704175735,0.8980768720250666,-0.2169296184383971,0.5188967586385091,-2.2414409500171684,-0.6287011218460742,0.21298923121848232,-0.5486201255888857,-0.41521856979135335,0.6767640825562833,0.08750868553377876,0.4447328099077271,0.7262046164260523,0.7204099498690928,1.0600478974754792,-1.343512319928271,-0.12155886652652043,1.0457165608993944,-2.115078161718887,-0.627825421644507,-0.6598896309240357,0.6273363993758491
3491,0.4395395961164862,0.26717928255121914,0.06980804714211777,0.03542130008734056,-0.08261862705186979,-0.3773021953582614,-0.17784516479326296,-0.28365134515652823,1.1881849044294144,1.0254906752661153,0.5161230741518905,-0.8178691837996925,-0.991306602094145,-0.42544918326306785,-0.7688210916382805,-0.4345371685272961,-0.21919462345357404,-0.7960916746328871,0.07586346155373834,-0.7688210916382807,-0.8830667883052775,-0.4834150204461933,-0.04541934354223341,-0.882693311362693,0.5200794426201,-0.8830667883052782,-1.0374472098533154,-0.34237607317102897,0.1212140399548621,-1.453895590433902,1.1398244408894262,-0.5578885197295781,-0.7835193655639614,-0.7773571082370528,-0.6568976776570187,-0.8080919787779224,-0.035342447966253625,-0.17918480877624518,0.4628640390293352,-0.643011501283828,0.11423577829426139,0.230132729292712,0.21032464862376912,0.10917252450063286,0.08829464128919999,-0.18051993973268143,-0.21102169349525238,-0.23029208272756987,-0.12166431717846339,-1.2085012210828574,-0.9116352459430692,-0.6834812510513248,-0.5515083855727504,-0.42158667715276155,0.7108603886553196,1.830186664671144,-0.8545017925769451,1.2538396429962513,0.034568959368367624,-0.9348785444151162,0.8200727267598122,0.28119932257406904,-0.6169288051473554,-0.07302166122553218,0.9020875336720798,-0.4905487897935428,-0.4922746562675958,-0.7638211808114297,-0.9051138381320222,-1.093858232569692,-0.8971465813554194,2.4078503681637824,0.46568545212325346,0.7362838117560088,0.30882597190215955,-0.02780470622646979,0.22115166269308864,-2.4924141504908794,-0.6939704932358292,-1.0887091698120288,-1.3037087561978098,-1.2042184861561978,0.4788913048476329,-0.1224119944117785,0.00916944046649405,0.8942747882798674,0.9028439119946182,1.0249395672152921,-1.268504784600634,-0.22972457574571267,0.978651052241872,-2.201169013110665,-0.44414306528127434,-0.7832569871082726,0.6060496972678026
3492,-0.04789825311702762,0.1488743943793512,0.1889105079621334,0.3485577257331924,-0.16198945067099013,-0.07855482227002215,-0.16987413875970833,-0.07843620308054165,0.8672069652716592,1.3930998483628854,0.5797985036242622,-0.30367143931041873,-0.38469390933190245,-0.01768724532167413,-0.4999973152991734,0.6851148010600177,-0.2130507973158809,0.02598913902157678,-0.028188540140812925,-0.49999731529917363,-0.7953450023423322,0.3055634504171932,-0.10835214242035718,-0.28712331254322787,0.3943947162190966,-0.7953450023423331,0.25258638364738734,-0.22759453291938164,-0.8830347622997662,1.3958755257701034,-0.2608384880754872,0.1388075567624693,-0.3154827969950764,-0.38037555426361463,-0.35988160191236385,-0.4447083307399472,0.23626454920627574,0.12206307492723548,0.7143758786639756,-0.3071837638215885,-0.05386475078077555,0.07936230438551513,0.13734130417902535,0.022642798429016897,0.00423979829343889,-0.23760585509613694,-0.269577065992284,-0.28460151740895645,-0.18724079505994504,0.6958298678285664,-0.19018595971336139,-0.5467937515531942,-0.2727676771123116,0.04784292980592886,0.6237954078807728,1.933877421394568,0.3111204461459619,1.2304911359990065,0.004503058097690113,-0.9890860172416307,0.7981900782902308,0.30011849215018765,-0.13523339555212616,0.317261127944055,0.8769393916795678,-0.18574376494090952,-0.04119590691026245,-0.3744980931719162,-0.5926115029046991,-0.9761507014045935,-1.1883984914050256,2.1740162157115526,-0.012137027055743042,0.5892984399771517,0.361088386181683,0.24849610219725277,0.5093860235291118,-2.220694517434161,-0.09369981079144815,0.3439912312782445,-0.9160054038378697,-0.8810942886918344,0.16464161971663754,-0.0307012203075356,-0.09892410462560867,1.0917660104280968,1.2407587504486008,0.9886403266863447,-1.217302877316527,-0.33468911458169065,0.9096471156841051,-2.25827059228677,-0.21671087203063014,-0.8870513118143726,0.5862703848023728
3493,0.2883480651905805,0.49926118973653055,0.3777491249278062,0.7457571474440546,-0.1659036238855832,-0.147247210359589,-0.20576519965409004,-0.07410797863318859,0.7069103473230958,1.632523971402545,0.7858616066093308,0.2668157245168898,0.24631195913389903,0.4644924360121177,-0.015415981536727671,1.2239450596545354,-0.03408226689082018,0.6857400777937284,-0.03155763775935458,-0.015415981536727715,-0.5409752070521996,0.915074488268669,-0.043783788135630906,0.29668964814173854,0.30811682084697817,-0.5409752070522,0.40434209136561294,0.6298460980700569,0.603843967550852,1.535222771988829,0.660224709323677,0.7399875692081319,0.1900528264130859,0.07887487657806719,-0.005136403607224122,-0.010373611486482024,0.5830525616843144,0.5089724699838268,1.0339830921914173,0.12037162322300839,0.10709125399283494,0.2185934458073638,0.2730655637354057,0.21686645785964986,0.13995962212093474,-0.12016166881962892,-0.17485455506745745,-0.18275900980695986,-0.07447927149162163,0.872811329910756,0.40495422073633996,-0.19767631841772895,-0.14810623975356182,0.40154167932710916,0.9218956146632881,1.9805129619432034,0.6618831742448091,1.2290031459726332,0.007384201333234835,-1.211734537340933,0.7629121695231029,0.31349241270362377,0.48634004097520517,0.8200185848515257,0.8307334569529482,-0.248615718721508,-0.5908295606551365,-0.5156239455205764,-0.8255510672894538,-0.9846899045337589,-1.1567500767689698,2.2651737282924147,0.6786065619975035,0.19645500465057583,0.5138315933893933,-0.0345366176101933,0.37854331923531126,-2.2743910658226447,-0.19237627020481807,0.1612759129933953,-0.763352095055017,-0.71889805539541,0.22664612678624724,0.10525893212112748,-0.005542272795178429,1.0809908226719873,1.415736976680394,0.9617087037981965,-1.1373664425241365,-0.4412873395541932,0.8541683279144795,-2.284368524879401,0.034834699952629784,-0.9774320656455007,0.5713259608491064
3494,0.6434501834111362,0.7259140280845684,0.6413962970185556,0.9441272683423994,-0.1911480881889466,-0.1552013509347305,-0.2031525398861743,-0.09991020621228194,0.699702358904375,1.5058562177132122,0.9682558509970604,0.5342874492663477,0.5292786728189949,0.6977194886575692,0.3455911103316131,0.9071640345051551,0.16723327540347438,0.7639174839403284,0.04116901710785065,0.3455911103316134,-0.27416578195870844,0.956703218276196,0.06558089114690954,0.4965214223357552,0.26488331361136547,-0.2741657819587085,0.5659716459770936,0.39715629230200483,0.627365030592007,0.9603068910269184,0.4255273798321899,0.8130969987160845,0.4497559286317193,0.31743052752730294,0.15746226796955654,0.2119593489387744,0.7456056689355927,0.6988732942340115,1.1864800667859094,0.34275475469400263,-0.0841921297359186,0.0240525349366345,0.09472580297896276,0.05862365119181921,0.017780196775382253,-0.20142876803539086,-0.24742619837930352,-0.25246990502580063,-0.15986584783740812,0.429614949560888,0.7000312912677684,-0.1358261548623212,-0.25092312322946375,0.42884020663484107,1.142435013115209,1.6291293863331575,0.6345733425424605,1.2738189967005011,0.006993439658750433,-1.322034351612161,0.6711318703149446,0.32605412284429597,0.8621235272258442,1.0746080151030453,0.7041387355340425,-0.20364685917466466,-0.6337528258489693,-0.8915952044568133,-0.893424711139721,-0.511916574085904,-0.9392855467516392,2.339130031893901,0.7496163290192156,0.7850995758687789,0.14536315490738203,-0.60809501206024,-0.42663738140973345,-2.1565458281261374,-0.1866472156462478,-0.04509907609594883,-0.7456571680087296,-0.7120960887863681,0.17855501429287654,-0.1409972441491895,0.05692354066059068,1.0695764543639392,1.509453636147328,0.9518240379419897,-1.0258507022642838,-0.5503821608361329,0.7978657218475304,-2.2841890024023828,0.22662956634681292,-1.0655936817058866,0.552651763952567
3495,0.9335011586224409,1.0499758956231693,1.1709546320174715,1.2529006516126822,-0.2250329525184481,-0.20292689672780118,-0.2900783544386949,-0.14833179231473856,0.5609106252569257,1.6878629928815796,0.8681021698888813,0.9197873376160272,0.9248596880058896,1.0441842260190237,0.696686565635972,0.8873562701597754,0.43116231230328206,1.0037100471224016,0.1886950909353315,0.6966865656359724,0.038759170924145575,1.1166882223844474,0.24408201101054788,0.8088459291253508,0.27359253950819373,0.03875917092414598,1.155737930072691,0.5863491236679922,0.5066186924768253,1.0662533431451597,-0.8044093751737221,1.1665632497394496,0.799396513525326,0.643378130196248,0.4414876718961202,0.5296020070592622,1.0187398288024914,0.989751130191183,1.4164193076576808,0.6969767799044859,0.027211820478554104,0.10042570051555876,0.13261443622384028,0.11371546315095196,0.09709926526441472,-0.13567577174491946,-0.19815233812772567,-0.20390744733222524,-0.11012488002207003,0.7031923690573186,0.5900395663003308,0.14850892165227492,0.11236429147679422,0.37172861177468103,0.8707854896736638,1.78961290802193,0.5371498946778871,1.322511166724297,0.06069973584906938,-1.2817094543078373,0.8592542666553085,0.3388452020054026,1.1761181784650074,1.4606672126512537,1.0000293981844,-0.35192281783216117,-0.2971418002500223,-0.9783285907491095,-0.8638244222619786,-0.41591394456733066,-0.5949632935763788,1.9439057147982732,0.26044132356340216,1.3019750737639122,-0.004837176214001046,-0.6678601909448549,-0.599662237992573,-1.783438195997771,-0.3000176207393623,0.09758983821577774,-0.631933487826556,-0.5724940974740416,0.3214830856622433,-0.4047089583537595,0.1492803736749629,1.0401328733508821,1.5672897113416366,0.9349290025864437,-0.957538450858943,-0.6693142836811968,0.7399346750235364,-2.2672139119997903,0.40001821002647636,-1.1457332394149904,0.5292533236756394
3496,1.1105527847322474,1.122763306735151,1.1607736189747273,1.1616836433733477,-0.25758682725268817,-0.2347220705809387,-0.23519483169633235,-0.1788846608410167,0.3488208216108738,1.9137044561354004,1.0165780794405774,0.7990951331296708,0.7923664362272281,0.9318008202486735,0.6841347151400485,-0.036105325867521174,0.5532115647457154,0.47201119715787476,0.3332930843457836,0.6841347151400494,0.1969948098525053,0.5612563060960346,0.357830874542299,0.5193989944924154,0.3086401747479505,0.19699480985250561,-0.007135919390389557,0.13701472357029557,0.3192893625837697,0.13036848422051264,-0.3335123661662585,0.5558686946745262,0.6861084187632049,0.5488886882005595,0.34868392854855296,0.4430673387479163,0.9185097719426412,0.8435597956455186,1.3152023998740285,0.629306773136257,-0.7103737263617337,-0.4905418544050861,-0.4377277638072133,-0.36358975656758014,-0.32127194096625156,-0.46861866719285605,-0.4646093124203264,-0.4701494606836354,-0.4274555766981022,-0.1855683792350946,1.0277181060830403,0.05300822621124511,0.03460736210020056,0.18369876409087257,0.6941480943316662,1.5201691798353705,-0.6135933561923862,1.3605664682778278,0.09438978410987119,-1.2041971385236185,0.9214563277574782,0.34955929586998624,1.0027622322775678,1.3361222384873965,1.1105046965716232,-0.3639184854464092,-0.3416515789728723,-0.8690186255639012,-0.7607163786557003,-0.49118299162516704,-0.8801508645115538,2.0724197671947104,0.3140307829090266,1.0696222044827974,-0.010458877997068346,-0.4695924707903414,-0.42617372155655847,-1.911400029801461,-0.29290572135093207,0.1725928887100618,-0.42171407031972974,-0.35887144205178734,0.3296144267104044,-0.5104880039354596,0.21386234474124605,0.9957062984950505,1.5712637903673372,0.9146735984249669,-0.8985641592330048,-0.7999307980712911,0.7239332458577206,-2.263932713825557,0.6547409943859662,-1.2162119670557219,0.5095446526843121
3497,1.1443763761199666,1.343901435480561,1.3767530466161753,1.4787943578979568,-0.26927883410843023,-0.25927739221662766,-0.3310368676622295,-0.20592126478245687,0.5642724905217114,1.5672747095758242,0.7274942031748949,1.1872399087942058,1.1885768361056033,1.2836156567848633,0.8432471699984074,0.4056806653093936,0.7684231782021452,0.8350103056442076,0.5109255656367622,0.8432471699984085,0.4299966953827577,0.8174536316554036,0.5425800883772558,0.8452579210486911,0.3827545431445569,0.42999669538275903,0.5005139413313976,0.4183189411083116,0.0671987039537064,1.1513701673848775,-0.3284186122164112,0.7606267393640006,0.9727628670652784,0.8710739572829627,0.6454002163383825,0.7660135665388197,1.2034142919877264,1.1098076569338104,1.5352270906864427,1.0125789889348544,-0.167327340604659,-0.1342687310047983,-0.10734811396489655,-0.09305547188733236,-0.08128446938533819,-0.2793004735263765,-0.28745118916529205,-0.2814346034242647,-0.2528430226603113,0.7505689826301303,1.0384640107804317,0.608729764327787,0.1881631540979937,0.5204381478761761,0.9984837763088604,1.5296312531222387,1.339061514396396,1.3082986963911953,0.3185126739809717,-1.0356018631955946,1.1240560549304035,0.3601404581747497,1.3264409345058046,1.726619029187925,1.4469063975420349,-0.5356059649800637,0.20484639755773484,-0.9299542637610264,-0.8060863126291223,-0.7614346494987349,-0.9961162598651466,1.7857282189886208,-0.4563099206214441,1.752163785603454,-0.02231719896275323,-0.2625629609814711,-0.2504848077082364,-1.7468322058228645,-0.573462120045384,-0.38046537150338294,-0.6723027367386919,-0.5769013268501166,0.49904615087335874,-0.34631166733538243,0.30336384313190023,0.9751554455070397,1.5097300792549129,0.9030622242187837,-0.8323870269256602,-0.9387514610104364,0.7025230323330569,-2.2440126213411737,0.8595554253058789,-1.3248436824047016,0.49438349076002996
3498,1.3712247227322525,1.222388879483384,1.3425410878049757,1.2171010618917097,-0.29484944317053996,-0.29313757182991473,-0.3490236279035267,-0.23711394020164825,0.2709520460551431,1.6930554498706047,0.6291523618050276,0.7521585504482157,0.6826694115183468,0.916901325916214,0.5840689075478488,-0.661553625663505,0.7760944831322615,0.04231105718209824,0.6318156289353908,0.5840689075478491,0.44125597138846995,0.03016127297996392,0.6053312334755883,0.2964053482541177,0.45780130292410315,0.4412559713884704,-0.045030122822329995,-0.20670072395444083,0.42811484851098874,-0.601042006377048,-0.8600571704623782,0.06109437939301617,0.5462142043030914,0.5713956966480165,0.37902854744513287,0.4929709147726579,0.943095434935764,0.7718944878678539,1.281590458457708,0.7565695145552367,-0.47955073268567316,-0.4385232327684284,-0.3944547542973147,-0.3291765478243718,-0.28569975217355864,-0.44419023277753794,-0.42539319890780447,-0.41916883243189207,-0.4130831216887406,-0.5702681470233941,0.4442256190051602,0.6179740680768474,0.1331690746570598,0.2074231184201417,0.5407267339110405,1.4166522405931665,-0.9004690560929249,1.2775339011341647,0.42914918856238127,-0.8783560491632227,1.112291418929526,0.37088010741511174,0.9583855056227009,1.3870265186800734,1.4429839619844695,-0.47674413477213734,0.36619067503769354,-0.2559543049515753,-0.6724750315299083,-0.2950286241069486,-0.601733812401415,1.7567973547003641,-0.6439269416484484,0.8166504078766962,0.6424635627447564,-0.559880346081304,0.0075905037030476,-1.5698141365674323,-0.3875856887352609,0.2367913210220903,-0.3666424757731706,-0.2811349778738857,0.4374829360325638,-0.0454299006089228,0.3328290629559263,0.9365219534486326,1.487930373700448,0.8857248295933874,-0.8101832285144899,-1.075010925068415,0.6756553431858959,-2.2299128723882644,1.1259615963892708,-1.4108739217010648,0.49162767688018677
3499,1.1141664268613019,0.9741402979230516,0.948382367575543,0.8238514586813213,-0.21147037199282467,-0.26194971489689406,-0.2941066696058091,-0.1562129877758546,0.1313222633911132,1.6263999039541137,1.0782956509822366,0.1215884083007378,-0.021485243128173966,0.375718724991468,0.060119882313337224,-1.303124300512019,0.591877598160272,-0.7127393667293811,0.6422883088574983,0.0601198823133377,0.24578518052172363,-0.6920833138968729,0.53036661758755,-0.34348837902892926,0.4986820767518417,0.2457851805217243,-0.8676062394115198,-0.4559935292515761,-0.4549376688777853,-1.1256464095567598,0.04493869735575219,-0.6928342822005966,-0.022928259026666495,0.09864023449618961,0.002807160203695046,0.07842652715324815,0.5612624706894742,0.2989424425037778,0.9288949715125288,0.33118700434391124,0.10827444902095837,-0.08408935107746439,-0.07180027549833462,-0.0230062475648474,-0.061933219900239304,-0.26597336761621104,-0.2701409448944947,-0.26549428985603474,-0.2481327788676009,-0.8989411125863738,-0.09372970136338933,0.4356682622323053,-0.18344171559821942,-0.32370273651393566,0.23247315180752745,1.0901601787428317,-1.012468762550811,1.2753881647479008,0.4283552409647067,-0.9545488470582763,1.1929393112052618,0.4486748067094979,0.2834220320137303,0.8606565566664586,1.5160258249351477,-0.5289823821532453,-0.23535642014701327,-0.19102740173617883,-0.7123122300979846,-0.7004556636704249,-0.9986104616595288,1.6240539220511208,0.11580846848968637,0.05591291965817937,0.7820185498578899,-0.2111513552493527,0.4325281208772502,-1.5869436309057352,-0.47776050728270253,0.10024352617244178,-0.23782249906986858,-0.13797702183662325,0.49991025098858566,-0.21516887194066114,0.24668570638485218,0.8554022801655138,1.4262728965862532,0.8660310261288127,-0.7866503019858964,-1.2074176416543692,0.657073879261428,-2.235789026712551,1.4890082191734588,-1.4907409531608178,0.5068586502284127
3500,0.7997469824077946,0.7179547942785184,0.832067741078442,0.9296577347708181,0.02914512646622323,-0.09094891101677959,-0.05271480570997189,0.02239242570136192,-0.16115013710721562,1.7016404644301917,0.9736992751597182,0.2895778461386645,0.17486966956882952,0.5119031110542501,-0.09784903424291815,-0.39389124767840145,0.5152763463656314,-0.2957312163969869,0.6203526488330464,-0.09784903424291827,0.15223967137977967,-0.3287733536545016,0.4993096325920089,-0.1409899267269826,0.523164430408987,0.15223967137977976,-0.26408316033398826,-0.4831406194998094,-0.5799333494072093,0.44119192619775993,-0.7943264154486968,-0.36124341204124094,0.06788066197983361,0.1609267013357155,0.11920652496891475,0.18791614320169509,0.6504417797614975,0.3540548650210633,0.9891795328335539,0.4738404736154213,-0.1868553264798,-0.3325378520076944,-0.33511582462106093,-0.22306802451568675,-0.24608046724626537,-0.4135152843454256,-0.39760292150222326,-0.3914222242700939,-0.3877985839098591,0.2517183493926558,-0.2717024934308187,0.2249972654054267,-0.030647804562733454,-0.062229689920036836,0.586007124321382,1.3173925795666266,0.12497088114420035,1.2568429588060293,0.45351204072808976,-1.0757306577616543,1.2619947281871147,0.458880234784343,0.3864666877643782,0.9900581514983463,1.6375917688639614,-0.403814708142052,-0.711472070336167,-0.43409008857717624,-0.810201834282828,-0.9982911249554268,-0.8579338809274353,1.2250760077017349,0.7782417738917257,-0.06633960648106633,0.6205333757120618,-0.03449340278370245,0.4606496278256316,-1.3405265367487866,-0.3150958286487736,0.44405007528368934,0.08037824139654803,0.16356410469344693,0.40492756494921617,0.03783902565471055,0.24141153820667113,0.5973031644999948,1.3718337757552992,0.8469382596830464,-0.73389861872765,-1.316263301147888,0.6243634295421512,-2.2535060450916813,1.8956285172741134,-1.5799873183923352,0.5330247617729252
3501,0.7230086277066992,0.5744240377132603,0.22389103010491793,0.15658550414703695,0.9794494627604114,0.5296135798976136,0.8798558032609901,0.6675827443443143,-0.07928885768157615,1.5743442953249989,1.6021180646956588,-0.7777861754718195,-0.9285469405974274,-0.46248493964936305,-0.8005997396829386,-1.7442947602794525,0.1081875109125289,-1.5624444568838642,0.45355394013945255,-0.8005997396829385,-0.2746152487844154,-1.4615112771738505,0.23667012199298673,-1.2092395214368814,0.4769752831685171,-0.2746152487844155,-1.3806284630659733,-0.28209292576149403,-0.1504167102961976,-2.1076676244444257,2.0908920877920076,-1.5285715412098484,-0.9056864928507863,-0.7209079130942985,-0.6320805539006763,-0.6228081084238978,-0.09693117939184757,-0.49667378714627,0.3455307615725229,-0.42953914019248407,1.4984662758106204,1.0203920032454323,0.9407998201408946,0.8908313187261345,0.719245082076176,0.35335968932069817,0.2795350392105183,0.2754046095233542,0.33837174982362056,-1.7833473197515444,-0.9072979167033637,0.05262823119405193,-0.5770310175802126,-0.6480087998307984,0.2934178688178546,1.0700306801381856,-1.9302850244274792,1.1790535656965844,0.4153330383520752,-1.0899422175108324,1.292981577424224,0.4692423266915303,-0.8570170308834832,0.021577903529857955,1.698301312209339,-0.549217406535855,-0.8177806790069028,-0.7164998280063234,-0.8274661475587752,-1.0524616137232958,-0.9177805670439361,1.432500514329232,0.8645409477724768,0.28028326791570385,0.2914625398021164,0.0040715677453222465,0.23404197473883737,-1.5250915262986118,-0.5576210131343948,0.5363058594762551,-0.0315211629547253,0.10484512270320123,0.6657699234550648,-0.7029754771112157,0.05339312337594282,-0.18436831692162206,0.9392073038432598,0.8033537920535103,-0.6868195060961231,-1.435538922152248,0.5583732365052305,-2.3218341926568273,2.364831346133146,-1.6764753175105653,0.48310202960088905
3502,-0.03759767003101043,-0.17080180725831393,0.04023310177760843,-0.0649645534370808,1.0623055592538417,0.9490266498914245,0.9393981180856749,1.1008825104578606,-0.13860425018511116,1.5035788702418433,1.7474354562182568,-1.009638425407661,-1.139997259042878,-0.7026545190287726,-1.1690942971844687,-0.9390183955366216,-0.2502824154026455,-1.3565771488218084,0.20853513386775696,-1.1690942971844691,-0.6345039823622722,-1.2226213615895272,-0.03853883347920278,-1.251799493746259,0.3715847894858796,-0.6345039823622735,-0.4368721989672617,-1.4145271897149208,-1.421643106867065,-0.11143039898292512,-1.288364619321414,-1.3654211550724755,-1.1218855846727873,-0.9106752177256916,-0.7976166864332451,-0.8442823162065246,-0.3115346527741898,-0.7587564491306112,0.15304805688341716,-0.6798897794290033,-0.10945854822198385,-0.05374425265328898,-0.05587231405479607,-0.00021643730977670297,-0.015383049845481086,-0.22620614145018766,-0.23342518657006686,-0.22752076877722005,-0.21276153919097243,-0.5376493096459071,-1.3686240276106048,-0.3020719985261524,-0.41124512863860907,-0.8647461647961294,0.04256173550484724,0.889481236976761,-0.5570128567287924,1.0824265196884644,0.43781969548244887,-1.0358362703205974,1.1748153767385292,0.47976739332178,-1.102231606085182,-0.25890424996525147,1.5169209089289577,0.259496001252094,-0.09824034673206453,-0.9004789797347774,-0.4203933786377827,-0.6013455754777067,-0.8854222981091252,1.1847097843515495,0.2202606205063848,1.3576915418661917,-0.5332503108536844,0.07341522554640442,-0.3583689781483487,-1.1717128605944516,0.2821564627316835,0.7853061276660878,0.19182220464398175,0.16734137466082968,-0.1259338740957164,-1.5811461106055804,-0.23988216444685873,-0.6548222159454519,1.2488552849514472,0.7518486660039657,-0.6725184966889399,-1.482109809460615,0.5625942536967234,-2.406394418758083,2.7296083115195846,-1.7722315932557886,0.5555746317552469
3503,-0.25347087723184153,-0.2847755207230817,-0.11839254160098686,-0.21051737886299826,1.2495368371674227,1.1296317832673337,1.148146818352433,1.2843272533945151,0.12068693732900852,1.150996094090721,1.9625412014429315,-1.145807087302469,-1.2600396664778999,-0.8521101029260633,-1.2764311143929836,-0.3073024539119979,-0.5359493417191586,-1.0767269729657685,-0.06228735535796315,-1.2764311143929845,-0.8933374708604722,-0.892086975705708,-0.29749098071773794,-1.166154999572223,0.22295073672706842,-0.8933374708604734,-0.38193552267226255,-0.23516505725109513,-0.4278046723548987,0.17121250189636464,-1.0218130919433,-1.0935458433712495,-1.1809048262938078,-1.0442090392343677,-0.8841499884794638,-0.9794239776887398,-0.45227109375451835,-0.9286909226263418,0.0296040420024571,-0.836874042327241,-0.7226859834943051,-0.42523415004133436,-0.41701662772089876,-0.34849608177242236,-0.290446989098981,-0.45618358265706965,-0.4334357318408392,-0.4208455325636421,-0.42821168575794827,-0.3607214560747314,-1.2812138119327114,-0.6449035316964828,-0.3472829163163059,-0.8564401427226145,-0.004265922179304268,0.9130950987506101,0.11626547538624178,0.9736428994421709,0.4644601015427549,-0.9307410888533669,1.0657202474593963,0.6784529609658552,-1.2285910940986924,-0.5158376302635075,1.16951031169095,0.06249915435487598,0.7099085252998644,-0.81991771249262,-0.5704985541564486,-0.21664993918404019,-0.6353961298788803,0.9354581770415173,-0.8985402287891469,2.030709741707354,-0.21625618028981783,-0.5200954025547816,-0.6236151049721332,-0.8402149129222106,0.002147547523153674,0.4848013482134633,-0.10804539512667048,-0.08930010707482137,0.09482626656704311,-1.7716149566238368,-0.5205636623059976,-0.8791748987714462,1.3260338934596207,0.7069027668819653,-0.6613452768845582,-1.4558086975079485,0.5594974811351254,-2.4851125534872303,2.9784541437655903,-1.7642105471869791,0.6457942691833103
3504,-0.14184813565986776,-0.14312360090065357,0.02966624844409906,0.055818703177142964,1.2817686738167897,1.306119372629286,1.1874633871939246,1.4214776255425146,0.07345699197669121,1.1859652738878736,1.7577386978278782,-0.7128585176548783,-0.7414771028411284,-0.5017563937057066,-0.9364534411936791,0.8508034911187637,-0.5848718329696007,-0.19021830332715617,-0.2615428140685018,-0.9364534411936799,-0.8880208253436808,-0.0009444319531446546,-0.4161840060975604,-0.5387240178094601,0.07440698414849829,-0.8880208253436822,0.3433709819550768,0.26604210834225583,0.20431100042546188,0.7684026147393859,-1.0892933031414376,-0.24681750361268784,-0.7582785605160355,-0.7204202224535935,-0.5626842514706635,-0.6899202469875868,-0.20945723179287928,-0.6848567698479763,0.23964944607519253,-0.5043159570896637,0.17378864769738767,0.27193047261596287,0.22463678964901937,0.1893370853170277,0.1760971940108773,-0.08812314372056453,-0.10374605291123029,-0.093281851320115,-0.07929930726963212,0.6406300864154434,-0.7192137784222624,-0.5874785605923499,-0.09116697983875499,-0.7305772157315609,0.4586106962488169,0.9098452041550265,0.6823803653761564,0.9161491402524343,0.40061121997889465,-0.9179679127811087,1.0370545897201406,0.6862219250850966,-0.8032249937287351,-0.18694577166470036,1.1353655747864244,-0.14894234148419963,0.7998428815783037,-0.36659074441926587,-0.6457604101184387,-0.18241691334506074,-0.5772963843252201,0.9287097510383856,-1.0856639107252621,1.3975349946061322,0.46603968844159155,-0.6533532498801247,-0.20150492832919825,-0.8175855084379855,-0.1273764046087777,0.9153954805102268,-0.1040692209652269,-0.040386405328034766,0.31072463649052556,-1.7512974838277116,-0.6021039788973453,-1.1391982435723869,1.2741270386858354,0.6694606894173286,-0.5744530706484049,-1.4641665002506092,0.553503142195318,-2.531062096120458,3.147558535048738,-1.7271164240197345,0.7107632046562873
3505,0.13890996793360672,0.18042572486569067,0.3205264262322814,0.17151852897829292,1.2792967905278192,1.3019701275486013,1.1582926806459526,1.3497327207624776,0.4009258954849148,1.1406354916920747,1.9533545689210505,-0.525361424472199,-0.5204238961855187,-0.3497925946505743,-0.5704778543766628,0.9251048309623314,-0.5533567043593779,0.11864050964968516,-0.38237367712716613,-0.5704778543766631,-0.7875118209280884,0.3367371404592789,-0.4695038981454662,-0.24483932246284756,-0.057903388158615676,-0.7875118209280897,0.6748520479540223,0.616889679023354,0.5315070323028308,0.10533910056810993,-0.8919939652010876,0.30567720510947305,-0.49548171523200724,-0.5436702397472349,-0.4078764503992553,-0.5526917971946942,-0.1121675095213207,-0.5844099806250022,0.3236418904011502,-0.35369495088064623,0.6406606331495809,0.8368420011028237,0.7734869430485339,0.6609820010549448,0.5897815037677139,0.257621285707761,0.2158812979634963,0.22096921166393113,0.25338156451955224,0.26633808172051715,-0.7124810572164527,-0.7031384388296131,-0.28477926267419695,-0.5647903116619494,0.531527949943478,0.7984420015799354,0.38664515591966225,0.8765473552482066,0.3452717227779888,-1.0820780152121343,1.0099074424285213,1.0713332194907355,-0.612287549331939,-0.19307639525938208,0.7489840953170832,-0.23597221665400617,0.16895717172754396,-0.40373479166856807,-0.8212448089415701,-0.36450036518003026,-0.8588379871817854,0.9341505325356158,-0.3020799274160333,0.8154964188179826,0.6718267437180441,-0.6961365904610718,-0.07648058982031393,-0.8718520076913782,-0.3091633577298458,0.4437144450855288,-0.4495690075987781,-0.371449887220125,0.3979393244422747,-1.6376110129323649,-0.6882327643204249,-1.2374743028915016,1.1922341798779945,0.6382292478684793,-0.47278150195240226,-1.4159815206992916,0.5184667692637799,-2.5727618736292235,3.3059157746668886,-1.693141538538315,0.7796374942553118
3506,0.2718429404651868,0.21029203276713132,0.0970645346925875,-0.07360744512362903,1.3132524069258145,1.1946739704130296,1.199445660987595,1.3442349034337668,0.24542058943388967,1.1921996717050416,2.182883009289039,-0.8213051083115419,-0.8363761279178678,-0.6321971692389324,-0.5216391175266808,0.12255704951750868,-0.6321351146857107,-0.3049873198728533,-0.4925146196340869,-0.521639117526681,-0.7904486888101419,-0.022739146938126984,-0.578432613288652,-0.4998249063774135,-0.19129463516520584,-0.7904486888101433,-0.5288905674801846,0.04415701160982267,0.23937567670303936,-1.3297630233995004,0.6773425517252512,-0.10635761457554846,-0.6512451450565448,-0.7282268325159451,-0.6031094496704397,-0.7743065475195574,-0.3535163568404849,-0.8373679812754767,0.10604750606395703,-0.6287125744660581,-0.5932440950769678,-0.38673061136118403,-0.3360436233481314,-0.2962976045881933,-0.24035955846440663,-0.3985651062257847,-0.37274733523818804,-0.35739756003433837,-0.3717636337307136,-0.5955859195968778,-0.24220871768957075,-0.8113218464272941,-0.10696660789584178,-0.7781327212907029,0.12446138983092238,0.6140607118429903,-0.7701115576129927,0.8163439688450304,0.27642191595595333,-1.1371117555382724,0.9449772568987158,2.049870641242482,-0.928750920359862,-0.8904403421034913,-0.31005809148365737,-0.414801954559068,-0.07411457549132677,-0.2434390953555882,-0.7320950617770119,-0.6276101091318701,-0.7845629248486575,0.8103669829707719,-0.05153657575809915,0.3060602576402003,0.7412516993026769,-0.31765163637486604,0.31128958571356846,-0.8435167163898889,-0.3655634937074822,1.0818843562816534,-0.33040329997260043,-0.21294201741420868,0.5809662928959219,-1.6859490546034663,-0.8034256563255986,-1.5102533154972215,1.0411704713456122,0.5996229465180478,-0.43329180543837587,-1.31983520978642,0.47408476329259813,-2.630471530979362,3.346770848981422,-1.6823449313840821,0.8072666575048871
3507,-0.21250951488145467,-0.20575595263589863,-0.113683605153916,-0.257046256061309,1.390518328000225,1.3456724556170045,1.3148035308740738,1.4962922059700194,0.11065811788282019,1.2076540065979724,2.117597405329297,-1.0254904133803702,-1.0486232196020626,-0.8345727973574786,-0.5606745066734449,-0.10009118259172574,-0.7505428114504001,-0.45940036575714877,-0.6104228944044097,-0.5606745066734455,-0.8277720758871506,-0.1441025139986124,-0.7103847655239258,-0.608940416742841,-0.3314581320716138,-0.8277720758871518,-0.5045734338102562,-0.802645828946464,-0.9206854368272378,-0.16841499766003798,-0.567456942764108,-0.40696062740524763,-0.6701025032151456,-0.7997307959123007,-0.7495992971792361,-0.9271259013808918,-0.5370038287517099,-1.0179007760110241,-0.06225087710355065,-0.8266968599595622,-0.7742551660935759,-0.5576575730979175,-0.48919435149967333,-0.44177437375220424,-0.37818170360938047,-0.5066348511685984,-0.46486024242457724,-0.4506554136113627,-0.4769259196490657,-0.4535302883768635,-0.20735531112742195,-1.1172294491395907,-0.42434010039766024,-0.5745122778268861,0.17287414359717532,0.8203375482706785,-0.5508467642223676,0.739991921186797,0.2402027579253658,-1.1011222799752147,0.8236703076928493,2.036668431981895,-1.099883140571359,-1.1310863332544097,-0.5581234426022745,-0.4663875590510365,-0.5920439700865762,-0.06551297570115343,-0.8292666813949608,-0.326311127108496,-0.7156152689622666,0.574274212736416,0.5996547557605879,-0.5266723870074078,1.0916349836001091,-0.7456892146568823,0.2198006147907195,-0.557000172044897,-0.4213729604931952,1.1098113449192897,-0.20643510777082108,-0.07406584353503952,0.6430803216542372,-1.826248187151181,-0.945928336125356,-1.7912689295312756,0.8602975101849636,0.5437639242570198,-0.39258633350119737,-1.2440238741072447,0.41304043813584573,-2.7075348336358513,3.3839590805635735,-1.7148105216186456,0.8738895351737981
3508,-0.33163222847473106,-0.26742719894580486,-0.12188477991522546,-0.1836935963263487,1.4110802254291,1.401435833968836,1.3088308281582468,1.4887303255899043,0.3720333555884336,1.0628577566208093,2.0244833071772104,-0.8809141680673341,-0.8690939797209513,-0.7239246397752339,-0.42482843841556533,0.34335703121136396,-0.7771872546000658,-0.11075283229179503,-0.6988555881354473,-0.42482843841556595,-0.770126310768117,0.19199293834822437,-0.7822599631851315,-0.34052398338246753,-0.46193864808708857,-0.7701263107681184,-0.029637756671918203,-0.13068765475736516,-0.24033063348252537,0.584685530866437,-0.9014963601769919,-0.2660817941375875,-0.40756889351212344,-0.5960735335488931,-0.6513449911391801,-0.8118231599926863,-0.46966079482369333,-0.9389188710875835,-0.015910160794247053,-0.7256758046912457,-0.818261761725204,-0.5967180873461639,-0.531031540174711,-0.47442951759455987,-0.4027362876336006,-0.5334864908563629,-0.4732682898494498,-0.47321203197456196,-0.5019449174710405,0.16936585160466539,0.0009096550822658696,-0.922721311218563,-0.6138860813413931,-0.34889965831128567,0.10654611833756747,0.7049085001603115,0.43177997649992456,0.6836424818876725,0.14946773970171054,-1.0662463698581646,0.6997059427584756,2.3077824910383846,-0.880926551224916,-1.174462149298765,-1.1202970144269058,-0.558273969144541,-0.8237439772712548,0.42879378775957255,-0.5772838413501122,-0.6044069980582495,-0.7429858029832247,0.7961155272259259,0.8665870390095397,-1.526673553233749,1.3206100029259324,-0.1489958976340944,0.9383518812903808,-0.8102821940506321,-0.6110053571582734,0.6394288378439793,-0.48600553371891947,-0.3378279239680412,0.7375637726633273,-1.7656628838286108,-1.0005756349352,-2.0110593389212648,0.6243314418406503,0.5008919228659006,-0.35983774767487975,-1.1634417659115144,0.32993638762494126,-2.7516469999537354,3.40026956765862,-1.6421342791708187,0.7069565785435472
3509,-0.20148890918053508,-0.1455344817447718,-0.07231744800909716,0.013265353838847794,1.4766026598676327,1.422278236391228,1.3808661292187554,1.5340027188087535,1.0955594617714235,0.4190882211043745,2.058935303919908,-0.5347455462481768,-0.44039981213493556,-0.4474162505668195,-0.13449176508500463,0.7384662463538801,-0.6916409956480533,0.3213377705786888,-0.7252556199872061,-0.13449176508500504,-0.601549173878572,0.5897637591890793,-0.7704357710481122,0.03977499148861185,-0.5633691041817445,-0.6015491738785731,0.107028753109828,0.22550468937728127,0.23839321155978394,0.8345867781511369,-0.45919593956666205,0.1596528539911581,-0.06065120092628435,-0.23900032498725654,-0.4449792719664873,-0.5673870175693168,-0.2796146638254827,-0.7019315588250681,0.1362814347019328,-0.4878309340962348,-0.28075426527717867,-0.31839620573853306,-0.2652732378652252,-0.2517321698309811,-0.1983968152664496,-0.3941889517531904,-0.21081697763088436,-0.34654574229639273,-0.3707602509738235,0.46977320135958583,-0.06680509790065668,-0.5599765457968472,-0.6038045654324761,-0.12467158150385052,0.008617554591579429,0.5932498854775238,1.546531596544132,0.658107258177771,0.11599605671312867,-1.1112033070325529,0.6259708593908045,2.2013973758045764,-0.5214504995380387,-0.9206910722488818,-1.2276481027730315,-0.696996051727454,-0.9834359622557793,0.18942603104075567,-0.3178551814469751,-0.936395124150456,-0.6856627740879945,0.7013469917015459,1.0238861585733932,-1.3107720196919699,0.6697643113251267,0.5085366224301208,0.983865395834649,-0.8256731020108968,-0.8534523606815656,0.16141092960543554,-1.2313834601532385,-1.0692690705226078,0.8842495572305175,-1.517108693537815,-1.2299713564805006,-1.4447799147217537,0.25223862935114183,0.481644038709987,-0.330316525912729,-0.9376695138547426,0.21061456612502719,-2.7580679184278374,3.385381573888607,-1.431146021932405,0.5182421084722111
3510,0.09590848811944748,-0.005860330262908007,0.1815747006862116,0.10804243182271135,1.4603943553648062,1.4915928633801194,1.3719892281853807,1.5744019886127523,0.7355878054209981,0.533433933751369,2.3373976324075656,-0.36436868968551056,-0.23237269770935087,-0.3119434041792214,0.1014493328096898,0.5996080999780272,-0.5838708320045355,0.4127897344082473,-0.702131119695328,0.1014493328096898,-0.4163846484189742,0.6526006114457509,-0.7247524953121405,0.19926081203119272,-0.6327394466648385,-0.41638464841897516,0.5882462194179229,0.2586322756879445,0.5561535661041525,0.03166936354370118,-1.193808259324967,0.38245308182175314,0.162466235296523,-0.027353959708746458,-0.32773842501799083,-0.44119212175902106,-0.19718091610583413,-0.5785489586702597,0.20077844766285358,-0.37010287524258245,-0.1903330123700203,-0.520443889719896,-0.46626594525427784,-0.4068631677988707,-0.33117303119785485,-0.5013894571914718,-0.3128541446008504,-0.44518402659745415,-0.4770339421532945,0.21971976600916265,-0.08659825921553344,-0.5682338045536871,-0.7292491458859491,-0.3476333847221818,0.3561699813815157,0.7330504532704063,0.07099283844217419,0.6562061250702077,0.08717038158064601,-1.2396703464256784,0.462903948954899,2.5553950472307063,-0.23755334853395693,-1.0070713883617382,-1.968385889654339,-0.739163896327495,-1.0186279728277332,-0.3533640630869629,-0.2921955883718946,-1.146426582501124,-0.5935612001388771,0.5563892167008664,1.0547059383770572,-0.5242035651527815,-0.021685264242725915,0.7497263758254891,0.6394340351964523,-0.770650229711286,-0.6506353307172126,1.3807195038093947,-0.8801562835416833,-0.7050268130285388,0.9237277995017547,-1.5120709317990135,-1.560939966125408,-1.2902187417239073,-0.049510223347536735,0.45725933472746044,-0.28284198422252754,-0.8235617792289884,0.05969503476821758,-2.7568942814487962,3.3379674700228676,-1.2197794883681032,0.280778019373606
3511,-0.03505931585372789,0.09114324195881994,0.1173755174394086,-0.02775392329202008,1.5918409285819357,1.411624415042965,1.505362249383145,1.5394132039569974,0.772437845532914,0.41523645861979475,1.9698553013212967,-0.5567845385761628,-0.4617816455239552,-0.4835864382338819,0.1015432737230788,-0.0016914959812040743,-0.5676724866976807,0.07389481759419506,-0.6805676807929147,0.10154327372307854,-0.3302515923541011,0.3149863355733776,-0.722090703212025,0.012023419367165045,-0.6870973332819442,-0.330251592354102,-0.175944386433848,0.17594843401577012,-0.26384256385637656,0.022585371200463795,-0.19394377472349694,0.08481258014932828,0.015772066106893225,-0.10239029014240113,-0.46853986665937275,-0.552743906405463,-0.35774251104847327,-0.6885330272218606,0.07369372703937901,-0.5241467357707589,0.7966945856725522,0.20171537635045622,0.10263518346767411,0.08054904155874915,0.07787647355042181,-0.17465501373620984,0.04808525105452899,-0.15868614981274715,-0.1799004491983047,-0.3575252424916548,0.017743123380334194,-0.1610858523698003,-0.7748041627386174,-0.07766364006223805,1.010873967443178,0.5147100048744684,-0.17649778878335293,0.6518020199742999,0.05805799322608202,-1.4074287899736642,0.44208797870529054,1.5267737865550695,-0.42612730666232307,-0.7521037770908556,-0.9696137648819709,-0.8258136947649466,-1.0214401919136418,-0.4184272235111011,-0.12236691028402256,-0.984845473466163,-0.7158343551879695,0.7151368974263848,1.0296635677612453,-0.42995209361002035,-0.33514846066613274,0.802928448030234,0.43682850948389396,-0.837026286056947,-0.8208196595183953,1.0556430599014799,-0.9347595368659063,-0.7382854901735132,1.0244237701428915,-1.5011137348262127,-1.9298395114023934,-1.0011174520171349,-0.370714538815946,0.3959233041600271,-0.31581749208193494,-0.8569705856251834,-0.24745452114990527,-2.7374460824770757,3.2330399765727402,-0.9632169483386261,0.0014013639619793227
3512,-0.1272384045073054,-0.05707360301119279,0.04480013540997747,0.07159118059196423,1.6106534020003056,1.5885667286847331,1.5296164910419294,1.6761032102124722,0.5923175048235293,0.8262967173281143,1.7896077655508107,-0.3606240436516826,-0.19859401253336537,-0.33855380900928456,0.18695240441843625,0.21981032348976376,-0.5123585868482806,0.26644173709458413,-0.6454495701335955,0.18695240441843616,-0.21031274032966624,0.4568403572051071,-0.68936985494652,0.18552105542315392,-0.7215736093492514,-0.210312740329667,-0.20207146676916052,-0.3126405148674258,-0.19191017084562256,0.7979212030453381,-0.7070896786590634,0.15530271835222903,0.12231638354638369,0.0937135693452621,-0.3726762147013236,-0.43559710208787683,-0.31193197489965174,-0.580945153055702,0.14576850605601577,-0.41968439618920156,0.15708671090582615,-0.06894352409696425,-0.1715395577763904,-0.12784439058012784,-0.10763061258042252,-0.29640177556668673,-0.10910683382462227,-0.2801880564297468,-0.30991830156237266,0.23509865237233002,0.29288699182891914,0.0542660502489673,-0.9280391827412895,-0.22829649416901243,1.6416104225076864,0.397445932569393,-0.33085326584159264,0.6261811341199823,0.020025857841038247,-1.5174738695268075,0.4336789687887423,1.4884020533538949,-0.27554653245354377,-0.6332521940452862,-0.9483225265420628,-0.8662204121507965,-1.0142762376370804,-0.876688506856383,-0.051588747920427024,-1.1423017052720583,0.014191359964197839,0.4846064037381325,1.008128734428057,0.2731444960927166,-0.9868672711845453,1.0568914360968413,0.1328863994881192,-0.7086736843170878,-0.7752718363115613,1.523242563989753,-0.7890820585145644,-0.5426257723131156,1.0578141365939002,-1.3800834245963298,-1.9254553099881486,-1.0526443547648092,-0.7155491595907654,0.2575467821610681,-0.3751606317001893,-1.0878754605167549,-1.4179759366926346,-2.708407934498118,3.0975756201144122,-0.7404657831473149,-0.30842498214446623
3513,0.06362777800409737,-0.11534919243576434,-0.629448896408417,-0.4998938121630791,1.423041870294137,1.5985415460176184,1.5149729996254386,1.4835403845736814,-0.9176049236379963,1.743400443343492,2.3165920127940733,-1.1479309174444448,-1.105368352557808,-1.0520273071631023,-0.20747321687969544,-1.022368870259358,-0.7117106157261166,-0.7507789216670836,-0.6947797969766294,-0.20747321687969578,-0.3453440174742749,-0.47702355242712097,-0.8148513433061474,-0.5668988189801398,-0.7793850531753116,-0.34534401747427546,-1.5341036720995138,-0.11990910196106587,0.3507324447855508,-2.061380667705171,3.199920697417909,-0.9392150050697933,-0.5424507203175081,-0.47811257422706155,-0.8859844228355161,-0.9713683543869303,-0.9127064759256391,-1.113657052907516,-0.36170628995183157,-1.058684001381244,3.0076563408053296,2.5424047131133665,2.543237951881802,2.2053601116595845,1.9449243835470358,1.4075619962891452,1.7392513340958136,1.2352332578106275,1.2636791246611785,-1.3476817871293163,-0.2943128517320656,-0.20302014178302188,-1.1303003455007403,-0.8771529021597887,1.2499879088562165,0.28043009474575264,-2.579412139999737,0.5838609180755968,0.03822504189713325,-1.3335211361746155,0.12202808996605143,1.4534941327105237,-0.8347356566771807,-1.2979424693271813,-1.4157887357022754,-0.8937249146037564,-0.8196989878968937,-0.946250593653221,0.14654187804059754,-1.0874734377664053,0.9888735186935597,0.3182810502008817,0.7463250197147842,0.5836857493908365,-1.3180952417963707,1.2369739956062173,0.02109300626860634,-0.5673634287172457,-0.6284943531473619,2.3928356944753815,0.6088800562449916,0.9883270987559832,1.052800211744139,-2.5112149924272655,-2.0988980250209606,-1.1261125897479363,-0.8363968579679734,-0.025468886721545184,-0.4425229286331324,-1.599530089294009,-2.7109856618120647,-2.719920328500116,3.028234045117191,-0.6731573404311852,-0.603345722066742
3514,-0.5285302134759678,-0.07408223713455768,-0.31183544609818337,-0.01157176196697621,1.4351067793098768,1.5149556312358037,1.432714620478699,1.4500806368225727,-1.3814927279450466,2.0441224716882753,1.8394538704907906,-0.34943144970061607,-0.15161203135732534,-0.3926627067566708,0.04042978215926943,0.6306266748746859,-0.6375915954798399,0.40019905026576325,-0.7014876388903195,0.04042978215926926,-0.2065839512627603,0.5233741470575358,-0.7841079821113872,0.24770197825136747,-0.8173669660577084,-0.20658395126276116,0.7551252046495949,0.06867239099794578,-1.060468502046217,1.8876878994073276,1.3847841451433833,0.11224232048112287,0.06103613151526267,0.05740228420949599,-0.3729425261938531,-0.46574570978960084,-0.5009653906161494,-0.6359568829540297,0.04678348675767044,-0.5314782429775949,0.6605192482472777,0.9481949847937694,0.9768892253508622,0.9240606409413455,0.8362626482539102,0.5480513804335654,0.7749229723579442,0.48739336733470495,0.4815116606054192,1.1364642208186098,-0.05574549374584759,-0.08669600522539712,-0.6189058737516215,-0.7062301597413339,1.64495362532084,0.4877537133725173,0.8847072864292125,0.5626048697852779,0.026422198066825654,-1.2098239626551626,0.0926298289080144,1.3642514124388905,-0.09728183539865053,-0.7022732905290591,-1.3416437137261656,-0.41964147150857584,-0.8335888436399133,-0.9177114813053269,0.42098359645962263,-0.21752539537282184,0.5082168143116071,0.17191136169303511,0.9307683199844361,0.5327739692546563,-1.6090778364970368,0.7197689913196305,-0.6982580538359092,-0.19545973061792368,-0.33994619468566795,1.4091918036849331,1.1263110985451321,1.4609668998098604,0.5909152652392728,-2.7133896215471127,-2.103599474770114,-1.2427592350394892,-0.7626531479235136,-0.37847659559026475,-0.40290084890043,-2.2293001627272364,-3.3722031545794713,-2.705949284217746,2.9405413952317847,-0.6516762454601966,-0.6798444382511665
3515,-0.031101564220642582,-0.22177186390878476,-0.04450863603194125,-0.24359660314602974,1.4235373811064458,1.4065451382884524,1.3702199634247232,1.4837726552232189,-1.4702825443451117,2.151177570435321,1.6236950778723216,-0.6366669702397685,-0.4634623528792738,-0.6698156721325498,0.006940518372216936,-0.08440078376511552,-0.6792828502933588,-0.044248805855412895,-0.7221315008643526,0.006940518372216479,-0.1802482847374552,0.10913050314722551,-0.8174471851713098,-0.0346603961918052,-0.8557389140229831,-0.18024828473745602,0.5656724420738616,-0.2589318162491798,0.8811990310986979,-0.6741639378427627,-0.9699710499648986,-0.1842185337920976,-0.14700627226009869,-0.18148278415082358,-0.5201618133695969,-0.6600169988307958,-0.7869695214095869,-0.8528854484022803,-0.17360822993156563,-0.7885451383016375,-0.7993809920969726,-0.13643513940387034,-0.1732618118500631,-0.05523996338854018,-0.03286304522167341,-0.16332844141652672,0.003682277495586053,-0.15246491662019993,-0.1831825077530503,-0.4820777768548274,-0.3568349299201696,-0.30194550030704204,-0.836169930229466,-1.0737233960175092,1.4499172287389543,0.5343280638663999,-0.5916952656750142,0.5180890505296234,-0.03958095184952467,-1.0959675330168674,0.018423205952893765,1.3378417492386396,-0.3557311358962096,-0.9618972175662577,-1.395737762795564,-0.14073507265183047,-0.9110067039491192,-0.9308951606163237,-0.2249828113941395,-0.4201608336425665,1.1846090754795429,0.4007184023195307,1.144843226430943,0.512216251910989,-0.8128868340102716,0.14194381523770871,-0.5401356092162882,-0.42973493674378027,-0.12326658050250179,1.1036521535908506,1.273409506905681,1.5454124913806009,0.3177775384848271,-2.823422584205152,-2.0342936497660777,-1.2999295125738934,-0.6310290205954794,-0.8050194508260604,-0.36802931498279584,-2.7047885804486835,-3.5219111581782103,-2.703389427094671,2.853942664397763,-0.625075855172208,-0.5564811876870792
3516,-0.32602789448500125,0.2353236919438958,-0.04969042557828132,0.3103950587426345,1.4644702584880487,1.345087919881512,1.5125271894954464,1.4496422771770547,-1.4074873843488471,2.14017514875541,1.575472218426864,0.10801461980477955,0.346978713882761,-0.0005063111598101627,0.3810466275685749,0.9301498344702318,-0.4866495954711493,0.807973400946654,-0.6713308713799924,0.3810466275685746,0.061356039404833765,0.8328868225198486,-0.7087432991339091,0.6500418123240385,-0.8623228729269463,0.06135603940483354,-0.0188018123865436,0.7329439124571151,-0.4681672204355471,1.9085428368604374,1.4147397311843941,0.7079841358046124,0.41210664140631614,0.3479948748025598,0.031048613407843362,-0.12739370363580022,-0.33036778141057427,-0.35192365736487075,0.29056364325919615,-0.2235920093288859,-0.4540907253348545,0.16935101430931912,0.15947210891156294,0.21995272771117974,0.22579020651709966,0.06371764105729989,0.24364847756171348,0.04920116768982478,0.025716223648553114,1.0648148624484348,0.2438759101288902,0.18142828079517392,0.00909308284306208,-0.7330489447832413,1.6316751134556893,1.1374958641017119,1.1325483108787402,0.5008774449298631,-0.13580682534365482,-1.223988820164332,0.11411813569750767,1.3148567890211016,0.31495549600994527,-0.3538090170095002,-1.199713157589529,-0.28706025071398666,-0.8496991617494428,-0.8275350885774407,-0.07855838779073927,0.0887566964041791,0.9880672986461203,0.5001299784666458,1.0230139346373683,0.44135459850564707,-0.883768126336597,-0.17677783239093772,-0.8694381166004349,-0.3559611688019437,-0.2926000248770634,1.0389213008428053,1.1778605207031414,1.4795734016359101,0.4632159127386634,-2.422891339605823,-1.8949651389732896,-1.2920407943670866,-0.5084386901122239,-1.207166217061547,-0.32595799938147635,-2.860558331812006,-3.4224704511201685,-2.6939104624088266,2.838102405047115,-0.6284261873103413,-0.49097547158612753
3517,0.444499445517631,0.6250281302942666,0.6121722749283904,0.728062282950292,1.7530895823049433,1.4639889931742034,1.6777713019818075,1.4941868180581483,-1.4675323393473578,1.9853831610625159,2.016179414040047,0.5527977397228846,0.7843130945846677,0.4357005614038577,0.73725401038586,0.8894309722908852,-0.2047070806460506,1.0323584555795071,-0.5415934473095151,0.7372540103858601,0.3582573357070222,0.9863725351726659,-0.5266769989005611,0.9419838900891074,-0.8287199738285886,0.3582573357070227,1.1156742962929318,0.5155827821471185,1.121217826515578,0.634523271982863,0.09484314555445075,1.1254828122754976,0.6850950695485253,0.664857933872384,0.4261827408681232,0.2120942420946643,-0.03453150837541192,-0.01951749928939946,0.6402484558979687,0.16255255566524754,0.18110683941176076,0.8136710346386967,0.9423123965643833,0.8749063422423221,0.840107545474746,0.6102272770348579,0.8250926121618988,0.5439978155678961,0.5444633720299223,0.6505113474563685,0.42648505761512684,0.5256696458639125,0.38779326086688215,-0.7977918644720754,1.944737910525778,1.139867489757887,0.9015105923410618,0.501328367460692,-0.29467061772901715,-1.2376799287782865,0.23999279245699434,1.2956348488106562,0.7190506097271115,0.06759301329909452,-0.978161848714665,-0.08614003329985391,-0.6822155771981483,-0.6731586151480927,-0.6515873257424944,-0.3990279433762445,1.3660008813774813,1.1648831335998435,0.876723506683705,0.3663332826214414,0.011515752209884586,-0.3850986465055114,-0.32454977002935115,-1.0120734746802333,-0.06604666321297262,1.3844747595445257,1.2920430765813222,1.5479834426949768,0.3085473464411002,-1.9169015430517498,-1.4886871256350178,-1.3476467029504935,-0.3567349065286854,-1.6501677401805455,-0.25340269563622986,-3.0332152071751035,-3.1767214131547266,-2.6524949155510003,2.826281629232252,-0.6374580045611968,-0.4676216190775861
3518,0.5563776119756145,0.6003847678000345,0.8149918733630139,0.5899473661680561,1.3559188204213808,1.7246578610458583,1.6308679234145869,1.4708993451306287,-1.695408851014145,1.934643253904417,1.994802224702314,0.3518961995040229,0.5552363239663571,0.2479787993632541,0.6900390179406907,-0.11212574405960375,-0.0802194540019237,0.42962198851820965,-0.41032400935807256,0.6900390179406909,0.47909294667879976,0.3928668710934739,-0.4155889558335407,0.5746766704308871,-0.7803285166497512,0.47909294667880076,0.19573747883029605,-0.12502598920634098,0.07567810238587443,-0.03241000426323438,-0.8107231156214734,0.43465624864531127,0.4217983119830893,0.44895026291143375,0.3276149168834452,0.04409257059700585,-0.2649595839758118,-0.17845446304257415,0.5017369271008151,-0.019081141959972948,-0.8283373142318915,-0.4984259770541387,-0.35789261529885075,-0.2573768203430002,-0.17732371584625453,-0.2546452149832709,-0.10716748050913431,-0.22684264207592011,-0.26338734043120154,-0.3258918239264971,0.8676859417542676,0.3783363896995207,0.41782121858350324,-0.7354369623579927,1.6757779265091353,1.2008602055016353,-0.26603089413841463,0.5007372338813038,-0.4592250451483474,-1.2463645369707685,0.20819242863589094,1.2807119161599463,0.531919598724969,-0.10146691970958109,-0.9858480195317472,-0.13743806046369197,-0.44660717567716435,-0.18635497946775212,-0.335320886420285,-0.41204006038794916,1.9601056724303643,1.2461633389983053,0.5423676643926619,-0.15259907416550653,0.19220334408248713,-0.008485411724257286,0.14848547860597408,-1.0836119593050795,-0.07654883098173479,1.3363804431840802,1.4906532401519177,1.7550603649995706,0.3064662586110333,-1.6484094299928487,-1.1297884215071883,-1.3191209531860821,-0.2710726457354855,-2.033975799622278,-0.25551555919293895,-3.0009109827835077,-2.9430330300099437,-2.624025668065485,2.822768897982688,-0.6700302021521697,-0.45671978497830307
3519,0.39086164391103256,0.36879682937614794,0.39820586117199264,0.2388143095385393,1.5224485399098866,1.3328569063892555,1.4579877478014496,1.372047955723744,-1.5402078208332965,1.6324189227267798,1.7799486561989823,-0.0946698908386292,0.05707269442587117,-0.18150546655394428,0.3822152050125896,-0.7723625890786507,-0.14070540702070278,-0.16593126804795708,-0.34116293387555263,0.38221520501258965,0.4238417183230155,-0.19196652404671052,-0.41216376684428224,0.11602711295514014,-0.7444314791611936,0.42384171832301604,-0.6965694732011719,-0.3687688413901069,-0.2710029651693952,-0.423756185510486,-0.10582065914466744,-0.18856516244091542,0.0642222456625623,0.09196781409612083,0.06997952594896761,-0.2837068081757825,-0.7056169753909884,-0.5051329337865147,0.1567553463800778,-0.40327246354790053,0.10574985760666765,-0.0047736774158997795,0.1365923098734437,0.21763437450864848,0.2695039920109961,0.1354032364029399,0.3072018885509654,0.12378285680077106,0.09969352603162296,-0.6022358624262918,0.11944417815216178,0.04669724156723006,0.014808727640031567,-0.6472978143288374,1.6571337004971862,0.46896506390316467,-0.2351702495472554,0.5568367280061358,-0.9307502254024506,-1.3571451745166074,0.1705862031542364,1.2709153164801748,0.11793910245459746,-0.4742985937309347,-1.0179519701710513,-0.3197331225512497,0.14081351746393347,-0.29252353902376366,-0.22422426100793819,-0.5477514672220459,1.6548167696133773,1.2944159700303899,-0.31143887457542035,0.5967123698956965,-0.07243375958344968,0.23102387525320908,0.1430439484657514,-1.1649026185465758,-0.34663139505863066,1.001024230570893,1.305409468990431,1.604554369798855,0.5035041308647333,-1.1236589699668462,-0.7094353643723134,-1.2053344835183102,-0.3383428435327683,-2.4881921175949557,-0.4011071306578593,-2.884941497548443,-2.764030776055189,-2.579713896605732,2.734234768327531,-0.6897745439705527,-0.47006806316234373
3520,0.162037404373099,-0.05838730840801518,0.14828027203628727,-0.12593725236844644,1.3030699544793773,1.527246778919028,1.452538011681738,1.3545496700988202,-0.797314591810135,1.0318121487821665,1.7458409629012024,-0.46029455256315144,-0.3380182904290982,-0.5497991466216462,0.03747842975321813,-0.8875755468239475,-0.30974955512234675,-0.47658024659304704,-0.3535398661806659,0.037478429753217996,0.27667816295208336,-0.5037193958550524,-0.4876702270055127,-0.18987891823389827,-0.7358142084100893,0.27667816295208386,-0.374173849611159,-0.518758138360881,-0.2938961139781311,-0.6355100403615745,-0.7287825655323079,-0.7171374300200335,-0.19486122805059813,-0.1832999231015102,-0.12349867276863424,-0.5349540990425845,-1.0649664931536622,-0.7737287314029538,-0.21033109283076223,-0.7284331817537287,-0.4310351965378189,-0.39137884515964805,-0.25315303373454534,-0.11096416945311255,-0.018798430169794083,-0.1041600921759663,0.04031352606190784,-0.09849133245965927,-0.12993671718968766,-0.525034869297711,0.10684466222814336,-0.18087043726866212,-0.23557767137687377,-0.9212571199521462,0.6374577950298309,-1.767411411316578,0.21505673751420948,0.5965386664212554,-1.336745763716099,-1.3907011243571297,0.12638863311357687,1.2692101503971331,-0.2308671676970241,-0.7822007366551073,-1.0578814766409366,-0.4076792688520633,-0.41874126094371916,-0.6185967869790868,-0.5868315991238073,-0.7384920171357944,1.7420101197088604,0.6300060268074592,0.4007694895887314,0.5656419768014852,-0.0118316303667737,-0.04212939342322834,-0.046229565329086814,-0.6962580656459312,-0.5725920452901224,0.06662001503186583,0.6062580623911862,0.8528016876810499,0.5603243305605906,-0.7727282389813408,-0.11666713945292084,-1.0735918152280057,-0.410408462579603,-2.7347024707677328,-0.46294211366179777,-2.6783955418472765,-2.6028779978900576,-2.498706782138894,2.6171534103137386,-0.6900677802449705,-0.5595200702955268
