,open,high,low,Close,vclose,vopen,vhigh,vlow,VIX,SPY,TNX,rsi14,rsi9,rsi24,MACD5355macddiff,MACD5355macddiffslope,MACD5355macd,MACD5355macdslope,MACD5355macdsig,MACD5355macdsigslope,MACD12269macddiff,MACD12269macddiffslope,MACD12269macd,MACD12269macdslope,MACD12269macdsig,MACD12269macdsigslope,lowTail,highTail,openTail,IntradayBar,IntradayRange,CloseOverSMA5,CloseOverSMA10,CloseOverSMA12,CloseOverSMA20,CloseOverSMA30,CloseOverSMA65,CloseOverSMA50,CloseOverSMA100,CloseOverSMA200,VolOverSMA5,VolOverSMA10,VolOverSMA12,VolOverSMA20,VolOverSMA30,VolOverSMA65,VolOverSMA50,VolOverSMA100,VolOverSMA200,Ret1day,Ret4day,Ret8day,Ret12day,Ret24day,Ret72day,Ret240day,RSC,bands_l,bands_u,ADX,cloudA,cloudB,closeVsIchA,closeVsIchB,IchAvIchB,CondVol_1,CondVol_4,CondVol_8,CondVol_12,CondVol_24,CondVol_72,CondVol_240,CV1vCV4,CV4vCV8,CV8vCV12,CV12vCV24,CV8vCV24,CV24vCV240,RSC_VIX,RSC_VIX_IV,RSC_VIX_real,RSC_VIX_IV_real,RSC_IV_gar,close_spy_corr22,close_tnx_corr22,vclose_VIX_corr22,garch_IV_corr22,close_spy_corr65,close_tnx_corr65,vclose_VIX_corr65,garch_IV_corr65,close_spy_corr252,close_tnx_corr252,vclose_VIX_corr252,garch_IV_corr252
3078,-0.08915150297407043,-0.2296874168037905,-0.2827025486859926,-0.4058506074467919,-0.7944909817096543,-0.9177229175391208,-0.9119575722261895,-0.9088150377728643,-0.8888699030088845,0.7428962296285411,1.7478493133011066,0.12084329999365188,0.1308492632670218,-0.013918549302646918,0.3179422196815906,-1.3762356596599838,0.2774920348417319,-0.5177855397259543,0.2095736036268722,0.3179422196815908,0.7070234780661917,-0.8884067573965931,0.21014382985411348,-0.0242822986906709,-0.05526673062295583,0.7070234780661923,-0.1997823673965561,0.3001565941703777,0.33676116326140687,-1.4482122749215807,0.3163918307315848,-0.8044403182819704,0.20024255585694406,0.3295209259773516,0.1798352607591431,0.28942269408405163,-0.07226785365464004,0.03395765932907898,-0.3659488659343279,-0.15886726395472087,-0.6384873412013989,-0.46033729065320517,-0.38030268695940866,-0.5991204534784348,-0.5247517584661222,-0.3973402607420628,-0.5145936403202052,-0.41876196482568295,-0.7125223167382744,-0.7826726456574842,-0.04244858382315964,0.49985138229243,-0.09477874003462865,0.3199766919883987,-0.6676601308025094,-0.5380703687767143,-0.34285437833190047,-0.300868738465786,-0.8795197818403694,-0.7338253513260206,-0.6804981222836958,-0.6230920008321452,0.20396480026599545,-0.08240582934265096,-0.32143889980734147,-0.3166999643594305,0.24017402957679854,-0.05979131534889913,-0.9244323073683359,-0.8602473724041741,0.3486416270135283,0.2320265496798202,-0.32922187218955895,0.2603387079761482,1.2599319882879125,0.1181794755534847,0.9549345941721463,-0.9684455281128921,-0.4537144903288838,-1.3414737984424456,0.8693016741861026,0.8833749977850583,0.2295037434919024,0.5714227886615103,-0.930645955565479,-0.13388097898785856,-2.108727456004949,0.4320538246816285,-1.9940999231640424,-0.12918844267492943,-0.7836039199717231,-0.9147585239677838,0.15993349277508398,-2.4666636052116973,0.5465530801180836
3079,-0.32737471270247565,-0.3758542128445151,-0.24449636068645728,-0.22537502491426933,-1.0010200627706376,-0.8042287997742817,-0.9126561043244625,-0.9402620633462949,-1.2325359742845259,1.0558399231348266,1.7294481274065798,0.40120597874764535,0.4581818054832023,0.24069090777222818,0.2815120258975306,-0.09929964274150754,0.3031099547678936,0.15518167067475877,0.24508058542024205,0.2815120258975309,0.6585532589761687,-0.23190337461144905,0.25408857930820755,0.3417056306011401,0.010730218090133761,0.6585532589761691,0.13311230214727499,-0.6198435156272837,-0.9037073243856418,0.45151645163498944,-0.6766104491941276,-0.007745505689077609,0.38664838331030343,0.5392177588253719,0.4231798689670969,0.49347924611594013,0.12166758752418008,0.21667197033042787,-0.19689655520098545,0.03642250467009209,-0.4256977144429014,-0.5000900941421548,-0.4490661846739504,-0.5303729205032467,-0.5692675481607963,-0.442160642545672,-0.5464916177129923,-0.4581534549595197,-0.7384365670649938,0.7104547020125017,-0.40265766756162463,1.093800025789324,0.3685491714912944,0.11599567761120219,-0.5303031060900051,-0.19369175193563062,-0.17204445886194047,-0.2724614776263708,-0.847613163708019,-0.7259927424066167,-0.6128936305448565,-0.6190078533274024,0.42454743823214985,0.11038026903206213,-0.2359696496999293,-0.3277534982651661,-0.5514758261818582,-0.671374899640406,-0.8671847930825957,-1.0191445241405612,0.28107989199814515,0.4166699561949338,0.5267260172876228,0.41332522238478425,0.5270532860534903,0.45918393793297213,0.6902850040279314,-1.312515806969715,-0.14445844108564426,0.24102063005443058,1.2198071649162128,1.2266268570414212,0.21100467946636134,0.8113034779081906,-1.0658128241226401,0.5324912283394719,-2.0592737793916096,0.40793714917372176,-1.9457251372661502,-0.09582305544618136,-0.8690911972820897,-0.8753131022118885,0.14228214391140828,-2.3851477223757045,0.5407316987474962
3080,-0.2845042298685531,-0.33255072812510006,-0.1758168699067567,-0.2629217879248267,-0.8544499154274553,-0.9775238782797321,-0.8982624327880782,-0.8795477877817605,-1.0408863949609222,1.030239058188666,1.7211712252054963,0.3239962615222327,0.357000263128274,0.1798743899261403,0.17012305912890996,-0.30512510984844693,0.2979687906271719,-0.03929726112954161,0.2670829253258994,0.1701230591289103,0.5730607753491261,-0.41251101995220735,0.2766337353319636,0.16984247584545037,0.06857635003508146,0.5730607753491265,0.24490883736679323,0.18206664525666155,0.1578059096184186,0.08342251040650457,-0.8147328118638814,-0.01381967224011967,0.1645617239885422,0.3718127893854636,0.3780253915688639,0.4261819008216379,0.09746214773811024,0.1820238167397244,-0.23281950668618964,0.0015703727700089635,-1.1688889691240918,-1.1296496024719231,-1.0323088172432802,-0.9888601158711452,-1.0298531692244475,-0.9146031510990811,-1.0088500743583166,-0.8730567314168396,-1.0338690591504716,-0.15326218225155824,-0.3088295056813425,0.7451864391388413,0.6071160861318124,-0.10440023211602087,-0.5692625682208778,-0.5958878916281714,-0.09041156262510361,-0.24118017142321502,-0.8234856045149528,-0.6972663867113774,-0.6011868813618995,-0.6146477857808793,0.3468236048108898,0.06944379796748312,-0.22369556725450845,-0.38017180570400994,-0.5695540050402484,0.006003169631647167,-0.9415852958286546,-1.056897052283298,0.0898635836919122,0.09267122657172498,0.5351272277349243,-0.4470690551541111,1.3543054702882502,0.41720017317210184,1.2440681641919145,-0.9696203057633701,-0.4753394582306193,-1.1665472545630198,1.0168077672112483,1.0357917172348403,0.2898914723373437,0.9477533716433897,-1.1142959883805108,1.1338009895791856,-1.9397455746006902,0.38711433272220247,-1.9056466313538392,-0.09240014078330755,-0.9281208062599273,-0.8410450131692994,0.13415957789541305,-2.2972571612249277,0.5370090017819527
3081,0.0021573313770515885,0.15985255094706294,0.16412040984339143,0.2167017989018794,-0.9813119335029139,-0.852115549777077,-0.9553234954783459,-1.0154608538009333,-1.2199130217479075,1.4152858480589188,1.2623891546970267,0.9913596363769037,1.090544406754058,0.8127885702809015,0.6906116292740695,1.4211593609679802,0.5067966980409427,1.2878176029818396,0.3541064503087334,0.6906116292740692,0.7590735182500467,0.9000097835707841,0.41843134102689317,1.1021560857575865,0.14576525572176108,0.7590735182500472,1.2207678459373585,2.0495576203460133,1.0778442119041443,0.9580812636107855,-0.06711851547798231,1.3665440081683016,0.9633366999937062,1.0572937589950475,1.0356185080833893,0.9292016781902949,0.5868817794698973,0.6615632818288224,0.2075995583152779,0.5104866829063198,2.349485374149691,1.396114112815138,1.4994264323984077,1.2552064785466321,1.0473789439068615,1.0518723498691456,0.9704622405447068,0.8969562708421303,0.24251543555169203,1.8714956206801299,0.6588879881220877,1.1456056829474075,1.1250768105992326,0.1748475393116393,-0.24588689254813448,-0.23392844856870793,0.943452761719556,-0.2635906350312051,-0.7405767115382909,-0.4429170412549017,-0.4333355223035705,-0.6100807109805477,0.9363543069394474,0.5830100364377798,-0.0067983464655577515,-0.4877833452995636,-0.6650569904347701,-0.3877439807902621,-0.7067211894664127,-0.8343049858870443,0.1067482240593848,0.4552957138570458,0.6154641310363005,-0.029647490564309098,0.6011967225901305,0.3812339368987439,0.6901735463131976,-1.2104371708613826,-0.3798606232565762,-0.17073531188634775,1.1859391459393982,1.2143679917259123,0.3887169298878227,0.9978243162392338,-1.2255810087939747,1.1560861246448957,-1.80072423573412,0.3766571423240293,-1.8652815441508512,-0.07657761362624255,-0.994414832155524,-0.8062959204527678,0.1344700169966031,-2.2091584341443733,0.5553289933403137
3082,0.21852183899664981,0.3988276500783517,0.3939986234126349,0.49702055637955317,-1.0677575726652304,-0.9795988914093137,-1.0680638035962657,-1.0307128791596183,-1.205946726050972,1.4366075243637486,1.4700661138896187,1.294689766562647,1.3833453407323437,1.1304004091601492,1.1443889793137805,1.2459988515750833,0.7557972578986564,1.5268542571246018,0.49872641313123817,1.144388979313781,0.9882156129807999,1.1145490605552335,0.5993336290606036,1.396848755498721,0.24706727470122314,0.9882156129808009,0.7941221047225941,0.948303852448868,0.7878810144002593,1.2308611939553056,-0.05727113749507855,1.8136636776792288,1.2512505750783893,1.3433189947117612,1.369856708492348,1.1846534700574203,0.8627728524160584,0.9255914559471633,0.4586848004021237,0.8055591341271612,1.1154664066157187,0.6856736155923591,0.6896548145352506,0.6817470972269697,0.5002579785067445,0.5371482304297481,0.46402465479936456,0.4380143142283939,-0.08146767303808797,1.0452502148622784,1.1443216294069232,1.5209164250868146,1.4697447383259148,0.5187913435875557,0.19105308764564896,0.06580206163616473,1.1591525715265034,-0.31231895068341164,-0.6282938579458698,-0.1230347439126722,-0.17812622976750375,-0.6055277843057366,1.0576334328350434,0.8801800978366042,0.32434732301894453,-0.1003366901941177,-0.5983063154171632,0.11696629701205781,0.026621144742373124,-1.0248154919754648,-0.29850285006434557,0.1433550331107704,0.6275930967281207,-0.6082245460643799,0.0861650275385675,1.7526631215375659,1.292286783201374,-1.0056332763289366,-0.10306623328101573,-0.7936404871087775,1.221020535456989,1.1988694393298047,-0.049028463839516506,1.046385047037492,-1.2925743411401098,1.1610694398871968,-1.8560308960112497,0.4007364813968332,-1.8002409191940192,-0.03780415071139916,-1.174576439282841,-0.7660380859112662,0.13716230778269742,-2.1060185685340227,0.5450978255888261
3083,0.5005300374886773,0.37860242341882266,0.3695399203932367,0.3868644811772683,-1.0565119238711282,-1.0421406140513745,-1.0842196125030676,-1.0073160527893432,-1.1558040531891103,1.4488060251992128,1.2503142982562048,1.0650669706736242,1.0911876358211539,0.9470284313365755,1.014809444326338,-0.35008399202103585,0.848763615493208,0.5653889370622082,0.6279257015570786,1.0148094443263387,1.0107156410331606,0.1190168575739484,0.7055645912640156,0.8118798598432083,0.3516552848594616,1.010715641033162,-0.09920156790541487,-0.0950887046341282,1.0051573777887342,-0.4675105492959109,-0.03333472952997488,0.8824235949752068,0.8498943279420952,0.9418269323429125,1.1570838029639747,0.9969509950539849,0.7448346904051317,0.7919267424377872,0.34800237809158474,0.6910021761086006,0.18123081001811497,0.2466339817360731,0.1344762132319551,0.2782235454380456,0.09893342196249141,0.16322053897535238,0.09304413078924638,0.10597549414313001,-0.31231462139551536,-0.4222461665460899,1.3054318630066832,0.8373861445371633,1.1272208225850173,0.5291946966733235,0.24006186768090845,0.027386862903331817,-0.542575549142092,-0.33413296476384724,-0.565015890280045,0.14817928456069765,-0.17322800239729128,-0.6009887200731159,0.8646705197993314,0.759083125272957,0.3277193584585147,-0.08487806179018802,0.07091745144033186,0.7641355321069295,0.619156875437436,-0.8635945198380505,-0.8548948742906655,-0.2372566566472506,-0.09550503070701856,-0.8971457139433622,-0.07680260997642174,2.311568321878645,1.580431775061208,-0.4327250453949097,-0.10885514157885669,-0.899256104773753,1.1712010972480535,1.1485128200594061,-0.064788099851006,1.086434867797969,-1.4511869786253875,1.1614693105499714,-1.8863634922977905,0.4286001821175927,-1.7676380931825768,-0.002406683599673463,-1.32641278616674,-0.7321780891036949,0.1396976612888026,-2.0044471640709802,0.5269281939066434
3084,0.5095927029975252,0.39473423866827984,0.5393249828428958,0.5479121914407855,-1.1588257943874647,-1.0530652208711235,-1.1308786263099353,-1.1279022986591332,-1.3132231423007972,1.4630656307866337,1.2309683993490734,1.2359140275259466,1.2645640494744894,1.1237478320086316,0.9900852676805469,-0.06590766632144698,0.9630438313827858,0.7028709601472278,0.7542127762268558,0.990085267680548,1.052217265103023,0.21292379398974162,0.8229601143299436,0.9002678115343395,0.4614209696379821,1.0522172651030242,0.571445841865302,0.05066764552869691,0.016792998499173716,0.19013533106459274,-0.8220151407212141,0.8892729260077196,1.0624726063427081,1.010163839408157,1.2846605322155686,1.1200047401155493,0.8970958285186641,0.932053419076249,0.48705076351923193,0.86017508453662,-0.688605967716374,-0.28382204622053536,-0.36624331249066366,-0.20194072118853426,-0.360304034698014,-0.2839891166234488,-0.35650554898754006,-0.2926859486418224,-0.6009192398536966,0.5852126142210733,1.2449523613426083,0.5474239104642168,1.592068009247972,0.9266036133522191,0.2852986349564746,0.22652632782500798,0.6397632501890895,-0.3731492080050625,-0.4546081263569659,0.40332617540513355,-0.16813428190661867,-0.5964632354183695,1.1195444859657537,0.9270477841016351,0.33148210369692355,-0.18232422908774237,0.45286867628131305,-0.09341495597992047,0.28943136279558807,-0.8280572714010355,-1.0682337471359793,-0.29099221062152764,-0.5319035010021643,0.46498227779150514,-0.5142267114175341,1.7737507280132265,0.9006569028104601,-0.3416875751857087,-0.0913842462320193,-0.3660596624363494,1.3192129140144229,1.305746485835869,0.026173810659281645,1.131106316307483,-1.581889154950882,1.1663991241259937,-1.8613956532023537,0.48165860960250884,-1.7301304037990606,0.05613590613570529,-1.4513885980678745,-0.6949295773417602,0.1471343689353899,-1.9115620753535212,0.5057093753902445
3085,0.524045590890912,0.38296682003700777,0.5690543632228483,0.49160854282235095,-1.2316391148560504,-1.1537525562581075,-1.1346345602516337,-1.2065882013571716,-1.4287887331791267,1.6045823917479476,1.1778753635165358,1.1070918719960214,1.0975586195501765,1.022915849913537,0.7383225471368255,-0.6935214639081111,0.9907960063319604,0.1741909270176103,0.8483550901329868,0.7383225471368263,0.9808461312343474,-0.34171602260705014,0.8902723186404563,0.5164972045744962,0.5644877150780367,0.9808461312343476,0.08807323948375062,-0.05751699397724557,0.039090909628159025,-0.11424353718352276,-1.0271738017296341,0.19759955637591614,0.8227848369931114,0.7661633473941251,1.0983784652550086,0.9975039100648307,0.8331018566030339,0.8574657452510236,0.4307208654301606,0.8029460679573044,-1.4032856023451221,-0.7390910318602206,-0.7426646740162827,-0.5992253802892505,-0.7386716595492021,-0.6461949395931025,-0.7137399677924205,-0.6052642344779272,-0.8367726294597995,-0.21957540274725795,1.2141413869012923,0.593450561541112,1.2767856457757216,1.126600392411014,0.2353005518032448,0.2332356699020125,-0.7179640474784984,-0.39499635850602804,-0.3558858164767039,0.6380004537669629,-0.16317370320923597,-0.5919510502076503,1.016051910549276,0.8632064880554245,0.3349298807233436,-0.2637545106167566,0.47172492577565583,-0.6313238094355252,0.8497650894445377,-0.29634074953326506,-1.1548913735283477,-0.5082979698243062,-0.5705532727320346,1.144367984013888,-1.8745967698692372,1.6787897473329891,-0.12024967671527426,0.34691745382977457,-0.19120350797880986,-0.5285117940030871,1.4265844683007192,1.4212645533575559,0.10393027860442908,1.1710234986714088,-1.7223914722680402,1.182347907619534,-1.7834170791168562,0.5385531601104002,-1.6970212053109117,0.11406727285862221,-1.5533150549672095,-0.658482542172662,0.15084799416378175,-1.8217847705452823,0.4851619231290384
3086,0.44590481516517594,0.3078438873359276,0.43830052723215474,0.4252101620815228,-1.1992481523185732,-1.1983203763618355,-1.2276540821894968,-1.1824390811436545,-1.4376996530134716,1.5473927630031206,1.1600849049407131,0.9552291570170025,0.8981268249793447,0.9047929161495452,0.4072040817775278,-0.9093176287730041,0.959397535572702,-0.19122041730494246,0.9002839981622,0.40720408177752904,0.8350110999657498,-0.709875140242822,0.9149341055628354,0.18809122792056285,0.6528131488463853,0.8350110999657506,-0.45893495312266436,-0.30840480882063676,-0.2926684505786725,-0.06724087479638323,-0.7349832583809167,-0.1573698300379782,0.5563623799215403,0.5794297587558281,0.9015644653350688,0.8694115258502186,0.7605990238544733,0.784047459988065,0.3663113317654371,0.7361064479180042,0.0792417303446251,0.1205768568954256,0.16098603859263713,0.14965937683372638,-0.058544926691293644,-0.0075450811521433694,-0.0424566168223746,-0.011380178454919981,-0.41214329895878,-0.25850228272962655,0.30123821818947816,0.6392545310028123,1.0856469315700725,1.1275350206088968,0.1887689318417727,0.08517293040370877,-0.12777197230541731,-0.38229496585483935,-0.2683330073917222,0.7229016871207065,-0.157002648539103,-0.5874518869504494,0.8944526689157157,0.7891631653225635,0.34115356584002854,-0.37515725169035075,0.44863673398069354,-0.6900784199571106,0.548264779097813,0.0493384373018423,-1.134576652636693,-0.5665125220638771,-0.5695929748532292,1.199852583327813,-1.4984423197640169,0.6872706044599908,-0.5675409322739106,0.6975345816288308,-0.35858494484581593,-0.8192398839270424,1.4212152621596432,1.4309709266293917,0.23045536691319168,1.1808512802578888,-1.752369282992602,1.1933666907804086,-1.5994739927249106,0.5719646510836831,-1.6727382021739021,0.17127171419313114,-1.6213621213668414,-0.6215339019996038,0.15306128626620372,-1.7272355591464899,0.4759894991543446
3087,0.45834474302494826,0.35530374672586473,0.538587145621523,0.4987847170074869,-1.3495535558694158,-1.2181224590103432,-1.2678907145174623,-1.3367670404992056,-1.6000170944298853,1.6182908654726544,1.1471238449364831,1.0419199650948268,0.9989735663698076,0.9879434764604395,0.2570556499720875,-0.41221021006469805,0.9537786997717733,-0.0324353552820606,0.9329683412615503,0.25705564997208813,0.725139533023265,-0.5355687743774108,0.9425239049554143,0.21221676772066314,0.7298757653308007,0.7251395330232665,0.326195978798957,0.17398680520177992,0.03013563053598294,0.19413854032862016,-1.0016283828012709,0.07943862812173333,0.5548485902666138,0.6179103692789132,0.8836116033541599,0.8945009281046173,0.8202689551804826,0.8466096315478213,0.43331993431929944,0.8152130319267474,-0.16867898342113072,-0.23773895075017165,-0.20595266273972776,-0.20572095454851091,-0.3512334891675589,-0.28906685905241425,-0.3276613786109409,-0.275633240221051,-0.5980802964022593,0.2552380046145883,-0.030392375722157413,0.7340944623762855,1.196412954737782,1.2569266603255358,0.4945012394888931,0.05908994093611239,0.06588526315947939,-0.3286226721789849,-0.18921600226921448,0.8212066224597614,-0.13975218805135015,-0.5829654707140107,0.9864939074627543,0.8635706446855658,0.3618894593192749,-0.4773678574219613,-0.4546878803743426,-0.6383667098072152,0.2368247335631619,0.10485013053012676,-1.0869635838343261,-0.42107232130384686,0.39022505253908973,0.44145244785727833,-1.0003483358978777,0.1593386480132578,-0.5932191489053124,0.5737798617021025,-0.36898934696159846,-0.44778459978443735,1.5742204544922838,1.5924436209780042,0.31928266892323615,1.1771818255910715,-1.7429640388407415,1.187258561330879,-1.318135916434753,0.5991594234021829,-1.6574876716676825,0.22592543969438,-1.6401587849844743,-0.5784124824308494,0.15639412101497477,-1.627662130071596,0.47003275897561636
3088,0.5186257150449178,0.4610832931774162,0.6672673451506868,0.5543919105792248,-1.3712518703635206,-1.3614104614260873,-1.3596848247812834,-1.3601056150281583,-1.6856824227183655,1.615165130493459,1.2658074784547029,1.105212387462581,1.0731111443600725,1.0487618501906917,0.1788087849529965,-0.21485388358527818,0.9562165575814425,0.01664700603726787,0.9556131572735067,0.17880878495299773,0.6315328873887956,-0.4568614460833056,0.967232840950614,0.19076484449827044,0.7972142715845837,0.6315328873887965,0.4152642231274269,0.39944126729027213,0.1963692663273854,0.1764850788976488,-1.1185639531616314,0.14755066249570528,0.4641750137638943,0.598600038425487,0.8535596884388142,0.8970037927843753,0.8614249891732252,0.895628013825146,0.48311086369749656,0.8751138578861356,-1.9978234497945542,-1.6812893550554426,-1.5869415596688858,-1.408695617140925,-1.4382117602301117,-1.3212714980511697,-1.3849196377062571,-1.2176571528729923,-1.2812750839655245,0.1855608961407976,0.2276760874391388,1.0230856527704215,0.795493876310469,1.0924219270493276,0.5001430198251363,0.0360514536160106,0.2155654916894253,-0.251672904786755,-0.12201430865190517,0.959774330456842,-0.0929610600870204,-0.5784915290390602,1.0097169214354393,0.9185693069820566,0.421052900551014,-0.5823423368135818,-0.8575499071535756,-0.4988367246078577,0.31347423652069595,0.29783771195198394,-1.1747651932144834,-0.36414130302292613,0.805669016140041,-0.042806837844305286,-0.9598276559157669,-0.04995536970432171,-0.714149035112171,0.6643998769427047,-0.5116500549780295,-0.6790168588081622,1.6488526017974776,1.6788146530874017,0.43067051704904474,1.1912532301162977,-1.72434187421055,1.1850731152433827,-1.0191367346190097,0.6255933235665017,-1.6381990860974818,0.2822179976957033,-1.642853953788511,-0.5379827769670044,0.16423570966616233,-1.5304627879914823,0.47202444832510465
3089,0.46376655513533266,0.4367873569204215,0.598606279885983,0.5994798157172915,-1.4186470235143853,-1.4285970152189817,-1.301305470843856,-1.4217090845581712,-1.6029931160296296,1.5588477027270133,1.0671213075149466,1.1550963204812406,1.1323172786304123,1.0965768535463034,0.12657183288468077,-0.1434894931694146,0.9587760384000003,0.016501651830302368,0.9716032320921707,0.12657183288468138,0.5454334997512303,-0.42074699691510364,0.986514154895531,0.14915228381557896,0.8555174701873527,0.5454334997512308,-0.25000569161244396,-0.11068511115124903,-0.21036195840477778,0.5975202615520692,-0.8913655605782667,0.25702981122120533,0.3815511475632554,0.5510772564302474,0.7846841861605891,0.9026539421746569,0.890021182954641,0.9319436068187255,0.5203439214743852,0.922205978539685,1.2078493223635403,0.3629747988216027,0.4184233878737773,0.29194540423813603,0.1881657871840206,0.09604133401171779,0.14027140041117866,0.08578041109917893,-0.33995056034823545,0.1441511282176847,0.041626658083667493,0.8538619797363495,0.4581726193371781,1.4031146718145622,0.5754168425951297,0.014428173104745602,0.3378252556043899,-0.14152798372815822,-0.07543483968400252,1.0093551976883395,0.024415860428598578,-0.5740297918568851,0.9255730964864414,0.9621279641105929,0.5718136421943707,-0.6861626449805823,-1.002748339441749,-0.04919938375298357,-0.16937629773429475,0.10833310903026012,-1.1895988719045167,-0.32770721492516036,0.9413171379726621,-0.7116893260503057,0.18654980679442915,-0.4128457793406503,-0.16223531668904875,0.4670901739898943,-0.7154180132276499,-1.2613959840629232,1.5515985583148237,1.5946102467241536,0.5370076832470185,1.1843277905751237,-1.7107496241493578,1.1682030924410145,-0.5950754130114541,0.6502373695047717,-1.6363527781927605,0.3440530156077982,-1.6175620667392454,-0.49775044627759935,0.17445484242208328,-1.439338911635413,0.4795365417480392
3090,0.5949564748830329,0.602108264896371,0.7059993516831264,0.7367113745906072,-1.431734980538783,-1.448710275873073,-1.4638852908143973,-1.4696665003922023,-1.5875438392349461,1.5644093926032079,0.9386758842258689,1.3281099966154344,1.3343084137854453,1.2587826118319287,0.20262458447473322,0.20897683396556205,1.0014092410867967,0.26477219174782823,0.9971382761614722,0.20262458447473325,0.5168533103387589,-0.1390352748840202,1.024859944343148,0.29785715362250464,0.9107415355208641,0.5168533103387607,0.3371521481663806,0.6214375372567937,0.44166302144001623,0.6226397555237358,-0.6191065631272629,0.534701097821415,0.44395015802608906,0.6126443759079965,0.8432733060717591,1.0127571997005036,1.0048478446987545,1.0590924456445765,0.640499107363934,1.0623407749782405,0.9211411728492581,0.29602344660285845,0.4462568709990817,0.34034007917131076,0.3056367458790428,0.17035218164934446,0.2253463401073202,0.1572314270807278,-0.2871204642642785,0.4727787079063626,0.33585430711868736,1.0371799783990376,0.6583266807857806,1.2801789727791886,0.7231234496984665,0.06758053437687758,0.5255431171249578,-0.0641195055354395,-0.004137646641031903,1.1342300590412588,0.1770412290247703,-0.5427071916910412,0.9443262102142288,1.0847697396248066,0.7410490641937857,-0.7865192310235213,-1.0638631788973303,-0.23125989418147416,-0.6626296442114286,0.5175192872790034,-1.135652254100801,-0.29691339547680223,0.9862742134648748,-0.5351473631441885,0.6883532868149356,-1.755358262524555,-0.7707548805712424,0.7636291429034038,-0.7727750190746747,-1.051907349151008,1.523814673108373,1.57895762171523,0.644863518624219,1.1824754783340539,-1.6992204051497604,1.1605847702278849,-0.09891719483718699,0.6761841065822499,-1.6475403284829746,0.39189402601085693,-1.5806242790877505,-0.4533825985317613,0.1865870067735429,-1.3481583681751919,0.489921435400905
3091,0.8733208661796942,0.8691258815349014,1.024790639424802,0.8957000228379178,-1.4332514221724875,-1.457436991814006,-1.4760822124469568,-1.4894115657405638,-1.4837037369966433,1.5307332270141918,0.7841838664759807,1.5137122182100304,1.5369731891855773,1.4392443169362603,0.34720737834889953,0.39760004709438057,1.0773932494135856,0.4750908494383071,1.0406770228279478,0.34720737834890014,0.536358934081364,0.0967474618042134,1.0829216681564506,0.45432251993501316,0.9678239820707352,0.5363589340813659,1.0289026960912429,0.9959152675377262,0.9451964348476936,0.13651052091547947,-0.89427196404836,0.7342285797840639,0.614068588207989,0.7154624561714746,0.9268986831743535,1.143505343180966,1.140899680286589,1.2011229064829283,0.7772452986772748,1.2237875598178292,1.4733123805684405,0.9713244356755197,0.8730429935297596,0.7523099699131575,0.793352175713466,0.5813923617489591,0.6687165339007622,0.5537483735290291,-0.00013108974083236947,0.5465297137265189,0.681616674046562,0.6539364018855971,0.8870999771926061,1.2853450043117502,0.6515389404500722,0.25309426056116524,0.7463037940990657,0.0960544506799289,0.030347820793719848,1.3589745205880681,0.35069093672327584,-0.3131827357957866,0.9718791009282117,1.1034219948462134,0.741638976737865,-0.8519557426772908,-0.9977880721144148,0.015305118318509116,-0.5805570635974707,0.4135147785691901,-0.9687958972959673,-0.34675067046855423,0.9003656931031859,-0.7895617560770468,0.827600976116162,-1.4659604807748787,-0.4687582512096001,0.7355032035370492,-0.8935761972264594,-1.3590388772810216,1.4100774207864595,1.474122576335635,0.7161598228080084,1.1322316807576576,-1.6877724438294148,1.1220455170876726,0.4507218318833625,0.6933057265353239,-1.6539552259146038,0.4280093053642171,-1.5401261625521951,-0.4013434224374958,0.197440387256206,-1.2596729465179872,0.5034059188722191
3092,0.9265813402188933,1.1086023490683048,0.9781543973118567,1.2061853592683793,-1.3910064921655194,-1.4429850690193524,-1.428025501547613,-1.4302289659242384,-1.4900937089370982,1.595197300065201,0.9625065239551649,1.8329411601120122,1.847563532119954,1.770452987623781,0.6789042549916051,0.912379546096921,1.237745585815334,1.001457816002912,1.1257170713890434,0.6789042549916051,0.6640712196010414,0.6289410793942565,1.1938967619530823,0.8682617798782121,1.0380761701453807,0.6640712196010433,-0.17387884187953798,0.8731108154420374,0.16000145934300491,1.1876637567761057,0.4571119516080734,1.248369122871766,1.064560198606494,1.0204789536771322,1.1746488717881454,1.4149687894362928,1.4173661498963366,1.4788781606200432,1.0505803589251945,1.5356836752660632,0.9176574796163135,0.8541684410001973,0.5672410399130625,0.640815874924578,0.6985262323945559,0.49076853326304104,0.5689248601974534,0.47533341374152305,-0.05434850224326935,1.066214248176214,1.0306512229421763,0.6596142322472089,1.1588430679218875,1.5589510454895212,0.8272517458882297,0.31038980094340723,1.039222040489259,0.19565214233881417,0.13131494383263734,1.6446296478210627,0.5273273110358979,-0.10795903834164156,1.2270308633411784,1.2916674054459698,0.7678206040378461,-0.900622669586814,-0.6181851156926623,-0.4729717629393687,-0.25641241113693597,0.4096449635734336,-1.018675156730457,-0.5495644019757133,0.47600365106522613,0.10497825553883489,-0.13090692315208405,-1.0102398898134537,-0.8194798283489481,0.9633559351521772,-0.8741638823226328,-0.9694775536763505,1.4115280725893127,1.481508124353239,0.7758911371355328,1.0533095400135373,-1.645306864523686,1.0995107017311168,0.7473467250014889,0.7107514729249218,-1.6450262707042669,0.45734261452260083,-1.5012628991435255,-0.3366041114574057,0.21279820770848457,-1.1658146364633146,0.517892235671165
3093,1.1986192322181535,1.3020233453788315,1.3215512234777915,1.375629194060962,-1.4534078214371793,-1.4064817119979707,-1.426209294404438,-1.4869504720262863,-1.5667232555685175,1.7004232718133514,0.6697730744567134,1.9703761314070394,1.9658729206950731,1.9260879052574147,0.8673230932373915,0.521180512983877,1.3854868419492663,0.9292921619006149,1.2340543758065023,0.8673230932373936,0.7743381865810739,0.5456841920379598,1.3081550534461273,0.8988904240703031,1.1196291895541806,0.774338186581074,1.0926626225457146,0.6872989707915673,0.8959316018794904,0.7669844856679535,-0.300957283503121,1.242557556002642,1.1836218509783614,1.1287648377108566,1.2594098598300645,1.518515537830075,1.5485392415956323,1.607870294785614,1.1932245455587593,1.6990799708790911,0.3873503114090678,0.9703830789461215,0.8007004807435854,0.7929926297374611,0.8474547623164187,0.6173112173509364,0.7099800820474185,0.6021952093902938,0.0414006269863853,0.5556117497009256,1.190148427771139,0.9457270153038501,1.487283962187597,1.2740259763970112,1.0676226762488954,0.32918253608517917,0.29149586919152676,0.2804054239446814,0.2517053773732433,1.956648373815918,0.6625226969558639,0.05627298576570218,1.3130809010190274,1.358334792067703,0.7792649108331318,-0.8070214130666276,-0.06173341235178738,-0.5624399406813855,0.18579336271780433,0.8103155266192379,-0.8211101254853038,-0.6567452167245835,-0.11017203299188234,0.6436985162849741,-0.8384679518555018,-1.0469850050966234,-1.3430563220351135,1.4045393277025944,-0.7384782383056664,-0.7837831295588001,1.503645609594938,1.5580367331691614,0.6630800482785989,1.0048634808275352,-1.6467686240960366,1.094897283461979,0.9700264056402566,0.7561253582339882,-1.6817966987770967,0.4858447756245167,-1.4964056994445638,-0.28102856650812696,0.22900912809552537,-1.0823917011698176,0.5246427651440977
3094,1.2854687405980705,1.3400316809806305,1.370678571720177,1.4159172844576666,-1.2055147969114737,-1.4743482469507678,-1.2703322446907022,-1.4393775283012753,-1.4122995838266947,1.5716140081184748,0.804764823751285,1.983765110861987,1.9732682308417642,1.9469435563120099,0.8147035336730013,-0.14264295636088808,1.4670077307187914,0.5317941547149314,1.3347472115522347,0.8147035336730023,0.7991584815124487,0.12654167239158717,1.3909559411086043,0.6661140009782874,1.2032684944428915,0.7991584815124493,0.14016971900392428,0.1130051626222537,0.2600131664157733,0.603085751910773,-0.3718909386516554,0.8603486117949838,1.0898319093369184,1.0622296940734453,1.2119878463041966,1.472770028608761,1.55328369336168,1.6025204175392729,1.2195658576284216,1.730105569349848,-0.8882978509152152,-0.23628178552380688,-0.21957258355619627,-0.16258724491237633,-0.11011125774904444,-0.22753068313418529,-0.19263835429855075,-0.18118910315370493,-0.5351736701375225,0.12477657572732509,1.1785191612583665,0.8096269525295217,1.337075183935677,0.9621486351325726,1.1615523563404537,0.5773940764792784,0.5506324303731915,0.4129809193343052,0.33599076071077827,2.2421431209809217,0.6931400395387196,0.08523151993194392,1.3367493599556708,1.378877896721447,0.788844885449823,-0.8568638162473754,0.2902378797587198,-0.1574897024381614,0.7421781350682993,0.4814615470930969,-0.47071676162871384,-0.7011747480264553,-0.5047877916271438,0.4167106312404388,-1.1909423192914064,0.23932769350668312,-0.6683169174367243,1.1856483868082246,-0.9278189516366684,-1.3537860850284675,1.33969755517746,1.406451746429262,0.755975244524047,0.8894078361138295,-1.6142652568350448,1.1119399764696944,1.110529320546147,0.793636935845243,-1.7225721790475579,0.5018158831907599,-1.4886596655174775,-0.23223404062125488,0.25208248392344473,-1.0286767738796438,0.5385393028387068
3095,1.376348808248311,1.2028284336056563,1.3322093412051013,1.1756375407332869,-1.3283590921515827,-1.198884760945796,-1.2485709276580488,-1.3562638848449944,-1.4710079967379626,1.5449167003145128,0.5322498820603848,1.3460189274605023,1.1110194908844293,1.472513881427574,0.3307877816055716,-1.3416804559167237,1.3858445733609344,-0.4793522003590367,1.3731839922695956,0.33078778160557276,0.6191784847552774,-0.8884388089690528,1.3775872909476723,-0.07437765537360475,1.267153596920962,0.6191784847552799,-0.12433858059928138,-0.5072264827956188,0.2911562563132925,-0.709080577274532,-0.8301629850574404,-0.1273178988076144,0.514147521819921,0.5535123478825781,0.8315195987139808,1.1355766767035136,1.2976311728919947,1.338286900152846,0.9921204583999467,1.4835909589803031,-0.3953955150282086,0.0777774468083749,0.18734953592836856,0.17630531983483963,0.23527512088287894,0.06351027612484844,0.11103972614505023,0.126726330070307,-0.33468239343572875,-0.824513562734755,0.6142461467593837,0.6318870330532282,1.169396242200275,0.8661981056428697,0.893626844806446,0.6342757783699751,-0.9022819710176808,0.49885763574942693,0.4021092775258624,2.4558544929149284,0.74289741312239,0.08713650903994177,0.9199326005880857,1.132391322992356,0.848589035076885,-0.9477805497715556,0.3699469398735391,-0.29853945243479335,0.6467295645437067,0.002901988507463283,-0.28605205891623664,-0.9562968792542672,-0.611921119756768,0.6500280070218708,-1.198312225814506,0.8733926616472637,-0.21926411410288008,1.0888610719226846,-0.8874309722679862,-0.7528360330852353,1.389293245374654,1.4637180696504835,0.8369240689033174,0.8594789580903847,-1.5872981961434798,1.128197805569099,1.2560828809708866,0.8303751305453623,-1.7587977547131102,0.5217677900014069,-1.4878573291982982,-0.19252955060150972,0.26677610587131134,-0.9759668520495879,0.5564047562837244
3096,1.3191387857648758,1.3062011185761162,1.3327704352011374,1.1733313165163413,-1.3288594724723815,-1.3101477097341465,-1.3450467127699743,-1.3856960239560774,-1.420905068290087,1.451159056862137,0.4135202882141369,1.339358445576852,1.1083158691800599,1.4634162882512483,0.015767489422060528,-0.8894459551016328,1.307786477407112,-0.47118846046342944,1.3708815630806068,0.015767489422062866,0.44795741982531506,-0.8662720185361468,1.3500100166098865,-0.18235461729132169,1.3118330894762698,0.44795741982531617,0.004983892083034452,0.37722778072814656,-0.19309103000427813,-0.4986881941482623,-0.37369101048692044,-0.294847644751007,0.37950624758658186,0.4721234488229852,0.7462586363759935,1.0533522675536409,1.271742415602535,1.2986439658187148,0.9879459254833886,1.4759592507842683,0.7169916599709629,0.956252747272838,1.0259946326707012,0.9355882834894502,1.0244544622095377,0.782257343731998,0.8750050346807395,0.8365327893150835,0.15214735425319373,-0.006567343122177264,0.3809405296183995,0.7063027195500311,0.7278591888059238,0.9525384760974791,0.9230152697548063,1.1548055960444714,0.2999963554817683,0.5326641530494839,0.48006380506528146,2.673356428220029,0.8310112199359266,0.08904410676009875,0.8226567855974388,1.129068661667272,0.9563479173794261,-0.9039252168345483,-0.2701336261281278,-0.5642003674214613,0.40996755922242833,-0.22166963635520665,-0.5862637527613849,-1.0740707304985082,0.09417113507405966,0.4830411707626406,-1.1396394032386297,0.9107805064453878,-0.15343063026348427,1.0427944479657896,-0.9108112968656585,-1.1100386693546076,1.3444354829533676,1.4131076564208886,0.7885971302839092,0.8822446959471102,-1.5597956886446533,1.1282292955248652,1.2524852625460605,0.857513561398768,-1.7851934181069493,0.5426442410044108,-1.4832167930638223,-0.16210056231436068,0.26853674688726875,-0.9342297906084972,0.5836233595668825
3097,1.3073548179064283,1.3714496627767672,1.4037393373834857,1.502296315410332,-1.2719675687526517,-1.2843987553860536,-1.2979010647611469,-1.2920689084105454,-1.3820724721278888,1.6006053405232228,0.4268990319808418,1.7023539375143004,1.5295707465847135,1.8120821053173635,0.22010771556131034,0.5651380756187081,1.3762495775237653,0.4771887378616338,1.392684799949998,0.22010771556131156,0.469488585197733,0.09780592444043354,1.3959351432211964,0.4133941268787155,1.3572805714110332,0.4694885851977349,0.23502991798744735,0.2519732566856998,-0.034704979023394325,0.8953668513125136,-0.413642737759148,0.5560265491805968,0.8221912636452013,0.8918230884252135,1.0503120475111138,1.302931453425045,1.552945287553072,1.569495567810859,1.2868962457086572,1.796004248035695,0.7493067752498103,0.9073193254564259,0.9577885134501586,1.0087933101364168,1.0832378297260425,0.896012912857665,0.9692781984133887,0.9678591714955983,0.23189109496375587,1.1657436744789471,0.4176087431149431,0.966152718861519,0.7516992936171482,1.2090108894202927,1.2952731656071361,1.4194077050544691,0.86429243014537,0.5609117316408151,0.6031125009637688,2.8812354566630543,0.869656316814887,0.12809542007543248,1.281688901623969,1.439042129002579,0.9649342216781941,-0.9895160996121148,-0.6966288903066914,-0.49705497674805993,-0.18756369391442962,-0.13140814617249608,-0.6165456211859934,-1.3794557636153062,0.5387935552173314,0.07381015521708618,-0.24793982741201262,-0.04542801394291549,-0.20851606701634864,1.4610683302589487,-0.9890957094439944,-1.041195985057387,1.293412671108447,1.3749136685931354,0.8915535407447815,0.8876389413011883,-1.5666555115480427,1.119919560853536,1.2069212253999961,0.8900630582983745,-1.818140907753624,0.5659391796593648,-1.4624139145943347,-0.12365335747927983,0.27144973245239046,-0.8902036320848472,0.6034214552022272
3098,1.5111802980617466,1.6997184751512517,1.5676172247385554,1.7462146631748234,-1.2807564153282383,-1.2098146899499926,-1.2522734519601622,-1.297315967977719,-1.5912671689443714,1.6699785672036345,0.6866371560481563,1.9211858031945122,1.754426301035696,2.0406227716020973,0.5260036557367851,0.8253054503807455,1.5007039547536696,0.8558585489823026,1.4499856352780272,0.526003655736785,0.5689564769443063,0.483153878696456,1.4781464764809715,0.724187753639424,1.4112054624086565,0.5689564769443087,0.5389398993431949,1.2409547115798811,0.6987131017752477,1.0770313362502233,0.321934403976497,1.1101784474265843,1.0791123225187367,1.1341005437128435,1.2255103298442087,1.4672179109982257,1.7463244600349146,1.7553925373185106,1.5098596845964158,2.0294435769438346,0.743052594105599,0.6430468417914156,0.9161374130432313,0.9831756721429299,1.1032432728079433,0.9512899913640062,1.0181321950182634,1.042861416845769,0.285177583003322,0.8695285519889658,0.5540820796471552,1.1671044240206438,1.0572802819940663,1.565930980566439,1.6372356188899142,1.8103353351730416,0.7850346660394257,0.5967203150546726,0.7523186987421943,3.14170850591474,1.1892844819092663,0.42705524161273034,1.2891758061292746,1.5028578076732662,1.0699148032593593,-0.843013102468699,-0.8043048342584667,-0.08475584761868088,-0.31518144982287133,0.26898271322985345,-0.10510105044612715,-1.296835843716297,0.68730463789817,-0.5094535311317846,0.347890275402892,-0.8564990756982241,-0.36950424417743394,1.6803164546901852,-0.6977315486967633,-0.258643413463802,1.5278753700204524,1.5864231468697167,0.7287120012516691,0.8640716156077223,-1.5224399309285779,1.0827318463987468,1.1758906021023625,0.9301620930100624,-1.8481856210041372,0.5963564194055035,-1.4391601940488246,-0.08680770111721559,0.27619830798804135,-0.8445128130448594,0.6125170066820097
3099,1.7017791154058781,1.6372028030247752,1.7193007632369004,1.694945997355193,-0.8754755886248718,-1.0390429495750728,-0.9317231814010315,-0.9569690993522925,-1.4920440290027097,1.7342081018041158,0.6669014896838963,1.8131373485741247,1.6231786294380606,1.9498843872687563,0.46051187817122824,-0.19367077043941155,1.5318095045534883,0.23787036533906153,1.4982498808000544,0.4605118781712294,0.5500017212663695,-0.11853420908470082,1.5136325464127092,0.34541051288094843,1.4613581603415033,0.5500017212663706,0.5046864370935277,-0.20508581749592847,0.6586420570067139,0.11135662262119302,-0.6898284438953998,0.7848818373719707,0.7907892388911472,0.8959694599115736,1.0509614652705723,1.3146798826417898,1.6640469840676755,1.6622852025855532,1.4663023371499124,1.969674269876543,0.19828755934919862,0.3879858108897725,0.6194332202036088,0.7470045372441901,0.9045975932312769,0.8047498244562435,0.84945117142407,0.9232503064974139,0.2001219122788422,-0.1516803252199815,0.43851915202084835,1.0834599519312524,0.8820430584847317,1.3743358894101796,1.4325759105694182,1.7362738228661982,-0.40508804284061695,0.668521343137825,0.8652043125597129,3.358549623261936,1.38364540931353,0.4278085956309996,1.0035399815577006,1.4551177536595263,1.3102270456226632,-0.8070873951271629,-0.6895548436119086,0.2999189667862028,0.09266807746759742,0.8741049131049271,0.47434235259144736,-0.844603884870755,0.5672693205779562,-0.879012527808366,0.1763929179226451,-1.2635615894726195,-0.786098046297402,1.637514877259478,-0.8487515220510619,-0.9545018120117272,1.4305211285430381,1.4934541709655562,0.7523513433001836,0.8704142815325642,-1.4995892621368196,0.7563069394786296,0.9784533158389176,0.9626037125673337,-1.8670727372994114,0.603166066554515,-1.4453651603476023,-0.04973111611861897,0.28065014968037233,-0.8130188925028664,0.620334860771881
3100,1.7001247948773086,1.8226060702117226,1.7885183075925906,1.8458552802647237,-0.8742125671252317,-0.8156895008447977,-0.8868495586067681,-0.8761543956682686,-1.65405527400727,1.8116988349210816,0.5856640504176217,1.9465926494628918,1.764898169222045,2.0866670802378433,0.5022841243437249,0.10235652346115129,1.5917417320195026,0.43118195836217915,1.5507441471379928,0.5022841243437273,0.5691240851794664,0.07159284637431304,1.564171253355925,0.4741517699141589,1.5117992306065884,0.5691240851794669,0.2454167523494151,0.7165973185383661,0.01708879694235463,0.7368520228775256,-0.16915341322356198,0.847647067239339,0.88576949521421,0.9868086904381742,1.116933560292184,1.378760561395148,1.773693778523805,1.7491547041831286,1.6028199209716356,2.1099279065522856,-0.4271903271189132,-0.06324699232781683,0.022726730855740535,0.27935120992362034,0.47196956438936366,0.4465903027334235,0.4717362953053345,0.5780792457842513,-0.04067263606294035,0.5538161137740648,1.0616929140800426,1.109277067185223,1.0659519217555218,1.5258569334896235,1.4425465956598504,1.8450409731350528,0.38149931543264415,0.7961124234558542,0.959372753825863,3.5768133739740327,1.4862506887661247,0.5675571878212154,1.1287704661709381,1.5269622335669835,1.3001094059252083,-0.8929663840402302,-0.7736174447206854,0.24505256830215413,-0.05581758564544289,0.7033199819310179,0.30702335145427667,-0.8258241800345436,0.6368456913695256,-0.8610307298423819,0.32417617491525474,-1.1904261341753413,-0.6315567687526666,1.4773128914304399,-0.7716381911640211,-0.08929263743868539,1.5864214671849888,1.657437309626372,0.8472333082111564,0.9149701312742625,-1.4549616486344887,0.043524654167790104,0.7579012625586633,0.9970699355740378,-1.8758207389081902,0.6200542433238668,-1.3997779562758688,-0.008671518537269428,0.2836929996874835,-0.780984879983775,0.6288365860795003
3101,1.883804458648345,2.173606340365023,1.9661024181405176,2.288875823995357,-0.7787160246770144,-0.827593645269883,-0.8292278735258899,-0.7923352925753863,-1.6107938482630706,2.0698904962472167,0.18373505571452026,2.2626554650701505,2.054637631657275,2.4492373666387923,0.9753254057958691,1.2688373511621367,1.7973200215296676,1.4218685806142657,1.6571358974855437,0.9753254057958712,0.7825610237119041,1.030778843840038,1.70168049917144,1.216789103739243,1.5818691711501036,0.7825610237119067,0.6010027412959305,1.3442922764293175,0.6463053776560976,1.8150371959316203,0.6094970664003603,1.5539118145497235,1.4927053684021097,1.522988490056284,1.555732451402128,1.739359414523511,2.1604259100322576,2.096760873933328,2.0070702310600543,2.5342942904242967,0.21541313630227832,0.45698549404810596,0.4796530581819619,0.8031868455867117,0.9326741990317888,0.9413426535201707,0.9912162032508494,1.0501868242377357,0.3030753225150529,1.5880673240664578,1.772807986423098,1.415600513095438,1.5082738082244227,1.4588605899105092,1.4128891263639567,2.031596331201645,0.9791765097940046,0.845190940266697,1.154014713807429,3.810902079312026,1.8447930385283886,0.902032668677827,1.4015768236343806,1.7766923598272315,1.4184510114480529,-0.9268651678556976,0.049421290921279594,0.29333422796211484,0.1761335011756356,0.9127952706769346,0.3025901383178942,-0.6790319140333845,-0.2765158941940227,-0.3180299367197498,0.05190755526930607,-1.208022878598008,-0.8372977629541895,1.4699325767886382,-0.9368391357038721,-0.7250448032057258,1.5375511008654215,1.6154180164048342,0.8997228723592187,0.9556684585368973,-1.45400012098448,-0.6171262950621957,0.44521737787920224,1.0116928300728742,-1.8823579741908367,0.6276221514581855,-1.354811725263272,0.046111525942498635,0.2786778116642456,-0.7794155787908557,0.6437536102700379
3102,2.570707208971638,3.1286451910661626,2.679805201561339,3.2100514105506983,-0.4259635279487912,-0.7499203100298322,-0.5133894134642328,-0.6819298930545933,-1.5083840000133926,2.09837233358451,-0.05772077104582728,2.6645547411394084,2.347272070512326,3.009403272713647,2.2325361407771767,3.356612645527601,2.3089915383583994,3.4698743360851894,1.9071156347405918,2.232536140777176,1.407640701356194,3.0028222487790206,2.0348572049542866,2.8746047056366955,1.7112930894506766,1.4076407013561962,2.3404477825432677,3.5766818246397643,2.364846414011477,2.8232833819073893,1.6259400311478416,3.351854468841973,2.9067780905589506,2.77288931859427,2.5684502458960186,2.5767176753235583,2.986641509448174,2.8843556335903253,2.8472802335025267,3.4191940765228495,2.8819950088058794,3.00141867821671,2.953215651541427,3.420819651240391,3.6687347418682945,3.676913760152792,3.8007089236714,3.7501297378838903,2.3042736247548232,3.245611685042607,2.7093737972203176,2.0767429042499304,2.243870520124255,1.928514422897466,2.148753270007421,2.6926931219446133,3.678691551952944,0.7452472181863661,1.584830656731151,4.081130907032539,2.5110635260878857,1.802981043119073,2.0491456625893574,2.171496571992302,1.3768000234915265,-0.5924527938188243,1.3321830474943426,0.8040478649579366,0.875165530867662,0.8678737618768376,0.277067813117655,-0.4124741742153104,-1.601135894816357,-0.005231561900666334,-0.40249973972391445,-0.19633348117164084,-0.42543362875875057,1.1338398851571587,-0.6410865812980475,-0.6397816363687987,1.476343165706961,1.5181891515803574,0.586354341320615,0.9977190672728932,-1.4582272343966463,-1.7221433167523736,0.21938508885371394,0.9883995125619794,-1.8895516284400116,0.6243846723254562,-1.3405045872707266,0.11362330602319565,0.2615055821357974,-0.7962233852808085,0.6497970819205727
3103,3.1097582987761747,3.1310777012607094,3.1371963131238663,3.064529504792645,-0.6041549006194622,-0.4316713751951203,-0.5361208253890408,-0.5074363811754075,-1.557283532248439,2.071162108673576,-0.0663806396514086,2.4738181031282305,2.1480853707249126,2.8226918068988884,2.225170712360134,0.03045077864850132,2.5331494062432554,1.6434284586450756,2.1519150626481864,2.225170712360137,1.6345740822559873,1.0884185039020566,2.240864305821622,1.861580944165866,1.859755923277421,1.6345740822559895,1.5595514034418774,0.21177758075345487,1.911087001144296,0.2051203296650139,-0.46487274368315157,2.14341202079155,2.343723715113408,2.2616157589288197,2.2538401015295455,2.328377400587967,2.812327186684316,2.6746411125441125,2.7091933269824358,3.2503824972025646,1.0176830907920627,1.5115921297493673,1.5570687108925976,2.049336609179494,2.343250189666126,2.475649547213516,2.4861926182097305,2.590433311465188,1.4994626081325884,-0.28880227626411503,2.1507366106391608,1.8142594733342086,2.111055746662872,1.9505481229241048,1.84754812408115,2.712984395432842,-0.28687949693084513,0.6739824511979252,1.9280357069855187,4.287750207574654,2.5299159642620177,1.8578571672385906,1.8621787070566824,2.0313182004004826,1.3662647208975554,0.7822711365519017,3.0825869690474885,1.9781625289373013,2.1021899900722714,1.5794318895121002,1.3707926604090435,0.4630710170358561,-3.189453030964256,-0.1154819796383423,-0.938506307577836,0.34021108721735605,-0.41569215068601145,0.7139698713241673,0.8049126826387502,-0.25211229541487185,1.7062260661620972,1.564366024887076,-0.9547297005287234,1.025376172427655,-1.4745774867634156,-2.355813073879772,0.5606400226725521,0.9833291213709073,-1.886679701239205,0.6398246675690865,-1.459417895726628,0.17508820458803295,0.2428281991646621,-0.7999963216640316,0.5856314561756714
3104,3.143967185377917,2.96273374254197,2.9346746039102594,2.7821581272025564,-0.6236004068280832,-0.6629686560104636,-0.6109143161917407,-0.5575984507670941,-1.4593582331238617,2.1406925756312027,-0.01085142879395061,1.9854551802827152,1.6011329852211869,2.3885996575053103,1.488325014220907,-1.9489969833083658,2.5117298432783497,0.018134653060037195,2.3061180730800825,1.488325014220909,1.505770747475863,-0.6280965580767884,2.3078797229249024,0.7205211656434365,1.9921295989152052,1.5057707474758657,-0.46942763466055937,-0.4222149435976494,0.2928229478042836,-1.070878262815561,-0.29169978410377356,0.6661922441256354,1.5781698002551905,1.5977885016610727,1.79267361118985,1.9603335116671028,2.5128122377149467,2.3465227459786213,2.4419308629648695,2.954866065322597,-1.086017980949143,-0.4502341551351195,-0.28687123930577885,0.15074455799407502,0.4028496982006124,0.5896424703241078,0.5244560106952405,0.7218595330875115,0.12439788252721763,-0.7953833371523261,1.8379700806626162,1.5308370776873574,1.8676004331834557,1.6379767612904947,1.7030415650873978,2.73688144256887,-1.1790137324607624,0.6611398864167949,2.159297471298956,4.347066460704062,2.5063345331592948,1.9011048430882838,1.497870116904711,1.7538846303753006,1.3170469148362913,0.6248638292049806,2.6508160425339455,1.7467840608526948,2.1461664497217674,1.7375985576716155,1.1434997224859211,0.6915978750912205,-2.753237975621748,-0.12285621678153098,-1.257601908725766,0.15502928814129446,-0.7762907232499265,0.5884781546278199,0.5563014726068748,-0.77672663856937,1.5842136056426992,1.4649353644569927,-0.7839858165638859,1.0456011485755747,-1.4904122300190346,-2.7082339999032183,0.7176107621209841,0.9947222433959516,-1.8810966355954244,0.6503208239706676,-1.5320957992244983,0.2299681619202667,0.22346409835352252,-0.8026706848033383,0.5429003756897781
3105,2.8238681974412576,2.846188237732456,2.8026474114833624,2.870353083893274,-0.511426199246217,-0.6417832304051279,-0.6284740460717215,-0.5213120086856464,-1.4585070340393138,2.2373581334584762,-0.08940583806078659,2.0480214040749356,1.6751433413482424,2.4479026023520185,1.0392023827765204,-1.1924213621973994,2.5045529181692334,0.10385228699625416,2.405004558983352,1.0392023827765222,1.382218221821552,-0.6033635649765858,2.364597106564237,0.6440188101223221,2.1092238679429722,1.3822182218215557,-0.28597294372399684,-0.2704814168863382,-0.9014782178962338,0.5020046917129395,-0.20491549986189544,0.347559310529442,1.461006290730611,1.5738144410580064,1.7909985721222217,1.977543373572761,2.567457513229078,2.3699663883353215,2.519812584739665,3.0234862845681136,-1.0954838787841248,-0.47810984812834345,-0.272018050070126,0.11035440819037738,0.3984262179867052,0.606797035760698,0.5240284932677016,0.7382034024325811,0.14425396443456887,0.4380238218708004,1.783072475322724,1.929384000891935,1.8601592160868343,1.7798195976862952,1.65486986970463,2.831917231394119,0.17764436602112924,0.684883965884063,2.372454909597791,4.330496333935182,2.513332857821552,1.8843576948487162,1.6533595776779897,1.8804227249871712,1.3629401926651703,0.5414233941080628,2.104244561876312,1.292957990508175,1.8412924198202378,1.3344978294949834,0.9164401285065067,0.8254165802172444,-2.1748613119004228,0.04470701471706274,-1.2947831234282918,0.38441949042772,-0.6398853376384799,0.12584858609712793,0.5352128331390463,-0.36303353398216087,1.571791729952705,1.4660966130934368,-0.6744838759513685,1.043588404967885,-1.487609406903466,-3.2123702555125218,0.8581755887587874,1.0076432690086223,-1.8728690826411498,0.6433210632975112,-1.5656008728951094,0.2874368128843751,0.2002825189240226,-0.8081121334518969,0.5096712858341765
3106,2.823220731488503,2.8739334359340356,2.7416727348130894,2.5702657085242224,-0.41224812255317533,-0.546257241182608,-0.544508950528691,-0.4129471566089793,-1.0916992376887904,1.917103770811233,-0.1971476718966279,1.5240967065264677,1.0807076286221906,1.987071503444552,0.2123545812519125,-2.182564029598545,2.3301537863921276,-1.057477536098914,2.408503378597537,0.21235458125191245,1.0176325287212151,-1.7491517199579774,2.308492511083227,-0.3299340270861952,2.188882582779798,1.017632528721216,-0.07607861080914073,0.2604309752609357,0.13160358134910022,-0.7301803514487502,0.23728996077398343,-0.7456593501030945,0.645339957864611,0.9176368850447342,1.3004782379704847,1.5831455882314702,2.255164671196584,2.0305211443130875,2.2354907236272337,2.710041201632958,-0.9081861671448309,-0.33756320012668706,-0.19779932627948796,0.21653365951093276,0.5064859918567446,0.7515353108689781,0.6664917465288654,0.8765508696518235,0.26875245693655675,-0.9118047336449618,0.6844377034927898,1.6340521348078565,1.4934766217643058,1.6302529582005434,1.519582736304749,2.4461590560491864,-0.023323303271718776,0.7494396467871322,2.499089464192824,4.3092616051484,2.6342899425636515,1.8679344113054968,1.0655124227313288,1.6088519537138464,1.5516551047890348,0.4123174902062978,1.8800519888658038,1.8784157955970553,1.7828890892847093,1.4873128755672542,0.8224126777702967,1.0300230908831245,-1.9589473854883759,-0.8661731810164841,-0.6364484815273013,0.05417261112222472,-0.41209121894595047,0.02089024548236786,0.184450006258109,-1.4998375630717777,1.177553873510844,1.0968317521566127,-0.5169991011746086,1.041060567954681,-1.4770716026852004,-2.489383216399207,0.9739965730825787,1.0077308588466833,-1.864082648203271,0.6486455182996907,-1.5682877467498018,0.33691496836843643,0.17836043166692533,-0.8141293953352418,0.5013500334365655
3107,2.6974830989415426,2.576846658100885,2.6373988718859356,2.562996605845355,-0.31513962706125775,-0.3947238307608099,-0.3884486920157675,-0.30195945235814403,-1.0897546860090128,2.1081926978940317,-0.15959706650684496,1.5404678401329732,1.1075478588503826,1.9930440482141345,-0.25986542725548417,-1.241584601848105,2.18740816359175,-0.8817576797367593,2.36037624552755,-0.25986542725548173,0.6990904186489719,-1.5194828744622653,2.2440960729893358,-0.42764805657661953,2.2369666473416934,0.6990904186489763,-0.23057866832508647,-0.9816101199055863,-0.306097513732428,-0.2880276957954428,-0.6729206577358441,-0.41604159900866194,0.4472717549027577,0.7300356975337337,1.1878426012361867,1.5006006227329778,2.2203967221962766,1.9701815396563622,2.223263583176618,2.6843805884220706,-1.8994754505072782,-1.5414805023787197,-1.4214971434616075,-1.0140339121971842,-0.8055139904221391,-0.5888402784862871,-0.6796743459138144,-0.4406809795612871,-0.7125222950739812,0.07302904660734269,-0.6342093727592154,1.3050505688008494,1.257864284113447,1.5910099388261383,1.6257472811173204,2.651281324299668,-0.551140427689128,0.8456587132731387,2.5984175941702254,4.238173512604936,2.7011267509075614,1.8518239233508191,0.9835714048297917,1.631375409737575,1.6774019909386302,0.36739191722104964,0.5062791525034994,1.512509633103288,1.2903519355600923,1.3143471068108377,0.6318905672712508,0.6736207978376023,-0.4692572701390667,-1.512946171032347,-0.3039139103412989,-0.34917942235984045,-0.46641349989444547,0.28432635612335283,0.3635574360817779,-0.22022246060115241,1.1695618468659135,1.0965969344017141,-0.452494780240748,1.0353200974455652,-1.465116528500877,-1.7554455219405607,1.0651375109501968,1.0163841805388458,-1.8549695659134802,0.6392400489724185,-1.5527759769271652,0.3839018342947086,0.15626420441368902,-0.8305990633665064,0.5110150993740198
3108,2.661537307169982,2.542825041576728,2.5809610510164775,2.4316347460241254,-0.4407691125554992,-0.32972840907407114,-0.46270393922066627,-0.383538807897371,-1.2753162917357146,2.1199006963968894,-0.14539577028712164,1.339151808117757,0.8749032743224038,1.8142886408229486,-0.6991978044603818,-1.153406815522444,2.009431426276442,-1.1529456033354915,2.2661499780245133,-0.6991978044603816,0.34146715281582707,-1.6886487863128616,2.14023623407118,-0.7979735835325046,2.251372653367668,0.34146715281583107,-0.08737389816079255,-0.021803697629660994,-0.009914653874196992,-0.7185741519480272,-0.5722278237112101,-0.46987677175467096,0.06876837085111326,0.339635711181583,0.9215469177873145,1.2793442673684114,2.065979208609607,1.7941385123595666,2.092498768926126,2.5341330990913464,-1.690000678490737,-1.6962672666532208,-1.5882777205958598,-1.2417759482902941,-1.0348705432890015,-0.8204904405917931,-0.9123624268981091,-0.6723250369737807,-0.8787359941237685,-0.37901776042262414,-0.6715122072547562,0.9327279840107456,1.0378308413369441,1.4694902474979326,1.6934688407635041,2.5059748622894134,-0.5018155139002344,0.987162394145434,2.646901674443037,4.163630554947853,2.6802451673059564,1.8360156854132577,0.8029015760436973,1.5234168152639915,1.694172785611638,0.2208950473000216,-0.13922019251465756,0.9576248282747207,0.8740498318263674,1.2467065639337724,0.7638954926536198,0.8908216194434596,0.2022680756928424,-1.3251499031849652,-0.2675399307828792,-0.8178146659989939,-0.7784247260110223,-0.012329914585417597,0.32578691607346594,0.2632765246389321,1.340588085185712,1.281971247275413,-0.3106649198319512,1.0159582578590798,-1.4482476430421403,-1.5550810599865232,1.1071879312138313,1.027603276120499,-1.8420361790994746,0.6249655072873731,-1.5232266923938675,0.42933229391548927,0.1354104383796494,-0.835415754992928,0.5032641196422086
3109,2.453110473645381,2.439230748114361,2.518089170568209,2.5390221897731213,-0.33144665828561404,-0.47900954619015446,-0.4122440963837039,-0.33846870623611314,-1.2786812872699669,2.1857427689587965,-0.18257879353101578,1.4608444604682378,1.0403814291092721,1.9159638264292562,-0.7153798724481084,-0.04369897367129907,1.922814610826393,-0.5470882302583747,2.173523522172734,-0.7153798724481047,0.1327075918302528,-0.9809091528010095,2.071894647352438,-0.5124919942183583,2.247149756567812,0.1327075918302559,-0.1253460973960881,-0.3157796025618805,-0.6411795846549164,0.5948454355472851,-0.7835306013863251,0.009718238227593665,0.12569049855867867,0.3929919120105685,0.9620918295161234,1.3206182897851328,2.133333430923575,1.8548789772108052,2.18756578110129,2.6178917490102567,-1.7437858693687822,-1.8375684510390897,-1.7325781126362578,-1.4141384372742294,-1.2380211500415281,-1.0270798956767926,-1.098842021417722,-0.8798855501773143,-1.0241755767189102,0.4795149508617569,-0.13563754759906135,1.121157250926962,1.1301605009802167,1.545479423582174,2.0914844144436415,2.6791834988097114,0.3399289900341293,1.131439575820429,2.6953125850701185,4.074104950450034,2.7091000390986215,1.8204996439617238,0.9398071546251238,1.6634099984132336,1.7745806431485234,0.09748517655002617,-0.318760497454056,0.30945751582023695,0.4963909546689741,1.0782630582745543,0.9068738430328137,0.810770932346365,0.3702025460226388,-0.6472268995685189,-0.389700672023568,-1.0636630759974879,-1.0414175728465966,-0.05727882441638473,0.10163164390731098,-0.21573462311444638,1.3278603717785151,1.2873132950107473,-0.15808987649765877,1.0101110748617133,-1.4322489861722714,-1.426659878682034,1.135485680844363,1.0330883720817574,-1.8333788321277578,0.5999263232467045,-1.472495285746157,0.47506764336655954,0.11112477316129155,-0.8548182806519307,0.5287246554591571
3110,2.4961376597199494,2.3689401234049035,2.511985933729954,2.4011365255788832,-0.5401698862822387,-0.3323129980707662,-0.4632650115120681,-0.4527769597002142,-1.4436320921018249,2.192705910102816,-0.40961183881615754,1.2314127031446622,0.7655119472480653,1.7192048971541802,-0.9064968747622152,-0.5058015509844724,1.7806123529019333,-0.9432918331424095,2.0626698214055588,-0.9064968747622136,-0.1347684933284722,-1.2494334802864795,1.964622894732403,-0.8731650635951043,2.219761415921433,-0.13476849332846935,0.06541248640605866,-0.19583720904311408,0.24009942560347802,-0.17607488943919572,-1.129073786363413,-0.15259106876137787,-0.2510039783226058,0.06242185081554706,0.6941136979705557,1.095972202645104,1.9697979943496338,1.6866870455024934,2.0503428523678844,2.458632630017681,-0.22822061217973735,-1.240219639479929,-1.158133539506468,-0.9360768933206499,-0.7475152688460992,-0.5178658743047911,-0.5587352657359234,-0.3838074874246573,-0.6227958167715688,-0.4152013426243504,-0.4945618171429462,0.8336159179312301,1.234715505755708,1.3563776094269804,1.8992038140097878,2.4900999660418317,-0.5245154459277102,1.299188832739165,2.7021573717657486,3.9867184871229964,2.883634229081392,1.805266208297109,0.5001546523208891,1.5454011458369001,2.0444138903429336,-0.003829859358907096,-0.8201161754888241,0.49049793518842655,0.5463254443638925,1.1791397853581966,1.5458586890921133,1.0646901634961268,0.8943353134184207,-1.2751446429792783,-0.27408688508880985,-1.1564991218241272,-1.0329023121869279,-0.2653393684808994,0.09867998271853537,0.15527924617868769,1.4841063372690277,1.4503114595613806,-0.07869069841899042,0.9945566252004915,-1.400766907727178,-1.6065411924039725,1.1519549949169756,1.0371333703358339,-1.818706913543731,0.5904070660498894,-1.450241998212035,0.5205019475225989,0.08231205260241578,-0.8603594815370755,0.5463219031262659
3111,2.3683842065562746,2.3591405843168514,2.454925058997917,2.411576489725227,-0.5198940784151175,-0.5402203777358339,-0.6329836285886021,-0.47610603881464497,-1.4198946257496021,2.179129307666309,-0.26697942170447914,1.2716951786148778,0.8282625899103444,1.7450631343601737,-0.9230574922677542,-0.047746854643404106,1.6748847229213535,-0.7015767467125621,1.9524503380816758,-0.9230574922677528,-0.32650848014875133,-0.8941526406437591,1.8686354441884934,-0.7902586046817645,2.1766907875828294,-0.3265084801487531,-0.11144583153614257,0.042542547695098215,-0.37950173284935546,0.4127527611206523,-0.9130292351813574,-0.022349098340386557,-0.26274413471612684,-0.016891936298004263,0.6282734878464699,1.0490011823262033,1.9439495557188455,1.663423258911275,2.0539139922864447,2.447936937889452,0.024024529585872426,-1.3673283487392898,-1.299501261467513,-1.0914566252952702,-0.9124147812583278,-0.7110795802220962,-0.7516893150646642,-0.5793664130011544,-0.7584624713118737,0.12118556098340613,-0.0555937190280749,0.41577502174974856,1.2654128667133813,1.2686866008132234,2.1728369702255623,2.4664463115793156,0.1797346364934606,1.4828556864633007,2.6908396487834785,3.9059043256159445,2.888530309472557,1.7903062234374636,0.4951397331437923,1.5821809762435612,2.1002718601320507,-0.11293120458660151,-0.7176447321188559,0.09211787561533931,0.7185602728971041,0.941520793550617,1.4022857477207544,0.934492417198409,0.7576395714217601,-0.6893780481854814,-0.9394700731253118,-0.5429585044399694,-1.0399102830704272,-0.3092853118764564,-0.12046452108420097,-0.441072604022172,1.445698456766664,1.426621152622538,0.04450917289901236,0.9794692028923105,-1.3767355532312224,-1.6997976043388892,1.1541335152852317,1.0396646596172,-1.8056117520142556,0.5490479050774059,-1.3895862128041534,0.5663896702902544,0.05977912683587178,-0.8726927763293721,0.5920424093359129
3112,2.3999107682496463,2.3015237003783167,2.4502738318335076,2.292774141822292,-0.5769692723548304,-0.5166721508105028,-0.6269456181559695,-0.4910777394109449,-1.4160049577023979,2.1044639573790085,-0.22939061003663114,1.0616870405490664,0.5677919335947786,1.5706220284934587,-1.0538831749774893,-0.35103450479692405,1.532043459719544,-0.965624138883737,1.8297851330631492,-1.0538831749774853,-0.5486936013596446,-1.0367489628759619,1.7461031411545638,-1.0374338524796478,2.1155237089214345,-0.5486936013596442,0.06715291678615085,-0.1539846247874909,0.19388118171685106,-0.24600556477151284,-1.207474688345865,-0.2493558102739949,-0.34903349354807045,-0.29450075213873345,0.4119073698410936,0.8701804660167901,1.7967632055837428,1.512839079017607,1.9329876539019797,2.310609468043015,0.11281805939254058,-1.0401061067108746,-1.2441208940898048,-1.0641836039364652,-0.89102934002333,-0.708701321350572,-0.7377886451319042,-0.5770611094779281,-0.7459633100514987,-0.3671015280029057,-0.24243780942555052,-0.5852898885779683,0.8977293619882191,0.9701255716874919,2.021265060927466,2.3510561132498355,-0.17636876547749514,1.6684426105619872,2.653346576188114,3.8265574694632734,2.8367313496574056,1.7770024255098296,0.34596240657959526,1.4796221009158776,2.0817565412804186,-0.2373609232690854,-0.985510253145202,-0.5411176531618909,0.8090921285274428,0.7888146887183383,1.7997161089539238,0.9258042381200187,1.0215866159796836,-0.10448783543133282,-1.7258553894057445,-0.17453930289411237,-1.313286825362933,-0.4213744762334021,-0.2313153968254992,-0.42095308412224874,1.426037732687074,1.4216071916810187,0.1728144423651517,0.9641853813640366,-1.351741786018961,-1.7652910894351468,1.14105854082458,1.0411276837504932,-1.7898989045212799,0.5243821563626361,-1.3582430451324297,0.6106031271039324,0.03937066766312248,-0.8845463257285783,0.6617111896127439
3113,2.270965952798541,2.3248872351667873,2.2932157195974674,2.293625559294421,-0.38765183404646986,-0.5721464067948402,-0.472725811981549,-0.44321368989684506,-1.1696674532754185,1.9713447834354856,-0.04351048098440725,1.095987726984613,0.6264721008177964,1.5899684139002621,-1.0311273466839226,0.055282211865961,1.424784725688985,-0.7251063151079009,1.7111622567852092,-1.0311273466839224,-0.6958280503880547,-0.6899532188556935,1.637180609038763,-0.9277486659386726,2.043094191161771,-0.6958280503880528,-0.4736737684109557,0.1759120870403288,-0.4025767839530239,0.3163959779987961,-0.2800721822239304,-0.1621937217103115,-0.21603790637923118,-0.3034992650658447,0.3628826957786353,0.8190563144930199,1.7652366112750626,1.4760738252419832,1.9231793083112592,2.291111475900186,1.1996439183802712,0.07903822882252068,-0.5820192041759783,-0.5385098666056023,-0.3560421062899579,-0.18011211795962542,-0.17568084267082648,-0.06967967529233361,-0.3275711058119288,0.07586312807062127,-0.04927006141872973,-0.4844961615144449,0.7126849079794442,0.8747174814960466,2.0133764381292996,2.2899425724240063,0.5326566342441251,1.8437637092225994,2.611143853827583,3.6541642924700257,2.7717496544141036,1.763910871454547,0.4109222207911442,1.5037114681665402,2.0429323817104126,-0.34061161564359976,-0.9984380947527849,-0.5207406875339087,0.3460216132672956,0.35604292272343024,1.674215838756755,0.8244990588649469,1.0121477200048044,-0.140492602756651,-1.0380789460922555,-0.1032531999848745,-0.7937365026465704,-0.6478623883847598,-0.48083874148271294,-1.0886350139462047,1.1595147099302703,1.175886701792957,0.31562895803860386,0.9473628116285547,-1.3324802838060712,-1.4778135326995865,1.085757745903523,1.0385864841387469,-1.7736464490997057,0.5063774764656961,-1.3085252221416548,0.6521207256443367,0.02358123331977106,-0.892062502785087,0.7274789434573296
3114,2.251087268229616,2.0872729724974493,2.1115640544357666,2.0660401146448932,-0.3380987889637436,-0.392914841425191,-0.3756920136860524,-0.3027098445010968,-0.8963009284973316,1.7948465285932016,-0.13491434739977504,0.6009649691949912,0.012569694717797689,1.1934184065615425,-1.2911469665341015,-0.6982170526960403,1.2302845432568041,-1.3313874633132263,1.5650668580482907,-1.2911469665341002,-0.9465733138870579,-1.178233546370965,1.4746553980726531,-1.4072425447576022,1.9501565128503586,-0.9465733138870593,-0.5865925144537004,-0.914146314909217,-0.008099416605511417,-0.623714215039487,-0.5516467345660729,-0.6345146738983463,-0.5603360524425554,-0.5776021531786831,0.016846714834809533,0.5209647687369264,1.5153468653206201,1.2118584390546832,1.695856828372114,2.0490440741742235,2.5042495592760265,1.7913692801110088,1.0828335770394235,0.4844707698463495,0.7282997002450802,0.929345550585641,1.0028253078444989,1.0064641849348595,0.5662060919196212,-0.8067271090764477,-0.591571838404184,-0.48724806494714806,0.5549896425713837,0.682172312591663,1.8520010435917444,2.133450483727852,-0.3517046790919447,1.976566925224591,2.557237682324576,3.395170806190205,2.669773762547586,1.751025525726052,0.13932444953802872,1.2773699511094556,1.9515045485424662,-0.4569219446460368,-1.0785165169629034,-0.654919914320371,-0.005520635575025568,0.1512466221203392,1.6585091073465053,0.767547458401328,1.0730350445203856,-0.034793371936280175,-0.6733431371901586,-0.2546918885420181,-0.6546737761476685,-0.7440980123469374,-0.6026174040237409,-1.0912428481187446,0.8630778145545417,0.9003023525262213,0.45158882640194364,0.92501448676704,-1.30709772642399,-1.0790622908342127,0.99175182453136,1.0342945921200688,-1.7582862763141354,0.4891068921764924,-1.242747746238247,0.6875488542369925,0.006258172982835258,-0.9020227266643225,0.8186111877209333
3115,2.1347881251199903,2.2931930960353273,2.2157529418886046,2.2172573199952526,-0.20664108800282133,-0.30444464774357355,-0.33827941303399345,-0.1513468533448462,-0.8617142124383327,1.7143239738281537,0.059574719487505194,0.8502701218625286,0.39784427546792206,1.3746068175756898,-1.0518769839171118,0.6319169741942859,1.1677994657229709,-0.4233299508850324,1.4462796215028788,-1.0518769839171103,-0.9836797770529876,-0.18261823174593622,1.3793885158270676,-0.8217619426737521,1.8555741067310179,-0.9836797770529868,0.4350266352878007,0.9426950150602199,-0.3768793763422815,0.5745118436703196,-0.032877251309417974,-0.0012309905525006372,-0.1319179801254958,-0.1963763940255328,0.16136211291504343,0.6425839176613216,1.6239665672241381,1.3123697135171086,1.830245064212878,2.174047391127328,0.11535798871657389,0.29940723882460374,0.04594320494394779,-0.49453054041978156,-0.3170015526736154,-0.10252888784952918,-0.08813934888320979,-0.00011338478843052909,-0.2334149583786816,0.6495321175777249,-0.1457069874025569,-0.4292268395522368,0.5803532524780732,0.9946056917425716,2.326230647964347,2.106935923797756,1.0577230786424927,2.0913984541892225,2.520420203908718,3.230848930909546,2.5781514414210798,1.738340590818547,0.4995063944559716,1.46250414268038,1.8696007068357627,-0.46949003517259524,-0.6509042665232163,-0.6743298209371029,-0.2896499092255684,-0.14100359517412941,1.4399831658140283,0.5941226393680685,0.6035549013986753,0.33178201502908966,-0.28621078638294406,-0.17365944975633119,-0.32669497347228565,-0.775232358411417,-0.4776498930996132,-0.24355021160968326,0.8265348793729816,0.8676899139125065,0.48602201296396613,0.8796474462982743,-1.2765624339994015,-0.8048601530058954,0.8815409616074266,1.0234928482574004,-1.741567395994335,0.4816895282549307,-1.112622731800083,0.7277237213916842,-0.006983814340413133,-0.9286830996770283,0.9614908430587823
3116,2.2828715163980626,2.4404072690301835,2.339572730485017,2.3738020976050063,-0.3123247720375198,-0.188210537060044,-0.33414161524258773,-0.21202467138465156,-1.1037926279340378,1.7386320048025283,0.1758248742514363,1.0868710751772888,0.7385548521679957,1.5529946050082835,-0.6116573796589937,1.173217402310134,1.194754327282707,0.2008688358701222,1.3764044485993108,-0.6116573796589924,-0.8752796897677169,0.5073228567130182,1.3406521942691378,-0.3229204042149842,1.7718133840168937,-0.8752796897677153,0.5223885032200726,0.7212954834825711,0.6383294737935149,0.6364537462052238,0.07858915249020375,0.5750291305455999,0.23648770738489763,0.14951175151823126,0.3092553483903538,0.7671275139549089,1.7328015204158371,1.4167763199328107,1.969535052390245,2.305301083595262,-0.15506652258628503,0.4439180290155892,0.1109976871272174,-0.4819519571824311,-0.3335221624825838,-0.10892496461559985,-0.11305639038874213,-0.02098188586475625,-0.23391099856632785,0.6917565791626422,0.09539895337919187,0.022361055573753397,0.3797262758357798,1.141961920803711,2.723381711273671,2.0072639413894864,0.7482242515534997,2.2084624637547137,2.4946124517032233,3.123892402397864,2.6613923132574913,1.7258504952951434,0.6511468928614546,1.6570940086613923,2.0202919695423134,-0.5119585072450559,-0.9407798463286756,-0.7526742475719185,-0.3230130770894789,0.2706320499947238,2.137905862576856,0.5568470048645549,0.910053172896826,0.19772231470731014,-0.31920433463769443,-0.9075485749287066,-0.8757561752177844,-0.41553281163158495,-0.37073632850552873,0.48913618204057074,1.0718849956785554,1.1105199114618156,0.517236890966338,0.7919987154050037,-1.1989997143363682,-0.6093988106873606,0.7728426709644937,1.0086638902247096,-1.7208207130841349,0.4042644131541454,-1.0874558322782133,0.7757089904686022,-0.016088267685265334,-0.9550472629474218,1.118012454596062
3117,2.24391198571098,2.2596296803310425,2.2598051829290533,2.3376749353456168,-0.2735078419344593,-0.34146604478853,-0.302512694779066,-0.18377195196619953,-1.1831005865893933,2.0095834234241305,0.0796889946034778,1.0788198403182925,0.7350853069012134,1.5382327313603754,-0.4370905759267183,0.46538587458221675,1.183352945393916,-0.06277126167609157,1.3258040239436308,-0.4370905759267182,-0.8142446873601419,0.2870406021649449,1.2914459395556195,-0.41494686517656104,1.6943073985991737,-0.8142446873601388,-0.21554843847592156,-0.6678515632395619,-0.07354393145944343,0.660380859289896,-0.4440865596158979,0.4285458779539637,0.20873111585710621,0.1592463096795912,0.21454761806002362,0.676530145134586,1.6578467288549272,1.3309160217895482,1.9209338893893684,2.2485159255235176,-0.3271218118064827,0.39627882455330404,0.24557600746147218,-0.42433563195571417,-0.31615891224570275,-0.08139734324825859,-0.09587881815358917,0.0038979028341912586,-0.20705599509216396,-0.05292495923175888,0.23091855269070025,-0.013410938669526428,-0.3519272429812618,0.8878215635651933,2.585038066806951,2.0370664530259557,-0.9574573531393283,2.4000815633047488,2.4201861525252375,2.9969582189485933,2.6141181491287653,1.7135498825455235,0.6465533025925824,1.640476451432971,1.9955035500664164,-0.5424844372494676,-1.0355493250789243,-1.070072665912817,-0.5792905750919949,0.5572972175844231,2.8857504188459533,0.454017229286589,1.0068176682178667,0.5223348206491076,-0.2830275466149638,-1.7386500357511507,-1.4454460314516002,-0.0786199010038612,-0.4856541306163316,0.05527561212113694,1.1509316512426935,1.1913585916734413,0.5573769641808167,0.7299588968937206,-1.1482387100591693,-0.4913320565350094,0.6175334275840372,1.002476200505781,-1.7032569751087903,0.360828176963739,-1.1358146486615106,0.8297802452022313,-0.029174392742975504,-0.9888566028854672,1.2681363725443122
3118,2.2305326107363883,2.0741261097861385,2.203991996517067,2.1225965115449834,-0.32622339713331383,-0.2911327317940246,-0.35035566812127467,-0.20535776549711407,-1.276469185214779,1.9611670873758038,0.11550098073846152,0.5973041613753285,0.12928301515289095,1.1554301671395237,-0.6855302866203414,-0.6536450425351323,1.056860616805286,-0.8671813506080138,1.2482190187773723,-0.6855302866203412,-0.9154266750217201,-0.4800362196594911,1.1810546927717787,-0.9598721197881372,1.6084908416299382,-0.9154266750217203,-0.13707283862817657,-0.7210675973089702,0.02194498356080532,-0.27337250205392993,-1.1459584124438873,-0.2112618614849029,-0.19046641987398982,-0.18512337696008282,-0.1049687697139623,0.3860299924717611,1.4121862162063328,1.0730419210864335,1.6988471494888668,2.0189522186536824,-0.8378083646126538,-0.19175771939408986,-0.08187551106457158,-0.6894268728464418,-0.6460760658516688,-0.4000089016855718,-0.424627932716031,-0.2994771049997295,-0.45071966564328564,-0.7697184811499757,-0.13290665201451746,-0.12517728247092913,-0.45816221533454,0.5496621668082586,2.302709299362579,1.806759048149687,-0.7518217087106787,2.624972744094491,2.2929682285834314,2.866203343112817,2.6551283943745094,1.7014336002201045,0.20650498663019107,1.4213556541443815,2.0892696772737804,-0.650828114995985,-0.9812556345022637,-1.1384173959988924,-0.815778238624263,0.24676989158313573,2.8336291953532387,0.5057849371973366,0.9234917748855996,0.6533195610411664,-0.01861879746135057,-1.5485158034263642,-1.124803061888836,-0.3781920906136989,-0.5813646017859848,0.07465564495210607,1.234155448525671,1.2847540790607612,0.6694730428055988,0.5712125371283072,-1.1556369173141707,-0.2872776483470492,0.44241065853750405,0.9956596550730331,-1.686636589300427,0.31988998365023447,-1.1547023441781203,0.8784145072148116,-0.04095939839902968,-1.0050711079919237,1.3830320805639968
3119,2.070581006718905,1.949044908737461,2.04411802498073,2.0358833438748567,-0.3880443791332081,-0.31629137276997,-0.44136960081621557,-0.3197183488566404,-1.2903052381262923,2.05730831345921,0.13682424598754833,0.44604119904954276,-0.050192636976287106,1.0289699008812982,-0.8772589285299348,-0.5064178180419924,0.9228288952525897,-0.9243639049733292,1.1501832740096636,-0.8772589285299334,-1.0215471917056436,-0.5053390358503367,1.0608372675778523,-1.0516489366055541,1.5139770222876012,-1.021547191705646,-0.5354089185772198,-0.48652359103497167,-0.5590101665132198,0.0438264586103827,-0.9511663388898797,-0.5059397082473582,-0.28297412470826555,-0.2803313254810512,-0.2494508548159378,0.2437463172023407,1.2941102392659023,0.9375466358222252,1.6016809841109327,1.9143366627318235,-0.7975205951598436,-0.6180624808925209,-0.441276694972875,-0.875934331774769,-0.8551170767775405,-0.6261834769779258,-0.661575025260728,-0.5183442000284657,-0.6248063237482633,-0.288961847821747,0.0906523082567528,-0.3401632740452563,-0.34536301482545784,0.520669983245434,2.1130154472823834,1.8386206315612421,-0.667517873076032,2.786330685093476,2.183054509813491,2.6651761611927043,2.611168217690972,1.7046085193651026,0.09542152004093604,1.3330821031960296,2.051950044788186,-0.6575711306220015,-1.0385457017585717,-1.1184541651493158,-0.7526294404064604,-0.2678861930609837,2.431000971156307,0.24763450824144512,0.9849499367018746,0.5826342113279038,-0.09167036075411018,-0.6102425842127278,-0.5030632226124774,-0.49035673813316,-0.6344671113824225,-0.22457883396027337,1.2491356697620961,1.2975570597413915,0.6681664487610848,0.30451536154629766,-1.1473300550416738,0.12417077315461342,0.20749168746567645,0.9898413335457862,-1.6689370112947448,0.3197279678640543,-1.142508742264413,0.9243116835863836,-0.05440877793684396,-1.0261238207730503,1.5369724601358463
3120,2.0115340112292524,1.9141177497870243,1.9453050354668344,1.998817536406542,-0.5688574018146908,-0.3657078369617512,-0.48708614263919037,-0.47746089460807767,-1.3599831338763326,2.0232877439055947,0.008964703711558974,0.41209468725213494,-0.08795460107008318,0.9971393928931959,-0.9365712198766125,-0.15909034206222808,0.8107499499458581,-0.7746892665326287,1.0461972311338403,-0.9365712198766123,-1.0879186602896034,-0.3195035024084765,0.9485170514916775,-0.985317026485714,1.414285651091991,-1.0879186602896043,-0.32619808416933377,-0.10336192338584063,-0.1796280073334764,0.14047421692748907,-0.5937244181280897,-0.49886057756267654,-0.28883822552533295,-0.2948134138893616,-0.31618372384833826,0.1626889791366134,1.2249356786746401,0.8561246106621738,1.5527486687816685,1.8604993920082042,1.6186384117195913,1.2533103318517371,1.406914275322608,0.4849080105363925,0.4284017007638585,0.7090328043781295,0.7164887729847174,0.7545585305746637,0.4756868122550962,-0.09732522669034481,-0.2263721639844555,-0.2510277340488862,-0.4625358475169053,0.390767177978762,2.0741522112682094,1.8200215719709054,-0.013471962669848887,2.9002490962239946,2.0882806388939525,2.4415039730415824,2.565828132297777,1.6925440515325667,0.07277247579060946,1.3084024379365489,2.0266207486360877,-0.7478204443644393,-1.0586126119078612,-0.9122750124608928,-0.8680902763305058,-0.415333072412105,2.091241937919076,0.25936120790009387,0.986964118011605,0.3040881886873306,0.2870269192093482,-0.5288455310462097,-0.17923101118614515,-0.6239542622060353,-0.6881293203950263,-0.16808084663981393,1.3106595949102113,1.3646493108856446,0.7413209823888479,-0.0681334890106118,-1.0413047808785794,0.4014272185286069,0.02806141964989109,0.9855266219238062,-1.6522647307537375,0.3277910994322151,-1.0918544109920378,0.9674718521051033,-0.07139792736625117,-1.0376140851528577,1.7133275402940296
3121,1.716012430259923,1.803142873916431,1.539142790870005,1.507858640444372,-1.1568025079363262,-0.4385735575287907,-0.5552703530979327,-1.190281263835737,-1.0900756257592825,2.0167977686418475,-0.0583839115349204,-0.5945403953339254,-1.1735222848952092,0.1279727626406625,-1.66221304680932,-1.926013536795888,0.4804418955800799,-2.2766637878793654,0.8629408063952136,-1.6622130468093193,-1.4567725215644662,-1.7567859528296284,0.7061812149957847,-2.125750078367275,1.2824568760895305,-1.4567725215644654,-1.5113545222800524,-0.44971466028081925,-1.1424313467642044,-0.845407345117999,1.1666463830547278,-1.6835315649535423,-1.1926993119458191,-1.1060236274270374,-0.9674021421038527,-0.42760131198401674,0.7156478054924644,0.32684568361961297,1.065909884152102,1.3692166299776063,2.8831247171087777,2.5834864579373336,2.742100711541419,1.8298850312194117,1.718103558675313,2.07717972716014,2.088933988147744,2.06975537077599,1.638980688488909,-1.9530598645101225,-1.3334245741524529,-0.8335773755104291,-0.6953403899821152,-0.3063071330036637,1.655713815474433,1.4039014128403482,-2.295143962239407,2.9704133855606583,1.9845725828929541,2.0990978870738886,2.40249905531636,1.7016137323758278,-0.5987276583510417,0.7536595390553071,1.8152048921008117,-0.8460629286476666,-1.003078011205328,-0.976040120314759,-0.7534137396263766,-0.6142974272104395,1.984762172655526,0.26660860252924623,0.9044942926755745,0.43050419148457425,0.054548145049376176,-0.04261093137455962,0.007596789569413471,-0.7977485972146756,-0.9888588786885575,-1.7243579215878853,1.0181436644001773,1.081010211565406,0.7613734914185699,-1.2356984009845173,-0.722530412103591,-0.5304798132324801,0.12525488741497434,0.9743780772917069,-1.6361685115558664,0.3667384161886901,-0.9458384747959707,1.0023069870576744,-0.08858545261618224,-1.026182812565141,1.8855984542530932
3122,1.3563828314752207,1.2898467031803647,1.3030091374148334,1.3278931389928228,-0.9674068512629684,-1.1692883734789832,-0.9520297999231686,-1.1137681070584355,-0.8921553756699122,1.9206203896287797,0.2099772407340563,-0.8641810151398897,-1.4113654473215802,-0.13824720531773665,-2.056545605702008,-1.0801203181382495,0.17450699849816514,-2.0918595961336868,0.6353904274387148,-2.0565456057020066,-1.7654250045348696,-1.4911919826759508,0.45616869608200905,-2.177393597166685,1.1234397814267953,-1.7654250045348696,-0.9105330208190568,-2.26360680383441,-1.4460518016381163,-0.008986142675950342,-0.36881817503111575,-1.6510327037122343,-1.4058282634145571,-1.3110516450169714,-1.1244415401150947,-0.6448667042319346,0.5113786782135664,0.10970846636847198,0.8782384307882881,1.1812266372695726,0.6626099267537947,0.830179723638655,1.0533288097019307,0.8873269009749234,0.6315161761205959,0.9456816670260874,0.9291648854862224,0.9973666238715819,0.7257170445555945,-0.7405688125436669,-1.604341978237799,-0.9351448219349424,-0.8692656768328186,-1.0275473824116277,1.5445253428332342,1.2628468505747816,-0.5706031348398285,2.944124693207064,1.9378629147591755,1.8663892779624929,2.313763938627243,1.844152088945873,-0.8232495198153393,0.4676313942073535,1.5774964586361528,-0.3105081805835599,0.5065515587125566,-0.15788259764579998,-0.4134899597325432,-0.8727402254399387,1.3709008625534733,-0.24154432161234593,-0.6218239135088874,0.6098191253191517,0.4254216480812312,0.8541277588209176,0.9141198021873195,-0.4278859303628052,-0.41165822055143897,-1.3087649651957474,0.8861039649960974,0.8843649074158026,0.19642118682260212,-2.736036955785688,-0.4659159816611428,-1.422739088233955,-0.036283018399755625,0.9645935913997489,-1.6234678816295243,0.47213486262022164,-0.8312391777377366,1.0329945355663226,-0.1005046930180668,-1.0099416086821298,1.9831563842247517
3123,1.1895992093455028,1.2809539874859601,1.2890629075739204,1.2780112813588995,-0.8346653898787831,-0.9804034937880588,-0.8886587148981887,-0.90888318352393,-0.5793739289890298,1.7891741162477743,0.2996645282223313,-0.9221711886688582,-1.4571287160442095,-0.20043070160797466,-2.0449286362128105,-0.0005479171110474139,-0.04476298230394091,-1.5001458319560435,0.4080879519759851,-2.044928636212809,-1.9231413807068847,-0.7913739277869274,0.24134531690018032,-1.8667925475141225,0.9502454916864949,-1.9231413807068858,-0.056212018245463374,-0.030508871419155852,-0.7017125777382158,0.6012180575757106,-0.35093797920703673,-1.2550031948095188,-1.3238794605673307,-1.2553503819181973,-1.1037382109569267,-0.7055141951967696,0.43500241038327064,0.031117981710848314,0.8172506665611072,1.1184802372465215,-0.5120207948072193,-0.031578702692345584,0.1390955832437731,0.3356788985165865,0.022853333632275933,0.301910471609553,0.2776098532384934,0.38427695095780806,0.19697266278123962,-0.20443420724693356,-1.3736489048438798,-1.009513721365773,-0.8317763035538264,-1.0101683081771795,1.4937936135152454,0.943130664050471,0.18714080275860911,2.79757471456546,1.964596672753325,1.6556910561961282,2.3214426417983165,1.8436443677275551,-0.9471082692423168,0.4099190181121212,1.6076942602793232,-0.3462535049923969,1.1890737312072797,0.10123191065707185,-0.10102764637760718,0.12951693930949507,1.0832053671551993,-0.5360318555963423,-1.3716456210588157,0.8312695327239581,0.25043078571108185,-0.35198847091784585,-0.07827617252512915,0.7365979931860784,-0.5050153913392393,-1.5252633314802833,0.556178466113469,0.5705870057466859,0.256155992592722,-2.82315382239311,-0.6364123781098331,-2.2284715011048424,-0.12233449964345026,0.9536449838446273,-1.607460461316093,0.5380301437583752,-0.6563153167507951,1.0700267061217135,-0.1042733500948684,-0.9362753382280269,1.9548064118230875
3124,1.2712327133462589,1.1450410192937037,1.25360286272727,1.2025579543781915,-0.9826303756035734,-0.8654841575286177,-0.9320085608158821,-0.9663120245680217,-0.7867310896601132,1.9455350265722027,0.38474678537825746,-1.022926077784204,-1.5412516373328697,-0.3044517435320936,-1.896247716184857,0.37573700388225784,-0.2188516634673456,-1.1898445949261152,0.19643688507383325,-1.896247716184856,-1.992953016926868,-0.37976710771400296,0.04859434507042228,-1.6699598133408706,0.7703909391697376,-1.992953016926869,-0.1407654856736225,-0.6238763318716799,0.3647088080328712,-0.2227622127882545,-0.9782819811892708,-0.944675104444462,-1.3254269358836661,-1.2528023744144103,-1.1283139520240764,-0.7925300462635616,0.3398548667531457,-0.06550250904695985,0.7314322511423725,1.0315859781195,-0.9614227882960616,-0.18505084397993804,-0.18411714792238876,0.1400647762060038,-0.17803118027059078,0.13606392972827147,0.07761382136830253,0.19006045857198733,0.04397565214955387,-0.3180079177322968,-1.3820557356164043,-0.8775087900288135,-0.9979900637892809,-0.9225198985137899,1.127763013396615,0.9103261495862685,-0.9179421416378213,2.613719270052029,1.9503057834345274,1.4722008967638014,2.3192301401594615,1.9602055540209318,-1.1035788350889901,0.2544328775939391,1.5127349635015923,-0.4571267189593159,1.037781852354322,0.2670457332343247,-0.08427295845057098,0.22590138647999441,0.952773704012491,-0.9667290867237207,-1.2302580597123416,0.5002800566474491,0.4003546461779516,-0.48686881069227866,-0.06976347602766823,1.332086898206327,-0.3397543855062862,-0.13604514592982384,0.7574056249606264,0.7775997920977334,0.35625990572556804,-2.8677856669620083,-0.8439327873775883,-2.4713914075432712,0.00968228175641077,0.9313580559628397,-1.5917774273540666,0.4589717726013071,-0.5188844768322657,1.1057557391565254,-0.10754121495838956,-0.8847051204881899,1.9436784354560153
3125,1.2863855798406576,1.5853910396342792,1.3206816375636423,1.668758711157398,-1.0912794054290753,-1.0097873319442234,-1.0588315658914988,-1.129015872757024,-1.0474734140982043,2.1703497548358213,0.38371596847026457,-0.051697790936235194,-0.18902063439271824,0.38146445696980663,-0.8347220228900925,2.8179938128348523,-0.08023497637471752,0.9457265186635336,0.1032333389690807,-0.8347220228900917,-1.6091651868602288,1.8029071973226434,0.040493710953712715,-0.07020880816399291,0.6249228693166364,-1.609165186860229,0.28899267142533663,2.073238368063496,0.0749566687913098,2.1646103335878872,1.3553869346425884,1.0654879702861555,-0.17284294202241793,-0.24071308422485582,-0.3999547832951315,-0.2699574962204022,0.7759511814388761,0.3751426914839987,1.1693754682391277,1.4672012903805158,0.48720059304352004,1.1092195306037729,1.0601988041735257,1.469005447175496,0.9244336650261809,1.3549488131389162,1.2894019797944727,1.331379694777306,1.0648670571053096,2.0304630297510653,-0.5293016421146656,-0.5069292081788808,-0.4818223332251867,-0.6365505122874762,1.3095832752393535,1.375215222254939,1.6199737420052387,2.5533501592445313,1.8814839734381639,1.265468088347919,2.2632380061649275,2.1883627465541213,-0.20928680183922826,0.6439588075729594,1.2344411065763006,-0.55293157906882,1.0194956738328105,0.10246463489357274,0.1648980336473596,0.122334399730815,0.39894343752015415,-1.1158697435135863,-1.230228569988635,0.6955238573195899,-0.12806139320265855,0.029554713050446133,-0.0688772935625112,1.4287563517292738,-0.4007708271755353,-0.037186350272424576,1.0168850410159453,1.0393781247721277,0.44558583746721026,-2.8183096154905267,-0.8556273301076794,-2.444950758699368,0.1681430511532318,0.917764231079162,-1.5748795604583317,0.43945151720058256,-0.4909182697693803,1.1503313009484957,-0.11216821714370716,-0.8174493924553687,1.938844018234528
3126,1.7355878954909136,1.7829997046730521,1.8096432993948284,1.7669579443323271,-1.0728675565208947,-1.1044566214803575,-1.023463807877311,-1.0744268130698187,-1.0748339676049299,2.192018752661571,0.2541204102877271,0.136333732580963,0.04448981953260945,0.5247969084480458,-0.10726380064136974,1.9245549573186913,0.0649216265791265,0.9890222400106993,0.09125771833100546,-0.10726380064136955,-1.2225223951579507,1.8265707992227496,0.06682568405708762,0.22813665595833393,0.5143041495686745,-1.2225223951579514,2.0597163425297356,0.9390823954594132,1.983769498986899,0.3651404842045618,-0.5522927275792611,1.2481989674692426,0.17888171764660116,-0.0006504606260846406,-0.21415372068688696,-0.1770802806461533,0.8524052712607718,0.44410287518671165,1.2514938150810595,1.5459059762501615,-0.34780619818434755,-0.09157620816449778,0.029068365282180857,0.42079044115031533,0.03997444597527168,0.3947392614502162,0.29772342773215554,0.41989548607155114,0.2741757541505247,0.44387509538718023,0.49939229682989167,-0.5727264188972535,-0.41105706755398486,-0.3822791869226759,1.3052581195491137,1.5373098066635746,0.43502288105171527,2.5017976860248865,1.8376379668851113,1.136690490429906,2.2120373141714165,2.1635630017424514,0.0291056254442322,0.7692399059393833,1.1973475670075437,-0.028610651413136044,0.013496780723067982,-0.44131951658607915,-0.4271371757849152,-0.28946559621481527,0.5528079747533796,-0.5005625885580777,-0.0210045653591502,0.570126307669482,0.14746650635608363,-0.12211768839103708,0.015909942714462035,0.35412821764809,-0.008762213498891494,-0.6960422750869637,1.1178198615986008,1.0674620606200775,-0.1340391800553751,-2.7292676504128845,-0.8510795373775984,-2.36418231446127,0.09380210792908739,0.9068852778430598,-1.5632266708023055,0.41741811464456574,-0.5452243620025816,1.1951749651012882,-0.1231981068838045,-0.7558210530560638,1.8893471521138938
3127,1.8372941343057527,1.84544762429097,1.856111909412132,1.914074204537656,-1.182194550292747,-1.0829712969694643,-0.8488707981791781,-1.2418692845711596,-1.272076696274049,2.2242879043779737,0.3637058981332844,0.39433642014875464,0.3565044422638972,0.7264526689221902,0.46691909904925366,1.5127992529028442,0.2388739854306844,1.182883730490635,0.14339076804676368,0.46691909904925405,-0.8132515331667152,1.9320643333873027,0.13592640942764184,0.5988753147130012,0.44073385489360245,-0.8132515331667153,0.22642540937169878,0.3289374701691083,0.47064249340706216,0.6160723674288384,-0.4662644423559429,1.3674522172330987,0.612979177056823,0.34513521110003376,0.038112801413282944,-0.019453767942189,0.9745909315073233,0.5617090607125631,1.3813976660437002,1.6719063015935098,-0.5322504941968219,-0.43670117220421556,-0.3077204934991381,0.06891818506131615,-0.20074151458446507,0.12240772717708089,0.017607124323729906,0.16054208056770175,0.04608367095209798,0.6610452638199099,1.1111688766292849,-0.37645735782914913,-0.18450986173470543,-0.2711972809432472,1.5296790410248216,1.4292918901163603,0.6351316033726051,2.4688959412315823,1.7837605347867027,1.0394424535770592,2.159982691135189,2.139416293703033,0.3680370015310504,0.9527199294660578,1.156795726686989,-0.13332724754511482,-0.450125617899239,-0.4582133778686733,-0.6792381205262868,-0.7005549823669762,0.5863916734648885,-0.15180507543599073,0.45924553248429784,0.2161690486776142,0.4907523056704286,0.1983559651835186,0.4885449387365355,-0.4262379604490411,-0.013895441808700244,-0.24621664463693496,1.3099242572284109,1.2651131752712637,-0.03524830513729387,-2.538822269086682,-0.7537949068600809,-1.9633643415594981,-0.045509741285021804,0.898925794477374,-1.549652596482667,0.35670530930917216,-0.5546280263232679,1.2447535679254147,-0.1253903316728317,-0.6755470541321403,1.8277471875380216
3128,2.019941352694852,2.0700360219423017,2.071541813205013,1.9959435790820323,-1.1770696345194254,-1.2074580598972822,-1.1924199312782506,-1.261912868904712,-1.0721768894276111,2.2123085836280465,0.4448055420890739,0.5472567361849071,0.5374225841265158,0.8469193157398275,0.7946820376364521,0.864434038877345,0.39486681245157734,1.0631073812922318,0.23206192175111937,0.7946820376364512,-0.45439672266732345,1.690083167907584,0.21845284134066092,0.7171669125094452,0.3996687694408766,-0.4543967226673236,0.9278659144332081,1.0886608223120595,0.8293637265545849,0.11829266051346624,-0.451811425334162,1.1480864509134054,0.8391723003320638,0.578014486431634,0.18646238324253248,0.06798474097870415,1.0303815061140666,0.6096636481376799,1.4460121192924125,1.7364602269167468,-0.2149478965177978,-0.2791557755913394,-0.11750788174011993,0.22769979758043224,0.005901931688707199,0.3266129593217716,0.205878364716219,0.3467800481418751,0.22508724103851083,0.39488976110256496,1.3710809555159438,-0.04972698746636059,-0.11355308205783142,-0.12307559606491782,1.678119090004464,1.2565825511906397,0.460555905427514,2.428957027019632,1.769167777128213,1.0089331457599395,2.2063374355081815,2.115892871481335,0.4468246557165074,1.064108598165333,1.2566991841450026,-0.19689952575990474,0.21682454020946845,-0.7186276680830406,-0.9584830586315137,-0.9154534469686268,0.9556735406478716,-0.2123037012245947,-0.27909351823543876,1.0824106415676993,0.6193468774841685,0.15963973921325167,0.5511221116220052,-0.5492457453890777,-0.3078238343905893,-1.503271025526797,1.0929990425962506,1.0630563221514322,0.03562138916529487,-2.1638206346213327,-0.5958377873539695,-1.960864837656164,-0.23066895961358377,0.8928807407151426,-1.5368685374786963,0.27482353638469625,-0.5402677220304274,1.2990523054044778,-0.11927874336043229,-0.603020351852547,1.7754445506995833
3129,2.0832096026873774,2.0036153845454048,2.1154913611302986,2.0792242420533835,-1.1865620174098455,-1.1689688110482923,-1.194418041850719,-1.2035184837789847,-0.9639707826345751,2.2877585867969965,0.328844392612275,0.7010102103427224,0.7167954962345205,0.9691077341798416,0.9760601342338325,0.4807674962797607,0.5389890743020014,0.9817288688906025,0.34100970333428576,0.9760601342338321,-0.139987661814013,1.469637579819809,0.3119822975484805,0.812562654461717,0.3869770668962408,-0.13998766181401268,0.2369212393460145,-0.2368090327330929,0.3301356944950367,0.22975586425808242,-1.350482976695568,0.8202019698011673,1.0334069835049016,0.7999812076787228,0.34273589124821685,0.155218677714861,1.084071748282129,0.6625790458055342,1.5117211013295688,1.8039185157013724,-0.8475611724294901,-0.8255173930389584,-0.6175213988988562,-0.29951293604328433,-0.3962972088799099,-0.11624990518889144,-0.24642354643856518,-0.06771589558107825,-0.1400025711952733,0.4111103590937891,1.6863674358104856,0.14926850077253084,0.16355590973820155,-0.13604950007070005,1.976472096479396,1.4377771502659429,0.18198431230760376,2.386956071809992,1.7658534295161628,0.9803865807854203,2.1593226721496674,2.0929390943619506,0.6738557844360772,1.1796628331572507,1.2219446374515732,-0.298668665368334,0.7527152686276343,-1.0482902424406153,-1.075030151891912,-1.0846899384490019,1.271179040365258,-0.4381586269967122,-0.8831547571860341,1.9191194237126614,0.4427374920052991,0.27503196418091214,0.5092701932765363,-0.4282316812216247,-0.3502001852213969,-1.196768370485108,0.9663374659325717,0.9534441832778657,0.1466758873990469,-1.749319746627969,-0.4547710466280195,-2.098138811736911,-0.47490419156118185,0.8854599286421261,-1.5184825101629,0.1278373375796049,-0.4711558409153393,1.350849971170735,-0.1193277583600737,-0.5468997552233654,1.7374973486585958
3130,2.102925445011435,2.1358712528321853,2.1616224827151713,2.1715673472776995,-1.1443348401867086,-1.1709044442198202,-1.1522860285215,-1.1965930866677243,-1.0174956751139472,2.245342215841141,0.39087012789441444,0.8650141155219505,0.9040432997133645,1.1013495932246278,1.0851723039814871,0.2900470024034502,0.6791534494446221,0.9563491190363327,0.46211301899625506,1.0851723039814867,0.13965233608309482,1.2977871566671375,0.4167438633664568,0.9111007057145334,0.3993955899635945,0.1396523360830951,0.28876623412242464,0.6778578962701082,0.1515564026809469,0.6161462063586919,-0.74108986723376,0.8059435431007261,1.222446319744511,0.994472421968721,0.5013816637429342,0.2570023462918351,1.142982920428753,0.7240070106171842,1.5873789972928085,1.8814389964938278,0.19631929279259536,-0.3015623106388428,-0.1854533653155135,0.1251206682136254,0.028606719626028863,0.32508016581634874,0.1683338481047882,0.34206652107746016,0.24419781388766493,0.45842335366962617,1.002601281830751,0.3090516854945796,0.12029918305318119,0.03361399242672834,2.2561986820805435,1.321998139793373,0.6357968464210799,2.3393049833797463,1.7884932577743322,0.9895577052217992,2.1652206686101625,2.0955546338888325,0.8440977500009265,1.2914229201370615,1.2387110860893922,-0.3925888564282271,1.3625506179901816,-1.0898032546240302,-1.0396174847435924,-1.1028823504239413,1.8214093691281392,-0.21823080438012005,-1.5639471531843372,2.435030499503725,0.3493024159772259,0.3559348110250444,0.5014654215397578,-0.7197173037815388,-0.3508094188616007,-0.6699763963884598,1.0097697722730563,1.0084648448050428,0.25718032250480033,-1.3833995417061196,-0.2846100290866683,-2.0425751225456987,-0.6363599150736218,0.8756662937346035,-1.4926726522024114,-0.05948457433197211,-0.41875031995416895,1.408762763622734,-0.11139299366661491,-0.48988707447674473,1.7106326197802455
3131,2.1660793758954946,2.1582198950011597,2.1939714987615626,2.1546265060345573,-1.049990691587651,-1.1169727522477417,-1.0350378122926298,-1.0696087142418604,-0.9002760196082247,2.361920188971253,0.21885311370557184,0.8773739164036588,0.918784362192388,1.107751139250368,0.9620798951917968,-0.32663140264594825,0.7557131533696666,0.5245694791451375,0.5692952145748547,0.9620798951917963,0.3000166400874982,0.7389757149352671,0.4946798613830768,0.6791742499167868,0.42609814670958085,0.3000166400874989,0.22931535452678162,0.17963729713381404,0.34342007078349207,0.2059435847172482,-0.8293799868589636,0.464785285867446,1.0467612434195062,0.951086459724918,0.49925491130032085,0.24188151047619927,1.0922854634866086,0.6815858669303753,1.5555028262908883,1.853179120338398,-0.24023805576141508,-0.4715818336174918,-0.5929336054217472,-0.2521420845544856,-0.26379351783024574,-0.012615474993310925,-0.14073475923278403,0.03439111800695121,-0.029587039083338276,-0.002012791255631303,0.811875115005497,0.8983170327393718,-0.036258673137127315,0.00974767864682267,2.284485974145053,1.221273263015369,-0.45814479210623443,2.294769973665333,1.79799454990946,1.0080907326069684,2.1595977485903406,2.1198214559605684,0.8279615494472078,1.2632181723254112,1.2169183845655072,-0.4750637755492556,0.5931155127929753,-0.953295499201693,-1.0629683860373391,-1.1389722834962406,2.3831667373122034,-0.3152434710239708,-0.7477108464082856,1.6494478027838233,0.5276197175614525,0.3838622956733719,0.646761608309083,-0.6362331884210115,-0.5277788094065732,-1.1192206683688717,0.8762432164758556,0.8916479684375737,0.36333254138415483,-1.036867091664949,-0.17173180828122808,-2.032493992348842,-0.8546049495728144,0.8627525022844349,-1.4707441342994088,-0.19295723811861154,-0.3979147387886332,1.4658152110038492,-0.10795712270688003,-0.4355700239107478,1.6979319984480865
3132,2.26841894036149,2.292746628321466,2.3371980788389406,2.351741535324737,-0.9606702714737575,-1.0446266627979235,-1.0306002409985313,-1.0386352985116862,-0.986547226341976,2.31671704124568,0.1363814648349674,1.1827442519167897,1.2566355327702436,1.360672267956918,1.1193547897340064,0.41581357911026634,0.9093523112181547,1.0515606183804613,0.6938679709805949,1.1193547897340068,0.5451140728809275,1.1228763909555486,0.6205588316010234,1.0969945543104502,0.47455402304039024,0.5451140728809281,0.7539623494761537,0.7077610651988832,0.5238147750046844,0.7199691533015365,-0.9299887848083287,0.8923083362749888,1.2889216526267167,1.3191373506117077,0.8048362718490183,0.5149905140386227,1.2548815445146817,0.864170685870744,1.7329618150983084,2.033451270460241,-0.5342051063690774,-0.6299062731746292,-0.7770675523917873,-0.5049137611836714,-0.3834927317600998,-0.24440255945499856,-0.3552076218615929,-0.17260560423714405,-0.21667722819135057,0.9229657253214306,0.9226715213748885,1.4034263127703102,0.18491480660360005,0.26492136072571243,2.4949275733881637,1.3011800740695108,1.1720235660489795,2.229552906775915,1.859187067362735,1.0590590656398384,2.229890207582004,2.474142093411636,1.103838672735614,1.2730748918695716,0.9826443033792694,-0.5863915873508049,0.09720245490185891,-0.0837349767536696,-1.1091879480101998,-1.144610632568884,2.5475607799833053,-0.45632512302061606,-0.23533346475071126,0.18032563259854287,1.5062807138857681,0.32856702551568273,1.2959049263301394,-0.47078128249192286,-0.5231320562650079,-0.43647108030949944,0.9515883599919792,0.980730850703853,0.500954718494619,-0.6847702660021814,-0.09486530407959656,-1.9092241810227062,-0.9553403839643962,0.8518380438486913,-1.4484455826972478,-0.420559614547817,-0.324997448908458,1.5249082275177208,-0.10714282549225182,-0.37167302777004674,1.6961101033320687
3133,2.352407999608313,2.3105702235570558,2.1842325405448024,2.0597199767915773,-0.8875689677631354,-0.9710986376983998,-0.8803038232558568,-0.9042412243384702,-0.6440180735660737,1.9760953445202707,-0.09165610924119603,0.5112537626995903,0.387823312064982,0.8287130587419153,0.528391566258682,-1.5560059491014089,0.8386701161809897,-0.48093757391651143,0.752382287020043,0.5283915662586822,0.44430169940755637,-0.46880525657990135,0.6234769554174194,0.02517404423374615,0.5138727545697908,0.4443016994075568,-0.6195171981348542,0.17660870628556052,0.45624566552008283,-1.2587914056859082,0.3903122428361553,-0.2556331578809835,0.4339359614147255,0.619902144659383,0.37802813384539674,0.18883075495563936,0.9302739873632598,0.539112759749458,1.4264715040513347,1.739414882400605,0.38713561691618914,-0.002537104322756922,-0.07726200464895064,-0.03446532406100123,0.18933497336616045,0.23154513966420645,0.12257062741065682,0.27923318969662,0.21767515440774426,-1.1625084054335677,0.2501998482308368,1.1045723642598568,0.09286944548156086,0.016241531692488334,2.0840232740823463,1.0782930090040794,-0.22690841577475104,2.1954175901677084,1.8608612865886796,1.0389186917674373,2.249826524167245,2.6221412345622284,0.5139344707267036,0.8434314797524252,0.8693773155745163,-0.5545766828066684,0.08246907609064173,0.8231461563704212,-1.0193337962730122,-0.9372246165160769,2.927570021946599,-0.35885740376454084,-0.21248724302985716,-0.9549998460039968,2.3057857784908613,0.11067723962646228,1.7109940965178108,-0.40494218250093056,-0.7331555103640089,-1.6857556424840636,0.5979269163386365,0.6353989525086915,0.4769930937811353,-0.6129040247954773,-0.10473694075901069,-1.836085203479694,-1.0794727312882657,0.8478301938833829,-1.432557725724315,-0.702474477882712,-0.23364691671051835,1.5813306056206318,-0.1150185995944665,-0.3064794870574123,1.6854097945070758
3134,2.0893939009302755,1.9885216512943795,1.6532951604179897,1.7515008218044086,-0.6111454570997261,-0.8869587336473452,-0.33506239904268814,-0.8584264918996464,-0.7898690841325212,2.189318004317099,-0.3493464940529648,-0.08642680029251422,-0.3062947410102739,0.31596409459889746,-0.34622700335762524,-2.2712574474604277,0.6144806210543655,-1.5280256817402875,0.7138622736613675,-0.34622700335762346,0.10888383219976833,-1.5311656900454678,0.5219203767946737,-0.8890654873975908,0.5233724955631611,0.10888383219976858,-2.4106973023925273,-1.414577397258793,-1.066987547856824,-1.5830965551827185,2.196464484454117,-1.201202433051721,-0.4179595321357837,-0.10415082730028555,-0.08027277943763098,-0.16616592214257192,0.5852914387996875,0.19874191226100876,1.1054611495206923,1.431953412828856,2.0503371410467937,1.55332936670441,1.5228448824173613,1.3705510942127745,1.650670062505137,1.6271164299878051,1.5004178532194652,1.612755838034537,1.4873833836879806,-1.2915748537280591,-0.4677106716182677,0.8068237448981366,-0.139502475569387,-0.08166855746568064,2.0622488767074625,0.7641243630427008,-2.287433544542161,2.1645075500637594,1.8390947173372472,0.8128857401218013,2.362598521336374,2.5800127658663468,-0.2743317286596831,0.5054316340897541,1.0784166285558472,-0.4433040244140779,-0.6120265031955751,0.48331763612735384,-1.0644271406166526,-1.0902977416502573,2.383473687959673,-0.6212609482298026,0.5655037866551276,-1.0773659497528563,2.005756819420208,0.3010554957155687,1.638143680328357,-0.2230307961784934,-0.3550522873564344,-0.025687301872535487,0.7662467526649205,0.7882985260792927,0.3966642490443741,-0.6333106313256108,-0.09079284183819672,-1.6584008191660713,-1.1640060901747806,0.826882825588478,-1.4129118323491454,-1.2526425732279496,-0.10844754386782998,1.6321916845333102,-0.12598591819941102,-0.2450853685427633,1.668517417578007
3135,1.7161751980423159,1.864460299688351,1.6915026665207595,1.8523811743265857,-0.7623202018755519,-0.6126059463652843,-0.5889905138378971,-0.7406716805377951,-0.7938293627719797,2.3617914567677105,0.0603122410741073,0.11172823094699583,-0.054225250540943244,0.46855536679782506,-0.5169985350944282,-0.4404747610269515,0.5235028383841221,-0.6238578534521517,0.6568063325363528,-0.5169985350944271,-0.03399824904872137,-0.6482912212629746,0.472668571958672,-0.43496614024939523,0.5203273426973907,-0.0339982490487212,0.2106288426663072,-0.5458457397660887,-1.6067824171083147,0.9237598191663442,0.9387678417395587,-0.5999903285916854,-0.22973869091957863,0.00991240224759238,0.09776449843436966,-0.0108546457092652,0.6543110407205193,0.28224516785093895,1.1897347624164516,1.5227368621877118,0.12479981549079201,0.24812269936987555,0.15365868606562946,0.16822092521579862,0.43787462713169384,0.45273757037033324,0.32705550114845955,0.5143873891527738,0.4762292420786529,0.47733485870704684,-0.45931962998047565,0.35788231194686193,-0.008899321855819738,-0.11476075186842119,1.952229442752114,0.7503039248709885,-0.1057720755919894,2.1369219224107177,1.8244496681587876,0.6035940462344165,2.3322789706612213,2.578450393981583,-0.05348787117158304,0.6136484820207451,1.0377266691139222,-0.2911161656185408,-0.6444155111209968,-0.013918717762341706,-1.0388731485623965,-1.0915148706475815,2.2523438185644973,-1.039123281002946,0.6346707985192915,-0.4880397892482512,1.455657064801789,0.3392569727567081,1.275404559514229,0.2888855985666378,-0.2791574398602628,-0.5351470813539848,0.7915311227470828,0.7895489465173892,0.20396741424062673,-0.5718729086794995,-0.08014918832012417,-1.5790910681392634,-1.2443437748332171,0.8011100911483823,-1.395245248732965,-1.7935530902644345,-0.061921773500576885,1.6827895438793532,-0.11369227205740501,-0.187947734677087,1.642008462079125
3136,1.736552546026052,1.6819014942989952,1.7293176064246405,1.7201414914410582,-0.6248925930639065,-0.7254978517996723,-0.6152894964595735,-0.6308391046239933,-0.8455172024232513,2.2663085627800488,0.37608026270739636,-0.11990030565218043,-0.32100873853684875,0.26686593486582666,-0.771927234970066,-0.6579744430990025,0.3870950177576776,-0.9305252786257705,0.5717854806014956,-0.7719272349700648,-0.23613346950428868,-0.9095362985780994,0.3878761132451501,-0.7459545775137661,0.499655483564058,-0.23613346950428826,0.21021241034272473,-0.8463126205697714,0.11558307604525013,0.0924107721359831,-0.7906560608863016,-0.8012132482740473,-0.5441921850705493,-0.3641251671161155,-0.06978642897279176,-0.1559743022377418,0.49028625366048656,0.12126154063184223,1.046690806884584,1.3873808505392384,-1.3561980865836194,-0.9374634965369172,-0.9660822780696999,-0.8183154102495942,-0.5849373314486165,-0.5435528323755363,-0.6519887821829098,-0.4249904536497727,-0.4056172240065333,-0.5570952159544158,-0.6890989381327066,0.0679731154135772,0.32523001670479573,-0.3574271608191502,1.754300170584274,0.6273856314817212,-0.3904041375543246,2.115512993262056,1.8104106750154183,0.4092871111438483,2.2989435586094698,2.5379177588764503,-0.2844071519796412,0.47476015520909376,1.0305187394645847,-0.379835287698167,-0.6544685459895894,-0.6796224705166382,-1.0805148073447564,-1.059114286625051,2.071251042376079,-1.1660385979905898,0.6262039772698181,0.32674618959989243,0.8316544560610957,0.22614000282372704,0.7514685063039614,0.47636289936212717,-0.3405423962282859,-0.29436239628297356,0.8339193363170054,0.8445269542505701,0.3239746589813192,-0.6172359254927664,-0.11981953576448454,-1.7269388651798714,-1.2530599430226323,0.7707907545560112,-1.3744199465417184,-2.2030574480178324,-0.04186349390598308,1.724380704136073,-0.08771368560585964,-0.12928643917246624,1.6189801600066969
3137,1.701440364758403,1.7245451908638252,1.6583714064631103,1.604952527032152,-0.588346951833786,-0.6161125901653447,-0.6793530581620949,-0.5696707080576193,-1.035156368264253,2.2777268127630967,0.1886625713315501,-0.31765169969245716,-0.5452690372553743,0.09295116191591515,-0.9973105179662207,-0.5831476867239477,0.2321551670583084,-1.0509515474247337,0.4617823298315247,-0.9973105179662198,-0.4533876196948583,-0.9703164906647269,0.28066960806428487,-0.9395804548797655,0.4601411893644883,-0.4533876196948581,-0.3211405444982339,0.23037740374137317,-0.1359371289345559,-0.36222682879568546,0.11286973625326348,-0.7002585731890743,-0.7642060845084097,-0.6113840543066175,-0.20824275478750984,-0.278625390581903,0.34299367538896824,-0.020896897828991384,0.9196384036389315,1.2677815209529832,-0.9085470426835933,-0.5427416786517936,-0.518294647440908,-0.5383415284524212,-0.30052594870025884,-0.26579887552415876,-0.38312793902775677,-0.1604597574930564,-0.15470828417672283,-0.4985444525148134,-1.257915218856073,-0.2635107510750792,0.3852088071301083,-0.44440715002010356,1.6936522177230495,0.48870294915692253,-0.6872815435362732,2.079726788391012,1.7865811197929249,0.21974283186470867,2.267108719589653,2.49929604521024,-0.4909505578236354,0.35228225681584224,1.0236011540059093,-0.4456577558496632,-0.3600861590745994,-1.030476197043046,-0.862064788398792,-0.7702924856330318,1.7440149628057509,-1.3030612073995682,0.2922735551204812,0.993470671698127,0.16403703709821146,0.05644984707789698,0.1565915912928611,0.9083392593984212,-0.3284433661921897,0.14757465185857457,1.0241771429395747,1.037321887007552,0.4027630844460496,-0.5856349800300966,-0.11713586176307646,-2.089277328690513,-1.2906166605760763,0.7216583961170421,-1.3542197260843034,-2.454500392033356,-0.028541531376058325,1.7692409663889714,-0.07213428884897814,-0.07501685214066083,1.594618983202139
3138,1.6731372888542313,1.5782700379371175,1.5042693504745555,1.6457064032085589,-0.60843227209915,-0.6398193669635847,-0.5843762901951338,-0.5580442500517679,-1.1007886480272626,2.398549169467224,0.23383096465172787,-0.21419720912483584,-0.4059464979672247,0.16920451404249962,-0.9013417319410677,0.24676464517660082,0.15607313901197453,-0.5155471231697888,0.36223895408100537,-0.9013417319410665,-0.5412920642069257,-0.38814275993619635,0.20861620764340505,-0.6311972806280215,0.41313957446873023,-0.5412920642069265,-0.737153541953527,-0.6928127253585473,-0.10939726810019132,0.010973638468264886,0.22257782164567505,-0.2285121405082454,-0.6014697836848701,-0.5158057855971537,-0.11623742925319065,-0.20676385337601036,0.3584087507663161,0.0012075644017039292,0.9496206326137595,1.299570487390418,-0.8058505097062141,-0.49873047289497263,-0.48053971091033165,-0.5574485943988605,-0.3299923603852039,-0.2704264765976497,-0.4106811607757004,-0.16436609828729543,-0.15845600801321538,0.1978538650636528,-0.705246166027896,-0.3189443594318224,0.48199393986677946,-0.25725528183507135,1.4127102523973538,0.49728158180758963,-0.2665287712512964,2.0491616124561127,1.748734980768079,0.09626232094165688,2.2049087742060998,2.524674591841294,-0.3328804332425132,0.3712782845909389,0.9025000450256734,-0.5176199040110802,0.5495001912914862,-0.8990696995335212,-0.7554060833544608,-0.6050004039759663,1.5948856382563181,-1.3935674139254448,-0.71051288185989,1.5446078680182196,0.1471597358772053,-0.06704994834079248,0.057434873068075785,1.1711084600798713,-0.4656463772498632,-0.22710940610386715,1.0840595457257676,1.103526999538007,0.47948483823837573,-0.37734518214785134,-0.10629289996243704,-2.1492747040668028,-1.3045037729020177,0.6673329103983026,-1.3348631510123412,-2.540472054694652,-0.023632439870399587,1.816962476030487,-0.05967987516546251,-0.0018814327039045919,1.5725803328249364
3139,1.5948590413195285,1.5459575127120446,1.6559587233437159,1.6077228742375789,-0.682071300576684,-0.5947060126486483,-0.6601494190893391,-0.6127621194906018,-1.1048572308025422,2.3725594982719924,0.3779911492891434,-0.2743881711475484,-0.47954403405980933,0.11901423735827545,-0.8180902538762348,0.21452017234279824,0.08586044398944408,-0.4734261583446184,0.271665065690442,-0.8180902538762345,-0.6069543454112833,-0.2880633747247057,0.13830799458850546,-0.6135137002852495,0.36054702792997806,-0.6069543454112835,0.7611251872457611,-0.1497307778521189,-0.345634202671203,0.22398992632586767,-1.2726431864965173,-0.27429649274758905,-0.5998871253145209,-0.5595739196510399,-0.15424392018718988,-0.231948676003288,0.2985300028257335,-0.05969026077210837,0.9006370025409638,1.2548193821394378,-0.9746489090842326,-1.0619445901659,-1.0013126473161507,-1.0084236513122067,-0.8157546954259531,-0.7133738176329838,-0.8440223379396572,-0.5854584290940953,-0.5622562030649446,-0.1614205150222619,-0.233014568365095,-0.4805718869986461,0.5207585930430774,-0.23298701959202475,1.1266081347818906,0.3919467386482513,-0.17632002559869564,2.018976654918088,1.7102272804718206,-0.018726890864275852,2.1794288907983366,2.5168071314024756,-0.3917928954012401,0.3179118655008186,0.8687891095048776,-0.625334123425402,0.02794696732828567,-0.8045968863651921,-0.6161289475550408,-0.7970068157389283,1.1420630525228463,-1.4054025639871948,-0.16827198072138952,1.0167329050335074,0.046409684761739296,0.45259347142640155,0.3524178744883603,1.0159407600378947,-0.6060581254685047,-0.47120601717905863,1.0745100050205367,1.1063722403252414,0.5875080424666338,-0.3088174539549329,-0.07031293766711416,-2.102522024357887,-1.3207561617168364,0.6164694549407682,-1.3147725891549122,-2.5358556342601317,-0.040595441100888474,1.8595852637334034,-0.041476692094471086,0.06260740505619772,1.5507389595612835
3140,1.5990910194094075,1.4826921793776364,1.495857448678037,1.5259265730130414,-0.6794322544465202,-0.6736545784753725,-0.7514977919500017,-0.629523650353101,-1.0512597615376587,2.4425273606595095,0.4154251700164427,-0.4325192732821045,-0.6708702270885107,-0.012669179289686201,-0.8250456182322102,-0.019502004334738234,-0.005338118579768293,-0.6098356273076123,0.1798336483393531,-0.8250456182322097,-0.6905060862298832,-0.36847914231276696,0.05486461978252316,-0.7228064156728341,0.3006903508404534,-0.6905060862298833,-0.7719439092782912,-0.3083011365097347,0.03204445617579187,-0.26609676240705543,-0.48318785486758015,-0.3512017540783143,-0.6633050876451768,-0.6707432574584464,-0.26058898178938333,-0.3168437403020807,0.19333849793198318,-0.16473771785673616,0.8093758650161619,1.1660930926943336,0.7697824177848263,-0.040191827940441176,-0.04265516438614602,-0.2714840927575027,-0.0877275686338369,-0.004525959898278679,-0.1494279550369457,0.09979518177164678,0.08308869675066424,-0.36500602912579205,-0.5814812698602726,-0.7099978167274417,-0.03864094330089044,-0.28663179282331414,1.1257663634123478,0.31608149597882745,-0.7566137408350897,1.9835367709824474,1.6879009405044239,-0.07161623093777533,2.155402274079647,2.4799113573424485,-0.5428876066908993,0.23078550912793158,0.8666940590093467,-0.7275111508320988,-0.6012924951449995,-0.5639819950037003,-0.541583231801879,-0.8508511568950496,0.6123057383655658,-1.378080560091109,0.4921531778515169,0.22471574661264282,0.18810741828809818,0.64870106026965,0.5913219147076584,0.9373188611681555,-0.7412544531767377,-0.6580233229574665,1.005412462731487,1.0522514283506073,0.7013610308003255,-0.3997810814127835,-0.0834667224944258,-1.913993830943032,-1.263439025324853,0.5447003986672853,-1.2943625402196737,-2.545916446887685,-0.06658441978780023,1.904944202279033,-0.018914604761361746,0.1410736715599114,1.5358328138217374
3141,1.5359120874470968,1.7449469106936786,1.5997312912627708,1.7429663236690613,-0.5516507636776848,-0.6723557911620505,-0.6075443942454682,-0.5714167047632067,-0.7215974676738882,2.3887816666857806,0.3737847325019603,0.07065338514522095,0.02705960624187341,0.34539584576062876,-0.33257298856868406,1.275114317869019,0.06590012683738083,0.4736265467863023,0.1429224551133189,-0.3325729885686836,-0.5305198490953597,0.7159389156599674,0.06422107682442642,0.07878573155129112,0.2547826580547044,-0.5305198490953597,0.5236715481462852,1.3199231818271921,-0.29124960445766707,1.332352324257395,0.7588877921278909,0.5055741888180134,-0.04256024431639539,-0.14821689830484036,0.07078327596808444,-0.012141143660521535,0.39017744867902,0.04954760588854378,1.0160817703999747,1.368094950499953,-0.12362170353922122,-0.5244806114708991,-0.5149399697741044,-0.5567751787821591,-0.4853029122185009,-0.379524801751609,-0.5025635504877373,-0.25740076932475253,-0.24451860373644585,1.0093199242998,0.06929466967909449,-0.42925728528064294,0.0923224850281083,0.31851030508158856,1.35334557102768,0.5800249332639703,1.2981779766235253,1.9625358727889155,1.6805128866558041,-0.23262429906754556,2.1320225937920596,2.507175998040109,-0.07722161816739703,0.45826371967065443,0.7980504203642845,-0.8045935163733211,-0.4606930074090159,-0.18539833796445665,-0.8992017871646197,-0.7848112589532956,0.4958774057029566,-1.3110066668914793,0.3227361754597893,-0.1337172690135868,1.0812179711284853,0.02616512314015331,0.7892486863972096,0.916155130052966,-0.978599404227563,-1.4347991949098333,0.6491386746267637,0.7207672579729554,0.8071003510754372,-0.3322217435913488,-0.0467437289400261,-1.4336071286316023,-1.280048869469755,0.49295876873235245,-1.2685110416636476,-2.5030575889025295,-0.11873417323508108,1.952052146983486,-0.0018210056516231937,0.22110211487427278,1.5368146697907992
3142,1.6334834306201211,1.5835321777158013,1.5185114302681118,1.557887938129067,-0.305197131060089,-0.531725252774543,-0.38895942530769306,-0.4130704390659036,-0.09315491782628456,2.106822963686032,0.7259837841053943,-0.3098726378253097,-0.44225020414570737,0.030860422891685075,-0.40661974665102946,-0.19226012635757483,0.00526644946172583,-0.4033335037992537,0.0973849414289702,-0.40661974665102946,-0.5574936707793053,-0.12078107052905838,0.00943040693758546,-0.4706060973416986,0.20634657636057804,-0.5574936707793057,-0.38575956717051235,-0.7698236554451899,0.4753991413873225,-0.2593971390329405,0.1511895725587612,-0.19899286911619724,-0.31302648781198095,-0.45309136213447654,-0.2523515349112104,-0.23575049878337365,0.17931901676140888,-0.15836917913103862,0.8202410672893435,1.1774449610616315,-0.05647173181208536,-0.5023939488734716,-0.445751193147642,-0.4957375018790966,-0.4878540891008705,-0.36880957449947255,-0.485841910925984,-0.2478505265173627,-0.23342129530442723,-0.8169735935979847,-0.06710962509236816,-0.9106020175304008,-0.25256830007702996,0.3034395368534919,1.2260738781965772,0.4653799433185086,0.01121843727308807,1.9354064883967348,1.6645751821158865,-0.35529065040117364,2.024953339232968,2.629953763836736,-0.29013242460426364,0.14257330666604734,0.4943013090097087,-0.7333734898745427,-0.8980440267157025,-0.5129550898294711,-1.0087363806434984,-0.8391203459679253,0.8529750320744998,-1.3141499996725083,0.8129280081640284,-0.07243068777592405,0.9039453785527602,-0.03944286597110019,0.6151791325629475,0.8715409964493509,-1.0538121781840333,-2.022864547519714,-0.002980472564400491,0.08866353670529242,0.7667509612415947,-0.2739062263969348,-0.05962617553530332,-0.28877967020224066,-1.2951320101973876,0.4419027486612237,-1.2328925331310752,-2.221262440495659,-0.2051458426529547,1.9927756831359529,0.023804988819746575,0.29451055041700763,1.5243365105175652
3143,1.678280810026389,1.579585256077635,1.607193324877245,1.6258180680480776,-0.526494479462169,-0.33222135747965176,-0.45247694378619896,-0.4402855032798504,-0.5659667166677398,2.249924554921212,0.5990489597359119,-0.14200198138935613,-0.2184580629815927,0.15321423263507986,-0.2600081270381195,0.38020785975844507,0.008922690035549801,0.024093351156522964,0.06818833569063852,-0.26000812703811926,-0.4907089172436298,0.2986237642571476,-0.009090582797071962,-0.15825163479708995,0.1635925788338842,-0.4907089172436302,0.4541391374263505,-0.005422539561269194,0.23025995109310213,-0.13482342613383982,-0.6101439995650975,0.08949617801087836,-0.04482802432778883,-0.21865650416278862,-0.1734047970472662,-0.1271122396371926,0.22230095276204032,-0.0954495581788083,0.8754403732846543,1.2342511057256942,-0.31408728354724796,-0.6577085729608674,-0.6296315825149412,-0.6452900191229786,-0.6517868930741013,-0.5347346378080615,-0.6371105900713818,-0.4042718642237797,-0.37916615311824153,0.32063041693755906,-0.015542949317080597,-0.49736482054333364,-0.26929769018347494,0.413674410755405,1.403596422826474,0.39974373131997487,-0.21306956862465304,1.9569449535292294,1.650000967047276,-0.47052092600769957,1.9747167652245365,2.5879855552740274,-0.0768714457121954,0.23416335325966725,0.44628121594058395,-0.7159514788394078,-1.0307126392772814,0.1462058557336527,-0.8513144073739206,-0.8649536216493192,0.7233782838044467,-1.3544373082467454,0.9605975046001678,-0.9933757009896553,1.3589672651277267,0.22870702016582248,1.1284686991591002,0.8979978754978256,-0.4750926406874797,0.8209441513743014,0.4984045342519206,0.5636611790028242,0.7126408406704241,-0.4491320981482727,-0.21704769010871447,-0.22762502641047835,-1.6749697298678687,0.369877498545136,-1.192651141834082,-2.2333498801788196,-0.24730924673665985,2.032036856315602,0.05240108522091056,0.3714131400633603,1.5239606764946692
3144,1.7051137955245508,2.5291102717517053,1.7713986745736365,2.5088447487147287,-0.19868560808518182,-0.5473672670894021,-0.2777637348024567,-0.4921071071893358,-0.6810000187656069,2.321957151778791,0.5273557191793394,1.2125322303253117,1.2926062329789392,1.288081216146397,1.434824195572279,4.25073437942429,0.542311289422852,3.4365584590702,0.23227863077525293,1.4348241955722782,0.3246838246084289,3.555372352549193,0.2890868364834146,2.5041909052430578,0.19280908993920182,0.3246838246084295,0.8294343729080785,4.628767884955951,0.14371317982659468,4.583442687362549,5.337104591327509,2.8941915291931113,1.9694802232902209,1.7150673758809032,1.1810315816053196,1.0469172782538791,1.0999119576529535,0.8450477817318829,1.746148973139412,2.0920718015992956,5.176083517702178,5.216717161156407,4.612188071000021,4.084666888137439,4.004903784239127,4.072447700037378,3.924783244910806,4.141341757886171,4.007819293253574,3.98096618473817,1.7800811582598826,1.0549265199898081,0.5785433389077335,1.3491631443264676,1.9468109371563553,0.9386460150235604,4.3004773468655175,1.941055594413532,1.774885212678401,-0.3708850677057789,2.2752315534331884,3.058602066524461,1.2213965639558517,0.9428707989906666,0.4001670272704793,-0.8057202678055352,-1.087819385121959,-0.34644747241914,-0.7957972640170449,-0.7389412448762126,0.9998173975315902,-1.3474761784437037,1.0027921189304105,-0.4284727491058248,0.7752713641457283,0.09721811525787294,0.6203949657775145,1.003921876771323,-0.7259408742789594,0.19216655635628038,0.6080721196528833,0.6864814292988362,0.8638571861269149,-0.4435902516237859,-0.034629133393475724,-0.2241373765400698,-1.749810758124847,0.35810229485101636,-1.1116070468531023,-2.105244102416818,-0.3552559619909422,2.082657071602356,0.08250093779606313,0.44205127712252434,1.4783448005806459
3145,2.518081510026147,2.4639298109402517,2.445612935691239,2.4452673931640483,-0.37669611368910905,-0.1845328712293732,-0.32287717541459243,-0.2844755513246928,-0.44783149813668105,2.203707538684051,0.6591704653584646,1.1387359275389517,1.2009616273798278,1.2264914645697405,1.8551585941189601,1.0850047180296565,0.8455951274409195,1.9346684290328684,0.4467573229490667,1.85515859411896,0.7797963044488685,1.9752771870697787,0.5069445892669273,1.807250871713087,0.26268885083651344,0.7797963044488693,3.3078458204547037,-0.18926035682205214,3.8003465142587616,-0.08404069883284777,-0.26638239346698855,1.9253682156330207,1.684892797516577,1.523419715989211,1.0306132237782955,0.9643186367793726,1.0125039877728155,0.7645651096991504,1.668392588633113,2.0203840062127982,0.2903701915236787,0.9896167510892672,0.7555053588659734,0.8113417030832981,0.7675708690463768,0.8968218210312021,0.7871453650003329,1.03694893413318,1.0653144206336485,-0.17432510129816667,1.8517154021419364,0.8535648734485566,0.4244539379619393,0.866110889011141,1.928602632648816,1.006591231173933,0.15675563310046292,1.971553759329253,1.851490183569556,-0.2784740005712698,2.2490339280862535,3.002193014563599,1.149630725728889,0.8988857367711811,0.394399116366905,1.356691293390885,1.1635782858492099,0.14944848354729764,-0.5150561878646882,0.633043303271338,1.9843799471865984,-0.8372642336771754,-0.9641371598698424,0.7316971920680675,0.8867829626963307,-1.7865267842154897,-0.63991792222554,1.6019754697482174,1.2092611695525943,-0.9218561924431643,0.6615828819917587,0.4468398724344213,-1.5645156183216407,-0.6800765615178468,0.19414068540925222,-0.012900048673794944,-0.4699060505225654,0.33632358340782625,-1.0085905109158224,-2.002010687653988,-0.2951643260682259,2.1234841534091022,0.11514816347650549,0.5045631992864625,1.312960685855497
3146,2.3758997575970273,2.4124451177602304,2.4034526536874146,2.37918322346955,-0.3647466778964762,-0.3920219370168536,-0.29924801616195884,-0.30500067508699386,-0.2101381547361779,2.069947026473358,0.604996785252846,1.051720705929717,1.091675947090907,1.1555744149740987,1.676298893453387,-0.43268109849540765,0.9949510415739466,0.9570882231409157,0.642032813400416,1.676298893453387,0.9800151149076713,0.878505374499847,0.6574288991891394,1.2420903853198095,0.35094487183647477,0.980015114907672,-0.09541945075713842,-0.1322638195283454,-0.5251121496637116,0.3029452907039891,-0.3234880541584141,1.1963981737394287,1.3819939465538866,1.2834158217758072,0.8883017113109895,0.8862493105816642,0.9287930715864763,0.6812333828806002,1.586004298881402,1.9462126976566432,-0.7428548154871242,0.0454506080738299,0.11684236559246679,0.12530712788953813,0.09994991495418139,0.26133186591291385,0.15143327831572542,0.40017979519670666,0.45730661276118356,-0.18872985562161884,1.316796201380667,0.9632266821234854,0.3778612327376185,0.7288180393759265,1.5779415478539536,1.1189695744321846,0.21972638152933177,2.050150219969731,1.8793862264626169,-0.19853816822344875,2.2235750348077685,2.9419918553764006,1.0701499170841553,0.8553202561897041,0.3960086016337743,1.1604776100643344,1.6569015836442555,-0.07752616672476526,-0.6442487260202847,0.12830570326531132,2.134990669677002,-0.6557953241502303,-1.5431643539718283,1.3998242476934433,0.8386469002936561,-1.1295255534165416,-0.20895572610228572,0.9232271997042494,1.0223766053400076,-0.8991225837926909,0.38415206589309475,0.20615471479805306,-1.343640576990435,-1.1463970560331829,0.3897781091612025,0.19027652709893184,-0.12198671424942316,0.32783523941772247,-0.9266729299440668,-1.8219593831585634,-0.22401456301099046,2.160538128289597,0.13984101032127325,0.6117119736571454,1.182459555855099
3147,2.379959193509114,2.4897197928169823,2.3395967206297543,2.5660762645184576,-0.41764543202518467,-0.37839398956585313,-0.46181964107349033,-0.35585577061544504,-0.23003242119995704,2.0670959676906975,0.7239916507273031,1.304070315899391,1.3457972305308263,1.3873037174114697,1.7242077500521042,0.14286504775824432,1.1997389000177117,1.318403356661806,0.8436912444486304,1.7242077500521047,1.2271236499109734,1.0902665893462848,0.8450710221693049,1.5463665413253256,0.46200410135400766,1.227123649910975,-0.20337971675834993,0.47121513706278245,0.11249870446523107,1.2907703513410105,0.75057494414512,1.1698158655345492,1.6306580004531381,1.5906146860505381,1.1648780278341495,1.1490882987714803,1.1117451010585422,0.8821934740259575,1.7611166111353744,2.1198657701125847,-0.9914776395486733,-0.1458267207211805,0.004338046658378806,0.0012136598014298352,-0.021015209799743813,0.15409282055232704,0.050915457792916834,0.2880930000576623,0.3847866176304302,0.910632537850143,2.080642640477221,1.401245189657465,0.38349517909298253,0.7889037333689258,1.555148792524538,1.2138476626901389,1.0281627570965504,2.0193981114856574,1.9945381897441945,-0.10200274978285918,2.2321316537579614,2.9369740599041947,1.4658731273569567,1.0801715293388863,0.3925696043113901,0.9739500113919373,1.050155717271785,0.05174183223163204,-0.7253391745112943,-0.15686128117952666,1.6125461391026723,-0.45082943973530415,-0.9260181400736495,0.7630446427659088,1.0850756885170658,-0.7738408604840242,0.2244958147540116,0.41395775596902,0.9699455921322953,-0.24092907881392583,0.3805464181852382,0.2253493022998047,-1.1442297127557053,-1.2442889045580663,0.6000197301356601,0.2446384774902481,0.013087925617577099,0.319707513019748,-0.8086485017366356,-1.671284733506064,-0.16743508927239686,2.1983477935981384,0.17627951045615436,0.7577989872555612,1.0678707225573567
3148,2.6433658717366235,2.7525301783043843,2.703291785215179,2.6972825367199706,-0.43293207856764565,-0.4712093281485525,-0.5403109072670377,-0.4227464683341752,-0.4880037628794973,2.4071313218011516,0.7245862505034804,1.477184917287232,1.5128506234624273,1.5518680672100182,1.7698137026090515,0.13025277572791347,1.40588963192651,1.3503866886205131,1.0501493463646872,1.7698137026090532,1.4482400437748226,0.98935843169795,1.042385822440095,1.6357184817182346,0.5936238701318758,1.4482400437748224,1.8537108553896524,1.3751244420041808,1.2982839737734797,0.6384365465314743,-0.03232636247177437,0.9002812515081472,1.7323128960779666,1.7371513310068634,1.354940313867164,1.3292131870950838,1.240016329341587,1.0300440064346423,1.882905819479307,2.242234587047607,-0.8502794420117042,0.08554882773340693,0.2230295493530848,0.26853426411253095,0.21233311749258965,0.4118276783123682,0.32071318604258336,0.5417362880140204,0.6564576292390385,0.7059895519879555,2.243845131143589,1.559602516914365,0.8482648415369664,0.8597404037830596,1.7368553989041495,1.5835057935674743,-0.47829513184401956,1.9700170718838705,2.133078792253947,0.04345354347236866,2.3834672682268745,3.1818119747005755,1.4846715708706986,1.0539734095598123,0.3357603748265984,0.8946201158844604,2.0184773836348375,0.7713880107489746,-0.7379966313067043,-0.13124308364351986,1.476670610454768,-0.26241922207530755,-1.9939190790713397,0.6528125210216821,1.8259855360847945,-0.8357829291587345,0.7209202675370453,0.20480409085742385,1.0063160742421915,0.35969718532099554,0.6456044931350774,0.4867499105029751,-1.0585550820928684,-0.8161757731986989,0.7238131088620106,0.24822887624208245,0.16646830969438797,0.33255150388665033,-0.6792737650093811,-1.5605666957131203,-0.12014744418202987,2.2370447547046526,0.20350782232845915,0.9026394710402601,1.0031145616535528
3149,2.7699486720564295,2.7309492721732256,2.818126218869553,2.76670898124983,-0.7209851615046315,-0.4208972362439322,-0.5303353523010524,-0.6589588513060602,-0.7458538461575767,2.380797086781044,0.5547195905621816,1.581464441140155,1.610824887406187,1.6525629247143923,1.696395773470396,-0.18327483464969008,1.5731701522142003,1.124428336222799,1.2461855531384278,1.6963957734703958,1.5897946263469303,0.6460030671999017,1.2236323454772884,1.5189160634925996,0.7384533200428841,1.5897946263469314,0.7117983129606472,0.07333751653642276,0.7240241743718651,0.35560341115601546,-1.052013971221219,1.0040470708900051,1.6598550745502,1.7166048474066764,1.4471521870186208,1.4208296433102463,1.3076797595078484,1.1102827574619085,1.9431968618070194,2.305218646737635,-0.2828985477273437,-0.27449360021082847,-0.08626811419742474,0.01636460383905471,-0.031230078767699475,0.18497430686263486,0.10888037996989061,0.3219294660625524,0.4487602694364414,0.4590309564603152,0.7248114106981753,1.7512887065903664,1.2952999651377,0.8724925667598242,1.70989451517354,1.7055818765188089,0.5719727713443434,1.9116464528635237,2.2742905347362727,0.18294328510654762,2.3773842938504206,3.2288079823891485,1.6718725586755774,1.0995385102070458,0.24165871934694677,0.7797459150804021,2.4998741598351204,1.134228727808866,-0.13575961017218718,-0.02740272801030509,1.7678793387732004,0.327927015822147,-2.5418649659871217,0.6116512118632916,1.3419580380225007,-0.14803628475490455,0.8637619573097747,-0.432067213037102,0.8979273019405368,0.17109512290494236,0.9056895837143628,0.7429061004371678,-0.9760635641231901,-0.4684195199562621,0.7572116596270402,0.1308909844562527,0.16800428384285418,0.34508710006198057,-0.5664753214449068,-1.5213612656250992,-0.15309664127365294,2.2713909469227747,0.22006422743826268,1.0288227781489356,0.9052393227762847
3150,2.77243925534358,2.8100681988630796,2.8297042022028442,2.7821620054663376,-0.6706985814820916,-0.7901519767472618,-0.5773075828912703,-0.7039662004627294,-0.743028562243798,2.2833739146683643,0.6469920839455183,1.6315981044975283,1.6568088030893198,1.700756837605317,1.4759898694482279,-0.5642563215370602,1.6800442356525218,0.7515476071142637,1.4139967079236033,1.4759898694482296,1.6253151193044904,0.17831904815382615,1.3703759506635336,1.2503806627664669,0.8865082346420092,1.625315119304491,0.243732809554416,0.5545542810645518,0.18160794426668195,0.4300577477296378,-0.5728290514676471,0.8318842470256865,1.4308527770177133,1.579955400425329,1.4546091369750997,1.4352117144408532,1.3181004898164623,1.1325007200786765,1.9451605631015538,2.315374958926821,-0.34016482015292404,-0.5136050726659629,-0.3512242412530255,-0.1878036563207882,-0.2156554711836236,-0.02742362675629884,-0.09157871271224596,0.12374693728589917,0.2528869741083159,0.23346768066894513,0.903119836520614,1.9323360589310303,1.231954084086147,0.8250836296770551,1.7764517833451627,1.6875910376539038,0.5742641657052937,1.8607904704064735,2.4011924468661143,0.33456657887167507,2.4404515142873526,3.3508025305190032,1.614538808369954,1.0191453747388788,0.16721544453844353,0.6339638499972967,0.7856120311309656,1.5104068946165465,0.5875131494622956,0.008710712183705274,1.7925856751852187,0.633945358632722,-0.7163787033008209,-1.2285449348719328,0.7135877157208335,0.8221076999846664,1.1007043412388875,-0.784209933835413,0.6235555502477544,-0.49587083948724225,0.8833607876926451,0.7411299120571634,-0.8066029989582764,-0.2556904020374794,0.8265679162109447,0.07090220231205674,0.17912193188558212,0.35656462300764785,-0.43645164508156886,-1.4933160670785182,-0.16097804760029832,2.301278840974278,0.24689172509735194,1.1523707622482031,0.8188710630479474
3151,2.844340384748691,2.8348213568435745,2.9047486758668346,2.886539069203822,-0.8121129456106503,-0.6884032260309879,-0.7678294359999047,-0.799489678557776,-0.8418049464586997,2.28488910768269,0.6824928515895268,1.7681058876937041,1.7824571671630138,1.834732536002239,1.3903423704398075,-0.21380521317568293,1.8050350708615037,0.8874097145904376,1.5692050908004218,1.390342370439807,1.671827942321818,0.23144593438311867,1.5229856619471038,1.31704822071082,1.0384270459499714,1.6718279423218194,0.557857064307698,0.3097735189329703,0.5081975146598848,0.6199975721955653,-0.9740727904089411,0.8767691871178602,1.449638727875803,1.6173057764319492,1.605181213307428,1.5521604500869879,1.424242485048032,1.2649394723956853,2.0371049592683628,2.4146409665170663,-0.041171008543124374,-0.38672356597018526,-0.24270399143734178,-0.03269344731289068,-0.005151051641638871,0.1271177352769484,0.08046453521750349,0.2856835457024135,0.41685269538283737,0.6389974774287925,1.2635318000632738,1.8120649145923928,1.5387992758101081,0.9668115098794625,1.9171614275138462,1.7133472355236856,0.6946713378333207,1.8020397495609066,2.537468767053437,0.4880419934185968,2.573039357134144,3.376951619942664,1.6165802187671676,1.120721222895568,0.3116676496149728,0.4735218538415896,0.2883869236160426,1.872398786431692,0.6362000909595433,-0.04831688398826352,1.9239289595883557,0.6946465416408975,-0.211681596050387,-2.0698375551778563,1.027983948377248,0.9845268184545615,1.4417131236542262,-0.9194230754788659,0.5192394921716611,-0.31702859431301317,0.9675947649741219,0.8387806722721611,-0.651421350559454,-0.05513139033756179,0.8787366259917013,0.11448496350437659,0.11566341918498078,0.36297724399888237,-0.2885319000403161,-1.4767961552984676,-0.20166107202802416,2.335512023797323,0.275124159857823,1.2907965033495301,0.7432161685340709
3152,2.9014854184298553,2.9044882814549546,2.928003464458399,2.8154530788914025,-0.7390619581216549,-0.8269510658285365,-0.78458958890497,-0.7559290526770827,-0.6963496367577874,2.228593082600234,0.5771706474628333,1.6946515536688325,1.6875803496664512,1.7754322596370895,1.02903593908269,-0.9304383793587033,1.82727343640152,0.2247968502132734,1.6798774945402843,1.029035939082694,1.5610840120778053,-0.47184735188739735,1.6112509744006291,0.7990370907317156,1.1793932337165745,1.5610840120778042,0.31999262084731306,0.535406520008647,0.453165322296934,-0.07217302282423804,-0.64575182299421,0.41873458535306474,1.0070248954127607,1.2593783696925551,1.475275002648312,1.4143197398269074,1.341915198823,1.2101756113697641,1.9487484260883479,2.338795983442012,0.08524338261441511,-0.3439278882709026,-0.1631364034824322,0.03836055873906453,0.11076188793401255,0.21280060067098644,0.23964306271996705,0.37825257979497773,0.5174873447387134,-0.13320173437605654,0.8064536426420944,2.0136238489088485,1.6259340306614114,0.7386624059849007,1.8403608079247744,1.6489165015144673,0.01605788717264272,1.7613638089803603,2.638575459515008,0.6507170683078249,2.6511297874905653,3.450390277442563,1.341144617251856,0.9651113178150643,0.3144162370353292,0.3699369518507365,0.6478802757878491,1.753104814507237,1.0782745332749717,0.14334928364377064,2.200980459023848,0.7685141174270357,-0.6239646079434406,-1.6415993263258621,0.2911343240900695,1.2943168069236937,1.1333136391620346,-0.8400841186829002,0.2875294846043413,-0.9581585211702639,0.7987713870567978,0.6926288533498669,-0.5255970281328369,0.10803823587677328,0.8900797262203982,0.09183448105306483,0.04253715061457219,0.3681367399105772,-0.1552250481055487,-1.5063526561752718,-0.2239822225883272,2.3659046628662312,0.29703054506342236,1.4132660658622915,0.6850894195280689
3153,2.916321450500861,2.9131927036626015,2.9547635532037244,2.955648616751944,-0.8236524411741809,-0.7375570458423911,-0.8111258511225504,-0.7896299465521242,-0.8400689413019512,2.2911014078683403,0.5192119083866275,1.867599172037807,1.85028229836271,1.9446077806017525,1.0160288457876212,-0.029412297529527235,1.9227693754921675,0.7208824518157579,1.7865274217754405,1.0160288457876232,1.5523391021932467,-0.016829776418941948,1.7309012430664905,1.0807103596347118,1.318324004355281,1.5523391021932482,0.348787944037686,0.2574458141547512,0.27222641337294107,0.6196334167446675,-0.7980787014132453,0.7920068713697611,1.0747346186669793,1.3916789219164762,1.6773444902144063,1.5733599898750779,1.4915721174245131,1.401446473046119,2.082315301278139,2.4745118715352383,0.8736297664561242,0.13148216557056042,0.35513157771141823,0.5953046430104602,0.6776141036582738,0.7485641109074901,0.8827848047969289,0.9343914269455875,1.0986364815334373,0.8246144138163426,0.8568812813074194,2.161429154835833,1.7849825921677465,1.1767148290426688,1.9379778450908745,1.7858772963306462,0.684522024134545,1.7128572636917894,2.7601779696292765,0.8119290009198817,2.8139880208852377,3.4133795553580555,1.3586319244745764,1.1623314760044188,0.5932587141128116,0.21381928879901455,0.1371400596313368,2.0712147640556124,1.2955940224688651,-0.13458195880007057,2.138834944956574,0.7153453680778192,-0.10321950990273458,-2.4263982987773103,0.3254450506206984,2.0495197759280184,1.6999327789131058,-1.034831150759755,0.28751863238701,-0.2020692261280186,0.931397196585584,0.8370555092912869,-0.36668104002372326,0.2579858601553792,0.8691521309668493,0.18704521181820816,-0.08679268934046722,0.3748857294801478,-0.001567489484183082,-1.563887964371142,-0.26367036952629014,2.394453412961524,0.3142674394658087,1.5392563751559878,0.6334140302317283
3154,2.9398571310796715,2.8689411319273614,2.886795049307198,2.784256815885876,-0.760124324594046,-0.8435639307247838,-0.7427537999894783,-0.7727401338278506,-0.9326191484487808,2.3992037002637145,0.33909222697954455,1.487242094993773,1.34733893749352,1.6552801801770218,0.5236632752907934,-1.2723995107405572,1.8593512890496178,-0.334302527624661,1.834661781514059,0.5236632752907954,1.313719708076958,-1.0542206315356635,1.7515724344970303,0.26184341077362944,1.4338143819957418,1.3137197080769567,-0.11248125320652345,-0.0016962709924431927,0.32213954197869377,-0.47235484709598585,-0.6216953395737671,0.09674337204989293,0.6006857532868757,0.817736745160463,1.3250965377163253,1.2858480985573364,1.2988831645576235,1.2191160236312624,1.8915111396379565,2.2984267889359704,-0.4111009796022313,-0.3873237416944859,-0.5771913484904087,-0.20210772068336427,-0.17824910945323746,-0.07833731027140617,-0.0019148399938467677,0.10502014912454437,0.26321850289019433,-0.5810413592104923,0.40751178521027787,0.7746475580103828,1.66250530797883,1.3296654255127585,1.8037798804785738,1.6922096413794687,-1.11635076422761,1.6838762588797138,2.826186329714114,0.9628966751052909,2.7696995567144884,3.335407250400154,1.085256771221127,1.0014792763635978,0.5920683448361332,0.16397898912642514,0.041956304545075526,2.3694998612522977,1.5721022577114292,0.4475713022763998,2.303628004485,0.926079068023586,-0.01064388386027613,-2.8498214186324673,0.26328125199806174,1.4949426043427314,1.259904099819758,-0.7661464003444611,0.21354219783111647,-0.28938992332279634,1.0251044910076814,0.9324855262583764,-0.30200692532861717,0.4329946840366406,0.8213613276670116,0.2085305556252624,-0.23575475187227152,0.386771901982601,0.1085049350408141,-1.604142705926405,-0.30426236269114776,2.423201520302062,0.31275570672210384,1.6561568165590728,0.6003742710264974
3155,2.772176105563971,2.9873876806852055,2.798599631717658,2.89190462070589,-0.5663032800790164,-0.7967783732741108,-0.6813270411316594,-0.7121941141702244,-0.7952366870221,2.347658892955008,0.43401830109879685,1.6483901131293488,1.5285509252603178,1.8001219107908697,0.4589764861831684,-0.16826009434947375,1.881686556388583,0.23901834660643526,1.8739940318657962,0.45897648618317044,1.2065532211025822,-0.47448252635849125,1.805266228662864,0.5531780625600474,1.5375924373430563,1.2065532211025833,-0.22867634576328605,0.8178567925485208,-0.5914557088691922,1.0706753709286354,1.0362930341950394,0.45613507912056994,0.7859178405967845,0.8688328788278729,1.4613354834735586,1.4186844398195766,1.4168951141017425,1.371466452039221,1.9946024319217073,2.403758816273588,-0.04302291438760386,0.02741682133558153,-0.34326921497065405,0.09886408943519417,0.13566328291661472,0.19146171873991807,0.3008397983712884,0.37257047950849725,0.5509758193870792,0.69111327560172,0.6020507655655498,1.0348863244612987,1.932003315313493,1.3778859918558681,1.833379713862983,1.9886600190452306,0.9444547739537209,1.6698074585359846,2.911215637728795,1.1317966521894103,2.8272686834641507,3.3952951063426826,1.2293713582510282,1.0820066869814065,0.5875995506939322,0.06082735560795468,-0.5066504593676497,0.47070657875512467,1.4753420546361806,0.7603272345274722,2.1244753317211487,0.8589957452809257,0.5614908498648467,-0.9585070221676847,-1.5997546993188558,0.8595872658203982,-0.5317035517399715,-0.39139214463523714,-0.012330160648156754,-0.8062246440092233,0.8637709004200643,0.7968412832199656,-0.15755737478711473,0.7154316210313704,0.7856839915566246,0.4312630156505763,-0.35735777491045206,0.3932015880299844,0.21842390040966372,-1.6498377079442164,-0.3359882476870341,2.438523418244468,0.31487209855464077,1.7329837401323727,0.6015818400606554
3156,2.8998458238190246,3.04110130309327,2.8951868519321975,3.003589779688271,-0.41449750242147404,-0.5516852746449039,-0.5437551319912878,-0.4376733081666652,-0.45591353013523706,2.1448326178843238,0.22945097533020856,1.7989747738763315,1.6868814861586336,1.9419121982850756,0.60220888213335,0.3719861689208774,1.9625447559234659,0.64601052033428,1.9280290521377421,0.6022088821333509,1.1936392187602962,-0.049861861780671236,1.8873846592183627,0.8120618004920427,1.6381651690765244,1.1936392187602967,0.7026160628720932,0.519135276887304,0.8173311838861324,1.0176664970299159,0.7326760913432198,0.8357347300870576,0.943831530164416,1.0598747890278302,1.5868055255176967,1.5594907866215972,1.5435585816265298,1.525716155073591,2.1035882709910423,2.5171177007779284,0.16746504722532776,0.2443266102705225,0.17613356290964494,0.24908971774614846,0.3307383728708488,0.38242704309667475,0.5152905029934811,0.5603512196663712,0.7611980724049067,0.7351370703983525,0.6419838680550514,1.312767823758303,1.854974758911259,1.6671879779209275,1.856719551903996,1.8817451395349905,1.5593866514221395,1.6885873936390914,3.000071638215658,1.3048824043981266,2.9500584936262855,3.4019460864826523,1.259330589427758,1.216042189515592,0.7642292378986922,-0.009580679776844488,-0.4682603799967054,0.37242004236703974,1.839492567613103,0.8902076095336262,2.1495012608964665,1.3047856499124397,0.5046838313080189,-0.8091436941851163,-2.215211195947365,1.180587551500065,-0.7577488569023315,-0.8480230499154057,-0.186861725729391,-1.2465676574006823,0.48915868810573493,0.45508807226006326,-0.05558938789902534,0.718038344563173,0.5915216885753671,0.4522528810384433,-0.3733873214661774,0.3708094035644915,0.27723763002791996,-1.6113847531754777,-0.3725542557982214,2.4479934766067535,0.30216975448375927,1.8063746264229787,0.5788158843560461
3157,3.0788951975877454,3.0375247826519196,3.01685539165439,3.047117414155967,-0.47950341567317795,-0.4350552045701155,-0.5165996924096823,-0.4165187303645607,-0.43714327311015816,2.204294463882557,0.14662601198493244,1.8771055652443798,1.7662463670553914,2.0164999526350815,0.6808441846989739,0.20530804613130918,2.035570982121191,0.6096797049213929,1.9890314774470454,0.6808441846989759,1.1775166998034323,-0.06355820425273259,1.9648587295776647,0.7926083475678881,1.7350738581019913,1.1775166998034334,0.8584962183392268,0.2414564256674693,1.1025473231479366,0.272710884365315,-0.25333992058046667,0.851862710137842,0.9644213779270213,1.080506005368358,1.5828996066801488,1.6077794127445135,1.5992528379260729,1.5989608128206112,2.1419005539125613,2.5619092962207954,0.6169918128494161,0.6747993975192004,0.6859970720830637,0.6305724952742005,0.746646480664371,0.8044351765223626,0.9464746173601907,0.9822922194759189,1.2215499743523868,0.4402923231885582,0.8881178616968173,1.1665179970761896,2.170577726077245,1.8748517202873212,1.7500480539811913,1.992144906075855,0.23855911697906687,1.7034058568539991,3.0856793393776636,1.4726118230529923,2.972605032534601,3.3630518111209353,1.3331888556888014,1.3067883225005137,0.8374955844703987,-0.0662084225414249,-0.4052056308377137,0.8038661953557429,1.8200806839506507,1.3487819459585304,2.2059973364135628,1.2624444149916705,0.4242676013539436,-1.2805468083018212,-1.7441999996392132,0.4194643833125147,-0.969580792830847,-0.3650981483480203,-0.07060566096392774,-0.38820933187765255,0.4610826326325572,0.4347572828901004,-0.003405800805982931,0.73350699574443,0.2592962544645195,0.5077838032608215,-0.4348478940881799,0.36078570066926063,0.3413520904355956,-1.6012676668917458,-0.42315003277390073,2.4541438345467066,0.27889478575978716,1.8810426224373504,0.5576360192321542
3158,3.0594692770984726,3.0332731396980392,3.072490737815197,2.958429509824243,-0.4158010195780927,-0.44570381717415697,-0.5334292079338164,-0.3507489114690596,-0.45222208289162574,2.3488492518694626,0.1157947486656061,1.7787344508130876,1.6431306423130463,1.9346861813804215,0.43840998531438763,-0.6381776647672968,2.0140625423220566,-0.036283627020721174,2.0213168732453886,0.43840998531439174,1.0286095660059635,-0.6751279545064293,1.98449594436946,0.3068488080956502,1.8161067625954794,1.0286095660059658,0.5680323476583573,0.2456001050098313,0.1656776345563982,-0.1423100780837952,-0.75985691144582,0.4978705422186229,0.6953800607607333,0.7995971438766055,1.357440893506717,1.469159357008161,1.506379640465369,1.507553344036012,2.0409491357498695,2.471835307500098,-0.606848023398076,-0.4486355114598287,-0.42288265339886355,-0.3736373800570368,-0.24438751428013353,-0.1507588072483972,-0.10741251318158619,0.020745071047636014,0.22269154170348116,-0.18237748011446558,0.45901232914155843,0.8994870983015714,2.0283541364253663,1.7797525300295207,1.6271909924704784,2.4167276367941475,-0.8055933931708662,1.7604083180535295,3.13262202067462,1.6339721260019884,2.966832524093215,3.327312944994537,1.1666724285835637,1.221804252065831,0.8630040124838815,-0.17475343420228615,-0.04111247227306814,0.648623295574446,2.2654702452072093,1.7392579729604407,2.051580580091639,1.440423490090312,0.0075285573354805825,-0.8153195586842132,-2.5320868908095453,0.4401514617462394,-1.545332183711488,-0.22712778854668597,-0.16036769540585943,-0.25338836416906,0.46207075253929747,0.4513900571270881,0.12678551507373007,0.7593930423249209,0.001078187290833314,0.513328903949664,-0.4795670009209223,0.37465362215615516,0.36349884110627334,-1.6301612173335704,-0.477312315478106,2.454702132863223,0.25064612124038294,1.9366489249168322,0.5843226122799433
3159,3.02527191512587,2.939153002595749,3.0065115405408576,2.9106589337981483,-0.4854385400841878,-0.3890303010707406,-0.4994853948853414,-0.4205491777323696,-0.3430223144617615,2.2107461476399295,0.10726735581280042,1.776826349896906,1.6461099533584151,1.926765197844134,0.17086137113639513,-0.7040083912956137,1.961318111385983,-0.2706179040994555,2.0235593420754996,0.17086137113639716,0.8399983111434116,-0.8651738818861267,1.975377294730111,0.0532438146061009,1.8779335030620061,0.8399983111434133,-0.06972358718075075,-0.23134498094108671,0.09299577495477024,-0.2551043311469207,-1.0111585758295425,0.19889687469461964,0.5506036857854141,0.644721312185512,1.201552375704474,1.3938792039432848,1.458704790878229,1.4670353628089001,1.986472078985194,2.4242584418565123,-0.5897199753418775,-0.42042608286999844,-0.4040291672566401,-0.4002202555696633,-0.24871699355565494,-0.15474520214740553,-0.12521628977956079,0.03748005209867887,0.23334286904420612,-0.004286893295955672,0.7121131874126949,0.7620772817319152,1.0337658575182396,1.8104395129926831,1.6019829780088022,2.5282914031840353,0.48297060841253686,1.8543284534488618,3.150209383100519,1.7791270440823739,2.941228251055904,3.245185376866814,1.1239329609369815,1.2315690160450767,0.9214930613722562,-0.3035329820214065,-0.47527277911488497,0.22892620309546363,2.1719572007883814,1.6772533547630823,1.8280933253230873,2.1413576197166337,0.4496792717204748,-0.6355651269522188,-2.813914713819213,0.41991126835525644,-1.786952684223366,-1.2137094907401356,-0.34828263717617464,-0.6301901912989283,0.32539850553588995,0.3389879188196571,0.2581765992192758,0.7474632242264014,-0.33275648723672085,0.5378877409484204,-0.5088459397227861,0.37310903981607624,0.40471056191338156,-1.6058735905948889,-0.5257171611053614,2.4495010470264207,0.22129697866262066,1.9762308095360783,0.5900712037041841
3160,2.8745170847811967,2.842067819979167,2.8719690658172037,2.8553092670606786,-0.15733306504814093,-0.23753164842449234,-0.1471417495292149,-0.08209191324524324,-0.16786886010778193,2.1690311048997035,0.14264023170504816,1.7699975995421768,1.6423826707620206,1.9140613112676492,-0.1031526936232968,-0.723246284214492,1.8850699314835646,-0.48800680560117055,1.9974327358351744,-0.10315269362329248,0.6229327049311455,-1.0226024818802302,1.9407617505153518,-0.19868697767008683,1.918522605503499,0.6229327049311455,-0.4965695133054472,-0.28163991606867783,-0.5225116790417296,0.28188068024095736,-0.7168904923921322,-0.025647329484144405,0.3930411604036462,0.4958896949258795,1.0284535902266025,1.3133266660419889,1.3977681917858225,1.413764489320237,1.9260677732837996,2.3688797263637924,-0.5593941292923147,-0.46510315888621184,-0.4138095675309493,-0.4433324106568989,-0.28420705317191924,-0.1964310627054394,-0.17763114238689942,0.002199069586368771,0.20045834150547376,-0.07063858093814752,0.3916709924642206,0.6776537326394052,1.068168716348181,1.8801855400893837,1.7174555367723348,3.1335772966460165,0.06528515925855705,1.958845991652428,3.1492558927926235,1.8466103194201873,2.9011445746178306,3.1682401392495723,1.086743264230487,1.227389907045076,0.9525769677922987,-0.4297180316244991,-0.2852879034223382,-0.04146462010055893,0.9330766606104809,1.7270388601965188,1.752248811418008,2.4674767431223907,0.21752011245225417,-0.16501538311462235,-1.348271142970298,-1.4821935818079905,-2.041496011667729,-1.619720196270875,-0.5029593427429537,-0.5488012894492359,0.11728159959674,0.16750340465898808,0.45064555385600097,0.7453553352623177,-0.6203542945448913,0.6338146849996571,-0.6473083401994775,0.362185586910782,0.42528018412771984,-1.4899841846358775,-0.638156365749046,2.4373042906295166,0.19166670628102667,1.9690253074100401,0.6642521118195066
3161,2.909317539973261,2.9312396462822035,2.927851118311288,2.898167602735476,-0.1980634752443053,-0.09827999057423767,-0.2349552897933403,-0.11130000355219442,-0.6508645340487142,2.332492307098979,0.2646803189553291,1.8743630119907786,1.7630140797455913,2.0023136997059905,-0.11723191063275756,-0.03154510434613725,1.8649807750555105,-0.10453982104791856,1.9723429067940903,-0.11723191063275547,0.500474093093897,-0.5865076349953434,1.9287226673474906,-0.013154177368392734,1.9470914397719692,0.5004740930939001,0.549532695804821,0.7263251399304971,0.4061939983242323,0.34681501793555564,-0.42946960387517535,0.25202018247670394,0.5149224701998761,0.5873173285022871,1.0453350152103587,1.3799379996896781,1.451536035915561,1.4851493894075216,1.9731187998430364,2.4141927191980166,0.376177686355086,0.19844740015889512,0.24490487323479346,0.07534191403841638,0.2788595609329102,0.36163810546404085,0.3902356607949812,0.5689019120686445,0.8069662199770925,0.4360213290493161,0.2610233077763843,0.6171609119407951,1.22699234598539,1.7499710526744376,1.7791964987987867,3.1003961557804263,-0.1643419861022578,2.0813453499291446,3.140132776650182,1.9352666920427626,2.9019469166739205,3.1624133529564604,1.1950846521721965,1.2940318903013024,0.9587930395542708,-0.5462983243752687,-0.6082938831513471,-0.19828432412495986,0.6273557186784614,1.856450376061571,1.940906461876581,3.4633757030614185,0.5405231088065973,-0.2137963300975819,-1.0704529538303864,-2.1320612070208127,-2.288865589823068,-2.8853923324238226,-0.3105193393800957,1.0330918236167999,0.6210893175540886,0.6578557031138842,0.5728008543850577,0.7576865731971886,-0.7869857256095608,0.40843843227114673,-0.8425427978923351,0.36336618290261025,0.4479896070930206,-1.502146152877527,-0.7639140244408913,2.430765250874034,0.16452750158754909,1.9430047146904985,0.5856004564671549
3162,2.9220225937828888,2.9354359639896486,2.969419349465514,2.883006881118909,-0.007305351136678475,-0.14390149822614984,-0.09844630512805005,0.0043939890273140755,-0.6855224252546958,2.277124634080353,0.3508423878987241,1.9132867785223437,1.806236683691051,2.0331712806540603,-0.16685651047133787,-0.11564753970769295,1.841466360090074,-0.19182226128591884,1.9464832857100645,-0.16685651047133568,0.37683107637967783,-0.6035060431863536,1.910651099884631,-0.11682591122215032,1.9645059953445994,0.37683107637967633,0.46824373231459043,0.25897077470837365,0.287688888524161,0.14553610025254496,-0.779111193460768,0.3094279398173578,0.45652952518406376,0.536715175829812,0.9403253095041042,1.368781414568523,1.4395665619498126,1.4806921233329366,1.956691718419274,2.3997602991954996,-0.2266949423931971,-0.48891955850728785,-0.4606052002253044,-0.5493356415020734,-0.3296324280592823,-0.1868769971953539,-0.21459331413597152,0.03959463266651221,0.2790571857691526,0.1101269881209149,0.11959577810641749,0.7016244393416984,1.037174089195251,1.9731470834455578,1.6144998681045497,3.8340526790750338,0.34058098962244965,2.2409951993310084,3.1046789822548586,2.0249274183976973,2.881361562667436,3.140360928565796,1.2133572924284222,1.2938982437674724,0.9482496575579551,-0.619546650052117,-0.8395963992735207,-0.2991798250545334,0.7823678039012483,1.708251290555372,2.0890513638760813,3.613572259752617,0.7720784013240296,-0.25096334538408965,-1.3753272742450051,-1.66735746740841,-2.172477260733288,-3.2766789448293356,-0.5929686635667181,0.06449410623219548,0.6462158521307305,0.6968628426073208,0.6827129614334659,0.8579935718914757,-0.920930944645378,-0.023566851262818135,-1.1005690211093935,0.3684260192818766,0.48006406961310905,-1.5159017749086823,-0.9370499014673895,2.4137383848363343,0.11708988176315471,1.7945887571073544,0.6651632504281317
3163,2.9102626385618526,2.8159313417701277,2.8145269044868435,2.7424251321044846,0.12851230944729453,0.0274440332527913,-0.026025673792243957,0.17523572940158558,-0.43922048401458275,2.2053198002249443,0.6086665731754874,1.511236213607526,1.2212012030773967,1.7557580542351272,-0.5424160933321559,-0.9316450290006831,1.7232102503188675,-0.9371807374597403,1.8881107380081834,-0.5424160933321561,0.10828570337050744,-1.2193748692646673,1.8337366480718407,-0.7287805869033769,1.9604826579607517,0.10828570337050658,-0.6768059927347148,-0.4442154765881256,0.17716593134127426,-0.7500834294094472,-0.419784411731038,-0.19166345310124755,0.08951760400058457,0.1928526061353242,0.5950379137031143,1.13990621462324,1.2774206306318452,1.3088973519972136,1.798307262248412,2.2544827746963803,0.5284778363959739,0.2780071267909622,0.20240824848650987,-0.020758959881335984,0.27233521486628476,0.4174575777866127,0.3957901557680723,0.6386573791048341,0.9259157750783348,-0.5752540237963455,-0.03811670118155639,0.2977765956209341,0.7323809840244343,1.7807233119613886,1.3965662464773592,3.1885623555515283,-0.37801779352928205,2.3852049342600528,3.0525479078183735,2.023176539806965,2.823232602117683,3.0683530823097436,0.996942560894561,1.1628286697091073,0.9414843102740335,-0.7256686709166842,-1.0709034725176418,-0.1772287098833953,0.5831149009590794,2.0315688170006023,1.8573242126009941,4.712611208954279,0.98508106302825,-0.5081973312073729,-0.9616313991092194,-2.448791637425811,-2.416381890432597,-4.533784327095924,-0.8335097377571592,-0.5550994043055547,0.36141844231839665,0.44918315732704434,0.8192767104674065,0.9160501291342952,-0.9829710337663466,-0.15774979314737134,-1.3104989889592713,0.37487471666633565,0.5636889563727138,-1.5272026304001207,-1.1350893320124749,2.399382272303217,0.11483832970915459,1.7078711111436888,0.39439791437466654
3164,2.6631428379950286,2.7961391162972515,2.7135775194811993,2.717963829284743,0.08783896994415245,0.05991799566009548,0.03118979300695053,0.21037308451508588,-0.4316846463797714,2.077706720184975,0.6175289668493807,1.539838713578742,1.266437257451461,1.7732677976961744,-0.7276436677873208,-0.4371803297902106,1.6296094358907496,-0.779454280751214,1.8170812267561962,-0.7276436677873173,-0.11572954303626988,-0.9776106892450895,1.7607868932267965,-0.7403183828426944,1.9406030848541105,-0.11572954303626687,-0.42583155603484724,0.07532644192188499,-1.2666982745332493,0.7225052838901911,0.430545657967475,-0.15625926632377687,0.01153274489502775,0.13013243298823476,0.5336351277334309,1.081289130863155,1.2518799948263133,1.2835935906735383,1.7654198160711907,2.2289909840552595,0.4532598970726757,0.31514876587978896,0.28421404699583885,0.29366299019097947,0.42258561170897385,0.5310233032418123,0.5165503828728653,0.7517898870502839,1.0588532347892556,0.03058018466172853,-0.023829384199624295,0.494463651201893,0.6316839163401463,0.9148455156887795,1.4218851242497017,3.475370514315976,0.5652745713946487,2.599758118155344,2.953228018668675,1.9798121190102829,2.8071304239925237,3.0004491557635253,0.9708251198689284,1.1913144035738465,1.0103281871050822,-0.7944908828381747,-1.2232931506582039,-0.6930682260126075,0.1614963669567776,1.8278091474967904,1.4680362732393442,4.0126473539494425,1.1219463120454152,0.005635371186947177,-0.8666818782812782,-2.664640195798495,-2.4954985049990825,-3.830008204741052,-0.7802880582827798,0.03864861136040488,0.3399165051369912,0.44053920739331887,0.88494458658906,0.823440198118053,-0.826157026084363,-0.1850859086153782,-1.3870179842456178,0.36800684685345325,0.6448161849606623,-1.451216036141174,-1.2543169160737007,2.381588804616246,0.09463980626360427,1.530952045847941,-0.030600849101443832
3165,2.7564037777705943,2.6583787160404593,2.713240511718383,2.7178384920655696,0.04411076249512115,-0.006960989375829864,0.02407370003822971,0.1725891087360797,-0.457039258069904,2.1593345891583886,0.7012046553568613,1.60564270463748,1.3638773367883632,1.819740017320152,-0.7314396189239544,0.003578494698337404,1.570497432525808,-0.5207885471891045,1.7497007864343292,-0.7314396189239547,-0.26988271211372333,-0.645762605434593,1.70207968777823,-0.6272650546376326,1.9115982768349318,-0.2698827121137188,0.17369033456476632,-0.6447418488279428,0.7338167704961236,0.10694072788335617,-0.9669951204677464,-0.03658118628036669,0.041071730617894694,0.16308444645527198,0.5133151269648832,1.0643661675554248,1.2574113731124783,1.293134872495567,1.7575785742334114,2.227399172496746,-0.9744838927589418,-0.8218396569706096,-0.7907861124974598,-0.737427894561476,-0.6510091477373076,-0.5220020509569351,-0.5863825565645545,-0.2866451652574968,-0.03233103592708314,0.1738332685670202,0.08139649284344165,0.33449792591118155,0.6190766369810012,0.9997111955165903,1.362606404798464,3.325015389003562,-0.16946138994048812,2.8364721616911583,2.829375527097877,1.9393914944392037,2.7990257188979353,2.9363240919994946,0.9884073507015382,1.2551598862227866,1.0936211602908525,-0.9051109579783398,-1.2822025609857248,-0.5236541992247793,-0.06010245351257101,0.6500684675421136,1.438154373574922,4.262263451839909,1.145552443035175,-0.21072238928381692,-0.3968216162035867,-1.0929000360888295,-1.050876255389394,-5.088791090811119,-0.8736986541837328,0.10123188296657294,0.3492082419014176,0.46533278113412896,0.9977656164915766,0.8713148959052803,-0.7182975492152448,-0.19412139875783105,-1.5575097312064465,0.37236238525627896,0.7160124125845515,-1.4125846800360013,-1.3811384812487555,2.363497110299319,0.09203285258383098,1.434450929304241,-0.38658352474747776
3166,2.716458553691347,2.6323722080622334,2.6317787299216295,2.5339074457217414,-0.06975192742175086,0.021705633962383952,-0.11924799890473449,0.060345888718439614,-0.661035519839593,2.229920251730353,0.5875340291549208,0.9396814585128249,0.4348168306091692,1.3636266129926733,-1.1717022546916098,-1.0664293759464065,1.3914678816059807,-1.4528703339360485,1.6441748179118365,-1.1717022546916076,-0.6135265948150256,-1.4065293080414358,1.5713151127179834,-1.388583037445864,1.8602804589370403,-0.6135265948150251,-0.3485922620188941,-0.004620252249079373,-0.060847077679605434,-0.9419888264159726,-0.37914604584325723,-0.6587320736005462,-0.45231398191332806,-0.34118379331069876,0.10641431655991394,0.7275311515748953,1.0354998996257336,1.0516316704078605,1.5392693034679361,2.0320718782982774,-0.9268070343181583,-0.8893628213740536,-0.9169117174969238,-0.8564308449942147,-0.806120067516494,-0.6562332181095246,-0.7360277351581527,-0.43208229347196064,-0.18063713267249729,-0.9416043142293238,-0.513954262073433,-0.1562122608850225,0.25163323542615773,0.8632598047369154,1.0054956022513368,3.5158454823830416,-1.3776536728017943,2.88616100603697,2.7805909515509777,1.870593064150752,2.7652512226160475,2.8754324534448377,0.5712075071450934,1.0399421803477698,1.1254993787753766,-1.004668375012794,-1.22568698465642,-0.7093717191300397,-0.11641683469570122,0.5059428781565088,1.3459816132261047,4.1067066934946075,1.0601270856321874,0.019910958175391427,-0.47887486533483603,-0.9330217025656591,-0.9955623821444549,-4.915715440851778,-0.8879784625106705,0.43731756604829414,0.5492075419894539,0.6699290451378408,1.0840306368234751,0.8399486452590005,-0.6904271612777857,-0.25062114325041673,-1.560964342147192,0.3892209516216964,0.7344521091758278,-1.4071685317352036,-1.4753280525047356,2.3452053975917284,0.04976312403144204,1.2199993466027772,-0.8559646623911531
3167,2.4826498274610733,2.5128321220258503,2.47496821979237,2.5486693433199945,-0.264712431089857,-0.12642793645666614,-0.17035236502360596,-0.1561881571103286,-0.984924576610477,2.350214954001685,0.5212570187104221,1.0465258520088343,0.6066848516891139,1.4348697731402262,-1.1992085090920905,-0.05524664576638224,1.2887168774927091,-0.8816066262647804,1.5392843540015435,-1.1992085090920885,-0.8133573005171238,-0.7723291667358547,1.4730563663741354,-1.0936086736735258,1.7985607308826228,-0.8133573005171227,-0.8539984881695557,-0.6171920726336536,-1.281479433537492,0.7657269243480083,0.049653185774668485,-0.2845064648146544,-0.30003428019281375,-0.26672507570588366,0.11845240182763944,0.7185795142843305,1.0700560442471816,1.0802588544370626,1.5449822659149235,2.0466070050695424,0.9422699879636758,0.8746137510448031,0.6823361481130483,0.611269135016544,0.622984021975063,0.8509126959092342,0.7293552767266717,0.9681672776177649,1.3426889889215243,0.2022776107670282,-0.47802650691980736,-0.24255109764154917,0.33821567016885656,0.7108199331070241,0.5835141503424472,3.5594882983704115,-0.3181479178411917,2.955047068815776,2.7223971037413155,1.7134149390374112,2.700315372539627,2.8176595540481744,0.7448707678712075,1.116448391575813,1.0914797838775367,-0.9858422364500619,-1.0506019199375167,-1.1284486118312829,-0.5447838220180273,0.3046119836989495,0.7715548735620341,4.334228869444179,0.8753960664340907,0.5587368077618449,-0.2564019268207097,-1.1694888486565105,-1.0043671673238173,-5.232646828011895,-0.8114365060139812,0.6172468856971692,0.895856457986805,0.9945692666447479,1.0313476078715094,0.7147956954158646,-0.6082563732321804,-0.3885029260989599,-1.658086912300732,0.44118018258839237,0.7517436846229848,-1.3459526960714565,-1.47460146573357,2.326239659356875,0.005868983500693391,1.041005309428604,-1.3620267727541204
3168,2.6194891245674095,2.5824904667925126,2.6449751867807874,2.6059010438284926,-0.2784333606350756,-0.3119510590819187,-0.4006225305643897,-0.30142217364773605,-1.0319157163211796,2.3733901236545005,0.5106661842043793,1.2361535976090008,0.8960230691219871,1.5660138884617174,-0.9080917671246255,0.7168991648797289,1.2713002945309357,-0.23091504338396718,1.4634689876729143,-0.9080917671246221,-0.8421557452049794,-0.07782949001824266,1.421528872950814,-0.6319352102261215,1.738665148569695,-0.8421557452049785,1.2405468892379075,0.5898827694927306,0.9940244616117255,0.21079151268981677,-1.0657179338352796,0.15408407777633498,-0.022827243523376367,-0.03283613615178048,0.23766986258800527,0.7862975152368067,1.1595836206214523,1.166168249598924,1.6020839267059892,2.1056174771484857,-0.2805555775343864,-0.28635161159991995,-0.3548452159265615,-0.3651874007194675,-0.36901977266128516,-0.10525229365604075,-0.27939267490094516,0.014853159014004469,0.3266584615451377,0.48399082663836296,-0.027478748875605374,-0.04679221679439655,0.24182174450957183,0.65603299497113,0.6873262675454567,3.313012818500751,0.39417063041407796,3.047265027678448,2.654547566725033,1.6159419343445216,2.670249888328989,2.7627629378000718,0.9687958862135028,1.2620222077593979,1.1219337437645,-1.0842378112962783,-1.0385150795981801,-1.2379263860354117,-0.5565437755094458,0.06991230391836487,0.010684525177965153,4.430719394265188,0.8438911549865874,0.6459794001556711,-0.2939607389455918,-0.8111100410180114,-0.7784715882088316,-5.367724463037984,-1.0397717798055601,-0.06621049350287629,0.9292570569771001,1.0418043403733246,1.1339376694160008,0.5398989046869196,-0.5483379414177401,-0.4543170696209259,-1.745995851315682,0.4895333841430547,0.7661526472531814,-1.3387194469388475,-1.5225914329648595,2.3074493319832174,-0.020214072987772155,0.9490209604181964,-1.6940426684936705
3169,2.616136969250847,2.5234022213227414,2.544592698969863,2.4384296292936587,-0.2851939655181252,-0.2844641251298425,-0.42250167050134574,-0.21356394896548703,-0.9721702131655324,2.32309164702846,0.3708698061644752,0.6510110203197322,0.14467172050381488,1.1469473864795399,-1.1604873512021647,-0.6239563404682167,1.1246587288145335,-1.180800708930426,1.3636739483237852,-1.1604873512021638,-1.068875110668562,-0.8817132538576709,1.3001686487861424,-1.3237154045799226,1.665849057552063,-1.0688751106685628,-0.5070654742643632,-0.24086522509491295,0.13397610406485377,-1.0300445141729142,-0.6149361394155066,-0.4781376017285803,-0.47675548880502305,-0.4418952164466361,-0.13380435800812024,0.4436365128099744,0.9534757966113789,0.9271925746335383,1.394758976130922,1.926279163392797,-1.3948404383304298,-1.3772522237337501,-1.3401858478907815,-1.330240903262309,-1.3340095645661814,-1.0952274923053582,-1.2634011164410759,-0.9295562640183979,-0.697178922320003,-0.9122561945287181,-0.4260982788997371,-0.31555871711601297,0.188710981854106,0.3750018319635503,0.6840962082987166,3.444340664460034,-0.8398794841480159,3.112201613368167,2.5798741136643937,1.4819073395769113,2.656818930242145,2.710451781708729,0.5128562372486792,1.055545031431685,1.1836600952834366,-1.1389048109238615,-1.1960255084304685,-1.254345868997521,-0.6619574218638823,-0.037168067107095866,-0.007549140597643944,4.124439966672139,1.0021171717667563,0.5372178771670449,-0.16367807165431628,-0.7707377697699803,-0.6580166698991529,-4.9518030158060915,-1.148030465525392,-0.3668563391023457,0.8549487227642852,0.9808230874118361,1.1892856886983507,0.23988556232240507,-0.4335106923441947,-0.4178679618317438,-1.7881406955507986,0.5151257525368259,0.7660608732199246,-1.3401011075005573,-1.5584340188414545,2.288036675860039,-0.07978023883631646,0.8284716319711838,-2.0751318192541452
3170,2.445300920027177,2.366980737490791,2.37437299727467,2.3356996405428054,-0.13079725297056208,-0.34144875741533426,-0.3166883626566202,-0.19270946543984735,-0.916917038780487,2.2473596402927347,0.4536054696754007,0.3548158578943115,-0.20868606200590953,0.9254075958500768,-1.4335927336949306,-0.6803375019822742,0.9442657813859783,-1.4052673751509355,1.2366183076063144,-1.433592733694931,-1.328402732423715,-1.0081718707727083,1.1517790611586671,-1.5766954303444785,1.5774338749422927,-1.328402732423714,-1.0112006016718647,-0.9217653135162318,-0.9582775380889285,-0.6063837587630374,-0.44368211071308244,-0.669864203321414,-0.7099261255320602,-0.663617309039093,-0.36928372829616724,0.20286793962978,0.8273071606698228,0.7743500009767595,1.261136520591866,1.81529457644413,-0.6652010630849171,-0.8511233733413679,-0.8247754126065298,-0.9021488235735803,-0.9401576135504128,-0.6852472172736876,-0.8585085168364585,-0.558756027635424,-0.28836482655754564,-0.565392744560216,-0.7397498203026128,-0.46281230395709505,-0.12435404529304353,0.21433294667695413,0.5523394546424434,3.4589258907764937,-0.3369613611813561,3.151532858061763,2.5082994236613474,1.266322909204972,2.7383881734829068,2.66049101421278,-0.030040916205333064,0.9397755578219682,1.4412449506839091,-1.1245289243381345,-1.1257321307734063,-1.2563576074947413,-0.7390858917297299,-0.4205526144385285,-0.006609387996817152,4.226879708373456,0.9370964046577189,0.5616698212435517,-0.06257397847651243,-0.2923673953923401,-0.24988448282414494,-5.161476660213161,-1.1302140839945332,-0.2498641286922275,0.7961009251469862,0.9272646534179074,1.1893664273634734,0.15355027733885024,-0.2745348987017592,-0.4916906831831139,-1.8771225261993278,0.535438848972043,0.7732843927020197,-1.3176475777487007,-1.6363902305915263,2.2673516212196616,-0.14826097697367707,0.6668936636090697,-2.7095774453228456
3171,2.4238580623233124,2.3052754698453866,2.3843554004077046,2.2976971101291666,-0.1642600314003736,-0.1276407445114858,-0.27243807755478555,-0.039696033129015304,-0.8932374007434282,2.177438826997423,0.3988566649468906,0.31023264154657104,-0.2619433938060792,0.8925865621716548,-1.4951755675739897,-0.1626935439091921,0.7954528155289193,-1.1524665300035632,1.101867079720587,-1.4951755675739902,-1.5060804907860454,-0.6840610276742651,1.0124515599540946,-1.469565456827882,1.4786763135151073,-1.506080490786044,0.12571406576258723,-0.35483259604792666,-0.06656728297575469,-0.7496373263428091,-1.2541740352881936,-0.6635898073516497,-0.6947658460938212,-0.6870946249314009,-0.4515366444861675,0.08385665540397534,0.7801446076215063,0.7028659020390073,1.2025865740448995,1.7730304864638509,-1.3692592409913136,-1.3246374982609461,-1.356792584233255,-1.3707065618590175,-1.4073650986677515,-1.1759329346138419,-1.3154070258900323,-1.030478460382997,-0.8025796231609198,-0.18507583026131755,-0.4173605732057428,-0.6629101708450397,-0.3679924349435681,0.03532026587404676,0.6606948145428352,3.475880907782506,0.0692294259702903,3.176817864500709,2.4411398664570267,1.0692821826212004,2.6815943278374177,2.6128662207427937,-0.05088275087599311,0.921327086397728,1.414424615298499,-1.1953367815398817,-0.743048696612657,-1.1296280446112836,-1.010181954775179,-0.6936616868652492,-0.20520912662146903,4.262253272734174,0.5216481199577718,0.6827089116430134,0.34833607647871967,-0.21480652267569147,0.09133070142786005,-5.19264909646467,-1.181770770503567,-0.17600640897160008,0.7584922829034773,0.9021604681358271,1.2544294258110487,0.06166111720554339,-0.23001015805438627,-0.550864336131203,-1.8139461864734752,0.5581098819616652,0.7737316506160404,-1.3394221436394542,-1.7201303594894475,2.2458893195671092,-0.22997761608050662,0.5336506545770175,-3.2957449419899296
3172,2.2568187417362697,2.3599817360472275,2.3145457038737014,2.4279939960420167,-0.14269057068551214,-0.16410007377336472,-0.2836313251171815,-0.018884251907432644,-1.0933120344809795,2.2917438003941504,0.2956112352668125,0.7345933281090464,0.38968522316593357,1.1688706252712426,-0.9629849050811262,1.319758016171905,0.8177082313875061,0.0682364053882237,1.0186516504152512,-0.9629849050811267,-1.3739662404315525,0.5361637067454026,0.9672864465738503,-0.5619534859298463,1.3907823506847619,-1.3739662404315518,-0.3914535469008636,0.45597578647616976,-1.021687702188696,1.5063022698219617,0.15701389312327677,0.18853335620635037,-0.10494753071227374,-0.1917375672490561,-0.1298084911834203,0.28434753437271604,0.9623654508090502,0.8831425668195695,1.34603657207503,1.9120062191980476,0.05781649420011446,-0.6455275838270517,-0.7259970466505622,-0.8439532350202748,-0.9527627343817422,-0.7017105873523611,-0.8234757767576784,-0.586273172696751,-0.3174799456417282,0.9178510141931017,-0.12200588274320892,-0.4311142919482245,-0.27722933746877537,0.25575019668896726,0.7688591762436785,3.2365040963444165,0.49528242074082474,3.2008273877389644,2.3867346612032945,0.9332691375694427,2.635091430236711,2.5673106313997955,0.433424878076912,1.1815877513911244,1.4041617631526735,-1.3056405458938594,-1.0012848497716793,-0.8690407377650131,-1.079898664529125,-0.9440016147984974,-0.06072127719225095,4.281194377557253,0.7724258633581361,0.2092603151909293,0.6042385925397564,0.07280963926803924,0.47019046823363353,-5.1806006441903305,-1.1747961672327047,0.44694015822475713,0.9516278682723727,1.1049904569051654,1.370829229180136,-0.05606755784550476,-0.09344143813345167,-0.6611032496731278,-1.7480762387674569,0.5765923476009807,0.7667627059640159,-1.395449771100706,-1.8231351834130023,2.225459529529164,-0.2930083440505503,0.4183312117713263,-3.6894766921754165
3173,2.4515421401385398,2.403672457458568,2.4883756361971097,2.453562102328964,-0.2034507876032815,-0.17385584977805524,-0.33938923546875577,-0.110682593161488,-0.9850340065141072,2.283523131661135,0.3158826015428641,0.870226210826158,0.5814594728637692,1.2609958583422656,-0.5409664608525317,1.050970155396044,0.8613256942359182,0.21561896833971644,0.9772295397798313,-0.5409664608525322,-1.1964099976645763,0.7144156875911429,0.9465128318214078,-0.32702404379827194,1.3163747102207417,-1.1964099976645743,1.3012739215435485,0.3875039485545164,1.3870386536098767,0.23954475219212887,-1.3445900746037145,0.5072627796717117,0.07184091139843908,-0.016184089666553755,-0.04249836479178981,0.28365336680078324,1.0033711712543436,0.9053777263397804,1.3684627886060967,1.9384898424234442,0.20955046441205508,-0.6029557021098425,-0.7127104771203738,-0.8620880754889351,-1.0325608415576577,-0.7897242084014734,-0.8948008390066958,-0.6585687322298288,-0.3995563324819615,0.25535262629822414,-0.22202868297224326,-0.17754722180543364,-0.16785750032075117,0.1176605837974624,0.8586400784097017,3.298634764416017,0.28897692706199773,3.197282947228924,2.3511284713018834,0.8450590688828928,2.661549676385126,2.5236724451710466,0.4148590463505045,1.2758018030444362,1.5469947629720269,-1.224002417693847,-1.1872432267857402,-1.1095634957577352,-1.1526388212322336,-0.7106199975431771,0.15242415960821004,3.981921291401271,0.9927945078934409,0.3325339762416355,0.481091621524957,-0.31037191301461364,0.10036126630764222,-4.63746313499467,-1.2558124368959438,-0.4248486002677899,0.850278184659749,0.9939102107143805,1.2715443172207923,-0.11651868541230669,0.10895952721697527,-0.7529883855000027,-1.6134330038403655,0.590931013427118,0.758349406446082,-1.3899949467324377,-1.8742636295590704,2.2045677953936313,-0.35214557193663143,0.3297096433444456,-4.084771608625095
3174,2.454988512523039,2.337361435103297,2.401288289319827,2.3590990110232735,0.11799355783218993,-0.35445233399141707,-0.0675399903097842,-0.17067164426294054,-0.6903921802266881,2.223856092174655,0.6279244218444138,0.5841313329658977,0.22055181148600847,1.051266082243384,-0.5628965819506246,-0.05315338952624406,0.8080714953529148,-0.4330564190783882,0.9315820958507961,-0.5628965819506226,-1.1662877335105963,0.11261193237466278,0.8812970623103785,-0.7099390841713914,1.243678877838942,-1.1662877335105963,-0.48502585051917285,-0.35939930697211186,0.12920240371156205,-0.5020390592251412,-1.1326045550782928,0.0766583035980777,-0.15034321078333315,-0.20242484206878025,-0.25638873838406584,0.08482385314920807,0.879600119353472,0.7384718206690106,1.2468533901627363,1.8356137336570377,-0.48469282694571686,-0.8551859047477447,-1.0542884140310083,-1.1681403224329172,-1.2163477820489494,-1.104109626372371,-1.1960451715667968,-0.944163957240062,-0.7179013086169802,-0.5036104431762888,-0.042958962624931395,-0.3384056493572327,-0.2944613014817252,0.1562078019858817,0.724893775467557,2.9893240231872786,-0.344010065623443,3.2151398743241058,2.292490450589143,0.7244606299282509,2.6491609149880655,2.481815037531971,0.13272672322380602,1.168071619843983,1.6079714834070349,-1.3169807474368735,-1.2326773573795717,-1.2679063488457787,-1.1536306933732214,-0.841114266243952,0.3483992500879413,3.990903508031032,1.0282589157865478,0.46736144826081766,0.33356147131821334,-0.1331865517214669,0.12671080150425035,-4.606152079039058,-1.4452527868006113,-0.7216934434498375,0.5285277511781885,0.7011890724496105,1.4098327841050649,-0.3547690932449516,0.384705440597782,-0.7077840866499489,-1.5323280872031606,0.6029420466720873,0.7710492604452244,-1.330243069063548,-1.9711042646176178,2.1834310941806807,-0.37524131819967377,0.2582615204353458,-4.330483788852379
3175,2.330210027537659,2.324461325642532,2.3558411095347997,2.2845062895287382,0.285664290313975,0.0032119094264075167,0.14526830862929624,0.214092256283207,-0.24881865259866512,2.082711067755105,0.7149525029456445,0.3761656074816031,-0.035751105931207956,0.8970754087597376,-0.7192276901376091,-0.3895504034663226,0.7075191755371792,-0.7367835668068179,0.8671858466632895,-0.7192276901376096,-1.205272045076301,-0.17388520868762344,0.7892118042596505,-0.9257161524338369,1.1668673506125464,-1.2052720450763001,-0.2187673578252574,0.005506450961340297,-0.7220105300437456,-0.16485536473636916,-0.7648370844729997,-0.29465222839334254,-0.2835727543786403,-0.34676195280720673,-0.4101503847211253,-0.0833539798693284,0.7781308566213194,0.6073916579148739,1.1462687324000642,1.7526935312031886,0.6784087114908316,0.00890549319136826,-0.16970384169866964,-0.5195078102523116,-0.6194239473149008,-0.568105346299158,-0.6199765892062098,-0.43778615219293543,-0.15852780611490752,-0.40784427484053665,0.02720801692468717,-0.514223115038151,-0.37889229552247405,-0.09709484808743038,0.7334254479737777,3.0371840014177085,0.13648223268907908,3.195505190018983,2.2487995070425106,0.6231377325231766,2.6172905601696255,2.441615060827772,-0.04684424321921013,1.0881773003691997,1.6250026952627863,-1.3922964350024098,-1.2248679819336352,-1.2491289367386853,-1.1721742084066247,-0.8046231017597338,0.17958299715906775,3.6176445383582885,1.0131255485114852,0.4547675699920731,0.35875805452467185,-0.20683674793520268,0.08637341010321312,-4.124884002295728,-1.5854010637348277,-0.9612193570978466,0.057099321851519017,0.25696649727005055,1.506767161713002,-0.5661620326925207,0.51762149640618,-0.6248438272582383,-1.4397340036877893,0.6080356083339038,0.7898813235324688,-1.1797573790422213,-2.050167325117252,2.161169731768832,-0.3974196300686533,0.19964500203264787,-4.634147367888415
3176,2.27142687224273,2.286982092190099,2.2671213399020256,2.2176519092972686,0.164745671574002,0.20831254920107248,0.22834693580342802,0.2782715200056038,-0.3704256737250179,2.0757787852817584,0.6827124839639107,0.19246273851333887,-0.25867255693727165,0.7602298986813595,-0.8903940426045666,-0.4272837779009247,0.5823326332020694,-0.880025732194913,0.781763556965773,-0.8903940426045645,-1.2743889978374006,-0.30212321931658803,0.6786950259299628,-1.057440177821449,1.0829302978187207,-1.2743889978374012,-0.533982307914217,-0.18007527774054255,-0.316405654963224,-0.24895849156261385,-0.1706467427079541,-0.6006233201143332,-0.4307185682858416,-0.45608769431041307,-0.52705616019432,-0.2418171140814332,0.6850916922838439,0.48681037230470026,1.0523778628104918,1.677785356277582,-0.05049955057982031,-0.355294223841656,-0.37368735480261994,-0.7466287648929637,-0.8564206945618846,-0.8236675686329596,-0.865656148112321,-0.6770157446306657,-0.4208033271828411,-0.37387472934409116,-0.052078397841040285,-0.336458773029386,-0.5938867091620414,-0.35842678343035034,0.6693629706999467,2.9476898880181537,-0.4308402518545706,3.2205641785494663,2.1713588699748585,0.4835651353324026,2.6041202489848407,2.4363467347698324,-0.2610179084395463,0.9744480382026681,1.6197034412040536,-1.4789550535944913,-1.184309954677828,-1.0805521295132825,-1.146830976326918,-1.0560395048680982,0.1669441340952012,3.595022835586192,0.9610621178907308,0.30504908409841536,0.4652172535939345,0.12832306186834333,0.41258946251333256,-4.129761596286441,-1.3837410382925828,0.4196933839602813,0.17299969043425759,0.37782507705406215,1.577621923580381,-0.5867571868392115,0.47290722407344943,-0.7839448620124543,-1.2811995095689894,0.6122471282589559,0.8028545245979254,-1.0719891723346116,-2.107492997015021,2.1389106014802315,-0.4301791839932277,0.14553037533644983,-4.821390640638268
3177,2.331788636590117,2.264061887319153,2.184820647630896,2.1150565614243972,0.6288827538548564,0.13818663032096734,0.4472436793581968,0.22182829960476705,0.5616567628793343,1.858727256296735,0.5565016384832493,-0.15589177292273335,-0.6660899191482318,0.49589364729411706,-1.1493140300625158,-0.6473731986867525,0.4058678752477834,-1.190094033561066,0.6647323734052933,-1.1493140300625153,-1.4089693249259518,-0.580022230481008,0.5321818636185766,-1.3305767841829594,0.9858481241846334,-1.408969324925952,-0.5093853275293485,-0.0818500869291412,0.4894159224173149,-1.5251321805371398,0.5500498259711784,-0.8551194803276537,-0.6692858377021907,-0.6563152525515159,-0.7182232435883688,-0.4661055787876887,0.5366649907171208,0.3076171999650938,0.9114873730882012,1.562679519813003,-0.08521114610741554,-0.14995436028698578,-0.39505263548445413,-0.7065821512815338,-0.8813888150755737,-0.8719202218715971,-0.9031376418142867,-0.717368303984055,-0.4652623346525625,-0.6216409328646336,-0.6941268183440003,-0.5827139744207018,-0.7760127397972054,-0.606626697204214,0.6431821299077883,2.74965334135428,0.2548802003047604,3.1981821514803115,2.1173278931740858,0.31336875871540926,2.5754008392391268,2.5702113198890464,-0.5493466143777576,0.6168788870644717,1.322592642537811,-1.5633023291174963,-1.2088446470900711,-1.2112602985095455,-0.9667463637016762,-1.166359812256813,0.07114688967803824,3.482415278179812,0.9768491529903316,0.4280057612261919,0.13743602803296626,0.44115919446813,0.4311815437117601,-3.9884041832570616,-1.9814893025444915,-1.9032274868106915,-0.8073226782762898,-0.557381800339375,1.7231083288976017,-0.6456055926642575,0.4264350700114548,-0.22854216376981978,-1.225438548750715,0.6107112755088402,0.8074321053993323,-0.7350951739603158,-2.200016114441097,2.116138118045424,-0.4793143481302317,0.10435568512323526,-4.966210253986907
3178,2.116228417865128,2.1730434245791206,2.1644933228178305,2.210245218365444,0.6138104501903002,0.5952330320287712,0.6768765898510339,0.5642090898398433,0.42234775762254007,2.011179531623007,0.7318742596548848,0.24634056810474597,-0.05815513333276451,0.7473771258681585,-0.8249373566255485,0.8094583732827004,0.39090296829196663,-0.12665895728330956,0.5807371620398378,-0.8249373566255481,-1.2934686836002096,0.46404956250964036,0.4712434953939203,-0.5758577203477792,0.8952157753886298,-1.293468683600212,-0.0995895755307532,-0.5795280789629527,-1.3937050595379197,0.8714876159811202,-0.2563303094718312,-0.0499425864183452,-0.19624643179399628,-0.27233135441249723,-0.4181278891194103,-0.26739664647408334,0.6736837220491404,0.4535043905633339,1.0173229814149414,1.6645304008615993,-0.35385614816711336,-0.2844926103179955,-0.6084265960138123,-0.8690404847987434,-1.022250461440101,-1.0289608022090815,-1.0577524705139194,-0.8702005662562365,-0.6356508416351893,0.6801743991378802,-0.5216329889076541,-0.5309057553972629,-0.46352034851339163,-0.42450706660520743,0.7213710766237869,3.0216141612749854,0.03285292188370684,3.1504305818257214,2.0862555448898195,0.15594984200181664,2.5416833353382606,2.5264949245444903,-0.19518768230893205,0.8222090999143017,1.332505779956224,-1.5936069834446511,-0.8059903914677283,-0.9881249449772108,-0.7140472437333715,-0.9779899123666193,0.01826202801757754,3.226454839818828,0.5476827690660279,0.47917385446203,0.023822024032214985,0.4648037034474356,0.36892697122407947,-3.6152416662110998,-1.485875890741056,0.7029369041708047,-0.6647709618542604,-0.41669853799734563,1.7456235736456178,-0.999135397422756,0.325453403895066,0.16460386768300475,-1.2339144579606105,0.6181108706463003,0.8141211394542022,-0.4907763624591821,-2.278594845148907,2.0937942087059915,-0.534146542801985,0.048345993955254754,-5.137158354745332
3179,2.2192061687298987,2.2072250425168733,2.263522698223904,2.249760005543891,0.8266465399525588,0.4653946701594795,0.8616738337285624,0.7255061733097752,0.0408440251672655,1.983669502958016,0.8482367445168438,0.4451026056441052,0.22057559279349465,0.8777363640193725,-0.4540152149442312,0.9260955035828875,0.4277846842427953,0.20560771441539802,0.5365662986862203,-0.45401521494423097,-1.1033691875543008,0.7832347075910531,0.4489035380569156,-0.2404419867097742,0.8174645262150404,-1.1033691875543017,0.7666947978162504,0.28968342150682225,0.7587301946364104,0.38503244149056604,-1.0449092248606695,0.3012747761213877,0.008646070225563254,-0.07256601094749994,-0.26281568446594655,-0.18093233395446023,0.7286663270922292,0.5113786327963101,1.0554230061784655,1.7054674631961968,0.35360281812353306,0.39693999657539575,0.3073279685658038,-0.30377114387635384,-0.5403465876570576,-0.5986536792986803,-0.6177199517612266,-0.48102288132882365,-0.20103398171407966,0.3148493723804114,-0.18026333443502998,-0.15942883358046975,-0.39429280271400957,-0.359666346760628,0.8833668445568387,3.007731928537321,0.4535998476192714,3.0879582300629416,2.068717381455029,0.05190308898409673,2.5021591115266952,2.484564809091324,0.011991801199087562,0.9363417366959715,1.326282459970001,-1.560961295376128,-0.911494035887417,-1.0186074474628244,-0.9760445869293368,-1.1410499294782481,0.14353403593013223,3.4921022167138798,0.6712290875336456,0.4382451631908387,0.3135807417437398,0.3599033594240142,0.5004071924991842,-3.891088440139657,-1.3460097661420418,1.361296241983875,-0.2635019382228283,-0.027173177958037677,1.7311124321036901,-1.0703758001378287,0.42601566744763025,0.4298849937807272,-1.1747278182867213,0.6257294175188849,0.8193595175468085,-0.36685692822511207,-2.348719290603136,2.0712906186561217,-0.5843085194804382,-0.02706453565921194,-5.30921436613625
3180,2.2449370685008354,2.181794749535232,2.1609158088567724,2.1859942337300406,0.793352903927089,0.8934110324614929,0.839658727725586,0.9002996530537615,-0.05096321903391736,1.984656484747158,0.6882087632309852,0.264250092881538,-0.0033012608445700245,0.7422681329282667,-0.4147680807283492,0.09987606930599384,0.39408091300475445,-0.23949227409003146,0.49539691372955524,-0.4147680807283483,-1.0216636649470103,0.33850549483018744,0.3964892545773922,-0.47740807309499356,0.7439344495171325,-1.0216636649470108,-0.675278279169114,-0.1199279705101235,0.2369735661123656,-0.3132263879139729,-0.1168298070809127,0.04834614779319669,-0.1767553871130035,-0.1792682884488397,-0.3692662172328163,-0.3132515127057749,0.6325149262267327,0.39608668453778323,0.960734596314925,1.6312687437613198,-0.6623329768283309,-0.5705737634936646,-0.5616537239775945,-1.0026654282777558,-1.1511854038267955,-1.1647698139068199,-1.2015623257813273,-1.0182407938527471,-0.7988850995138342,-0.36232825497317356,-0.1597041490461675,-0.0945344699506109,-0.5310597567773239,-0.4249860087725883,0.7430173238502421,2.6920763814802062,-0.44331671162135344,3.032241945351305,2.046359340249266,-0.10620418987860974,2.4633661277942047,2.4442971185206246,-0.11255533288124477,0.8666713114616282,1.3182809643308417,-1.6212334248440714,-1.138625682183966,-1.2215974640931915,-1.0823741833833578,-1.2101231595345303,0.4411385439569549,3.523316677447379,0.9064277953313493,0.4931197170136084,0.2708511617940007,0.3094578341106342,0.43505263726719623,-3.8984092178151695,-1.5339005897752511,0.7080662761138451,-0.1765433399976459,0.06496185799311559,1.7821289420815203,-1.1468569093768857,0.36650925516844335,0.5957454179048591,-1.1432090459339839,0.6486272547342309,0.8225691877343039,-0.2835271848967294,-2.4109709345804373,2.0492213250797877,-0.6369870556680313,-0.08125058363747345,-5.388502601383126
3181,2.066907446205781,2.043174852249474,2.060877314697989,2.053468037375903,0.8354130005168485,0.7707935680406441,0.9209397986145101,0.6044336841619401,0.34117615428383535,1.8175647891628903,1.2023684553750542,-0.23137366808353207,-0.5905569182399709,0.361406256260682,-0.7310346178146475,-0.7856168003187955,0.24238532996297718,-0.9744659735324748,0.4161186482261965,-0.7310346178146453,-1.1124383645267673,-0.38202976979479464,0.27672463006566755,-1.012069058347437,0.6600036937768348,-1.112438364526767,-0.6737512735561885,-0.9464091310428782,-1.1829371150461387,0.04878237734204547,-0.5652509559616116,-0.5405268436616677,-0.5890367068563359,-0.52985719477756,-0.6361132165209322,-0.5870870339793641,0.43239099647160845,0.15848841833549607,0.7780428268790982,1.4792046667412673,1.1840997209856392,0.974688824000437,1.0143800972542238,0.32670911618558535,-0.06728128934682029,-0.2165086612393937,-0.20131372448687926,-0.12642799904277474,0.19053782457892832,-0.836701796585906,-0.3522940892451789,-0.28941646434178897,-0.49540079654233204,-0.7188534847542499,0.5380752933512902,2.400061700495838,-0.18630775558866192,2.9681232362269347,2.0235357376129572,-0.2325228160370374,2.459318288542323,2.405579718076128,-0.5728725809573663,0.6666192138350435,1.388985548405588,-1.6965503314990256,-1.2092176056647395,-1.2297579320468766,-1.0139400340091433,-1.189881107333907,0.2818022592030492,3.167481024578521,0.9731659941101429,0.4516817925219387,0.18123995695263906,0.36340338262774013,0.4100595263497991,-3.508745893354077,-1.8325411891805417,-0.4125823482165978,-0.5910631330264027,-0.33097905839350605,1.8577260481951539,-1.2140657313768153,-0.0103905839957295,0.9885182805177001,-1.049081904493136,0.6810765178976768,0.8147702233418708,-0.10345751752041997,-2.4647701457155047,2.0272314466459034,-0.6289677935915633,-0.1507550134301966,-5.458023403019978
3182,2.072713272343393,1.969322209267199,1.9058433873005722,1.989088670750638,0.6699832987275646,0.8113027814706546,1.5458098309041417,0.8521151593920999,-0.07103332961272722,1.9132367948624727,1.2379126432698457,-0.4063236777538755,-0.7832694473139146,0.21869150162906556,-0.9515916852304388,-0.5374085256622649,0.08638901193975843,-0.9917984919319884,0.3093760375780501,-0.9515916852304377,-1.2081349457727177,-0.3957248408459936,0.1450751774392894,-1.0916125635931961,0.5649041177024012,-1.2081349457727186,-1.096910723724299,-0.4911131458146019,0.09942169048014579,-0.525736214908885,0.4581227712991725,-0.7786374009612477,-0.6790754635242985,-0.6608690408153154,-0.7144669813856487,-0.7050852964447881,0.33393526506412624,0.043420068719019524,0.6841936306409971,1.4024219424212905,1.126251328693338,1.137820996312511,1.2061638913247315,0.5721666055729177,0.15258050678130516,-0.042029174457112066,-0.021170490940895573,0.04260831455795652,0.376191145408798,-0.38810202281436207,-0.2519672916493711,-0.675208201942024,-0.6429206601095604,-0.8279980943287156,0.49760895970444663,2.1826735116234697,-0.9137854261680881,2.899174801021905,2.0048630818386086,-0.2673072824945642,2.3911111171643284,2.36831080247867,-0.6142781021354756,0.5861920238471331,1.3064308284558301,-1.650239946478702,-1.1553877132339407,-1.2389338553298095,-1.0268233315859325,-0.8845565569773813,-0.05969467234322232,2.764033743744787,0.9287158263288524,0.5027029199946179,0.18768395119576944,-0.0584257356325128,0.0956311124233809,-3.0015094548400123,-1.4159259226269265,1.3310788061792407,-0.15966973122063555,0.08300996608225866,1.7835507044253964,-1.4360680759650544,-0.3998806682659252,1.1207893533895084,-1.1257433659271987,0.6944453429464165,0.803778996921028,0.00917574997385466,-2.4963119803986293,2.0062802074637753,-0.6113016523440292,-0.23667691111916517,-5.432341640156065
3183,1.8822680701997676,1.946894397751984,1.8382384612714233,1.9299756411238238,-0.3551856360414808,0.7340070536256832,0.4722186521456098,-0.3328252457693443,1.0772971114586383,1.671055595393857,1.02294832055341,-0.5654053033730901,-0.9555288763530243,0.08731708152985171,-1.0851885153907246,-0.31906652027603744,-0.06586580029924441,-0.9590740449627709,0.18530965328266563,-1.0851885153907235,-1.2943264042668547,-0.3496974631091002,0.007716184849113882,-1.1222360603337551,0.45933715756084315,-1.2943264042668539,-0.47029973100896955,-0.11530838052028188,-1.3072927087524524,0.5457815629363401,1.0541701826777452,-0.8125624549577434,-0.721508213819312,-0.7722900263816984,-0.7884957068987192,-0.800828401757022,0.2386069720776914,-0.07121214473820014,0.5948167819204004,1.3313122668176591,2.1330290251856963,2.5324594555443616,2.5907553493332083,2.0922117801526436,1.4814405959201074,1.0807269014488867,1.1702644793119936,1.1123973532596616,1.5712256725936633,-0.36616612712498964,-0.6861362390562364,-0.8553827628351338,-0.8530202989011084,-0.7751985004631413,0.5631887589916267,2.1611975527495337,0.7189535118879112,2.822454142312116,1.9859377902381619,-0.2740489924937146,2.3307631077742137,2.332397701807784,-0.659997343540871,0.5116770266964294,1.2368776347284673,-1.7166689441376755,-1.1832610228048748,-0.8328225792526828,-0.8806245150804906,-0.6941201782977389,-0.19115473895194737,2.4359277358688005,0.949412138325599,0.040481988335654404,0.35936983713093246,-0.13740124708507906,0.16394967100378258,-2.6137664738080044,-2.2040099296846005,-2.831703803761068,-1.3462332738063307,-1.094805786284696,1.72138525998427,-0.9463564237437239,-0.5151767735387038,0.07180111768178671,-0.7613976168648385,0.7001608881911727,0.7957892686846285,-0.11378882829472009,-2.441151334526066,1.9849348277074956,-0.6156728833207344,-0.36026711986761006,-5.312564411225721
3184,2.1294612602593026,2.0827809713233205,2.046026524091614,1.9889457540524424,-0.2580576295608609,-0.34232156322266244,-0.2129630709173771,-0.537933042710998,1.9819679997897697,1.4737517219783587,1.3655460402440067,-0.22375171470072816,-0.4468932938175669,0.29421260563143947,-0.7902508202880133,0.7404625587776489,-0.0872888941516738,-0.13336114382978023,0.09437791987824183,-0.7902508202880129,-1.1922181362412458,0.45584327355274584,-0.05694418722687232,-0.5248660091876943,0.3600275625369723,-1.192218136241247,1.627951104717902,1.0790148012625809,1.8514235452228611,-0.9967669787249338,0.1327614053146609,-0.14455110000668384,-0.36133381916788687,-0.45202951771404093,-0.5496388228251953,-0.6352557825694187,0.32611511663706916,0.019459926367518574,0.6627967714930909,1.3925978650543052,0.35322759186759756,0.8710085474616582,1.0290760894233695,0.9221407372070751,0.43910774651734047,0.16265866579067642,0.256925980878153,0.2554254313218557,0.6211313560356866,0.46470379720976374,-0.6293516784467859,-0.5730257618447724,-0.5092672246824049,-0.6813137999985868,0.6653985460750343,2.1109342173373498,1.458171719628321,2.76819162442122,1.9542207233523747,-0.4041979044275722,2.2984769376867953,2.2977558519883683,-0.38010551626561084,0.6586774379133479,1.2309586499399132,-1.7791519024856681,-0.7760159868887908,-0.4989463622984474,-0.5943083537410386,-0.7350158046307017,-0.10608756104868426,2.3448810725726528,0.4987313123701949,-0.023654879405611725,0.2967500457413779,0.26507445463711615,0.4199908954562473,-2.5301021220919946,-2.0920404266867205,-1.949745318939929,-2.272653653294841,-2.006881540566542,1.7943867402434845,-0.7185645645092172,-0.4663472020056779,-0.7971203155438538,-0.5962006416232899,0.6812370011196367,0.7816285639829865,-0.35328704716304526,-2.3984884584773445,1.962264872456514,-0.5848984726926679,-0.49559090184249527,-5.187268315019826
3185,1.9872829119600437,1.8938478444761,1.8485284569631228,1.8759311109738088,-0.5580680307185033,-0.27344613184357286,-0.38091346749001054,-0.4439249793326887,1.5800915437487575,1.430643080628355,1.4398156385345828,-0.6224290294688241,-0.9024517749933375,-0.027607333118141,-0.8880407555680164,-0.23099943614708135,-0.20930445325841682,-0.76426132827692,-0.00867716532691423,-0.888040755568016,-1.2322872310201567,-0.14214402625485748,-0.17378151426160376,-0.9441562328903739,0.2550092025140435,-1.2322872310201576,-1.412755164990473,-1.3394371572966879,-0.9423337719359528,-0.7977218707074183,0.29151048837681137,-0.46986126652048676,-0.650659479307982,-0.6936236917923162,-0.7629345989249203,-0.8508403407237836,0.1431033859466411,-0.19878842024875604,0.5008880992606966,1.2619194191085628,1.3389333990447971,2.333542703951379,2.5443662417144393,2.5178785335341214,1.917652481969453,1.4897771537853286,1.667349106383046,1.499934686682057,2.073039579940718,-0.7440374932901526,-0.7879731564851894,-0.6703680174746539,-0.550677465502018,-0.8816809530567062,0.58434885586408,2.014343904863232,-0.6269438284743412,2.699722197593929,1.9375812099247673,-0.4296853009044698,2.2673748883236753,2.264307903711871,-0.688168867802542,0.4801685846606963,1.225593802066197,-1.7910436825761595,-0.7405193664511234,-0.8346297831774471,-0.8914638145455597,-0.8574959049601246,0.08139605050919162,2.274609168313849,0.45599193702087476,0.37453577845989966,0.3712443325778004,0.06731178619339725,0.3267039409738878,-2.490898086409173,-1.5865689201842355,0.4272802214768679,-1.8577172156061523,-1.6054585733979678,1.7705776494740264,-0.2873807159807819,-0.6432540790757966,-1.3569922831393297,-0.43832454496200934,0.6654214979661116,0.7564830607369806,-0.560868954350355,-2.3332233725249476,1.9402846190214378,-0.5487874866114562,-0.5840578237082129,-4.888100315029988
3186,1.9609162215065437,1.9796983189117068,1.9878261108328694,1.9784897135429491,-0.693157732281548,-0.5537419082024767,-0.6886071745546072,-0.6715241127978411,1.4835510613965588,1.332435741064114,1.2283619624444253,-0.12280822553696256,-0.21906916838227525,0.2936165842481091,-0.4484935177816363,1.0873964468760837,-0.15927636023860745,0.3185224669881978,-0.060645182531796155,-0.4484935177816354,-1.0312407149802145,0.8850033583758785,-0.18954714027313277,-0.12515400980398983,0.16630000913159101,-1.0312407149802154,1.1085001184189307,0.7189119368982255,-0.1347126745148604,0.2929883599547377,-0.3841385184897372,0.2694834382150723,-0.15514367599116233,-0.2217908880025785,-0.41555928209783144,-0.5619850686004448,0.29553615493522795,-0.023981681582451002,0.6282800288467505,1.3753642128078236,-0.35735302951359943,0.5318042728182863,0.6800296572231873,0.8677428380693105,0.570826614612722,0.32465697401554794,0.36408575941020505,0.3648501962204305,0.7975750231518585,0.8003263242672738,-0.11046402842254033,-0.3308563092127633,-0.30980932036805486,-0.49674339826063874,0.9831361059990867,1.7863545495064357,1.3822599018287427,2.6533357213339914,1.9129177845586138,-0.525123608795534,2.236945813853011,2.2319829483091005,-0.25006191304477016,0.7136335696856696,1.2197006136979454,-1.7539886852120858,-0.515398071319264,-0.7564522235015266,-0.9270603740130849,-0.6124165475563107,-0.004320898994341386,2.1573309040282886,0.2200680929333005,0.45478533576881114,0.4835308177675863,-0.31045858250538255,0.12859800546705002,-2.30176913663787,-1.6626791857630616,-0.19228148829425304,-1.7495550837955778,-1.509928704241797,1.7173160617600256,-0.3761006968177141,-0.5880545900289676,-1.7404616665060952,-0.2756644174789765,0.6104322012409478,0.736037418123752,-0.8028762407803981,-2.322137934164136,1.918354099007858,-0.5031576729664827,-0.6578276728812938,-4.592705697990992
3187,2.0583976823133834,2.192305755600135,2.0549811259799142,2.201003492768474,-0.5882655875466193,-0.6328945035888297,-0.695307336748891,-0.7385213297332489,1.3788317982066394,1.2889193767070142,1.3877529795070236,0.6282791184612535,0.6649288570702969,0.8423842969601113,0.5816903386748161,2.4530607473172723,0.13459909975058562,1.8666867691603877,0.005912187393771674,0.581690338674816,-0.4853260721277215,2.282244064644434,-0.0429434672624018,1.2152053307684985,0.12497528711430952,-0.4853260721277212,0.5954944397054838,1.705695935235323,0.7916632313305592,1.3772207725934522,1.4593404872556806,1.4320651620403135,0.7204084844992185,0.6242785235898679,0.2590474593322981,0.007912292793908616,0.6396278051162246,0.3709749299625376,0.9211102093776236,1.6271466838228443,0.5285729394014089,1.444348816160915,1.7085413500575308,2.1319053447860146,1.7351437635158224,1.346870823325686,1.3930378592652284,1.3015513174044337,1.8806363657902214,1.677728098631952,0.7666043664557924,0.3585934581927593,-0.12861583564820092,-0.17766667580414466,1.3214917505645694,1.864332561992182,2.096545038003481,2.5864672729008324,1.9300453118058813,-0.5794117669639627,2.2870642483106516,2.2773497720009015,0.3685405248909419,1.071070678442094,1.2544131957887943,-1.6689168132480348,-0.9722273930462998,-1.0939085869896499,-1.0662918819373723,-0.998252609449651,0.6369180601624507,1.8862307037864272,0.7274118753279311,0.49071503149265594,0.3596733491888763,0.04803348910234293,0.30417536017674285,-2.1384166618724776,-1.5762667452315553,-0.11368095618689265,-1.625962746132309,-1.4023051441376835,1.64434922002767,-1.723955794633075,-0.030573521538636024,-1.9397422483597258,-0.1912494185110161,0.5109748558447561,0.740724150051234,-0.9387204863920586,-2.2572914835458917,1.8949493928119001,-0.43286284968276917,-0.7027495457711324,-4.301003317050193
3188,2.2484403509789006,2.4302414615274905,2.286376110727417,2.4214409467691316,-0.5231589223217176,-0.5804654520435428,-0.6739272262148135,-0.5971483187346648,1.700640914943398,1.1486945635372536,1.2903648810492618,1.1613950073938193,1.2009173921443312,1.2913291022860107,1.7531032411260967,2.706511021346538,0.5841345612055284,2.8279912061878885,0.20574318220308627,1.753103241126097,0.2795564977341807,3.039129736327775,0.23433726900919388,2.2956515188490205,0.14982901532152382,0.2795564977341821,1.8676468675639535,1.9056189615899148,1.493892777573596,1.6524444774670604,1.51812825727999,2.229701209959327,1.5659894390097686,1.4104313190981723,0.9379583790881751,0.5749813766519222,0.9848720249139936,0.7676235076675656,1.2165986994513875,1.878909223375816,1.3885275352804187,2.080973951019496,2.468577668118781,3.1614152598424363,2.7915342403749,2.3821138860196927,2.426174843823243,2.254113707276529,3.0034478820222312,1.6735683682133826,1.6667770243500044,0.6675653141907406,0.23184444364165818,0.08409291655722317,1.5826971052630008,1.9813841247770292,2.546294984635785,2.470541777878833,2.032134778240518,-0.5269900620744303,2.40412828929757,2.4354905848386497,0.7776051366276044,1.2602196627333322,1.2202071532829466,-1.1030571687001274,-0.24074659312803037,-0.7142772418347949,-1.0516525879673253,-1.116814944807217,1.3094461600778156,1.9184513460651136,0.0494069870800584,0.6034783273135707,0.6708975992242926,0.23276218668549514,0.6737010353799145,-2.196868290965042,-1.1996956334118154,-0.914366998756585,-1.8699958926563247,-1.726035878710675,1.071278726253362,-3.0873334762507705,0.3999635211991092,-2.1059504246055436,-0.303672906228067,0.31909026086854986,0.7635574123058994,-1.0361187907708576,-2.2171059675917335,1.8676186702627875,-0.3585177784550288,-0.7689645907507812,-4.042574329258446
3189,2.4361553248931473,2.4908794043390783,2.4847759815384127,2.4981189536078983,-0.961786628397707,-0.5279660031878695,-0.6334367238444052,-0.8754126736481523,0.8717054102242525,1.2686292976858333,1.3032284393303954,1.3505794049549764,1.37718801511142,1.4617402773643093,2.3343712335419404,1.3697157448342343,0.9699156977197622,2.4101641116821004,0.47289509090263904,2.3343712335419395,0.9279355280122038,2.470420497222973,0.5186086860948889,2.3376283169462178,0.22990735434551984,0.9279355280122046,1.6281583317644248,0.6116973424229989,1.4900567584595907,0.7533141361662872,-0.18872583399518733,2.090628480198347,1.8102250006568095,1.615695425389144,1.1845462631562471,0.8037028056806899,1.1003638509443683,0.8983873268917016,1.3196353824345406,1.967469505036164,-0.5268955373603766,0.1616399827482328,0.42856780688486834,1.0213398229926403,0.9219213178624756,0.7120606614356945,0.6798511325146235,0.7053369432337724,1.2242678406214182,0.6873180281917788,1.7597838344325667,0.7904237399204448,0.5493763358565391,0.4637410535860567,1.7270131961172968,2.1550852220426835,0.19020424683052436,2.36274320652958,2.1338789569860355,-0.44759804621946614,2.423628745146059,2.467351958679963,1.0067251444931598,1.3638507166947276,1.203463639111185,-0.6237409940072042,1.378331371999968,-0.19384445412890816,-0.6771371391178296,-0.861588866210319,1.8590849230163613,2.061882047269151,-1.59183225577774,1.2093142602396292,0.6586575840407426,0.3525807887195423,0.7553413513554222,-2.2605100354580805,-0.2749258431201808,1.041236416819452,-0.9646986210998888,-0.8959176997068513,0.5229694671565757,-3.429116113484654,0.6389003043731445,-2.2461169043964166,-0.6271948845028912,0.12931968905982485,0.796787455353163,-1.1591744036138374,-2.184001050506426,1.8415892784800716,-0.28957355754006103,-0.801411712661682,-3.836123830752177
3190,2.515938568439683,2.491420441543819,2.517498299761039,2.4349218940952855,-1.1192286387609311,-0.8904233946144791,-1.0251326860153982,-1.0560639378596517,0.28784265054153996,1.4363619230680134,1.225825671556024,1.2329713041553052,1.2394103409685642,1.3646798729209202,2.1009283464930597,-0.515120126755272,1.151446085001336,1.1469433167558176,0.7143480339598482,2.100928346493061,1.2269472576205176,1.1044908481871902,0.7100022619413839,1.5719878226762216,0.3349507849840413,1.2269472576205183,0.4114841133429942,0.17356381753594885,0.7312916811788539,-0.4206338223015727,-0.585040062951106,1.0348139907760219,1.4783756288148486,1.3419089553367127,1.0160038850618054,0.6958795038770261,0.9956311283929075,0.764667989130149,1.2314722743332127,1.8958320787634861,-0.5201409291507401,-0.1620370728849539,0.11869412981912275,0.7581258587565605,0.7316687434637474,0.5787432895384013,0.5138665202630445,0.5606499097219383,1.06121963255379,-0.27962145196884997,1.9611213691072595,0.8200835653949917,0.5870264520753765,0.53703337960101,1.3631534138622239,2.189021532173261,-1.113543520861637,2.2873271772096695,2.1941304657613685,-0.3622904426284177,2.4098835222310924,2.4575654700869416,0.8459858508851229,1.2617529158526724,1.189706736862409,-0.6556416144061742,1.8585432729853126,0.0712939709331719,-0.19285100494644458,-0.2906217119318116,2.1937188509766963,2.290569833519197,-2.1037943906946883,1.2919454524441414,0.2925732525559571,0.16246275923263914,0.3398378054113011,-2.3244928069290993,-0.37706477456377935,0.6040915064439453,-0.3779620470293566,-0.3088593251750467,0.5355008251841191,-3.460257265938983,0.7781857251885897,-2.237320962639689,-0.876384191396102,0.011639256553761466,0.8209701327345944,-1.2800850769451595,-2.157685907251883,1.8188426820776786,-0.23363358853340327,-0.819539789889998,-3.6667897700987453
3191,2.3885313421667984,2.3309365448135253,2.360615010173102,2.345086198061443,-1.266475991314261,-1.1402505145388886,-1.1905911382268255,-1.2284166020588434,0.42146707812335976,1.4279300819904188,1.365544459468731,0.978617035429189,0.9329896001529495,1.1623608891539565,1.4573948058296802,-1.5018874519098009,1.1686866655637957,0.12715347159378115,0.8814087582706119,1.457394805829679,1.2316820314845942,-0.012998302141677675,0.8061959278860571,0.7959262729047458,0.4398242809303136,1.2316820314845938,-0.9993330549467901,-1.0264662290137139,-0.7475036866188526,-0.13373366479313578,-0.641322941818545,0.046964501125596254,1.016583297767398,1.0002772314522803,0.7695710790568681,0.5287251500044379,0.8466853144503806,0.5843305967303641,1.1055797981442188,1.7922854412671565,-0.7803644690962772,-0.43117497842237484,-0.19029544030647225,0.41102143148539266,0.5069247656674646,0.35752715068896546,0.2719371961514826,0.3563669929135623,0.8260187624692212,-0.4839627413999419,1.3858547930050227,0.9372932118446626,0.5606965066621211,0.4692883947039675,1.2255086562481619,2.0785482808654288,-0.49177614449459717,2.243615457987403,2.2293511359020965,-0.35695984499292,2.374279203870154,2.418443975439067,0.6569628196268537,1.1493320234928852,1.1825789136338836,-0.7867668497881506,2.2972255557828274,0.15837102628156816,-0.059295540168715154,-0.11145254878777056,1.6934216713858405,2.377329196762933,-2.585375831560435,1.5395868693669774,0.20152430073313063,0.07999512429603849,0.2103817240808439,-2.3602086118106493,-0.821523857801116,-0.9895718396562286,-0.5296397172108408,-0.44628708465650363,0.6518717497513268,-3.4034536901884214,0.8745170630936218,-2.238507393914897,-1.0318357423814628,-0.10044770784847502,0.8353153591557233,-1.4411633894619296,-2.061943267807948,1.7976004422366965,-0.17072083442042446,-0.8359579064666501,-3.486597900917645
3192,2.3544822759926047,2.2989045550868394,2.258289224432541,2.212152364584231,-1.1575605611966509,-1.2866775094789558,-1.1565748696154015,-1.1436950650733122,0.1466813400531397,1.3485997843651287,1.5068927573404594,0.5255787266361209,0.3932768624583263,0.8005823708452647,0.5568476369084402,-2.1171272282982443,1.0290774984408495,-0.8602588520974709,0.9441391434704532,0.5568476369084394,0.9602082651770313,-1.0477687010115198,0.7938382765851296,-0.09416942626630016,0.5213407042498599,0.9602082651770307,-0.6468866061748124,-0.11333204660321539,-0.11104560032021105,-0.9916201485220294,0.2545767293723624,-0.8061636661094101,0.39215907592870886,0.5028710904715278,0.4169543203164883,0.2531074575836064,0.6248299066962562,0.3135056047817149,0.9183100825458594,1.6383276816813475,0.023845568698594548,0.10470263177586886,0.29039985437715754,1.0265751252665276,1.198511020732076,1.012830079566591,0.9152069458128225,0.9690119565641945,1.5319510883300205,-0.8310468897713185,0.31120602335222086,0.7936534459725212,0.5078632560949119,0.05674430118698078,1.0135594588452042,2.1370921683264457,-0.5246787595039981,2.2265249359251174,2.23480914218564,-0.39274542556734177,2.3534021419144358,2.3948108403644297,0.24599812968242515,0.9235890599914158,1.1801086722781062,-0.8852762644130151,1.5644203541673647,0.3693254085669626,-0.0685375297643565,-0.1826462261865355,1.3793415491061292,2.276879196916133,-1.8217584225092665,0.7808027440756711,0.3852719345793887,0.1651297853733581,0.4117292926883256,-2.2806481188839114,-0.7250506271404571,-0.026658793732161894,-0.2653847725292489,-0.16713643871074083,0.7669479540809417,-3.3468055307402818,0.9198709978804424,-2.134078833770853,-1.1434410545549352,-0.2190678021275188,0.849107793987673,-1.6110609982414148,-1.9769413208926623,1.7774638634602618,-0.11972697101369865,-0.8738534742804411,-3.390790212947371
3193,2.1966693069433707,2.188417405152066,2.194215938444826,2.18026238945932,-1.3383542877036116,-1.180359755818346,-1.2844967746466902,-1.2781094237831268,-0.006967837869354216,1.49182087406763,1.3967293988987648,0.5069829339381648,0.37259289036348137,0.783192395022912,-0.0023839550678774707,-1.3228254648690454,0.9043306541770844,-0.7804527640434101,0.942495241390139,-0.0023839550678780275,0.6951816718818146,-1.020141134642763,0.7640060235480857,-0.24050370482631142,0.5803140600175225,0.6951816718818152,-0.3975864698338476,-0.7327893663236023,-1.0392213654315192,0.03415002353853055,-0.323049855779156,-0.7554179022451714,0.15649816808110628,0.34175567340758634,0.3595339116526662,0.2110334496164152,0.567789717455057,0.2318281643974078,0.8701211526471957,1.6006621518179294,-0.5184339166722668,-0.6383636697320341,-0.5714899687288982,0.04468285863182016,0.2662018129902263,0.14629629206990538,0.026856746352113693,0.16982424982507466,0.6109960884487267,-0.14712467450938804,-0.44843129265851106,0.8641476105144068,0.2871397808341496,-0.03675832452732519,0.9384871388690506,2.315044444097771,-0.8345815815687418,2.2157071610382686,2.23438732967565,-0.4461349701005995,2.319740134061788,2.3580390097794184,0.2311555493334571,0.9107786960765136,1.1730653987321364,-0.8968915864033699,0.10328063119017994,0.1651730844255539,-0.13930137378087698,-0.7128930832863268,0.9924384135626987,2.3226897531916824,-0.27200972269087537,-0.0968337681666851,0.30382112714655063,0.8002218859897877,0.8228275193847576,-2.461573302956557,-0.7902267322040379,-0.38639172272336897,-0.1122981770613703,-0.015054397891565985,0.7552630000437123,-3.2170518252040194,0.924602684408237,-1.9789472524918115,-1.226828396669151,-0.3016003902679816,0.8650452659495456,-1.7321466569348796,-1.8829824380935865,1.7586000660035261,-0.0897753020802864,-0.9482254709095366,-3.3260322576159536
3194,2.180401355050169,2.1408627076786204,2.164163901799335,2.135654677273086,-1.2288225489843163,-1.361522594878749,-1.2747355457191831,-1.225447518103582,-0.17411883129228822,1.5275988649440855,1.2355945073412755,0.4232595560357002,0.270890764554853,0.7155036295540173,-0.39131410821724844,-0.9153810928803572,0.7756152739894625,-0.8116357160348125,0.8967036031164781,-0.39131410821724755,0.4242064527150504,-1.0432803665142572,0.7114155151581613,-0.4309079630376458,0.6163149857708982,0.42420645271505053,-0.1434929727376295,-0.28457469754801645,-0.034993312266870476,-0.2168011616226011,-0.5630834598542862,-0.6221170969023727,-0.09579306955834893,0.1238453550285701,0.2564881853019333,0.1385655084336391,0.4896701162602886,0.1463711028292859,0.8032374073605113,1.548297206962413,-1.0059150698150725,-1.1279175853626828,-1.0771236287621655,-0.5645378314717849,-0.30395593540669663,-0.4023291076359516,-0.4331229787001176,-0.33904913987727875,0.03205178199812219,-0.2459967972409056,-0.8361484219334169,0.6370779766334982,0.13927969891909947,0.025440706867588977,0.8479312934690143,2.2293905881274645,-0.43947871735224336,2.193365771448631,2.22987561981854,-0.49686165212855327,2.3274565495625703,2.360634031731354,0.028823569291603866,0.8111911964177748,1.1884179741097158,-1.024346862293725,-0.608664475467653,0.25355333996479273,-0.424367711699556,-0.934603217180786,0.8015874157906095,2.5298636346143746,0.4603048544896622,-0.7273720917377263,0.7219167282772823,0.7572504215356918,1.1004858173833156,-2.7146640788890064,-0.9083580615134397,-0.2929310702817233,0.03929675038359924,0.15548810004424138,0.9002317161051879,-3.1216681170907163,0.972484889824166,-1.8076980788543402,-1.2544523140863744,-0.3719112779500731,0.8721385700193552,-1.8051291913991772,-1.7991859499578509,1.7398694916630826,-0.06514129714987556,-0.9662969324000481,-3.230645856768664
3195,2.113412285792118,2.069294618688436,2.127774813125517,2.0384647376874327,-1.0926835004046096,-1.2753314731943326,-1.2135015198232892,-1.1446806310681423,0.29329216832920124,1.2764169457423746,1.4289758242167876,0.0849363001209263,-0.14201300323493088,0.44907130073655854,-0.84364891087446,-1.0613842623483545,0.5838103755835622,-1.2099737007406879,0.7997951587812241,-0.8436489108744577,0.06630541062608693,-1.3751489689611254,0.6034261698193165,-0.8900073872222766,0.6220638549901218,0.066305410626086,-0.206678762802673,-0.4831656312965171,-0.4272439061191367,-0.4921718923123306,-1.0300212601789496,-0.7741089024508989,-0.5776999480720064,-0.28754243981542077,-0.004322880162096143,-0.0604367880666886,0.3221499610165059,-0.043122827640287215,0.6584784236448711,1.4337893594162654,-0.7883108486999083,-0.9996855326330609,-0.9959875536295211,-0.5697289443322239,-0.3021539952528167,-0.3925399465245661,-0.4042101195645575,-0.33563277621334553,0.0509200624305637,-0.6465147769142949,-0.9870902737546233,0.6710727892567713,0.0665079935487219,-0.02703040329598257,0.6999329728881044,2.12277531230845,0.48444119889174564,2.1712881847714764,2.213779140209487,-0.550092442441502,2.3177947052346264,2.393045156344154,-0.31324028417628375,0.5560698278408936,1.08741085445734,-1.1396130903260089,-0.4398579787204793,-0.09962247960017917,-0.6604460893826298,-0.9106181620605508,0.6299255291538334,2.4795676704652587,0.26002376569181157,-0.22668285504271424,0.7206386224694413,0.43962060041040507,0.8598766776892542,-2.651772744176895,-1.3380928197295676,-1.715601036244541,-0.4458838762065013,-0.314354284441753,1.0367875969680151,-3.134008798967886,1.0689947193827094,-1.756049008141688,-1.262680899166279,-0.4961043401797676,0.8781989895375824,-1.9427390086004466,-1.727139877680517,1.7196990458562613,-0.03607321872916577,-1.0006398968135024,-3.124104530885874
3196,2.0837441974793873,2.065977164517651,2.1036252431163716,2.0422023048408025,-1.172279842383546,-1.015157311669094,-1.0745220910701716,-2.258862781917662,0.17072685086259007,1.2151439186968738,1.1657168969696428,0.1784505226924191,-0.01008869880924109,0.5117612296892919,-0.9020121210382346,-0.13982823897571875,0.4717195334953484,-0.706834264842411,0.6965029756454043,-0.9020121210382336,-0.1483880685425556,-0.8236319213461314,0.5238646016720951,-0.6558394699743841,0.6096689991520994,-0.14838806854255615,-0.10164172029495624,0.057774659934829456,-0.14366759047381472,-0.21248887727189747,-0.7673429779444727,-0.37631987903269726,-0.6016002817579451,-0.2997059094648003,0.027909434605409622,-0.018929335560535186,0.3258710324360661,-0.03709995088458744,0.6569621184125829,1.4379334151337757,-0.3212438326202322,-0.7356763316859423,-0.7545950083799421,-0.36712325326707196,-0.06588811496286848,-0.16783953415481645,-0.15928598339023164,-0.12352240863578601,0.3027872007059938,0.09781222687193815,-0.747087511626898,0.45210791235526054,0.31509720307815775,0.0830895367410552,0.7160478139523526,2.0012389859856605,0.4140941423437596,2.1546323648975667,2.2009557162338163,-0.5881147783372634,2.350690190589912,2.609982516686624,-0.42866748951080147,0.215091167443375,0.6735257751686561,-1.1838415959148296,-0.1879184578112822,-0.10356858074303323,-0.7939757522997659,-0.9626354711310398,0.3761048295329918,2.355816835078984,-0.015174538049130671,-0.03202436189120441,0.8807258209103259,0.3488247260659614,0.9105110110226661,-2.537362460671357,-1.0879043157434656,-0.3783840877957959,-0.3283349163825081,-0.19195427126241027,1.0724588442879448,-3.110138630211584,1.0826401364987484,-1.5617844640973773,-1.2722324424405331,-0.6425681400992882,0.8775984623930526,-2.0351627305616304,-1.6495006902420801,1.6996342484655584,-0.011443991965879708,-1.026315470434011,-3.014206250581057
3197,2.137316890234843,2.0412435382140175,2.078577289443022,2.064585340580048,-1.246871340360269,-1.124174867039218,-1.2239605661907191,-1.2433610652497726,-0.162571980735243,1.3422868848572005,1.0924830699911503,0.3292813974669787,0.19944353887921215,0.6158728924654873,-0.7236444113752264,0.42302279180813707,0.43219772022021746,-0.25362433498131787,0.6140599237342887,-0.7236444113752243,-0.23111199806704444,-0.31907401181134304,0.47971275623955667,-0.36703415343425755,0.5903353143360917,-0.23111199806704408,-0.14277425939709593,-0.13095531646743477,0.49263611630039383,-0.5160562129102811,-0.7640259020792068,-0.055878265400450204,-0.4818713610838641,-0.2907777422707589,0.09291352186765284,0.06401024607078544,0.3621386231070389,0.0055666688848527235,0.68278268583032,1.4647375466056742,-0.34570030766164606,-0.9034029381431521,-0.9271701633119768,-0.6758103503945829,-0.33938310360032425,-0.45386398838533304,-0.4485634057105271,-0.3798458200542087,0.008503989193840955,0.2241033135635573,-0.30801820866394886,0.00531200930156079,0.4776527801523978,0.2817286343424931,0.6143637476417361,2.309083119825982,-0.3614908543536093,2.1429686791895755,2.191933119480845,-0.6234310846512305,2.3350365627307115,2.5651654364667014,-0.3227268662980602,0.30097190310587046,0.7166119599135193,-1.2889087348843833,-0.4358122889665982,-0.442335375100018,-0.5337007296088342,-0.8426794374697472,0.35638822254702757,2.2015657500567194,0.22853712714366894,0.14256476723237785,0.2874378752867918,0.5037681059990416,0.5849624849849924,-2.3517402513147734,-1.0876167326791275,0.06136840585397947,-0.00781151820707489,0.1433813345816865,1.1717256718496833,-3.022394995704657,1.0576242538503604,-1.2844875920236571,-1.2488977745196133,-0.7511419724861204,0.8758824379088177,-2.0891041863017623,-1.5641625134945933,1.680535753268971,-0.019790733813928416,-1.081068706488066,-2.956688711021322
3198,2.097781387206188,2.033588769580037,2.024275581069881,2.056897190466201,-1.5059617821395597,-1.2559015849822706,-1.3505181553410082,-1.5357860662157292,-0.7257409253413002,1.5212686185823405,0.8863479717352453,0.3797882817836245,0.27095205716456955,0.6491131568029597,-0.5725460939081183,0.3595862785732867,0.40375916193266054,-0.18560571767460904,0.5493167411552493,-0.5725460939081174,-0.2808104843331492,-0.19185410699533542,0.44230104496844835,-0.3136617484726005,0.5669007627553609,-0.2808104843331498,-0.39068689774246823,-0.0012764373721539828,-0.23796518882872586,-0.2518161173857782,-0.13007564270156025,0.04154870960042512,-0.39453830402677126,-0.3659979152802755,0.07989627871363547,0.07592289307390608,0.3414268552570716,-0.007700069782560914,0.6665529806902019,1.4568697300064528,0.41183470524066806,-0.2261431212360771,-0.4902945660658738,-0.3185257193478414,0.10772342034729411,-0.054743245260593175,-0.01822098928661102,-0.005743229461059616,0.4470806317023963,-0.007033183632025725,-0.24948726899775522,-0.508496001014615,0.575084286608135,0.12027396593394203,0.794152676439091,2.3300276488376093,-0.8604188799006875,2.1380244644426014,2.1815103999204695,-0.6802990528283536,2.2950364392361666,2.5223007374114155,-0.24166867451876617,0.32748758874981126,0.6901993416869339,-1.3761956211910111,-0.8959430449062582,-1.0272331433554456,-0.27033671140572935,-0.5595975031051149,0.2073958258069355,2.504136992392483,0.7015863042335216,0.4187065163214723,-0.513482819879273,0.43688246124619673,-0.05602845481897783,-2.5710844108745166,-1.050666199412087,0.4883881808831809,0.54573231080547,0.7077015948985617,1.227748903456895,-2.817382936796126,0.9581299956796446,-0.8675804812399293,-1.1530359361273876,-0.8577006797057618,0.8605545180703552,-1.9808775787247546,-1.442231823478177,1.6634482091564604,-0.05140757942918149,-1.1233920129798614,-2.9261737748703074
3199,2.138605692489927,2.1002389108075796,2.1064726963148983,2.0701441092259967,-1.490192079934178,-1.5208045161766963,-1.4136217255734076,-1.438153288140807,-0.7210912085245238,1.6669997157082008,0.8506244449017086,0.49750044042693153,0.43481895588091707,0.7301560269740442,-0.38557601003614095,0.44952945868746946,0.40521903475596466,-0.002323817664976311,0.506665004342646,-0.3855760100361408,-0.2737822410937994,0.02992418459833182,0.42405660850256643,-0.16040378528113092,0.544280916015223,-0.2737822410937995,0.745315996643197,0.5953133005327467,0.3733805528929564,-0.5285335861879066,-0.3291386908343073,0.19479787996210066,-0.1988598955585915,-0.31153679609932233,0.12607145887688193,0.12155802737426931,0.34859746342780024,0.016835225587791738,0.6784627753108876,1.4745170511139942,0.20855642112608413,-0.2078910016569629,-0.45854726248235567,-0.40585160169050194,0.006927885285413703,-0.08670570477637742,-0.07315095361548311,-0.05277208570409399,0.42129936204637786,0.13031343591782305,-0.09309099451454668,-0.6873104725307357,0.4860813210224438,0.07536224140504479,1.0217984233857769,2.6631638242921274,-0.5510919043564785,2.1465170855071976,2.16825612135776,-0.6781200271300879,2.232908838100935,2.638825155444613,-0.007380910301774681,0.13937728618944742,0.22255222484159096,-1.4759325400677166,-1.075423057535777,-1.038577332565319,-0.08683477771545159,-0.7267532504912455,0.4683854541403631,2.586334225001382,0.8756934336661657,0.28877415234426307,-0.7508746243214359,0.8885557198854616,0.11083419153378234,-2.6869310565784414,-1.4321776961100254,-0.8316539228860212,0.5250581865009127,0.7034905648138543,1.336056070273667,-2.5131040659598782,0.7548913566206268,-0.6685615650015521,-1.0335992938743146,-0.9621659446923332,0.8288262253377061,-1.8832913281707475,-1.317713936530932,1.6468460048784501,-0.11312943990863902,-1.2891873373594318,-2.942315207525705
3200,2.0858697167868283,2.0367441787675937,2.1144870963278426,2.0568137206995787,-1.592265140714388,-1.5193507438709788,-1.6324441890275123,-1.5959248914790867,-0.8405320412228104,1.6731881731607852,0.7702421399582889,0.5289704440130175,0.48071154360634016,0.7495958705007916,-0.29245210677911576,0.22228521190392506,0.3957225665973194,-0.07193163348695164,0.47495987370627823,-0.2924521067791156,-0.2754866006619415,-0.004160648432685483,0.40305879411997736,-0.1843662792318752,0.5217339739850161,-0.2754866006619408,0.1270032524990427,-0.47044400007017045,-0.3662286297526217,-0.17538349193700337,-1.31690817995202,0.07487079929898892,-0.11566466393813941,-0.2729793791068155,0.09035951499269121,0.09867888286526955,0.31262706479923,-0.006089848524093481,0.6535928240466958,1.459370735273156,-0.253566910198661,-0.4369438786546472,-0.5425022912457643,-0.7028347864439214,-0.3069075738145332,-0.35172507387535895,-0.35344666663760455,-0.3039925455318368,0.1151045233517929,-0.05839007238885118,0.16240287210313564,-0.6221924941255652,0.675772784011841,0.147296617384184,0.9484121551395969,2.378505784296259,-0.0945009603963915,2.14149930386546,2.158712132230705,-0.675745549479416,2.2039208126556953,2.657440988630479,0.0270919492170915,0.04887269490284766,0.06209224882530518,-1.5663789707006777,-1.1328461177961873,-0.828716737962264,-0.15432891432405466,-0.8114504741118834,0.886310896411678,2.9588086923953867,0.9203712647080093,0.006450246132822128,-0.48623909830782214,0.9271947436490011,0.33826547315154776,-3.0621827903433725,-1.4575672381786162,-0.5685768617752407,0.6335967710015755,0.8225109084650377,1.4148019246634176,-2.1836735056763823,0.5498313806052817,-0.4514795677050951,-0.8679138520503158,-1.0386458719867762,0.8056841116194057,-1.779141640974444,-1.1758618235526566,1.6307718012258041,-0.15757435795312197,-1.2853608415115594,-2.970254367043234
3201,2.042476290459632,2.1306816225759033,2.0935936801128,2.170962041750373,-1.5895017470383794,-1.688923239049949,-1.4832965842028834,-1.648515769925434,-0.9448309527069131,1.6586652502278323,0.8488326357703617,0.9741577118903986,1.0428028471313517,1.0749425160762516,0.22412184115963046,1.2176106741941233,0.5363371379665159,0.8725786432975704,0.5021596199173893,0.22412184115963038,-0.0426874065243656,0.905376467252531,0.4747448336530896,0.5854129546601404,0.518946277875756,-0.04268740652436614,-0.11209940938777317,0.8355579280736595,-0.2905124135160266,1.2754855682662938,0.25272512896329913,0.6886606791804029,0.4572865905465545,0.2777270780652369,0.4224425411954316,0.3976771693910183,0.5049702838218975,0.23465713050577458,0.822821255205956,1.5975108674522283,0.5648578812437214,0.29634441497029185,0.17656423015320785,-0.18442079377087753,0.2586321138257478,0.2018978307527085,0.2400565588246458,0.2266803261871052,0.751676420160581,0.9603423266730974,0.5202496219466082,-0.1875174182601915,0.7104632123876807,0.5605752680160132,1.1727151059596261,2.3782555373402197,1.1113318391668114,2.1236766314257,2.168945913123108,-0.608090028296485,2.1939295405205788,2.6358832387390305,0.4929449863676073,0.28696561047936603,0.04567375137613793,-1.6676223160237886,-0.9854087759692861,-0.8918161389068108,0.0892666696150888,-0.7359807527737325,0.860106978309331,2.728347123605237,0.7486669782539205,0.18387633687379107,-0.8389822121713624,1.1224514640345022,0.22536363729591313,-2.816013962398804,-1.5631186133476647,-0.5981807023172586,0.7264186246957609,0.9278928175340657,1.5167349242341683,-1.791105307097915,0.3374447001472293,-0.11913484687124466,-0.707914894410193,-1.1467126343092078,0.8011215491052823,-1.6592422483719738,-1.0457558964815659,1.6145245134376833,-0.18197730160211395,-1.274412444239623,-2.9802018256283214
3202,2.153318237255678,2.1469010455914983,2.175237516281173,2.2017230446081686,-1.6624606364521521,-1.6080416679207894,-1.7053528866074636,-1.6105415626743402,-1.0872802687556296,1.7226613318194641,0.7171017757772568,1.1271453743311284,1.2126680530932696,1.1946198722051622,0.5487354104294524,0.7666420702353819,0.6709904562824224,0.8310735336302567,0.5667240496687065,0.548735410429453,0.17543846026508209,0.8456769906212679,0.5591597292091701,0.6877029535399516,0.5346656662281574,0.17543846026508167,0.7837566275271834,0.19908178319350392,0.940127628472018,0.5662797994391976,-0.6518361346925298,0.7285661130589826,0.6019727556045873,0.47584504424587193,0.4855106711998184,0.4928716655519491,0.5471030238784922,0.3067285017515465,0.8762783081894592,1.6355570943919915,-0.5433571808279383,-0.3918763105975543,-0.5482283861562247,-0.8203000582636054,-0.4877451065145918,-0.48296936813469776,-0.4636463434160357,-0.3798085127943039,-0.023927310905243217,0.3148368127443441,0.5555375882522772,0.1768361817894005,0.3451498595837204,0.726277934078876,1.3067023052775495,2.3614659435345637,0.03471152644942825,2.1110014571352576,2.1825035888949795,-0.5245613852788129,2.177500741667954,2.641608211281126,0.6712202269246862,0.3147617711410689,-0.05548265261238094,-1.5153271396282317,-0.5128117706270245,-1.1962276981252122,0.1935771842276352,-0.1309507131023808,1.2103546066827238,2.676233183249648,0.276823668622068,0.8753145154289029,-1.213232080142212,0.4205240600862323,-0.5986018035733354,-2.624648582975196,-1.3894285301768559,-0.5297374784168709,0.8898576504388562,1.0704960571736735,1.3484319903389896,-1.279382669869841,-0.07982231738055338,0.28123026073789315,-0.5665628201383329,-1.2496579301672073,0.7749423534405461,-1.522850069833577,-0.9366612292195106,1.599024471725492,-0.21657908626075284,-1.2842852951008714,-2.9836858323767244
3203,2.22869074820745,2.204606810369034,2.2867562751047963,2.26000771790326,-1.9051405089516666,-1.6927704006617843,-1.7944475760384093,-1.8257240452306174,-1.1461660364551622,1.7328286732803386,0.8745264339253149,1.3367022590464923,1.4287988824403537,1.3677488744403017,0.8503910047161637,0.7144453745530813,0.8348567296424201,1.0088139524599045,0.6664083247275225,0.850391004716164,0.42596209063361573,0.9688223359413181,0.6740456570358604,0.9347668222764174,0.5716792268201502,0.42596209063361784,1.0589758414112496,0.5560463907154644,0.6913091453754033,0.40678675636404366,-1.395497483080312,0.864307603135464,0.8319032040950733,0.742867711269859,0.6196746938467834,0.6590300810823904,0.640767882917101,0.4401510950190575,0.9718679102200769,1.70831975080084,-0.31884716093099646,-0.22884356615172197,-0.39623162226113656,-0.7055197125450122,-0.4305014740670793,-0.41879233920616604,-0.3673410613148809,-0.2953889153276792,0.05463356242117774,0.5339760929014854,0.7832816836651294,0.3900529999518991,0.0373136950724209,0.9384812550997387,1.358160797245807,2.4525067916453516,0.5284981882664478,2.1136112484010368,2.1980115480047275,-0.40816135954178934,2.194905357688011,2.6792862615700903,0.8343486138096258,0.34643503642695284,-0.1407777955657445,-1.5790047549550508,-0.3549639416227943,-0.9409698031798109,-0.22395531202937108,0.19846670303433064,1.48753008910444,2.645762626204194,0.10026125538056321,0.72764829356156,-0.48887847787763555,-0.5555002075091042,-0.7898512489697894,-2.522984534518592,-1.4994708119863844,-0.8895454445227838,0.9416783549748365,1.1260356624573762,1.3812946235815573,-0.7877108774712213,-0.24065170265893374,0.6700287942256163,-0.29454902569165164,-1.3062613944055421,0.7566003615894781,-1.3699770111070004,-0.8154228876436792,1.583319602225347,-0.24988146326138982,-1.26193039518007,-2.9522437317087555
3204,2.27256336338495,2.205716082083821,2.2231417822929407,2.1430000544314,-1.5288488299552347,-1.8618841226307963,-1.7052100925992706,-1.7033622717469683,-0.6295257183589268,1.7140505167736848,0.8017092779595951,0.7536062894886569,0.6549290885423256,0.9483417968324986,0.44097367680240085,-0.9650707719131362,0.7948695748611275,-0.2615677241862006,0.719403071990295,0.44097367680240146,0.35043592442364924,-0.2926407114020468,0.6794660181245221,0.031298361291022696,0.6025235683418375,0.35043592442365173,-0.46494232508037847,0.0835711365660064,0.43212105925175703,-1.061504174624784,-0.5183162000715399,-0.02782123336236861,0.31136407432670127,0.28990801872499933,0.22243421869555027,0.36687755462315613,0.40969560941708755,0.20683387283927945,0.7974465571520488,1.5678437418002908,-0.6414213891797066,-0.5995112823773495,-0.6154177241706361,-0.9649876605899473,-0.75751695267815,-0.7170315693421017,-0.6718760297907568,-0.5689239814796543,-0.27376560580472853,-0.8373552945359499,0.37207005004460186,0.20778530978556894,-0.3580663093201548,0.632187984338272,1.2796089623130087,2.3293750692468036,-0.8213019361469314,2.142060500802967,2.183288052477504,-0.33592389592334637,2.182608580963877,2.665227649339933,0.4226656675705129,0.09425651091638453,-0.18794565369994146,-1.5842126802146181,0.007185959545305088,-0.5908120349376405,-0.6460566582561446,0.5706524543231717,1.6229301623885763,2.7317271329040587,-0.2843726612400554,0.6357616643623821,0.3197256087884487,-1.6100172362301264,-0.9643816757592591,-2.529048593991077,-1.8471049720769621,-2.2856156415271753,0.4246162841554736,0.6106982643526683,1.4332342557508104,-0.25080741810164997,-0.3663486739134663,1.3620736886855243,-0.0533200418333271,-1.3856566435950426,0.7460919320751352,-1.3294272798170916,-0.728134829355204,1.5683320956984923,-0.29744224756056487,-1.2723865323614125,-2.927665974140878
3205,2.1862337030712826,2.1531932252908166,2.1689966456299206,2.2057591597212416,-1.4765881333027082,-1.4363696925496103,-1.5550307775820558,-1.4811111763385736,-0.7110621822985927,1.7735271189270054,0.6881499325106428,0.9960840743748961,0.9428021427940899,1.1380769909439492,0.4511155624323878,0.0241795021620754,0.8502090136984761,0.3273566517786166,0.7739710887473766,0.4511155624323896,0.41058397093578236,0.23197046287328785,0.7332812939638392,0.4258539039381368,0.638695778086457,0.41058397093578436,-0.40430727678619266,-0.3643921592352569,-0.6158149937500491,0.27479875205938037,-0.48636666188889244,0.19045226698244153,0.5162349121777089,0.5345661016823644,0.3648510713851723,0.5325106642604677,0.5077359289132638,0.3476651316316532,0.898599183317952,1.6457905791551701,-0.2507836050980576,-0.3193261877769424,-0.2911044683603495,-0.7038000045162015,-0.56091097143319,-0.5262126937034604,-0.4546302785429987,-0.3827139755117949,-0.06156206694010647,0.5531375702207664,0.6283372562689407,0.5942503785555555,-0.14658344176612123,0.9429919388464799,1.4327816738069192,2.5380691968837303,0.31318749643913085,2.1819979141971118,2.168409372905471,-0.29711187285231994,2.155458732995646,2.6184370572984332,0.7650579956051874,0.275441552021511,-0.1977978990427679,-1.5511819421304731,-0.4188823478826859,-0.7910523049774392,-0.9514538333300515,0.19570178640972988,1.5377938177341615,2.620511086707036,0.17460418952522933,0.5193464356834748,0.5370259687770664,-1.470166794358781,-0.6936141469464326,-2.5087543798528427,-1.4597712377227612,-0.5935501719505719,0.5104076486935768,0.6938787736305813,1.4054361174166838,0.12266546121695542,-0.7345137731885132,1.3992892484108523,0.1591084431042447,-1.403998613890879,0.732132056559348,-1.2787052145128812,-0.6530514990676803,1.553369372950553,-0.35816595920621547,-1.2795886858859304,-2.9059582897217724
3206,2.249074984907025,2.20381279979595,2.261834270255065,2.239582231785418,-1.7858587158246058,-1.5093263633898895,-1.5896402174479232,-1.9801094492696756,-1.174688481345775,1.9372291103799302,0.41148336470542884,1.1486190170750477,1.1150659847094284,1.2611691817548596,0.5376270763305757,0.2057517295517488,0.9317533239911978,0.4945186295277892,0.838663269772859,0.5376270763305774,0.5030847854773366,0.3591861650132279,0.8048039406901775,0.5720360025071631,0.6829271142990687,0.5030847854773346,0.8927999387940773,0.5011139693894207,0.5858249879450257,0.028709642248804842,-1.0833385406280904,0.33777455072555174,0.5920204676299522,0.6470774876368662,0.4337033912798182,0.6214992762295688,0.5592507455721434,0.43742598527259163,0.955609308426006,1.688987049273161,0.2741423353082994,-0.05129742202466841,-0.061262704123892196,-0.5029295323690209,-0.3962738877348289,-0.36042659891168866,-0.25138675449364545,-0.21258272338870426,0.1259242868490379,0.35403925080694765,0.37285057780023617,0.6737554901624674,0.07471377303002025,0.8330196841570978,1.3224985444674748,2.3014710176487725,-0.42283785654122436,2.209728335100978,2.1631911406410245,-0.22060171362396389,2.1574058041911446,2.607141868820857,0.8982093102278386,0.3437350216453535,-0.21002057018721282,-1.549297327216706,-0.2251522060388273,-0.22132543585003348,-0.9719543337355743,0.5920220385937944,1.753558459652766,2.8098517078427934,-0.030229987608291486,0.06155924429916505,1.031305805304776,-2.0462636573454325,-0.7578768228008606,-2.6127769911667227,-1.2427417632941535,0.2393882465330925,0.9744853786631446,1.1567611240531501,1.3633894379253249,0.31708880679004625,-0.8522652256073179,1.391024028713655,0.5306102372295646,-1.3873369007228362,0.6894264333225016,-1.1393415254785724,-0.5658752756245258,1.5398747715035241,-0.4246515034351636,-1.2593704897186953,-2.8429121213787147
3207,2.255088214637295,2.1667728983868066,2.1060309767270775,2.035504267083327,-1.7851730631266518,-1.761752952073518,-1.8100561489329823,-1.7490551922945943,-1.1807623062465809,1.8868593473322055,0.4695415720510553,0.14719326036555846,-0.08882749711339458,0.48679040391806566,-0.2721989329010376,-1.9075351989276537,0.7209226088253717,-1.3113514804563082,0.8092794949221874,-0.27219893290103814,0.1470742661518196,-1.376013504678155,0.7041974229347769,-0.8351075088153481,0.6970915722599091,0.1470742661518191,-1.2773590067078473,-0.23503665109355226,0.1416680966724786,-1.9647055695142857,0.6132971940211006,-0.8472101031209333,-0.3109764156619896,-0.19420541293937166,-0.2075611616457883,0.07962133806453146,0.15415033183636256,0.025452112116198064,0.6366383667467158,1.4388080914873604,1.4009654792261161,0.9911496303364152,0.984148920044752,0.4275683393031153,0.447368191625634,0.47042258117062896,0.7035145729690396,0.5901995958848538,1.0786468717462063,-1.5599311613751823,-0.4047622358606643,0.10934030358762453,-0.10267194380220371,0.08490313530470568,1.252748339480806,2.192222709481223,-1.4615100876847624,2.289764146876426,2.0984204913050686,-0.2719016882337376,2.157684166703721,2.615592509180807,0.08677458943789816,-0.14661660957455003,-0.27969828622079174,-1.602843045918381,-0.49137766076468287,-0.006782487716725206,-0.7575255274749849,0.5009352831961466,1.6362612462866932,2.6056992551946516,0.2455520017506917,-0.3745202406197424,0.9401838803832668,-1.6431410100698836,-0.5300067651548913,-2.439214893497218,-1.550523409802802,-0.9640792171254746,0.9737629250445486,1.1628261389898114,1.4165090538990543,0.4392551475816784,-0.8463230308399143,1.37902460956604,0.8919127942364803,-1.5666194163812757,0.7097084787418406,-1.0289158818324105,-0.48008203965916074,1.5267096834981613,-0.4879296011865501,-1.2627223877575111,-2.805064361801748
3208,2.0835528891449133,2.022946062545529,2.0694294868848133,2.0139525209273597,-1.9037914568494274,-1.7708909297438058,-1.8463639346662242,-1.8271874689502356,-1.3788048686567278,1.886534922421139,0.5963599505400815,0.15587753685390893,-0.07504182632325714,0.48981007572990376,-0.6550840081714235,-0.907611723295572,0.5621179440661394,-0.9908082170588898,0.7347527149939395,-0.655084008171424,-0.12031788153136865,-1.0437020243687114,0.6096181453123429,-0.7829015008753766,0.6883979759528689,-0.12031788153136548,-0.2524616291998356,-1.1457438512517195,-1.3383742601278934,-0.5923186308538706,-0.9264738005421487,-0.6676478084812232,-0.3848569589859108,-0.2685725529103883,-0.22033263600534442,0.03608895689526937,0.09957326923904805,0.003845491833744461,0.6039109101134252,1.4114082788432027,0.04463402882267491,0.006046838930314685,0.0049154963781832435,-0.21597617816592235,-0.3455253306956614,-0.26977496991443384,-0.10713552151099247,-0.12449088224244428,0.2450509631335587,-0.10785852788987671,-0.6650645169913902,0.07906848561501537,-0.09020941943929064,-0.32206853949238645,1.192162253275784,1.7977525342166403,-0.12972314097622534,2.3532095799559896,2.038371605714911,-0.32987446086351596,2.1392333704213957,2.5709608811210876,0.0688572997795119,-0.14426050797126325,-0.2629939786860778,-1.227062356295709,-0.8804679041127239,-0.7568550517392363,-0.8758736525372135,-0.45122334449047113,1.5158088741526952,2.4504356603371593,0.7288264068064888,0.12552760344307926,0.47275398414039693,-0.46068384664100404,0.007353225094639173,-2.492240304188144,-1.066895272908451,-0.4838293608447556,1.2207387503563347,1.3607770207738843,1.0130693099782817,0.4938105467591728,-1.0096073908359504,1.3685799244430024,1.1216164783852105,-1.6770361689078792,0.7227670873505786,-0.8815798935493248,-0.4231857906232187,1.5146367157046234,-0.517122133630125,-1.2214043238139651,-2.7526343919011667
3209,1.9983340377372425,2.021322962216203,2.005547759074892,1.937792004166126,-1.7052966688277003,-1.9237275581101334,-1.6865222822897508,-1.7582953033574216,-1.2898683896231786,1.881647934668265,0.6431754379290909,-0.1172039929876575,-0.3864295116007753,0.26721882426911664,-1.019087237634281,-0.8573457644565252,0.36684699192142073,-1.21456003664925,0.6174067959242386,-1.0190872376342812,-0.42725036819588363,-1.1969694510254287,0.47729872855008443,-1.0890174033182802,0.6533047757615175,-0.4272503681958825,-0.5008229932679611,0.05395358005424792,-0.6514087640381137,-0.5258401974269815,-0.006649035404517213,-0.9275585000594279,-0.6749302973052029,-0.543781942239489,-0.3901826966652413,-0.1482398507416355,-0.045816588984481904,-0.13537565447207692,0.4837316010942421,1.3163550101238306,-0.3887870933166135,-0.22706914544693166,-0.26620552933856706,-0.38020603349684273,-0.558143600181481,-0.3978511318293189,-0.3222856154390137,-0.32419792991550006,0.01752862746109194,-0.5793532405633852,-0.5512090044784045,-0.1356159511908282,-0.16891293711992006,-0.5990866619385348,0.46968447443228356,1.7778497403871654,-0.6237642004962248,2.36246725108415,2.0038289189660707,-0.419188117315736,2.12614988774577,2.5285786864409476,-0.19147800758147757,-0.2649063003208472,-0.2290860436211425,-1.3580594491592013,-0.7620809920174437,-0.9526884921670574,-0.8930292436294532,-1.000049150553074,1.4081226337686752,2.0265237286571223,0.5842863012389305,0.4288130792899232,0.3327792457124788,0.28684040592398174,0.4647846130392402,-2.1909528738172463,-1.3758670759159515,-1.199282919659466,1.1195856315274921,1.2742723222392556,1.1679780161244235,0.379353440351041,-0.9714750601264526,1.35360834417284,1.4975100290099879,-1.743462309530549,0.7148563598237299,-0.7528158612348657,-0.36316193321154244,1.5021374562111027,-0.5405525922179093,-1.174114648059194,-2.713187338755185
3210,1.952936525994606,1.985340230590582,2.007221300226229,2.019382599041502,-1.7390079829714276,-1.8362764472913315,-1.8943062395755417,-1.7028140874276405,-1.4183190172299824,1.9012663301100436,0.5651271392141672,0.2568512270061446,0.10887769781555404,0.5356164620383559,-0.7090289646769254,0.7373379644541765,0.3576251237860001,-0.05842893376396321,0.5357717575636041,-0.7090289646769257,-0.43429975333042486,-0.025631732059150116,0.44068720796391,-0.30323970466969224,0.6173524812847178,-0.43429975333042337,0.08474108907188593,-0.24862362776685346,-0.3275680513562666,0.7236309888914852,-0.5692362070327319,-0.09255644256475552,-0.28852438935451635,-0.1893996299004577,-0.06570331535593152,0.07949381691800962,0.11003308455471925,0.06072135899242527,0.6146202558673387,1.4164931692984937,-0.23674094353057398,-0.051656718136620046,-0.060382469448664246,-0.18523042344600674,-0.45182308594143483,-0.2455672202710145,-0.1743632494523342,-0.20589461417236773,0.16147511664009012,0.7529246641297812,-0.4822866812545318,0.10722251730938448,0.19468589986660664,-0.38075902334795175,0.6015362069673599,1.8753522033594616,0.6972794915490026,2.3333794441198425,1.9954197980262818,-0.5024703601131418,2.1275200783915476,2.4887837958417753,0.12490297642967496,-0.03512026037175564,-0.14696945171515508,-1.4301016840547496,-0.8381643299459102,-1.1627800773917036,-0.9546280955551233,-1.0141733841858893,0.424705819472397,1.9114299850355287,0.6575013073915387,0.5930088050814939,0.24153533044258443,0.23178627056134246,0.3543249537019123,-2.077394968078025,-1.2997767010436172,-0.5828932705037796,1.2420406904959722,1.403412542303404,1.2325348000241805,0.4655577971367711,-0.9852713761141813,1.3241445750223968,1.6290435443903044,-1.8359030465224218,0.7147345273640818,-0.641739873998976,-0.3385212362866997,1.4897896155109298,-0.5669457636257192,-1.1367137382131798,-2.687442896582004
3211,1.9968802887652353,1.928114849150348,1.9478252891667687,1.924154205129376,-1.6035012633230448,-1.7291439865259677,-1.7039224205180576,-1.6755186446593662,-1.2000537842482033,1.8408120978663605,0.6218877151499262,-0.1080408163148697,-0.31266678955415406,0.23800558673622843,-0.8399392856418374,-0.302496722822489,0.23517897958275727,-0.7623752386644028,0.43883978501080995,-0.8399392856418358,-0.5981748800948493,-0.6354180936811759,0.3405591213258921,-0.8242261187948795,0.567159379684822,-0.5981748800948484,-0.4718245199616198,-0.43782555830463826,0.44479501916673614,-0.6469028691344963,-0.5348666453357945,-0.32926274992114823,-0.6177531645562174,-0.5405172890386232,-0.3144978393043324,-0.1690169937782518,-0.0735999338630256,-0.1171264832284559,0.46212105783551066,1.296914599117535,-1.5139811097481233,-1.1493828490827513,-1.168301242075332,-1.1334570427754143,-1.3190437799345214,-1.1299030393374012,-1.121781399837378,-1.0328499799587145,-0.8300657581915682,-0.7386136769136048,-0.9171871959500201,-0.40891191692043743,-0.018486340681801078,-0.425154452406185,0.5409278830930097,1.6386315610277844,-0.5173252461030918,2.301293620211897,1.9748101193462513,-0.6140104609797356,2.1385568670123356,2.4511374733807094,-0.30171709491573534,-0.19542898624352725,-0.030732460657972832,-1.3977137263305563,-0.9111954131932852,-0.9835308617790486,-0.6005971318055138,-1.145289151012354,0.36612865432340785,1.9874884712268057,0.7424770351523539,0.34833517294392674,-0.06062156990685399,0.8615254642907864,0.6061269272921098,-2.1739711044504038,-1.4996079134252285,-1.5382141202305537,1.0299423415930251,1.1852750098085507,1.2140258675802758,0.6087627673102685,-1.0330424498880395,1.3038096669222101,1.5346851140585922,-2.04308531981831,0.7163233669883922,-0.574056860744564,-0.32877204869447657,1.4780978985290831,-0.5801863616339268,-1.1110544941261866,-2.6372520825106145
3212,1.8980997365945462,1.8164250594166094,1.7687242204931262,1.7345002280296962,-1.3455756996088424,-1.6504200065986554,-1.412382329629243,-1.6177233060665255,-0.9607346211977704,1.7113626558976842,0.7451600328755907,-0.828646369737037,-1.0767594563520804,-0.3903190567913333,-1.5151561826713489,-1.5800121350647274,-0.0847719368110038,-1.9797661442831598,0.26338156577798094,-1.5151561826713473,-1.0438671648294215,-1.7228364644497776,0.11433245258578469,-1.8527392212255953,0.47866661692382123,-1.0438671648294222,-1.5870333160693868,-0.9339745549619939,-0.792217307139883,-1.5795928872212295,0.5230549038160043,-1.286227053734501,-1.2976157713283893,-1.243004592279417,-0.872284722143799,-0.667046963434351,-0.43673068153875527,-0.4972336268334454,0.15348974322761547,1.0575340178307717,-0.5704770728105888,-0.6697099507364493,-0.7109539467117729,-0.7020070997125417,-1.0042680799977193,-0.8184058642285141,-0.7829770704858906,-0.7597308146579366,-0.5014830975178951,-1.570494467416665,-0.910166391388865,-0.9667735192774463,-0.47065520767192975,-0.5667607779930649,0.18902844274277592,1.4494057389576058,-1.065920884340813,2.2594267009264284,1.9511800053564,-0.6551401942411123,2.0908466460680293,2.41559201138487,-0.8997853048393176,-0.5726078111581364,-0.1001698113819802,-1.4264756504229799,-0.40474938868757515,-1.1265248516351603,-0.7647925983880253,-1.1593386800394434,0.2782836768209179,1.7689398829546563,0.20044298634699242,0.8972474353789166,0.026209613919882444,0.6785554478838864,0.5339560984500887,-1.9595073250278552,-1.5332893717354112,-1.4366804684125636,0.7881512686878851,0.9478045416547607,1.2756473156042143,0.5339485241193255,-1.0033283459477944,1.2539793332365226,1.4407277805208314,-2.325411853479863,0.7346906120835054,-0.5356127099219767,-0.31645242340065305,1.4672587523361207,-0.5888792059751111,-1.1278469835446774,-2.627027308912643
3213,1.7815369678587112,1.7457413378276867,1.820197216529073,1.78766970393909,-1.6363978373960635,-1.3074339267019275,-1.4286852803613996,-1.5350857499026245,-1.158238124138865,1.803622903924375,0.713543242873595,-0.541715699334409,-0.7022452871543292,-0.18651840328468788,-1.365817925425769,0.3464687558908745,-0.20444829326487862,-0.7397673754701704,0.10485812908384642,-1.3658179254257679,-1.1608621286847944,-0.4498049864669298,-0.01593504938164159,-1.0650360249802122,0.3799300994472798,-1.1608621286847929,0.5329603733813897,-0.6019839018105114,-0.9765843420786637,0.10603403858488386,-1.3692360114688338,-0.5869486903106023,-0.8510710403590185,-0.8979798508655855,-0.6432410380967448,-0.519834614584242,-0.32795719747468893,-0.35793909407591074,0.23760434035395941,1.120457511665891,-1.3119469542390063,-1.3805514897852837,-1.3567606485184864,-1.2993679148983825,-1.5058925463985755,-1.3527333945400581,-1.3584799370670742,-1.254202466417723,-1.1021120439033645,0.5021360074744439,-0.6691756574604655,-0.9810551682370376,-0.3464732894994299,-0.4296281694909433,0.1400740370046738,1.547769251483541,0.08579632143247423,2.228995090315962,1.9295864823751274,-0.6931864938838115,2.1242214583560535,2.3813221422524267,-0.8244952841460184,-0.4088357512938907,0.0894437411626345,-1.057680447581997,-0.284973753329649,-0.4214343251652207,-0.9429368247009497,-1.0676509467557955,-0.19963350653808548,1.5350209813151925,0.13341493813356087,0.23397988593633595,0.8520606881447937,0.32731833251848175,0.8790040407907458,-1.709375170954744,-0.8908545978918048,-0.3883474201602196,1.0257931972274028,1.1421854087852716,0.8522413537195345,0.47521453623861887,-1.0212793578928563,1.2726459957019827,1.2765002064775628,-2.408180153024259,0.7496981543086907,-0.46805238942604666,-0.3190446353800286,1.4569205851035334,-0.600410308715537,-1.1990099821076876,-2.6681719372023935
3214,1.7535810238589031,1.6996114982646982,1.7080901229516163,1.6714121863863065,-0.89018536538003,-1.4772669539755219,-1.0891933347740503,-1.3024917141398569,-0.8771260900648944,1.791357416991542,0.9452748774076474,-0.9130401945537662,-1.0870460944557976,-0.5247483852626795,-1.5522828773187165,-0.45065302304043825,-0.4213736687287369,-1.3368990102331422,-0.07607957097441355,-1.5522828773187145,-1.4006925696411898,-0.9316703261093227,-0.2056125474058458,-1.5439328234793392,0.2603085716148716,-1.4006925696411905,-1.0087823915936485,-0.3905590830493629,-0.21383717498362176,-0.7971132637941233,-0.35750312674094037,-1.0686218850979161,-1.1948066148802365,-1.2266609687250483,-0.9657157266717026,-0.8184196064476006,-0.5463354852267114,-0.5846670145695566,0.04294957176181328,0.9703781060271214,-0.30402956271398707,-0.8276143591334447,-0.8097757208417846,-0.8608191303418579,-1.1411988855175301,-1.0039177657805065,-0.9648477965850675,-0.9410217368806972,-0.7374520903303263,-0.9788600288329943,-0.8288137221488753,-1.0135401362266434,-0.6225586502666199,-0.5794552073793312,-0.05841111631731116,1.4493460780525897,-1.0094182211119809,2.1978254053867805,1.9092319723212856,-0.6666207676495151,2.1014925302822443,2.348251869760763,-1.2257939412782344,-0.6279377521781618,0.09925828384365389,-1.1262997935477643,-0.5368162647737538,-0.2982448448641565,-1.017102368350621,-1.1398935781445936,-0.36699982897108796,1.584299700740384,0.3922458903246194,-0.0924565131047646,1.0519423775511363,0.3369332895095866,1.0362191479832368,-1.7685332284109567,-1.2686536521044944,-1.2857676930756008,0.7375546586537103,0.8706213463554746,1.0257930690684187,0.2351197144373236,-1.034205424280141,0.9927986380494296,1.163519712592045,-2.536429092774686,0.7492934381851708,-0.44812670990778586,-0.24789679817196014,1.4459541644897664,-0.5898007906108161,-1.2556344328859115,-2.692162958990658
3215,1.5890452573950151,1.518296145913846,1.5874288251882878,1.55746111107822,-0.7085312091832059,-1.0905473194841404,-0.725643534307817,-1.026072795435551,-0.19583405549532748,1.662497281426591,1.1980861290734255,-1.2386656083634473,-1.4069608904111401,-0.836629801265143,-1.8371467739151521,-0.6957594061686742,-0.6942343402269433,-1.6761022086467552,-0.2914903619035698,-1.8371467739151517,-1.6978241077476912,-1.1654641959026333,-0.43905762198291726,-1.8894540227586747,0.11455520319689344,-1.6978241077476912,-1.115278696185634,-1.6463770585696906,-1.4445065655499665,-0.2941751668684397,-1.310287774429549,-1.2570323366998495,-1.4521920290597723,-1.4898719976701067,-1.279014883482989,-1.110304572412943,-0.757802249299236,-0.8031081159888007,-0.14769509894667343,0.8223472435302199,0.22386710942757404,-0.6652207064062707,-0.6524288808080547,-0.7536406417174395,-1.0199332312109726,-0.9313739602752266,-0.8873274464592853,-0.8809769671964052,-0.6719581071118976,-0.9821986871008279,-1.49987701004775,-1.4573514328515138,-0.8477135720982896,-0.6391112983529682,-0.22040395802492568,1.3077485743745374,-0.4328001908999846,2.1506393355708466,1.8967034806559264,-0.5842186216038813,2.0330133182088423,2.3163114902697863,-1.450806138350613,-0.8448990143260707,-0.042302799340422526,-1.081821270444562,-0.4140781808808602,-0.21361335924556418,-0.8724482113951258,-1.0447321686922688,-0.6507023918517204,1.4983011898732366,0.27084432814806403,-0.08929113518066835,0.9367406350810681,0.39301289444860704,0.9894638240125498,-1.662592565691521,-1.4716094714783374,-2.198135121663959,0.0685950780610916,0.18593199436146815,1.0045598418739135,-0.030563367482107,-1.090176168659771,0.9510383291437227,1.206010405702477,-2.746874528304761,0.748748961571953,-0.44390702166591256,-0.19222948402516607,1.4344666440902945,-0.5667993737538181,-1.2866641896990838,-2.6862900676449333
3216,1.5672403510652755,1.5636794978501465,1.5970555426411788,1.6038310074883848,-0.525826642678371,-0.705917282702114,-0.7392101467650195,-0.5570302990642132,-0.09552433457248184,1.5577034774336227,0.9676214567368151,-0.9700996373319063,-1.0569738393221209,-0.6466727336516616,-1.4879575314447342,0.8121825230403739,-0.7843413069916991,-0.5581312364721331,-0.46652249297120124,-1.4879575314447344,-1.6922113419649092,-0.0022334669334447875,-0.5754999255444454,-1.1043438643793633,-0.03145129382983457,-1.692211341964912,0.10961554857153895,0.4407189578723397,-0.1801452663647771,0.41399472504079976,-0.7518899036640199,-0.45395745012280414,-0.9587908695018005,-1.1182152926334368,-1.0658437227389328,-0.9655425808027959,-0.6554158803914244,-0.6794801177709255,-0.07438393494801901,0.8761734043754611,0.35901040654512895,-0.4128192858377761,-0.464694959400533,-0.5804088154467171,-0.878357500626186,-0.8128669547124562,-0.7649940764876382,-0.7825945029270003,-0.5588688431402983,0.43041618859709474,-1.0463622124696423,-1.4333106984576618,-0.9794755348961519,-0.5720116108670495,-0.26943233335363487,1.3844979258704655,0.9991893123546488,2.118885294081564,1.8780193368451525,-0.5679523363926458,1.9847795275585753,2.2854369412544786,-1.1007383379692537,-0.7012117159792465,-0.12235818155434709,-1.034748799381759,0.6312871112249225,0.5620180313964024,-0.5887794677452284,-0.9642433831531383,-0.9070219062780847,1.3410848039106917,-0.8326425738682901,-0.1155465460036183,1.220305543366478,0.6464296607978377,1.3926121032952565,-1.4918879571423647,-1.0480818443641884,-0.5152296150056458,-0.02469616523755544,0.08770787099623316,0.981156564449357,-0.1512358633145509,-1.0821554747475688,0.902943414220866,1.2466377869889762,-2.9258337400958845,0.7543551472807423,-0.4462573617383135,-0.09433981056159176,1.422979973691244,-0.5699527749932516,-1.3277136717921652,-2.6947166335433965
3217,1.6123798158316873,1.6286100460786916,1.6326485818760395,1.684685112758088,-0.6706071503260986,-0.6080769413112197,-0.6958513165298258,-0.5554592964576155,-0.8649720095983773,1.6657698306806696,0.8333884874372134,-0.5869672885883674,-0.5734420950343845,-0.36571529357366356,-0.7808749472147474,1.6820177726434573,-0.7124654338793932,0.43935235139911183,-0.5582520406966083,-0.7808749472147475,-1.4272380852875122,1.0145750672651779,-0.6067688706695276,-0.25585662991593694,-0.15513705509169176,-1.4272380852875126,0.352851283392035,0.6207176594566459,0.426330749731504,0.7852966957565299,-0.2897702556551997,0.21687775420920208,-0.42932165345936063,-0.6052369623956121,-0.7487680059068451,-0.7201941304853171,-0.4902546202428568,-0.48452920254873955,0.05435944146607831,0.9727039520691162,0.10345062904458525,-0.40738995003106604,-0.6236803477163205,-0.7306343255460233,-0.9709593950253487,-0.9432157682079138,-0.8923784922243597,-0.9067714794253563,-0.7095095760614459,0.735501235161313,-0.13262048285260863,-0.7649150986584294,-0.8821479575727249,-0.47043963863093285,-0.1577700640771527,1.6391609529123126,0.25133805555599803,2.1110243530348147,1.8524740388710264,-0.6264430182640842,1.9621519142288222,2.2555692306857344,-0.7068215013428787,-0.48073970819230144,-0.12107856565191542,-1.1192673371801845,0.2238867253923453,0.6458186008285163,-0.36752491089364764,-1.0176342533002802,-1.0126854571418478,1.386063806418266,-0.4121653927050567,-0.5252138344526611,1.0061540209541093,1.0149372809485118,1.5023588065356275,-1.5436291222112632,-0.6315480987892754,1.4599941199796609,0.7249780983631453,0.8618242999876317,1.0452897886388834,-0.38566085921017795,-1.0695787901494371,0.6830174655906118,1.222969348539537,-3.0888697826177345,0.7531004967591548,-0.43517297145723977,-0.005988012742475576,1.4113463209978785,-0.5983494679844016,-1.376329126094794,-2.706772950496562
3218,1.7211932251149475,1.641436222028208,1.5673178726059704,1.5906730470244088,-0.4460478360813113,-0.8935153205680751,-0.4108032500813772,-0.7009407973205526,-0.7639055178755232,1.6679336156836377,0.46511296807316815,-0.8748259780765404,-0.8935031097836229,-0.6248743809081435,-0.7030918252274091,0.18491358204929317,-0.7738405385539358,-0.3821852809610723,-0.6406956531594121,-0.7030918252274088,-1.3604117770937694,0.24324921684367917,-0.6966311827156614,-0.7311436167942602,-0.27350631156276456,-1.3604117770937711,-0.6235535202290649,0.13246404270962792,1.014498266966669,-1.31326850742725,0.9631479623966095,-0.20584876557255408,-0.6970889595497566,-0.803690587128131,-1.0012625208977877,-0.9225808291849551,-0.6623984471277193,-0.6665686246436429,-0.1085147139219449,0.8467025174310211,-0.361756314141199,-0.5027572849893167,-0.7552353875641329,-0.8572905612341101,-1.037287567034425,-1.0659876443756284,-1.0363315375975437,-1.0315326281393784,-0.8595787368808234,-0.8250112578072257,-0.6617205222308714,-0.9705065159995161,-1.2040643935864266,-0.6392589348928587,-0.3967355712274453,1.5183253076218415,-0.913160305553166,2.0891242528881433,1.83158423457867,-0.6490692273232056,1.9368962020865985,2.2266539356716546,-1.0121316609061075,-0.6572184810140287,-0.1304833114578101,-1.1103535503425317,-0.638125564135912,-0.3331470188073982,-0.43375134520377434,-1.1034552876624595,-0.8716543903661714,1.6565522854837083,0.5092928146933955,-0.13712286628747047,0.2745044473072685,1.0551206590621183,0.9832529140788294,-1.8185086511647934,-1.1327012457197985,-0.4979901092956527,0.6274107900732553,0.7635403182289242,1.066939018357366,-0.7367753481285996,-0.8269758371768097,0.5555107114260381,1.2304745149355898,-3.215452841290415,0.7396486667772358,-0.4384781656997263,0.10804910999147968,1.3995780603650476,-0.6544689350141937,-1.3644970947441755,-2.704329866747965
3219,1.5215262943741577,1.53096514050515,1.5190992821686233,1.4912469363773866,-0.49224925122016044,-0.5371525879226521,-0.49441189370869926,-0.3649486931342376,-0.7351243744365582,1.675060743554871,0.24329589864787235,-1.1573202781975929,-1.1961210046747182,-0.8881124446258156,-0.916854063391762,-0.5152071277141099,-0.9248839304403352,-0.9403622693523908,-0.7481502898719822,-0.9168540633917622,-1.4281527647691143,-0.2879383193369304,-0.8356051316916061,-1.1313901066096952,-0.398205145112096,-1.428152764769115,-0.46153925702410914,-1.0197591403345334,-1.781151982821602,-0.2973436364042722,-0.006632438732973108,-0.6931204338157596,-0.9759244940777856,-1.0580139408629954,-1.2522298348666763,-1.1223114756185222,-0.8432046609101195,-0.860163637056193,-0.2799044466389937,0.7136636920730953,0.5159498688954285,0.36576906506796947,0.1298476710533346,-0.2520629286452441,-0.5002259479326934,-0.6198356252181314,-0.5626551716894401,-0.6535681679724921,-0.41062163426465986,-0.8869186024918243,-0.6202147423806531,-1.054441222203684,-1.2042869723512615,-0.8478725349590037,-0.41668080166600324,1.2508230359727868,-1.0088315919110766,2.0456410300327725,1.8207467820163747,-0.6490781190971113,1.9016416836621362,2.1986407606478378,-1.297307928238343,-0.8456729341202689,-0.17545993447827005,-1.1225021554672834,-0.6379752093102423,-0.23798722367655276,-0.03308968775904859,-0.9636308596187481,-1.115430312765321,1.5913019575784444,0.5088703482004151,-0.24097675285706804,-0.15602478535956946,1.3660392316086178,0.8913426393276175,-1.724794748423629,-1.0996831763602315,-0.33103751254758085,0.5988477091814919,0.7337502781712197,1.072072763200395,-1.1334288707688283,-0.3137585760652492,0.5524867583613609,1.2531051090149892,-3.290727314751638,0.7098500445422079,-0.43630714967767725,0.22072433018772358,1.3878522045004662,-0.7053901015822636,-1.3393337256841387,-2.663268753514576
3220,1.5130449671539312,1.4438038638425532,1.4757336557056828,1.4754139516959481,-0.7506730002413718,-0.5633892125060663,-0.20966205396549242,-0.6758464360498795,-0.994908116731235,1.8376678522125691,0.08186982774508923,-1.1605253058896723,-1.1990931548338055,-0.8948824482591247,-0.8933505375576111,0.053063091275050704,-1.0191873654071602,-0.5935822299936211,-0.8525500217518365,-0.8933505375576113,-1.4089748674850284,0.05430810526518403,-0.94464357626159,-0.8932066135824284,-0.5215741495470352,-1.40897486748503,-0.4210109253705935,-0.8243519522972004,-0.06835718721626684,-0.38914690083801456,-0.707324077789513,-0.6971988918937951,-0.8107221338331124,-0.9514418363189419,-1.2259219953260565,-1.1003516209764308,-0.8591392026920497,-0.8754038117398392,-0.31394892878867997,0.6864770884497118,-0.1153717761197762,0.008861949066129068,-0.21646419299665465,-0.5740488170850098,-0.766425040463388,-0.8841342897648309,-0.8621046480720962,-0.8853968770043912,-0.6955083548958266,-0.14643678889899206,-0.28343607178577407,-1.3018897636896383,-1.3659112796141932,-0.8638047076032682,-0.5485493879590484,1.3593731936368636,-1.0066575818970007,2.0019070698230643,1.8098376363429043,-0.6307706077896046,1.8421856537318835,2.1714831469445013,-1.1521897007776452,-0.8469929353374598,-0.30451267159643375,-1.111895651769298,-0.682760733838241,-0.08080566639342701,0.054570005360583665,-0.6678592635466828,-1.1810840152137891,1.3171874542058717,0.5608917270086251,-0.44620798846550436,-0.1369370860078324,1.045821787364355,0.6724492650581572,-1.4008360756710376,-0.9012552739686795,0.28932576505732377,0.8583940846964389,0.9916919215771557,1.022699194135342,-1.7048133530323994,0.1491323004695247,0.48642882400311804,1.284138369450136,-3.384412058852506,0.6858856236869477,-0.41079132686303177,0.2833601982855386,1.3756286802325224,-0.774376280556373,-1.306644049551087,-2.6220054405468636
3221,1.4888767374182434,1.4417647082686844,1.380581505648997,1.3365202832031433,-0.5228894007180847,-0.7486819520408255,-0.634817926238485,-0.5667456692268849,-1.0153247106550407,1.815968500882823,0.04813687648073108,-1.55143450994115,-1.6061349274311265,-1.2682270379234872,-1.253518291422385,-0.8741030551350031,-1.2399106811066722,-1.3835639083565305,-0.9989849055841096,-1.2535182914223852,-1.5765486323953217,-0.694940754959712,-1.1281119487992928,-1.500555954273319,-0.6599800851744937,-1.576548632395323,-0.9431523983878584,-0.016059189309203817,-0.22421326984593107,-1.6097457848634822,0.826906170958404,-1.3614324141133682,-1.2168404672384467,-1.3598706477049336,-1.5689940406638538,-1.404524380925979,-1.1084780558439844,-1.1542497141734607,-0.5566741043580924,0.5016282671816041,2.144325194137953,2.126578458510294,1.9642439745922844,1.2133748772877238,0.8162266350659904,0.49454429293317814,0.5801235671670949,0.3084644958069528,0.6776437324803967,-1.280055058581677,-0.955763706688088,-1.4444621162945785,-1.7275303358996923,-1.3089388510240971,-0.8259825218715212,1.122634817856584,-1.2947420648103642,1.9292143214070807,1.813457793390865,-0.5655901407906186,1.7666157745440343,2.1451379268268322,-1.4447390947067404,-1.1276591757630194,-0.4925500009561603,-1.2522309475565068,-0.9633844719928255,0.3663493569461315,0.2984616170539457,-0.5949683987260818,-1.3189600569439646,1.3649388317801296,0.8427546103712151,-1.1478316120159502,-0.07650613418266022,1.25155316704264,0.872484809659593,-1.4312584520056093,-1.1938874109844526,-0.21333022464890153,0.8652482004441756,1.0160551502888622,1.1984377125268786,-2.16916273134582,0.5987720675203465,0.3669929152081315,1.256173569406056,-3.5980392580975136,0.6668435816967587,-0.4051619620106207,0.30173419677088,1.3631573598582527,-0.8377545565537485,-1.2756757162780485,-2.573330710897829
3222,1.3162575825836829,1.386518589812886,1.3781491053975865,1.4093027929282016,-0.4769105876705873,-0.4465457412082268,-0.5528309126259261,-0.3826350816773861,-1.1887525395056777,1.781191549784388,0.5379465556855688,-1.1569140081845095,-1.0928268344189087,-0.9839195982473674,-0.8837055380830094,0.8906594382267319,-1.252463539279471,-0.10219025846067291,-1.1008211470813938,-0.8837055380830093,-1.430958760177583,0.5613113746615445,-1.1960713165811747,-0.5772196843709855,-0.7855126618053087,-1.4309587601775846,-0.02438026807697414,-0.5269725520795555,-1.6075290779046967,1.0240439448261796,-0.028195043936564676,-0.38399309370783224,-0.7112491613675083,-0.8281920677788,-1.2110484336583878,-1.1495961015049079,-0.9414700030502767,-0.9670155554096123,-0.4439848192534969,0.5873690544933372,-0.0183595942970294,0.3460190250213912,0.37413702080742023,-0.079929346832738,-0.2729342857238794,-0.4896773975977564,-0.4985234161557978,-0.5511469503110235,-0.3342698244989862,0.689154968603517,-0.9781735023792035,-0.8085073673826344,-1.2068274401750967,-1.2380100716943365,-0.8165578471797158,1.0614069596584454,0.9040117377196094,1.880595622274627,1.8022130957289235,-0.5051010175832665,1.742246479094269,2.119553162418721,-1.0602177584728583,-0.9268393890192728,-0.5120838106084687,-1.0513300265053884,-0.31276815755515114,0.6867636384834493,0.8526658253383327,0.06844847968184685,-1.46318990870899,1.1452775998376505,0.1781450791553696,-0.9814905084361036,-0.5232304060118474,0.9973432670142666,0.35317153705940435,-1.0876988000645256,-0.8915229767616782,0.24287562025671228,1.0615103077438417,1.191839216600312,1.0000099393665989,-2.4388181931843884,0.6257634160083001,0.16732963665012454,1.2928576657120139,-3.666094805537873,0.6476923788430943,-0.4063778202855772,0.34510231589094303,1.3519039288125996,-0.8581920374669297,-1.2491451854514002,-2.527348920471716
3223,1.3479772213105423,1.3028619713003131,1.3393770635344784,1.3396082914765424,0.301900478100521,-0.11922428194173589,0.15750499743625135,0.09338624637732844,-0.9265344054070022,1.8023687523557368,0.6623205957544158,-1.3303981809964436,-1.2852162052080793,-1.146796365368162,-0.8153957793579397,0.16582078295502176,-1.3242043786209745,-0.47616390641039813,-1.1934943203077246,-0.8153957793579407,-1.3762040027935174,0.20472703622803956,-1.287900416125704,-0.7801791287715907,-0.9058474805166118,-1.3762040027935185,-0.38679069241143466,-0.8092094846896986,0.3005756254218914,-0.06955759157092392,-0.7655024234740817,-0.5392091889282726,-0.8420460870256017,-0.9333169425475302,-1.308926637602186,-1.2773444178615236,-1.0526630658384033,-1.0874111523505536,-0.5704774096458627,0.49032125970295753,-0.995206119444937,-0.5589904227460957,-0.47604491458663534,-0.6977611845927334,-0.8273823594659798,-0.9910081970808251,-1.0319055585777894,-0.9808489234885124,-0.838031199505653,-0.643431928792058,-0.9054361862295344,-1.1266304596323813,-1.323472228496806,-1.463993722020256,-0.8689378270364874,0.9642611642827065,-0.825586190600551,1.8207029635445193,1.7861089014557943,-0.43285741342247686,1.7158732139212398,2.094034785178632,-1.2546100822469888,-1.0506584420323508,-0.5412383340371972,-1.0735044572927956,-0.12587334161482314,-0.2523737134591382,0.3196701415185058,0.07173291179740424,-1.4969202107033936,1.0378828006458038,-0.024339168411562757,0.1735815269699625,-0.6259180789231072,0.30656452363667014,-0.23487898583591751,-0.9841020745425196,-1.224143840700579,-0.5564330518667389,0.8016321055192217,0.9399056242633756,1.1389780992700522,-2.567236985679516,0.548738030915435,-0.02384974392924831,1.2879949155946406,-3.705195437789862,0.620227999691596,-0.4520268471808144,0.3620289887938446,1.3402677200562632,-0.8784658335110267,-1.259434225598327,-2.4933510528538108
3224,1.3164050135769936,1.2415313637142258,1.213840075501482,1.2229534768828192,0.5061877231132109,0.3725545144235614,0.361099476657563,0.5996076542964098,-0.8687695616326987,1.8249880760785344,0.4374790066362394,-1.625193664257731,-1.5972083456531232,-1.4319454475227373,-1.0665258425123814,-0.6089086397704662,-1.4940693014926938,-1.101710302195419,-1.3143317717465326,-1.066525842512381,-1.4708207354415213,-0.39936514171075554,-1.4350100199032259,-1.2430633224566248,-1.0340008788549246,-1.4708207354415228,-1.2650576667375035,-0.6036192648691083,-0.2973781103590012,-1.0032457106148716,0.306515960142316,-1.0416360931957536,-1.206128068293825,-1.2749530499644652,-1.563261437814705,-1.525475455049979,-1.253037918914831,-1.3086553265539456,-0.7761113299248507,0.33210210222102937,1.3649645989549892,1.6585531933231976,1.827547693306198,1.2427179852496857,0.9807672684724784,0.5650350938506715,0.5613007785262132,0.33962569984516894,0.6765621531253277,-1.09739142719138,-0.9846033285075722,-1.152235408161576,-1.4332402515253198,-1.5005468432991307,-1.0030803249498168,0.9073461469638603,-1.3240532180977433,1.7465840520654787,1.7707273804034374,-0.3051941164480808,1.6396682492805987,2.069208074555417,-1.4527809484813323,-1.2821494476570217,-0.7404717588383067,-1.139413295204583,-0.16167461888572515,0.07274846906994728,0.3427230543161756,0.4205075497496016,-1.4782775644703159,0.9213658521226689,0.0049871575364344705,-0.20583039968180503,-0.3829258062232847,-0.1714227311574914,-0.41206723899008374,-0.8032315462769923,-1.137609577744491,0.15367117203815203,0.7388984055852468,0.8849027544036813,1.2366148554311298,-2.6543527316885203,0.616766258059194,-0.14791662156765953,1.1961660553201223,-3.833255389589244,0.5954667892954878,-0.5087744753871705,0.3944172962476506,1.3277724792690038,-0.9124224767098544,-1.275294025709552,-2.4791175019108183
3225,1.3758841770683905,1.3226247674244487,1.2884427154671942,1.2355971313380765,0.5553469690948406,0.5871375905483396,0.3720728961373892,-1.1368056205908343,-1.2617976625880563,1.9332269144564342,0.06190682386335627,-1.5023066517704193,-1.4387584105363174,-1.344217634789331,-0.9013663008402825,0.3966782478785619,-1.5508682670150231,-0.4029388633857714,-1.4143836442321378,-0.9013663008402834,-1.397007859784802,0.2799728465379221,-1.519703102509657,-0.7473936771596853,-1.154841821547064,-1.3970078597848037,0.7593832869034489,0.7989353835809234,0.5702029143274877,-1.507706008264419,0.4161999201982032,-0.574912192030348,-0.9929386887225051,-1.0246020599021315,-1.3758248463257763,-1.4310729594310878,-1.2015596013911802,-1.2506032737462065,-0.7611027752683003,0.3398251244604994,0.4425152924347546,0.9852989993885708,1.0993035082769556,0.8273678482994218,0.6213065365787458,0.2707818754694571,0.24353295238055744,0.10272046115534982,0.3861790312714433,0.11200113144169133,-0.8843918354070828,-0.8418818298498716,-1.5685643321734069,-1.582874511524886,-0.9792052694184219,0.9615223269468299,-0.470769210565156,1.6926654948903836,1.732333828182357,-0.29049190470839226,1.6241484095908856,2.0449337002412857,-1.3457151135204237,-1.2205999882706684,-0.7368300160948243,-1.0296728892754818,-0.055739238167275475,0.17440622446324916,0.5056672969765492,0.5474881747872189,-1.3596551839043869,0.8419758549034545,-0.09146345443306454,-0.2328139341679252,-0.5089441010046563,-0.14667285233232638,-0.4879801955134864,-0.7020980182644001,-0.7130938432913158,1.4209574652306387,1.142004330101973,1.2820817794345238,1.1304161426276995,-2.6685458849487667,0.7542179553260292,-0.5527401217397636,1.1633363098443956,-3.953104933367837,0.580072214732584,-0.6181616960920286,0.3328316149248592,1.3145100643293701,-0.9666735037683821,-1.3143587223196647,-2.5090834509853575
3226,1.2549967599423624,1.2043381891690625,1.217427648437792,1.2214188382277194,0.7141674235836248,0.5502094237950552,0.5028682594529313,0.790076114726768,-1.301688088044271,1.9466450019984967,-0.13812033885591646,-1.5007611002712589,-1.4394338873724697,-1.3452819969905485,-0.684252468200112,0.5253270212914639,-1.5710939298309174,-0.1760877432827313,-1.48773351944636,-0.6842524682001135,-1.272081912144293,0.49367830471410784,-1.5760442027019994,-0.5251397606731091,-1.2635735621650248,-1.272081912144294,-0.7275244808419301,-1.1511766954237268,-1.1491792262406233,-0.36470855738291846,-0.36314802512385036,-0.5078531929363616,-0.8809096436815034,-0.9278448877338965,-1.2692373444312386,-1.4075922656992967,-1.199825775410738,-1.2516957172254481,-0.7885921457810076,0.3140210340599667,0.16670181959649946,0.4331922215161327,0.5350670927868179,0.44955136934057227,0.28177980513829837,-0.013179339981913868,-0.07818569820189283,-0.14926596049055157,0.09056906556440887,-0.13826994049958455,-0.43569886784221107,-0.9993914173067625,-1.4280262581254124,-1.6689719379531047,-1.0589619807775532,0.8367521755004582,-0.2627837019412589,1.640209953891875,1.7014934103340633,-0.2431079287155012,1.608758278712678,2.021064200761202,-1.3508220658510477,-1.2197739135298606,-0.7329692387277974,-1.1697586936227056,-0.15200025981817547,-0.300706121159547,0.7353918131919001,0.7114209243149983,-1.3621607226562595,0.8801378760789064,-0.008359567909027013,0.20598726017582428,-1.2019771220568536,-0.088442023557758,-0.9659455429465624,-0.7071537496740731,-1.092577883064383,0.5565738141875319,1.168289493530761,1.3246585606421721,1.2942627970738354,-2.6835011758878884,0.9407326532099859,-0.7654155449522261,1.0665596939681736,-3.996697933061666,0.5815086658597453,-0.7078460156014506,0.259867736531183,1.3013293270304809,-1.0171756586634455,-1.352749941325271,-2.5408357169510434
3227,1.183399894455227,1.19318186794242,1.1980876471065134,1.2286940852340917,0.8629173890157847,0.690475305687504,0.7198677067786017,0.9336968319732708,-0.9421032300629122,1.9187016051390324,-0.2304884238080964,-1.3969878888201597,-1.2986201641422908,-1.2735574711941329,-0.386646785400019,0.7208674485649045,-1.5406529504154678,0.1464895224775875,-1.5255980200501242,-0.38664678540002073,-1.0774580809042826,0.7811833553262107,-1.5930436252696891,-0.20614342992093507,-1.3539628844825038,-1.0774580809042853,-0.2041078949624167,-0.1156053027624575,-0.6945378012120769,0.5038449404629889,-0.2196622111969848,-0.16830316901285272,-0.6259298168016072,-0.7780751149758088,-1.1225255737931743,-1.3248868527673916,-1.156940103335099,-1.210378432169138,-0.7799741738919923,0.3156390544080464,-0.11911617766786277,0.16862565254818423,0.2905234473046214,0.3904765239390184,0.15435067794976853,-0.11815066953887261,-0.2014459929249362,-0.2409508143745391,-0.01612385768671249,0.062085052402299286,-0.6784104042520037,-1.1829567434540107,-1.0533695317075995,-1.3490704000445466,-1.0650497530134533,0.9237397722207134,0.1672558001519839,1.6053989871010144,1.6491827035419053,-0.19404940598383108,1.568942735713497,1.9978330418951435,-1.1723048565945433,-1.1713111374785392,-0.812350731446684,-1.3068302924328319,-0.6557423677439271,-0.1221531305454792,0.6104033552345649,0.8877655854777489,-1.2785334438976623,0.7668703086767272,0.5122517261957383,-0.3856401106473383,-0.8901662760788044,-0.5139402801949311,-1.0479892805750954,-0.5631820910522698,-1.5305719132799063,-0.5575397545285741,0.7979325790903585,0.9641835984835387,1.452617540711088,-2.6326072560601275,1.1044707486053877,-0.6981012908856046,0.8347221204928663,-4.005717732271155,0.5866972619247103,-0.7592533620139607,0.10306951532402511,1.2884480400075728,-1.082364908636211,-1.3470878247931117,-2.578065822898721
3228,1.2030802044930557,1.2665962837179834,1.2471702744531956,1.3286098036162257,0.8046926439955813,0.7607581806652136,0.8213411259456892,0.95773998525685,-0.8928538246915579,2.0105638481159915,-0.011211924541330614,-0.843006802835722,-0.5580792754268317,-0.8807767863257233,0.2772683775219432,1.6006598482357515,-1.3583061035843782,1.1258273868721977,-1.486889029175677,0.27726837752194117,-0.6644240490675689,1.666385449962689,-1.5063471240873625,0.6603488822471187,-1.4069869126121628,-0.6644240490675697,0.49704570896424705,0.7215497453339452,0.18160592790975225,1.4028153354179143,0.19463723871038094,0.6475790215306261,0.0037885666669803726,-0.2250290210514896,-0.67819290126768,-0.9997069504025597,-0.9383482671950403,-0.968570174816279,-0.6151021247059169,0.4370698012261348,-0.011525860261400477,0.39879581996533153,0.5870946010689023,0.7741717064982728,0.5161468007705443,0.20244396442256618,0.08542729459817858,0.01884008777448656,0.27107329032177424,0.9534009109782061,-0.05436996619803731,-0.6920558427148362,-0.9536496911955702,-1.1470927878996071,-0.8707806806275039,0.9652795401523934,0.4995254470419261,1.603296018103391,1.5715575775446462,-0.2393378412614623,1.5381726614341744,1.9752112384973473,-0.6383762650734527,-0.9128920511339496,-0.8627634065235743,-1.4342697640143136,-0.5693946565834673,0.2338950551522021,0.12113608820884389,0.4761112075863013,-1.2464013827963798,0.8292608289941927,0.4018260593054668,-0.7030091968309291,0.038545303434358386,-0.5493980162322281,-0.3751304899805978,-0.705958711591785,-1.4141608020089809,0.3412870175442421,0.7363855581739236,0.9134306362966418,1.5689109569458566,-2.6181699117800727,1.335500695858083,-0.7309856205402356,0.4204858937902615,-3.953254588786761,0.577442582487896,-0.823362881600867,-0.11026599735436622,1.275966121607925,-1.1427689171655262,-1.3505248029170884,-2.6173430456132603
3229,1.3245575908808407,1.3599938026328395,1.3461983737947636,1.4230496317372794,0.7895642736307753,0.791067610512042,0.6449045506270185,0.9801262391073652,-1.0204328815257258,2.0239914085966553,-0.23349701996073252,-0.39245660327620824,-0.017159873840046545,-0.5384259328387427,0.9831837213574327,1.6974487546644852,-1.0914037832354935,1.674729944290593,-1.368150158502492,0.9831837213574308,-0.1428458566907265,2.0893622264697855,-1.3446987122574847,1.297375968621468,-1.4138627693911738,-0.1428458566907276,1.0122102540140838,0.9182914993817107,1.18768276376316,1.0912508057693449,0.08712325224971988,1.0789547338217609,0.5143846639042459,0.30345983553834016,-0.275485765652446,-0.6948773741464782,-0.7326849674088948,-0.7407302437520646,-0.4594402830860258,0.5515220984773428,-0.7840461398373206,-0.5410330091755596,-0.40496330807228603,-0.12209036128409799,-0.2975381532990078,-0.5090548223687736,-0.6429705473711794,-0.5933637200562728,-0.4191937582651964,0.8939519957927824,0.7472466606147619,-0.1884610429517623,-0.5224645519867755,-0.8629825538350996,-0.7673067849240959,1.0694723780371365,0.8396673535206949,1.594061184048372,1.527174065772814,-0.37753489736957885,1.525926261229893,1.9531716602592666,-0.19497917618928573,-0.6659405105996526,-0.8516538042888566,-1.3107116348054841,-0.9518461323594934,-0.46733982495247967,-0.12096059791059825,0.12333861961063718,-1.4038107899140198,0.8846293838741652,0.831915465272059,-0.2452642457594545,-0.23440174963349386,-0.34263553884766546,-0.42709661974369073,-0.829832272297056,-1.1691470538948472,0.8306418781651349,0.8772641768544669,1.0417545515501883,1.4392776334575759,-2.4003930588424263,1.3626356514756894,-0.8436952948443323,0.01830895832357902,-3.8413597413071994,0.5515453723204434,-0.8997787131306527,-0.29161716039982233,1.2642574570108251,-1.2146951786546576,-1.3683094992490101,-2.633343642826526
3230,1.3821260111245541,1.3668049516185368,1.425201469213725,1.3987624558445357,0.7664673998201217,0.6726185214127649,0.7720453852999708,0.916245518456648,-0.6256784874516556,1.9625227391914113,-0.11268329471240048,-0.44246259675159166,-0.08835047500261416,-0.5773953282908898,1.1311650485577642,0.3623530087750875,-0.9318227851745167,1.001839722389893,-1.2338442049771632,1.1311650485577627,0.18597751032785664,1.3138762070609677,-1.2203965965254444,1.0002194891730847,-1.3921755625040868,0.18597751032785592,0.7999961682221491,0.06381502989450245,0.5560778695545585,0.19760041410763954,-1.1337907179994162,0.6279499457996754,0.43155650594768624,0.26574602304418643,-0.2594470345841094,-0.7119884796333436,-0.7578735994046059,-0.7725294015950394,-0.5033579187641769,0.5120304917477418,-1.065877739922542,-1.0029011727375656,-0.8879646033218214,-0.5376154437107005,-0.6976497577646467,-0.8721786304292376,-1.011296174604196,-0.8941826207703899,-0.7647200713199171,-0.2250589093822274,0.6099057698581771,-0.2107631554818431,-0.34057203028970423,-1.049543813956039,-0.8186193042862511,1.0936051030205771,0.024602042709754152,1.587707584368056,1.4795226232933163,-0.5220710905479449,1.516930134714889,1.9316888835372146,-0.2634927678952477,-0.688916999333692,-0.8296806738890415,-1.2221121157543589,-0.27891895173926023,-1.090440019985592,-0.6308757915798019,-0.32191332967498987,-1.4669455498768897,1.0017053251934478,0.12101469126548516,0.9636937311288948,-0.09681689040288262,-0.35039344287299473,-0.3300332388090829,-1.0310444382262498,-1.4632113332645456,-0.6821423999559829,0.4940953101593102,0.643169714703777,1.3439686523226289,-2.263541809972745,1.3634036836668435,-0.9053990046069214,-0.061791375540928686,-3.7301151001162722,0.5373917398735475,-0.935446685486554,-0.4320179573799885,1.2528525435323048,-1.2875889089135542,-1.33327536401158,-2.6448789030500715
3231,1.313504199388959,1.259495361055872,1.2467872875507446,1.2747992699263953,0.7446925053780756,0.7351406269696107,0.9026592392470385,0.9173648227268036,-0.66497955711056,1.9172981432209457,-0.1104546554924222,-0.896280210273434,-0.6921412051264573,-0.9417545117685723,0.6206877035310107,-1.2269219686716972,-0.9740158277050742,-0.279936189062162,-1.1592839804715636,0.6206877035310099,0.17703581170041843,-0.035737685568118946,-1.2055563247724284,0.09421966663698143,-1.3715663592505771,0.1770358117004177,-1.779891724864595,-1.0513430514207274,-0.6607333611168044,-0.41121064687026526,0.06733779730379812,-0.43725278402844703,-0.16503698588235993,-0.22178387203877548,-0.5825971715689063,-0.9822925915955564,-0.9786630921384919,-1.0213526921195022,-0.7154144388843083,0.3419885124052475,2.205201507659967,1.905245442704443,1.878736898895595,2.302639123688926,2.0889390888977304,1.5490572439776584,1.3674321651232688,1.1368063108970436,1.5121571860735132,-1.1645866944760375,0.1935005221391216,-0.17645330171766782,-0.7115646516747854,-1.1267519065009772,-0.8267472165246387,1.0310119004696023,-1.0655936613899974,1.5709564648216892,1.4371322319793305,-0.5420249482633148,1.5032099252251692,1.910578300780278,-0.7361227764314785,-0.9405481941811512,-0.8244007882507063,-1.3479044946439207,-0.3159386425885722,-1.218702218365352,-0.908853569954166,-0.14144521990586714,-1.47133222546871,1.051106043864139,0.14181914360594441,1.0746201823137784,0.15342508067904226,-0.9822958175288508,-0.6091146232712437,-1.0425212800901966,-1.2711976603453927,0.5487457970692933,0.5200601632002431,0.6824591825615215,1.4650581827120182,-2.2389271141618683,1.3915176112903704,-0.9742712930198958,-0.34935554391269746,-3.6982491791305163,0.5278172500017345,-0.9578072900221748,-0.5576152197487809,1.240965367642158,-1.3635155123806928,-1.2926187555914408,-2.6452701575779662
3232,1.3263103911567742,1.3789429939319124,1.3614185272066444,1.3828631775315845,0.5025946754124327,0.5658599847372325,0.6281867672027028,0.6244684017335475,-0.6022830824807098,1.8511411807849423,-0.14949385822986536,-0.4051121951866358,-0.10046089417371416,-0.5636303907800992,0.8208936850017751,0.4816398300563514,-0.8387381969507992,0.8560179122794266,-1.062692553086428,0.8208936850017734,0.41503233475411855,0.953557461410083,-1.0936643274733702,0.9120183351377397,-1.3307814796549673,0.41503233475411777,1.157301748851657,1.1636254643329962,0.1156252075862535,0.6276619318620844,0.13584800732219063,0.1652380925318412,0.38939775890306844,0.30385161211167366,-0.1577972280607356,-0.6272191733750689,-0.7505684580601745,-0.7739765848060041,-0.5359710445331849,0.47359599857769696,-0.7761179125522178,-0.645621886800215,-0.6472155700247569,-0.2446032307885151,-0.30810396966387527,-0.5214634016056149,-0.680635392667758,-0.6132757326114815,-0.4433985015585013,1.0138966794870585,0.5745737949277041,-0.08471225371427607,-0.6502813423648715,-0.6239230647705895,-0.7328097922348201,1.2071274259249711,1.4041569585700435,1.5823972490637834,1.3699334944495296,-0.666113807866976,1.4962080632193508,1.8899824098441773,-0.2619543629624149,-0.6663575874369301,-0.7966969434896863,-1.1795987349175152,-0.7532724191404905,-1.2506922638126843,-0.6298121314987482,0.004710923739540882,-1.4608891455273996,1.0007477457444676,0.638441804576045,0.7670531471080116,-0.2365938499361348,-0.830975326244116,-0.788539318958546,-0.9645727277305461,-1.1792203155129706,0.13243155692902492,0.4753817896127349,0.6154251201095203,1.2585035059261243,-2.1898672172560367,1.4127385773821926,-1.2106590050010169,-0.6725234750581358,-3.5727578986848583,0.5024546713629549,-0.9529669363126918,-0.6238131384233205,1.2303050107318863,-1.4378776239939528,-1.2096876925003737,-2.633357753705286
3233,1.3523855534550397,1.3087007358609355,1.2068947968205992,1.1357834781343072,0.7451896227217785,0.48665465700480737,0.5200482757643704,0.6053682171206335,-0.8412845124268731,1.8887679394443848,-0.1936165532600413,-1.1980288646581105,-1.0475574338518385,-1.2457863576190213,-0.132885423445462,-2.2734684007061854,-1.0607169994611865,-1.4282235928404723,-1.07547920523222,-0.13288542344546256,0.08869452159867099,-1.30709190069592,-1.1874656715330953,-0.813344645990215,-1.3185030428017364,0.08869452159866957,-1.5680031564460792,-0.7031490057893116,0.23613674484945021,-2.3321446951966767,1.6031553410128467,-1.4944436050737977,-0.7685421380592609,-0.7646145436585858,-0.9107108396806888,-1.2179925016800457,-1.2068027174763616,-1.2896921643683135,-0.9584852731674117,0.1395672138512314,2.3103895820392046,1.964011333321603,2.203623126913288,2.536410906516626,2.560860175400455,2.0930523851936966,1.908872416328928,1.5704034588858184,1.9920757177342747,-2.3112183184048223,-0.7420978767869945,-0.5752337910357779,-0.9938901514282961,-1.1722154819986634,-1.0790035767760549,1.0731649764040996,-2.7141189203210843,1.5660070452012913,1.315284161328856,-0.6965602276921007,1.4632675898813083,1.8698798096873315,-1.183809807146642,-1.2004119891053,-0.8580290194613959,-1.041062185775387,-0.4685071520292262,-1.2495247569473156,-0.6470595552181857,-0.622686365769331,-1.4598083051301733,1.1684897144928756,0.35170965005787297,0.991109207326434,-0.21659824390842247,0.0731142402053367,-0.10748371267418258,-1.248684635146105,-0.8382921640868892,1.0890404671069631,0.7286525349859209,0.8602756911137224,1.1535433845102472,-2.2383330473020138,1.5056492667662629,-1.4318051220789594,-0.9399907295038545,-3.5784546705921643,0.5139276710733781,-0.97602795303228,-0.6512175095874417,1.2177385136284868,-1.526568468356818,-1.1840032449789957,-2.623833266946128
3234,1.1395253188512129,1.1421577641290652,1.1508061331545572,1.1018351570603402,0.894845304196381,0.4957888809833147,0.6713761387958256,0.737006054272875,-0.9785677947967051,1.8915721515203283,0.07832074105082251,-1.2650126021058188,-1.125043662129271,-1.3065459286760541,-0.5963537216822816,-1.0965723022116158,-1.22400077118601,-1.0603678988275749,-1.140598260350595,-0.5963537216822822,-0.15416605414150603,-0.9700695807165587,-1.2729780718601695,-0.7517036738618814,-1.3270918200727124,-0.15416605414150739,-0.5963427313623564,-1.6472522339544877,-2.063823661528985,-0.4252652587129414,-0.28691042599276706,-1.2752079874773912,-0.8916081263576928,-0.8169864661746674,-0.9428539992862004,-1.2329209012589653,-1.2501563627958485,-1.33938864465316,-1.0222953132401147,0.08439440035709403,1.88642666465126,2.2583923999598343,2.3802426330498703,2.815135188885553,2.995471975589519,2.6098577893436947,2.450748131796639,2.095776813872066,2.5379016085760377,-0.35244382066804575,-1.221904119924272,-0.3633555803514885,-0.8719348749950665,-1.0488484922286634,-0.9960572512752223,1.0478678210417034,-0.42582926263989046,1.5305628924715255,1.2929021104226732,-0.7010447431238704,1.4503370986029227,1.8502503639501517,-1.2890570965613557,-1.2507773215143554,-0.8520948136556212,-0.08374548763023541,-0.4692467833896626,-0.8826598220672055,-0.20800021562770266,0.015554583813106643,-1.2101641838239734,1.071349179818569,0.4939672605671477,0.592844789583141,-0.47879199208073775,-0.2944401983960946,-0.5736863266349879,-1.028998041268022,0.023360340859889032,0.9132838904192527,0.9671346002119804,1.0009689732244833,0.21485256622423737,-2.2183171151364562,1.4490706532862758,-1.5423023253208379,-0.3605030219930843,-3.595979308306952,0.5039940684442501,-1.0237702238813298,-0.47083428252031256,1.2050022153100666,-1.607053307980353,-1.2102799465769307,-2.596587983914729
3235,1.0248785507280302,1.091224224138887,1.0766201617245792,1.1472955117974786,0.34984351696961824,0.743913809872835,0.5121738889496342,0.4941464133070768,-1.1251133157916242,1.8840472409196265,-0.030655573372453625,-1.0358989087462072,-0.8451552215473863,-1.128667825346899,-0.4672165608184049,0.30719380055245393,-1.2436926979715246,-0.14443884744998675,-1.1906462125755728,-0.4672165608184056,-0.17357511749022816,-0.07656638276968132,-1.2888879351214109,-0.16702069513464016,-1.3372162432529222,-0.17357511749022972,-0.7888609386154748,-0.535623850761486,-1.1557139914063792,1.3644693679326256,0.12248693349419995,-0.5226134759392764,-0.6245184169541436,-0.5421833650616551,-0.7243367899431582,-1.0283787996776077,-1.1426186901017452,-1.2229611281182478,-0.9506725893095553,0.1338879005314842,-1.5950940519567074,-0.8841483530396745,-0.8674370378527828,-0.4656148384254749,-0.3333321387690183,-0.46273161919567907,-0.5547817528310627,-0.5135237908997063,-0.3455160743959875,0.4097430737929662,-0.9769139496595127,-0.27794068780266573,-0.7450302482111392,-0.7778504868170297,-0.8696487651334472,1.0355933102549526,0.4409800570683177,1.5172117846669386,1.2483345075387609,-0.6727821966618363,1.4184988587561,1.8552217727165166,-0.9815972788819293,-1.1678633754907803,-0.9854326234974015,-0.2580655586878427,0.2111557529367561,-1.072676941998543,-0.28526520211330997,-0.07628544363784898,-1.2539361598119618,1.0263708732008447,-0.26594991429540626,1.3308430616121707,-0.5429046543131197,-0.25984289744617867,-0.5960542084508241,-1.0031480861467763,-0.13559716228508334,0.6482023207236043,1.095169624539605,1.1402176005006457,0.3097089645743996,-2.1867957932557838,1.408498697023465,-1.8938815666915523,-0.19092981592694236,-3.5941086900569017,0.4919315525593537,-1.0393252999818325,-0.43119441461619423,1.1930181287825226,-1.681752344310414,-1.1947037008153865,-2.5632075525508946
3236,1.2362269027779889,1.3384367051372292,1.2994393056998865,1.3938374463002572,0.43316384146532283,0.3052394066698805,0.28984562795426694,0.14020520726817912,-1.0238164048893177,1.8047600129752885,0.16208778538128954,-0.16508759808641454,0.1376535746048844,-0.405374115291159,0.7061745709240003,2.7352691482881246,-0.9120227766547797,2.105182781114648,-1.108770454518798,0.7061745709239989,0.3508612083963205,2.0712662402429287,-1.0940822891115076,1.6248001449840102,-1.3030018791214646,0.35086120839631957,2.255660941109861,2.4207268251832876,2.063090411003676,1.7071613694506143,0.5075945713225101,1.2480919254312564,0.5362170237416529,0.5277695253133604,0.16080674688125374,-0.2891118105127076,-0.6551779156949914,-0.6821521437144714,-0.5437439922743341,0.44947066685815973,-0.12221161686043686,0.3251778854079706,0.3731512333004136,0.7268219851305072,0.9642883660329115,0.7330563450779288,0.6847542436115392,0.524578623935349,0.8056932094670921,2.302382395125704,0.3995076852327979,0.4361841374710069,0.09043766539333714,-0.41388766184836834,-0.5651547898061996,1.2791029641261555,2.836356257152088,1.5041575603695134,1.2363389937494071,-0.8102458594205593,1.3977362615565427,1.8359772287967793,0.1377877489719212,-0.5875368368208642,-1.0075850818234668,-0.39544101851469055,0.026302540058932542,-1.1669098454403295,-0.45473756612804817,-0.4638600893557348,-1.361411828642089,1.0062648907992444,-0.08680851068197978,1.288343354972517,-0.4070887617360941,0.08959961448855032,-0.23630376648544824,-1.0585033124397756,-0.45157390165263284,-0.03245624759895014,0.9799259672791595,1.0393029768108482,0.45922554479265415,-1.929112147485212,1.2590679431632068,-1.9268007242282952,-0.13170623999039469,-3.4854154140626727,0.45212838440027636,-1.057223320568883,-0.3824676518421258,1.1833018103179584,-1.7596725891122045,-1.1571537047631313,-2.5297074421205585
3237,1.4237720522515351,1.4772960346522013,1.4819055292696535,1.5377225783029707,0.21043008568418814,-0.20346722564866523,0.3171172865853087,-0.24450788908856422,-1.1263718020191973,1.8241356164014442,0.6560683474911698,0.2421855940153432,0.5466238205042784,-0.032203142616570674,1.7457646017574253,2.4482503877283106,-0.4941503227291771,2.6362484090154674,-0.9096500463782758,1.745764601757424,0.9889911128192492,2.5104447463693873,-0.8145250689130197,2.3329359185386904,-1.2154100404516586,0.988991112819249,1.8103918572468976,1.3469460668618873,1.7835106970870593,1.233415990225167,-0.23689177831604843,2.1533809281194127,1.1146904190183353,1.080536055733736,0.6910812547264353,0.15058046581040882,-0.36090407764958476,-0.3528125355055447,-0.3071433182762001,0.6323008295593143,-1.4053525211737206,-0.8062350842462006,-0.7156931476593547,-0.4294089937022851,-0.18357732134726107,-0.36822157458915766,-0.3946907548695083,-0.4189949072560613,-0.23145456098453127,1.3434405321887761,0.533451307515417,0.8170462840293397,0.24572420460381314,-0.2960425891846152,-0.5276714831741834,1.1207472883580543,1.2975510379890447,1.468785514358472,1.2698372869748396,-0.8597419667566063,1.402151282210629,1.8897809929805274,0.7354848383008531,-0.3768112797236617,-1.1656132668095678,0.5620786293779979,-0.437001060756831,-0.6485064107462065,-0.7433747328543615,-0.9424842088617006,-1.3209543964869221,1.2507821931593646,0.5544334083545849,0.3648878378581438,0.4113726805572495,0.4174745843047788,0.6154873576660667,-1.384938530767611,0.6266108006166127,0.44717564536036386,1.1827526945520985,1.1392669258520658,-0.5327690554126187,-1.5395307055988234,1.444458625633632,-1.599933804671498,-0.14312046130880912,-3.2851070621228113,0.4313266254152843,-1.0539529361265605,-0.30611908925826276,1.1743562320165153,-1.765556661639795,-1.130153088899648,-2.487635800661976
3238,1.5252510090781806,1.5367984286802712,1.5422460797407,1.5717963602895022,-0.056420104574057196,0.15134754268926054,0.09026215479302097,-0.9337597684853836,-1.2128861538465752,1.8927236931040565,0.49106736639098947,0.35776554329358917,0.6591567131888564,0.07655158673427269,2.1345214535935932,0.9528726382369169,-0.1712186175538592,2.02728938047649,-0.6654349241590306,2.134521453593591,1.4415118322476692,1.797768667458446,-0.5564365460275424,2.143954209268957,-1.0901402344476616,1.4415118322476688,0.6103824294764215,0.5834509670375736,0.9718412534634581,0.5178764654413002,-0.26004490536655606,1.7356481798325645,1.1727887013563123,1.109363766016525,0.8195022413953947,0.2866845421735739,-0.2775704424747456,-0.2507756270416496,-0.25544089744234433,0.6715823841806534,-2.104909813256497,-1.7346661926857958,-1.6599439015591013,-1.3993221939433533,-1.2099495791765371,-1.3172152507783181,-1.3322159330312362,-1.2359921697219602,-1.131642993631468,0.3278591990057965,1.6490477339523548,0.6312064899363032,0.4812450729516695,-0.061739892675003155,-0.5226588689157956,1.117007551745322,-0.05871919893352499,1.4319649985036467,1.3039783331170434,-0.8712892260574907,1.4227861330616334,1.8698674514232012,0.8013470665238827,-0.2643019105574641,-1.0470770957855609,0.707528276402407,-0.43036735700878176,0.04258715593151119,-0.6514160106427633,-1.1230904286451502,-1.2727232476345247,1.143467861051533,0.5681846401741256,-0.381869486226687,0.8825184059371931,0.8073200037173159,1.2516873445826362,-1.3157228612091043,0.7573171961613608,0.2591423605942999,1.2838495427290153,1.2224023352102125,-0.7167002078775565,-1.0291558656660056,1.5082815467096515,-1.0460774815480158,-0.2910815724165218,-3.069474638675231,0.40729245410742737,-1.045622423083576,-0.30404262080441585,1.1655712813202617,-1.7848542656984996,-1.1105029885970403,-2.4710473921840435
3239,1.576460217943279,1.5173360892247054,1.5305041302141806,1.5178869200601441,0.09025838905939305,0.30019471598109376,0.20652073655119177,-0.34827938742355236,-1.1780573171161164,1.9438573050099104,0.1837356205120899,0.20843501304882586,0.46888357456855506,-0.04379746242927796,1.8470736407587418,-0.6644495212487932,-0.02911737670602193,0.8944554788679635,-0.4535973864701626,1.8470736407587403,1.5760054513181856,0.5615117452103627,-0.3866653990269214,1.4103793197662047,-0.9538817454298396,1.576005451318186,-0.09375421185094242,-0.16579111869537813,0.49732109460663787,-0.579369018531106,-0.3882994045818045,0.6805521500254249,0.8687066999299269,0.7629505004247047,0.6356118839634609,0.1791841109892492,-0.36480393114747955,-0.3324680701856484,-0.35193537010358733,0.5944514095627195,-2.0245321382823764,-2.089203633558205,-2.003006240612435,-1.7566954164834465,-1.604538261297269,-1.6889301596204134,-1.7069274667254588,-1.5571166884249932,-1.481465222755592,-0.47040989007917405,1.6015854193902952,0.22795411924293912,0.6361251385230304,0.02460138085074972,-0.5104808599594118,0.9776042789716725,-0.8250743189280546,1.409367500960539,1.3119517844912847,-0.881392322036757,1.410469256262499,1.850326122296834,0.6354256087991941,-0.3490481747733353,-1.039392197941652,0.5116147230442418,1.2964651782254923,-0.16522255016250528,-0.3321189396640368,-1.0943212499976658,-1.254974189094813,1.1176875347209636,-1.3229515131574625,1.1966676395588796,0.28958311839976486,1.1834212323137672,1.0892404599681826,-1.284222245561961,0.47559875058865564,-0.02472336921587737,1.2284263713484656,1.1894767483472832,-0.49899454292429607,-0.4653579124279521,1.3747824877751218,-0.8480506893780758,-0.4146432074656321,-2.8937045208558674,0.37540037476997745,-1.052335431804885,-0.26340836463583756,1.15649491478451,-1.8126737201035417,-1.1129124217999324,-2.440815593840572
3240,1.497766457383033,1.442619988551368,1.381379885823936,1.3701032364438819,0.09641331306816849,-0.08653742339544843,0.1713148190874593,0.1480611337066865,-0.9837746241620556,1.9988918052845257,-0.13170847488742024,-0.2716307336067051,-0.1264530168285804,-0.43843143363195,0.9309258697063765,-2.16251405651073,-0.12897957575517055,-0.629183321201975,-0.34700313150723866,0.9309258697063759,1.3167067367580347,-1.0149939088666928,-0.36295447898696165,0.19673918925086062,-0.8401508891666565,1.316706736758035,-1.4388066353209776,-0.6976856300673634,-0.7111306456963695,-1.3193233565559563,0.8761181358578735,-0.8058469184240539,0.14541658101428767,0.0767676009663336,0.14366590764624462,-0.17168906779303586,-0.634107263811064,-0.6160107917153453,-0.6077137745353544,0.392447407903869,-0.9616533197174882,-1.5528604227983094,-1.4199781374347862,-1.2749033112283876,-1.0618634806656786,-1.2320442796385138,-1.19091664033921,-1.1649794816737586,-1.0525962418444244,-1.3405616326310796,0.8666019140310802,-0.10292244624383984,0.27866978978213375,-0.22015268509535904,-0.6203621525659396,0.8566127023347526,-1.773942197357547,1.395781617869574,1.3057509020212614,-0.9776156273478784,1.3983334022957774,1.831233219588498,0.0636314391704959,-0.6488884334773111,-1.031773481910923,0.3270741360704354,1.5596403627632938,-0.7636360621498104,-0.06560831448526813,-1.0054863652999428,-1.235796705903734,0.9748179204328575,-1.6321446196995213,2.056899488429783,-0.5661887038324125,1.3951838041083555,0.6159659522107217,-1.1289944775643994,0.17329492234103872,-0.5081165775077009,1.0152635693325358,0.993595899339096,-0.3131969803141197,-0.11351296564870031,1.2679146135236072,-0.6148192666574938,-0.5331168594754792,-2.8192205001839428,0.3522929254870789,-1.0859667274950275,-0.21062652664504222,1.1463189359553843,-1.84662624030705,-1.1163374734272524,-2.413336885672502
3241,1.4152497849428396,1.3975793480116012,1.3105411279192867,1.2804113608669014,0.7987177413046291,0.17147446859571377,0.5297584219839563,0.3961306015054672,-1.0293558227040835,1.989913091736323,-0.14663707686239974,-0.5230595233609251,-0.42596852963387605,-0.6518908517589452,0.08799821499327037,-1.9735572582963317,-0.3049235287918465,-1.1061517397522218,-0.3368731069851911,0.08799821499327035,0.9351260601429223,-1.5084290642852007,-0.40932278078095974,-0.3874601310154074,-0.7593463541677637,0.9351260601429224,-0.7050152151019573,-0.42771609038065644,-0.7618602643501945,-1.4206764508766307,1.3394849788085323,-1.3336338259510028,-0.31072146844561943,-0.2801521993990174,-0.15933471681627587,-0.3655662946219455,-0.791268600939632,-0.7751839958658807,-0.7630768487145234,0.2663337840041573,0.269443792078491,-1.0941471223987098,-1.1146789977790832,-0.9732120475958911,-0.7892672990870204,-0.992926896549433,-0.9054670897114443,-0.959424356215411,-0.8279070060360416,-0.8392522923237848,-0.4089327553341872,-0.008207756633983408,0.10903814290181252,-0.13046019639688172,-0.6714563011903988,0.8712247167642395,-0.8967187626271514,1.3843123766721082,1.298056196439354,-1.0961392774380465,1.3863747596157296,1.8125748748659338,-0.26924104754230305,-0.8207578705796259,-1.0242192209974943,0.4341575334616976,0.6305443313920215,-1.1420636252948448,-0.44823178851209805,-1.1352556780426946,-1.3218560384341034,0.8243064657542567,-0.6156881084972543,1.7417395686470616,-0.3958042378524917,1.0953786640234553,0.5206033444987113,-1.0098210832140748,0.45992428464421664,0.6079421306847757,1.0712077691874733,1.0501232687095865,-0.3172936472782371,0.04654753843247723,1.241344533493038,-0.32764131994645673,-0.4921990114275424,-2.795321904928043,0.3380007083672297,-1.152822285276821,-0.037768419200381424,1.135555711338225,-1.8707823436110809,-1.1814689271371055,-2.3910963719625546
3242,1.289930280192557,1.3867218382620168,1.33223012250708,1.3813115572397199,0.6500597955854415,0.5925170272573108,0.9162032647712284,0.6150521634535072,-0.9555484774067751,1.977364626747729,-0.0339535947147079,-0.18551127624198854,-0.028755655452688548,-0.36673820214393454,0.1529934534091781,0.15213675805771668,-0.27377990942522634,0.19555841394413395,-0.3193345762123501,0.15299345340917744,0.8723655786854515,-0.24516812703574373,-0.359446365433461,0.4147813469078888,-0.6841249102875012,0.8723655786854515,0.2164802405802772,-0.1011129555718558,-1.1890079874694823,0.9912073032812434,0.7913065422285984,-0.3201626465940663,0.20498353856236956,0.19380204237360524,0.19889040542932052,-0.052795223395370586,-0.5824761686360717,-0.5283242692105675,-0.5981138516936433,0.39359880792065954,0.9873070924086975,-0.8546314787604724,-0.9147549191739114,-0.7727288813824329,-0.5834900995431804,-0.8179104430063515,-0.6709775730835089,-0.8076755881515622,-0.6616849253492472,0.9484255586182164,-0.5617963916794568,-0.02523398312038967,0.32119931018587766,-0.07763291704786078,-0.46968240562868496,0.9678190950044165,1.024474639835259,1.3704116495642316,1.3036019262607053,-1.205699140348458,1.3745856022959593,1.7943343737912374,0.21314774061223163,-0.5615915799094527,-1.0167125704480582,0.33654164685320775,-0.3670105595467096,-1.1761144627743456,-0.7271198027246845,-1.134710348969001,-1.3652405893218091,0.8064622742125894,0.4439786537105256,1.0058281999758822,-0.06646304061010078,0.738078883419902,0.49920513015623863,-0.9918464810973051,0.2757610583270404,0.1699461600744804,0.9872629657526542,0.9733450791876659,-0.24114365392176298,0.21364714118332634,1.215417828933106,-0.14912689627926043,-0.6304152503159578,-2.7644971386072226,0.29463916335432766,-1.3076842994708697,0.13547150723060322,1.1257634838935933,-1.8882844561088925,-1.2221468497840382,-2.3649160559415847
3243,1.337603207030774,1.3194547843030464,1.3797524730353767,1.3488248711765365,1.041511562860687,0.7647494605620818,0.7945120482497696,0.6739756713476304,-0.7864287615085298,2.097946735396901,-0.11362614224315112,-0.2571338979828246,-0.1182193445481973,-0.42554585170790166,0.05465648948954253,-0.2308299346709196,-0.2893435998198596,-0.09826339578906979,-0.3130323675328503,0.0546564894895422,0.7448948642724409,-0.5041092239672804,-0.3403706582765431,0.15836113313050232,-0.6199550390929914,0.7448948642724409,0.4738962675818648,-0.6559923992772373,0.45382988001205216,0.12809337956447972,-1.1454733595458457,-0.2367975808204961,-0.06826503833395071,0.01603379445634115,0.08346813596667106,-0.10552709878978256,-0.6309599408345313,-0.5719943164627319,-0.659145823573024,0.34211947825121386,0.4736416332825,-0.7144716326141984,-0.8805896170773936,-0.899017149041015,-0.727837887836806,-0.9347088607042149,-0.7792496638390284,-0.9071146073200241,-0.7699283302598895,-0.3080352078928489,-0.8113293958108323,0.5817388341977987,0.021497175340220578,-0.009438290601075502,-0.6004134852902244,1.0075312221088162,-1.028562214023217,1.3680424330751977,1.3071484800701376,-1.3063006326118465,1.362939894924589,1.776495933184493,0.12298341156773339,-0.6050196929010301,-1.0091380027291537,0.32115466733143533,-0.6305979464911825,-1.1875487620934513,-0.554968238528547,-1.1013076294596844,-1.1989959483829111,0.9015904799818918,0.7252035232557954,0.8135611846237193,-0.30287910830619663,0.9101176902902949,0.45431720646474893,-1.074734033388362,0.18893850033800091,0.10495195690890471,0.8168171968919149,0.8086572193607301,-0.16818135407289808,0.21893331259914,1.1548572388485336,0.08544909836104166,-0.7419572068999153,-2.702174258136334,0.2751372732643169,-1.452433684123621,0.3552710543496979,1.115020235630259,-1.9187519996270963,-1.274844836867377,-2.3424188300456534
3244,1.3082262593537306,1.3996923724464962,1.3562323659847506,1.3929363085589341,1.019604518610033,0.5866143724000232,1.0767387735417144,0.3019539129335795,-0.7482307046097276,1.948169764350057,-0.4463696346247671,-0.0866204835893946,0.08563217336518893,-0.2829975750170484,0.20996728262643496,0.3644949775794727,-0.23210000655126817,0.36013302792903773,-0.2890124994475484,0.20996728262643458,0.7350105008629674,-0.03635319979691264,-0.28465305373821576,0.46399541359781993,-0.556741140570559,0.7350105008629674,-0.23728174900441923,0.7808598135968036,-0.28872903106163567,0.9247524298426244,0.5960489380033607,0.3043856714253577,0.009205047129124564,0.21742767348545552,0.20936679640881356,0.04341580021394926,-0.5295965401494565,-0.45084998671988386,-0.582223325699301,0.3922537808621232,1.166983956216743,0.665842030853148,-0.1115473377429895,-0.17687778841987897,-0.022916569491572458,-0.3007976120629391,-0.04647617206573947,-0.3108254293141698,-0.16815370231625712,0.4115456563471068,-0.46436341261075537,0.8125243649352041,-0.09070870706532339,0.3027007470458905,-0.592945976516103,0.9848152407934647,1.1722387927783808,1.357034978434138,1.3168838159992438,-1.3429087585214596,1.4100517546614189,1.759044637507194,0.11649270096242371,-0.4738307072176083,-0.8042847080817483,0.12062738415866936,-0.4102170290779549,-0.4124109447738686,-0.8327410591154847,-1.035037541057003,-1.2860057160868086,0.9630516001237772,0.4590926157003876,0.13270902408011495,0.7223902173944935,0.45723367969978873,0.8734267786792133,-1.1188799400130844,0.09463688019921458,0.48320069759578316,0.7582010572760917,0.7697262105909574,0.02905845831386279,0.34837696354554726,1.027643668265124,0.1051040084411211,-0.9464914280010602,-2.623097566876441,0.24859480163388945,-1.561446203892052,0.5551216314069813,1.1057194145890028,-1.9680001262117848,-1.3166786162042365,-2.321707047221463
3245,0.8870967145650727,0.9063139089235088,0.870692113981405,0.919173567825365,-0.9213073805415323,1.0690603861589003,0.809207032988709,-1.0533859614318342,-0.9661824519481009,2.002265385350379,-0.4689546114507865,-1.3497519081542684,-1.3336889805907932,-1.4074621444228124,-1.630026807979241,-4.186208606929911,-0.8174442052475313,-3.595798181258496,-0.4758579821485789,-1.6300268079792395,-0.23562072984639504,-3.7593702306550796,-0.6123471795585723,-2.6959913929425805,-0.576504748742746,-0.23562072984639568,-4.654543943708581,-4.589618532837799,-3.939087295773184,0.3758513220632542,0.5413910955341343,-2.7089718237205016,-2.2556562239944653,-1.8753100542097925,-1.387893534646973,-1.227245044683091,-1.4221029005563437,-1.4410496842768858,-1.3727717884081179,-0.2504681190097322,6.572577554273939,7.411509641366603,6.761973941570604,6.221523336785886,6.7655198801693786,6.313805256615787,7.189612070338496,5.816948086074649,6.32280302477558,-4.256234104854018,-1.6966954953428657,-0.6430935186811546,-1.0816317913187994,-0.6381706186522756,-1.0826502772940858,0.5499967375441628,-4.782532794399052,1.3185635468410506,1.316405883025856,-1.2550283499098136,1.2908256303666483,1.689386541605915,-1.4276841515995973,-1.416306541582773,-0.9969983258158749,-0.038015805499141894,-0.7338786708196307,0.06005487705941559,-0.9856702719867201,-0.631845447999692,-1.2961197444018635,0.9544704569669922,0.784623826600604,-0.6414329137906748,1.3263562298996807,-0.33329736644735664,0.7311859194610347,-1.030883838005921,0.12958263322499083,0.14086532578157215,0.9594862963433772,0.9601965717719725,-0.09726131609214887,-0.10274090955641846,1.3899956058786573,-0.10234449154395252,-0.874324501644126,-2.7761535012581895,0.3059905067256279,-1.5926947441102928,0.6000183385131876,1.0917140803415755,-2.023701933548684,-1.2519987767765606,-2.2966541222092705
3246,0.9893021993212653,1.06805281105182,1.0495487807613926,1.0635398380530203,-1.3213901780179862,-1.0760762591588229,-0.9704666393454047,-1.263145369100045,-0.6476839415775762,2.0172580516030254,-0.3266468133706321,-0.8988813412303461,-0.8069107621258035,-1.023627237692424,-1.5688580700803112,0.12275644831673388,-0.9776165646049481,-0.993618618254828,-0.6560893556905187,-1.5688580700803112,-0.5280036987858786,-1.1307146210360608,-0.7467545346287207,-1.109821833763454,-0.621149080777693,-0.5280036987858795,1.7964982168662884,1.576181652432074,0.9874750247278347,0.8458189632502341,0.2120548554687765,-1.248207545182998,-1.3754797592234012,-1.2006909697210184,-0.8603022627934801,-0.7769884732720413,-1.1217009472871329,-1.092725493980056,-1.1218242095769058,-0.06646964100501539,0.20788140222846346,1.4553570875361197,1.4393473246854511,1.122282614225682,1.385355263424022,1.2738577217216622,1.6235824560990102,1.2067502069924383,1.437226607498784,1.357401729207981,-0.8361096889720416,-0.8973442523845158,-0.5010213846921675,-0.3351450597341086,-0.8090904397284608,0.6046534310825965,1.2800486109484648,1.3176520137079948,1.302382069200555,-1.2687073493476264,1.2801008527745996,1.673542745782046,-0.765264759313217,-1.060269384134589,-0.9891354342161556,2.9130108804194017,0.9712150670687363,-0.5621226860710447,-0.14514531541213224,-0.7335069569176021,-1.0406777150243418,0.5298339863752554,-0.617010370332858,1.3778907943812064,-0.2972019952405539,0.8900784118108094,0.4474598743530957,-0.645847353557414,2.589789512005486,-1.67391893459322,0.9455967119303531,0.6330680633583959,-3.0925219729087163,-0.435978783285634,1.6945826165060602,-0.8258711468635169,-1.3945159580133757,-2.8821804151349597,0.37912015145451883,-1.6899943179462966,0.15924802744945152,1.0794733792674136,-2.0859402754648424,-1.1952129413348371,-2.3469995518894304
3247,1.1087842912570374,1.3614245807690482,1.1039090182699864,1.3753317575976498,-1.1512369322621616,-1.308353627294659,-1.229680542139032,-1.4139339183164847,-0.6136660909128369,2.080899927393235,-0.5736782504004246,-0.14374796584685265,0.01835689107486643,-0.3401236407570214,-0.047590096260228754,3.4005146663221852,-0.6457342947883464,2.019500343556777,-0.6609961714503385,-0.04759009626022924,-0.04188514842558885,1.8663969989754177,-0.5949740448716592,1.2400675461249377,-0.6242378511929135,-0.041885148425589436,0.5253215873401387,2.8223930775105743,1.1583797682271568,2.9327427501061725,4.3204116869467395,1.2134582183956477,0.2663445270661278,0.1379674870098856,0.20047366811235778,0.12555968520834246,-0.5073368918571024,-0.39103705648970916,-0.5932232618877834,0.3423074887621897,-0.12458112407523202,1.2959240019935374,1.3126420637346106,1.1327177856835065,1.3932898429146725,1.3517923095922895,1.6845794211772898,1.2890229698277955,1.5283718783591393,2.856597967197286,-0.041688081538057385,-0.4358060020507075,-0.04475930769871171,0.25388726767470005,-0.3978724070034724,0.8647559366540963,2.6052106568867877,1.3235945640829945,1.309300381736637,-1.3131453520815384,1.2680736757350115,1.6575925516692027,0.6282832722145184,-0.3209789854199051,-0.9858969978872931,2.833535535636569,0.13484965868926643,-0.2891361367137081,-0.671565685953381,-1.043448504892546,-1.23822665862476,0.47974453701746855,0.2806191606618212,0.4248204927764167,0.6227953359324857,0.6724968800179068,0.9662563107736403,-0.6576711827943509,2.731372538275776,-0.7211313006704613,0.9074496190766738,0.6013192259969883,-2.981532639176718,-0.378751940891149,1.4978613438942117,-1.1747159878071696,-1.54597053744103,-2.8132962842800318,0.40339329217086484,-1.7344853283234456,-0.06924903073466569,1.0698665613837013,-2.1559635068338046,-1.180263821734078,-2.370887656187595
3248,1.3702651998629771,1.3969138112539634,1.3982817681061288,1.4481014936169172,-0.8041829024304387,-1.189890093263288,-0.9144250284191142,-0.9803758931892362,0.004080998938740811,1.8620796748185018,-0.6649328196947846,0.028438267101035215,0.19793679801270805,-0.1771781443566391,0.9397978087740784,2.1911456156878133,-0.3234811561703722,1.9561593781462396,-0.5525578138555024,0.9397978087740773,0.4354854221623348,1.823039765626094,-0.40857410181575843,1.5238951710685835,-0.5867046961621856,0.43548542216233466,2.8442232720045806,0.3410232799631504,2.496541802656511,0.8759442081571355,-0.10462535432145256,1.637629581456785,0.7036813976525116,0.4568774346026639,0.4413841410877865,0.3492874619009181,-0.355843394062547,-0.20763261940295638,-0.4635125971459723,0.4322437863456495,-1.5540463334633903,-0.380727700310618,-0.19509719310383986,-0.2687173050469751,-0.11057065534337596,-0.07583550087729064,0.11129040617812466,-0.04407153529709919,0.10682782647802279,0.6597246971050194,0.3623479023603022,-0.33134460171430075,0.6940065345618618,0.20228579840119254,-0.260665501645268,0.7684542284481585,1.7399645518524725,1.3279953848088664,1.3257667210377109,-1.33445250685675,1.252840141624126,1.6419514157079025,1.0166049562209256,-0.12083863462952954,-0.9940564326258327,3.65258059943979,-0.6759181764835722,-0.8594951625448849,-0.9177139665775385,-0.7089066830654437,-1.0920488922710128,0.7372481880443328,1.2911240237655166,0.4183349897953719,0.45079426081511625,-0.1366271050933992,0.23146162911200166,-0.8366624714796705,3.151769553385551,-2.161106622508846,0.38896152163058184,-0.016310202868901495,-3.7389192324959315,-0.39629592336246805,1.1474026514932327,-1.6293051700006405,-1.5644161890769503,-2.793322401580394,0.38696768344470817,-1.7982618607817473,-0.24081303395147435,1.0619833432131645,-2.222753708022048,-1.1841683930245386,-2.389988429507678
3249,1.4175577751962476,1.3616807369691615,1.2719231660532078,1.223592997606795,-0.6039119057846709,-0.8311395393496415,-0.6951312543591398,-0.7643070369595589,0.6956538712041178,1.7348610933626207,-0.5078275281749166,-0.471342881549098,-0.3637934787316759,-0.6297522541677688,0.37090938547750735,-1.263728279174303,-0.40881027360541683,-0.5190990407889252,-0.50987532225313,0.3709093854775063,0.2844725619643932,-0.5799076513896595,-0.43415230311590924,-0.21011665150857353,-0.5621724750876228,0.284472561964393,-1.1683604938036034,-0.31019544017908096,0.4547764581693172,-1.998341003504328,1.447145745433391,0.15555983662813264,-0.2772447977950163,-0.45015133341074925,-0.3032599743008272,-0.2548686294914491,-0.7751602193491904,-0.6660810559229876,-0.8305674172589559,0.12288884805080996,-2.0258090943729634,-1.0420849915823858,-0.8158420353923446,-0.8319451733343187,-0.6937078884870397,-0.6477362434458742,-0.5089199992075583,-0.5742347405064676,-0.46153784754659327,-1.9527206052942403,-0.641632535549817,-0.7929018349489557,0.2709919059124338,-0.40056585193833566,-0.5829075598313355,0.499446556770942,-1.4262206736540919,1.3393798730129516,1.3136099242853037,-1.4027783633289268,1.2424692392647851,1.6265088147731763,0.09650102597602173,-0.6057526251916392,-0.9862222025457572,3.295465811888076,-0.7268688746888915,-1.0664676541378662,-0.07556222932172235,-0.7307856180952185,-0.9072315309215092,0.6911017747726009,1.2989558212438015,0.610056089893748,-0.8283345016902738,0.984791619747716,0.1218724625986497,-0.7966543783300796,2.8209224745320265,-2.0653580722355582,-0.3303763940637294,-0.7105382615186095,-3.352705172217742,-0.522658201771762,1.0605821919525114,-1.8490952189767569,-1.5511288723031158,-2.887426298474996,0.46484158537496345,-1.9413629138241422,-0.2829464475995745,1.0534366007460816,-2.269623543241808,-1.2152718429235005,-2.3846420378898148
3250,1.2367181660304933,1.2188731571192162,1.2768695443558367,1.212352750319429,-0.7025102385583987,-0.6485390942694353,-0.6928685728652128,-0.6734163890702246,0.9722227792670168,1.6206052800310093,-0.3226874121027618,-0.4684986395146874,-0.36112217394533125,-0.6266983973693667,0.07399095652453686,-0.6570465244343395,-0.46670998141601333,-0.35144657231555765,-0.5014392944063525,0.07399095652453655,0.17288688401550406,-0.4294510947920498,-0.4562260650058834,-0.1808260594342075,-0.5472597876969172,0.1728868840155036,0.058862454930464075,-1.3129535101550864,-1.6617969880962788,-0.22589644729928196,-1.0432699701242714,-0.38921603271673205,-0.2512900179918384,-0.3645613885269632,-0.3072583707041535,-0.25952284893816246,-0.783082306070442,-0.6589239048173705,-0.8380437740215975,0.09917809294198239,-1.4486095680799793,-1.2714690143798846,-1.073824363048259,-1.0405016498546282,-0.9088947703090349,-0.8377681509070711,-0.7339889048751052,-0.7681328548733305,-0.6697003717837307,-0.09371443346145915,1.178196571004544,-0.43689806231711065,0.14926897159841276,-0.3760012816263458,-0.49362099847604685,0.4169190401750666,0.4640330352421009,1.3371316704883163,1.3050337605797457,-1.4631021752230837,1.2321970977802343,1.6111569809889057,0.09626626421806979,-0.6027297000669166,-0.9784562502770872,3.383369822173969,-0.6197212394893375,-0.49043744202940626,-0.46976567683791526,-0.9928385291062294,-1.1728143449668522,0.41577949349606447,1.2097101257709826,0.059029722614135235,0.18409432237997536,0.8759299220499446,0.7824534546903754,-0.5863408968121522,3.1881182760543267,-1.0062299872287024,-0.5890771789450175,-0.9907811203325643,-3.44875156164825,-0.5712364996178174,1.0669682317154945,-2.005793452351415,-1.5463421911372308,-3.038827036696661,0.5870592396172027,-2.0191691565491494,-0.35325612252314453,1.0453964918148224,-2.306828853950004,-1.2643184584493101,-2.3832236490358962
3251,1.221482767294143,1.1607420580516643,1.1926869364524793,1.1924333162441723,-0.9634258918180919,-0.5849518207817437,-0.6887570450963841,-0.836102038440978,0.1983041542419151,1.748255412081675,-0.24752680728523074,-0.48751994887675754,-0.3841170872802211,-0.6428187117141032,-0.10436513343259499,-0.3906768504543324,-0.5180907143258736,-0.3095707673440727,-0.5135107527528221,-0.10436513343259553,0.07388729672284942,-0.3804338136335961,-0.4823332066479402,-0.2129416153063562,-0.5408739552643586,0.07388729672284902,-0.7907193571252524,-0.5413753961930153,-0.13446091366960314,-0.276605356902624,-0.6105969198741252,-0.7485619969215945,-0.30583007344889457,-0.3307093698342543,-0.3606031073512673,-0.2997899305016009,-0.8053109524206725,-0.6658245651296634,-0.8586493087864518,0.06338353898546481,-1.4116346914671671,-1.5255133732698178,-1.3865469831409785,-1.2414564821217349,-1.1517895656208543,-1.1007298489131145,-1.012833003222131,-1.013743959053171,-0.9313021437074788,-0.1702913209400239,0.5247521121656427,-0.24635770204791776,-0.4449852830567632,-0.17782411271421816,-0.6210344187936597,0.3053166563864748,-0.8886277469371093,1.3264723902149762,1.2945260799150191,-1.5156103159012786,1.2220368832400896,1.5958122433029194,0.05825103547164582,-0.620581565081494,-0.9710277571058836,2.9954716571711497,0.4260014309279923,-0.8770123800735093,-0.7084049819459203,-1.0577431177037664,-1.1743182289952414,0.26899677109997067,0.03848680862226167,1.305881133215908,0.1514478240421986,0.6754659211686811,0.6068537572174084,-0.4601619047888124,3.344461583666742,1.210539426941149,0.1451484020763436,-0.2145153550677339,-3.093159712529971,-0.565393184811627,1.0669575815806724,-2.0898207563899494,-1.5551362140227598,-3.1719909892611136,0.667439100512527,-2.08004587009651,-0.4597086957440205,1.0370390070723756,-2.3203958315951576,-1.2785842553832354,-2.3901226296634883
3252,1.2040077910458005,1.2175367340919032,1.2475474753280924,1.2491075269239091,-1.0633375691169618,-0.98502481836293,-1.1383357276851727,-1.0061939171772107,0.1050793178649371,1.7090568056394428,-0.34014466663439086,-0.31554700936690716,-0.17705306362639217,-0.49568361138907596,0.10598635083395701,0.4613780139514754,-0.461496808203681,0.3522420678072978,-0.5020050884161299,0.10598635083395655,0.14349150292561244,0.2633172153776273,-0.44987258369453725,0.2741752732768598,-0.5287978391334679,0.14349150292561202,0.5392421647364569,0.5517034447958987,-0.1542092348094996,0.5294290186740276,-0.5775237334783646,-0.10095598415981955,0.06158840422456119,-0.012040615144943829,-0.1305740699952205,-0.11921075000709307,-0.6729482607886478,-0.5024283374391239,-0.7511768692996952,0.13023201577819965,-0.8659464850531142,-1.5568733761240194,-1.4400884452376244,-1.2776608342784723,-1.1922521053805806,-1.1318372824051486,-1.0605717317949666,-1.0562766919845807,-0.9817801992526323,0.5256803199168539,-0.46217439179954123,-0.3618593943965185,-0.6293511793388985,-0.2699268876081625,-0.7725738345220039,0.4865855200752942,0.7207723255616828,1.3184060773841004,1.2889279316369922,-1.5641266695348797,1.2119935444962298,1.5807462098887228,0.3561359487705818,-0.4596750220281045,-0.9636558217205439,2.6474998405258807,-0.20981163352653887,-1.1013137530836479,-0.8607867367611104,-1.1268911729981759,-1.2633631199429538,0.12479116027163575,0.6737093052792119,1.0552721427432599,0.14197258358929532,0.5992725837112376,0.5408601500752673,-0.33710185690450334,2.655825350617912,-0.3351549960167998,0.20250839282043226,-0.12207459963026396,-2.756883445923926,-0.556446833469911,1.0436088398156047,-2.1911083400313096,-1.552187419473936,-3.1769718329678516,0.7096564029411031,-2.1778509352462274,-0.5504039303537982,1.0289005004914729,-2.349950838578795,-1.2950941357273345,-2.3941087465003204
3253,1.26704520778889,1.2443315847395633,1.2784214150291675,1.2095834999414237,-0.7121257098077337,-1.0832027724322595,-0.8947389398795339,-0.870890331160927,1.680834851998898,1.382867638461662,-0.15922804881400576,-0.3924643437540628,-0.2752182268390601,-0.5589720842394243,0.05625114102875068,-0.10921977160423743,-0.46711960984627504,-0.029017770328332748,-0.4962803312463269,0.05625114102875039,0.11883332177165389,-0.09517559806069524,-0.44910667031599266,0.011903252092517727,-0.5189599512747863,0.11883332177165352,0.3086960507221372,0.2644091585684388,0.6174346274462815,-0.5921427317077428,-0.6494338105720412,-0.03850222093802434,-0.06988321512987118,-0.16868523309375538,-0.2824440166625298,-0.2175822868598511,-0.7226340681302351,-0.5487942827260781,-0.8039186143166296,0.06821218937199817,-0.049750318228487606,-1.344549808050196,-1.2155771725191966,-0.9795189600274168,-0.9748826110612473,-0.8733780277342599,-0.812701469077195,-0.8456647575925956,-0.7755682491318536,-0.351148566671106,-0.8860084081942865,-0.3807148229899204,-0.7918395451383092,0.13881457249825108,-1.0262965457655384,0.4068719672422768,1.3424504285532548,1.3204326169400071,1.2807454338581372,-1.5894712493600305,1.2020638992925896,1.5659495377988815,0.22924165052371615,-0.5232632247739268,-0.9561518566497821,2.371473785200535,-0.633845838008395,-1.0411925303881253,-0.690930052286283,-1.1230497205070513,-1.2743346809730498,0.2780802161417349,1.0851555317275097,0.6645741274710903,-0.02774612486126386,0.8115634684139789,0.575177502001629,-0.48221480759015317,1.4426529049202719,-4.171881648503461,-1.4028528686411141,-1.704920297900073,-2.4370538673397806,-0.6922123223079722,1.039412652342948,-2.166000059992286,-1.534360501979814,-3.0959503959439902,0.7081947030684302,-2.3018631609003846,-0.57563881918336,1.0215336070385832,-2.3650786058773,-1.3911239695480473,-2.3729792103416676
3254,1.229799038863347,1.298415239043401,1.2779879318108691,1.2327169691583635,-0.6236804021047142,-0.6072872992364912,-0.5947811908126918,-0.6381892458057938,1.8598960709907555,1.3037606208991515,-0.2877281976544427,-0.2985446142142862,-0.1572854607148009,-0.48097834720454746,0.16012752672683853,0.22892566741007855,-0.4274797107568952,0.24604379428888437,-0.47879681865322843,0.16012752672683805,0.16382484788825719,0.1702762299532897,-0.4227985788703145,0.22269982799719099,-0.5054834316793585,0.16382484788825724,0.0062825824380876695,0.5240168806538669,-0.34592914866332564,0.059897369513434114,0.2753423018156772,0.12966945270029295,0.13583933050789054,0.0010402914278745453,-0.22037054699598982,-0.14948776435401032,-0.6473790757201674,-0.46046724186985233,-0.7527857356197395,0.09029203803495744,1.0707662064989658,-0.8140880098778245,-0.6780921187239481,-0.2876163678365504,-0.40683696730953195,-0.2844808181996536,-0.2149463602760358,-0.33675423809778054,-0.2566549236815269,0.2162016654241371,0.05049808708243855,-0.4351964013930098,-0.6290740335343088,0.2613076464501602,-1.0841949301027944,0.5400414939091023,0.6446269522623416,1.3126387162802706,1.274821865262241,-1.581395460831774,1.2394621188308732,1.5514133190653336,0.17233222697134226,-0.4406447609885755,-0.7875737390856414,2.0865626281198684,-0.24171701443095497,-1.0015342037800594,-0.44296452719802726,-0.8779908098396079,-1.0231334949954265,0.22834766969977832,0.6190512983700559,0.9179317898107757,-0.3121589762291454,0.7557695842346689,0.32919464217851596,-0.3873621922866403,1.980076481449488,-0.6853766117427581,-1.61783928204367,-1.8836625454627958,-2.1425536418861406,-0.795843720135132,1.0248403522073009,-2.1230141260336244,-1.5277901832814516,-2.9680242217916732,0.6817253038377767,-2.2423162243713355,-0.5887316250788076,1.0141730279603058,-2.386265707103718,-1.490110121739954,-2.3532903835531482
3255,1.2566306256060802,1.2535462702045774,1.2827031786477139,1.3087236945674403,-0.9315782413924852,-0.5395067568688049,-0.718441654663862,-0.8749301153421538,0.8722120359251476,1.4360933817678978,-0.524894930960419,-0.060581894337747876,0.14058934923886793,-0.28477519739466806,0.5358168359689701,0.8275027210356868,-0.28705608124151727,0.860244805788831,-0.41870177258330127,0.5358168359689697,0.3614534028530569,0.7489220141700571,-0.33313846962886845,0.7458928160171187,-0.47561741262250995,0.361453402853057,0.059411329818647794,-0.4101216844663187,0.27005178973966226,0.6041028702696403,-0.5674845655712122,0.5889888812462432,0.33608820439751075,0.38536122981060467,0.0300472688897626,0.06862513530266079,-0.46905794678721857,-0.2510221030348509,-0.610757802219463,0.1844151980708122,0.42731773313503835,-0.48294658230249427,-0.947961111800441,-0.556245456517231,-0.6389257734011855,-0.5304044330866803,-0.4850026062398277,-0.5624914633022257,-0.4974374849319398,0.7115215259195764,0.3946666759070199,1.164727422704902,-0.13224097784558975,0.3316804189870091,-0.9630122765431143,0.4836113753599297,-0.00542625788695817,1.3362739865931892,1.2668017097736781,-1.5727975268522632,1.2451440788892314,1.5371290551746213,0.490644936461958,-0.23097481230108613,-0.7267455249365696,1.8179748347475118,-0.8103627869610005,-0.9237628523270904,-0.5833850394995871,-0.6896925397203915,-0.9115773300587666,0.35489934926231786,1.180681731511202,0.39808607716030797,-0.060337363939460056,0.2925063129910207,0.16967313613807117,-0.47124965656935075,2.247605077359553,1.4395211700021908,-0.6601097429242765,-0.8928631293708397,-1.9143009481365978,-1.0499937901420118,0.9005052672304321,-2.1447972082973212,-1.4871024714700678,-2.8377821858343406,0.6362304700556031,-2.229007742926995,-0.6329965359127565,1.0070212305899229,-2.417381209333914,-1.5483434487509176,-2.334501694105589
3256,1.3564782812015985,1.2896715169022464,1.242625428596446,1.1978448236486727,-0.7413871697008432,-0.9857324126225544,-0.8851052015493756,-0.7729941442973498,0.9657538830010499,1.4338342693990083,-0.6193509812566275,-0.37324246626167595,-0.2768257062304924,-0.5315021478871869,0.1945828178466968,-0.7518567747437593,-0.34089136900976635,-0.32640203066722434,-0.3971595551334063,0.19458281784669632,0.25450812913191767,-0.4069054440271927,-0.34723444777928053,-0.11258175257056395,-0.4547353802493704,0.2545081291319175,-0.3761962636236663,0.35631193011977613,0.9757870872185782,-1.704754881923247,0.7436501540741394,-0.3139865304319268,-0.3170479857767843,-0.06916423629646372,-0.3368091841197886,-0.2492539169311892,-0.6614412649059533,-0.45905129766559744,-0.7834582992440604,0.02606921117543082,-0.9973351001851032,-1.1473783555837844,-1.60016671193568,-1.2551877848106547,-1.3154443849112447,-1.2438124607648713,-1.2269298398380877,-1.1943871322524706,-1.1486858204803736,-1.0057372738819956,0.03480547449001882,0.409456082323594,-0.18224748571729715,-0.3654789463447987,-1.0197116359150045,0.4872257621895699,-1.0511051182260454,1.3705684530707483,1.2407396745671893,-1.541264112189119,1.267947309272309,1.52308863336991,-0.09700312641907402,-0.46470574683676524,-0.6070002711903664,1.6374000795209886,-0.7578949003584067,0.5378382779790637,-0.9205957650144301,-0.5710807933858189,-1.010703750363447,0.3236491547045107,1.0941061864520145,-1.1786809801880846,1.6707949478595603,-0.3280980141634165,0.9693225628391724,-0.41865810528360997,1.5703551826311624,-0.5816928828233944,-0.7753701524172877,-0.984184481848015,-1.7111249258927563,-1.2523538868817143,1.0472397995300584,-2.118791977146074,-1.4492825338093298,-2.7492037509500427,0.6165842853616388,-2.175317710707058,-0.6565654430578467,0.9995381992602393,-2.435492197813314,-1.5866304728570282,-2.3118849860290274
3257,1.310668640861108,1.2663123024492233,1.3011056307975675,1.2398516259084478,-0.594474327214813,-0.7479161987544034,-0.7057073666891633,-0.6373611371824048,1.46746963963624,1.3565277063168721,-0.7684396126255992,-0.22104733495720716,-0.08058842355855833,-0.4087147016554054,0.2318288944367882,0.08196401368842472,-0.30759799543959515,0.204795859685613,-0.371289647929045,0.23182889443678772,0.2792760651129532,0.09414596410651523,-0.31794015294735295,0.24508997931669796,-0.43180289445029196,0.2792760651129532,0.5763410507085714,-0.21280520631025798,-0.42068893184731415,-0.7621611941528174,-0.6618608853852832,0.03872038948137429,-0.02738485098508013,0.007014892919876628,-0.1304784429527572,-0.12545849168047762,-0.5536624149269541,-0.32996381373867006,-0.6960788257915432,0.07407575211201023,-0.09913027972454777,-0.16951057516873946,-0.6336396889814294,-0.7117061842333682,-0.8285521636940422,-0.7286503446214961,-0.6944236755958989,-0.7517728943957448,-0.7142325687399278,0.3953857770411475,-0.022210961124637135,-0.35085273029588265,-0.3108305148139484,-0.5519117526607918,-0.8658680555789338,0.4763212715807179,0.819251087501223,1.3987692199779964,1.2205006547558104,-1.511594705319124,1.251743522979634,1.5092399813208957,0.16030960389768092,-0.3361702721674916,-0.6208230034955179,1.5223158290702452,-0.9960902853978827,-0.42004011778414785,-1.0161865467014837,-0.9193263224025077,-0.962028533225123,0.32101533938314897,1.3267662339775006,-0.3033225343763252,0.950005057399136,0.071380165571951,0.7407122775821565,-0.4839665109977129,1.2540760078753193,-1.3883433052185532,-1.2938770287880914,-1.487248997775956,-1.578890472624226,-1.4768029806641565,1.0815054074762755,-2.0440071741966603,-1.420040131896585,-2.7024923259880897,0.6091942544701501,-2.1069093842721767,-0.6665476391479778,0.992305546304431,-2.4618632862830445,-1.6569404797154133,-2.276669461325706
3258,1.220165193996922,1.1808030859896885,1.203796646486628,1.1465520957867155,-0.8274204895013066,-0.6146079956125649,-0.789377875301518,-0.8056216127184653,0.8351064702623584,1.5482750466671427,-0.9137730592257127,-0.4815242564921038,-0.425910768583561,-0.6130639194801465,-0.14300361176734408,-0.824330931441495,-0.40585518044627367,-0.5965281624058271,-0.3879535132496028,-0.14300361176734408,0.10209441760638494,-0.6736776502327617,-0.36605636563931065,-0.3929751265593852,-0.42369355722131086,0.10209441760638475,-0.9243688219112264,-0.8066146342060306,-0.8541350057870295,-0.8088069057533074,-0.46562281537841255,-0.614570508576164,-0.36516013638426503,-0.47361222367952405,-0.39548790032020414,-0.3792747568498971,-0.7145555759929626,-0.5064759911117372,-0.8382715648882312,-0.060549291465342256,-0.6610913560058691,-0.4970498274631359,-0.8309023813224263,-1.0594895529223518,-1.1140407343178647,-1.0391632133948783,-1.0147190603103482,-1.0300890565235932,-0.9969406855270799,-0.8549611386764281,-0.23734089976729253,-0.8095951601761077,-0.45124886122983504,-0.7950439327066525,-0.9486579885507492,0.4082956720965631,-1.9580092041800625,1.386056974481013,1.2103498179707548,-1.5388408150337374,1.2413555702099746,1.4905579852120712,-0.20986885105458006,-0.5204956913897324,-0.5995285354873585,1.3051683921869563,-1.0826625314704188,-0.8865036577305468,-0.9859139872896132,-0.792627958437408,-1.0953573045278813,0.30976424831710575,1.3803889118402544,0.1468198800469872,0.5000402003602693,-0.0832635747202495,0.30298549889502807,-0.4490788889426739,1.591909844250424,0.8703023762254409,-0.6847743093261797,-0.8535622863135287,-1.392768166234153,-1.4968316036401568,1.1215994624301344,-2.0004993311042085,-1.35988050505548,-2.663422992316795,0.6197784162497995,-2.075394613887069,-0.6984302065455619,0.9843864804813639,-2.491150718153912,-1.6977627962683217,-2.2490700589038832
3259,1.1396447823704572,1.0750552496302164,0.8571189486218529,0.8323698833487218,0.2099377461674683,-0.865865251471147,0.002791662690245427,-0.6898721345673512,1.8629645766929297,1.3550706745202596,-1.460004750863598,-1.2516681060441972,-1.3173743350324834,-1.27322027049286,-1.5595989564164197,-3.0712092784873004,-0.8895601694203393,-2.9012665128459503,-0.5664065257850931,-1.5595989564164194,-0.6560555362314333,-2.842893338373782,-0.6568186411807827,-2.3666156941221828,-0.47912339312074365,-0.6560555362314342,-3.3039588373609488,-1.0187149467958978,-0.7753493412455723,-3.3623048839307184,3.782753916764694,-2.509651533536332,-1.8242096485956278,-1.7695669708202284,-1.4237712205304713,-1.2419838087144304,-1.3093796266238764,-1.1785777134936573,-1.3505294477631142,-0.49164166289272815,1.8141023569523527,1.5187006256210813,1.2891613664819668,0.28257592952858446,0.1827510844051957,0.336220246048753,0.4013482205040253,0.16868097053573805,0.2035915710757963,-2.88755904553418,-1.5594437453486256,-1.097698828397943,-1.268016135846502,-1.3040000366491573,-1.2632100241870272,0.22979388904825299,-1.9873587209259302,1.3195207074142594,1.2119874559208588,-1.4563786690345812,1.1651955870717463,1.4291422324031315,-1.2923365136147285,-1.1451931828889605,-0.6681238913269917,1.1721861021297884,-1.0659824126953379,-0.35315631375015905,-0.8539359245719912,-0.4362327722467573,-1.0299779198018992,0.23841533387218478,1.3388484682943684,-0.43294143472332564,0.8019489459671306,-0.4541654664104035,0.2534060595256827,-0.31198532827352404,0.6308345813898922,-2.1408084361958797,-1.7356930623259563,-1.873403010427134,-1.133302665254341,-1.0384265731488318,1.4266759676794585,-1.6947418447911167,-1.32826903306087,-2.643025416233835,0.7268938893355631,-1.8588226156169474,-0.6571863125561462,0.9755528581110459,-2.5144271811424743,-1.7051843191770002,-2.2040422387315646
3260,0.6229884157572647,0.6006626253796121,0.3833192807606127,0.3730124477425715,2.2612269820660513,0.24022477259730893,2.8998886259419576,0.4865851617852826,3.9656545674126353,1.106707300328069,-2.1979935244281124,-1.9769883187002402,-1.9932319420577567,-2.000999544851253,-3.718725290631526,-4.681242625352891,-1.7965069811410574,-5.210792193688779,-1.0015633680483205,-3.7187252906315247,-2.024795710378168,-4.949054973899978,-1.2511696929341989,-4.660356083042732,-0.6506240174642133,-2.0247957103781697,-4.547403745647404,-4.470726567822447,-4.834892795140217,-2.8867577559143225,3.9317180048148117,-4.626835548667875,-3.750664112822773,-3.5051207141033496,-2.89271756785319,-2.4655251550549235,-2.168287408813173,-2.1453035596319037,-2.0884073758106227,-1.1125317544094302,3.3392701756895757,3.341922164987191,3.3834709153825018,1.8818264389246118,1.7868075787583173,2.128745497510543,2.2262491983595853,1.7615965732587513,1.8037012661804919,-4.248383225756432,-3.538231250123632,-2.3576333763068784,-1.3199965045179618,-1.9288857201615908,-1.6883493866825212,-0.043905568202228594,-3.168850517661289,1.1238601337218042,1.2971244905925714,-1.2503625732240107,0.9441397832450008,1.2220971171872577,-2.4338756860012394,-1.824040389205822,-0.7710243106337137,2.1327103247075376,0.7722983858256699,0.1897599781073132,0.2763955578987214,0.3791009198722157,-0.6272573225506082,0.043673796024237724,-0.4481139757267676,0.38674936685275796,-0.19379135865986838,-0.21683943874517636,-0.29556216548357817,0.032488887982936775,1.1167722902874195,-3.079511995129938,-3.75553715995693,-3.9621741088416287,-1.8338819856013182,-0.14794212836833281,1.9663387453854617,-0.4751590115505906,-0.8968156641789101,-2.5065270245700217,1.010168895160304,-0.949818848105793,-0.3554928721620279,0.9649433163588513,-2.5177822923316553,-1.4900636064550161,-2.094040043269457
3261,0.1320138718634812,0.2020122240800986,0.04368103608785111,0.22679797057316017,4.014443850691964,2.1876432411524465,5.507118897655568,2.476103039602372,8.92172576252597,0.7178226312708785,-2.1999445103045097,-2.1237894192998907,-2.1116390005017984,-2.16440531765338,-4.489688852625915,-2.018718409686987,-2.5053498107161083,-4.086175803005557,-1.542937673443054,-4.489688852625912,-3.010196855616332,-3.645480032335319,-1.8124999323397106,-4.310088784751153,-0.909390919813998,-3.0101968556163343,-3.4023110644636474,-3.8871834691623723,-4.702977196771908,1.1612835564828505,2.9653804517570292,-4.209627112347778,-3.9380225801637296,-3.7431270313775062,-3.1880386762384214,-2.7582246880269006,-2.388718578728912,-2.3856612606154255,-2.2842168669146954,-1.3068193425177304,1.3844997589491983,2.046900513252477,2.26666143983766,1.2096862168989904,1.3030454580620578,1.5781446698452772,1.61132576868722,1.3038572879603434,1.3412235906510477,-1.4455125424974096,-3.631264999719856,-2.6913738667566496,-1.9654852544226706,-2.047419006201543,-1.8484341043181876,-0.19733691886894963,0.5894113373436863,0.9351702712256508,1.3664002166458882,-1.000699413082141,0.7637066951680135,1.0208661439747522,-2.3354659815110193,-1.7608158347117355,-0.7486328845140721,4.060936156066724,4.410080607093958,2.5106466659197837,0.5229979400491472,1.4588893689373328,-0.013662227905520082,-0.26881842425227465,-4.0206255642641375,0.7334398016594847,1.562514153868831,-1.5466504938711698,0.016665974168544574,0.5416094113296372,1.6381088090930713,-7.544795011863709,-8.699775829883173,-8.932830754394825,-3.5574967422610184,0.4627468179006256,2.1300140522260063,0.6936806283980289,0.06058124315802398,-2.1545605843437796,1.19919085176979,0.41645626540183545,0.3669419768112429,0.9558996527097456,-2.495833854766926,-0.9869193033728242,-1.8095186212515546
3262,0.25180979871233455,0.26894689364209506,0.28145787800432526,0.2534399073179846,1.4411507647950255,4.161820041267185,3.5064569829440884,1.303232222417311,4.637432124963194,0.8394000207964504,-1.7720653070660908,-2.0053250700216165,-1.9703861395397468,-2.063719493853516,-3.960969227612559,0.8878901039096335,-2.837399475242573,-2.098732734357507,-2.0233169941205493,-3.960969227612558,-3.3411250896321407,-1.440099715289292,-2.1954739367835603,-3.006243838280572,-1.2010156385110993,-3.341125089632144,2.453199736722624,0.674909166530605,1.2127771664957743,0.010608904863639095,-0.2444460987510807,-2.5005297823018413,-3.276772240765094,-3.2237673474119144,-2.8702500542267098,-2.5552430682425027,-2.2710584707841903,-2.2472295816652075,-2.192644357080347,-1.270280978945935,-0.1585002429837538,0.607063112198258,0.8462582725246626,0.1962711824357365,0.3151616473912381,0.5495989003010034,0.555097309676751,0.39939607912824243,0.44033344770783456,0.2520718291581841,-3.583174635596334,-2.7199200680573763,-2.4960383363188927,-2.144089402036303,-1.8321635638585592,-0.14384613592261508,-0.406778834953227,0.7940795478777453,1.403613115121727,-0.8070134300027996,0.757624581368383,0.9951373154934458,-2.167156229587057,-1.632196473732214,-0.6833592056967338,3.832606719071027,5.113598531426518,3.3461806259480946,1.5131784670830746,1.8055301532424544,0.30291245904217295,-0.49745999063674096,-4.860828218786416,0.5058424292891122,1.077034639025956,-0.7873241057850219,0.21331792420620374,0.8285621510777271,4.905377337295414,4.697395576569402,-4.377347954776889,-4.650743319925948,-3.6654105217686945,0.6437145670407316,2.1501294354745633,0.7676374488560169,0.25105717100452424,-1.916422796157629,1.2923407412456855,0.545455179075917,0.5673169664720529,0.9463945618019572,-2.4932175095447757,-0.9548806953453662,-1.7105861986352187
3263,0.3560952754741303,0.33058494256082555,0.29046998478924185,0.24069008475565537,1.4977055982847494,1.7472609237040035,1.355538105761366,0.7522249379528296,4.48016718354562,0.7363447050729326,-1.4437418870536383,-1.993051593001815,-1.9587900416335222,-2.0500630556253943,-3.1455953355743387,1.6978280959668233,-2.9822141137677365,-1.1194211264015335,-2.3946457519415665,-3.145595335574336,-3.3354461754042815,-0.24616379926675236,-2.4643360012178905,-2.224654075497972,-1.4947966807458835,-3.335446175404285,0.0760852487050996,0.6114150063243733,1.029462379170995,-1.377351060776372,0.7045355063780979,-1.1894621261467282,-2.8478156846995617,-2.9044920478793697,-2.703269563922265,-2.4865493532737553,-2.2316254303431022,-2.1962207601623955,-2.1682606305843652,-1.2861163221972245,-0.5508708217518616,0.34800539041774803,0.5700982577164965,0.05728633171574835,0.28908833385584287,0.4640895834163444,0.4315909671296051,0.3304957850482998,0.36303807950356265,-0.14063476913103246,-3.268124410805502,-2.631442369475088,-2.6287545443122955,-2.0992842238769103,-1.8342015698839622,-0.17514845292406814,0.42915449359495966,0.6735409882024204,1.4269267360691262,-0.6618319317639373,0.7516064506672154,0.9689096179062152,-2.1790612518455057,-1.6002636276010103,-0.6155276546157759,3.421793872619309,5.124721899645227,3.5043265478799217,2.470921859620172,2.026869265608524,0.3645427432768708,-0.5019094806860583,-4.978773414191985,0.4802438571136701,0.01072134437980286,0.14472177328153668,0.11238021739486868,0.8790668004430807,3.4293309106438823,0.6888758825381774,-4.278943812495939,-4.49149908484453,-3.2579551853925217,0.7673897645517687,2.12336600431592,0.8910567904611011,0.4484594426533026,-1.662294933536697,1.3379593186191734,0.6543047131928872,0.7220089612984472,0.9373870242875079,-2.4869401001280793,-0.9136071415208269,-1.6212940768836173
3264,0.329909925478237,0.3059538627533802,0.3489765366315573,0.2951902934133009,0.8182666684141251,1.6866348804226445,1.3073770061245573,1.062453396403187,3.0187956329538137,1.0149904939182337,-1.3255057184088501,-1.7809510680093585,-1.6844001953648318,-1.8821940294102701,-2.075830597977926,2.39223448416737,-2.9286031097749885,0.011734650885264885,-2.620269728526561,-2.075830597977926,-3.0077283579294494,1.0240366414157855,-2.5894519732141235,-1.2063944094297077,-1.7584217026660152,-3.007728357929452,0.5701152945543598,-0.2655278770923507,-0.27707203390051355,-0.4220217364258969,-0.788266751583744,0.126744796022729,-2.1194426382233145,-2.302475152991466,-2.319970463592361,-2.246222485191902,-2.0679529109299097,-2.007869263261525,-2.038068767475291,-1.2152294081881712,-1.4267469033350428,-0.6456005411897638,-0.548904826418012,-0.7987005299897633,-0.5435805410715178,-0.4915011192733212,-0.530511224515056,-0.5217501005022989,-0.49098987745545164,0.5267118619166533,-2.0222211966454537,-2.5134530949456666,-2.0731507863830556,-2.052786391510352,-1.781138161633212,-0.0690457112049225,-0.9936642818019238,0.5811895860945255,1.4181988903277771,-0.5282640133045404,0.7442496297300198,0.9612538366520688,-1.8912986552185054,-1.4439777622456913,-0.615713432709225,3.050785175589523,4.639476714641126,3.373180660893306,2.8513178335613776,2.0166579418153634,0.40461270617060097,-0.5352143855492818,-4.537711862232671,0.2969098827475837,-0.5993527168685637,0.6985443021519285,0.06917993834549428,0.9113177532298763,3.5670927218922213,2.4630002485288163,-2.817145937667122,-3.0284244086898156,-2.9713820442441294,0.7859593672501008,2.0871666536128397,0.9751446219294592,0.574854376619926,-1.5484125489498122,1.3679817498653917,0.6898822676544424,0.7798233302497136,0.9270014002435556,-2.4921742505974995,-0.9131770120350603,-1.5747049514562521
3265,0.28598670080099603,0.2900879881840247,0.32127566173782157,0.3416836661561406,0.043144774804511364,0.7440405392993421,0.6546477286513587,0.2613582605237026,1.8466917529931226,1.0659294738674665,-1.5436922850954213,-1.601355055385601,-1.4515568035545214,-1.7399291884569477,-1.0577783018154185,2.305141098052875,-2.771396198340402,0.664732013303249,-2.7112377014499165,-1.0577783018154219,-2.5215609196079334,1.7256995643186976,-2.6116120264787446,-0.4476946541515262,-1.9741175576262262,-2.5215609196079347,-0.29326866582560246,-0.1779404628324475,-0.4522220181248518,0.6539136790956692,-0.5779847946129746,0.5598649383843417,-1.4197881161613446,-1.7777624619577286,-2.0573965528783704,-2.0375097857829054,-1.925687947758166,-1.848253835568499,-1.9251154966525013,-1.157591381000947,-1.251391911854306,-0.8479594605300877,-0.781772641057624,-0.7240188983592074,-0.7378405108792109,-0.6917077568325793,-0.7352737838219554,-0.7055666751766656,-0.6740887032364438,0.44062266029490493,-0.16064537873407955,-2.5489084175092223,-1.9438731627260062,-1.1595161413082722,-1.7172314005779135,0.054494813236212414,0.1929015630562354,0.5090344172498326,1.396802259734116,-0.400063464980615,0.7302861620196542,0.9536542271949106,-1.6219211327338194,-1.31041512749672,-0.6402159061807898,2.74592065336639,2.923369271414239,3.158266038182864,2.186352907710803,1.9653865961331531,0.3726799601128044,-0.432610389861199,-2.7310239445552327,-1.0793599428802607,0.12204005031762884,-0.11619000920274182,0.004707681383745344,0.8064267092994853,3.2271757604797906,2.0527365684897094,-1.6372440861884798,-1.8575697532508784,-2.7559847725500384,0.7932307050407507,2.078137853363213,1.0958447168923289,0.7324102924965215,-1.4583243867040667,1.4009192310641685,0.6820621087727886,0.7455996127606136,0.916568748713801,-2.5053122251975277,-0.9439405790998397,-1.5641754515171016
3266,0.36460057785656314,0.36543700301648346,0.26527279852714014,0.24762344776130574,0.29755729608031795,0.19537049426422362,0.15719606332902689,0.2826095071937997,1.9398627558913513,1.0580350397384888,-1.6677212995871795,-1.7355448581865844,-1.610465542599661,-1.85814407605474,-0.6947789506167811,0.8229936178982963,-2.7265182753817956,0.023541938012243746,-2.753603138044778,-0.6947789506167857,-2.2163657548352704,1.09681241774723,-2.6612623113047,-0.684582442121066,-2.156763294772842,-2.216365754835272,-0.5745101624222456,0.742669754332475,0.7645836634100102,-1.3861752765965458,1.7731966804151,-0.24906525379394806,-1.429994095223873,-1.8457915296814011,-2.2376144036641286,-2.18504038835734,-2.042762084838128,-1.9871450540189821,-2.036117024405555,-1.283088399127073,-0.2846891967825603,-0.4796304020846318,-0.3147909293724566,-0.1844621860738394,-0.2844673293084742,-0.2478001346800471,-0.31960189682296103,-0.3207079630581048,-0.2975566629500959,-0.9361721865163194,0.04958039602162791,-2.5162198126631603,-2.105923603888724,-1.58732476895474,-1.8989236534463143,-0.011806564409950737,-0.9416924329945032,0.4319752747156304,1.367879748246376,-0.32769710602968344,0.7044754768393071,0.9461094674483723,-1.9240980875827953,-1.5163334149360075,-0.7079284818635921,2.459820962273529,0.7612833900256364,3.1720253674186405,1.859749016985943,0.7221507818775117,0.309355805559086,-0.2824371535470788,-0.4203290769788139,-3.1709753008302966,0.6234239054197539,1.4181272108182907,1.474943574677396,0.41266327373474976,2.3907054254213813,-0.04811122970658478,-1.7630656236816877,-1.9483818373305992,-2.4396733778001423,0.779123471881108,2.071583898722282,1.235798011734419,0.9819436748932129,-1.3338426074771037,1.4286123135454465,0.6832735274442229,0.7288921490186577,0.9054324184785356,-2.5040719953638058,-0.9581097965617952,-1.54305682607406
3267,0.2894907417929479,0.2972030264984382,0.2789179213965045,0.34683595777707804,-0.32493499224090155,0.2807254890578332,0.04748349496556062,-0.13406557551157702,1.071232461079314,1.2629178386894355,-1.8793839325678583,-1.3846798976179386,-1.1457355253398156,-1.589448419644642,0.052208917350853826,1.6762010235621139,-2.5206391662466423,1.0470882168219522,-2.706926720417476,0.052208917350853375,-1.6777760766028764,2.021310389971073,-2.5891255520887677,0.29117184877184193,-2.2850696850042316,-1.6777760766028786,0.11931718360762829,-0.6994807203136566,-0.756176405678705,0.6665142741903487,0.3060219194769195,0.4085035049257174,-0.46952469991132606,-1.035923054340152,-1.7308320629989682,-1.808137022416206,-1.801972023083477,-1.7130553512493332,-1.844016248742849,-1.1574078408401387,-0.9487863723509877,-1.170232319234175,-1.035165893298416,-0.8260215230832054,-0.9583698825134204,-0.9412367040492466,-0.9972095968217906,-0.9332859667476288,-0.9113400960840203,0.9600454810946774,0.3359657684553915,-2.34293544523391,-1.9926571805892968,-1.9037736521212822,-1.8178814128222047,0.0573111962047591,-0.09519361153722782,0.3840964784381758,1.3616073268903226,-0.26119148813346305,0.6731279659960726,0.93861826372245,-1.354237088494863,-1.2573957725863956,-0.795795661521876,2.2708257295355794,-0.29931242976642475,3.1143378251430462,2.0132551672924537,1.0823275029545014,0.5518359584570897,-0.32140394742763834,0.70698844307531,-4.030211583547265,0.39799279261065257,1.093034986554612,1.0699866708788255,0.5221678455119729,2.672537942223123,1.6174033550283655,-0.8815195043416844,-1.081286894094221,-2.319525426145452,0.8202812452893764,2.084471442576835,1.2347428401841327,1.0097597906390647,-1.2709329546139772,1.4519219865151378,0.6632409738951486,0.6566542306703567,0.8935150665850038,-2.495685151922362,-0.981571560663778,-1.545056542090193
3268,0.37074254404407364,0.3954852613675551,0.39203551521892055,0.44206719598329103,-0.7509382934321958,-0.41103149639971265,-0.5717026849005364,-0.5971043246818656,0.428530995881898,1.3015679054360083,-1.9865345096593372,-1.0720493131593651,-0.7466354521317706,-1.3452111983411899,0.8437377440102419,1.7628745809886541,-2.229707198164502,1.6323420872532868,-2.5724935733363576,0.84373774401024,-1.0237683684183905,2.4550694509915427,-2.431710922861109,1.026377665499268,-2.3506418447529254,-1.0237683684183947,1.1067257076048602,0.965156433350402,0.7840865973174713,0.8186150265422452,0.0350074378485554,0.8478380506680027,0.39573467761361,-0.30801906038820054,-1.2430755627880288,-1.452373655077812,-1.574492721334262,-1.4596216039575065,-1.663559612461141,-1.0384951981005668,-0.2508675668299448,-0.9877824752171855,-0.8501590389533964,-0.5586659137765019,-0.7711563745738352,-0.7345765505907467,-0.8071920271563153,-0.750033245821126,-0.739026951366604,0.901637941005451,0.7656857695633189,-1.8812742679747239,-1.7120132607553662,-1.841750763691151,-1.7655121195943584,0.129130770505489,0.7468268487064091,0.34630063123889687,1.341352434800465,-0.25998418149165253,0.5440739297104699,0.9311793496141251,-0.38728909132473255,-1.0113336435462663,-1.2364227624163056,2.1097459148245834,-0.6163338680336403,2.8225257369802375,1.89662005742263,1.6392468277800736,0.5181589767539914,-0.25743032993548615,1.026498662980753,-3.8974316903131783,0.2890809017877753,0.05460098742232179,0.24986396653946932,0.5756631085700613,2.4388956375563406,1.1593760313822086,-0.23016516821425592,-0.439392687482851,-2.203366375086546,0.8370931918534341,2.068812198359548,1.2266011989772123,1.0002805415276348,-1.1915372879227029,1.461302918150594,0.6424385602249892,0.5319553333412432,0.8822721703576395,-2.490853115718001,-0.9978717395058525,-1.5600355405022337
3269,0.5531072640826337,0.5659824194243085,0.6069966307775876,0.5535652479323361,-1.2242610084677052,-0.7920746621544834,-0.9099521001517634,-1.1470251266597018,0.11161481893618362,1.49814461754087,-1.5554505838939072,-0.7402050063368073,-0.33886054825274436,-1.0808908401700807,1.5934698593411671,1.671626067210536,-1.876389695886879,2.0762998986474894,-2.3594773303998595,1.5934698593411665,-0.29597933338751026,2.6936285310104284,-2.202398619543661,1.680574078676209,-2.3504276881739252,-0.2959793333875116,2.0631644206694206,1.65031063030383,1.7453611172341887,-0.011775625615945823,-0.728714508978778,1.3141278643895742,1.1284356579647568,0.4826338316014991,-0.7556332613724539,-1.0713084840040135,-1.3273796710624637,-1.1847785230057664,-1.4658860592705194,-0.9025214643350973,0.9927857926487862,-0.13811644452181854,-0.041000706764084016,0.36338757254992,-0.004102974029375441,0.09828283685136419,-0.012634531714464539,-0.007163587190243434,-0.015348345507463551,1.0392859484973862,0.9785732329092388,-0.8218548155048698,-1.522677207310818,-1.2828655112401603,-1.5638166920937524,0.34221857149941576,0.044054079088030315,0.32903841244951687,1.283640694631576,-0.34918363883838605,0.5395744490079837,0.9238005782870379,0.13010359873705635,-0.7305525644881832,-1.224966455545232,1.949465109775313,-0.22950249929460018,2.0512345358216577,1.4983597385378862,1.6418265108981007,0.468059738285957,-0.16766984569676296,0.5809330940313547,-2.624933842611637,0.05231717408252134,-0.5197246835576877,-0.3307580643829555,0.49332340591663676,2.1190344698729398,0.2866043410444254,0.08353115033142483,-0.12582965053377224,-2.0927453713338586,0.7333234880938422,2.0431762796786432,1.2215557643937676,0.9886105493777664,-1.1564850853747044,1.4634738448011075,0.6233367437302288,0.3829508323769828,0.8702728684191803,-2.487666791143328,-1.020537265536113,-1.5821243903839675
3270,0.5834793030164155,0.5934101437608501,0.624516444273688,0.6442520164696465,-1.2163101998341075,-1.1753503005147312,-1.2515486121171786,-1.150279280997126,-0.028575005215798577,1.5110765712386702,-1.6743753232868184,-0.48816043063637704,-0.041067346833927466,-0.875323374426463,2.128540293613427,1.2142435417311346,-1.516844959841768,2.154603221907358,-2.0935113889922032,2.1285402936134217,0.40628016805060957,2.5488387641410597,-1.9371721052644546,2.0406002580600062,-2.2906783193573603,0.40628016805060774,0.13660260008131753,0.23369551551949844,0.25966789639979515,0.664735758852026,-0.5619704369245474,1.5326174764724243,1.4497463345607042,1.1141109899121708,-0.35308634798627037,-0.7681599932072329,-1.122796816381219,-0.9616457043164319,-1.306630348782757,-0.795044602680138,0.5907088510116657,0.008914599941315299,-0.2029055970724715,0.23718431515248314,-0.10856520685771427,0.022795015279152578,-0.09700098890519236,-0.07666640148706994,-0.08313073889702806,0.8206465911372128,1.1374504920524577,0.7095790574032603,-1.4907520014261635,-1.1078046887755737,-1.5251316037258955,0.4804252801096083,0.7959227745045266,0.330145847210437,1.2098760058579148,-0.4474080939901053,0.605541519117206,0.9164906312049331,0.2427810059964917,-0.5021017011921659,-0.9619289318662809,1.836515705695121,0.15024053941588025,0.4015264720825188,1.156340131562873,0.8336999314390623,0.2236092803005713,0.07948636079524782,0.15135257841163835,-0.34474646563516986,-1.191707550316317,0.3053416410779272,-0.657041149590682,0.09639949331426875,1.903040423966864,-0.14162969979855844,0.21869988134389154,0.015247672823216278,-1.9759134503780789,0.609469554323967,2.017400255719608,1.2228182259044507,1.040064133979606,-1.0952364788967568,1.4574701456606545,0.6065133730489682,0.2408548234429504,0.8590440614015474,-2.485771171270953,-1.0370898046124786,-1.6020923644121232
3271,0.6497931220009022,0.7190663106044203,0.7017027065132727,0.7823492459812686,-1.2419664897286995,-1.2631224024580077,-1.1483742034970514,-1.1612105671329815,-0.07429471523228505,1.6246946153530277,-1.7545436055752248,-0.14027520752249484,0.3493092194606291,-0.5847919448550605,2.6388076812129997,1.2051893771875097,-1.103705853878184,2.4835629356463333,-1.7744777642609275,2.638807681212996,1.1425188266725756,2.623466147860955,-1.6135087469995018,2.553828554880432,-2.1718354468664867,1.1425188266725752,0.6933315690229145,1.1623064904693192,0.592435190460215,1.4503051109993679,0.24406397204025043,1.7344799909566373,1.8484426171617807,1.7791783091578197,0.19452259184662798,-0.3532132372392701,-0.8339556619054179,-0.6488770771783177,-1.0783729539690594,-0.6272155563473625,0.0070976475773074634,-0.20962319409289026,-0.5461129729699976,-0.23445834226043077,-0.4958946558959023,-0.3684170918087621,-0.4575284284985871,-0.43746570893750286,-0.4306062454363171,1.2418754848876885,2.0587659038879567,1.5533834717823312,-0.9869306112000527,-0.8328856219561345,-1.4226640561971013,0.5564634681504561,0.7143669820194963,0.3280169846494767,1.171614029005215,-0.5775120513447856,0.6346626225403876,0.9092293657031877,0.7278059218954038,-0.1596284759779195,-0.8328327620076658,1.68280584858247,0.465686582794358,-0.10195129330133973,1.0332225110838422,0.4147751205633276,0.13895986684703335,0.27570762405534466,-0.21627112975878737,0.5235545799500858,-1.537277227922803,0.8096356893580222,-0.5559194192077677,-0.17381445320101907,1.6916753285916535,-0.40850409513558605,0.25161040070785934,0.060894982194544124,-1.822584545778955,0.5244409222637054,1.933788861619262,1.2242031621044662,1.0692354430591389,-1.0441773377132473,1.4466873232287019,0.5822011913920123,0.08085835856147544,0.848333541372186,-2.4844548205775454,-1.053062655045782,-1.618498820869178
3272,0.7313939989362516,0.7460146576802115,0.781243117263514,0.7371648442049579,-0.8760573170344054,-1.200861475142941,-0.9818443517299008,-1.0622766476265038,0.33748488709580965,1.5842238215887952,-1.9244384086133113,-0.24811053741764671,0.19134594760152449,-0.6618236559063366,2.409722907899154,-0.4587167725090064,-0.8787313355451745,1.3526092130989515,-1.4856891912381964,2.409722907899152,1.5144016389687143,1.326145401595422,-1.3776361561940325,1.8688339686674056,-2.0263130558428286,1.514401638968712,0.7034187183370803,0.21993948932606341,0.7234784103920496,0.04608275716177107,-0.6278719196998673,0.7671832045317305,1.350013611718636,1.4100887194088327,0.12365812134622955,-0.4247940924067186,-0.887877059751412,-0.7221424319146538,-1.131674960687779,-0.6955963386442632,-0.2213582251035394,-0.1428184161016443,-0.39733587311534335,-0.3124671586590729,-0.5428445743388637,-0.3925210485465284,-0.49806080355629906,-0.47732062537558384,-0.46764088370849805,-0.4367293706264444,1.4566853669559974,1.333497021811612,-1.177600535423777,-1.0217524866997039,-1.3040509961209454,0.5157275862194518,-0.2556396988255337,0.3259590547473405,1.1303094741780626,-0.6828800797036532,0.6376529316877902,0.9020156284441324,0.5106010280850376,-0.25525423696013805,-0.7984953719848318,1.65179138671146,1.8888704256498092,1.1696013870114883,0.3637715881069172,-0.056487834038054775,0.0054613346952777225,0.3968959675495378,-1.7708074192184289,0.26365732546450127,0.7059818440821167,0.6133949919836622,0.9543994185360752,-0.38464416850166383,1.3588572570080462,-1.5258087337265749,-0.17740011054092897,-0.34929771430664525,-1.7495144276072623,0.46230571946601257,1.8379717924446308,1.222656406306659,1.1168130633012612,-1.0129336128228175,1.4280091775566779,0.5531801786814015,-0.06567650233108324,0.8375582954019883,-2.490868407371563,-1.0769487840071836,-1.6234882295380788
3273,0.77797419002499,0.7050651267198383,0.6810183393899812,0.6417580207363845,-0.6711397224922847,-0.8933288030209853,-0.7591189448462868,-0.7349408064125501,0.46894412100041133,1.6254424305030026,-2.052873372088937,-0.4870346796169884,-0.15657378939942168,-0.8345111389268765,1.7289753652370852,-1.52136562344178,-0.8345894258907182,0.2664514765631133,-1.2790958605824916,1.728975365237084,1.5417482718855413,0.1060937409852009,-1.2472339992773371,1.0326272858208163,-1.8829429766968833,1.541748271885539,-0.9397226327502433,-0.40874755823378794,0.39632671461004276,-1.4917256025370687,0.3525793275499068,-0.2650773472983552,0.6536036804042575,0.7946739117577616,-0.11434108014659201,-0.6287298698515925,-1.0316293822260805,-0.9006289739916404,-1.2592690283639645,-0.8265121264676443,-0.19318732365577423,0.08632366844581511,-0.11176151676246877,-0.2292559862560997,-0.46155506493317944,-0.28445944451919003,-0.4117450298954742,-0.3906102623276613,-0.3802114500139176,-0.8905452817169401,0.7050633244033743,1.096480917454342,-1.1985934569594872,-1.134907368579687,-1.3846682706614883,0.4404629412692616,-1.168854290611198,0.32158760908023576,1.084645096564647,-0.7865612335883797,0.6319555815056327,0.894849075371146,0.10684393680392487,-0.47111366479016403,-0.7955211768975766,1.4389350474984606,1.3962503367005072,0.9928779324458383,0.43462719608544387,0.12264569979255284,-0.15939390586800842,0.38201187158728034,-1.2723801573961573,0.04629544757294427,0.42715705672683185,0.424134653242056,0.6147329212442217,-0.3340121419398306,1.3441185651818734,-0.6144463469520127,-0.33543289429029854,-0.4792588927778009,-1.5131184369030035,0.3435092416884932,1.7512506681520883,1.2200964977107993,1.155542148693097,-1.0049119279971277,1.4135361487372957,0.5203662301496611,-0.1901347806433357,0.8254032779675312,-2.4820497116011584,-1.0944587193459,-1.620719341225941
3274,0.6758036353454006,0.6885595421518739,0.7348433515082694,0.7003975254629204,-0.4911202014057229,-0.704776003900037,-0.6241124205946074,-0.6390815937395338,0.894571606048776,1.4939342083165994,-1.7137941415673366,-0.32184292416469107,0.04710327803741986,-0.7024899245564413,1.473735885340088,-0.5712484963827272,-0.7252965513264895,0.6622741766986472,-1.1040804508116047,1.4737358853400873,1.632667666503223,0.3341830796794353,-1.0916855888670813,1.248928060432594,-1.7358276407154876,1.6326676665032223,0.46116346560149585,-0.18530839790808395,-0.9536017959986545,0.24311798811420832,-0.8060547466627566,-0.05025369768967121,0.7337077540969936,0.8825934383505777,0.1836034298662113,-0.41327107966269866,-0.896891322675415,-0.7609334905898953,-1.1543889455817429,-0.7605672457689275,0.17984255001031443,0.30104692996256643,0.2108331427485263,-0.009610080489471297,-0.2668147678554049,-0.06965253761122946,-0.19699901192346594,-0.209380757553927,-0.19737131073797987,0.5013792977804657,0.4871729600935495,1.0916325986988293,-0.40517973946255165,-1.0783179888746368,-1.2696173048280464,0.6240460662802627,1.2170374138944735,0.32649912303559764,1.0301523930983503,-0.8814008335680744,0.6205409309156144,0.8877278112858383,0.41554331881600975,-0.3210391664934112,-0.8137231688432432,1.3117077722547756,0.39204389714165244,0.6137085949304761,0.47640239694793296,0.31819857240641586,-0.08190620251641272,0.30405745148949764,-0.20044788372701916,-0.3848240361313022,-0.02263821824205179,0.16720770128145437,0.10196788945097462,-0.2206587518034864,1.046225257312309,-1.2663156706778054,-0.7905242809163592,-0.905361703416407,-1.3657914051574702,0.2783533063987351,1.669211163425819,1.2164383098008211,1.1722265835325958,-0.9692330666147736,1.3980307542831805,0.4826777433313803,-0.3089823626325999,0.8148773675982257,-2.4765717399598826,-1.13297142497849,-1.6072986931411848
3275,0.7629167149361705,0.8134800419205204,0.8146962984834486,0.7900924232393821,-0.8247891370023804,-0.48209162202853223,-0.6308901021262614,-0.7640864687604433,0.33139379305621364,1.6296447039687276,-1.9041404283168584,-0.08231459606025444,0.33319260311125604,-0.5096430772822474,1.5242873460533457,0.1279520431947064,-0.5404354767610067,1.1142620557097116,-0.9237276495845704,1.5242873460533441,1.8086610485386363,0.6486211692018202,-0.8961007010645962,1.5752811447596653,-1.5771612502813743,1.808661048538636,0.6904568660053824,1.1208177392265823,0.7626954509886397,0.26535843380003993,-0.0747737977248366,0.3981409974965106,0.943985121376757,1.0690964251618136,0.5950766314831428,-0.16111400189827166,-0.7052177205534839,-0.5583607622789908,-1.0052040474291544,-0.6557414344578948,0.47577041559237954,0.4560927816406878,0.5216429269007552,0.18850361370004842,0.18272367201067555,0.15262578666489826,0.017705290239851547,-0.017827313778168954,-0.009979688769988657,0.7751273838546402,0.46928489713800053,1.1967559871930582,0.9136226364238899,-1.0614576139024698,-1.2569754199501777,0.6800842316196141,0.0926441868635467,0.33295232039933864,0.9856056494225504,-0.941350786748497,0.64186229952753,0.8806507476788634,0.7189242943216185,-0.09590081550345775,-0.7161185048532641,1.1371790102614856,-0.19046417739434943,0.5550073058662094,-0.38831903727029393,0.2637511733287308,-0.20856084839513697,0.4809218282477489,0.40415334746539033,-0.8273474772636515,1.1067273769003938,-0.9785966271493188,0.11948683749138725,-0.3984817060631704,1.437469744149472,0.973857246282778,-0.2240429306023418,-0.34257741123752,-1.227187778673225,0.3432033354112148,1.5314833240536727,1.2175923230229648,1.178910566173312,-0.9150987140577022,1.3679661092314992,0.44282096309075064,-0.45437758226243236,0.8043695993860284,-2.495436881374412,-1.1499354400591288,-1.6046634820896275
3276,0.8330022777059254,0.7745764607842808,0.8354660414044522,0.7860981319047413,-0.7350601567352191,-0.8899811976182295,-0.8025878580867767,-0.6943565870018084,0.4298206919439645,1.5739780704185793,-1.8439058812875369,-0.0825026682021582,0.3345604409710281,-0.5091366833290117,1.3647608548394068,-0.3567283858878365,-0.42105650562810976,0.7196999499635969,-0.7623925363200019,1.3647608548394052,1.8524236295410266,0.18217236105908213,-0.7373770925831038,1.279604024206596,-1.4172883779571308,1.8524236295410255,0.15059804513525502,-0.39053238737466317,0.5949919998513227,-0.5329389368956795,-1.0382456916668943,0.36042862299975603,0.6443909957797285,0.8519293217432883,0.6559180563965993,-0.1536344186935011,-0.6884987740762402,-0.5555134835824581,-1.0000799199727894,-0.6715913168483512,-1.2261169590929852,-0.9656041477714542,-0.9462087195964942,-1.125913253072721,-1.0317322326697649,-1.1187773514562878,-1.1696107613982523,-1.1371353929830255,-1.1019287064115653,-0.07365547231314458,-0.061425584309449104,1.4713502398380853,1.2912909248790572,-0.8859470151957001,-1.188401381538985,0.701386043454389,0.2117125028986702,0.34432025952717593,0.9338524591836508,-0.9960697257362475,0.6664669188356908,0.8736168158214228,0.5876757873943953,-0.09493821458908301,-0.6072271814807655,1.0227522251405285,-0.4054437471245852,0.72337417906342,0.18150091805681728,0.22521928536831876,-0.2458352274674105,0.5769422048288515,0.6184178144024969,-1.2159480638796265,0.49766919604087767,-0.1038864236631519,0.2930191508223473,-0.4973399558324973,0.955164674736213,-0.5573869483196834,-0.3381578766128236,-0.4405884124539263,-1.1025942430768476,0.48352022307083276,1.361917030898778,1.2195351119658073,1.1741306994251082,-0.8535171089694604,1.3380112789462446,0.4067598168821017,-0.590662573080251,0.7940344912107249,-2.5075387114552057,-1.1694388193153251,-1.5981883454676757
3277,0.7872027647153758,0.7383394507167554,0.778845745294549,0.719591198560491,-0.7817984858963861,-0.74490145354198,-0.827322401086916,-0.7019394673963659,0.1899412319528353,1.580875485022089,-1.7705289743711738,-0.28109499427119383,0.029236472924489137,-0.6434997462965095,0.919216011851355,-1.0201929534624072,-0.41865366544907434,0.021040925806868248,-0.6540652381600123,0.9192160118513542,1.6959991447321008,-0.54330774026534,-0.6533576616453698,0.6822244005584417,-1.2723648021349567,1.6959991447321,-0.546609863827037,-0.36978996698634264,-0.4450991694633071,-0.7605917416775737,-0.7091164674246134,-0.11118054689118724,0.12736006152017282,0.4000925119990461,0.5138143427599015,-0.2849786915059418,-0.7900389873001876,-0.6826795578436465,-1.0897962939422932,-0.7673112291229102,-1.5411019831048807,-1.328096183699981,-1.2988956418736914,-1.4392855296477483,-1.3103708500585989,-1.4369518024421457,-1.464255118959979,-1.4218429768230492,-1.379783428284391,-0.6299489651346748,-0.13968537435830325,0.972705408832063,1.0554587642377475,-1.0924338594044078,-1.0957244841680653,0.6761097633423377,-0.7093671643034871,0.3701126188807089,0.855556266100989,-1.0723209071450648,0.7174139022001924,0.866624965956956,0.06047957373170119,-0.24458874872552197,-0.4060868460899535,0.8234629965021769,-0.8001087011637322,1.2023509530349425,0.8237190672413751,-0.036812094175059415,-0.3387992053991356,0.6209513258938689,1.0124811357223424,-2.120005001414836,0.1144098382013257,1.2271454991843627,0.9590724394089033,-0.5930085624349648,0.961106217396904,0.28521295695635734,-0.11004872786915608,-0.1998289809520216,-0.9082699318508092,0.6030767481530808,1.1353697801171625,1.2179578112585856,1.1613787438078702,-0.816208295265101,1.3209797375607233,0.38067781603875944,-0.7069348940312156,0.7831115275929317,-2.515181733007503,-1.1746042565368868,-1.5922156869976423
3278,0.6958334095502388,0.7889144421666073,0.7565074568368456,0.8177483540113502,-0.4890981521811951,-0.8143227370264169,-0.5193124914450707,-0.6228657607247541,0.7469945755095975,1.4889449275680504,-1.7252318459927638,0.0049075031952189214,0.389165246135225,-0.423169277920915,0.9676902807392003,0.11556593529675076,-0.29649910490457665,0.7306336322118383,-0.5395629000965739,0.9676902807391994,1.7138452447881307,0.09067918473000793,-0.5120054652441859,1.1344127609787529,-1.1269140296219728,1.7138452447881292,-0.23785292606486688,0.42470861693015094,-0.8537658306856784,1.2863654359033576,0.46989463013419736,0.35319035061151277,0.4147070673553829,0.615767108783948,0.9273971256354505,0.04323467633741276,-0.5887720063944455,-0.4588171741886419,-0.9301896072918001,-0.6528167637547634,-0.02290784207958108,-0.31429151651992715,-0.2281257179588611,-0.6010252853675637,-0.38611384212378436,-0.6168100210060146,-0.6613497882212392,-0.6965315928168587,-0.675200374304473,0.8408659667629628,0.5682008724363674,0.9542600371648438,1.323073722837104,-0.7589981023101804,-1.0525649279915346,0.6609552794932784,1.3685032667535966,0.3859585754536156,0.8052908302881668,-1.1130918912498247,0.7172088737640787,0.8596741665159595,0.49467934034206257,0.0021030248667905306,-0.38710157674815937,0.6808480684135422,-0.9306549592863883,0.5271777911538758,0.6383546132830716,0.21355804543156248,-0.4750438878383467,0.6063933474863461,1.1286555268262064,-1.4335612362923136,-0.33001023576350696,0.5630611372812108,0.15932148546893976,-0.5285980157088936,0.32893237153865584,-1.6722427123752175,-0.7039839186550089,-0.7568528823565106,-0.7336577600312167,0.7387956006182423,0.8403743451459509,1.2154212103535038,1.1278070877915445,-0.747441789985947,1.28985972046157,0.34125167055511396,-0.8295322529443693,0.7739261171620805,-2.5292773443570318,-1.1917219611688419,-1.5831373561542912
3279,0.8517008335901551,0.8354993614668255,0.8133223014331556,0.8476513064768776,-0.6880523209807113,-0.5106538632194106,-0.6575882012813977,-0.7917146519731284,0.258761075893953,1.4752275143476767,-1.6179127020671138,0.09853207192457347,0.5025231498615933,-0.3495361013876061,0.9787668169703275,0.029842768229707217,-0.18079411109222993,0.6882196531043389,-0.42309448136897826,0.9787668169703265,1.7121198992050901,0.025015003835923557,-0.3752310770793226,1.090851283103612,-0.9818960195813193,1.7121198992050912,0.4751209466703306,0.3852978787308452,1.3640081057748827,-0.07447728515734198,0.2978809055415727,0.3545071625003367,0.4117481080892041,0.5535282522335658,1.02915207371653,0.1587918936171778,-0.5164852802036147,-0.3765197894013745,-0.8738063445378637,-0.6251860005042504,-0.33882763599889,-0.6307615402664081,-0.6590248050106733,-0.9048635123511496,-0.7476204543218927,-0.9559344647489468,-0.9825097989557202,-0.9955231275744003,-0.9688464602961256,0.22696997168603394,0.45569358471496185,0.7045464885652416,1.2420988102336832,-0.1098274173600204,-0.9249962277721503,0.6667111719674441,0.30498456717497385,0.4106810799761174,0.7452486444650873,-1.1241276439694792,0.7428829363394394,0.8527634033525457,0.5103286529732651,0.08568809079005367,-0.27614129963128414,0.6105949515472984,-0.4607018261916145,0.38326106759838874,0.9740610225627747,-0.2187198763808107,-0.5576605433392784,0.5898692821966114,0.6056909377940242,-0.8534548670132343,-0.9407752975610989,1.7176096865675854,0.542055675359574,-0.6018218781825353,0.883432428662349,0.8877390476917131,-0.2041945373650105,-0.26798841029714315,-0.685011144676066,0.982514195368152,0.39091035293074344,1.2137701409137989,1.1130082102951742,-0.6894677998203786,1.2655596898549843,0.31604620255910404,-0.8922196782464805,0.7654872415568921,-2.555629321186647,-1.1972095886419434,-1.5783890591033911
3280,0.8631428603668758,0.932643939365852,0.9201596593258561,0.9875444626316474,-0.998119714120982,-0.6906987423688618,-0.8182725804608354,-0.8664359905492143,0.22325211069589768,1.5921216711243806,-1.4474910135615984,0.45888385444005425,0.9098586982163378,-0.05763158241389451,1.333702697688859,0.8302781943710815,0.05775775109743542,1.4042374972695717,-0.2627841701844331,1.333702697688858,1.8866021560734356,0.6811276886845807,-0.16571386609526267,1.6504860987346073,-0.8216230055688774,1.8866021560734363,0.9117132960187819,0.832288055814857,0.06478938011252787,1.270125447726535,0.13306365612552978,1.0790693045961017,0.9078821630331432,0.9562103278903242,1.4040477868994805,0.5693593875456566,-0.24980363871813005,-0.06799696618703889,-0.6562149558238259,-0.45909598332833196,0.7683950981057083,-0.03346296831913198,-0.17047648900170861,-0.35606103635171393,-0.3109176845598861,-0.561568915974195,-0.6023592177893379,-0.6486926263385407,-0.6329035922397808,1.1803466520327954,0.6207386291546472,0.8146779679567606,1.4423365596701887,1.152873701572598,-0.6878368720958301,0.8475767748882714,0.616300025896996,0.41220701225656303,0.727891617182593,-1.086460477165057,0.763436086714067,0.8458916790014408,1.0327547106861354,0.43386511633432606,-0.18328376940183733,0.44104147026863394,-0.4847042033702402,-0.0021419634876007304,0.9424539842974993,-0.8868390998877443,-0.7340448357789484,0.5939925351141737,0.6022468018727909,-0.42015691786362336,-1.298050986715123,2.6937162268108983,1.0090480175754797,-0.7427307008522654,0.4631480875520794,-0.330268272233652,-0.1852684354545657,-0.23576134115817507,-0.5495541951727411,1.0957768643425887,-0.10410325979498013,1.2111090555744368,1.1085768893856063,-0.6146226788204023,1.2496935660799002,0.29348987250161135,-0.9267380145507962,0.757773641727106,-2.5857754699506947,-1.214849109010276,-1.5752391819332492
3281,1.0082754377748169,0.9736000046802441,0.9817358480160643,0.9669565753775992,0.07973065069718843,-1.047765974078355,-0.16289253603709578,-0.8663483454375707,1.9233612783039435,1.3025010717739713,-1.6831660315582426,0.40241675375935193,0.8231137895790787,-0.09511819051514464,1.2365147640910137,-0.21637429313674442,0.1809960165367175,0.7207551586741775,-0.11301444174092166,1.2365147640910135,1.8735750123003148,-0.0026985654166409106,-0.01496920034928153,1.1788547988181182,-0.661554152443311,1.8735750123003154,0.4978494192874398,0.31956272731588,1.227142233948119,-0.4664903120072283,-0.19609345861197694,0.6604236536383992,0.7168417764518851,0.70630384532636,1.184028457166466,0.5305369852883365,-0.27612583233262533,-0.10465328187639229,-0.6813896459438873,-0.4967099031494562,1.3075220492067596,0.6656760785550387,0.5598418981423313,0.3858047763181502,0.2731368369158224,-0.008427490423808637,-0.027660198560682192,-0.15039477719880295,-0.14819976775233093,-0.21766145184848404,0.5608035160628198,0.36993694857716186,1.6403623828553602,1.453174000718827,-0.7579660294381954,0.8673157571620268,1.2916995718921127,0.39074780574601004,0.7590796996838935,-1.0308302047327629,0.7694394269850202,0.8390580119541232,0.9118081680390594,0.396386117440119,-0.14209729410199592,0.49466334448115007,-0.2978337495401147,0.09986338662561511,1.2202543477524064,0.5713913733241374,-1.0392477984498167,0.7842652876199229,0.4085765272384389,-0.3766968986901013,-1.5748103441253631,0.8087958537137484,-0.5760526327847104,-0.6240787893563704,-0.5698020000769677,-4.278312612830556,-1.9457041148857182,-1.933518540210223,-0.48506919701653844,1.0615081214841753,-0.28480563984993507,1.2111942220473453,1.0828868293376377,-0.5111435183499569,1.213222477891435,0.2765699357335652,-0.9600532798990009,0.7511592718838399,-2.6225761784509714,-1.248994678396008,-1.5645114975675216
3282,0.9835708344322637,0.972681846704287,0.9503601577175547,0.9266794321441567,0.10233931782565359,0.07084252150871487,-0.05077871854903985,-0.011591425297485244,2.0940275563513504,1.2712990625381604,-1.9421396975574436,0.2658435200970213,0.6060533171946915,-0.18195324382673067,0.8928110451887193,-0.7945362584189739,0.20604512746924888,0.14388813745725937,-0.004205384531920206,0.8928110451887191,1.7087736348891833,-0.5731523004551007,0.07397982246495394,0.6910792343324003,-0.5146102742612598,1.708773634889184,-0.3088381466724104,-0.048627471524723805,-0.25046900698265007,-0.6270642239933288,0.27612082663199267,0.06911441511442641,0.43330658654247306,0.42455452749260536,0.9113619471666062,0.4462155274757377,-0.33455196383576946,-0.17621025065432436,-0.7353356853596084,-0.5580207481985457,-0.37093409962230023,-0.32685956607936656,-0.36314085689917314,-0.4573217222244907,-0.5951218546797997,-0.7923690612255629,-0.7917221745013435,-0.8429613274473907,-0.8234869828571424,-0.38356971430320347,0.6628730846217864,0.38674474617113147,1.2706144835928237,1.3011666284285794,-0.8761877661018066,0.77933616738794,-0.23755234599951006,0.402946794558144,0.7963746671115953,-0.9956145804429121,0.7767755025550783,0.8322614359528693,0.6984672687105608,0.31141242358908056,-0.09667304879637897,0.3222919381290188,-0.3185870989918391,-0.4857331319417833,1.5600647046450424,1.2035719068113744,-1.0438033754786329,0.8449649251295094,0.40123735305783464,0.29432090258655375,-2.6241500837024714,0.30514704879931176,-1.7443308704543032,-0.552195691015604,0.23724605592615386,-0.27928696556313115,-2.1403312157377976,-2.104707587369594,-0.31044154120760925,0.9889203228817972,-0.5422656786119597,1.2638244935566196,1.0956216701944412,-0.3960561204161274,1.1582190858382884,0.24988480992949827,-1.0138155033626453,0.744429885681951,-2.6456238815044864,-1.2869085996343652,-1.5594276324702343
3283,0.9931624136603644,0.9234196782847105,0.7876734451432068,0.7532760888603417,0.36778669233045375,0.13129529631313477,0.23661591476672847,0.19533958623070086,1.6122641910252558,1.2225741364458171,-2.051709384643064,-0.34338192746276797,-0.29388004815762203,-0.5829783782056059,0.044805853009826514,-1.956437255782934,0.011793869673969056,-1.1321485513662297,0.0012736562339531075,0.04480585300982609,1.2273704660186913,-1.764189708423409,0.018548952800840537,-0.4307102922116848,-0.4087411214558414,1.2273704660186913,-1.4416792540967631,-0.469421898047263,0.042363471748405365,-2.47041642313968,2.0822337624696066,-1.0752325054114942,-0.4355462352922911,-0.31316233613203454,0.20861210529751897,-0.001301253228979402,-0.6351931992723806,-0.5343429334807989,-0.985407819187288,-0.7879647964306192,1.090942067291081,1.0236567756077706,0.9654013583769331,0.8618138072063283,0.5353211510021129,0.2643041365799434,0.3089783791434867,0.1329370807285755,0.10557542746454832,-1.5164519747330685,-0.30395059700624416,0.19236705801873785,0.617989607095256,0.971532641095159,-0.9613538148099531,0.6546573280427538,-1.3402144665976805,0.4546841528683851,0.7943063939073276,-1.0588578837670277,0.7624545099437386,0.8255009993015368,-0.005365522958606029,-0.09615107337259632,-0.12849409226829542,0.17012909393190817,-0.20102430159178694,-0.5785314193780184,1.1483092521092944,1.0841282274000674,-0.8915774410573158,0.7697775465753469,0.24737301028509992,0.5059082990541157,-2.144127879084137,-0.08354970818123013,-1.6761749428561363,-0.505650453572858,0.3947398754868044,1.08741303681918,-1.6555249836597836,-1.6172592660494662,-0.12950796565063907,0.9307687523817387,-0.8199942559942632,1.237889936687402,0.7784873961004842,-0.30333707057911974,1.1278380187471349,0.24659087578401495,-1.0568060579838194,0.7367984852512824,-2.6465430911177092,-1.2849623376305348,-1.5515904090511508
3284,0.732354356555732,0.6684483783372556,0.4019260616342162,0.3700350597769227,1.2561023976643202,0.43233878649048024,1.0319203231247147,0.5830966978474026,2.384223374375158,0.993712984079953,-2.100462395483212,-1.3173182571844255,-1.4500841792595078,-1.324928028967184,-1.5845103305791948,-3.6753521650021557,-0.5632932155411768,-3.2658097737344667,-0.19436622140692342,-1.5845103305791937,0.21033221465319749,-3.663284476804524,-0.29863565370067024,-2.4202304978569895,-0.39139731593836075,0.21033221465319735,-3.351449979399756,-2.2643374136847756,-2.238116281860634,-3.705837896377973,4.213446585249978,-3.090544382775483,-2.061045430521507,-1.8200920488821148,-1.1357459583413894,-1.0045955210230122,-1.3095468384566205,-1.3206895869869542,-1.535820134180173,-1.2792165807808242,1.3101712505983782,1.6756899747956708,1.58974375848872,1.530800317511676,1.1916238235338916,0.895064114981685,1.0231485340800979,0.7263254689496871,0.6711725526338307,-3.2906371815844335,-1.7298560402073078,-0.9678960861655946,-0.5293994131688403,0.059564866096411595,-1.2458084530139961,0.4159758455933736,-2.288123100725403,0.48957290315417445,0.7727060940464149,-1.0096718100821163,0.6545790128596168,0.8187757641918813,-1.2404181535478447,-1.011285035661649,-0.4942269967036412,0.34216820567330813,-0.6787300925716214,-0.8166959287171408,0.2683339418631537,0.6012414397414511,-0.7508699076310186,0.6289762535150168,0.7945544961554056,0.37259537331403664,-1.1902196052503422,-0.5649061904138596,-1.3079185282613024,-0.47221912799179433,-0.05240634741834011,-1.0249180818335402,-2.4379063867579522,-2.383920926310737,-0.20337704933651352,0.8871565468568084,-0.5858414807482489,1.1942154130755278,0.2121291673045381,-0.21412536518245073,1.1409783211416404,0.2902840378738888,-1.115236280851173,0.7276352970123664,-2.6252106886974826,-1.221642061458735,-1.5384884353027566
3285,0.46849318895786546,0.43923489732755183,0.4953298663110198,0.44275137612557175,1.4845828780829415,1.6748671189854871,1.4805262514266693,1.687284555947942,1.4263140779279102,1.130706450328642,-2.1197638893654607,-1.084087246066091,-1.1375901061348996,-1.1541556134955855,-1.8001474093574563,-0.5120846767882673,-0.8337669421897714,-1.5217727272299737,-0.41910618740853545,-1.800147409357456,-0.3064917916723522,-1.8490855065019571,-0.49522350609843263,-1.483218480812145,-0.41935366365884374,-0.3064917916723528,0.8029990537171158,-2.078506992524676,-2.3066199078342096,-0.30858198432627776,-0.9119274574318599,-1.8285234903268535,-1.565503722321642,-1.4408118934297671,-0.9084439097036101,-0.7240081808299685,-1.154817736511182,-1.1455714200622225,-1.4140944510094373,-1.1946407877713503,-0.04032502629437674,0.6079614834592132,0.4930660184209579,0.47004138154469355,0.257303885437119,0.034249259204082616,0.1437937181236156,-0.02930197047944854,-0.07792912335498389,0.6106948914797692,-1.9235253080589179,-1.009010519497017,-0.5774011758914542,0.10173958768690158,-1.162770966109124,0.5615799128809889,-0.08002247489169452,0.5373564165972252,0.7464815484025319,-0.9639990662665537,0.648473836620664,0.8120864328233821,-0.8986077661243045,-0.8302362455204642,-0.4990879990340808,1.6633882039528918,0.988997600241291,-0.13025137967548767,-0.446246710284196,-0.529715843903446,-0.3297924594359349,0.3612852426421521,-0.7852266279834116,1.010579802842739,0.47352838916489504,0.2017714702622042,0.504953535389745,-0.4524605956863329,2.0622406683692374,2.392385142039873,-1.310734369466056,-1.4182239789496485,-1.4977199599957862,0.8369672584601413,-0.2760637755676873,1.0156638896120174,-0.09514827740999875,-0.17283945869812734,1.1446584400255682,0.2925484839446802,-1.0877119941775968,0.7181597742444403,-2.612698751712736,-1.164580101874476,-1.4931629231224304
3286,0.6305723218011703,0.5685117897310287,0.3477296137137417,0.35103088097369334,2.1246483487299854,1.586806792137834,2.0656215366119537,1.937264635214636,1.29667163923648,1.1784232199787166,-2.2684319829904998,-1.2725946978848772,-1.3442550405515044,-1.306416466278216,-1.9183395621942423,-0.30065483849948116,-1.0974499159554028,-1.4788957712731354,-0.661266729495485,-1.9183395621942423,-0.7624692220899401,-1.6257140018361942,-0.710439248285782,-1.6099264480565088,-0.48764833807581165,-0.7624692220899407,-1.3353894784733358,1.1354885410644788,1.3874170606695917,-2.8377250422447764,3.392045635284462,-1.6117345465748842,-1.7827482724498103,-1.700449698681285,-1.2412255081542265,-0.9062024444024023,-1.2976728359520775,-1.3004149024757476,-1.5288429342106877,-1.3147038645816174,1.592683080733115,2.192033326512517,2.3008963472946844,2.3192338957974354,1.967739307218614,1.783597751919405,1.938764989977816,1.6055241842142476,1.4792494273793546,-0.8380975531115692,-2.1420692681922353,-1.228186641135793,-1.0852307099245861,0.11978236922750009,-1.1274927533026269,0.401715215071273,-1.1420400589038222,0.5665113223398656,0.7252567473884443,-0.875414429992703,0.6318086668432854,0.805430475376276,-1.2358837293363367,-1.0425389196124062,-0.5416199522290391,1.4834517199804889,1.5765113000158462,0.017633058970447334,-0.6283591128752825,-0.8349240557403211,-0.37125519871513935,0.449354280163254,-1.4549448862631507,1.3484799555730103,0.8698453691835396,0.42454207435836017,0.9675097948015368,-0.5996294301273895,1.5257137330584627,1.2278419371809444,-1.1950392610335847,-1.2808580170984125,-1.2476859516062275,0.7559175569255451,0.224254742022025,0.7950305179100323,-0.23092827487742426,-0.16857363146089022,1.1600072155511574,0.28330581805249144,-1.0274179599448425,0.7073755158034107,-2.593352675941623,-1.1039194419991116,-1.4402880056164395
3287,0.32040455229862036,0.2655116740207441,0.2132458691364091,0.3155432865552889,1.7868880939742788,2.152753093442032,2.319982083882516,2.0483114847183805,0.8453073806478955,1.3042870996633853,-2.2130108383616522,-1.3342908646028953,-1.4093845377139826,-1.3563553797945769,-1.7872993725352262,0.2737714513284009,-1.2847562783102808,-1.0556088867245423,-0.8887280492608872,-1.7872993725352262,-1.0562916440675945,-1.0536009792699808,-0.8973704282769825,-1.3905882709062962,-0.5823921603357193,-1.0562916440675956,-1.229245866033094,-2.6915723382643546,-2.6691378774808645,-0.08313852240958075,0.7985927790387082,-0.9942735925101485,-1.753243581092881,-1.676769169982143,-1.353815477397793,-0.9195718486232487,-1.3336244439922238,-1.3273686584055586,-1.5562593520519052,-1.3620441392922127,-0.4703540227726377,0.19737540692323133,0.4652716478997811,0.4559995256001223,0.29085865558025514,0.18772838319081236,0.2994512993125987,0.14626502987866066,0.06926373980694402,-0.34382094402775665,-2.1117429059848094,-1.146934297733939,-1.0636500158969198,-0.17236181737489464,-1.2288363488173435,0.32459639395085815,-1.0332728692432225,0.5824131883170639,0.7094610228049131,-0.7569910947813745,0.657558600836339,0.7988090752001753,-1.4966557059670187,-1.1176364985795542,-0.4333244362502939,1.3416219970404892,2.040530412466409,0.38466367105993654,-0.020458838818113667,-0.8705735053751005,-0.4250032144651504,0.3083708948160745,-1.9846890127749186,1.3315729088075374,0.4163307744440392,1.341534888851467,1.289225275076395,-0.473727372284571,1.5554136721189524,1.7655768478299736,-0.7409211920151291,-0.8305479903833871,-1.143707713116151,0.6077787417939506,0.629396206350179,0.6548692642741708,-0.22353624775483993,-0.1785164508981445,1.1766090063917385,0.2536507262685735,-1.0057023871172364,0.6952418488053245,-2.568448461128042,-1.0665273526591443,-1.3930314488116777
3288,0.31591192945408986,0.32420306773259144,-0.09058055404973774,0.01938033265659045,2.2099905456746654,1.92142703595074,3.6957271151858233,1.972789270135325,0.6427789785808621,1.3896604538416404,-2.0925587794449636,-1.8581337467783186,-1.9465062708802836,-1.8069611819550742,-2.367886321190968,-1.3945353449285056,-1.7144567771098616,-2.4336282162787106,-1.1915561389404132,-2.3678863211909675,-1.6634006060391793,-2.1847367539807547,-1.2400366006379127,-2.5436528011300488,-0.7319254120098251,-1.6634006060391804,-2.729249090293199,0.512545572480109,-0.06898961315313915,-3.053299498750108,6.2784458230845015,-2.0727477274610493,-2.7149765271439463,-2.622515519262012,-2.2591560098823007,-1.641454504175738,-1.8225749147080703,-1.8760069908649073,-1.944022802642351,-1.7240290712279909,2.7680501927794565,3.6616292284586103,4.1897511853215965,4.549287232751084,4.362107758247241,4.439564808335063,4.5573979556502335,4.333803209687504,4.016886025760169,-2.616196882014931,-2.513811656712987,-2.104119884273559,-1.4943950964408714,-0.9605871924187035,-1.448760931720124,-0.07671154919485007,-3.2249756486496635,0.5607269748248573,0.7126639826589913,-0.579216960318857,0.5272715121724325,0.7922294140211212,-2.2341878924935994,-1.804975696879426,-0.8805138811021459,1.136565086095319,2.128220495176912,0.31860982284239997,0.054467010664894844,-1.0565566381891396,-0.2947729654798599,0.20181051003677616,-2.1160859855287066,1.494494356497448,0.24757146502113234,1.736027151656798,1.4508474467398187,-0.41201197824740216,1.2332786168732817,1.4657137246687473,-0.5515848320341118,-0.6220101611888823,-0.8901430441846314,0.07890608942130649,1.1177746031350915,0.46061972730864914,-0.27068943361522885,-0.2921173571687853,1.2104058860733666,0.2246529559639032,-0.920980516511274,0.6775102699521426,-2.5315494356893535,-1.0534366252110694,-1.3450518638266682
3289,0.059099429179573094,0.1454730245091125,0.11169307885079374,0.17802142216076894,1.870914044804834,2.2218126360600445,1.7423172697360032,2.0449080986733947,0.4757458621080304,1.447724616798846,-2.16716931153376,-1.3395358985657844,-1.2745215556706997,-1.4282488637618553,-1.7373351120166494,1.4437527152697802,-1.7665507242623577,-0.3420123850129174,-1.412267259931095,-1.7373351120166503,-1.6680808511963112,-0.047514862682324265,-1.3817815303887475,-1.0682829251754016,-0.8826803825074439,-1.6680808511963123,1.8561985701028005,-1.6310932716406723,-2.2675716857703447,1.2333487142816404,0.4812468219246726,-0.641730595742075,-1.68780704719642,-1.7680695449184716,-1.6569264130781596,-1.1294336161585843,-1.5069907680133743,-1.4875101301652152,-1.682315472820427,-1.5251287739272206,-0.28954618883613537,0.39432350928282417,0.6524850646219752,1.081901745871969,1.0439946796293347,1.1027579566274417,1.1179434220906097,1.1162230609291752,0.9679613405333921,1.420417205466793,-0.7287808717712182,-1.7676982954642697,-1.267444000305621,-0.8701479019940146,-1.1910361103350664,0.08577917253130292,1.2122990868519246,0.5527842803074351,0.7074831393730534,-0.41531805534951727,0.5214278936543556,0.7856805392162106,-1.5004961962802783,-1.4109869548559355,-0.8858950009612159,1.8046401768914555,2.734420236194604,1.9068215475925903,0.6680757193185662,-0.2174203323236025,0.04532368715190976,-0.20660549130087552,-2.6646510621460058,0.20995498775369237,1.025301565633211,1.2794276459389686,1.7010048173463563,0.15049043010633695,1.8681788879207777,1.2548964005504635,-0.3088473273569415,-0.4576470600724348,-1.5999653468915458,-0.33040335803524334,1.36418976537718,0.32592002997118574,-0.038968113228292516,-0.39905863516702345,1.2428964142990055,0.20872185828371062,-0.7630580696472099,0.6613972118896788,-2.5061344104820567,-1.0337841532266079,-1.287107763569183
3290,0.18262088188694034,0.25868312337127547,0.25174406299119306,0.30884784984990604,1.5341324285133815,1.7541058028807506,1.536768689357332,1.864054170481031,0.6559341267578835,1.4515126321619234,-2.234470279076992,-0.9572445088325737,-0.8023939289614255,-1.1370288230851868,-0.7713009427043103,2.2329505309470563,-1.6170587295192391,0.7996539061524566,-1.506579251257506,-0.7713009427043114,-1.3473971567947325,1.1377430414801755,-1.385165746716282,-0.05075633766585097,-1.004571313449274,-1.3473971567947343,1.2307260741851849,1.0179562359089958,1.0953940072891657,1.2721825601003833,0.07983644769243588,0.510391020576204,-0.7834432878445946,-1.048670512831824,-1.1631406397458348,-0.7553072213322973,-1.2476238037374268,-1.1707282216797819,-1.466588631140717,-1.3631061304427856,-1.0889804417170554,-0.4122889539662576,-0.20665261176242034,0.20170789447703882,0.2613218774881801,0.23971177447321218,0.23084020452278473,0.28357544222007874,0.1725826522443654,1.1330426110851843,-0.5260821291510733,-1.7586300529697794,-1.171845467250353,-0.795131201300246,-1.075837020771269,0.08239840944496718,1.1815966124154176,0.5496385610057726,0.7003478524290834,-0.3323194213729373,0.5155914191954256,0.7762959580898485,-0.90020578348378,-1.0798231925821178,-0.8812502562832168,1.8182755306154492,0.8875751148347252,1.5770451973000137,0.48702310775661173,-0.2476930854081129,-0.2389174393388658,-0.14620388260610018,-0.6554317209280633,-1.0511146295494087,0.9399670817175115,1.0690706278991378,1.4803931814026712,0.08676506319873205,1.6792061691268652,0.28477776345714556,-0.4935845445605727,-0.6426130385031248,-1.6539006312838578,-0.6147948895481574,1.46334991930291,0.257792691958123,0.19646017860253162,-0.47594825235291177,1.2534434437249193,0.22489599216606632,-0.6293923306832078,0.647273889652216,-2.481987865651477,-0.9963033358920232,-1.2386966027636368
3291,0.3336292636154454,0.40588846793750527,0.404408924400492,0.4016730073057076,1.6433760324807203,1.6115410211435377,1.3338525366524796,1.8356692027709876,0.8007231490664252,1.4428757011364475,-2.1347422999321926,-0.7011636353580198,-0.4939023866646131,-0.937308753520161,0.09646581030755128,1.985011967299072,-1.3900515459017275,1.2539772639025462,-1.489256900102727,0.0964658103075493,-0.9016897511774513,1.594664875114617,-1.3082227774263087,0.5503537833532355,-1.0857163045244724,-0.9016897511774516,1.3022722971564857,1.2943055462153763,1.3042314049150312,0.6516171798811699,-0.005665243190697627,1.1075386986369613,-0.09316894107638979,-0.5060394832664694,-0.7903505065831781,-0.5136539298183037,-1.0613053595495516,-0.9425713785133898,-1.3099957180568595,-1.2502093403231647,-1.1960086019809992,-0.7029201025712731,-0.5682774014391061,-0.15718957898167726,-0.03234310728169087,-0.10384203760637341,-0.12278205657825832,-0.04573381113597912,-0.14341909454706572,0.774838291567092,0.11552211867122346,-1.4822635709658474,-0.9641436885425861,-0.8850582077092816,-0.9749813661907443,0.16823780310064862,0.8711289087655156,0.5431697004438937,0.6941725207990318,-0.33470363812557263,0.4986631525223711,0.7597791729024218,-0.42283642793332593,-0.8254989831351746,-0.8916950561325587,1.739607784685484,-0.06365759154775691,1.5256536638516012,0.32930583598609436,-0.35294465929570024,-0.4533357564434899,-0.13650335058424148,0.36725622590391477,-1.840583258661656,1.104666395228411,1.0097292885285345,1.557731171865981,0.05540715542680027,1.6279690229497625,0.43231855490868065,-0.6515504825805113,-0.7870014724363319,-1.5646091473587578,-0.7143851180585616,1.6246836453727587,0.17586918271109145,0.4544344928895111,-0.5297815803205879,1.2535936227167466,0.2557640526490852,-0.48094746463183,0.6341098529049524,-2.460542465716973,-0.9572503335989433,-1.190322934632478
3292,0.39499578591881457,0.4165839982379139,0.4167813641579357,0.36194129775988443,1.3689298441084996,1.5981202718838476,1.3533100264154516,1.5256646238530795,0.9918498112263148,1.3935738594113192,-1.967011452097708,-0.7732799755330847,-0.5868396053585643,-0.9910211193759725,0.3951132151607574,0.6792887571665743,-1.2667938122261784,0.6765968439044077,-1.4342287938405232,0.3951132151607563,-0.6157426701208355,1.0249497548820987,-1.260518322858798,0.333395773740395,-1.1403049198605186,-0.6157426701208356,0.07837499205619948,0.06655827287833976,0.500179622810863,-0.35689888847808704,-0.02982936983743497,0.7526485074762536,-0.0039264507473456755,-0.44643692279108255,-0.8551397375767077,-0.6337994889012668,-1.1067992179913335,-0.9814409086678569,-1.3405929990185543,-1.2967806341926444,-0.6673091320713079,-0.2818257893559235,-0.10174957797575993,0.4095654487074768,0.6146674563636665,0.5193938850840926,0.468185666477025,0.5847184757421746,0.43471457135000297,-0.36236120630375956,0.10676000654364312,-1.473975899014105,-0.9019977018787018,-0.870471565301875,-1.0194556219326394,0.0722944402074492,-0.12675013165157514,0.5250230512811571,0.687367191428798,-0.34504158219989345,0.42709220908985607,0.7533831879410903,-0.28600511556465813,-0.9047796431763411,-1.130407162788747,1.5821207481304551,-0.6406295570154797,1.0957467004915058,0.03499464465553315,-0.24453871704740274,-0.6341671947619444,-0.04630784887104031,0.9679794494588404,-1.8437426465954532,1.0646220464805576,0.4291465408653006,1.1084791941567547,-0.007355972038660959,1.4514128315112242,0.21292343596932714,-0.8664992067774073,-0.9823829463525953,-1.4386137633681155,-0.7769919480166964,1.709558738168656,0.09994912523940766,0.6652735952052101,-0.5741129509722366,1.2541371600591045,0.30014733253247516,-0.3407578303036986,0.6210076983952175,-2.4389467705630405,-0.9150160806244035,-1.1517752086475435
3293,0.4634239153994206,0.5224184003044753,0.48723948279329876,0.5665283850075912,0.9074989825992743,1.4205862195787455,1.049338713022344,1.1837125905365937,0.3826583351140042,1.6003924860843013,-1.7652385366520902,-0.25976973707891104,0.025468428806813728,-0.5869062112483339,1.1633035809479408,1.7415053685534976,-0.9408194017034668,1.8319262223484003,-1.283374726347768,1.1633035809479395,-0.040795550621794574,2.0345882152964676,-1.0706052678127276,1.4081428505304017,-1.1427674483582897,-0.040795550621796094,0.5666611337166177,0.8924228074662779,0.5541094975137744,0.9713696374549763,0.4521791123925282,1.3975582482839595,1.030540265918351,0.5543183956467915,-0.168909001411861,-0.10145337127378586,-0.7288496981491531,-0.5287867148406086,-1.0350971817925987,-1.0514046426747774,0.24929862162271266,-0.16698919517304697,0.006908790329035098,0.5404802868678807,0.8073692664475697,0.7125055331932083,0.6286797546275253,0.7831636600643135,0.620830559958624,1.7023387253897007,1.9229727993828205,-0.5776671447024596,-0.6821820354785435,-0.3028070582526078,-0.9215339209716461,0.2575703456950566,0.7487367891579771,0.5177700860792895,0.6749599641774711,-0.4090092559938882,0.39794349268350027,0.7470130528599652,0.7340795022717381,-0.412368367553922,-1.2171435172147183,1.368035404682572,-0.8596046255327299,1.0238342882260962,-0.10679536337107182,-0.24446852593936436,-0.6112040189483119,-0.12352678415587258,1.168575304064238,-1.94497206920564,1.1803985664883552,0.23086497127779973,1.053775820641659,0.06552652891048483,1.6708665590817877,1.7721638421503987,-0.2548897378778105,-0.374714697637635,-1.2760210443226858,-0.7881946221374032,1.7075384575678447,-0.06373752460393795,0.8335474529512092,-0.6143313911281415,1.2420826325754317,0.3262890848331787,-0.2317856991209039,0.6081922875677029,-2.4229142953781446,-0.8951403256521615,-1.1242253982737824
3294,0.5044362056789783,0.5547737517341016,0.5120173366183347,0.6280406885199731,0.8783752306422301,0.9350047132778688,0.7116214407724722,1.150390385354692,0.3238727910315738,1.561586942546798,-1.7854510183804846,-0.11140325557704674,0.19369771280063355,-0.46547356003331175,1.5676072187900085,0.931087671654972,-0.6529159970624627,1.6173126340875497,-1.0825384798017155,1.567607218790006,0.45033170149772117,1.721648119120251,-0.8698656678528828,1.4930871299788542,-1.101237644926116,0.4503317014977207,0.17720681949782072,0.24635693015166862,0.31530733219824425,1.1559274858644282,0.5514348386944644,1.1703408086719504,1.183951112243674,0.9224053780109771,0.04592638862882393,0.033566043336806205,-0.601954860459428,-0.3718635721295111,-0.9325957906276602,-0.9805992049496894,0.31283875403410966,-0.19396651263222828,-0.12397434576688075,0.4568585023991575,0.7180944466209026,0.6557046333485694,0.5739554535160856,0.7397467585495453,0.5832184155548709,0.471716496769032,1.516522186743139,0.5596126799494061,-0.6180557530092201,-0.30456122412430703,-0.9540624862660223,0.35357517926657794,0.7045806393934281,0.5123840832982837,0.6701890779963889,-0.48619486788087035,0.39884629103688707,0.7406679635644415,0.9939547291089328,-0.25697603849229067,-1.1973821684959334,1.5364007292259907,1.5094370654036782,-0.23670767260712702,-0.4011786209194855,-0.8596960041015409,-0.7384965242978172,0.05052864429840467,-1.374816949047459,1.5991134738581827,0.29661129007904374,0.7750179463183613,0.7801065371109291,-0.22750863567920573,1.5460268269779387,0.5711053983566077,-0.17558084004606875,-0.31589510925487924,-1.4501344928327162,-0.7409967162767986,1.684673831088251,-0.17672784963417024,0.974309324401486,-0.62734242011592,1.2206007024914671,0.35427426339835616,-0.11602357206661702,0.5962542362759868,-2.4117256167708168,-0.883713419276317,-1.0948395778819056
3295,0.6237916540735408,0.5802647474742848,0.5103320951413917,0.45888508428476005,0.8718567053199359,0.8198566232679378,0.8140949269492178,1.1166845231275562,0.24327008012897305,1.5861553330848606,-1.7308626008919272,-0.5123922463897661,-0.33618538779450535,-0.7600135355326467,1.0543153083887535,-1.1615076199577237,-0.648353605572701,0.023553659143043155,-0.9474980148114382,1.0543153083887524,0.48250811570077523,0.11192172457058339,-0.8187099249453673,0.3768908415155004,-1.0569461974609546,0.4825081157007742,-0.04584585920227099,0.1826459648945646,0.9572625144211169,-1.6015901894110482,0.9168516671189924,-0.20709674339187303,0.40631758166018017,0.3267251948779476,-0.4498028916658204,-0.4413249989941389,-0.8735001678700965,-0.702131708451557,-1.14860569868315,-1.185323049813164,-1.2855138743662406,-1.3258662549007083,-1.2683542390365892,-0.9099782838460019,-0.7756481834523115,-0.8185200543845076,-0.7447333070691446,-0.7172635965031943,-0.7836548619121892,-1.4022831852596955,0.4562114636960229,-0.05374233457027754,-1.241063383323053,-0.7866720494174825,-1.0881326089937917,0.2977592360990774,-1.604055727196252,0.503899813885543,0.6625507333092432,-0.5730598457472756,0.4012097913849113,0.7343471224344013,0.24890695974394098,-0.6421250369380224,-1.1712993759600459,1.3438048496213382,1.353650573297147,-0.3865850623108338,-0.5481589449923161,-1.0233163986250706,-0.7208313978261542,0.18554955335562842,-1.2393553836674367,1.6302309146914473,0.340937262568335,0.8237219645392254,0.8487982065128036,-0.3891566126848255,1.3732941521820454,0.6264807839462473,-0.11149907787146204,-0.23486500588062115,-1.2579627459439946,-0.7946049015005315,1.680956365013599,-0.27193489570745366,1.0594753301220179,-0.6718775857407255,1.208929122976055,0.36907466622909,-0.010725626055500754,0.5814773294886566,-2.3798658902106604,-0.8923152761890771,-1.061617351404127
3296,0.460288218978981,0.3917034784300953,0.34923862697985547,0.32220128283130234,0.9026544061965684,0.9140241005701413,0.7141238370392751,1.1170496863906212,0.08595044764681437,1.6068360485871622,-1.7223058192142624,-0.8025561072389743,-0.6995783463828201,-0.9817690110892984,0.32304025020022553,-1.6644346587720658,-0.7853407286540746,-0.7763145825771859,-0.905537931317994,0.32304025020022403,0.27802243075058664,-0.7196900368954209,-0.862482752678721,-0.3339520211692261,-1.0309924257883092,0.2780224307505857,-1.3647347022086758,-1.6205942080207005,-1.3606572856552732,-1.3742239211108986,0.564285744023253,-1.0428329966008427,-0.20194947584901607,-0.22611651120530352,-0.8177930130470085,-0.8218578712504526,-1.087992676797966,-0.9543044556910144,-1.3165065226216144,-1.3497828876490086,-0.7361145009857815,-0.913040466234167,-0.9057992246426014,-0.5715774869398736,-0.3856609536750964,-0.41428554003452756,-0.32130369709818424,-0.3333248220854514,-0.42660875205716725,-1.1620355583559305,-0.3265023821172072,-0.1558050041348917,-1.4646600022788583,-1.0244122808133274,-1.102636279753252,0.34659894063588226,-1.325350098651147,0.4815724864791388,0.6509588664443947,-0.59397266041895,0.39545605841558246,0.7280497377866285,-0.3184477559990895,-0.9526559786853382,-1.1740139173310404,1.369642363649917,0.16305791135403014,-0.9719906593975641,0.2751353036091479,-0.46252866589698877,-0.5251871129776164,0.15765643861173276,0.059549482525608224,1.2583592783163466,-1.352968581852694,1.0982206011097964,-0.22684826826757037,-0.24512559251457228,1.4447155555088689,0.8354580735297632,0.05548263369427906,-0.0762375528922202,-1.2820056807325033,-0.9198739975647033,1.6986685734735676,-0.3082945710768759,1.1123777184340484,-0.7518791308179888,1.2062371028925798,0.37767194409272126,0.10411401531867612,0.563807892447576,-2.3466947320133453,-0.905736686715603,-1.0265239050804684
3297,0.33890525391353765,0.2682935304244013,0.2897404946937625,0.23930430369061725,1.0210752278781436,0.8837283121786292,0.6942434224453246,1.1225565797441663,0.0942927714736256,1.569960943376735,-1.561218836170221,-0.962479454302639,-0.8953282530686926,-1.1057371838340089,-0.23830262377047776,-1.2724380275591167,-0.9483468646315015,-0.9250566507835095,-0.934549217756792,-0.238302623770478,0.024823109406652565,-0.8905455100027806,-0.9429096625119813,-0.6107777072402357,-1.0276000275006636,0.024823109406651278,-0.5311705330495226,-1.091111095499516,-1.045024198465337,-1.0042846805523242,-0.31343887715660457,-1.4422421744752303,-0.5431984629116224,-0.4983151845534243,-1.0055135476212664,-1.0349481964723926,-1.2014380501339121,-1.0774679111547991,-1.4060646237931431,-1.4462979888474323,-1.3011142682758727,-1.4002896239414997,-1.3976181317456906,-1.172631625509022,-1.0216133999434536,-1.0433773288968617,-0.938355002533542,-0.955174170455616,-1.008582657243905,-0.7204645395758454,-0.47186044312714603,-0.2700746214336618,-1.5409185632490583,-1.0472486119904425,-1.2718205909693938,0.23184449051891565,-0.5658366627603048,0.45156161291641606,0.631188527464371,-0.5944694902245715,0.4435349629246189,0.7217750233387363,-0.8737394859068014,-1.1348810312284159,-0.9884406440920117,1.3152717154847782,-0.5016243286852015,-1.0903158496923697,0.732309084544739,-0.04306609437495332,-0.46793564744783966,0.20259293762025754,0.7724779852674016,0.8163090859296915,-2.0649574571713103,1.0820605922765207,-0.7858595765172266,-0.1992464090000556,1.2908840139024482,0.47105162655508176,0.04159276041189549,-0.08330412585976212,-1.215424642709682,-1.0810139466897883,1.6030537058984216,-0.4463503822903502,1.1684113490376271,-0.8167755715254538,1.1972847285483847,0.36902476896649244,0.18239018517197053,0.5453068880777391,-2.299787125666483,-0.9157846096305599,-0.9935910510510706
3298,0.2992115822269501,0.6448309787155206,0.2693020425843242,0.621885226296844,1.3887988760936947,0.995755350428661,2.2243907809047556,1.215530362434687,0.08628732066094451,1.6118123723982334,-1.5147721156999765,-0.10468990828960578,0.13429707062321208,-0.42452485104049525,0.7472422991844007,2.2123087400519963,-0.6220590900707857,1.8376783049337615,-0.8399126993952747,0.7472422991843997,0.5051530923013905,1.684910128863544,-0.7430690896437354,1.4966021982609927,-0.9817593564694099,0.50515309230139,-0.20396184882093782,3.159539628225858,-0.3657006724752345,3.044289358886831,4.893221289005079,1.0821831516569131,0.8847248680481478,0.9754299985461165,0.26186103098268404,-0.03101478855581178,-0.5347836187103324,-0.269024175367445,-0.8721662044305567,-1.0025373126654282,3.1675533877871196,2.264034577369625,1.7761794425893436,2.1465516326882703,2.6508544509649874,2.8314119897993737,3.0139432843404905,2.8553695879678918,2.5923449351347134,3.1191714392939898,0.09513329609872051,1.5034542562630049,-0.4341484880689054,-0.5476453126956634,-0.7000268403119152,0.6774673737551574,3.116994455249144,0.44665697175476426,0.6203944342934457,-0.672888314199696,0.49600569418782187,0.7155221976736301,0.5204652424878532,-0.23999504059683396,-0.7887949895251624,1.163228466877263,-0.6388803939436631,-1.0383090740643512,0.9363515701715982,0.054645264843853625,-0.20645238210334566,0.09687720234943316,0.8951121236377079,0.6390901810801659,-2.258472362256865,1.2113010952681478,-0.8536032950741989,-0.07937162333720747,1.1534608700462639,0.6765405230225255,0.034449439468672315,-0.07111520762878948,-1.0231138529382324,-0.9927754723511736,1.5849468186255284,-0.6024961860580791,1.2053166990993451,-0.8256948007269336,1.1895639259597626,0.3624361262047055,0.2877324783488265,0.5310920463060034,-2.263172628677763,-0.9760596051340588,-0.9492890578975894
3299,0.6536837980029302,0.5718547055266202,0.6151682660999427,0.546666235155113,1.4627975017820054,1.3489329734257243,1.2362149822399233,1.5406008541608684,0.5987481901190645,1.5839685828575776,-1.6348760419161197,-0.26331545025875874,-0.06572190823563893,-0.545339508523056,0.8662874567588266,0.2673181512262739,-0.48984696055071897,0.7461145836772841,-0.7308525009958604,0.8662874567588255,0.6786476115058704,0.6099987887153233,-0.6301800030365278,0.8473179336151155,-0.9208520583114004,0.6786476115058702,2.8133585414601097,-0.6341709382470282,2.8816755180973064,-1.02190475862474,-0.5604097382792693,0.6840560915513498,0.37429213092827196,0.5799223132224814,0.06862963071694152,-0.23505159751956411,-0.6546506165106121,-0.3979052918108807,-0.9598408308772276,-1.0960070020754293,-1.048387932691119,-0.9816390738436976,-1.1929156974563375,-1.0337877428985411,-0.8220424671378128,-0.7560888308082084,-0.6994428439352578,-0.7066740840730301,-0.7702700584009364,-0.6323575292250188,-0.3577158620058744,0.8540057227264372,0.253977376626089,-0.7382955844265132,-0.7380390807595245,0.5816612112985458,-0.5091336047718187,0.44068024728058897,0.6102498314027471,-0.7450630364623871,0.5075706104410974,0.7092904837035918,0.14982599876847585,-0.40864708102433694,-0.7334009289828171,2.1972824323069564,-0.8487360757209658,1.1009693053133567,-0.24546068589852563,-0.5769988530335654,-0.8725373874729206,0.5402925076011261,1.3046796318336789,-2.008776702769888,1.4167735541754494,0.545094660476547,1.478167662550888,-0.6271766729126024,1.851834782131576,-0.6434183642435257,-0.38652565639596365,-0.585824646395782,-2.0664448014649976,-0.9526008259447409,1.575012833659136,-0.7902471767598472,1.1842638005071444,-0.8465091642398354,1.1922718370770489,0.39362042286982735,0.46828048228119934,0.5160652452227047,-2.216840334015665,-0.9901216210388687,-0.8933474018530168
3300,0.5121765855593104,0.5517454474718645,0.5634249677364047,0.6242370749407558,1.5776441527225324,1.3441002129581103,1.4010751663486611,1.6749098413360444,0.5259005489688579,1.62829824169234,-1.4514420268535122,-0.1025883095965402,0.12049008067492861,-0.4134822487930501,1.0545785967786954,0.42578270382137456,-0.3175272384884159,0.9679311433992519,-0.5982346147710075,1.0545785967786943,0.8934109720325295,0.7567636026917496,-0.4857360868664375,1.081986578572916,-0.8411668709237939,0.8934109720325293,-0.4499269482811576,-0.20835132462188624,-1.1509171014376618,0.9776152858338226,-0.17050665377759355,0.9721988118073042,0.565685487397087,0.6719863293724904,0.37941909983856925,-0.030823628523584223,-0.5134310228843584,-0.21942803052183177,-0.8422550097382834,-1.0114349408484093,-0.97350754853794,-0.8550263018210347,-0.9048483676624348,-0.9762681108428315,-0.7469901343606127,-0.6889465024691841,-0.6353082488739776,-0.6409203171356598,-0.7106686757658717,0.5613598635061973,0.4575961196816295,0.6847240305137766,0.24640010467475285,-0.8588477717692129,-0.7135035057935214,0.6368436880268292,0.395686265615261,0.4372934860169439,0.5949718296389095,-0.8305524827402995,0.5016136925001732,0.6907216982561165,0.49510942986923695,-0.19257599590819013,-0.6970033706927548,1.9733888776596746,-0.8393015310050228,0.31762078258328846,-0.604504411889566,-0.4764287930956981,-1.0382577932719894,0.5266310304898436,1.2563822384935914,-1.0973371940997203,1.103234763695614,-0.10439923003479512,0.7688550815588137,-0.5929558363365484,1.9873743189190045,0.9110243826935913,-0.3332426340976128,-0.5112608285853798,-1.8312160377047386,-0.8297894865467157,1.551551737885871,-0.8516480132179182,1.165161252661754,-0.8497568321100767,1.1876707641497581,0.3882376903815795,0.5783179441797567,0.5015275383156437,-2.1760731352676377,-0.9926580206220844,-0.838330549005372
3301,0.5542968720747464,0.4765930564848558,0.5171673519052635,0.46124770318945046,1.6314081672783944,1.558498235433623,1.5964801251826573,0.2540173914181823,1.3336290079463,1.4934351789819227,-1.62524099705068,-0.46107154835600167,-0.3392212020981272,-0.6826748312868753,0.529329408280639,-1.1774064783922733,-0.3811173690151269,-0.3517670302878702,-0.5319870730646967,0.5293294082806381,0.7393376459287149,-0.5385987843363284,-0.4759137410555146,0.07747249557627464,-0.7754348369641576,0.7393376459287145,-0.4064512718546755,-0.6466733701982148,0.290741101262021,-0.8903459923714043,-0.5286219185452444,-0.3048717601946195,-0.1779000104753083,-0.08751474447321349,-0.05830451887958362,-0.43426355339667216,-0.7715415665603563,-0.5228127430628279,-1.0438229178919272,-1.2034810940252303,-1.342774597994709,-1.1596493876365213,-1.1507766690031787,-1.2622922445721656,-1.0806456476015824,-1.033374704878442,-0.9970139325626229,-0.9832081970098203,-1.038346619185205,-1.2953953857833984,0.38971307673570216,0.041934265577275025,0.11450493615722229,-1.0992365142118805,-1.0862713122867755,0.5118589980745623,-0.689834009413753,0.4348790934181312,0.561677611222327,-0.9261913586162874,0.4956487992578344,0.6845809466159587,-0.1666447268017478,-0.566797881752302,-0.7035401946577389,1.7689633635700979,-0.580696757506904,-0.07486903526152015,-0.7093470346890335,-0.2879569873021556,-1.1083983953532153,0.5814919075590984,0.9413017863142837,-0.42010841765188217,0.8513502028377156,-0.5373169559851463,0.2616005834417625,-0.6039576085970025,1.2970689890663898,-1.1733480181040266,-1.1984585087424777,-1.3232054465301426,-1.6213582506859952,-0.7805113392092646,1.5133390049056237,-1.026746297894736,1.1443348327948029,-0.8395927957912888,1.171906801955996,0.42437858899368314,0.6855712246730193,0.4858944187974908,-2.13266313681371,-0.9557442363204395,-0.7839529188795288
3302,0.4526018827286475,0.4405984811036908,0.4720142511673327,0.44202754869545885,1.3863267367302416,2.07975171978139,1.6130196452038907,1.506445154615503,1.2145423523344008,1.4853771557581024,-1.4785009633855808,-0.498003734617463,-0.38408907524024244,-0.7119120214789242,0.19719705731636825,-0.7453392275903806,-0.4388083924258629,-0.31653034952436154,-0.5079009290271623,0.19719705731636775,0.5889801071928896,-0.5288896926218052,-0.47783807275764384,-0.008160426699474905,-0.7233563301310555,0.5889801071928892,-0.40516250891262967,-0.33524361258870333,-0.8387435855862077,-0.14972574181986661,-0.4098877484944851,-0.7094877005249062,-0.305353110800564,-0.21841738601899868,-0.04061042697195097,-0.4630430404474148,-0.7822180749906275,-0.5335952461154053,-1.0535407615800585,-1.2288386590992146,-1.6079508563001643,-1.2872159287753824,-1.3070319620620807,-1.4391484408560742,-1.2775215576676564,-1.2455934711163779,-1.2137042428156493,-1.1919556415748218,-1.2292283529717254,-0.1988491751286499,0.6102391771875197,0.0914558062510195,0.1508425742864869,-1.0632847933734428,-1.2321522071075173,0.6949161541997093,-0.1434463095563713,0.4509941640604858,0.49510854619478484,-1.0110295418119641,0.48961777811281926,0.6784147474660507,-0.2294596526571453,-0.6085411642514386,-0.7103562632849787,1.7200803416525046,-0.5872738174962734,-0.8478181999638728,-0.8652650789351035,0.10010619136462538,-0.5745276687161093,0.46685398312909715,0.9401041374212804,0.46467559109250556,0.2820483208457413,-1.3415580201553141,-0.7596027446608522,-0.4143806514850628,1.7593451665067978,0.890993832395971,-1.0798707799223146,-1.206281680716404,-1.6027645592909936,-0.7971805625750217,1.388015481829256,-1.5017152917958638,1.0711846559121745,-0.8149686633088716,1.1483175881733385,0.4474950750291175,0.7297451128909795,0.46942147733592743,-2.071812139924906,-0.9195561151230738,-0.7207913192885971
3303,0.4103332662683843,0.3469632512020368,0.3899860283825159,0.3906796907913727,1.972007664191925,1.5862936478403014,1.6047123966009906,1.8211338659714589,1.720080597645191,1.4545259799304253,-1.262296237558836,-0.6125475672451053,-0.5302591488315967,-0.7988488480173228,-0.10503527956257268,-0.6764456468432095,-0.5265292048931088,-0.4802627451295283,-0.5223264008327059,-0.10503527956257301,0.3971183387825136,-0.6775776998956519,-0.5101334723505201,-0.23190187509773505,-0.6886873768259688,0.3971183387825132,-0.699807185754257,-0.8073174636140757,-0.3835577065603653,-0.2351111517438446,-0.5514075912573532,-0.7522469544559193,-0.45979028941250677,-0.4308590302323604,-0.1495165399286172,-0.5832620274337501,-0.8472727487586342,-0.610998383438589,-1.1062284570857286,-1.2930645823947453,-0.9995311145874866,-1.3817688175603267,-1.4559272447477127,-1.574147994645918,-1.446303588343334,-1.4350517174048418,-1.3990602422847151,-1.372140980356917,-1.3973166401501873,-0.4538659084080336,-0.8429108829262137,-0.5546874484723746,0.7373134677352073,-0.8450449715896367,-1.3105581629530212,0.8095302507995777,-0.2893250113043232,0.471660254626458,0.4211288382144698,-1.056031542661905,0.4835088988190692,0.6722277561391341,-0.42856044852525327,-0.7276969840791618,-0.7180756453330659,1.4910380029749521,-0.32715189037312337,-0.9963182317730503,-0.8601003532946095,0.10486004768784601,-0.2773653606755528,0.632601177275678,0.6194185955218684,0.8613680618066019,0.13140856273315987,-1.338713862329986,-0.8774035966363004,-0.5677405884003421,1.2286636114359348,-0.1840372374945379,-1.6345801631049774,-1.7084835700432404,-1.3129151615395562,-0.538336164129173,1.1304788957823502,-1.058487026558412,0.9590542217922949,-0.8018663790037287,1.1185180566139858,0.47586295769869186,0.7352814335490494,0.4513709087406426,-1.9896695354978662,-0.9061134530091964,-0.6623860991415981
3304,0.5357922152298954,0.6156675835267673,0.6139757144443745,0.6705557115525108,1.6599574971977324,2.4135240662188178,1.9060869425606513,1.9356170643142154,1.3088908931816208,1.5641233593123323,-0.8349864926886592,-0.0033654402415183734,0.22822035630729012,-0.3251759322488994,0.6082313065857274,1.583232978893514,-0.2816065261651569,1.3684793215726496,-0.44701875503509725,0.6082313065857268,0.7017598364440012,1.0644763022022785,-0.3524063140164876,1.1847793191715523,-0.6272468173859511,0.7017598364440012,1.7038013844109525,2.1075232853509456,0.9356635909282324,1.137893320029782,-0.0010650551431840097,0.9093516381127557,0.7305921805337998,0.5679896164960279,0.6889432166674738,0.14537732212094762,-0.3580026066441912,-0.026859933077588737,-0.7259255852360385,-0.9817876564909627,1.3232611120856554,0.13176136063212845,-0.11920775087206564,-0.5489429234158987,-0.34864202118983767,-0.32463660907164066,-0.2774105521597715,-0.28036024125844755,-0.360507900076081,2.1073033657758606,0.27921005726478015,-0.061462683684726835,0.9351894209196118,0.3913862587681713,-1.0415072920451502,0.9877196770599941,1.7285137217984916,0.48675186699099976,0.3799186750329234,-1.0663537474756022,0.4780948114407412,0.6660522492012205,0.7580238809689042,-0.068414481174107,-0.7244602164496735,1.292640216677354,-0.21305260020812755,-0.7512930956498978,-0.07129358974847975,-0.2046308162175893,-0.10935641775672736,0.78727702604246,0.4617330054493864,0.6755307610278528,-0.6578337952322029,0.2135036041333338,-0.34255874999218605,-0.7777697295435745,1.468786517993752,1.5585456591190752,-1.2267394854937486,-1.298499469910012,-1.1471248985358122,-0.05018492260452669,1.2200097544719657,-0.5141789788311075,0.7005104650602585,-0.7653743945592082,1.0893153859875992,0.49495671743460307,0.7288562230838691,0.4359802403742006,-1.9199957771196927,-0.8792221480769065,-0.624573162506928
3305,0.7094933600685902,0.6824689626814038,0.7279453879043815,0.6942509522566335,3.0845741042948815,2.1648872150208684,2.442277550869086,2.619599245281739,2.3771608545184635,1.426374061009207,-0.6837044136796687,0.04690851069601232,0.288618897002855,-0.28626046386132353,0.8995447778543615,0.6480318479020072,-0.10174859343588342,0.995741307070737,-0.3344302425703819,0.8995447778543609,0.9003836170377422,0.6936235389697515,-0.21244542854558396,1.0439040077738402,-0.54826181724018,0.9003836170377424,0.7968271350230625,0.4498873662068975,1.2720062847495062,-0.2021965178871216,-0.5579112197685022,0.9645542064005728,0.7182991296120694,0.611096192100678,0.7142141381957378,0.21035361248938347,-0.3076456398723072,0.04283104534245494,-0.6841724502968931,-0.9632692709181337,-0.18039560055228746,-0.8324611586165193,-0.8923603915412898,-1.2150828758881735,-1.080682406494103,-1.092292463227867,-1.0405042020943747,-1.0274039085652005,-1.0714839008546468,0.11114658655602472,0.08994125012788245,0.41978795114996803,0.6643821581596527,0.27705033802069795,-0.8990440860031289,0.9470074328249014,0.8241658319764905,0.47651362005427617,0.38172014265071946,-1.0502446198073399,0.49031203699515546,0.6598907057847019,0.7945612011311277,-0.00815449511804006,-0.6699108685049068,1.659127364917738,-0.5503364312424376,-1.0404276217902286,0.3397714630233623,-0.4484761427940128,-0.4560498586728554,1.005889793738992,0.8926592863104876,0.707251354782462,-1.4776799079942444,1.1460333429384975,-0.28705831768903334,-1.0332713737601011,1.1218195664260315,-0.92454921508307,-2.3069666069689365,-2.3579875564468966,-1.3781309177544503,0.2790714686355655,1.3659584094357198,0.39061937768138083,0.3147325856307996,-0.7435309095127481,1.0691032354462422,0.5637197601301032,0.779587183456899,0.42157505755680486,-1.8515879941700633,-0.7368445128467674,-0.5530138827972879
3306,0.8584523667628479,0.7718171564503891,0.7938806877470346,0.7092634411902319,2.88508467607261,3.0075638150241586,2.588101062105524,3.1261051777806164,1.9727511943958222,1.545921031053056,-0.654965291422864,0.08324486100997992,0.3336156111892078,-0.2590566634993062,0.9425545394152525,0.0992075681128786,0.024612775104734957,0.6934012643150727,-0.21536070226910398,0.9425545394152518,1.0057484208061527,0.37149688655245205,-0.0933911848854418,0.8806497627818539,-0.4596973282606708,1.0057484208061527,0.4181082269206617,0.612052427691645,1.0378793547667355,-1.3344076385264532,-0.2770494212017638,0.728684579283303,0.5999280787404511,0.6372580229880346,0.6923491646072838,0.25147917215418863,-0.27408816106772094,0.09006585827171891,-0.6526728697490995,-0.9547066234450526,0.3777787887966527,-0.40082802366317766,-0.3936898780275518,-0.878959556960309,-0.8002017497891339,-0.8042362986595667,-0.7553481602396243,-0.7395990341862152,-0.7996336498793462,0.0469847686754574,0.6730036530782615,0.8118098727677449,0.47168291658668693,0.48676969106752144,-0.8110998836934681,0.889021188088103,-0.5080350911871168,0.4698361056108306,0.41770681988830194,-1.0040608359339203,0.508195829876845,0.6537423059937845,0.77042440823816,0.032646597411354006,-0.5956782661103454,1.4357576963865384,-0.7861922455320299,-0.6084883925096358,0.07281420174568332,-0.6377722824493646,-0.7311395539681428,1.009156044235344,1.1065219387833969,0.00123203535783125,-0.6961618903744646,1.0763330118421865,0.2535296505391551,-1.075817228188125,1.5882537150912135,1.9950342416870184,-1.909623551073037,-1.9536339615924534,-1.172510669241687,0.3971488397841234,1.4206124754958425,0.8764684679837518,0.1778550907426226,-0.7202779721769049,1.0542807234770863,0.6431472633746826,0.8509551217352572,0.40681033545417616,-1.7748426874062622,-0.6134066320223995,-0.49279948320677863
3307,0.7107934697345346,0.6852457313067469,0.7568491591468267,0.7394324648029484,2.7863675317748062,2.8872840981930885,2.365025398466087,2.9994896258157855,1.7836681893410897,1.6306150938905513,-0.5382414416618139,0.1528290100691457,0.4199190129189073,-0.2062290870580173,0.9121231601409067,-0.06451726489459637,0.1303304926897715,0.5750696446158332,-0.09900432099495773,0.9121231601409064,1.0670543540933641,0.220755881585489,0.017413694392122203,0.8122334627085347,-0.36517405413994714,1.0670543540933646,-0.33886667696878814,-0.7139038642026027,-1.1429462519101308,0.18330045139137743,-0.8476686800526877,0.5283002275492863,0.4959244862752936,0.6510105840689698,0.7060948732249276,0.32194058998034797,-0.21257265472427295,0.16892218388656857,-0.6045924991304878,-0.9295068894448778,0.6546220949163893,-0.059781432208621206,-0.019557981578425823,-0.5692360804720413,-0.5281537344156088,-0.5090187351059106,-0.4603678779618801,-0.43556349734142163,-0.5235227799015381,0.15420783333625465,0.8249669388330974,1.100236940704186,0.6171312255879096,0.6072964693992078,-0.8873713559008853,0.9089976333025763,-0.22545765182430533,0.4572604517282418,0.4552179416030859,-0.9764137522911185,0.5426328375342525,0.6476062262891806,0.737899715920262,0.10923094935956526,-0.46260396934273773,1.222453413749708,-0.25673469561911866,0.04840344717832831,-0.22171831120635174,-0.3766669671781814,-0.9130663053559307,0.9517244529951736,0.4979608029127342,-0.28273252110027436,0.3378556730358716,0.27529149566203553,0.4584816563846678,-0.9663087261323244,1.294401868362239,1.5900689872337463,-1.7361687012950369,-1.764676601755501,-0.9658297964139976,0.6367960744845268,1.4650991627296446,0.9881499660490035,0.05668019614402809,-0.6861005946025884,1.0318764436201406,0.6989215121603383,0.8712528370130722,0.39177308488490475,-1.6939687800625773,-0.5185392796677244,-0.43843798560276526
3308,0.7648522173494485,0.7775118205094316,0.7934535344109489,0.7654234844160129,2.760720881208634,2.9428627739362345,2.372119821305943,2.8991799798641837,1.790366355463522,1.5907477179426672,-0.4375724034175206,0.21561121837773,0.49866011380919223,-0.159273069927825,0.8368230966459957,-0.1659163803632824,0.21632629984359922,0.4640536820153946,0.008776124218805983,0.8368230966459951,1.0881207367203898,0.08184918676526506,0.11765068587239967,0.7283328031089482,-0.26805473522203066,1.0881207367203904,0.20190976886613868,0.6242870864045823,0.33200876552459313,-0.061371326639631775,-0.20931299385265525,0.20681302840411384,0.5374295407627844,0.5912922503022204,0.6487298513838942,0.3888625476120243,-0.1595319539031328,0.23390397004411018,-0.5624935451783387,-0.9096238266691389,0.0005192432307795769,0.25979716993862845,-0.20072291315083166,-0.5307018102065548,-0.6854338925733902,-0.6711102345732731,-0.6268465599631122,-0.5902297888245327,-0.6773890574337261,0.12048166239674168,1.0730781928395123,0.14707890731389037,0.1945701521804112,1.2946831601913846,-0.8433798211723387,0.9074394133551695,0.33885695434270213,0.45602401798129844,0.49264414450926397,-0.9188195964182824,0.5286458353221583,0.6340442911056543,0.8925511062187503,0.19518133784258077,-0.4731593546509219,1.0245072127886052,0.05410356037312688,0.6006371156752617,-0.09368925650428833,-0.1557094971896516,-0.849086284711099,0.9607843938529291,0.12774297725413955,-0.6409156337475621,0.7182758028079057,0.11216580426859975,0.6289072099525422,-0.9274970170555533,1.0124570063897835,1.2103469966977318,-1.7660249571515874,-1.7718369505159746,-0.7654324882110533,0.7968853931302275,1.4884184019449915,1.0204357074749164,-0.0948517001229473,-0.6677659956501779,1.0115531125263875,0.7736273754515374,0.8982629158794255,0.37742499317796024,-1.6306883625417175,-0.41585847489447436,-0.39156388377482026
3309,1.0942686013551763,1.2657747131005437,1.1770015042348767,1.2468393498832855,1.06023149933625,2.8046943681798133,2.2604351335481967,1.2843309317607838,1.6303862352759695,1.6606945641048514,-0.5075235613652254,1.037990714082845,1.3625448285759347,0.5496658501959248,1.9996362202253004,2.603325285586515,0.7612396522031292,2.897346667908221,0.27043257988451047,1.9996362202253004,1.7507091299090514,2.344791306258737,0.4970052448174289,2.706098778406593,-0.10923980171266225,1.750709129909053,2.6498211442198425,3.427172699048097,2.2890837301725666,1.1409504770785313,0.9293071644602701,2.373344065917772,2.175429391821949,2.0420431741446965,1.9239108045416056,1.571372164234874,0.6488805420011569,1.1722035921082157,0.06455299670004017,-0.3812945997911746,4.259644904287534,4.72811495801501,3.9111440231122154,3.5048294373608058,2.939647372729778,3.2037548584178372,3.225029126081882,3.3153748022231992,3.044689787764934,3.275355594774125,1.5895953423199816,1.42619406695925,0.9842367247829149,1.782801152379236,-0.5010073572654575,1.3069632534787152,3.1630117254808496,0.39674451433224533,0.6313156542491505,-0.7467718992218848,0.761526174269846,0.7359056948732742,1.8074064752945935,1.0556164557413352,-0.029469860055213765,0.8345424872504152,0.4567590652994948,-0.5420501746748764,-0.546461109409895,0.9414950513331182,-0.8975886078548796,0.9623667928667728,-0.3403513486141218,1.024092783429912,0.17618541386341785,-2.200166842946984,-1.461106500610735,-0.6958353581072546,0.9004533293902547,0.8006623600446113,-1.6196534339669713,-1.6290686420464413,-0.7481278530196653,0.8930923556138581,1.4931247368345963,0.8191335951315281,0.0802947002546786,-0.5543883560703223,0.9886712985442748,0.8421363581234536,0.9881962872683938,0.36760748667367565,-1.5797195678238345,-0.3479735152895495,-0.35417186792519945
3310,1.3043665978823429,1.5018302214130126,1.325262725687382,1.4167302768340362,1.031125343865632,1.0870310874594185,0.9632999752903599,1.2011436230712818,1.3868700316747669,1.753178449332778,-0.4191828198053999,1.2487559830549075,1.5404051942463994,0.7597144268463221,2.6175280912386243,1.45001105646613,1.2584416195837933,2.6098552431546267,0.6195553828150058,2.617528091238623,2.296635798938799,1.9838606233328737,0.8928292678374333,2.7701898431017513,0.10302246375072147,2.2966357989387998,0.9212484200006381,1.5077525884555725,1.3572389099894409,0.7849916047121528,1.832972820441676,2.4377323280177015,2.4717717277794793,2.3678154708204366,2.21742471727146,1.9445482895019657,0.9123609495777046,1.4493989111513856,0.28575131274656856,-0.20373674788597565,1.4540216900192835,2.4690075229280875,2.675283200714952,2.069371894047543,1.6680565377939807,2.134320624048367,2.0280318790318774,2.0773236943720352,1.886952550255508,1.0326776500594037,1.9935652733728582,1.5876243618237067,1.7026093244547738,1.7679471998435132,0.12690163761409323,1.4272056838659364,0.6811098062529987,0.39393192686795664,0.757727164552945,-0.5476662856410965,0.8783777082415147,0.8504535351705829,1.9561087712530647,1.1444153933960255,-0.04710913783857986,2.045678477673385,1.2708897259412912,1.1046310104959285,0.39981030199204404,1.8415474777471403,-1.2602736427964458,1.376931590307471,-0.99636700273499,-0.14180948545530536,0.5839341971002026,-2.2896253925321406,-1.2329308320497707,-0.8896586960661954,2.136376454165679,0.9700410600565555,-1.2319967697886487,-1.3844679927842274,-1.9987051513276468,0.9263822240803771,1.5164180225319426,0.7772039727012818,-0.001879510112845846,-0.4243910772028827,1.0015475607627953,0.8186827908703959,0.8812199888008949,0.3581207234674575,-1.5091234869053947,-0.303685044005435,-0.3044715179099741
3311,1.5175658036331667,1.561501242706261,1.5118473169874376,1.5407871508273758,1.1173551478992143,1.037829854527727,0.7353908815807156,1.226790702036643,1.6710045911691285,1.6364472602930917,-0.6116579981670262,1.388034043862873,1.6512104997743264,0.9067883202991712,2.7851686733705763,0.4697047897060024,1.6653870320801414,2.1516854879723173,0.9969415086990245,2.7851686733705727,2.662396796209248,1.4191308673930707,1.2666996644452648,2.5954588637260523,0.35435294649146937,2.66239679620925,1.1734478828234485,0.3362807466618424,1.3564618090021785,0.07678750440073351,0.49986725186650566,2.1363166656051584,2.467802487638244,2.457752761507643,2.3624011557384095,2.18065377207812,1.1011935890233673,1.6194067168018798,0.4475284683271771,-0.07447465173054214,0.055584900410563076,1.084693410211477,1.320690022029965,1.054352811620363,0.7730236135201564,1.2015790447636174,1.1299043737631955,1.133279815761266,0.9916003042171103,0.7352483881787986,2.2851928512023836,2.2780425780476827,2.259286451011681,1.7597188413198275,0.06740562962991395,1.296316127641219,1.352673383755046,0.3652862165772329,0.9054333732488383,-0.35364563697736096,0.9074419647640396,0.8781468629275886,2.2827902448149278,1.3492799897321497,-0.05706061679448326,1.9359122471749397,2.0280615398312074,1.5585277319407846,1.592954674310236,1.9573798668468427,-0.751111654877544,1.583078377052683,-1.8354997611274864,0.012039008928838532,-0.5329386480612951,-0.8616812970549669,-1.0293316363178149,-1.0581661550209376,1.7858283078694828,-0.09544674537725777,-1.5440769379623482,-1.6694214503770979,-1.8794271438742183,0.876411058039812,1.4453276285673373,0.6975914573989173,-0.13374308984486388,-0.32953033430190665,0.9875759142416044,0.7861840380982101,0.9420722069808167,0.3488647866263412,-1.4612870938722478,-0.2986314131640695,-0.26532742270107246
3312,1.564022534823408,1.590269449987472,1.639495510895808,1.6600700339136305,1.1328571317169185,1.020225244887669,0.8200807401957412,1.1188230395808971,1.3383703825207238,1.688207009130082,-0.6784526717793107,1.5133528650913421,1.7482516245497077,1.0436671271668505,2.722576429627069,-0.06546999385814498,1.9990117371244798,1.8113758386659193,1.3680328546356344,2.7225764296270683,2.88297792130861,0.9556411641832332,1.6134215332146697,2.4191819173642055,0.6322546728602225,2.882977921308611,0.7813552042839182,0.13762829908525193,0.2472758477798188,0.629521103451324,-0.5134989453707872,1.7388271045034163,2.4011443923978852,2.5235876908523784,2.464555053556573,2.382659343626907,1.289407972798488,1.7736274705306028,0.600640565063974,0.05113703460545899,-0.8439992816465649,0.06870507217043598,0.31234050602076363,0.24588879915088646,-0.012388646475589305,0.3692598609257343,0.3042213824464679,0.30479636988208336,0.20135653557416333,0.7052969856120809,2.5104634691763117,2.5666115334905935,2.664809964054519,2.032799240555015,-0.16930790153452466,1.2622047089000612,0.5243470766953577,0.32426471712921306,1.0634483839542108,-0.1684168003217129,0.9814470828106248,0.8908436402253421,2.4066206539473716,1.5802474069034587,0.14255145497316,1.7686185396216914,2.6112041391418463,2.760920183284729,2.58977851352515,1.971574639867706,-0.7555908140414964,1.494636461129261,-2.5010235786227444,-0.8666701172178249,-0.6433775976224402,0.49384465087737833,-0.12184407511128488,-0.9709131930288828,1.9048507787246571,1.2046538234749504,-1.2129146287726484,-1.334666137642388,-1.706977169839308,0.9087710104176054,1.36973409792649,0.6477061065233969,-0.1998196130564919,-0.23682707579592852,0.9429303589641943,0.7510671779244248,0.9923677072026188,0.34076075393517724,-1.4079479762997156,-0.2739461397094467,-0.24066895687671006
3313,1.741627741848649,1.6755436381056423,1.686425826592513,1.7230297744366976,0.8400239751058703,1.1404241773784198,0.8752448919459396,1.1043947480717247,1.1909642450683386,1.6734588815190803,-0.405365411483794,1.5766726021994664,1.7949910527365085,1.1167806955053448,2.4183583134056508,-0.6566526015679091,2.220469268740045,1.2707023733676777,1.6948420013104564,2.4183583134056503,2.920772864675751,0.30783693303794407,1.8968948201431017,2.0210272921201025,0.9186159176179063,2.9207728646757514,0.2543666838224621,0.5092188637323474,1.0935030870639235,-0.2321304392522928,-0.12554699682864368,1.023239250431613,2.094648859870519,2.331303076217443,2.4347573502297686,2.420731071699595,1.38456717071362,1.814253660185983,0.6819761290170009,0.11458598433078854,-1.2295402171697292,-0.38691894544359184,-0.1439482422999844,-0.0699152349028169,-0.3259311160784865,0.0017372053382993288,-0.04377293372276366,-0.05530854453145477,-0.13590884036165674,0.35014078973070684,2.5873526457269556,2.814496198964814,1.8395787036146474,1.6839409562496834,-0.1997569594712135,1.250924330322213,0.45986281818033675,0.2881670904537398,1.2135436669141326,0.017549088078711254,1.0557204543187149,0.9659972521791308,2.329662510089482,1.523966718296083,0.11588516167660039,1.6075443696417917,3.052123908168836,3.369156322775905,3.3326338434697194,2.3850098224661673,-1.0481755679547349,1.44211497615425,-3.0126921976551735,-1.2158587131225846,-1.0314039968855528,0.9291274539019345,-0.09553608329339074,-0.8265155876522112,1.665407588393947,0.7170298786311542,-1.075748838012031,-1.1894237590476897,-1.5713998664996944,0.9585985190070123,1.3789524660646792,0.597521392666965,-0.25803594546429437,-0.12630685718546017,0.9221273576148901,0.7279692073242355,1.1150806271148925,0.3327054840274883,-1.328697552341471,-0.26281792809776944,-0.22274998990178743
3314,1.7173847794036423,1.6735981311619934,1.7223346601337648,1.7085316861355708,0.720874393770431,0.7527357569380553,0.5038124273826605,0.8937115754677699,0.8630645531751078,1.7169034866974173,-0.4764779919700313,1.5516465089730287,1.7625675086062342,1.1010392783329952,1.8410010855300205,-1.3241549345362524,2.2894922621291833,0.48802599497788485,1.9368684333110986,1.8410010855300236,2.7364218037793067,-0.5412029076869471,2.077886620644537,1.3546271161397705,1.189566608771994,2.736421803779309,0.18189180674999428,-0.06507193398315503,-0.19886231819642833,-0.16504569160256943,-0.5132564195604072,0.45042403051482105,1.6372438066999706,1.886170546834693,2.206336081806614,2.2381361580996035,1.343208953562369,1.7102674587041107,0.6603531890601073,0.08890632673606809,-0.6875280967070073,-0.30909252673727833,-0.12594127753158843,0.08497329932644579,-0.20163405303465493,0.1174794434772363,0.06521761985299364,0.05302581225538036,-0.020823930547600785,-0.1400430172059676,1.1151325196446717,2.039375234766293,1.970555646217132,1.5235506886337553,0.01541642969486667,1.3190543802478594,-0.3246775377336398,0.283779743761012,1.3358157053856585,0.1907866718058212,1.1232758200456827,0.9634149410192769,2.010298351198745,1.4919876922417412,0.34651469984196964,1.4069215912723128,3.251615217391853,3.814350433600498,2.3904571099972274,1.950465135400381,-1.1515704024300943,1.4202744916161654,-3.268907914376824,-1.624065955328602,0.813030728427846,0.30044222814182925,0.8271657621072385,-0.9006397699385571,1.557145772074005,1.0786644016330298,-0.7524288754466735,-0.8607767873884153,-1.377505719626879,1.0568473520735056,1.3627887141577022,0.5795168809840576,-0.2623586297833106,-0.02235820996779919,0.9097046026848346,0.7154072552541727,1.1944994565974185,0.3236969927869404,-1.240597771342702,-0.2759116601455985,-0.20281253907772046
3315,1.716640092545695,1.6489601819586688,1.7261171587693265,1.646133435689121,1.0070100755869091,0.6150699832046279,0.8542241464912887,0.9418139588000874,0.976198223485546,1.6813802517859766,-0.09684284207459928,1.3521886586235425,1.4749873135241254,0.9711293816689558,1.0918171534605714,-1.7416149402098857,2.217040719193146,-0.2758413279490077,2.0711151249428723,1.0918171534605707,2.3599666119906852,-1.3148038699355964,2.14802176440155,0.6106531174419436,1.42324826741911,2.3599666119906866,-0.02587351133247435,-0.20934173963618177,-0.05599795515441423,-0.6311411812230662,-0.7968717645272513,-0.12672139927884393,1.0550892851788858,1.3020262732124295,1.8390669092971998,1.964702048524965,1.2240776333550751,1.5231625912763842,0.5746358132354532,0.008285931098630609,-0.39524005042848326,-0.46795092167008623,-0.3134645824960138,-0.04269008905878277,-0.28344365329711463,0.013371841090348776,-0.03780601701446957,-0.04177156656698717,-0.10786247036885578,-0.4449901875590209,0.49135281453163354,1.8395834100910058,1.666203398396915,1.7611180878280581,-0.032257787938030066,1.3315843372634977,-0.2724130049310506,0.2763886739203993,1.436541281487051,0.35083004559276193,1.157994835526587,0.9564983619211849,1.6559004606870256,1.3638241971198133,0.482043969480768,1.1963982817262844,1.597895355144285,2.6957716078168423,2.3406890150231856,1.6490783049444016,-0.8713840241238183,1.4846600340836411,-1.5187375835227845,-1.8298585807176184,-0.32266825876220817,0.7260508022041854,0.2917134441631744,-1.0289207951051982,1.1347107502454226,0.22082450170893692,-0.8955898276795872,-0.9715952711273563,-1.1328150327226825,1.0710567264754736,1.3956353177495309,0.5389329316646218,-0.28641501276327713,0.0713876511246857,0.9289867752245782,0.7054078188436853,1.3053585853350484,0.31348571360777355,-1.121465427448425,-0.28117500673802626,-0.1797153493492204
3316,1.636262941966574,1.7182307219859478,1.7288894871938227,1.7586819020248894,1.1200166961776277,0.9001173837821147,0.8653915043136449,1.254048770306606,0.9340120217532599,1.6663945595767877,-0.011384610071910946,1.4845641772358187,1.601121730294869,1.1046012845198716,0.8086967078359448,-0.6603636152316623,2.227991593709756,0.16940311321644558,2.1632901655613357,0.8086967078359443,2.1099269930258777,-0.8745176033358258,2.236599291941814,0.7595522626764208,1.630520726023435,2.1099269930258795,-0.05351818128479145,0.37967532634215356,-0.5676433717298153,0.7901980450695454,-0.13124855871637597,0.2163832072898231,1.0538538278322729,1.3426044868152014,1.9035621957317044,2.0749626807980848,1.3853945088497488,1.651662531954102,0.7117258360695965,0.12323331306164269,1.321241173485809,0.6030875506754958,0.9112414969924539,1.3397463963177372,1.08142089289071,1.5100444948795173,1.4091738940906446,1.3928132632774188,1.3026799971299334,0.627051947413845,0.4453870319317206,2.0175086188811275,2.2170756566688,2.2142211502762934,0.07323669434206519,1.581837667305499,0.7794718124863542,0.2638763543317402,1.5461988825990698,0.5114039554007402,1.2150677631839963,0.9823440225818413,1.82499155319627,1.5380823911367654,0.573993273742192,1.0130197401448062,0.3809940921607693,2.194958540040061,1.9340673395712913,1.9512398767945631,-0.8788718077507393,1.509605285325152,-0.23366155710389716,-2.3475981645927146,-0.29472517234248735,-0.34958995789378516,-0.473751064189483,-0.9836002509709543,1.0330094091061757,0.6342586474336914,-0.8722748486436738,-0.9279255481287061,-0.9332647110054683,1.0887515299527222,1.4331243650514258,0.50146179783876,-0.2512969005232667,0.1407314961656417,0.9570382431177457,0.6707633165611697,1.3916257011619309,0.30201214637614426,-0.996441485020724,-0.29912050630493975,-0.1536589254878725
3317,1.74241761449796,1.6855362770907418,1.6989215730740352,1.7124420106375893,1.24157028114577,1.0972696125393588,1.0230851851515521,1.4655512203564964,1.260570774634187,1.5309817674239394,0.13058963917009958,1.3307979301575017,1.3800638187801177,1.0043406323044448,0.34210308075573664,-1.0953382903752231,2.13668112902574,-0.4094166732945828,2.1910374557111973,0.3421030807557362,1.7348794854967877,-1.3850429467145522,2.2429885835144745,0.1834822822934832,1.7977181734755974,1.7348794854967902,-0.2723783941228458,-0.291577084328211,0.5977661750960939,-0.3623571364602459,-0.15545092860830842,-0.10113759227486838,0.5319892170553455,0.8951231422814863,1.5455195728506934,1.8272234668374734,1.2896256494356695,1.4921154005156736,0.6444840192615111,0.056266574259387844,-0.09518809096586679,-0.41985644496581004,-0.24500729904619614,0.11007286427186824,-0.005406897037392949,0.270188872679887,0.20909022049488613,0.22801384543152864,0.17436123898456182,-0.3725059221480295,0.0021701740431523857,1.8316055754103622,2.1463981194012436,2.2876469582018313,-0.03887194194131547,1.6940138647201064,0.2851362806675238,0.2915417648364702,1.6294930351878865,0.6453304952260793,1.308660241840702,0.9754646075247972,1.3236398512750154,1.4432953260610535,0.9073828578583895,0.8874114058285913,-0.14537318294346485,2.3907631409347907,2.6004642642900335,2.672296087974471,-0.7214859638691985,1.7673134726275652,0.3142419322236127,-3.0486181338476603,-1.0433353435419572,-0.5616106936237436,-1.1814683830634773,-1.0602045946697474,0.7222560021032594,-0.17031045934714814,-1.2329195326509503,-1.2551705773044315,-0.7922006293035592,1.0242228858419133,1.4395257213014836,0.4401814384838779,-0.25443552012125764,0.18805980506226624,0.9834766551449852,0.6347815381922579,1.438158022677956,0.2886210786658521,-0.8704123090555478,-0.3102711947027875,-0.13061581700188576
3318,1.7114849487877488,1.7561576411558257,1.7627129332307085,1.8400212181728834,1.2467567016526468,1.1931305456116614,0.8962442353765924,1.4210798600380687,1.2105012791904033,1.5536415769867404,-0.008395476142101404,1.4858650623093965,1.5403284870183906,1.1552774466951823,0.3013467848285295,-0.09644142096019849,2.14871941512394,0.15166208895651956,2.2130125784516452,0.30134678482853283,1.5248856963333974,-0.77604131353647,2.287950318436859,0.4637074992249281,1.9410160323893006,1.524885696333399,0.31481051815292005,0.359587123180707,-0.28057755307391063,0.797114239364698,-0.09497786763690089,0.42496101649898343,0.5716124580728883,0.9694386042951375,1.6823833734134543,1.929739492931836,1.4695186115614667,1.6492727907454627,0.7967736543956183,0.18469603430794312,-0.012956748924933145,-0.3607163126234635,-0.18111000306609737,0.40639472653348563,0.27685167071840205,0.4214444467715828,0.3504025110252355,0.37877489263838643,0.3316830776761162,0.6903092946985229,0.14051349705472949,2.0051510154758896,2.4544939073082364,1.671226958130075,0.09854152069665724,1.8263075088631866,0.6741892756239881,0.34685869600313524,1.7103152185989554,0.7824841456735129,1.3688694304046762,0.9955514388271715,1.5314373278812974,1.6597930132926135,1.0281395000665616,0.7135499382995456,-0.6442259594450217,2.145760395750635,2.6347809889257445,2.8815869018880504,-0.8275823822355791,1.9282502241829633,0.8233623308143309,-3.1740971730137817,-1.3941850773423812,-0.8869340323714947,-1.673415252341058,-1.1619080465927818,0.7364987684287905,0.6918248096779385,-1.2003514667184965,-1.2047465531612587,-0.6124009208504343,0.9809383941195012,1.4276742391066297,0.3895624172868177,-0.22217371919782575,0.26432035459771125,1.0134061831948955,0.6465651489995605,1.429913045078022,0.27528533778217373,-0.7441707526316584,-0.30152694679000425,-0.11533939855738051
3319,1.8911498471019748,1.8081242888515776,1.7437927984598798,1.6932426189870269,1.4438299958500167,1.2169076243648238,1.124568106608558,1.288893111457416,1.5983985815032944,1.544028449800083,0.11724055689885793,0.9718574519556213,0.8234940492406895,0.8125697116524342,-0.2587206438313553,-1.3080411316395013,1.967047487628799,-0.9530260057835878,2.1625614900586254,-0.2587206438313538,1.0674841514315139,-1.7406743980698582,2.2034905253586436,-0.4859341382653315,2.0358492245602875,1.0674841514315152,-0.22064920521138884,0.22425634566911837,1.0254294825515187,-1.5745807036967518,0.5957356298202671,-0.3368620405793101,-0.09327232346451252,0.23918112367935504,1.1310540853599254,1.4607183729650612,1.2114506666464728,1.3210956458748677,0.5965934913971749,0.00023915055041457323,-0.7710128146486945,-0.7100808061131952,-0.7806365514665032,-0.32265128449548386,-0.36026809118105846,-0.28927376824680184,-0.32929374967007446,-0.3015552644608401,-0.33953885776784576,-0.982904763300216,-0.21056058791131635,0.6598078976255747,1.5666546383834157,1.5755639251126008,-0.06214289103098686,1.7545956898075736,-0.9350619079744941,0.4486538400846794,1.7426719519460343,0.9186186725216317,1.4419208307561042,1.0180314878085306,0.7772075043731436,1.2746567982809132,1.1806154595538,0.6196091997906625,-0.7370315447683433,2.3792671465830955,3.0581190751720198,2.055866436921536,-0.6496778626409981,2.0861477469874123,0.9076850401519397,-3.508861464378988,-1.7829499225105752,1.1650553386477436,-0.48061974807315117,-1.5110276727580914,0.4348984375046546,-0.18594217632628543,-1.623080828494539,-1.5929429827480814,-0.49588001738148124,0.9468231260941179,1.4071910462793489,0.35132360154280706,-0.22180225499860576,0.3516053961341113,1.0407432643964563,0.6712346101738514,1.3773230962531948,0.25996560302304633,-0.5850046857095669,-0.2911965449119933,-0.09707412770472097
3320,1.7551770659839356,1.769646824969922,1.826254022626529,1.853760120035586,1.4735065159177494,1.3251690091485158,1.0818416288850357,1.6325265073433766,1.43726354143246,1.5776820867744608,0.29445789060657085,1.193013547706973,1.0951559880052166,1.0078654464666144,-0.17759150821725617,0.1897727512953659,1.9552403150407627,-0.010381924642049045,2.1246540824386155,-0.17759150821725653,0.8749624771238491,-0.7324669827827787,2.19687625174386,0.07183058905949681,2.109313453723294,0.8749624771238533,0.417512669467343,-0.3356898137496632,-0.9269910281232977,0.5586505580725805,-0.5708264071736893,0.27198934529334007,0.2804089366040771,0.42918236124896614,1.350410018118364,1.6613155852565997,1.444875380526125,1.5442257198413445,0.7881371401764923,0.165901891720233,-0.7948024674588146,-0.6108245728703836,-0.8495530739918012,-0.40175292066604984,-0.40827339108201,-0.35749322339487966,-0.3887555961813889,-0.36789966336101976,-0.3989322918545525,0.8817871172966815,0.34158819527293405,0.6099951742375902,1.7732418728248405,1.6528286922913027,-0.02710763252159018,1.7487911202803479,0.8556637914391073,0.48546548630443914,1.8148214293746114,1.0431995383480637,1.4704060393144054,1.0113149721189907,1.2029407842641362,1.6252670417509798,1.2889992194302051,0.5547524342615959,-0.8862785828382003,0.5693725979303186,2.012151602492649,1.7706167938593786,-0.8124154560190107,2.0388780918723324,1.058196819408653,-1.4644872782066107,-2.307271186013952,0.06513289265013972,-1.6757699767554632,-1.5385253056323087,0.6294617538550688,1.0220870675316536,-1.4609106313286417,-1.4305028496426377,-0.4258258219232087,0.9253407448567329,1.4089813760941168,0.5037873031551549,-0.20100276228730532,0.42615067682133245,1.0624920925904084,0.6600365833029695,1.299943945787267,0.24420236600135736,-0.43763413372728305,-0.27838225528236654,-0.07963580647843571
3321,1.8231847622526012,1.802449139162518,1.887365079565974,1.8008962144359524,1.3016062452865014,1.4922501488610476,1.2410118338664473,1.571288962156337,1.3014502007613817,1.5978692967700348,0.2913547870905197,1.0208601038811551,0.8655216406934482,0.8893240503768445,-0.3825165200149165,-0.47776543907528013,1.8508660014784977,-0.5466199909613008,2.0624196477712484,-0.3825165200149168,0.5778634899790313,-1.136071236655084,2.1287008848018645,-0.3961833729968134,2.151902818874797,0.5778634899790283,0.27266950891645775,0.09834833056966732,0.3199907267854289,-0.32827174213683696,-0.8419873080533089,-0.053375264697493895,-0.002067298098572322,0.10558964269112839,1.019090298410058,1.415640925853725,1.3332493389448579,1.3935924480698827,0.7034588780398984,0.08421199140917442,-0.9221459910659868,-0.8953908247695099,-1.0369944759278866,-0.8310701621011924,-0.8103264999117582,-0.7895769567222893,-0.7985504946265409,-0.7684278224538964,-0.7962243048550067,-0.4246784395367451,-0.0974061547971929,0.25735438852273984,1.634521655798937,1.8723810879317135,0.03954866856260386,1.8818622545000945,-0.46405735602527803,0.5515145747096714,1.861976938233244,1.1641474220920724,1.4826168016813217,1.0085632561033806,0.9748857588949226,1.5052232763848452,1.3275862643063907,0.5157498704042651,-0.5892655669906399,0.05757882589489338,2.0239483555220703,1.8362194415228061,-0.7889776037518339,2.015188708041707,0.7296824386396316,-0.5889747734963451,-2.8743633650614555,-0.030104743957572174,-2.1823692955138343,-1.5051189874726612,0.5822154499315664,0.9051150968864304,-1.322566748191416,-1.2956396243894137,-0.40292678315188923,0.9128672129657213,1.4006570946929366,0.6125810256569889,-0.1252199247156422,0.48643582874387387,1.084434266625846,0.6479605913806504,1.2192574869993043,0.2264747545890875,-0.2783084575801185,-0.29342761315879723,-0.05952955463224024
3322,1.7621792971540495,1.8584668471010457,1.8631270405924527,1.8120079747671527,1.509066722025751,1.3646682051585746,1.1370560188347445,1.4766834861048095,1.614444677564975,1.5465552643064315,0.2741964019020346,1.0384938633709362,0.8915426362179908,0.9041432233828829,-0.5131763782978348,-0.30535776650219376,1.7503265074604772,-0.5344382151139854,1.9855931401098297,-0.5131763782978351,0.31253736333641396,-1.013510231663715,2.0504803682400277,-0.486486955309035,2.167743979878898,0.3125373633364151,-0.25139769201758744,0.2430769104721534,-0.4743457534667781,0.19358936261812745,-0.08299788035351918,-0.10164007822905131,-0.02807583475058909,0.023409520652529832,0.8485580219160894,1.3057099055072319,1.325189689221296,1.355207408980404,0.7023483076263812,0.07587110497923688,-0.9243401097561017,-0.9956090346265661,-1.0650848826057975,-1.0103406853813275,-0.9533793259666681,-0.9616593109820157,-0.9626332175097654,-0.9333182440240373,-0.9595181301852406,-0.0346666964166294,0.04375922515882788,0.034566970959913075,1.5760215530125987,1.9026484427323787,-0.012787774565914468,1.7461513133117121,0.26639781624297004,0.6166048332757339,1.9042216309668525,1.2856486402137002,1.5202978962469063,1.0331687376928504,0.8734902797558907,1.4560222011792332,1.350141041536591,0.36349420202870963,-0.8204372136681307,-0.486691351973726,1.8488870811862599,2.1647501459183474,-0.6817162987430437,2.1292110441491907,0.9524643211575178,-0.13408394739281657,-3.1846686701677465,-0.8792620033251753,-3.005741769424516,-1.5427530734502042,0.21949085626936374,0.021380236196780433,-1.6731468986466758,-1.60838505103633,-0.2244880757264438,0.8964746765443256,1.3898173420516775,0.8577665884512609,-0.11990221840631227,0.5516303741485317,1.0985926683217255,0.6575014279955524,1.1042521703520431,0.20881454361967183,-0.11279348639862379,-0.2714625079117221,-0.0494364766662894
3323,1.751119716262569,1.7502670561044082,1.7747417532512262,1.7275278913106418,2.199346170643711,1.5103982653756483,1.6974550646674904,1.892646838312312,2.459179629568031,1.2732879823867287,0.354713964894108,0.744431147226352,0.48843126811751486,0.705779992104279,-0.8281589824663232,-0.7382725195156677,1.5681094865299965,-1.00656807659939,1.8705043399399932,-0.8281589824663235,-0.04097616664201327,-1.3458164519312767,1.91325685304677,-0.9434075108441308,2.149314721149355,-0.04097616664201364,-0.633749906724856,-0.7710219012313491,-0.1663519201186566,-0.3266046380057739,-0.27864479194539427,-0.4117253263235492,-0.3130502525783441,-0.28734607971133613,0.4569736225933517,1.0251289606700125,1.1663721082402427,1.1503367142664387,0.5801888796601564,-0.04163381958598016,-0.6706319050157533,-1.0112273194252448,-1.031924456366997,-1.0903505956392798,-0.9915800416891536,-1.0328114739916343,-1.0253585161545766,-1.0015539820184556,-1.0268769720425532,-0.5978633824905689,-0.48724448031983014,-0.24933805524525957,1.373647310257165,1.8517306742633108,0.011394517264586257,1.611003217441788,0.6601071238147307,0.7313186000770542,1.9089420852120034,1.3336266936283017,1.5151869403216154,1.0266014301737494,0.6064329105847985,1.2800046989602458,1.3446768171719574,0.20409087320663352,-0.8303714810595324,-0.8288781170087116,1.7396056422960762,2.26344451027665,-0.7157167525533378,2.0134871961587306,0.9345251126248887,0.2723018694865899,-3.3544607925775125,-1.2392172735281783,-3.36236140885933,-1.4108725700790083,-0.1787135904663491,-0.7772352852891404,-2.586682469150296,-2.4512341036803718,0.011518330644947334,0.5531808896015096,1.3589358300612946,0.8094618988307208,-0.2888446293901536,0.5490342702444267,1.110781963967952,0.6744723469019742,0.8748614340201916,0.18848569449252742,0.059153954678311325,-0.17366903329082342,-0.05032239401085204
3324,1.7636401402661477,1.718033523407359,1.7687478798045169,1.6840846807420091,1.9581500472714841,2.2326451941308814,1.7537199728252384,2.1326433841044485,2.041608113570525,1.3282839337932584,0.6586159466834345,0.5981252482154599,0.29241956739852076,0.605326463596921,-1.0716613138076512,-0.5749088245451395,1.3751314130664505,-1.07758902194471,1.7264706128562206,-1.0716613138076496,-0.38025992754436194,-1.2877098885539733,1.7546797549352602,-1.1237920778372674,2.0991738245552423,-0.38025992754435683,-0.13931225725509805,-0.30660538287802414,-0.020977957773498025,-0.7342339779496736,-0.5312599666999706,-0.6266126935267641,-0.4547390123746129,-0.4341971630464051,0.21008677919773106,0.8400442002407028,1.0621386619912467,1.0219059421813659,0.5073777374317034,-0.11443017623847111,-0.1892193147052388,-0.782346103655911,-0.8041533394663963,-0.9333405321284917,-0.80652885746181,-0.8767373916955488,-0.8738468013622677,-0.852733668953366,-0.8849599143705397,-0.3634193465530186,-0.22865488907464265,-0.31590793604063555,0.41836973034123565,1.2436684700370033,0.3454381933970446,1.6040240926410343,-0.5724239352684499,0.8705391039367323,1.8900309354659384,1.3767875539519125,1.5532450388885146,1.0201307775176864,0.3292174837669787,1.19003840029756,1.476765383788163,0.08879544723438715,-0.7854823257469807,-1.03262669037041,1.4579764140827742,2.212222330468724,-0.6779355287685995,1.8526364349232873,0.865312530622354,0.5625403416076111,-3.138455277854003,-1.603791531341198,-3.4204600898139534,-1.2694109730171466,0.2544496105856889,1.6524397191437235,-2.1549696087067383,-2.033747910388603,0.1078616372443866,0.28430548638505576,1.2736463905642155,0.8075498003113507,-0.3484021381590828,0.5484835539518718,1.1194450514887078,0.6958388415871117,0.6963096541284779,0.16828620936342117,0.23063927932879535,-0.09756192540884313,-0.05330332953974589
3325,1.6520243470285028,1.565503786868441,1.51042789160708,1.5208474644043577,2.209952008987409,1.8300247605291113,1.7569967669427111,2.228032088571307,2.0472603623099506,1.2822198591417535,0.4684646114108425,0.05971421514990198,-0.39808608984151356,0.2291497003896384,-1.5276119653089983,-1.0833877675038008,1.0741214763278577,-1.689832783309397,1.52544504750157,-1.527611965308996,-0.8371846967537107,-1.7327826036617169,1.5178399563881264,-1.7197855861827334,2.006812782966341,-0.8371846967537087,-1.6458618790496957,-1.0332684598524131,-0.763826783773707,-1.086930254359152,0.48577758836934964,-1.100852582627664,-0.9383394102876493,-0.8642694152808327,-0.2837957121670523,0.41831553827540613,0.7651833276357706,0.7044025304064059,0.2893053169897547,-0.3185634742283441,0.4005245919811217,-0.472680933503329,-0.5110758383289912,-0.7305790362347324,-0.5749580125367117,-0.6255896385166485,-0.6455416349542004,-0.6311992903247321,-0.6643588365117742,-1.0551242040805082,-1.0126987273419663,-0.4948257451858836,-0.11377628089682852,0.9594167774153632,0.8107429210531198,1.2363670522858448,-0.8564974489713683,1.047932433564345,1.8278420310028447,1.2479022393808488,1.5148512552710145,1.013757532598711,-0.07031642362418453,0.8514106546827612,1.3616335000591069,-0.04818923138345702,-0.8929248362556362,-1.0553437982406533,0.28377604157583425,1.381756180381247,-0.20668000191643682,1.803745690144533,0.9570048585625772,0.49814670151258394,-1.520553368345727,-1.959964867569762,-2.4460714705767033,-1.4258279443446582,-0.04949647739854416,0.9972035838187733,-2.1741730817396565,-2.0369038299062323,0.2774009270288317,-0.05345038785741508,1.1351011738589978,0.8252507840699314,-0.5064020022680359,0.5264768367393268,1.1189602077175893,0.6888548977981785,0.5136175013146939,0.14933319581296894,0.3586484470187902,-0.01049067910005149,-0.06442346263943476
3326,1.5545331051455311,1.5344091670697264,1.5962879579693543,1.572462391252479,2.387449614832296,2.170123499951844,1.872681872012116,2.121695509255537,1.579903403212958,1.4548755611127067,0.3972015437825648,0.1872396199996479,-0.19449959702006306,0.3157994490017551,-1.4780110654078904,0.11139360325374774,0.9034160628989544,-0.9600820689673887,1.332019538558889,-1.4780110654078868,-1.0712225674731148,-0.8965012983987826,1.3391706303156643,-1.3011880612883597,1.8939610136008878,-1.0712225674731128,0.4519428464973091,-0.27376228651639034,-0.6680026425372996,-0.029339017397602692,-0.6270083654057637,-0.6041499654384138,-0.7057867563986147,-0.6752322842335106,-0.27264039287139175,0.42288907509808815,0.7970738440798094,0.7552989875641857,0.34200742016360675,-0.2750483674753818,0.1268159343227112,-0.4072292100005965,-0.6032195299153165,-0.8576279838633912,-0.7030317108714572,-0.7366727153589836,-0.7792219058612796,-0.7536608580493996,-0.789204880000327,0.23326403117201913,-0.7534209065404113,-0.6103587449685342,-0.2400882148695496,1.0015956254086769,1.0667554568192739,1.0694330093794207,-0.48028653179848424,1.174441870516509,1.7924441747088449,1.128807854307846,1.5090163771344638,1.0074826222406932,0.12023753919643962,0.9673618511467099,1.3509562805107511,-0.044447962638558235,-0.2076720909626713,-0.9446366231432572,-0.561720271814577,0.8349470133861236,0.5154473826310039,1.4498282599960273,0.21669888178579244,0.9706938585163435,-0.22162126117562356,-2.281576382105679,-1.710956905000789,-1.2136421525514738,0.15872348403552453,2.0192136450779103,-1.6775684634439123,-1.5646387015608347,0.29455489509911836,-0.15962067623402532,1.0470540823738603,0.8045977883031534,-0.6394572616867599,0.5256824839360476,1.121010697240855,0.4630944951567179,-0.08626907113903666,0.13242616948417632,0.4543259791838456,0.04946121659193578,-0.07636057185673586
3327,3.012224732558961,3.058427192195853,2.603394243523692,2.906542686219314,0.7623994417323794,2.2241892233149,1.7624112253057498,0.8314060137612785,0.3024054269010273,1.8207634860593287,0.9339684206836655,1.725968880246191,1.5854492398374638,1.705060403751105,1.9101625092199763,7.167031826188679,1.9580704744344364,5.652527572610494,1.573897731975513,1.910162509219979,0.4559038932414191,5.460420846472577,1.8978852001527997,4.103748538706631,1.9272799753621144,0.45590389324141883,5.723179438168204,8.198489967417347,7.785633055060822,-0.9482105595581323,3.839564587250382,4.750292786413278,3.1572859249924408,2.8905444654936714,2.523076886045709,2.8530504063660467,2.7360814771092614,2.8929092793483866,1.983347893694669,1.2427997624823126,5.985969205136194,6.078955235598272,5.772328720092786,5.152073976230169,5.99423476967837,6.325643739847262,5.846712190005955,6.055799161021207,6.133931482582082,7.125731026338252,2.4357431212199,1.797958548451567,1.5078871716284217,2.806562797561838,2.2769092323535918,2.0923610835998456,6.273608263027683,1.169352687531385,1.9916251544026897,1.2723758303325559,2.1433941615809315,1.6234314380825174,2.232858531677646,2.23319468172131,1.2008483619912884,-0.1693528254879108,-0.3452390625426947,-0.803190779070237,-0.9336457965533376,0.7903324606520447,0.982327460682709,1.214565979089884,0.34333600609799264,0.6822793178814893,0.44907633150033527,-2.728271510394305,-1.5423442036292505,-0.9952314466221909,0.42380668872823496,3.002915580255886,-0.33908034558764516,-0.2962058223412699,0.25451949120810846,0.015469503707775337,1.1280743054689,0.6885849571024808,-0.6748904531617004,0.5465286916989727,1.1459100285534367,0.5575951453432525,-0.13398382133427933,0.11507363599213839,0.6191244113235943,0.04622075695100315,-0.07333993873142387
3328,2.715418162349447,2.6189284088780527,2.5418154062525065,2.4546228270068173,-0.04222978658179633,0.8188145751934416,0.5186787061559394,0.10833629182194471,-0.021495812924206263,1.9222844810779003,0.6102591222673223,0.8016715268690476,0.6023305258639243,0.9165327850251257,1.9064483730471056,0.015812839958599837,2.1745273179671414,1.2556505831795366,1.811368159538061,1.9064483730471045,0.787688982269522,1.183003893801758,2.0642444714993093,1.3180328015693517,1.9901767067246317,0.7876889822695247,-0.3257165461807174,-2.0373679443902497,-1.3566890717372901,-1.9688953088161887,0.6942142837750034,1.9294227946505809,1.5722595408607836,1.4537981215377929,1.307059324820004,1.837291213881841,1.9855383263518225,2.073603217933044,1.4099010642091152,0.7226365466317463,-0.6669320266415449,0.06051874959645945,0.03633170756260784,-0.2158312497035547,0.17356557410546533,0.20484604427427344,0.05311914351388494,0.16654654065385582,0.16979560222845863,-2.134412384457281,1.612478713075255,0.799236044647919,0.7608560372042013,2.124822621028802,1.8707112967049442,1.8309011881676378,-2.6652810845108044,1.27869835944961,2.0444601112869947,1.3894693740839505,2.1299989300550304,1.6131381003638614,0.9444233904788059,1.3864606609466361,1.1917924424955988,5.386745093418153,2.4017667675896472,1.7712724603511618,1.2706443497459583,3.454741136445363,2.7269528341388027,2.128964839337497,-1.5985697075609988,-0.04217308180067126,0.12398267207708916,-3.954238891194652,-2.672124724022829,-1.2392015191676202,5.494332469651073,0.8526555158832948,0.6629416220137352,0.021183504268971014,-5.549500212394141,0.16593540029834278,1.1093275785471781,0.8106184065675418,-1.1878975257006466,0.6067357874954492,1.1717992016787178,0.724038870414087,-0.6250737349007237,0.1019329912635621,0.7396433442882656,0.04178882725148272,-0.15180949281001235
3329,2.4940240509048213,2.4161982845178844,2.523135325009917,2.532046588210966,-0.46632226771660595,-0.05885728788157837,-0.25939205036885526,-0.33072259915266283,-0.10068802064918453,1.9674820582872,0.4788589520228963,0.8839322011079426,0.6921461180083146,0.9936241563605487,1.749643571436527,-0.31419359272567104,2.328394100998448,0.9556331597830727,2.023436907515771,1.749643571436528,1.0068558222044224,0.784235613626293,2.2056769165001358,1.1740990388487476,2.0711107589219107,1.0068558222044264,-0.11553757565944651,-1.003140685871098,-1.0665055706179014,-0.07232045106600009,-0.8750211946379229,1.4911211563714286,1.5597459734002317,1.4909736480508524,1.338323816455497,1.8414425019285903,2.029528539209461,2.1279933766386128,1.4928953888609995,0.8074558778687333,-1.4953693610887757,-0.747125655938955,-0.7440901890762847,-0.8386446964724252,-0.6650812692958589,-0.6336025134873442,-0.7365405629809851,-0.6396930216426651,-0.6499058282693816,0.35893092134839927,1.937876519768598,1.2370326395855216,0.9033922404342649,1.419815102903543,1.8524347898853804,1.9058585554050465,0.2399183330880616,1.4014845403709848,2.0895653916947134,1.4954676220106988,2.181258049981399,1.603130591438102,1.0390605054453919,1.5675768217483852,1.375264144846381,5.06929999397242,1.8306978354395003,0.6038761481273689,0.5916966869019623,2.8092954760099405,2.451579059640526,2.0456215043234636,-0.994391742673554,0.9031336123122227,-0.180117298455321,-3.808698772055492,-2.8273897124189507,-1.315754079995028,5.051608305515968,0.04433309166438977,0.7418285551163479,0.09634421242999489,-5.2409662382219375,0.4110914641065273,1.0731366117592727,0.9623084250864391,-1.5252479974184627,0.6528789110855315,1.1919403104394963,0.881822574991253,-0.9863823759033169,0.0888596269921615,0.8420072395437018,0.03509174990968821,-0.24936048005819053
